x	y
1.43834175748452	0.492373840580877
0.154202638323454	0.0388280986901736
0.656440753924413	0.213319986430999
0.147298535161635	0.0299064650853773
0.937687320607838	0.251423109778556
0.149942409522206	0.0296695603684523
0.806359402540761	0.358507368695924
0.150715901937816	0.0298994530276061
-0.640951987120562	0.160195969285506
0.515269628401049	0.183892060228889
0.678911588198914	0.321871425481733
-0.629048082169904	0.288048173170361
-0.643902881320565	0.161368815571743
0.141604900383791	0.0406062533550404
1.01925597811256	0.409912776295729
0.150575043964835	0.0398742802241122
2.33570303289611	1.19933627465922
0.149437344912318	0.0387143285458533
0.13321040140253	0.0527268216424054
2.74993176721948	0.830491289829378
0.146743461706139	0.0367625362299428
0.136059592448409	0.0420203261091253
-1.23695232789901	0.92432428485056
-0.315712222105413	0.149953061518513
0.345497630717889	0.173761545622922
0.593585135058305	0.32070803309802
-0.416061841270381	0.164671811705446
0.142389551136382	0.0429872390507154
0.655364036119464	0.218674474525788
0.654236796829969	0.213945380780958
-0.615233986484076	0.297578487016732
0.531531582016086	0.304297536690958
0.372643289796399	0.164734836680966
0.384221133072082	0.180043115257058
0.433490804697626	0.175275864890967
-0.1573971833697	0.0888194462803429
-0.347880903762642	0.209856333910989
0.133313359008765	0.0529139670530438
-1.54191772030698	0.538875467871723
-1.15049600332665	0.365062590327348
0.936593763299916	0.259936987760241
-0.156738693770953	0.0575422969248991
0.134196990054445	0.0476746060306298
0.806219382869138	0.35042405540501
-1.69043745088653	0.982988409329215
0.135279084378769	0.0655524534802293
1.04814102991466	0.534092901119916
-0.0418889354201392	0.0196110856197318
-0.966051803598764	0.60130431751029
-0.506920479931383	0.275369470261672
1.80420870620563	0.704228411225874
1.08802189454323	0.797355145500601
1.23492985851004	0.866255220541524
1.23083011204637	1.02152216086375
0.70083770668543	0.462691768390545
-0.0654536423438365	0.0505917009705357
-0.900341726441866	0.795352496420803
-0.0642058893880417	0.0392562081873153
0.0759308173890265	0.0521808184610206
-0.456292199770029	0.364359121558951
0.423739639417991	0.289074550430772
-0.306781007300872	0.223332253596605
-0.0391273641928659	0.017732839160136
0.774969130356188	0.73487043104793
0.15530637015891	0.0920356354466131
-0.966377506167644	0.604189874898662
1.11963696986424	1.11456641961591
-0.410184277721227	0.23555953254529
-0.744243815324205	0.263503462495517
-1.68541135968243	0.999039175542301
-0.0722995642100966	0.0315521446374778
1.958871637231	2.06022736870284
1.21618118459412	1.17446709318558
-1.29741646599058	0.613598296147199
1.02197830440715	0.411558328281195
-0.808872352930945	0.62793635586472
0.379899530437914	0.175385859022461
-0.988399087335083	0.49651805060988
-0.255491531305263	0.127073125167367
-0.785367330303091	0.36215324024218
-0.749449114715058	0.250075066355058
-1.1503622450131	0.360685940099702
0.656440753924413	0.213319986430999
1.23405853325051	0.84703458211232
0.50836660385952	0.185723663129363
-0.242772194802362	0.0778548984905294
-0.0379866274945986	0.0183964636646367
2.25619233099799	1.77504281858154
0.946731181335692	0.647420234557004
0.379198629409214	0.174728040186776
-0.404944822435181	0.177394552971478
-0.163640254633394	0.0617987202008443
-0.809094524862366	0.445410969540386
2.26544649609428	1.66433403786705
0.434923055590398	0.183174619220797
-0.162644160110906	0.0616497483092917
0.136059592448409	0.0420203261091253
-0.242831203844467	0.0831146567067306
-1.30204311905896	0.60348860230789
0.536830431800524	0.313249117175793
0.904091119680079	0.880810403863931
0.847180146202767	0.616485038932998
1.52922228956996	1.25101352315699
-0.212735133684199	0.109801247221025
-0.312553016688163	0.143146766811956
-0.803577781755745	0.454080213630328
-0.163450720813566	0.0618388623357549
0.32891929505558	0.185167274609291
0.425959014151574	0.177603431320682
1.44473193695789	0.463898534109862
-0.793055962623091	0.355033279258479
0.140212750873762	0.0438266964952015
0.808259912764455	0.362129795118185
0.655313317434002	0.208900116150514
0.140257143383385	0.0435197137411983
-1.33267164530213	0.814899143928352
-0.256202650422067	0.130020313186638
0.139108429833957	0.0657504230423984
-0.163450720813566	0.0618388623357549
0.433130656497339	0.182246216406454
-0.804074420215681	0.42880426236956
0.135317687193919	0.068708501569275
0.676042685626354	0.326663893187816
0.591096772570039	0.313328116432349
0.330068342184175	0.183491046000774
0.139720058200647	0.0669966675233621
0.299458496515883	0.187035025073825
0.537441496812716	0.312866118455202
-0.202698172460838	0.11243909828756
0.151779840413245	0.0995098043257863
0.306360625220069	0.190855095118738
0.386680297355512	0.174607278209944
-0.129431697833013	0.0764119411000784
-0.00368456035842253	0.00198701525998804
0.847963383370439	0.631493498227761
-0.0385793364171685	0.0186046532651254
0.0398906160569907	0.0254174685299939
0.136587793809952	0.0539440736348147
0.128057312625295	0.0490165156867547
-0.787422566026612	0.365763236185906
0.135662038222027	0.0593921594452067
1.240383704089	0.863059469626353
-1.15326790235359	0.352650907315544
-0.545914718693518	0.210318090533408
0.15045336866841	0.0380860428865526
0.143823190554174	0.0286863588662954
0.679616972834013	0.332364292690082
-1.10771401597675	0.74938389035867
1.22278915250545	0.972340639367537
-0.239728118249616	0.0819409426429614
-0.0770708580042799	0.0344574463676292
0.270288419767744	0.190390857850899
0.308067991013725	0.179103008986064
-0.966385148848257	0.612938485681252
-0.252019491877553	0.127758118445795
0.378963969769696	0.173194760108453
-0.554353920667691	0.481975684929459
1.22950177645951	0.996041445909438
1.10273024236003	0.944364388640299
0.594248627995953	0.321737609882008
0.309385720951156	0.181927087772112
0.136500750074449	0.0638275588134951
-0.158258540341982	0.0885243994561906
-0.0456239332141941	0.0216956162646442
-0.811996938938437	0.611243563993868
0.00543646984634446	0.0030355256428653
-0.253171158792005	0.124315995289339
-0.689397549058928	0.482962078032599
-0.321336590229775	0.154742262725982
-1.15150774848009	0.364078757050567
0.319132880018989	0.168756777519527
0.680359808271791	0.33604475628359
0.147298535161635	0.0299064650853773
0.149557277841831	0.0384747021438069
1.43822645060161	0.4814693304651
-0.640051550461191	0.165024385486426
-2.29944764942222	1.21659695620034
1.05454315187629	0.52600312148379
0.137254800189066	0.0596448543086372
-0.802751184731583	0.434095848798105
1.7709878376217	0.977391845324852
0.308452585366546	0.189095198345121
-1.84921995016099	1.60568898628856
-0.105146590737978	0.0421575587938682
0.698083664055508	0.455927064909019
0.1456249522724	0.0594411960891325
-0.803091928343909	0.509249429899928
-0.802497899073619	0.621159752970237
-0.0421068146208933	0.0199318867635109
-0.19838373196457	0.107920719055338
-0.411398220759325	0.326638539335903
0.131835631149698	0.0521862017289043
0.140176332332941	0.0607905014364454
0.541814681247808	0.296905461766278
0.693616733965904	0.448035240396808
1.09108251622637	0.826460605208094
0.538267118148633	0.520618009357169
0.0299711319110996	0.0171591674572367
0.593737205067603	0.311413203116247
-0.040317668208709	0.0197222242853527
-0.562666042745301	0.34762373532253
-1.50053792901456	0.772950282023242
0.132463684670276	0.0518904435234869
0.138110400502716	0.0488174440941719
-2.58035413683893	0.741528858997695
-0.638954644635542	0.163590857835517
0.149557277841831	0.0384747021438069
0.937499190632754	0.261653783809326
1.02034064533371	0.405837448853231
0.850956377996822	0.622600243843828
0.165614594731836	0.105952099985505
-1.56651561733488	1.40952829287066
0.350553624247295	0.181129869893444
0.462326604180356	0.313211821466211
0.944173244936194	0.644696933091434
1.05096383373084	0.536573784989353
-0.0946244734361458	0.0585348690256027
1.22299083509698	0.99498953402915
0.438080983334306	0.178894506593044
0.295078392773632	0.203667847119175
0.493819829366149	0.419347558389389
0.147526656568485	0.0785674899958097
0.434736934993215	0.183785272890631
0.782481860047122	0.456495258219167
0.481606307528134	0.288358518026483
1.5695302829517	1.61763855275302
1.3240535328585	1.40188581815119
1.3962267495786	0.990710299738816
-1.48080511880084	1.03358904343148
0.268296284558744	0.19772849871577
-0.343763252643839	0.211480488891396
-0.406426428371768	0.177501146399745
1.26015679515744	0.705280857825729
0.329703318800558	0.17394063457321
-0.74111878729607	0.272048451943737
1.02034064533371	0.405837448853231
1.04714518879968	0.529134070077552
0.951849014964511	0.631025798859089
0.694955234804471	0.448836202360247
0.329301592953996	0.18474503280597
-0.25963739910553	0.131767253064294
0.33045507348055	0.178868163053323
-0.0178439558037663	0.0089776306478206
0.148666343471778	0.078368794314564
-0.686739080939828	0.496698386973555
0.341991390812199	0.17319982732267
0.140793687235621	0.0741275904013309
0.461477733567724	0.309252135985874
0.486933583466495	0.291774005774654
1.22458582273682	1.30685396873525
0.138171577950211	0.0682199866426152
0.132677066537662	0.0580285908430117
0.154973502096296	0.0878086960930481
0.133170295037261	0.0471660602339594
0.893034718722445	0.487057509215898
0.284500203403397	0.203640337162205
-0.112740048751646	0.0466329394666573
0.375095722683495	0.168261099599823
0.14188067506036	0.0431347266598017
0.126774266138774	0.0538633208995447
1.04964306827127	0.532888202536059
0.651620019017489	0.218540697202247
0.13321040140253	0.0527268216424054
0.426141681962486	0.176913371470762
1.0788816028477	0.651037906812742
0.0150122814393031	0.00777994434024132
1.4438631336252	0.900788573915677
1.20525652820856	1.51131567149791
-0.95684518765784	0.5772967449002
0.637735195964963	0.558798053744086
2.72616824661999	1.68275674665348
0.151592021674215	0.0391867731421967
0.981433639040418	0.773312084706976
1.44271427890989	0.919036142009243
0.288128055346238	0.200310352981274
0.136367818943238	0.0542390099118798
0.90062357808841	0.793623221784853
2.10024276941631	0.968527174514026
-0.0754729595055368	0.0327078933330197
0.589005816649738	0.315478908743383
1.31946502545618	1.24278492606928
0.589505072109875	0.310391742412212
0.309933925086154	0.181393389471868
-0.421709871843147	0.238708938936295
-0.0691196355135856	0.0305140167293596
0.319342754220898	0.174871737084822
1.26578896565746	0.682370479821312
-0.66378736721443	0.394918390402192
0.355610883680846	0.178029725304618
-0.0196560008453326	0.00954770492737049
-0.149664218375381	0.0836773554007344
-0.0678866646786229	0.0300449542269448
0.149678999052106	0.0779988823305942
0.380930265518976	0.173936621481693
1.09946501508572	0.797670204533848
0.345777406815424	0.17762399844644
0.387374146933359	0.176933088806215
-0.0383666929687489	0.018526449553062
1.02030315476189	0.398507228508527
0.129211761323748	0.0454838458550426
0.635067853483958	0.425517613898058
-0.150919609716686	0.0847018584675586
0.595173954050796	0.322889015782444
-0.968906299039968	0.594214354645078
-1.48558975558769	1.03254373535509
0.381534435027741	0.175006940382303
0.136470951900683	0.0515959014170506
0.646371204935117	0.457926770874637
0.984515686616156	0.803096368184038
-0.201121812133549	0.106845410078289
0.292975041011268	0.198320315661675
0.386309861188055	0.175002455351784
0.14559771695474	0.0692397353668002
-1.99393915276711	1.42120193506129
-0.0079484469826362	0.00377499658729903
0.340029094101588	0.153439556088448
0.13395683731647	0.0531064763399834
0.693986930765501	0.451652568621546
0.77012610047641	0.438128429359055
0.674125638002575	0.313274437131072
1.08892970850681	0.756663858690237
0.782357101143016	0.608139298975377
1.06942167662331	0.663632164201631
0.348313265797764	0.174200357729694
0.462749286379304	0.309168248922002
1.556328617163	0.799655515803619
0.137329818726853	0.0548139237565338
0.843860973237224	0.600783155079163
0.153150752240839	0.0862366214851259
-0.0688611470586096	0.0287183032620809
-0.254975119304631	0.131685841056288
0.154726860978706	0.0867384480078625
-0.417025588198967	0.165397022352546
-1.10399419619914	0.717212868834382
-0.445800476484684	0.391451793985661
1.3873565852476	1.06186434373416
0.142636677723989	0.0615378113305817
2.750998534728	0.856347257355128
-0.998024863222367	0.527784975096114
-0.360560346528662	0.110506092787366
0.149942409522206	0.0296695603684523
2.26480400999077	1.71702244852907
1.38768002480018	1.08259488332025
-0.040162483690019	0.0188472828320168
0.538348825038955	0.305088567037516
-1.2755048582036	1.14073428137522
0.347983464818202	0.18011968333436
0.384917628516908	0.180723051520225
0.431952658285599	0.178286524218536
1.01781073429765	0.395247351695588
0.126973026736363	0.0485481390639405
0.531237485964892	0.303308341626095
0.883248940420977	0.465196278245842
0.5853458874145	0.29846855060764
0.38431245444599	0.17508762342031
-0.243796363156039	0.0832740997549207
0.538089417862523	0.312686026275111
0.374859046750114	0.167178940290339
0.484331418750909	0.29905556179303
0.390378528719195	0.303275708455356
-0.314002831469738	0.237608441629377
-0.181677726151949	0.130018595915543
0.343564793164149	0.173378365377904
-0.00740387585892861	0.00350986330657504
0.144367447018015	0.0699338632939006
-0.409026874504451	0.173440856199274
-0.164722015635498	0.0602890209744299
0.383382925975463	0.173969910760165
-0.689296889421369	0.494847654741232
-0.668213127205827	0.40424208835483
-0.413836760070269	0.28713785472389
-0.156560011930137	0.0909097147636338
0.881599660220315	0.482138628742818
0.84759079306006	0.595224554067248
0.78764796413438	0.556209116954074
1.08819082751459	0.831870487906634
1.96401320245771	2.24287085340625
2.09696222324059	0.945873879640524
-0.323676729541594	0.150342921885198
1.31244399995416	0.590281494815779
0.137110549029241	0.0546226179279203
0.142187856655335	0.054816883160335
0.381166493400155	0.178105031398548
1.75991540264082	1.39060660856826
0.799647197629857	0.332473848324624
-1.04145354839253	0.429401569031903
0.940200574145807	0.253749297128023
0.145724331731339	0.0427371773010072
0.144367447018015	0.0699338632939006
-0.479501466919483	0.317219610918707
0.48218761331344	0.292052369657704
0.333420250445806	0.181897082096464
-0.404300787300731	0.271012112066706
0.319431085232651	0.181243920819889
0.890120490474783	0.504209712587182
-0.537203750818899	0.214759074339169
1.31825134024419	0.57610225589685
1.04883357560547	0.530655378952234
-0.354174375089547	0.100586668758104
-0.362037714226246	0.106823025127718
0.136012236058411	0.0414376999459869
0.650015978373027	0.45055562172691
-0.163450720813566	0.0618388623357549
-0.073602455182807	0.0318177320049365
0.156096776873963	0.0894252456460188
-0.553199414388824	0.348009448158535
-1.14934954991944	0.361642569623747
1.02411493668956	0.399362526920863
0.771374034655711	0.588311296414901
1.22204657504744	1.17543347164951
1.37733419501155	1.03668423968414
-0.0129407380216028	0.00653421573326554
-2.29944764942222	1.21659695620034
-0.0198605433725272	0.0100151018059412
1.44445287121302	0.904899933753171
1.44638185634114	0.910768344999018
1.26131683706865	0.734779276206035
1.51545229718917	1.24855883457777
0.890203432923182	0.474948637850573
0.425154992291385	0.176927421186691
0.380834551362335	0.176107348240231
0.51129779843421	0.188810595493325
0.138767944321795	0.066494549179058
0.89360270287234	0.476536482591726
0.38013441111403	0.175447299470694
0.30577443460239	0.18798822572869
-0.581359534100558	0.534683463758429
1.25816731990536	0.717381511893217
0.312036558359967	0.190876276280001
-0.24855794040289	0.167486485745536
0.134196990054445	0.0476746060306298
0.144787921708386	0.0783468370816939
-0.0409095041547563	0.0199786711985094
0.438080983334306	0.178894506593044
0.126242431572634	0.0507850254666871
1.75927831024406	1.3853520598003
0.390333274688459	0.305821724097804
-0.410775091606826	0.236829951780063
0.289182099828819	0.200574044093946
-0.806597521506635	0.550831411793643
-0.312553016688163	0.143146766811956
-0.115797074497247	0.0467298371659537
1.31428992309049	0.596233798709692
1.02307090575986	0.410762855321147
1.80866501354813	0.727466341426444
0.134196990054445	0.0476746060306298
-0.315278244653449	0.144920371695287
0.679224221383999	0.311828398381863
-0.797706703641326	0.448408634332449
0.651620019017489	0.218540697202247
0.141334689210727	0.0482331216393845
-0.503102742731858	0.265839599932557
1.31147226574384	0.608565543854246
0.508308207049143	0.186876394225301
0.426762709864048	0.173963384637644
-1.84871015234926	1.17919374894645
-0.105734947429301	0.0426186432895809
0.132282410827758	0.0578872924601845
0.675505061732839	0.32539373588274
0.554612361210177	0.432748087334539
1.03706621316812	1.08543859202583
0.482289091957952	0.434766669585247
0.269918548580908	0.205918180727332
0.954076574409143	0.615280830797494
1.02302297021139	0.40007828159001
0.93640634666493	0.254775499038721
1.7656469767351	1.05949568864167
-0.640051550461191	0.165024385486426
1.95669114496977	0.512659458057214
0.68152869709182	0.319709992631099
-1.10898144544637	0.692056122901781
0.954789722220394	0.598203508565432
0.938593829640437	0.25299923568342
0.707065541505993	0.452929614354141
0.776187255566814	0.461756358433458
-0.20024908976503	0.105356119294536
1.23024746732333	1.03344341480425
0.591529535030397	0.441878541697481
1.35344427999633	1.21794170027819
0.141047945044004	0.0597096120603782
0.340752096804259	0.164437743505561
1.30537550987805	0.583784270938947
-0.93508327286453	0.669835700278449
-1.94539249450758	1.87917987204803
0.136060171016653	0.0587967193246014
-0.789497555973551	0.391320034249741
-0.738402569515017	0.262612241597063
0.590431135071981	0.312342556780167
-0.162025852836289	0.0593285477593002
-1.04339806761328	0.44647504020799
-0.493891255953011	0.255823396328734
-1.29419570464235	0.614604494623719
0.133531957015024	0.0534075230038584
0.328326802891767	0.185264266083153
0.139380228170948	0.0664861829398389
0.276103195203924	0.200302346249738
0.587816372432538	0.400948479217438
0.434736934993215	0.183785272890631
1.0515119822454	0.505539283276652
0.435882558149932	0.164336203605891
0.504409395371699	0.184669266254781
2.74993176721948	0.830491289829378
0.778762815377926	0.472431494881169
0.853705819523664	0.62560247728507
0.779061644287875	0.479893363642724
1.04634348818392	0.514920336247845
0.348009682668705	0.175115397482291
0.374762508390018	0.171613032011656
0.593100289960937	0.30983849734955
0.694812013838657	0.450584534928572
-0.786173474151281	0.357404743207727
0.147099216845518	0.0760659549397497
0.537117437721074	0.311703223188689
0.143207592492348	0.0770281561246143
0.846817874959129	0.627022923104307
0.524263031495761	0.280871077233518
2.33886022208693	1.17398360128292
0.138552667374569	0.061082201884992
0.309457534993783	0.191146068841184
-0.0694425614468864	0.0313575716693679
0.886746230294266	0.487965454502996
-0.124249750317957	0.0761561345553782
0.889889726319421	0.500230267815998
-1.29331518964878	0.62373813356099
0.139212252888443	0.042018583976848
-0.786473249791025	0.326890818219566
0.131408946168516	0.0453556034425939
-0.284621291186201	0.175833371479103
0.13543747675648	0.0604575770324592
1.44492865504427	0.94180148871399
-0.0377692397712065	0.0182581886880865
0.380236098183063	0.178010843870865
2.11141177420006	1.4543320128246
1.02034064533371	0.405837448853231
1.95768385432882	0.509240283014783
-0.412634832847966	0.182155909112211
0.778987176656676	0.727202627189051
-0.465829191061146	0.305643834690638
0.349893006581524	0.176145837038341
1.43668915438145	0.464645860438123
1.43826128643278	0.903247106831305
0.15838347656106	0.101378347107683
0.804345219810016	0.354670067283374
0.937556438082727	0.602334415567107
2.34169553853287	1.23221392892836
0.307436120077361	0.195123555477584
-0.0135063587194934	0.00683052436704816
0.952859867183196	0.60506246160153
-0.425397316711637	0.231818742403122
1.23651953768882	0.861244936573013
0.297123517992477	0.189185858968123
0.772745610107554	0.847382820438768
0.292250561401788	0.196814585582654
0.141583231679661	0.0662031034860358
0.634880144957975	0.442589246307085
-1.46239499328314	1.32232026471552
-0.322269812208497	0.15457168293373
0.129211761323748	0.0454838458550426
-0.51425957752331	0.38919520372617
-0.038541297502849	0.0184659874482121
-0.912894010466943	0.76321975478109
-0.0475149164520508	0.0217605899806081
1.5512767676389	0.778844934092876
0.459513841407685	0.300032832474853
0.555148655857235	0.420170200626295
1.22493286422573	1.02402124427318
-0.786173474151281	0.357404743207727
1.31647750026025	0.594280815081964
0.385850742955159	0.17909991202721
1.54936436528172	0.782164195498418
0.131353343885289	0.0577996815588159
0.691088131312324	0.444820473408964
-0.410647377721337	0.2857432002593
0.593585135058305	0.32070803309802
0.458097983938764	0.318479377584667
0.947691383664548	0.646668406028889
0.887676143116226	0.48742349602967
2.54766437406791	1.47543757780588
-0.416636780722988	0.238774725175644
0.142818901860482	0.0698887171873766
-0.108549820451671	0.0450134438348328
-0.659013403426785	0.391125879942587
-0.614295148602489	0.291242001080239
-0.0411351659113424	0.0194427254277914
0.00068152727409231	0.000495152942227253
0.137830695261147	0.065778104319791
0.773678571380388	0.455931765099691
1.30838953532209	0.580688152007467
0.801274040468384	0.342579601916994
0.510512288893379	0.190903082327193
0.650543326706461	0.210772841656387
0.598060262684008	0.31223044395619
0.151659663148236	0.0412113933230093
0.139898611247016	0.0705988546274917
-0.741064409528876	0.263067856897519
1.07323443673655	0.677850044319661
-0.107956502010562	0.0435694934179004
0.132055667759686	0.0512080755107186
0.352126698395713	0.180525628261517
0.354038162294759	0.178211307842271
0.824932299839117	0.737097152102483
0.310904763323054	0.190908612206536
0.138256897045276	0.0489434757541236
-0.359403410321498	0.101195215451071
0.14777015045699	0.0370196640723843
-1.53365280370503	0.551127532438659
0.670802214254512	0.568781128007867
-0.0110088436459322	0.0053917205607287
0.0337376583563709	0.0203692477557024
0.427518905656815	0.305486498098733
0.510424922813668	0.193438302922747
0.532510302310044	0.316455673674423
0.592398855636848	0.456596702829258
0.785091699854798	0.579274462168957
0.152277396771469	0.0966033272188248
0.410464144091182	0.299134212484126
0.932082636405044	0.592991644972576
-0.357881887790908	0.106221041283411
0.136217609113947	0.0658769442909284
-0.125255569126561	0.0472782905971758
0.155447878639469	0.114937476574685
0.0160543548042647	0.00829167897923287
-0.155591378407095	0.0903147104926948
0.27398898493763	0.203608742353627
-0.518511282620589	0.406500352555612
0.341355927045437	0.172599594974526
0.390809080043728	0.303229804336005
-0.499283907718119	0.259284342997363
0.458268446211036	0.302094929819397
0.804345219810016	0.354670067283374
1.31233780615571	0.568801504130337
1.4410840184512	0.914143303603117
0.351493404475771	0.180586514380823
-0.361689402338145	0.108124975750703
-0.341651923081017	0.205185659799731
0.880670882731821	0.479321012828702
-0.780635032286793	0.350632558270339
-0.788613564696241	0.353882296250295
0.780262408336356	0.604390252501887
-0.165762039306066	0.0609012383522073
1.44254751846293	0.893615686009155
0.157730013469514	0.121636668548531
1.31252479262864	0.600435015177839
0.457976598877999	0.301283012564557
0.428834112381466	0.17901227987813
-0.322790228843779	0.148492256308943
-0.413544598558167	0.231749831608727
1.00407245074568	0.904176865260582
0.407417014889302	0.277357391220472
0.777555240489946	0.599927229606605
-0.0017175307939361	0.0010786598653881
0.00416348432491519	0.00232169546154032
-0.667267653186467	0.407370342048534
0.887329254261042	0.480891586827884
0.329703318800558	0.17394063457321
1.31833961279932	0.592281316130891
0.144583873693251	0.0678133840500085
0.144950833171493	0.0752465338951004
0.294562020981	0.189239019887519
1.56119572521903	0.778152824659933
-1.68707756992536	2.05073379662007
0.14851520092258	0.0798287144844501
0.808259912764455	0.362129795118185
-0.539403829235459	0.211176894004214
-0.994633753674783	0.523323803017451
0.348373128380468	0.172549161823379
1.75958245179109	0.980454226142384
1.95997232694509	0.502827444432226
0.139168000229841	0.0433817694656445
0.139839576504768	0.0422767122881245
0.508483379289729	0.18603731719166
0.652695912520095	0.213141993776578
1.44130735021376	0.879211853418054
-0.783560026625646	0.361765598683855
-1.15049600332665	0.365062590327348
0.148340847278699	0.0298858287200156
1.31155362767226	0.577202155580126
-0.111007143782994	0.0456464183945631
-0.111705954051599	0.0460139852933966
-0.077720618842511	0.0343321187543143
0.141301354602922	0.0439626882643758
0.160091498670908	0.128586850920377
0.807131334433253	0.342332134261823
-1.14934954991944	0.361642569623747
0.941110931973215	0.255363319569636
0.0393962229831865	0.0315402112618732
-0.0140087089687129	0.00964467707235871
-0.454273411828096	0.439780076241174
-0.222128291032583	0.172300688034617
0.343318280575339	0.311261605622488
-0.382110321579993	0.372448800642846
-0.242597542806566	0.225436072515325
0.696896326295846	0.458569374267641
-0.00939935425589129	0.00483871624029436
-0.460671630465594	0.359906964273292
-0.0187509734712468	0.0129519369138018
0.410580595000922	0.404827664441484
0.919979924899471	0.978416199356496
0.386772003157273	0.169322902999339
0.803508624674039	0.355309686533994
1.44061907723966	0.474013409533136
0.504324074413475	0.188223232242347
1.2339263574696	0.811187390482568
0.654236796829969	0.213945380780958
0.588343297383074	0.312455402930023
0.467251902217448	0.403332629745579
0.163927254715591	0.120633210655755
-0.160084870525772	0.0936166663943541
1.21686831646853	1.1764415713171
-0.788222548200314	0.365529129468166
1.05096383373084	0.536573784989353
0.149437344912318	0.0387143285458533
-0.536314894943915	0.215990413651433
-0.36157626776178	0.103815865810189
1.80345510510515	0.705591875495488
1.44691126431871	0.467823577678091
1.44427076879141	0.483702386076679
-2.58035413683893	0.741528858997695
-0.640051550461191	0.165024385486426
-0.362761418010383	0.108072109203298
0.145109926730212	0.0440274092475298
-0.643714364473613	0.160090454835933
-0.360618173117269	0.105206136413076
0.939102233359381	0.253860909335715
1.43936351386259	0.496241204441374
0.0312944565060842	0.0192712006968708
1.02030315476189	0.398507228508527
0.138631721404112	0.0524027687155143
-0.628682730663951	0.683661816382354
0.505376343959059	0.189291473365939
0.583344264400768	0.420496734249054
0.654946037237958	0.206300840386323
0.140212750873762	0.0438266964952015
-0.784561510703363	0.363836867465963
0.652695912520095	0.213141993776578
0.163069106358621	0.117765598382326
0.591104723302747	0.634505278460219
-0.569519568607836	0.602759939428242
0.605378914354387	0.646548505152692
-0.11697423932293	0.086265918376042
-0.728486773436795	0.719572062481957
-0.294597445402351	0.188715157799216
0.127934278989876	0.0492260877606104
0.500792420343788	0.434863257628967
-0.643238705380419	0.666261675765943
1.1402615715575	1.46593323683251
-1.83608380709171	2.14742174907374
-0.320678626209677	0.155192768235618
-0.0383600873132118	0.018404666248634
2.54548214829995	1.44792023795126
0.129420045606031	0.0513312979752865
0.889190634370751	0.502652391946844
0.561317584292928	0.452817360165148
0.804345219810016	0.354670067283374
0.376856787447975	0.169014281652604
0.559194976674749	0.438772291710431
-1.50227114232337	0.809739230591547
1.54833050368171	0.780476174113536
1.32132267595009	0.560831226713624
0.799361276514942	0.350100638307926
0.651571765273664	0.207237716455378
0.146530154194694	0.0296723933695664
2.74993176721948	0.830491289829378
1.95669114496977	0.512659458057214
2.75347120204764	0.832342619102868
-2.08734510643595	0.997264571354302
0.510512288893379	0.190903082327193
0.142409951687472	0.0537237101565823
0.657996156142382	0.207163494216171
-0.362761418010383	0.108072109203298
1.440502280487	0.494214957169554
0.940011504003477	0.255477646254495
1.02169881410678	0.372890127431196
0.640718645165957	0.452921627538067
0.287534069866341	0.175227466413005
1.09091367342722	0.833392513137961
0.13321040140253	0.0527268216424054
-0.995055128921019	1.02388131447897
0.271033000224319	0.216985332675276
0.530436324921731	0.293679909760838
1.12355191592179	0.998433034751452
-0.79700512459957	0.5014247452862
0.141792082339344	0.0747063860257429
-0.40810048673	0.178693883932417
0.527424595487152	0.305245710997692
-0.813120881805711	0.429164020311274
-0.107853873206155	0.044646605926324
0.855267799237801	0.615210859765285
0.541038569002683	0.300210834977091
0.697488346749245	0.440318498955278
0.155544081436167	0.0897643771608585
2.11773230606207	1.35065812452611
-0.541005490074271	0.209149750189131
1.55840524127993	0.752211677712976
0.326167331748	0.184136975877181
-0.0146264176551256	0.00762658562548756
1.29581459858004	1.37270670868578
-0.299202407460392	0.184907187001469
0.640126140941728	0.555332181616952
0.531881905645246	0.285566769707988
-0.811318096074446	0.54411583861145
0.650483169311245	0.431957961088648
1.09284160477511	0.825696216248235
-0.816572421211459	0.698482991886981
0.601778255859788	0.554426416087866
0.136477074868525	0.0704929012629598
0.772980195206861	0.452293685823263
0.894749189228194	0.781355145897135
0.492635956048003	0.31480244518316
0.463007882498487	0.319295883546126
0.131749166732433	0.0575436673341548
-0.124249750317957	0.0761561345553782
1.44015653821715	0.906569864611512
0.527766475560488	0.447129097623367
-0.495147699199309	0.255853162021431
0.147298535161635	0.0299064650853773
0.508277505215067	0.190440568256192
1.31534198003685	0.599148545689121
1.4404769637137	0.925253579314697
0.154202638323454	0.0388280986901736
0.669605469960325	0.301087929180351
0.510424922813668	0.193438302922747
0.142971955096055	0.0442241383996475
0.150575043964835	0.0398742802241122
0.512356316055991	0.193576369588672
0.65625128775873	0.668220949344444
0.151946402377233	0.0937603322230862
1.31623526001581	0.579547723010784
0.505376343959059	0.189291473365939
-0.0958348299955612	0.0583068943309892
1.05473045374421	0.536691721268861
-0.64759137410205	0.15389785520315
-0.359430665610289	0.106502760621845
-1.53670138265931	0.571696966677706
0.141256822258265	0.0430610911785714
1.02728807843634	1.34385316402521
0.0938938742190795	0.0741649463193114
-0.566203784345836	0.669890687416438
0.0955111473166458	0.0829340552693756
0.629300765670379	0.79790233433396
0.541453812760213	0.520040412182721
-0.276059433930736	0.212043917003007
-2.48554936475479	1.43573569301259
0.165132897464341	0.115735431476843
-0.11687373716608	0.100290508576547
0.660608554215439	0.659775461607624
-0.0737443682575175	0.0467133426755782
2.09530747706542	0.965496584541926
1.02030315476189	0.398507228508527
0.734148873391435	0.882978420741661
1.55848538170967	2.05979556952066
-0.365836989763007	0.106464687450847
0.512356316055991	0.193576369588672
0.0823988184629923	0.0634649515083297
1.43408687755262	1.49320105544231
1.61191512948261	1.07439192649412
0.647466363634098	0.210236164771066
1.44209953569596	0.49202318700838
0.937687320607838	0.251423109778556
0.939102233359381	0.253860909335715
0.142923338097577	0.0435648827361028
0.514288493614109	0.189673710275625
2.09744350322305	0.97111891999974
0.940011504003477	0.255477646254495
1.01676659710627	0.394343471103909
0.143823190554174	0.0286863588662954
0.93640634666493	0.254775499038721
1.95669114496977	0.512659458057214
-0.365786309699024	0.111027187131026
0.531939097392134	0.443202512208691
0.873817430631213	0.904517451678012
0.136059592448409	0.0420203261091253
0.138256897045276	0.0489434757541236
1.01929332343342	0.390669452864843
-0.642804526520728	0.160022734032778
0.508395487354649	0.191306406455878
0.457418489483856	0.301320904540022
-0.234449330261299	0.237839603936837
0.107772637319136	0.0904323881945834
0.122386628566013	0.112181541943251
-0.266499572555809	0.25383278029053
0.553819892094532	0.441658781875724
0.375226608885657	0.170675130728893
0.138799006280562	0.0427246721841037
0.0963434722223707	0.0783724626781463
-0.252466821703087	0.241652984334713
0.103274242184337	0.0925242792759391
0.0792780095991436	0.0570033549679722
0.609846044827718	0.725450489263378
-0.253289064434316	0.130375587452092
-1.29067603208175	0.617875762331325
1.76483963854357	1.01341838191559
0.831903396990327	0.7683979793591
1.31155362767226	0.577202155580126
1.02030315476189	0.398507228508527
-0.408878917993876	0.167662763814103
2.09748016569993	0.949200985630619
0.647507836497191	0.209092823294752
0.655364036119464	0.218674474525788
-0.357941234694998	0.106741196549995
0.65649188754849	0.213828185787937
0.803323550143284	0.355193566985841
0.937499190632754	0.261653783809326
-0.640051550461191	0.165024385486426
0.147298535161635	0.0299064650853773
1.44312568398976	0.495883856806621
1.80120887707307	0.710036630394655
1.02478333214518	0.380877645406237
1.95669114496977	0.512659458057214
0.149437344912318	0.0387143285458533
0.932735384432011	0.254694662217943
-2.58035413683893	0.741528858997695
-0.635536067431146	0.156838726108935
1.21857506115766	1.1581554616232
-0.112983538426825	0.0470207233563561
-0.511375289011176	0.260651971445408
-1.83484563549255	0.778771858376252
0.51148169824987	0.191918737086312
-1.0454357545055	0.433156322806163
0.650083594088129	0.20608635616193
1.44312568398976	0.495883856806621
0.385002930796713	0.171280096071998
-0.55132746923632	0.339733249845642
0.668982726295306	0.57321300600369
0.0782381938376628	0.0588421890169065
-0.452036010141818	0.465961850385387
0.243400536195091	0.201146971640218
-0.0938037663388585	0.0713867642096141
1.55911598904698	1.98920352022593
-0.362955252974037	0.299557456743554
-0.208003336049397	0.110957837781695
0.377389467555951	0.31053720648079
-0.0387456579111183	0.0254398052432969
-0.362502576559262	0.300641052604098
0.849853464207901	0.708841320764708
0.426904367808697	0.160735003653339
0.384221133072082	0.180043115257058
0.144004339382425	0.0794531896605905
0.249598401285174	0.191646987551071
0.638434068397697	0.444148468877038
0.699229454707911	0.440980903346049
0.7621345014434	0.665345086079755
-0.360560346528662	0.110506092787366
-0.153596136695513	0.0548500714901985
0.599249421443551	0.317609623425109
-0.743201468674383	0.27129411111425
0.141256822258265	0.0430610911785714
-0.636440752837538	0.160851189766091
0.145491028290931	0.036825262301477
3.25672996392535	1.15521398786873
0.137707331334772	0.0416744860624087
0.937499190632754	0.261653783809326
0.140212750873762	0.0438266964952015
0.650543326706461	0.210772841656387
0.147860552568414	0.0434589670288731
0.93640634666493	0.254775499038721
0.141929511339137	0.0427069510868342
0.937687320607838	0.251423109778556
-0.0583548654111771	0.0376412089422554
-0.0710625441528431	0.0319900719391581
-0.319143886592702	0.148140292556665
-0.934642073471987	0.678444629758369
0.137507283025012	0.0646020386624445
-1.23734388175023	0.921097091129901
0.141334689210727	0.0482331216393845
-0.990845681060975	0.51354011901363
0.0444694051143888	0.0265773079499495
1.26468108232909	0.692158511839575
-0.331266225455764	0.271930608628179
0.3884329113857	0.30341382471185
0.84912486660571	0.626848706827889
1.44201094646926	0.915536982755399
0.432467997297632	0.30651005217816
0.141301354602922	0.0439626882643758
0.358472310373921	0.175420266751149
-0.516766925051217	0.396801493324222
1.32222586522221	1.39863255743582
-0.419003813816174	0.238958350570831
0.13395683731647	0.0531064763399834
0.899176678646333	0.773647602416921
0.713304542676452	0.425608474232522
0.141632628922145	0.0748607896559724
-0.0224196455103743	0.011125081816468
0.0178036952372734	0.0102957771783163
0.691824845248052	0.44451543201567
0.935733663349639	0.903404550783982
0.77910792235522	0.617333254316427
0.294562020981	0.189239019887519
0.38013441111403	0.175447299470694
0.149860196144273	0.0966799718865938
0.673585861361822	0.320532172235784
0.428592149435002	0.30969835714624
-0.010847655142495	0.0054261813945109
1.08386991236359	0.798827634911378
-0.207996975077835	0.110063376157589
1.10490486538349	0.940278839396159
-0.918288602297525	0.789737615962777
-1.34107687963715	0.871335809171626
0.136366374548152	0.0602112567332946
-0.692350515525799	0.477920218914512
1.94640933172107	1.21557217102779
-0.545044152126263	0.210265636844621
0.694955234804471	0.448836202360247
0.14051240048132	0.053998490303462
0.140212750873762	0.0438266964952015
0.139212252888443	0.042018583976848
-0.0418860505219444	0.0205613777746015
-0.125685054089298	0.0719418705490029
-0.909363366406337	0.861223965128494
-0.2952925088855	0.184557265234593
0.13499828237977	0.0588178574530053
-0.811519445008644	0.544798354353741
0.29244849796277	0.180377561839195
-0.202121225178506	0.112576410011492
-0.067161697713696	0.0425721228956187
-1.76807688980268	1.78555089191483
-0.458698315830756	0.343001325220257
-0.258086332647823	0.131654669449756
0.0132384303203165	0.00680167179203452
2.12758678504049	2.12677452448116
0.146629727735194	0.037888595860908
1.02030315476189	0.398507228508527
-1.343987794423	0.882347822192965
1.5575009489312	0.773923407155499
0.935501999577219	0.253169576056372
-1.68837773771263	0.993757532581764
0.152921450157193	0.0952276933332897
0.424972437103543	0.175874745745337
-0.425597652164845	0.231708417158778
0.93921448025015	0.62060737956905
0.936593763299916	0.259936987760241
0.31354921813001	0.192820594672006
0.530472449918717	0.44227950995822
0.774564431988053	0.840663541161095
0.143957392112011	0.0730502438585452
0.146553211114485	0.083729279606856
1.47295215098667	1.35625599673104
0.292359611812222	0.202895525707275
0.379929455076789	0.273547828403257
-0.25115044200684	0.128869327927285
0.153566392300274	0.0895838812425902
0.135606958078081	0.0657207722766274
-0.106915794620885	0.0444299840185133
1.02197830440715	0.411558328281195
-0.218316838288215	0.166016719258886
-0.249255385144409	0.158898146528255
-0.358636962375967	0.296172157275238
0.785148718888103	0.586531237703921
-0.0136326911296326	0.00692036773997385
0.315567551528248	0.191905825605376
0.151676483216984	0.078605172088424
-0.341088323590461	0.206570378533727
-0.661607200787271	0.386370317972172
0.433584516472343	0.308309087849244
-2.35931846438068	2.02586753144581
-0.0255435178481099	0.0178297901446623
1.06916642123486	0.675036656522525
-1.52930838704928	0.565957082481742
0.938593829640437	0.25299923568342
0.138799006280562	0.0427246721841037
0.657568802803389	0.208820993172924
-1.66197261161988	1.71083730569157
-1.05812529759199	1.21422559589162
-0.0178191073708936	0.00867215755695018
0.595192661452274	0.309529356768376
0.168385688096743	0.130839498179372
0.295697473654027	0.200108494667719
0.673390485949756	0.556107655530956
1.01181883083069	0.954211467096965
0.429017423066285	0.178826290408482
-0.460758806208932	0.36941782393708
0.144371010985954	0.0750333048455101
0.148105370653579	0.0787793494444962
0.0117267017893641	0.00619327312786387
0.156517765037347	0.0943914065389527
0.310844632105257	0.18504727622645
-0.146090405286384	0.104739061128269
0.460230756622889	0.307333360563575
1.8917876494025	1.56379943043001
0.144314647001924	0.080207394457279
1.07441215632118	0.684912401894024
1.04894138043849	0.521983179474153
1.08035851070671	0.727113803351721
0.635774846924342	0.566669391971287
0.822494459025418	0.701234664572299
0.0248643442144669	0.0146428865915444
0.163925604844099	0.122947035258475
0.148105370653579	0.0787793494444962
1.09114802400186	0.82283297883586
0.140633163104812	0.0743495793589633
0.494396281669531	0.312445472409033
-0.0376050539097095	0.0180492553762521
0.5917794739078	0.319273007430532
0.802634386569774	0.346161922409027
0.141301354602922	0.0439626882643758
-0.233830271346971	0.079880351732573
0.655364036119464	0.218674474525788
-0.240718774819291	0.0796491220389895
0.508395487354649	0.191306406455878
-0.073581336695183	0.0336062763419565
-0.495149519024692	0.242149456300619
-0.0786897930257775	0.033822828013706
-0.113810692848447	0.0466829997880982
0.427712129237982	0.38366755264443
0.170983560730771	0.112225897272377
-0.0967247023413825	0.0744681423841421
0.166629832528199	0.126387318572713
0.505770088427552	0.491589064690175
0.0125044673270775	0.00653981367492713
0.631407336915899	0.581944136870128
0.772743815420584	0.452119034627831
0.59719163125255	0.455740053867008
0.149389832210665	0.0981035873508106
0.141161924825003	0.0473278689510048
1.81662679787527	0.657060142134051
-0.696269842979919	0.469203998068988
-0.353650962825837	0.252803231044435
0.521010719197598	0.440588548582804
-0.246924416294969	0.164369977188124
0.456681767726518	0.305980204290785
-0.0379866274945986	0.0183964636646367
0.492074252219004	0.303867030859264
0.54189799761238	0.303726303633631
0.589505072109875	0.310391742412212
0.382691428720753	0.174399486386619
0.136367818943238	0.0542390099118798
1.09598264192534	0.79164050223055
1.3408691698033	1.12647240231439
0.944999974654668	0.623695724626072
-0.249081997852463	0.168062434741195
0.133427683916892	0.0521432126041753
-0.410193932511383	0.173549047822907
0.14777015045699	0.0370196640723843
-0.242831203844467	0.0831146567067306
0.146530154194694	0.0296723933695664
0.488893594259287	0.299094603134339
-1.52666556475534	0.555316783803888
0.505376343959059	0.189291473365939
0.936593763299916	0.259936987760241
0.32498598293034	0.17791334241562
0.559465249689574	0.406145775631319
-0.989301235544608	0.931892262398516
2.22249278833495	2.46865021317857
0.41333472748439	0.305678724999303
0.322812072943971	0.17037535232842
0.431307960978386	0.398052567474132
0.287680042783685	0.201320497283415
1.10027946518812	0.811029283548248
1.43834175748452	0.492373840580877
0.354686535959925	0.171449544369473
-0.0520643974603535	0.0233143342401596
0.508395487354649	0.191306406455878
-0.810403012745997	0.675592344073932
0.847416577890212	0.59859508899286
-0.0383666929687489	0.018526449553062
-1.05427858745747	0.854870063777494
0.158352239328072	0.0899453850482967
-0.152770512298197	0.0864050192986209
0.97182225702617	0.709361538905966
-0.0802649643551875	0.03490811358756
-0.0576963981684076	0.0375130474611306
1.22009835897212	1.16811026365302
0.147946761621307	0.0783122560396031
0.775545539707031	0.475860154761215
-0.11135460074992	0.0465930303574055
0.519306348596503	0.424073068738745
1.24413933786693	0.843259582113316
-0.502790802275174	0.268244707411252
-0.0409095041547563	0.0199786711985094
-0.640051550461191	0.165024385486426
-1.83484563549255	0.778771858376252
0.143823190554174	0.0286863588662954
0.14188067506036	0.0431347266598017
0.155924867315498	0.0372729184782262
0.143370442141294	0.0742768233949627
-0.201678630306175	0.107466900821889
-0.248321120217007	0.121938315968087
0.153304124082544	0.0383355187662969
0.142772221411098	0.034455621394087
0.440919775007932	0.312527940564693
0.278606550559386	0.180495410683114
-0.0942280145615087	0.059681910883582
-0.155735572777678	0.088775496362554
0.0529416556421474	0.0346255812977902
-1.27085642021836	1.21133969711238
0.497635914716068	0.422455116196748
0.327353043532385	0.184334427578231
0.329474465244692	0.182856167298531
0.6775075979405	0.327505243672271
1.8113541055333	0.709694942877597
0.886273445104789	0.484309782984536
0.647466363634098	0.210236164771066
-0.707083796722241	0.574378554709739
0.154873625799863	0.0965469830605451
0.30950832248693	0.19578790829038
0.850349384680867	0.584665471040903
-0.040441973983364	0.0277721811004063
0.3137545597268	0.184575576080716
0.153312484480962	0.104108556206858
-0.778637117641069	0.348351092218621
-1.73608666778466	1.45181040184685
0.903533789247959	0.767742009320389
0.895201130567264	0.741691417729528
0.274920088137736	0.185953155960603
0.144209614714173	0.0774131267747388
0.0200050271057479	0.0115299767914933
-0.665557270798721	0.399024913295045
0.674278739480854	0.305207585374738
-1.15428849861567	0.360128618139807
-2.58035413683893	0.741528858997695
2.74993176721948	0.830491289829378
0.510512288893379	0.190903082327193
-0.792259992126895	0.353161835062861
0.296373035421917	0.19299365715667
-0.322928588103742	0.152889976850244
-1.18335647943387	0.667643932680269
-0.23866359359719	0.0812703616337143
0.0529261309740147	0.0347521072017338
0.827804833668805	0.720452173522877
0.156151084366694	0.108175350547376
0.713175149482163	0.561895853562704
0.144033200544769	0.0809278689030651
-0.0395691436803676	0.0185551904389332
0.041228273658821	0.0253398501423849
-0.998024863222367	0.527784975096114
-2.37092505075694	2.81399215828094
0.554239120498871	0.440682677621939
0.934090702348358	0.898070958118853
0.135736340877537	0.0515125247698515
0.849540455535468	0.63461540201877
0.0135299933701479	0.00716791495008959
0.153568724669041	0.10064509694126
0.89045404142722	0.747287702009103
0.854852631996463	0.615648115108913
0.604413499672492	0.446768164053637
0.282795337618428	0.199968473629868
1.21872081792994	1.32833042705703
0.770170232363128	0.457534538017467
1.4463049104371	0.895596644472506
-0.109002106706904	0.0445985532331997
0.15144251605538	0.0685790402267057
3.25823067505447	1.13282341366754
1.01929332343342	0.390669452864843
0.430009617159582	0.178807947718548
-0.150624281465088	0.103076913243544
0.161509515661466	0.112506160938822
0.662532981742436	0.54539269342287
0.0386826947010613	0.023468112595182
0.531916649313742	0.428977021751829
0.320488598569606	0.177104497897842
0.323626969361225	0.183645842574616
-0.260247722325795	0.131921902581426
0.803323550143284	0.355193566985841
0.381769029467637	0.175532787093853
0.485751956330418	0.298839551638017
0.159485873025181	0.119084456154771
-0.155839333159097	0.113213508619541
0.155246262712968	0.0866392126050187
0.053871485930176	0.0351573220360871
-0.34522721235543	0.215117524497672
0.155682192345934	0.078257958477925
-0.0432508956757133	0.0204279046320262
-0.176599832725947	0.125828423058076
0.379625683778516	0.315004447699155
0.823767969032339	0.687186950548542
-0.275941533585215	0.23299242307593
0.345834119989701	0.169720782481241
0.771219118255529	0.687818563065832
0.491231481972824	0.31307510458529
0.324815231038239	0.184937905655495
0.945055417217479	0.622968592104437
1.44198232062639	0.484943359002049
1.55214127422101	0.806514162297701
0.640967229010346	0.439796936196298
-0.0553599010202815	0.0360465357161514
0.631194068154743	0.413588919755727
0.412422767616844	0.310865376273455
1.08833108182371	0.790659772973453
1.43896178292809	0.880644267347502
0.802634386569774	0.346161922409027
0.141071417771418	0.0618950025556612
0.636432794264073	0.443462675307472
0.133210181212359	0.0621339099805783
-0.354001051386117	0.256758552936522
1.87378802486768	1.85400958998286
1.22751270868935	1.2877457064742
0.276649470631561	0.206342361969433
0.15905163642632	0.122352815311145
0.704532276198077	0.46350661386293
0.142785643608113	0.0770639826962519
0.147108111480297	0.0779022397684329
-0.287392449199692	0.176138098240138
-0.976832071407915	1.04180268230006
-0.185909437236111	0.0924932585165149
-0.49634222551892	0.391626796800519
0.0788467925774576	0.053591605826146
1.22280934087182	1.17670654901495
0.297225344452423	0.184994933599943
-0.360560346528662	0.110506092787366
-0.237695463640661	0.0816413996844845
-0.511681244439701	0.265825416226903
0.851144964172815	0.621487316991933
1.06850294274524	0.653230711311917
0.149437344912318	0.0387143285458533
1.44164275533923	0.477525655657704
2.01387203498413	1.79022808724916
0.374786024737456	0.293814517409717
0.712707985522255	0.581249209530459
0.676252612838949	0.328924572890769
0.31342790648333	0.190353505721056
1.11909036474004	1.14108497909321
0.433584516472343	0.308309087849244
-0.906050071853659	0.839496214382116
0.0386826947010613	0.023468112595182
0.678438644406284	0.573806832256087
-1.10649890404876	0.758594678841909
-0.466828860898927	0.363920481421438
0.289404282941055	0.180695634562064
-0.990338153045195	0.499515744482457
-0.0743887591039419	0.0484570956654301
0.269231986486682	0.207375989968531
0.278585180116107	0.185624525680035
-0.59517696801039	0.446501082215286
-0.513558443703897	0.380340732629822
0.555627761184717	0.44449587555628
-0.781756310948304	0.347449934767237
1.38924887656687	1.0774886624297
0.294944447379294	0.191753916775008
0.347983464818202	0.18011968333436
0.445980901944027	0.255816049360944
-0.11018615997678	0.0444538404996333
-0.411385199372712	0.226361457154526
-0.156990805293217	0.0566715283602665
1.01813365856446	0.385383912578092
0.150575043964835	0.0398742802241122
0.129636669733927	0.0509480082347208
0.810774611537304	0.884832615089805
-0.0983568046102333	0.0588115078104766
0.419103559481113	0.410174287564535
1.2584648924379	0.726561423807801
1.07574034330549	0.658368256317644
0.292230713549989	0.175807775805681
0.593847884918076	0.317288904202925
0.68499155987658	0.318046998699276
0.133137540594373	0.0573996058353139
0.15670768450463	0.0976675606420247
0.781596043223076	0.472195252360327
-0.254626108598453	0.133228805851161
0.158438970092704	0.10327118902094
0.0683604210455442	0.0407222734319666
-0.411060138889673	0.29343624987963
-0.104208352489771	0.0417264715310166
-0.359707677934712	0.264549956713812
-0.119044366574978	0.0699296483519591
-0.0710822816354362	0.0299090737630988
-0.557504615847185	0.367797403005286
-0.155039512189764	0.0896402162952283
0.153434466814618	0.0876519865154807
0.380888542909263	0.288903898848168
-0.657540269947471	0.372680939973982
-0.602199560877509	0.411319585653895
0.287108916575375	0.206760290870774
1.21921045026624	1.19255468403428
-0.158978859161787	0.0570705446855822
0.149771578690469	0.0858843275585027
0.14188067506036	0.0431347266598017
0.140257143383385	0.0435197137411983
0.353369194956157	0.300945071424431
-0.522238096360129	0.40793734888127
-0.738227166603732	0.783275415825371
-0.245875381193513	0.166405897690822
0.639584671770472	0.462856720645239
1.22653056769046	1.02875523287468
0.592947767789307	0.310980568703376
1.43602152997161	0.856142294970416
1.09224391397297	0.812496594562562
-0.781034958924397	0.343620872848913
1.56654627099359	0.747367704005712
-0.348773536689889	0.211761203289373
-0.592358660499421	0.42311142252496
-0.292672796936196	0.186116337311345
0.138158752125744	0.061161754349848
-0.15755134974571	0.092374409156111
-0.0767614468246812	0.0344390811156773
0.433251970857243	0.312871628738438
0.664778205310246	0.574876674744657
-0.131377226439026	0.0778039843020595
0.432813901774917	0.317500783276931
0.423403190509574	0.292385533697899
1.07126515030586	0.661894488642054
0.349945173339718	0.1762668785898
-0.0547135861930158	0.0354212650241398
0.604294643180226	0.565819415550364
1.20867664716438	1.08574404074986
0.375460855663334	0.173258339098392
-0.30666527593711	0.227118441680458
0.711310017909206	0.584087370283185
-0.127603375078111	0.0762044733019655
0.378968079285212	0.318611004291158
0.143786222535581	0.0779618340505276
0.934192966326909	0.601443952890909
0.438867759855225	0.31705298505451
-0.0729521116156495	0.031932315378689
-0.619006206608466	0.307736267254758
0.507292764649865	0.170803186770394
0.79358817687392	0.428736418735138
-0.00599117065916951	0.00307218423263355
-0.723993058179083	0.654102940545488
0.049281480470298	0.0321891120603893
-0.203406627786324	0.133750403029596
-0.7555281407303	0.804334903598143
0.639629604983426	0.437931906070304
0.624390542818302	0.547344662642615
0.852298716467046	0.625714523568182
2.1177125525663	1.45148499161583
0.676252612838949	0.328924572890769
0.431303517030164	0.316354296380076
0.53176304280693	0.299518093611766
1.0734906102113	0.685860258004107
0.133741040374324	0.0522778038599207
-0.148407484218429	0.0821354290838275
0.348313265797764	0.174200357729694
0.426548506584016	0.302684590584669
0.396597774247713	0.306293148573162
-0.155301470950184	0.088976552267043
0.0449615662421493	0.0293418859357354
1.11680631026585	1.13790545047945
0.371339595612404	0.299327017318412
0.0588811664640657	0.0403268977814752
-1.66304012458866	1.73266135548974
0.676042685626354	0.326663893187816
-1.27223754386523	1.18881968090928
-0.0748746473875486	0.0487531293654326
-0.152584384000076	0.111731903431589
0.417673603469907	0.316250089325333
0.570000992940612	0.542207429934727
0.911102630224188	0.759527365779164
-0.251775912254944	0.124083480416667
0.393216112009851	0.307312388132698
0.289824123046307	0.182349139722878
0.145018665985723	0.0817169358951766
1.44312568398976	0.495883856806621
0.807380345384727	0.360460877004038
-0.791253738705768	0.351270709060398
0.653840930445811	0.199952993047392
0.650496067935128	0.212216670317608
-0.414116452224801	0.18062681986679
0.0207883725503123	0.0121164982867658
-0.175373755426996	0.123964787060517
-0.552891359978216	0.478272490680053
-0.561383238031447	0.453117046809027
-0.158342349807082	0.114896108556052
1.52204480827117	1.30146384793971
0.141071417771418	0.0618950025556612
0.713683660541194	0.59574451228835
2.34072637758441	1.22180264777734
-0.788613564696241	0.353882296250295
-0.118869272363493	0.0449157368519406
0.292138644499554	0.186986735407516
-0.345757868742312	0.211056197920686
1.02206741490854	0.934696227218211
0.673568449743733	0.583224278864106
0.642424829596796	0.44529990487963
0.778898814599631	0.678460396582022
0.594524528098259	0.540417663160889
0.433130656497339	0.182246216406454
0.153566392300274	0.0895838812425902
1.46231258268591	1.45208167032689
1.29577258248594	1.58129336376564
0.32557331329398	0.174209518109829
-0.155993163872602	0.0871454196414363
-0.0732608640469325	0.0324600951866016
-0.0780589631498503	0.0328468070039793
0.0406457452868016	0.0246054852730076
0.137025568077763	0.0650253467821535
0.149942409522206	0.0296695603684523
0.140355819408569	0.0691091770635887
0.144013731109022	0.0446680190904957
-0.640051550461191	0.165024385486426
0.130376390674327	0.0455444291717611
0.890436032612713	0.486900286792731
-0.0741700872563469	0.0469719036017778
0.431090753420196	0.302293188047176
0.279505719710035	0.202178942253289
-0.102879853772708	0.0630948286682161
0.604413499672492	0.446768164053637
0.982238918339276	0.786507399688021
0.126570920283187	0.0481726431236151
-0.78436471784088	0.36010773917603
-0.401784562655158	0.166015430104702
-0.0996702748215854	0.0383309606698018
-0.324381835996389	0.15207194314283
0.142212554442512	0.0749432581633212
1.12239385775338	1.12701853743341
1.23395739444722	1.00741119839531
0.248966301260853	0.196306883970259
0.140633163104812	0.0743495793589633
0.46723859122365	0.311009962018191
0.0228047461421226	0.0129384074915182
0.299795867624593	0.19046928866213
0.642424829596796	0.44529990487963
0.275973764472466	0.206826081565707
-0.322334642919534	0.147035989585577
0.504409395371699	0.184669266254781
0.886368011412162	0.497184531027411
1.02093296171078	0.395881039160233
1.95997232694509	0.502827444432226
-1.28835345332995	0.601536278687429
0.380236098183063	0.178010843870865
0.155347612608017	0.0390265755881082
0.149437344912318	0.0387143285458533
2.750998534728	0.856347257355128
0.515343738913303	0.189592023798935
-0.00807446962341349	0.00411314517230963
0.151833117452264	0.0792772115218387
-0.557786618192811	0.339061219729317
-0.458907794942076	0.347668641124947
0.14682832464595	0.0845646804659307
0.134702992625863	0.0530067335178617
-0.0802516858253157	0.0499837324936338
0.301422721439767	0.197065137012268
1.25891668950697	0.720228398276574
0.807240202202844	0.360161473759661
0.130776883061315	0.0386854390373433
1.43936351386259	0.496241204441374
0.142971955096055	0.0442241383996475
0.13395683731647	0.0531064763399834
0.133313359008765	0.0529139670530438
-0.252423952446221	0.125069631566044
0.941083682661651	0.642229720765957
1.35272498694023	1.21675411806408
-0.248035039951789	0.123558317322756
0.30131120549735	0.199093598373719
1.23633229388023	0.98089744596314
0.524166363607698	0.445687414022316
-0.201117060059241	0.112164549519536
1.21631815267049	1.19056896709161
0.931590659547791	0.911963814217188
0.935559184857068	0.903930215661467
-0.159450507120593	0.113324185953662
1.03959572051584	1.09295588931931
0.981433639040418	0.773312084706976
0.683730365099128	0.32266577843012
0.651667690961163	0.21021458917332
-1.79885352006505	0.441851175328772
-0.356808855141014	0.106266364821167
0.144893854112414	0.0572559911852717
0.373572036970928	0.164281655047035
0.345752106908785	0.167869989240683
1.44312568398976	0.495883856806621
1.44209953569596	0.49202318700838
0.0424459854568289	0.0254081994036768
0.0120920865403518	0.00639548733328959
0.355411339041896	0.300702621020961
-0.204275706560417	0.111114322726964
0.408849720622628	0.315775473369732
0.898981905051617	0.774207038229074
0.770807308208865	0.462024169520933
1.11149205644009	1.12396396309899
0.766120914142758	0.680156009773203
-0.503423632212571	0.267498341441404
0.149437344912318	0.0387143285458533
0.675601669243791	0.331218389647436
0.136325554110001	0.0595656011406213
0.142409951687472	0.0537237101565823
0.356271169068635	0.173110190480201
0.803187443740692	0.353530389589045
-0.0465985283597321	0.0221975184514344
0.15390493087251	0.0949669015125741
0.378755695288378	0.284112117274849
0.599053187501732	0.451390114774517
0.659274660405288	0.681844265368217
0.431954026443529	0.296286772511385
0.89326753949579	0.493913372997139
-0.239728118249616	0.0819409426429614
0.150383719302363	0.0377603663327903
-1.52773368423247	0.557998868810911
0.6838810701739	0.309841733576891
1.01929332343342	0.390669452864843
-1.29419570464235	0.614604494623719
0.139750042872507	0.0620535895618652
1.43947956386862	0.490388133177384
0.591372407245246	0.559061270072141
0.259834657072308	0.22157034356119
1.0510815320206	1.0374650607441
0.458404353811188	0.301743032153215
0.281757427835651	0.207345231293394
0.598589244516214	0.316624915876836
0.322432951195117	0.175490219524479
1.77178761439246	1.01906439664895
0.534024493006626	0.313486235960648
-0.214426315856933	0.145117587725489
0.84502505829095	0.601029262269597
0.775327161736924	0.719388675269644
0.521703918156367	0.428903452755247
-0.364659322311828	0.107068546286918
-0.109826934619126	0.0435698216862646
-0.313431502491029	0.138788511442019
0.324390250385667	0.177298745182626
-2.2968124586553	1.19438562099888
-0.112047201339618	0.0468130396329068
1.44061907723966	0.474013409533136
0.776116778805055	0.891363595938264
0.775393836602902	0.719315911843881
0.501524643631704	0.307946148752963
0.729723421322397	0.808466768149228
0.588845685195344	0.539143610280342
-0.164148441164777	0.0923523031486183
0.453614943771336	0.305039671494994
-0.240976764199931	0.188406010428574
0.651620019017489	0.218540697202247
0.433130656497339	0.182246216406454
-1.16732590668069	1.01913696136961
0.0119975466529981	0.00635699071435518
0.78192892495662	0.463467267537102
1.55276457813073	0.727407395978099
0.138849529120137	0.0410428996828527
-0.364710422394577	0.10867960623312
0.147571338722617	0.0296534813215984
-1.79827108630004	0.44343860950155
0.147860552568414	0.0434589670288731
0.658634703589824	0.537217987230464
-0.173000069775657	0.122008523976088
0.648588432898613	0.209676886912635
-1.83491490068662	0.788425903741666
1.43834175748452	0.492373840580877
1.65151076840279	1.52123106759886
1.02656562966182	1.0597583527612
0.49061821484168	0.501315291262319
0.404680665427372	0.293074254419043
0.446868686835792	0.402145820456261
1.42201723169667	1.87092491851438
0.594911879567149	0.319135717363168
0.787668861225013	0.595980168617897
0.0557981275532276	0.0381662304877048
0.556156472584142	0.45076349945671
0.148945851848871	0.0830762178881579
-0.41101657916247	0.283848002017066
-0.211029951382539	0.141578983787171
-0.0127490774819207	0.00632194353297809
0.772387299477735	0.73472666494921
-0.92113258388869	0.761944965496552
0.133210181212359	0.0621339099805783
0.936593763299916	0.259936987760241
-0.16283288954292	0.0610599506391972
1.80753895631949	0.735539281495884
0.307940454387866	0.183760541958545
0.2964407524939	0.200210019902885
-0.719861912336797	0.690512001470988
1.94641703317391	1.22305024860118
0.133427683916892	0.0521432126041753
0.651620019017489	0.218540697202247
0.592683437898656	0.30338250465896
0.361824263779384	0.310409343874736
-0.242441776782521	0.153845903596554
0.018058949002781	0.0102718994123837
-0.0536993679511115	0.035511056251514
1.01929332343342	0.390669452864843
-0.073581336695183	0.0336062763419565
-1.74925103910069	1.92964318571477
-0.287863146785449	0.185070696822413
0.679403571491979	0.336288097244498
0.129211761323748	0.0454838458550426
-0.154621537909046	0.0837365801223314
-1.43780854340839	1.7125228649191
1.00644795006293	0.942718584146975
0.273449244948413	0.198379807444981
0.84758713923188	0.625020047927489
0.42435064401103	0.172229015141071
1.43720565322541	0.47788062848249
0.140212750873762	0.0438266964952015
-2.35772698631158	2.01606867269943
0.148524885203281	0.0867121600192734
0.00405969639330039	0.00223902958822525
-0.24897750968265	0.121257830662562
-1.53151586580405	0.574497786496295
1.31437442382038	0.618123110095228
0.148188545193546	0.0876864718014157
0.290388981691636	0.173718944952778
0.140066175921695	0.0700918801870285
0.00947583908488804	0.00492681055712407
-0.410287326782977	0.289259132682032
0.125833202177177	0.0478440516920716
0.135396322169702	0.0590782306601848
0.147361032888957	0.0784716278974709
-1.16965243989766	1.01108933820262
0.272629393919141	0.191416899290304
-0.0688103569969583	0.0309402095996667
0.27136171286817	0.204755638912505
-0.302254227215716	0.183066837376734
-0.0380875524901239	0.0256508495944179
-0.0780528899459399	0.0509525881653327
-0.29304344160041	0.18305956132596
0.891978519270958	0.494318135038058
0.318726054012854	0.188704836994226
-0.0707770246628053	0.0461218415668388
-0.0557469286831456	0.0371926353899508
-0.0419222281161724	0.0283700420067397
0.374620729317342	0.3065208687252
-0.550652617799679	0.458585764985987
0.624346663110018	0.640693259640724
1.11002480154249	0.994224164334813
-0.125870922767525	0.0730249463301086
0.591945234391307	0.635840681388393
0.167108272994938	0.126789570768691
0.130136143621683	0.0492569070153746
-0.110766333180403	0.04553007265409
0.809278508462875	0.35935358035182
0.146821848719159	0.0430484800152876
0.567263746692315	0.533519177572419
0.93356969613283	0.892452567290697
-1.00117495676979	0.966404622132863
-1.03260011614425	1.26828221729916
0.982411516965678	0.725538433450443
0.83355305648845	0.767986433380508
0.391047330337284	0.314907248448243
-0.103334258475159	0.0784776999370749
-0.616034725426407	0.496470943111364
0.148230611003786	0.0685609766353213
0.251762240079318	0.22098161450759
-1.34035584265646	0.854950918903973
-1.10876502292248	0.770125167680193
-1.18030620775793	0.698375725163885
0.664709846848554	0.758373944629113
-0.332437804907595	0.281298386418889
0.234141618640645	0.206238479359883
0.150819789891985	0.0983618214296259
0.168420433992723	0.12946105705898
-0.521655337600316	0.404115160011404
0.278611941773458	0.208357349626268
0.689708952420623	0.428288265919579
-0.248215388245264	0.190419737908629
0.156365437300347	0.129765607620265
0.381291698169307	0.310465746420909
-0.796637883432837	0.335064812599222
-0.317939659540549	0.147137868440352
-0.199535651096126	0.11036262070561
-0.165522389989977	0.0618897901609697
-0.245351097707141	0.166254073129278
-0.111123559174256	0.0630433372582049
0.0187349286939412	0.0108229760135281
-0.652481668432104	0.741832925673161
0.285351349284773	0.191896825343301
0.130232203016104	0.0459791364778521
0.267769824384457	0.203348286204849
-0.498969797249804	0.268090774350121
0.134921319481391	0.040180506982846
0.436494541798451	0.309636796296017
0.0442258570688062	0.0258832259319224
-0.178062198690957	0.126277465780957
0.524222532577448	0.434825255747882
0.151713009399927	0.0986462947553573
-0.814283584430531	0.704447385177941
0.148697340857461	0.0881622633379286
-0.113590574831709	0.0855052471927253
0.0048936143053537	0.00274157537122439
0.43315082617915	0.308572558668622
-0.53838127454189	0.20414742967203
0.140730417343308	0.0540639091241033
-0.0454109240836039	0.0218224376110581
-0.163299320161652	0.0909922687294164
1.12012509264334	0.95170330691256
0.031834599926396	0.0180171890542395
-0.722945978535396	0.636159638022644
0.141632628922145	0.0748607896559724
0.527535344249253	0.412674656735901
-0.277658263705071	0.214376056817389
0.305884945726535	0.180138473457673
0.133117695391653	0.06406644299691
-0.246954829346096	0.156653298606367
0.0227071846162175	0.0180347476942747
0.344379602131493	0.298763108192435
0.100920138461632	0.0874542380467927
1.11579748682193	0.980449784680559
-0.0181032286741636	0.0123469015247699
-0.606532849516776	0.810165796161138
0.026672503933874	0.0211994951507445
0.525117682566484	0.447721780394528
0.139280673994195	0.0481401708448473
0.380786487313786	0.165708055707489
0.129420045606031	0.0513312979752865
0.144013731109022	0.0446680190904957
0.533395832124891	0.24881529673782
1.23019466564635	1.01654139867352
0.67748839425936	0.323557434297496
-0.10761098202984	0.0447976337386229
-0.378810528841568	0.346091390949728
0.135279084378769	0.0655524534802293
-0.368010641502112	0.321999644099162
-0.126338275627199	0.0899405946217567
-0.262497721663987	0.272367332670549
-0.176044956827036	0.141180427414057
0.0471037751983667	0.0308648265905593
0.936593763299916	0.259936987760241
1.04616138008163	0.49989390244066
0.0377743716444203	0.0228760774046721
-0.513737421382381	0.386020010974289
0.0391078998324047	0.0243686099409672
-0.11068210956917	0.0904531287803478
0.166109875203538	0.136971803904035
-0.738515358602279	0.78413394298032
-1.04339806761328	0.44647504020799
1.56047967375039	0.775008303988958
-1.29139750625757	0.600874901455278
1.80609620806103	0.714264141170933
0.135135558131581	0.0527599067712109
0.851136275047562	0.622324125409276
-0.640051550461191	0.165024385486426
-2.09542024088697	0.969247247687094
0.268309727749131	0.205790037162605
-0.2508091542725	0.126658492221403
-0.407726532743349	0.326442044059716
0.0303600256789212	0.0183853871699394
0.675084603447608	0.322757375359066
0.0126340547467266	0.00664477061851103
-0.626895701051503	0.680484843375821
0.536234715359618	0.510024676166884
0.1550064770404	0.0924027240770452
0.734362501326239	0.705768837564508
0.427141191174427	0.175236310174086
-2.09041081083363	1.01234387930685
0.161782552448517	0.15184846196485
0.101103048129349	0.107509334969471
-0.0220841379987568	0.0108654804023024
0.132943811608727	0.0582540000971299
0.595340408954948	0.440804542767003
-0.00142079757465483	0.00124658871477825
0.222247113341205	0.242436520957357
-0.112880800225114	0.0836049494758763
-0.0681783730589298	0.030314087245206
0.42794235613319	0.17589359574513
-1.53151586580405	0.574497786496295
1.80641350202004	0.73230153821388
-0.162993999973208	0.0563715509017568
0.14188067506036	0.0431347266598017
0.800395814789409	0.349613296773271
2.09962048702729	0.92526495931062
-0.274189186804145	0.213139020930469
1.6115397472547	1.14763224713205
0.662506714383098	0.567191213716024
-0.403052361862931	0.350649187225783
-0.362090872388863	0.105121598450216
-1.05928588963882	0.828539917606223
0.22022295952659	0.221901058326357
-0.276235895414678	0.283211764088329
-0.0450694969816334	0.0306172204741092
0.136012236058411	0.0414376999459869
1.07210235776982	1.53264308916443
-0.273848974106575	0.333213637761467
1.13683796301432	1.0429060665489
1.02416295726254	0.399619057748199
0.141301354602922	0.0439626882643758
-1.53037588624579	0.568755687984731
0.00182115997910981	0.0011762370047822
0.53176304280693	0.299518093611766
0.263496468264864	0.218579686137389
0.157543472581384	0.128892539928946
0.164692450801941	0.123870822406354
-0.588278924646639	0.431377498533926
-0.0316745609140036	0.0210080457475144
-0.153683981424318	0.111086099846107
0.0521970764523838	0.0335929772393537
-1.51072780074835	1.8996646205621
-0.244859672483897	0.164071120580988
0.877648244668748	0.876856338759826
1.02034064533371	0.405837448853231
0.937046225857828	0.636533022647186
-1.2419699398578	0.927504536905652
0.289841588440163	0.194920064043187
-0.288682249332655	0.184294361795148
0.562933600093221	0.441728146907889
-0.728250572346023	0.674488815093949
1.08873068089121	0.780460857600812
0.00563851998988426	0.00295839947267085
0.406600348572072	0.282623236146627
-0.323838093575658	0.154515838619816
-0.368902463040141	0.249728758898061
0.836534127384379	0.727473463382801
-0.247862436517768	0.151399993465703
-0.348499739087408	0.248225848058098
0.324980033648411	0.17983555467965
0.344809162036694	0.173648217695563
-0.0734170703203712	0.0474415010165899
0.0959689545620838	0.0772699537315967
0.323422219514449	0.176618840721571
0.427747099375493	0.173962131468082
0.775057061989998	0.60818616730718
-0.163450720813566	0.0618388623357549
1.75050823521957	1.63905958111981
1.01820811286403	0.394321331298827
0.135396322169702	0.0590782306601848
-2.30232981379787	1.22521267197623
1.55928300236134	0.782032603010478
-1.8390728329627	0.787375095703056
-0.531121516556175	0.497544150280193
-0.525193866454828	0.403522373144961
-0.408353488260906	0.29303963715683
0.454596982221405	0.305800385294536
-0.0720066932554538	0.0327645885480203
1.44792843851709	0.916398031917543
0.904853098733722	0.782861644440031
0.167570229912745	0.136530808238269
-0.702789772073841	0.577387065373402
-0.164745774071209	0.134505591215457
0.245738826811719	0.216777826204092
0.738573785974982	0.70034671810805
0.535571265131279	0.315233631043124
1.50522518960009	2.12023140991056
0.524369563194772	0.437609233888029
0.734063260062399	0.706345168716448
-0.211796366454955	0.147172340627691
0.53144604860817	0.520635707942358
0.308764107992246	0.185649003002649
-2.13592229373763	2.2987997709768
0.13201532417181	0.0581688664374835
-0.247977192415938	0.0785806808721617
0.150103234796882	0.0790344363785323
-0.412568012573429	0.227580080493497
0.134732232980068	0.0589037968861403
0.45332103609203	0.280171571277783
0.272317730349615	0.20713949866705
0.303131379654008	0.193784458303131
0.141339950966228	0.0619620184926446
0.775593040098695	0.459814934665724
0.777559470199906	0.823693334477377
0.675505061732839	0.32539373588274
0.357799621967788	0.168835514938503
0.157853162703671	0.109574880055402
0.132586798879463	0.0423639644736249
0.479028382656995	0.27536656789056
-0.0122902557905669	0.00842792898447673
-0.104949346650743	0.0630383831329321
-0.151133459808457	0.125136321670722
0.160015085618929	0.126264861691689
0.292449015677484	0.201652784855973
0.0682316390984484	0.0454642311675506
-0.164016342885629	0.0919945774442509
-0.0015964802582973	0.000645334989783139
-0.562184840694184	0.562333871525249
0.246993705894252	0.214098629770966
0.630213271119195	0.555025351582468
-0.705294478979244	0.581412955685909
-0.31807960890735	0.228739153269303
-0.743024247323964	0.807305057228319
0.881265278762787	1.06241957926559
-1.16952265453553	1.00918585445385
0.143773199786866	0.0752839669739171
0.444160027762948	0.308710620249709
0.675294437507836	0.327902117067603
-0.40665235112942	0.174379048888812
-0.996461654794428	0.981291835107117
0.136060171016653	0.0587967193246014
1.35607458530223	1.20351482583739
-0.0668779048552724	0.0525861462364547
-0.513938653229121	0.385356616786852
-0.176078769326819	0.121404446388228
-0.071864988057596	0.0558701993461878
0.676770152997384	0.326501834955837
1.10773313142441	0.742011658657983
-0.810137678821466	0.634371780898113
0.0715595633812437	0.0497296233097209
0.854286293440749	0.624274510583157
0.951759574820055	0.875656411271521
1.02034064533371	0.405837448853231
0.00876860777845152	0.00645446871667912
1.60748369259225	1.15499562353462
2.39757762703272	1.95723748000987
-0.0818809846588155	0.0334302241148405
-0.347536353121667	0.365249776195263
-0.952724616145095	0.549836423406044
0.13395683731647	0.0531064763399834
1.31139150601033	0.591587161243202
0.725650896842613	0.672073239340397
0.939442341944608	0.936990612506066
0.62899588070324	0.58186500043263
0.0223752420813488	0.0125782935166003
0.0738965948718459	0.053492021813673
0.507263102176119	0.436502556678725
1.06813345828602	1.44877941545792
0.0459563895070249	0.0294161033051016
-0.0527665584283574	0.03437373578273
-0.759757749922132	0.882288087798269
-0.444934870104478	0.39509067892201
0.25217182854799	0.202817559356067
1.80909639943171	0.732413252367468
0.79079854358662	0.778841258810839
0.429909379255165	0.296843959036668
-0.707733534959181	0.553987129346876
0.381322854220845	0.311444552995247
-0.997695689302149	0.500940538183344
0.734003969803626	0.866535173213283
0.656978926609379	0.641188487544985
0.160234731389533	0.113390360732305
-0.0417365311989451	0.0268181771973782
-0.24495966020207	0.162059416044421
0.158036974149221	0.112655244868572
1.88554960332749	1.57654036784452
0.25253967942026	0.212669664144127
0.170306316598575	0.136113888467382
1.11718655570255	0.96732530174199
1.46190150081884	1.41812830285507
0.323794311403021	0.175548245953672
0.0769560868346817	0.0578961870023288
0.639431975362394	0.565489641935095
0.474546421487656	0.496989743933047
0.0476960151868865	0.0408200138678986
0.158995395392459	0.125824605251279
0.0715546911053823	0.0517781084746463
0.159524557763745	0.107291662794643
-0.0620870990169915	0.040467671125539
1.21336987226109	1.27669748967781
0.341965213790818	0.166673570466881
0.463356967128385	0.416264220768924
-0.591775543395816	0.522215518983598
0.295257877279236	0.18279885812151
-0.106672689979698	0.0440771895051864
1.0171224865836	0.392494664405753
2.33570303289611	1.19933627465922
0.091304412770368	0.0780577056625763
0.139473465273078	0.0720913106974174
0.597804301294743	0.303536237349518
0.149437344912318	0.0387143285458533
0.55588657736627	0.447144834503734
0.257938405280013	0.220173764011638
0.0907799999663046	0.0720631240477562
0.228931767864185	0.208964761040763
0.843261817970294	0.609191288939707
0.0338458459211646	0.0201096739842218
-0.331178759047001	0.281859020251581
-0.508913758157189	0.522932037627338
-0.56309738036981	0.467342594194266
0.513533607222858	0.414603009585596
-0.623377808008105	0.518771223937997
0.149134527016877	0.0901320556871211
-0.267189270937338	0.201291488882373
0.639717224120556	0.456494921602667
0.506342768935983	0.185936116630899
0.132574631061723	0.0528388050181693
0.370053042604738	0.309148134492791
0.380834551362335	0.176107348240231
-0.129986752509738	0.0786445720442296
0.160744548936379	0.103265951507655
0.151749839092706	0.0892968258712134
0.652744579969079	0.217901190867539
0.501067131122399	0.305641585963988
0.164335953898317	0.13525733756686
0.517745975108582	0.603740316606499
0.319133522559032	0.286588475140995
0.671168660261826	0.589114817805346
0.401027663517519	0.318857475897662
0.0612850190410739	0.0422260394465301
0.514379012952455	0.194507598080478
1.06708094215592	0.624719368411618
0.508308207049143	0.186876394225301
0.539963602471456	0.525594284000343
-0.211218308171611	0.165993302498251
-0.661377882065168	0.617179135869254
-0.17525597431818	0.117513140360664
-0.536615516211972	0.494633709529995
0.155149802119818	0.086884135284368
0.418053699973879	0.313369830699411
-0.676287061793871	0.44306789281939
-0.93090569587524	0.674154273589654
0.255738684879926	0.215162916914676
-0.413305896615103	0.285479453107593
-0.107853873206155	0.044646605926324
0.646344897352587	0.204467794280262
0.480964548732179	0.487799873081959
0.0926135957316598	0.0748678201302524
0.595178015092687	0.447805494560307
0.0531673758774484	0.043883098827385
1.76547551220969	1.00461431112535
0.160845091266727	0.0974014202062197
-0.0496003242192587	0.0324261049622537
0.37299661412192	0.297823665571605
0.0742572652143085	0.0539372802969841
0.345541778804937	0.370954670934619
0.154128675818884	0.0928257596501142
0.56002259457802	0.438978499121882
0.886974923993717	0.489672025187982
0.89326753949579	0.493913372997139
0.543995596882464	0.532287893840974
-1.89265777356821	3.17305187862539
-0.148424886932978	0.107756079349719
0.533325935780686	0.516538031765343
0.426970678814472	0.405939990734029
-0.246676492550171	0.191446099181407
-0.556495095455236	0.483997327587228
-0.152811110788465	0.106796541099551
-0.106194600175034	0.0635891258074107
0.0287598543667668	0.0161882938083209
0.0746637109658473	0.054025000187248
0.845207890645275	0.573092972806586
0.360662672227603	0.30529890714223
0.441703399796956	0.421688320695571
0.384680965114356	0.179456379644767
0.277592909852116	0.200470085013286
0.0437249570239681	0.0258145693751491
0.150575043964835	0.0398742802241122
0.132142516557945	0.0456974762601045
-0.0713230708526926	0.0449309314381053
0.894226013401612	0.733797095085405
0.263634910943842	0.20902640216403
1.51565157968338	1.83918633589358
0.266473435639767	0.179095169604747
0.148781844592509	0.0849229095785294
0.148368430052309	0.0771498185346045
-0.0389595374214824	0.0188271885480179
0.152161071013775	0.0381379190946737
0.601215205609884	0.293910017255343
-0.0323011870057196	0.0152814140397289
0.650543326706461	0.210772841656387
0.584864056044817	0.616043732077749
0.682079089469636	0.855346724772595
0.523750130909013	0.424425889380947
-0.31324565146158	0.235024509689536
1.56781415214768	1.66891978190191
0.52596017096908	0.428563763787147
0.595790598247715	0.460697323605973
1.01927661368085	0.949389500280383
-0.80809181902116	0.753281246074798
1.03090880106964	1.10362231269257
-0.313485712913663	0.140766261397623
1.10807842581265	1.00680033306561
-0.31087897023962	0.22991281268596
0.150784127363609	0.0851858236501359
0.132791692429328	0.0634781781246741
0.650471859108114	0.667399913089675
0.461588810759154	0.417960394953163
0.70200093901662	0.45739576153609
0.437078242048846	0.17877673265703
0.890120490474783	0.504209712587182
0.728851253644505	0.641474031657521
0.499103312648068	0.434131773932943
1.43720565322541	0.47788062848249
0.138256897045276	0.0489434757541236
-0.164729572110263	0.0931667891880634
0.339728368796316	0.16585608366559
-0.205123596725648	0.110440981549723
-0.354261818098041	0.234080476973509
0.0658421057995634	0.0432611758135377
-0.244826970149533	0.165327965005018
0.337240079894586	0.1543010789693
0.394248461597046	0.384404056322592
0.324404566449457	0.303562286182616
0.0439521564582867	0.0280503363415232
-0.0424830815984511	0.0200070540431471
0.501535728136619	0.295885378540756
-0.30824547323746	0.227431176198413
-0.524267317276686	0.403388987142649
0.71584260979297	0.428141218996668
-0.720317320123658	0.646837157601526
0.381534435027741	0.175006940382303
-1.23921774281187	0.935166926681449
1.76663265670247	1.06214654354186
1.81130611619926	0.736870138681857
0.697303184717087	0.443554486114946
0.343234832416396	0.174008320131752
0.141048202936575	0.072097838577433
0.329301592953996	0.18474503280597
0.133170295037261	0.0471660602339594
0.651208335193809	0.210404403371198
0.31354921813001	0.192820594672006
0.361463411136733	0.296372310139696
-0.738227166603732	0.783275415825371
1.36861576826119	1.86326594194975
0.0656425329056152	0.0461278355488426
0.80840017471878	0.357719328065254
0.631172885737759	0.561492492923742
0.0814190896143458	0.0614793914136991
0.156518348396285	0.103477096148281
0.384564942503998	0.309600697791748
0.519109468990897	0.432506869354101
-0.0142462695247731	0.0066919149478049
-0.342543451163777	0.205705047702103
0.271109744533166	0.198244615549986
0.137478826775819	0.0710595400590384
-0.156255537775873	0.0890783873478029
0.986111210550403	0.759549206874239
-0.986029950032652	1.28909401871
0.293662200822933	0.182742250491036
-0.188445382720772	0.127765748624311
-0.123492588426294	0.0732291637017065
0.14220669080621	0.0761442079136515
0.01253955415475	0.00666214434000951
0.706009799150941	0.558214106178307
0.405141652095296	0.307776806539218
0.772313814189923	0.691509695977181
0.15736594473437	0.0895584066738406
0.162603001117674	0.104644121048902
-0.248769403160741	0.217931440317674
-0.625113964176531	0.514569372598936
-0.151795676053616	0.0858136453769949
0.79132130791478	0.68910621194097
0.0456625341206505	0.029769411376958
-0.00783721600128812	0.00549652282758175
0.981375362106946	0.812893466452901
0.308095589495178	0.192511612570217
0.345442915934772	0.172587234617099
-0.15375971512598	0.0877667533478011
0.044975412135966	0.0289659452592897
0.396611654703818	0.391723524625721
-0.87770114242874	0.949650091611565
-0.164066185298371	0.132237503176736
0.425206311882054	0.413511970931086
0.0115499527070781	0.00611765553007134
0.533716027712956	0.424569034754973
0.623650196201518	0.561446176919145
0.722065649360627	0.763903253190649
0.311156652363003	0.183745267769357
0.0201615327768427	0.0108115062205472
0.55641567961339	0.446820349055602
0.151858252756062	0.101877393861393
0.533535706312677	0.511587738946766
0.865572045819402	0.847807035992186
0.943879420204562	0.646459251999981
0.781267299688711	0.460154937643072
-0.203396536683617	0.104125569611694
-0.194652277731574	0.103122706255175
-0.356034710961944	0.241973210906758
-0.203849397647194	0.109442624331862
0.466116580714329	0.304606687971438
0.368346802135388	0.314577639508701
-1.27051415136832	1.18193266506948
-1.23483268224897	1.81975806749692
0.391490061450095	0.296352855243149
-1.28939033825229	0.603038659621743
1.01039288181049	0.934465769897756
0.290960595873485	0.203200113709496
0.176579647777234	0.124888307978436
-0.152721804837774	0.0835695503929153
0.153262751318108	0.0858413234300867
0.605386775149388	0.44190669730223
0.349582035716801	0.178275400702344
0.0747021120256725	0.0572358320010889
-0.290118631083436	0.182967146315727
-0.127463514463007	0.0753520745942204
0.141609866317477	0.0644062665319943
-0.239941802857986	0.106928048603094
0.707659104317694	0.456152480493808
-0.0356178129543249	0.0164763907884678
-0.0142681027049945	0.00724274105404491
0.139108429833957	0.0657504230423984
1.94610948803614	1.19987881676616
-0.309580445240397	0.230510233303819
0.655916905009102	0.663362476611673
0.0253103010421195	0.0148563684327331
-1.23899964804617	0.861619023281927
-0.159382320560288	0.0914063576490839
0.586746755865575	0.431266846092568
0.144038795650826	0.0693092744727144
0.154547229858042	0.0825282907369721
0.82360360122371	0.867859676883366
0.140615174934098	0.0708031731038431
-0.0418860505219444	0.0205613777746015
0.143786222535581	0.0779618340505276
-0.812881106132423	0.786583369449765
0.0818148662607657	0.0577427014250583
-0.27019493216028	0.202578184580932
0.984515686616156	0.803096368184038
-0.422097618428254	0.238909086735426
1.05096383373084	0.536573784989353
-0.199961316492712	0.107570156977363
0.433788238962529	0.314855551571967
1.09307441227085	0.822645406685282
0.594272830830594	0.456891003901714
0.383747506196633	0.177651306342988
-0.0732681223860146	0.033240755688134
-0.346211964757659	0.211104008402479
0.591357206189578	0.312204307543045
0.676790649021812	0.317679558688347
0.0705368933118869	0.0514084943396482
1.35536597547722	1.20807411716531
0.161948782102535	0.109318351651965
0.279750672679446	0.201121034240091
1.55315959470591	0.816442546773927
0.159221414341439	0.0884432233332896
0.0268044289546671	0.015390989161027
0.289923840586784	0.197510496960775
0.142380052908029	0.07348747101823
-0.409337335911059	0.294736292720664
0.05020110564537	0.031282882046404
-0.173137868174867	0.0613339600163334
0.591733846274626	0.429776175559806
0.535618190094807	0.432074918217214
0.302308068798394	0.192610897448166
0.484351105177908	0.301568161729344
0.296073612646549	0.190218966524349
0.142645750647351	0.0818445360905852
-0.194801299374873	0.104189608716791
-0.25115044200684	0.128869327927285
-0.0409298639844429	0.0266800831084747
0.364679587426575	0.382207357242484
0.440693500879879	0.314298336667791
-0.530656188621278	0.39456568010058
0.466758263219001	0.402645183538013
-0.195227674638737	0.104330389873004
-0.098196535397926	0.0603665723142352
0.0596178881631806	0.0416060066593046
-1.54024496515466	1.63620654385144
0.460749053612024	0.302293416799899
1.24068007759911	0.873757613729707
-0.103069663681318	0.0410892184391855
1.0219311113895	0.390219218029682
-0.113920429246224	0.0463341649009714
2.54663070057633	1.47226728254332
1.38510936612078	1.08145651698971
0.38009922745469	0.165194500825723
0.591733846274626	0.429776175559806
0.330228272935249	0.284789123846097
0.285002722084905	0.20433115498761
0.347547220509142	0.307626028455067
0.349887588283806	0.171957044033011
-0.049476159037173	0.0227292361714747
0.0359465154149037	0.0224458261736472
0.785847737144794	0.602290552567989
0.0316829617775621	0.0185774138254576
0.562850046204709	0.438017054184384
0.942205755903955	0.895748476743159
-0.10542887477289	0.0656326368545467
0.712605967870661	0.597691735957548
0.56099225624735	0.442367339076074
2.750998534728	0.856347257355128
0.850563364628754	0.622803810421466
-0.170102690414963	0.0621777638963027
-0.0953093523621079	0.0593564335204626
0.0512527901721512	0.033328921597036
0.154254082860603	0.0865542110724256
0.291922844388137	0.203406628211567
1.43834175748452	0.492373840580877
1.80753895631949	0.735539281495884
0.517382573079114	0.184280939935702
-0.0780278752057143	0.0344249383051406
0.138071567979321	0.0552000006911784
-0.242831203844467	0.0831146567067306
0.379156715418915	0.370463701949384
0.316119809089647	0.18941432926029
1.2152059470948	1.58707537680462
0.522355941980655	0.42160913066774
-0.129043435642915	0.0948721507917228
-0.127731797458011	0.092406123311791
0.365686272816903	0.288990676238616
0.0467076532406909	0.03006732089758
0.157411104385898	0.102283423343156
-0.202160758649887	0.136471918914491
0.132943811608727	0.0582540000971299
0.378963969769696	0.173194760108453
0.681102365092073	0.334715915734849
1.43554860368241	0.48021115895097
-0.640951987120562	0.160195969285506
0.150575043964835	0.0398742802241122
0.937499190632754	0.261653783809326
1.25656658929516	0.715595797254537
0.582725434612325	0.28675005486936
1.04009037417676	1.051578056167
0.593149407810299	0.42202837884259
-0.00951300086622622	0.00496619333868018
1.55214127422101	0.806514162297701
0.527424595487152	0.305245710997692
-0.370863444528348	0.309717015991235
0.156843350125166	0.100295208275208
-0.321226358532784	0.14908661190975
0.142389551136382	0.0429872390507154
0.431147066829512	0.17640790651443
0.461467263511147	0.319435335538042
0.771273760933259	0.605781074753072
-0.71075389107869	0.560014037001019
0.151339904566803	0.0860453803462561
0.147571338722617	0.0296534813215984
-0.366912679142292	0.10867450197924
1.95768385432882	0.509240283014783
0.937499190632754	0.261653783809326
0.298027803620047	0.193107864911692
0.281245080292351	0.203194141076744
-0.418966412558292	0.282124931289884
0.157351636268152	0.0910713425335739
0.409415177036873	0.300110468005378
1.12264489502912	1.27972064198645
-0.170770007298269	0.118236233633412
0.162701795841712	0.116087003987246
-0.346774170685081	0.213200213733197
-1.79827108630004	0.44343860950155
1.95768385432882	0.509240283014783
1.80753895631949	0.735539281495884
-1.10276324519887	0.759604525468119
1.06824689635454	0.643888744215276
1.55417681487601	0.818255775519272
0.318373508671955	0.169709942177499
0.315122515539027	0.192336264093351
2.39915803373595	2.02633402418212
0.289330737084456	0.197911063817437
0.43081723961695	0.180762559764109
0.131086845951605	0.0576793515405386
-0.59800805743073	0.445794827929182
0.429347530319938	0.290462291635662
0.397891234668205	0.313657084144821
0.344530155339562	0.176795204522574
0.366045900247823	0.287347493138836
0.154254082860603	0.0865542110724256
0.430957615130809	0.309016862745722
0.554635318896221	0.417124543037415
-1.15645545358507	0.355419661653037
-2.58035413683893	0.741528858997695
0.150695735521944	0.0375923132398476
0.595836627334111	0.320266674126291
0.706207313742029	0.522420764337956
0.776482149105998	0.609830324723019
-0.0669933335329631	0.0527970326669449
0.665437433662845	0.767338848663587
0.773201557585537	0.999228783951877
-0.39100844146825	0.416440332979352
0.0903901815794166	0.0741902039189574
0.0208112735023195	0.0119601185745237
-0.402819288145741	0.346479787330901
0.692053380645454	0.449773371619542
0.534959225874198	0.315632439395873
0.694670135962195	0.672263953429235
0.416408251485442	0.402282456236445
0.942936125935893	0.610764282943196
0.775251810591851	0.463526894441116
-0.235760769893683	0.0787471827495425
0.769234761432389	0.453649349707475
-2.12743387684581	1.57616293767321
-0.739441498561663	0.264013986697631
1.95669114496977	0.512659458057214
0.149557277841831	0.0384747021438069
0.639016707055116	0.459401399630704
1.02034064533371	0.405837448853231
-0.362037714226246	0.106823025127718
2.75703621985991	0.783699030077962
-1.15926292233772	0.34194820405227
0.13496858485838	0.0418758500593107
0.868012962889296	0.830151419075673
0.70006289925802	0.463465311359884
0.867021028344185	0.87383691322332
0.628461231884228	0.649092106909138
0.235883466974599	0.192503621485644
-0.143232621797987	0.117864296482796
0.27189157124588	0.213376757000062
0.125756258029076	0.0561485389577252
0.151714458282224	0.0388912867750066
0.139134060358204	0.049052385159294
-0.361689402338145	0.108124975750703
0.323794311403021	0.175548245953672
0.546461533890176	0.420585365894558
0.136060171016653	0.0587967193246014
0.856592020402027	0.586582451952998
-1.180558788572	0.697825319044069
0.483601269444775	0.282673776302209
0.343234832416396	0.174008320131752
0.14563761204383	0.0679723894191653
0.70029090374992	0.439232191068794
0.148340847278699	0.0298858287200156
0.153182251472494	0.0394690006724594
0.686208587424517	0.416096450514635
0.940011504003477	0.255477646254495
1.95669114496977	0.512659458057214
0.936593763299916	0.259936987760241
-0.111464639417467	0.0455964909740378
0.511231798670519	0.181080654372711
1.06458128459062	0.633788423232326
0.799361276514942	0.350100638307926
0.133323707270553	0.0662649993079434
-0.158541834633395	0.0932162358462992
-0.805450797110556	0.458380260555257
-0.0759059468927715	0.0491053727878569
-0.745482582343473	0.777245456361129
-0.567564572098892	0.658736779933811
-0.194006549591135	0.180042108620309
0.133604975034493	0.0581157200841905
0.129021196109756	0.0495437089920457
-1.84802238168502	1.15908146105832
0.13807845482994	0.0420246516498512
0.330670242384093	0.183028647524128
-0.779033530160315	0.336954410037682
-0.0758047711595234	0.0327705493160243
-0.537346054879039	0.217331390886752
1.7644959296801	1.02306398241213
-0.975592278773948	0.561409304240715
-0.326852502584398	0.148626954463201
0.704753395436076	0.45746626648942
0.806794772621963	0.334380128912305
0.511569099354117	0.185642301070157
0.150715901937816	0.0298994530276061
1.2267107439476	1.01863844473801
0.803508624674039	0.355309686533994
0.132677066537662	0.0580285908430117
0.378964986994115	0.2766403832743
0.281953555312865	0.202805775572617
0.589116229709597	0.442289062424806
-0.811908603952175	0.543747243522337
-0.162001836739715	0.0901112449725037
-0.255232577386111	0.13337978286968
-1.18655931750576	1.50077057771737
0.0782169856299275	0.058941101769831
-0.415539984024136	0.359920658097404
0.507518572313056	0.428971732098853
-0.161362717430359	0.0593626128917543
-0.234859505599869	0.0758413785510255
-1.23710475936693	0.894534060937895
0.147817837160324	0.0847246449471428
0.77138938765673	0.593165499395227
0.528255173968702	0.433020223922319
0.842208091817745	0.548212369720257
0.148683890726692	0.078537789169385
1.68146711515806	2.19262076998025
-0.112047201339618	0.0468130396329068
0.301324056251851	0.191359394584639
0.322268278671331	0.175519542858508
0.594396489593078	0.303705047355995
0.467669294768284	0.3037340393283
0.369772839464713	0.295262206196467
-0.311710997687596	0.289663370968326
1.24982889490466	0.658318392108053
-0.934763176194376	0.671582877808277
-0.110517641535618	0.0434474019773706
-0.0724538054163556	0.0559673916146084
-0.0543726738520567	0.0432124760038005
0.0101725075797309	0.00783104952590079
0.520909466669449	0.532924390939657
0.801111218887723	0.933241845749861
-0.639151761544215	0.160758461567798
-1.04425966875391	0.423097140504412
-0.242139033634729	0.159322460027256
0.782563060226864	0.449567675528682
0.301219060483847	0.194533453772702
-0.662837422054309	0.404922269642755
1.44537917432198	0.903492626650264
0.655313317434002	0.208900116150514
0.350553624247295	0.181129869893444
-0.317304933863509	0.150856014956897
0.592659232557147	0.316664761620976
2.75454479012304	0.83106470770351
0.146530154194694	0.0296723933695664
0.678659749080018	0.332590273621121
0.151714458282224	0.0388912867750066
-0.236822024487708	0.0793879419132553
-0.115682478473263	0.0472140950734097
0.138799006280562	0.0427246721841037
-0.0168546763809383	0.00850143491153927
-0.0145940070875816	0.0073078004276662
-0.324770885009137	0.155385695442566
0.348979938040292	0.17895470389172
-0.0179646220932165	0.00867864658651915
0.782275645513524	0.696166846620309
-0.0414055470344213	0.0281705749190286
-0.698112815128176	0.476825811048076
-0.61875915674878	0.308472532919217
0.53176304280693	0.299518093611766
0.138110400502716	0.0488174440941719
-0.238758896681001	0.0823215813233085
-0.23866359359719	0.0812703616337143
-0.10761098202984	0.0447976337386229
0.144942901751711	0.078308223681384
-0.505971333216616	0.267871419339407
-0.419832822198832	0.172205082913119
0.425959014151574	0.177603431320682
0.649711104995446	0.20356695590215
0.512447994660229	0.187104970517948
1.044534272694	0.497056164664119
-2.3042447309387	1.22988692326726
0.133188225769008	0.0574381459518207
-0.160520863239539	0.0595971805995578
0.387374146933359	0.176933088806215
-0.194652277731574	0.103122706255175
0.145306531881118	0.06946321659671
-0.472129737320486	0.318625110519311
0.0696570922771071	0.0509349978593242
-0.414520141079874	0.233909061183918
-1.23710396080708	1.44981102284828
0.530935844648001	0.315590827859201
-0.409405231073002	0.365561415922227
0.374349083201551	0.376058609829206
0.07555777273068	0.0512551144134143
-0.145444205186733	0.105186349375899
1.05947009119009	1.33833362531058
0.412273730752144	0.300241322140555
-0.111705954051599	0.0460139852933966
0.486509482660156	0.304981157243795
-0.291477775553515	0.181507226767876
0.426106971769543	0.305487811651556
-0.0150701982837083	0.00776573929835877
0.508483379289729	0.18603731719166
-0.113920429246224	0.0463341649009714
0.651571765273664	0.207237716455378
-0.160327934571026	0.0607030233359829
-0.539403829235459	0.211176894004214
0.776179864458833	0.462241597360239
0.150575043964835	0.0398742802241122
-0.644811631848036	0.161435053009276
-0.747397259241041	0.273041275511744
-0.536314894943915	0.215990413651433
-0.0224196455103743	0.011125081816468
0.483939035843817	0.300251291648512
-0.0460046246965853	0.0220748320059608
-0.108549820451671	0.0450134438348328
0.150575043964835	0.0398742802241122
-0.233731776313203	0.0783918847874615
1.31235206470573	0.590348047090132
0.988730723354849	0.792281318779557
0.80438245644829	0.348001896942815
0.539661608630564	0.313522893887874
0.84758713923188	0.625020047927489
1.52061081568985	1.21687043861705
-0.323178216181641	0.153845670382338
-0.128744566200049	0.0949726904459349
-0.169437995698695	0.116681091327522
-0.410901600648857	0.323513165476007
0.255345756435823	0.214484728624883
0.81840861804229	0.85660789131883
0.825231696695979	0.749860562936346
-0.0399480151898595	0.0187564471992552
0.516422102545413	0.178757236297519
0.529972215787583	0.31339018115314
0.379541680521166	0.178490884337522
0.937687320607838	0.251423109778556
-0.813047221136848	0.53526849471906
-0.286647771551238	0.180948738435045
0.588115470111417	0.301902305138382
0.151870138476641	0.0894965432175962
-1.04446839481507	0.433758823456749
1.95410139222743	1.26601505452128
-0.808872352930945	0.62793635586472
0.723405087827552	0.589129568414459
-0.619950768236023	0.299255812329588
0.803508624674039	0.355309686533994
1.95768385432882	0.509240283014783
1.02859318113353	0.368491604162451
-0.783951080334694	0.348188553296096
0.44251479126257	0.303809496795062
0.983880096074996	0.81344079925672
0.139056021749584	0.0653060760555201
0.148340847278699	0.0298858287200156
0.150715901937816	0.0298994530276061
0.140257143383385	0.0435197137411983
0.151714458282224	0.0388912867750066
-0.540279399151712	0.216641309156028
-0.798188156796371	0.427271978702677
-0.796768957596898	0.446579404993518
0.679656609503385	0.313308138890412
0.409225048354838	0.313249295706299
-0.470612675611128	0.319638376578339
0.144788460266917	0.0746195943979042
-0.229841303325397	0.142489110396168
-0.8178106284407	1.06191946901524
-0.826102045578612	0.823334095289229
-0.56096494745925	0.569305027854781
-0.239101450932799	0.184742971349846
-0.816161621058083	0.817945281049232
0.144815417962236	0.0867213155756734
0.325989950928852	0.176818539662995
0.138184059153725	0.0592752542579593
0.559329722366922	0.410113825764269
0.803187443740692	0.353530389589045
1.31041866978774	0.610006844551424
-0.346766568765232	0.24256196676418
0.335334694185251	0.156196715352761
3.30625850012234	2.68572895763596
-0.542181473756869	0.219256936703721
-0.560658043302783	0.363264282348259
0.137678836015506	0.0646725912880417
0.786331516142268	0.462566467675155
0.704532857198286	0.426521534941717
1.67224752599718	1.91615902378404
0.265145769217699	0.196790524282829
-1.99917285615163	1.41104653182119
0.842658813451797	0.601371322360968
-0.780312192638077	0.335984203424086
1.02030315476189	0.398507228508527
1.23635487364945	1.00256717884353
-0.541155363870536	0.217914309576922
-0.809094524862366	0.445410969540386
0.377677662784381	0.171716132333193
0.766822881884644	0.782235804847369
0.573808255092975	0.537083657204492
0.222983575764637	0.217608778792794
-0.265326970722129	0.198475103958783
0.267807685470065	0.200174366734099
-1.7578991372058	1.87177825132912
0.375997607971963	0.312877209227321
-0.199965976771102	0.105974543916904
0.128362166821424	0.0543976039649225
0.139168000229841	0.0433817694656445
-0.640051550461191	0.165024385486426
-0.51147157282613	0.383871239842056
-1.18263820665154	0.695725146384137
-0.07297480123525	0.0315872678106009
-0.784286244631842	0.36313389250125
-0.172134955209583	0.0624080915090025
0.385613871160335	0.179546705452063
-0.317031036454477	0.151116677217382
-0.00912812273767367	0.00464201622060333
0.51139490014706	0.188536326586076
-0.243796363156039	0.0832740997549207
1.55809212963156	0.807140083414171
-0.665714187345139	0.404380530181882
-0.0764609081254659	0.0335863898369428
0.493057740138906	0.309520187444506
0.943736334612044	0.646128773123125
-1.62146096463239	1.25462941575279
0.138439379716621	0.0387055883322158
-1.29638408971697	0.633152599982418
-0.237695463640661	0.0816413996844845
0.777461366834448	0.459064566471148
0.557696382338731	0.44056365929089
0.290608070247067	0.18794000329062
-1.53144416139017	0.563341198905054
0.349919613812078	0.179779509266282
-0.408885175548713	0.291600885677532
0.158630731418903	0.121855266867764
-1.45107299984082	1.50177686043747
0.067598408676986	0.0479760062822889
0.156358077354911	0.102496088908942
0.420648571239595	0.304783160400545
-0.0152836058118056	0.00761976876862116
0.354993290646259	0.177686116676176
-0.2064310752923	0.111821099759107
1.80753895631949	0.735539281495884
0.935501999577219	0.253169576056372
0.513265643938002	0.181250669294779
-0.0729502366368341	0.0332528905744433
0.590171285781557	0.311367700628242
0.424972437103543	0.175874745745337
1.23808747335055	0.862275984614568
0.128190214680131	0.0440768527703346
0.807380345384727	0.360460877004038
0.133579690367889	0.0593178068344119
0.675084603447608	0.322757375359066
1.06550071989493	0.637466150499949
0.591502981083441	0.300512843246714
-0.163450720813566	0.0618388623357549
-1.14934954991944	0.361642569623747
0.653820669882355	0.212563455486324
0.935501999577219	0.253169576056372
1.01398285238252	0.391895405434937
-1.03952973450319	0.426155787261663
-0.807502791080884	0.441536579083524
0.13805137969586	0.0697187816181364
1.26351854236336	0.69238075938194
0.139720058200647	0.0669966675233621
0.492036861876703	0.281965871613803
1.0479465490176	0.517301146113183
0.384917628516908	0.180723051520225
-0.578886038534203	0.533854549129363
-1.15949098443612	0.99105785785156
0.779663359105429	0.467199932425953
0.51681620992051	0.429723341140521
0.80509400179343	0.346665673867429
0.125617210279122	0.0479200400412875
2.10019721953434	0.986561337015099
-0.477519714884928	0.321801344137315
-1.46453236727124	1.33919526160887
0.539052735424943	0.31390765375563
0.51033816211779	0.187496519895631
-0.661990266290547	0.406393838303385
0.594248627995953	0.321737609882008
-1.04949077847767	0.435890454815377
1.07323443673655	0.677850044319661
1.01781073429765	0.395247351695588
0.507335509255071	0.185905274264866
0.382333479831642	0.172469579808238
1.09463341333029	0.79036765509334
0.133579690367889	0.0593178068344119
0.292100799012411	0.20068967011854
-0.558940003320114	0.345661353927394
0.145054840241155	0.0438901419175188
0.13807845482994	0.0420246516498512
-1.53342097681294	0.552979410527908
-0.24177445301126	0.0824405666747071
-0.804514301745213	0.460033829477361
1.03872130392951	1.0683200245588
-0.0759502113116615	0.0471838310061705
0.463731620730722	0.312211850985212
0.0669511084849946	0.0495212081987491
0.668575410714129	0.549614408996471
0.148340847278699	0.0298858287200156
-2.48330843767024	1.4366559741115
-0.537203750818899	0.214759074339169
-0.249933125224538	0.127144246053345
0.131241345723582	0.0549615186460759
0.528359478767638	0.306076641322182
0.138110400502716	0.0488174440941719
0.5289248706613	0.296063667842905
2.75454479012304	0.83106470770351
0.779061644287875	0.479893363642724
0.803323550143284	0.355193566985841
0.149942409522206	0.0296695603684523
0.651620019017489	0.218540697202247
1.44312568398976	0.495883856806621
0.140713512958143	0.0536332979504088
0.343529331169608	0.170931046645214
2.11425678808021	1.51677028534866
-0.162365807078764	0.0611643452408241
-0.796111509696492	0.445544957094619
0.414733561223012	0.318475514349575
0.858420060814342	0.612492267414909
0.32462913648868	0.175278862633905
0.509454416060186	0.192400711673136
1.95669114496977	0.512659458057214
0.148340847278699	0.0298858287200156
1.44312568398976	0.495883856806621
-0.359014070766392	0.10669384643532
-0.114505939978878	0.0472997685623651
0.135079987669266	0.0477904423303552
1.05013006171972	0.527151912763635
-1.17166752868451	0.630524712068084
0.588520413202401	0.439369767355677
0.641287561603508	0.454186381661434
0.845408599704885	0.634145946634093
0.146530154194694	0.0296723933695664
0.938593829640437	0.25299923568342
0.598984814383067	0.315210788650147
0.593847884918076	0.317288904202925
1.25457293208293	0.687023390764286
0.492821356071224	0.312897657646334
0.534959225874198	0.315632439395873
-0.246352782314996	0.164574949351216
0.316611268401798	0.190633321344929
0.88604424654281	0.490224672863079
0.508277505215067	0.190440568256192
1.44312568398976	0.495883856806621
0.943640642524205	0.243483468900197
0.153304124082544	0.0383355187662969
-2.58389336218252	0.718322275969984
0.652695912520095	0.213141993776578
1.65765642345954	1.40123439185793
0.147565789274422	0.0671620062811808
-1.17645560710521	0.690548144813177
-0.78475737674559	0.352205155272212
0.131335909235783	0.0513791109567427
-0.257704277202858	0.124549653117641
1.0734906102113	0.685860258004107
0.157975224367896	0.037921494795094
0.434923055590398	0.183174619220797
-0.243648828886464	0.190666509702101
0.374763234768377	0.31285652679275
0.591691957296613	0.559119600615892
1.5166497532378	1.71769213615538
-0.0732681223860146	0.033240755688134
0.38431245444599	0.17508762342031
-0.0131474187236177	0.00650530245494697
0.432943824417258	0.183111816316685
0.352156981120528	0.176210764261488
0.145604005884882	0.0376220306325241
-0.362761418010383	0.108072109203298
2.752067120414	0.822295230137003
-2.58035413683893	0.741528858997695
0.51129779843421	0.188810595493325
1.05410581080761	0.50994389448146
-0.25619107573072	0.1328425179206
-0.411327993889354	0.227487508199314
-0.503104536933122	0.276151241730531
0.308452585366546	0.189095198345121
0.343623533297261	0.16599940502112
-0.113570104501158	0.0463897491854613
0.151714458282224	0.0388912867750066
0.152732391175414	0.0382714049770349
0.674861872999053	0.330183863567836
-2.57959143539798	0.718828611548918
0.901455028689043	0.766305300752173
-0.186973506490286	0.145510322352566
-1.01368702987952	1.27009006319799
-0.0183912279146645	0.00860314049988189
0.27470179343809	0.207416466948255
-0.807630735566489	0.529693458787359
0.985321115131302	0.783469577125518
-0.0802649643551875	0.03490811358756
-0.744297778161955	0.26441049633475
-0.788418523814027	0.367859720616813
0.132943811608727	0.0582540000971299
0.595192661452274	0.309529356768376
0.148340847278699	0.0298858287200156
0.939102233359381	0.253860909335715
-0.638053781472973	0.159413989769262
2.25710559659478	1.79566833407361
-0.112047201339618	0.0468130396329068
2.38694566226813	1.99197418637832
-0.537203750818899	0.214759074339169
0.435724886902747	0.182705038430143
0.141161924825003	0.0473278689510048
1.44095713729263	0.481289667170511
-0.811519445008644	0.544798354353741
0.132574631061723	0.0528388050181693
1.02307090575986	0.410762855321147
0.654236796829969	0.213945380780958
0.808120594371091	0.349800520545598
0.887063481010915	0.484067989510335
0.141301354602922	0.0439626882643758
1.11342762744117	0.970378535242681
0.683264727596933	0.395456279124667
-0.409550799373925	0.391118565558232
0.14777215090241	0.102155240155608
-0.739587163957	0.667909011749825
-0.629723279097347	0.502820082962732
0.146274095562439	0.0841212711099751
0.290369412862982	0.182979714165056
1.07415540732043	0.682076586424561
1.05373947697625	0.543190249063469
-0.788418523814027	0.367859720616813
0.649702258547096	0.18998798427611
-1.53044856090243	0.571635312320433
0.145604005884882	0.0376220306325241
3.25448695202502	1.12282064968019
0.505351615057889	0.178636039088176
0.132681665141796	0.050527840771979
-0.154048231820502	0.0891806306189021
-0.808159360822085	0.44691173120608
0.141799398921617	0.0729018408828562
0.88029551532675	0.458266968258756
0.428651729356087	0.173553975069104
1.02034064533371	0.405837448853231
-0.339844620401675	0.202490479226602
0.144379966160176	0.068874114134633
0.643168459440549	0.443141551771766
0.940011504003477	0.255477646254495
0.679403571491979	0.336288097244498
0.943879420204562	0.646459251999981
0.385472634184155	0.298548693747317
0.59543694601638	0.32043616219961
0.849957605888075	0.630008762664638
1.9614186022771	1.16238785275324
-0.0994193782869735	0.0622468682246887
-0.0237571771754474	0.0161988251478136
0.622762452672611	0.716636225392474
-0.406786108253128	0.398556445133875
-0.124249750317957	0.0761561345553782
0.133117695391653	0.06406644299691
0.780632367688736	0.475034716577994
0.350553624247295	0.181129869893444
0.140142898224689	0.0616052967793107
-1.23985257817749	0.939722952775166
0.150575043964835	0.0398742802241122
0.147571338722617	0.0296534813215984
-0.745259487398754	0.262919870951982
-0.638954644635542	0.163590857835517
0.14278047506627	0.0286976566342611
-1.15150774848009	0.364078757050567
0.891747342447013	0.499148345001113
1.02302297021139	0.40007828159001
-0.404204428069518	0.175254554424228
0.161548989659084	0.111010745842389
-0.207358737734657	0.14273135939804
-0.497686024340973	0.436238081070345
-0.261774905821728	0.131042010034343
-1.5040815609104	0.788167237220455
0.669173525139824	0.302544452361847
2.10736081025068	1.4696993631437
0.154649399633276	0.0679975776112918
0.327532850579	0.183705721531573
0.781376618565452	0.612681347694585
0.136591858122189	0.0594721514476853
-0.506920479931383	0.275369470261672
-0.93565765794739	0.672499280557374
-0.147060788537076	0.103608086256255
0.158242945306143	0.119550722789391
0.0327527529592735	0.0200262854336422
-0.406519766539114	0.314455178368184
0.634357890867178	0.4356549356867
0.48809850494341	0.300050742636807
0.31989297029705	0.174318281049998
0.160029952617419	0.0893137045124297
1.01921861300587	0.396644684199019
1.07637829201118	0.662545275065675
-1.17613320943853	0.67914685670877
0.150715901937816	0.0298994530276061
-0.359430665610289	0.106502760621845
-0.639151761544215	0.160758461567798
0.138799006280562	0.0427246721841037
0.13496858485838	0.0418758500593107
-1.10529852307657	0.778605023155457
2.10019721953434	0.986561337015099
-1.52930838704928	0.565957082481742
0.329474465244692	0.182856167298531
1.07193152319619	0.658459582683964
0.358472310373921	0.175420266751149
0.004073976191237	0.00223980355697422
0.154326265881988	0.0396696710594312
0.148340847278699	0.0298858287200156
3.25672996392535	1.15521398786873
1.61179248647147	1.15044114722927
1.44840154334949	0.903607673295612
2.34177725167855	1.20541699926518
0.835133430666496	0.556221586797036
0.53703800913282	0.308636588524894
0.129204219799347	0.050695322287496
1.11416281314539	1.18851353716127
0.611567712975672	0.603374119011575
-0.26214416474929	0.187859022827379
0.64766426916862	0.549636809312046
-0.405460995147664	0.365896026348115
0.165607711252664	0.11189470447522
0.844850771161656	0.601693464190116
-0.50436915473035	0.265834944348772
-0.11135460074992	0.0465930303574055
-0.113328786016865	0.0449910564345374
0.141301354602922	0.0439626882643758
0.64220560670624	0.19836420940896
0.343564793164149	0.173378365377904
1.80866501354813	0.727466341426444
1.0219311113895	0.390219218029682
-0.359488922044695	0.107399144350341
0.150715901937816	0.0298994530276061
-0.644811631848036	0.161435053009276
0.847373288343732	0.597464852548586
2.3367023079859	1.19171962398558
1.04964306827127	0.532888202536059
-0.0792805020539682	0.0350129856664305
0.155331685480384	0.0944481136490651
1.26036346454945	0.72555161132246
0.149238678528	0.0375615380295797
0.138779808751349	0.0688678061642725
0.637631972357213	0.438446290183987
0.401939573427032	0.297098785984492
-0.0235987544499371	0.0165202891407851
0.0736076474624475	0.0538293689171697
0.484933012434311	0.3037139110063
0.430421868437669	0.310483874195501
1.08874624538198	0.801222168696908
-0.29297290816064	0.188355001336619
-0.798618830123495	0.438660288547722
-0.178640263617719	0.119659073311224
0.333206990978355	0.184069518718
-0.161649080554999	0.0607304947590714
-0.240793683980085	0.0802221353379919
-0.635536067431146	0.156838726108935
0.148340847278699	0.0298858287200156
0.137110549029241	0.0546226179279203
0.378733360106547	0.167833386173539
0.651620019017489	0.218540697202247
0.141339950966228	0.0619620184926446
0.425516076320697	0.171424260428382
-0.809473188520443	0.446461178657113
-0.294300329030695	0.185125821430366
0.130489390125113	0.0492749162850606
-0.0436215684141618	0.0207482035342731
-2.64567461481311	1.65925918465349
0.42525340573821	0.288402109512923
1.31833961279932	0.592281316130891
1.10140171303032	0.755417771813746
1.08855889226609	0.835452059132263
0.00953890634590004	0.00503340751877504
0.0774567328678822	0.0532476085253067
0.338723975052115	0.287650340194325
-0.294778283099136	0.248837173302768
-0.731824139378867	0.620168009588741
0.139660364038494	0.0757916287862122
-0.289693793172065	0.180859291774893
0.141931967843485	0.0682474298697686
0.376856787447975	0.169014281652604
1.09127910063618	0.81862879683925
0.14777015045699	0.0370196640723843
0.145491028290931	0.036825262301477
-0.40810048673	0.178693883932417
0.680147114178587	0.334953721336528
0.692650810479641	0.445875636668419
-0.247698698073787	0.123383965343062
0.155347612608017	0.0390265755881082
-0.360560346528662	0.110506092787366
-0.74111878729607	0.272048451943737
-1.85118207108117	1.20960248746016
0.132283051634689	0.0457216646533908
0.134054511289016	0.0472844272232309
-0.198392742707773	0.107736894039949
0.774637250664859	0.685605527994869
0.600147931512173	0.4554280317481
-0.114864587925929	0.0460264330650371
0.329097361600169	0.184536115549843
0.31993678508816	0.175461247818313
-0.7781001801403	0.334010417569586
0.14851520092258	0.0798287144844501
0.13395683731647	0.0531064763399834
-0.0208442750090029	0.0103101226707156
0.530274651497523	0.26228904626602
0.151084052121842	0.0792031803425567
-0.812850024316958	0.716821477458422
-0.0501560088018081	0.0325169157652512
-0.51803878076767	0.526631306247782
0.270284736181935	0.211061602167373
0.841935353116422	0.922839657910347
-0.243387709987614	0.16387782423003
0.535102991775171	0.31397485849028
-0.073602455182807	0.0318177320049365
0.353097273867133	0.178034901859058
1.30432637691959	0.578725673235048
-0.11218640569412	0.0443064230865037
1.01676659710627	0.394343471103909
-0.165710416226806	0.0611653083090566
-0.784561510703363	0.363836867465963
-0.167313772674373	0.0633554015250668
-0.638053781472973	0.159413989769262
0.149437344912318	0.0387143285458533
1.43947956386862	0.490388133177384
1.61179248647147	1.15044114722927
0.652744579969079	0.217901190867539
-0.103761725870953	0.041729416424474
0.465392008134041	0.316663406892382
-0.166699851636024	0.0613141886044256
0.428594394602314	0.298563200893828
0.940011504003477	0.255477646254495
1.43936351386259	0.496241204441374
0.148340847278699	0.0298858287200156
1.88803737283046	1.55643373408541
0.139502251974313	0.0667241668375626
-0.0446000573948907	0.0213198168010684
-0.254880624192064	0.127940722056035
0.138467801787698	0.0717170100804328
0.15510274880105	0.0942306328023013
0.0384080769250366	0.0233299964546025
0.775229459233165	0.749137253030082
-0.0135063587194934	0.00683052436704816
0.0133906054162428	0.00683034370343799
-0.72633975607978	0.716734294113326
0.428430761409763	0.387841873644191
-0.366724727887093	0.332566548671823
0.515141891028746	0.516130236330539
0.135628193631695	0.0653417031044087
0.140987538075052	0.0673744397688203
0.134340411746671	0.0469180955319092
0.785394793632843	0.458216518191629
1.80753895631949	0.735539281495884
0.147298535161635	0.0299064650853773
-0.24779644464503	0.0799606153518757
0.509454416060186	0.192400711673136
0.806113219788702	0.346194047449125
-1.53449212145706	0.567056159779366
2.75454479012304	0.83106470770351
0.148209504221931	0.0373013479875106
-1.05652814830103	0.401057728146976
1.4381704534157	0.481736426029628
0.809139074291978	0.351636683981257
0.432373104786824	0.312317302422643
0.530917296311242	0.304641255946016
0.13453488596709	0.0461590738641633
1.80904922427081	0.71938512081813
0.149437344912318	0.0387143285458533
1.26260441477674	0.70888947383478
0.431807268501867	0.178996451498926
0.671920833110574	0.312668122006856
-0.638053781472973	0.159413989769262
0.153182251472494	0.0394690006724594
-0.237695463640661	0.0816413996844845
0.149942409522206	0.0296695603684523
0.150575043964835	0.0398742802241122
-0.234793744858454	0.0805021626074223
0.15045336866841	0.0380860428865526
-0.366912679142292	0.10867450197924
0.135396322169702	0.0590782306601848
-0.199544209345902	0.108109749345646
-0.117652031675784	0.0697049835981288
0.679403571491979	0.336288097244498
-0.317690795101185	0.150301699008828
-0.15418781544498	0.0846059021628558
-0.684892999763371	0.441265722421934
1.03304720332052	1.0568630742738
0.168315373283849	0.128607824307191
-0.522177426868525	0.40832866459578
0.260788987244529	0.188192150324788
-0.810538526255721	0.542194475359821
0.490071802407682	0.317126928659181
-0.159851054721303	0.0580271924082916
-0.0783378300613387	0.0349270099663494
-0.316756209841233	0.148590704071849
0.139796408136188	0.0731330698408493
0.146530154194694	0.0296723933695664
-0.0401458340372131	0.0191390089866923
1.23272426389711	0.838658573996053
1.43440976802254	0.482086560282311
-0.740078450848074	0.264308426502421
1.01813365856446	0.385383912578092
0.134173422755305	0.0529790077064493
-0.682056158315708	0.477826902905028
0.512447994660229	0.187104970517948
0.885055112033251	0.461062367041991
0.407116709612784	0.303136420206956
0.156208552492639	0.0970383619709094
-0.253989490518797	0.126760478256855
0.508395487354649	0.191306406455878
0.0300367913263823	0.017122554449615
0.673616400606204	0.317379051643673
1.43720565322541	0.47788062848249
0.679616972834013	0.332364292690082
-0.99705758780263	0.524856477976157
1.21518743969196	1.30277343309194
2.54446866705218	1.45135158844731
-0.413598053527282	0.181863090289465
0.150575043964835	0.0398742802241122
0.775545539707031	0.475860154761215
-0.497393798762814	0.266357398561333
-0.683506824768431	0.482818386101544
0.554976997206728	0.492567147264628
-0.995368926255743	0.520787378781233
1.42898651505299	1.59373233967027
0.785309666432582	0.442330411582852
0.441243140476169	0.313518554493312
-0.151061816318525	0.124700475917281
-1.31366673941128	1.6242270519882
0.530721831290867	0.505485913235523
-1.2156826617413	1.64786309483188
-0.114505939978878	0.0472997685623651
-0.0114955903058097	0.00593936826443769
1.56030713292048	0.795614981865339
-0.496447824721864	0.263380907841527
0.13111018813129	0.0453433983797193
0.509367090253274	0.19233555776527
0.940011504003477	0.255477646254495
0.127309366809298	0.043714621977349
0.323647821129906	0.174992654278274
1.31155362767226	0.577202155580126
-0.15918965778507	0.057873340576379
0.147298535161635	0.0299064650853773
0.150575043964835	0.0398742802241122
-0.661724713578133	0.384449060697344
-0.238873496893652	0.0813017835792925
1.01506967273718	0.393727571999133
-0.319534070569924	0.150445648067453
-0.962874604737968	0.617666119824078
-0.521500555423166	0.377176287749551
1.94875233168221	1.21391775067449
-0.746409435549123	0.260085011105848
-0.234892206256004	0.0787477952299076
1.06484695880966	0.649682914038167
0.775545539707031	0.475860154761215
1.30642355803702	0.582529775776723
1.56638307685273	0.742316619573786
0.384221133072082	0.180043115257058
-0.317965031289629	0.150970016931974
0.147571338722617	0.0296534813215984
0.493650583156643	0.306957378178757
0.288648042494892	0.190715393728208
-1.50548626232913	0.79277770538421
-0.796618989037388	0.587977718960088
-0.0172987685032054	0.00847163115480257
-0.623632707014514	0.509477097450227
0.374291061675096	0.308195374535997
-0.326722020263685	0.272835279649018
0.0386077743454629	0.0241289306886543
0.467101091841007	0.306787239963437
-0.257144790508211	0.131341173569644
0.0112890881911269	0.00576996501554688
-0.0438438511711877	0.0209426183553138
-1.15150774848009	0.364078757050567
-0.314525187026086	0.143524454151037
2.33675650252507	1.20151067640403
0.146530154194694	0.0296723933695664
0.148340847278699	0.0298858287200156
1.43554860368241	0.48021115895097
0.937499190632754	0.261653783809326
0.935246138970806	0.248912106101082
-0.537195858607784	0.215909303617558
1.80120887707307	0.710036630394655
0.127531138720005	0.0480304519654892
0.650543326706461	0.210772841656387
-1.53144416139017	0.563341198905054
0.423984827228387	0.170957632075002
1.30538192918824	0.556454802265832
-1.04640363250161	0.428229873657116
0.530917296311242	0.304641255946016
0.00696925844078467	0.00384541305627638
-0.344251755232683	0.208353067049165
-2.08933702320907	1.00224173182883
-0.204122760092197	0.110336784515828
-0.23779019895304	0.0816855379093685
-1.14833763115789	0.351429943173082
0.147938213116472	0.0794012371674379
1.61245666601048	1.1548112201242
0.146629727735194	0.037888595860908
0.34195692464433	0.170562940174946
-0.165522389989977	0.0618897901609697
0.93640634666493	0.254775499038721
-0.361632557745294	0.110435934225015
0.137757770720069	0.041579069241824
-0.169108798749446	0.0633550205884573
1.05790042163951	0.524269957084797
1.23658522240988	0.879582006178494
0.158379860551421	0.109573186461426
0.00345820140249	0.00193728502137938
-0.0483306031445135	0.0226138163319016
1.07164750225927	0.671109483706968
-0.0780489536536617	0.0504137975957217
0.286704872761624	0.189391899091469
-0.00399354223811444	0.00277026023726994
-0.20254186815384	0.107585019108808
0.345197314797574	0.171165804425137
0.139123744261362	0.0424510535879042
-1.73824573390806	1.42116600048548
0.805416979594555	0.345530682544036
-0.640951987120562	0.160195969285506
-0.638954644635542	0.163590857835517
0.146530154194694	0.0296723933695664
2.752067120414	0.822295230137003
1.43822645060161	0.4814693304651
2.75347120204764	0.832342619102868
2.74993176721948	0.830491289829378
0.148340847278699	0.0298858287200156
-1.14948503307875	0.354612480039932
-1.48212096998315	1.0314188532149
0.941110931973215	0.255363319569636
-0.163369768622376	0.0616716443076173
0.45686020041922	0.299532643966726
-0.0770906545870936	0.0340982231363655
-0.317304933863509	0.150856014956897
1.02030315476189	0.398507228508527
0.00122477454455544	0.00077809935121992
0.435539585852297	0.179190699933086
0.320295109175832	0.167454974634342
0.135928676662948	0.0589021149059545
1.31643812802999	0.53973442783047
0.121340321730731	0.0434588024278614
0.320316895738071	0.176230299399414
-0.162644160110906	0.0616497483092917
1.31437442382038	0.618123110095228
-0.3631673929264	0.107293544166728
1.95669114496977	0.512659458057214
-0.364659322311828	0.107068546286918
-0.538378292508879	0.211635476778743
-0.639151761544215	0.160758461567798
0.142409951687472	0.0537237101565823
0.517382573079114	0.184280939935702
0.140644212064714	0.0667388888067075
0.677291752284249	0.323093720856784
-0.663201332748583	0.411317649981196
-0.111946542412961	0.0457055581230623
1.32783526378653	1.31015512455046
0.0336529829584506	0.0200566761500804
-0.0306119609466934	0.0213432018839537
0.159514933161755	0.0977969067265404
0.291870501996868	0.197977435769444
0.347071628466038	0.174974607319874
-0.16075529788869	0.0909152129433956
-1.49481038612445	0.964441819942497
0.138727408689064	0.0561356558346391
1.05630310382527	0.503914516666036
-0.62130270013705	0.29914200785677
0.813261858563392	0.339445459787403
0.147298535161635	0.0299064650853773
-0.639856157010912	0.158868155145205
2.09805628809814	0.973310753898062
1.31147226574384	0.608565543854246
1.44576153483636	0.467229328036224
0.652695912520095	0.213141993776578
0.133877035023476	0.0405706272598696
0.141301354602922	0.0439626882643758
0.330446813678894	0.180415735554347
0.599598298538031	0.451097414503341
0.776853690721732	0.468356743848326
0.837312830200667	0.753917435233719
0.592022266991641	0.31318582801321
0.152094612127635	0.0756342685507639
1.31728798377865	0.593090078305361
0.673908403243767	0.327058922154927
0.145530460371855	0.0750462144906187
-0.0163864615221275	0.00820710187194324
-0.530233302824257	0.200531614256839
-0.0723193557454378	0.0326465481314407
-0.292672796936196	0.186116337311345
0.640021583962629	0.456296039094417
-0.0361985101410652	0.0167630172914303
-0.73898413920701	0.254674650396026
1.31041866978774	0.610006844551424
1.26396450056767	0.73544006362145
0.136148636095065	0.0530436354332896
1.95997232694509	0.502827444432226
0.777164114289501	0.446939574098017
1.06550071989493	0.637466150499949
0.349285379581293	0.176905685928327
0.49120720782053	0.293593503147032
1.01268109575385	0.976480008751608
-0.359538805249329	0.299611189710294
-0.00761795363233691	0.00527627490966707
-0.113710030129963	0.0854045198504414
0.599995886869586	0.546543169980558
-0.337226304320981	0.27104819525069
1.51711433766346	1.80574488738784
1.32365488147197	1.30899523664095
-0.613515401538614	0.301214947728155
-0.961940255910527	0.599220689975794
0.136059592448409	0.0420203261091253
1.22990398480896	0.841844452595814
-0.537195858607784	0.215909303617558
2.74993176721948	0.830491289829378
0.150715901937816	0.0298994530276061
0.937687320607838	0.251423109778556
0.803323550143284	0.355193566985841
0.133313584650352	0.0469867759264736
-0.535186958100844	0.210095387101008
-0.941398751889209	0.693213689358337
-1.4909715505917	0.97987238413625
-0.233731776313203	0.0783918847874615
0.130158378213711	0.0567374185844572
1.266163101402	0.722145016404697
-0.166751495896406	0.0591867000211825
-0.261891195290978	0.128065050614368
-1.10362996051429	0.748471178792662
-0.0387452536300289	0.0184121757970199
0.147571338722617	0.0296534813215984
0.943640642524205	0.243483468900197
0.647507836497191	0.209092823294752
0.138552667374569	0.061082201884992
-0.0291702578709298	0.013206315122389
0.1384208734309	0.0684195257841897
-0.658233096010578	0.38397205362003
0.406499286336545	0.306884475803395
0.147298535161635	0.0299064650853773
1.43947956386862	0.490388133177384
1.31542650623628	0.612599401820178
0.148340847278699	0.0298858287200156
-0.411894430982352	0.180404527974127
1.08070180933907	0.656002646041573
1.89245217350057	1.63021942364242
0.942628771441744	0.649982838481005
0.692650810479641	0.445875636668419
-0.0704049039279305	0.0313000430781378
-0.162050166265383	0.0928050716411737
-0.125762875017529	0.0771634079039557
0.814985676530965	0.826628978415959
0.0471037751983667	0.0308648265905593
-0.271963746417092	0.198818689305389
0.164237034321818	0.0896948445896753
0.353378935911101	0.173844360361968
-1.01806848625582	0.951781233029151
-0.408741634422394	0.179124317467852
-0.202829405420481	0.108513337005413
0.676553225738277	0.330995173027619
1.23974773654643	0.868198299257083
0.149942409522206	0.0296695603684523
-0.364244707706295	0.105425905599443
0.146530154194694	0.0296723933695664
1.31235206470573	0.590348047090132
0.649419572074028	0.205009437610789
0.535894538660702	0.31554183709674
0.322258812950946	0.16852001632041
1.95928284697576	2.15438996241157
-1.05897261773142	0.837234045321935
-0.503735838746788	0.266561147386385
0.139995624127264	0.0685963548824501
-0.10597826310987	0.0437148352759639
0.138524932940329	0.0462468176505508
0.348040859569673	0.176608192858089
0.811516334855715	0.347332413773245
-0.157393989826723	0.0898026196520475
0.154326265881988	0.0396696710594312
2.33756723959152	1.17731489199328
1.23464312155318	0.834768791514554
0.76551013618207	0.572111317839802
-0.403510226683459	0.318194075438862
-0.358331383990419	0.202139793893696
-0.711360032971834	0.569811028289757
0.155347612608017	0.0390265755881082
0.150575043964835	0.0398742802241122
-1.04232877406707	0.428449042358836
-2.4891659211961	1.34438786906265
0.134269695242213	0.0534796043500977
1.3052967655608	0.579872912778297
0.136096718959155	0.060836657955062
0.298267752908042	0.187006564632724
0.0358250694282208	0.0225403731453685
0.355610883680846	0.178029725304618
0.626564408436816	0.534362379814338
-0.176656470504932	0.125819576070773
1.91087318392454	2.79222758322917
0.0812438189784875	0.0615557721892336
-0.195947843661564	0.105810237644017
-0.0640883633131	0.0272280052323235
-0.103384523655765	0.0624795394445384
-0.325703658751924	0.154626417865869
0.158786195614318	0.0897467181913394
1.30733271948467	0.563962076176424
1.2267107439476	1.01863844473801
0.680147114178587	0.334953721336528
0.149942409522206	0.0296695603684523
-1.29155535372878	0.625517533767867
0.938593829640437	0.25299923568342
1.45121404861884	0.866862002709817
-0.317796793025854	0.144847012255018
0.306500696603546	0.180239374708266
-0.174895608359223	0.117965445842547
0.432943824417258	0.183111816316685
1.60998412078309	1.12261686626038
0.432943824417258	0.183111816316685
-0.539403829235459	0.211176894004214
0.338154035076603	0.164247694039406
0.526490293899205	0.302515131862235
-1.61424908796406	1.23289551562509
-1.05346881310061	0.429427774421712
1.05092838979716	0.515493284845761
-1.83491490068662	0.788425903741666
-0.00783786696209707	0.00407564735809009
-0.323450212849676	0.152789700317237
0.430009617159582	0.178807947718548
0.150575043964835	0.0398742802241122
0.146821848719159	0.0430484800152876
1.80758447803752	0.721280060796327
0.651571765273664	0.207237716455378
0.53186369470407	0.301561392150347
0.152679673921141	0.0800693763779459
0.133324861621024	0.047022951939009
-1.66586276038596	1.68504041415204
-0.506920479931383	0.275369470261672
0.131827877818303	0.0677160154596853
1.10923957086126	0.963881482887089
0.291951429567241	0.197621861868145
0.0175172281062987	0.0127302821484575
0.0873652547412246	0.0690432598665578
-0.362111906711142	0.29944232015657
0.305193921036449	0.182493466586831
1.93121378319799	2.57689599016909
-0.0748378345728502	0.0328751994961703
-0.114505939978878	0.0472997685623651
0.142971955096055	0.0442241383996475
0.941110931973215	0.255363319569636
0.941110931973215	0.255363319569636
0.349945173339718	0.1762668785898
0.939102233359381	0.253860909335715
0.891408956388345	0.475539349577017
0.645264698888691	0.20390668467085
0.542862243101222	0.306696844129699
-0.239728118249616	0.0819409426429614
0.162477091877783	0.112649945716594
-1.66277842797067	1.68563793272309
-0.993586716960811	1.01166119336341
-0.507866726103165	0.273562424615097
0.131353343885289	0.0577996815588159
1.25267223597606	0.684284668862338
-0.40947831393131	0.180867000069854
0.000658208918228157	0.000452857293846976
-1.47179520178455	1.26129000382329
-1.10683944354736	0.754118171408412
-0.798559631856957	0.431723212394486
-0.34153473709713	0.207318276186562
0.0231388545680242	0.0135920742998743
0.151054761639715	0.102650440769118
-0.0960937674626393	0.0589807508440973
0.67294986993694	0.615007599557709
0.146629727735194	0.037888595860908
-0.236633079426099	0.0788398305163716
0.127490233081916	0.0446211550116381
-0.252624977877647	0.127133261961847
0.932735384432011	0.254694662217943
0.517382573079114	0.184280939935702
0.655951020714678	0.684587762684821
-0.9382345872124	0.689577468961068
0.268121198186477	0.213445465862311
0.984448735609322	0.815579124968064
-0.0410846082910024	0.0198374108482814
-0.12928737057605	0.0961820590896015
-0.240057259759302	0.188170567007429
0.0591560586113281	0.0368940379278868
0.260976527758432	0.207052112105512
0.554584813408769	0.522105442675741
0.767827573382103	1.06998064593593
-0.298218093484655	0.183249353397663
-0.208663864767569	0.143183137492954
0.632497423322319	0.436435205796166
0.885441416889082	0.495654317454105
-0.0675235273295659	0.0294524865633939
0.584972485285852	0.292619781738553
0.138820371946	0.0617615031510038
0.937499190632754	0.261653783809326
0.508483379289729	0.18603731719166
-0.317520481335117	0.148021199008711
0.885815769096823	0.485105992923269
0.154418843160216	0.088283788349621
-0.659715835143084	0.39836405720925
0.43213937703087	0.181112679710119
0.138977533779272	0.0600314108216224
0.151340813018737	0.0838123958808702
0.152732391175414	0.0382714049770349
1.6049859459328	1.1470405998044
0.887891620354669	0.48146231207328
0.675814425423372	0.329965675573687
0.143437678246529	0.0830485634496882
-1.79885352006505	0.441851175328772
1.43936351386259	0.496241204441374
0.140462610388188	0.0475828260298446
0.382351713233566	0.178124790051543
0.391909763019143	0.17030450488744
0.151729800843233	0.0869294484459341
-0.994010926170791	0.516707923678894
-1.15150774848009	0.364078757050567
-0.243796363156039	0.0832740997549207
2.3436553166305	1.18285541164242
0.48827196581461	0.296393520023351
0.665638307251037	0.287203807718335
-0.320020894524032	0.154507692714615
-0.16245450704869	0.0609199103035257
0.150621244130336	0.0882799651147823
1.26747608304098	0.66303547553507
0.891463356609123	0.752809122284311
0.142924622939025	0.0547128897917272
0.711829932584602	0.586352205417217
0.404767360173773	0.301970423072688
-0.18222427670091	0.125676916097591
0.899066870872997	0.771863270560456
0.601740068462711	0.30734869325052
0.312898063447163	0.172275530823555
0.590333930747731	0.298866459679667
0.142772221411098	0.034455621394087
-0.162644160110906	0.0616497483092917
1.77198001602263	0.948522634712472
2.25121761333391	1.65912597958525
0.138122569437014	0.0418745640561529
0.134196990054445	0.0476746060306298
-0.0738952770995071	0.032511635285895
0.428651729356087	0.173553975069104
0.507225683588392	0.1858148434629
1.6401075394853	1.52271848148733
0.255935448564301	0.207216875021985
1.65034431592097	1.43592120368165
-0.906148943787425	0.847032282569075
-0.116835096503435	0.0478243299179473
0.316696099518878	0.188937990512709
0.144976808264093	0.0693915495341841
0.603013497289871	0.443974202498067
-0.124249750317957	0.0761561345553782
0.396918670798927	0.162023498811861
-0.0780278752057143	0.0344249383051406
-1.03952973450319	0.426155787261663
-1.04436434295654	0.445800704702982
0.676553225738277	0.330995173027619
0.514379012952455	0.194507598080478
0.130090976492102	0.0448634413677726
-0.0490958455913049	0.0226684531613622
-0.316363305551206	0.235886052059594
0.890120490474783	0.504209712587182
-1.79885352006505	0.441851175328772
0.785368549390706	0.454423352067538
-0.794140549126819	0.420686613805536
-0.238758896681001	0.0823215813233085
-0.163369768622376	0.0616716443076173
0.136217609113947	0.0658769442909284
-1.33743832016222	0.852996868389207
-0.205277972634166	0.112172503211809
0.0325072981221799	0.0182539159803919
0.735210251671672	0.795781017248279
0.130715084128636	0.0585553247938309
-0.107022138597139	0.0423285482394567
-0.321994786745933	0.153044520168924
-0.0726266734866235	0.0322265313834406
0.422147611260927	0.166018367131734
0.508395487354649	0.191306406455878
1.04894138043849	0.521983179474153
0.803187443740692	0.353530389589045
2.752067120414	0.822295230137003
1.04685801604876	0.522943314328842
1.02093296171078	0.395881039160233
0.77267230729415	0.620562468650235
0.533702694317801	0.294862261746461
1.01925597811256	0.409912776295729
1.43834175748452	0.492373840580877
1.95768385432882	0.509240283014783
1.75612129173431	1.39058131593061
0.158450762960714	0.0960306796434327
-0.801152696408826	0.446465934858927
1.37829057667795	1.0323048475527
0.154973502096296	0.0878086960930481
2.1136607852984	1.47814496126981
1.0691925864379	0.62936897000525
-0.160327934571026	0.0607030233359829
1.80645861802765	0.7291787063689
-0.131588171757304	0.0780836030971972
-0.162050166265383	0.0928050716411737
-0.556496940500442	0.36595658572973
-0.638954644635542	0.163590857835517
0.142594034983768	0.0694097771121652
0.802309440431161	0.338804288265683
0.344530155339562	0.176795204522574
0.151592021674215	0.0391867731421967
0.146821848719159	0.0430484800152876
-1.04832397868181	0.427518463663862
0.154202638323454	0.0388280986901736
1.75526792149244	0.909076598698841
0.986736821241961	0.779330276996998
-0.0348432497880066	0.0166569926428866
0.132482774174094	0.0605386908361508
0.737185209425587	0.71520014019648
0.489642866343809	0.402339731431594
-0.252963772524437	0.164374081605965
0.531192976273691	0.311780960904342
0.838111367560986	0.578108134034885
0.151836298005803	0.07610495077709
0.374998000805284	0.167515379806009
-0.623185719810441	0.313737964384698
0.137496894290933	0.0601008569181012
1.440502280487	0.494214957169554
0.0337853014793166	0.0204919735775952
0.363716765463322	0.297265521957963
0.582463377389862	0.293793373653839
0.652744579969079	0.217901190867539
0.675601669243791	0.331218389647436
0.14777015045699	0.0370196640723843
1.02411493668956	0.399362526920863
0.511231798670519	0.181080654372711
-1.15150774848009	0.364078757050567
1.02034064533371	0.405837448853231
-0.112983538426825	0.0470207233563561
0.508308207049143	0.186876394225301
0.151714458282224	0.0388912867750066
0.651208335193809	0.210404403371198
-0.990845681060975	0.51354011901363
-1.50977024684034	0.756344812182358
-0.112163198674956	0.0453316000773447
1.07480990565109	0.664562679325711
0.311022838464519	0.18583412380767
0.777880470378467	0.60671177970551
0.845239846606535	0.622137691031939
-0.235666562978124	0.0782482609106247
-0.09692338717846	0.0589118466806443
-0.111464639417467	0.0455964909740378
1.45329499388093	1.25747176618554
-0.238322202005743	0.156608229212214
-0.498654727633201	0.263275826465102
1.34765092807362	1.23682441558024
1.02138727952061	0.394754610362591
2.09500861929647	0.954729376314145
0.145932722426576	0.0702119109987519
0.154554814270548	0.0899769964846225
-1.05406251357439	0.821415398179394
0.136012236058411	0.0414376999459869
0.498218401122844	0.171806679231008
1.08188498711782	0.641154036390992
-0.20485344841477	0.110996001628813
-0.0792959442837318	0.0344617657014447
0.701399984828488	0.463536795956865
0.721652039638556	0.609661936014258
0.338723975052115	0.287650340194325
0.485928095752576	0.305372454162676
0.675814425423372	0.329965675573687
-0.964473318470284	0.581742835755164
0.77267230729415	0.620562468650235
0.162929635538458	0.109438913078064
-1.69680959442862	2.03216523902414
0.498367544590405	0.428045298782336
0.769234761432389	0.453649349707475
0.778708042710056	0.469780156644645
-0.242831203844467	0.0831146567067306
0.678773322827671	0.321577287530591
1.30642355803702	0.582529775776723
0.659126706790713	0.207600898820112
0.341324880822479	0.169042885813218
-0.404204428069518	0.175254554424228
-0.805450797110556	0.458380260555257
-0.074212656070036	0.0337294385625537
1.31135620446135	0.587426231279741
1.80645861802765	0.7291787063689
0.536506091009189	0.315144830097531
0.588838614183985	0.306164094396236
-0.542181473756869	0.219256936703721
0.801432381657874	0.345601056787964
0.560464029579952	0.443872561641427
-0.0735682538252152	0.0325924065414276
-1.23104467192871	0.91387962148955
0.438333035055473	0.312893714345976
0.844441446677734	0.590560472611485
0.429313685254992	0.180356485843153
-0.324498205401625	0.154084949568456
0.13807845482994	0.0420246516498512
0.034100436242428	0.0201974353878831
0.153864008491322	0.088274413481272
1.01398285238252	0.391895405434937
0.132282410827758	0.0578872924601845
0.492821356071224	0.312897657646334
0.53618309832191	0.311778011484847
0.769737489521096	0.593383691300796
-0.155703453325046	0.0898204187943511
0.321222200354613	0.187916571625731
0.417793083945935	0.270751920162014
-0.0344592571287429	0.0163891183258782
0.982448291440925	0.801581074000891
0.717482618304502	0.580572719510711
0.492229657876689	0.312080950195314
0.350248720578881	0.180235678791219
-0.106333989883546	0.0421146211230077
2.73226932851592	1.67846563412855
1.05530426965997	0.507301066753361
0.381999683963585	0.172785284621648
0.643855545018966	0.453859155893955
-0.288924695783355	0.178403820939896
-0.291680643960265	0.185490268106119
-0.619703945986622	0.307637553095681
-1.85394597199314	1.23979348446652
-0.334528565489135	0.138281456116749
0.535249337986891	0.309699230554119
-0.781756310948304	0.347449934767237
1.51892737170683	1.19244197605703
-0.115797074497247	0.0467298371659537
0.586117536366815	0.30817715652907
-0.998764455097477	0.529473029392655
0.647466363634098	0.210236164771066
0.429017423066285	0.178826290408482
0.954076574409143	0.615280830797494
0.598589244516214	0.316624915876836
0.133170295037261	0.0471660602339594
0.666952626667481	0.306072446165536
0.468326849350993	0.311912116990066
1.3794008572762	0.996224074471634
0.704158663810779	0.432018525534457
1.52767602359162	1.28005921728393
1.05275532928899	0.543974137405928
0.589505072109875	0.310391742412212
0.596099280712965	0.321457374887283
1.47065111491995	1.42428252849596
0.141206159967438	0.07461186458637
0.773339548876805	0.470226918199718
0.386981705517519	0.303487692718094
0.00834115439384502	0.00445070228896674
0.0680262555444206	0.0481648686656171
1.09344085624607	0.817004732632917
0.146698148789058	0.0854166525172453
0.454730437171619	0.304578476135408
-0.413927963359192	0.233856542558039
0.719307702898516	0.593187174803686
0.486343026351401	0.303210778550628
0.148420534192756	0.0374024025336795
0.461593863007776	0.304683562205315
0.774609873720298	0.472788699392294
-0.0157267351714174	0.00780364174975632
-0.308183967731649	0.132793544469827
-0.420883541275107	0.234160225318083
0.304351355147878	0.195809880317655
1.76104363614078	1.01024773652518
0.342898010293145	0.171349746550999
2.09527230942238	0.965373308881764
0.381891417500109	0.171941423561446
-0.414733772842545	0.175242837622414
0.152487410911885	0.0898339074347143
1.23464312155318	0.834768791514554
-1.02077477208917	0.945822097690202
0.381999683963585	0.172785284621648
0.515343738913303	0.189592023798935
0.942014721908452	0.648100821675999
0.778126667958144	0.476796714599176
1.5551764991331	0.801738670462514
0.351153987076742	0.179064238753709
1.77012724559653	2.05530594993867
0.771727718274218	0.693823278475231
0.0198216984412384	0.01165074139943
0.283894476877705	0.195904167695224
0.54189799761238	0.303726303633631
0.713683660541194	0.59574451228835
0.693616733965904	0.448035240396808
1.55247819558145	0.797130322649216
0.807663410807881	0.342624664734704
0.139839576504768	0.0422767122881245
-1.04436434295654	0.445800704702982
0.935501999577219	0.253169576056372
-0.234694668181408	0.0780696821637067
0.15045336866841	0.0380860428865526
-1.50772794244597	0.828052257466456
1.31129671746841	0.574642001655142
-0.158978238240336	0.0927091496481015
0.589668095863627	0.314283159377831
0.804208982721108	0.356831466117133
0.13453488596709	0.0461590738641633
0.143786222535581	0.0779618340505276
0.391066268816761	0.312522777284652
0.726861738058365	0.694781623679567
-0.158816781516365	0.0867589515429117
1.35070977701021	1.24072729047705
1.25531758724836	0.706515306091219
0.651620019017489	0.218540697202247
-1.14672516880979	0.35527770214058
0.149557277841831	0.0384747021438069
1.11541396470634	1.089936465317
0.717468861904253	0.566107728315787
0.283624156383567	0.201587695363355
0.901570745862891	0.768823790882387
0.687950829800248	0.410311120806827
0.784283404982685	0.820598300702146
0.431727866194966	0.308464750130999
0.590236023318897	0.54633508507307
0.0210544987098697	0.0123363024498596
-0.121615997604496	0.0882933639570635
-0.114864587925929	0.0460264330650371
0.154554814270548	0.0899769964846225
1.22376629781127	1.01881700261127
1.44324365428638	0.480074557541369
0.464527522616062	0.31380148159487
0.935501999577219	0.253169576056372
0.803323550143284	0.355193566985841
3.25935803882659	1.1611163489063
-0.36096099471069	0.104665235869113
-0.358359045617402	0.103670335208107
-0.355581725635605	0.207041075773595
1.47017744175936	1.34594925609232
0.149437344912318	0.0387143285458533
0.151069994982667	0.101203134189931
1.01020836973593	0.955364312957627
0.55711582606174	0.451667383755416
0.680147114178587	0.334953721336528
-0.506611362020106	0.269646616928123
0.938285502291548	0.614055546708852
0.594272830830594	0.456891003901714
0.327734942769368	0.181512203529322
0.140257143383385	0.0435197137411983
0.941110931973215	0.255363319569636
-0.643902881320565	0.161368815571743
1.60615505823935	1.09285480086935
1.76663265670247	1.06214654354186
1.55430753821247	0.779995019724468
-0.0424830815984511	0.0200070540431471
0.490071802407682	0.317126928659181
0.0247848788618113	0.0144351975166687
-0.716572353612416	0.654641615808414
0.15514681657894	0.103446391413487
0.309330787024533	0.18923599728208
0.705144298075852	0.6535942055839
0.275410030514607	0.211335340604092
0.159288795466904	0.126646419336087
0.5978872373471	0.566622782730428
1.11814196043279	1.12448406143939
0.142766641842705	0.0834689127299913
0.384680965114356	0.179456379644767
-0.0234286319972259	0.0115536164262831
-0.123353962076707	0.0741064390058062
0.130232203016104	0.0459791364778521
0.885672288383603	0.495760196887428
0.806219382869138	0.35042405540501
-1.15441539366439	0.355848450407468
0.134445586868024	0.0452368881784986
0.940011504003477	0.255477646254495
-1.14934954991944	0.361642569623747
0.13438567813707	0.0541661640692567
1.95220289073441	1.27070551376775
-0.169108798749446	0.0633550205884573
1.44198232062639	0.484943359002049
0.937500296234857	0.597054809693863
0.138110400502716	0.0488174440941719
0.715106146744397	0.571214513816331
-0.506920479931383	0.275369470261672
0.148454214349303	0.0948104326439697
0.930207933048513	0.893374591424184
0.593490384308669	0.455359085764795
1.55809212963156	0.807140083414171
0.485346511313868	0.303206316020764
-0.29297290816064	0.188355001336619
0.141477051924606	0.078171784389359
0.596159746806829	0.448677524649178
0.156950446004123	0.0384784128178271
1.440502280487	0.494214957169554
0.146629727735194	0.037888595860908
0.807266999674609	0.341682397214043
1.43947956386862	0.490388133177384
0.802634386569774	0.346161922409027
0.487689681862621	0.297594178567307
0.432373104786824	0.312317302422643
0.626349547392297	0.571442128836829
0.276442920379585	0.195763234868019
0.383949063438265	0.30967262051553
0.16615023450707	0.116036988689875
-0.0469778435108841	0.0224460084471849
-0.0698375320860035	0.0421832448451356
0.0313104008423736	0.0176340011348055
0.00264043270195269	0.00153168619412467
-0.279983714643853	0.216073880532203
-0.482128262295304	0.322067189902142
0.774281641774435	0.748434950917214
-0.608402345936558	0.592766807285963
0.685174777336068	0.645183805865396
-0.742265180167015	0.838864845170201
-0.159210296248607	0.0915323703130594
0.627422618170275	0.637731824151377
-0.804366778099387	0.818007333730243
1.94401216637139	1.24852460803015
0.133170295037261	0.0471660602339594
1.31728798377865	0.593090078305361
-1.29725923227955	0.632325434039655
-0.536314894943915	0.215990413651433
0.151714458282224	0.0388912867750066
-2.49099698820227	1.41156139670898
-0.808401674620859	0.509684454402548
0.285214798632434	0.194347726998139
0.286752114282839	0.199600369992958
0.137110549029241	0.0546226179279203
0.806628606078819	0.342801594267322
0.639010764630557	0.422888662643286
0.59543694601638	0.32043616219961
1.51449661465408	1.23773888941981
-0.109219229981255	0.0825836274884352
0.157475500852819	0.113811226168983
0.513572361492151	0.525821569725648
0.42069459184492	0.301879854733284
0.174089994496807	0.125173456577367
0.933352892601077	0.595959324694737
1.02545072828639	1.01210318369753
-1.22021556752068	1.19061233499788
-0.0599569584496115	0.0389706741195335
0.526354027409737	0.500189879640651
1.04883357560547	0.530655378952234
0.932735384432011	0.254694662217943
1.440502280487	0.494214957169554
-0.163450720813566	0.0618388623357549
-0.958116729063038	0.596828158740491
0.150100311702252	0.0786810961342133
0.130053766319934	0.0605843441118295
0.493071037237576	0.302983708627372
0.782481860047122	0.456495258219167
0.323422219514449	0.176618840721571
0.385688785223851	0.313638102149336
0.0421163776552968	0.0271496913982801
1.44862654229838	0.919854293823929
0.379541680521166	0.178490884337522
-0.347789342292597	0.213546337875659
1.08476502337293	0.631078039923955
-0.31516299944931	0.144855712896622
-0.329349747629827	0.151360036380559
-1.10278216569241	0.704065624280153
0.699648796526301	0.465657778866134
3.16965499322442	2.53994905322506
-0.318665137654068	0.139697701076989
-0.400952032332499	0.262731769562613
0.718933169713756	0.58110517066112
-0.594516251431172	0.520267967526254
-0.554760501135131	0.480864342087902
-0.19741830301775	0.156620195017833
0.220211967381597	0.265530241391775
-0.738091563674827	1.12384830452932
-0.432341014424178	0.401049730319174
-0.174984874537782	0.154165744813472
0.159960063903356	0.119002628029694
0.153856637723851	0.109314040439381
0.167728593160853	0.138806481849347
1.88815973058033	1.58728749440647
-0.553862477333208	0.48193184924806
-0.380614687957795	0.331802789169684
-0.409543011186328	0.31188875451728
0.141880508452034	0.069313330844451
0.288112534889963	0.204537172050397
0.154214141966079	0.102543072917911
-0.733165712816337	0.975707456575075
0.250011242558248	0.183724478927919
0.351666012204108	0.380330773551735
0.841440611549688	0.587194672196684
0.291642662420047	0.195849726484586
0.356327425629099	0.302553159139805
-0.0346344481040051	0.0163324273960082
0.278589139654434	0.192505800965706
1.11774316386354	0.964833579300449
0.40329389099551	0.297635555066731
-0.564076755712144	0.462270105259634
-0.958116729063038	0.596828158740491
0.283500998228172	0.200791582839589
0.40706464018441	0.406467149757171
0.280913543290189	0.189612521537083
-0.173550488232666	0.120337321607223
0.782350234301009	0.601264872951944
0.138063457715384	0.0668714019842493
0.598347397478719	0.306021066697541
-0.0183175187597453	0.00933187026574035
-0.81422628892445	0.541622549330772
0.487505351741081	0.304979533643192
0.154119685883727	0.0892360123987213
0.440708078006186	0.312601931938105
0.32697349280707	0.181700288230516
0.502834591410948	0.295793105044822
-0.474948051202392	0.319525043944904
-0.489816959473002	0.423645272334708
-0.356841382110539	0.289227134945245
0.770864722776824	0.991181468508328
0.0726393782683956	0.0528074986590891
-0.0235245895431191	0.0112459414371505
0.100002916803619	0.08241191125984
-1.3632187826154	1.69448906738964
-0.418955588910622	0.240436411861604
0.767603192876164	0.701788397133651
2.34274529629067	1.21547823100226
0.146530154194694	0.0296723933695664
-0.113332432633274	0.0440772077573213
-0.23866359359719	0.0812703616337143
0.649002560229026	0.205521089858597
1.26711256773879	0.721174543860265
0.392571561097665	0.309455441795857
-0.129899455331764	0.0764508105409159
0.910557553533875	0.764025535532306
0.0172765903930998	0.00992384146126635
-0.0985709313780177	0.060470076319438
-1.09989782915601	1.36701124267517
-0.911058148113746	0.835238638154924
0.471546800342129	0.417322140814643
0.143161407446881	0.0668541808835145
0.723081254213469	0.596063663487636
0.86483725750654	0.874931565327166
0.496394967281639	0.516000547468005
0.505376343959059	0.189291473365939
-0.407045908335186	0.173532498705675
-0.4077425479813	0.290321245914152
-1.34668595847431	0.858424176142285
0.376393412252104	0.17397794081033
0.0236642618058239	0.0137455638395098
-0.904565305427087	0.837922847363572
1.47197236569536	1.37508727316123
0.422093093752732	0.310329446418219
0.596816900945404	0.436623051886116
0.325193752054581	0.185223103065402
0.255415795615931	0.193568198009935
-0.599294544289316	0.438551684386773
0.140142898224689	0.0616052967793107
0.41219796136713	0.308986682028891
1.32090311279602	1.30332695008896
0.482289091957952	0.434766669585247
1.12221363373863	1.15467775393787
-0.0292130025735639	0.0197331649186687
-0.15410975207901	0.106593808440583
0.362863581915814	0.309574125703988
0.277036057813083	0.200359584224787
-1.3798344242828	1.75002562741719
-0.618062170451355	0.308574530477795
-0.215009663949788	0.147683348604075
-0.133309829586273	0.0979110885387847
-1.84953169877072	1.21059553963476
0.380600174084979	0.174295485206965
0.884851033609731	0.467233222496729
0.942726415320161	0.242051655471231
1.76663265670247	1.06214654354186
-0.742159792951855	0.273560129045021
-0.639856157010912	0.158868155145205
-0.74601623259758	0.237771171172324
1.26164856006249	0.709785768416903
-0.415851266535913	0.289400218769031
-0.458343692813387	0.351557324170548
0.351187411043721	0.181065865539684
1.37769501046288	1.00782575540898
0.569912407990688	0.542770964342977
0.168637609843008	0.133348387870558
-1.09170132724087	1.39790501623596
0.0680193937115606	0.0501596108966234
0.0349430626520796	0.0216777558452293
0.243490673456127	0.20735757828202
0.82935837327324	0.759374394785639
0.380834551362335	0.176107348240231
0.407275834486371	0.295130667723736
0.162161418512427	0.119411355458359
0.162093597728448	0.138636240989094
0.654253550812156	0.795171122543616
0.264458238930492	0.213523325344859
0.147571338722617	0.0296534813215984
1.44473193695789	0.463898534109862
-1.50380292046246	0.792192513342636
0.380472847073521	0.178583812279393
-0.366912679142292	0.10867450197924
-0.404757661676609	0.314099483323533
-1.57668004396697	1.48563952419579
0.671404722233418	0.575230392248991
0.00264043270195269	0.00153168619412467
0.98564862987485	1.13632901111035
0.155043747302592	0.102563962101044
-0.590890345117047	0.426749486621826
0.137478826775819	0.0710595400590384
0.165883753854947	0.110541396366603
0.554034050918329	0.44417222475827
-0.907535205975918	0.829755315031321
0.325686298620305	0.304460141262598
0.438366815601861	0.476954806404594
-0.245720171841663	0.214495218178542
0.386504487910174	0.301825927303426
0.00607358989370816	0.00448338988424695
0.532155909412055	0.313947113658871
0.779429795423962	0.727294110724843
-0.243796363156039	0.0832740997549207
0.678446431994099	0.333060857815108
0.383049736914793	0.178796815086714
0.376158948620182	0.172825275340921
0.147298535161635	0.0299064650853773
0.79550453181551	0.327882861319681
2.54796770898739	1.396592222038
2.09635811627963	0.973998300634346
0.0680130968413056	0.0480703871677476
-0.266919693319247	0.124037878590476
0.939102233359381	0.253860909335715
0.14234488743478	0.0432003227063061
0.688605713746655	0.308047122797837
1.55619409578552	0.826891165505306
0.520252031780575	0.526729189038816
0.152233860727483	0.12260816798243
-0.940997054813446	1.1549013076216
0.00994285311528151	0.00526298514743695
0.164249612581931	0.123838862750333
1.0750763717045	0.681147911783787
0.521903910724399	0.438032575989435
0.342989636365552	0.299332334143122
0.00452204405092334	0.00241839804702175
0.43213937703087	0.181112679710119
0.912275401369328	0.959831737855526
0.930640431807272	0.906441080807844
-0.584581706928425	0.55074706641237
2.54663070057633	1.47226728254332
-1.14833763115789	0.351429943173082
-0.740078450848074	0.264308426502421
1.02302297021139	0.40007828159001
-0.804881953513157	0.524210236433989
-0.411528008601833	0.174191737367852
-0.0991000867585507	0.0584158860802814
-0.357207496152541	0.261950276635056
1.00412368812832	0.86777522623772
0.284489200946298	0.169314019293845
0.560727218911296	0.437591532858328
1.75676019416064	1.39591295278871
0.157288365785781	0.102889221493812
0.134196990054445	0.0476746060306298
-0.460008213979587	0.351054265460864
2.26115227638198	1.78675957268582
0.322655105715377	0.182194300078116
0.392794891076837	0.313238063769611
-0.936088591349933	0.673049290590659
-0.253371978855492	0.165638079513411
-0.128130822394958	0.0941414058664403
1.57766193181461	1.66191480030447
-0.93564157096471	0.709189783039237
0.134702992625863	0.0530067335178617
0.425777281008742	0.172323331869485
0.150575043964835	0.0398742802241122
1.02202619896858	0.395192872961951
-0.155397965070696	0.0567555369850156
-2.08945054266748	1.00301408981082
1.43834175748452	0.492373840580877
0.800395814789409	0.349613296773271
1.63693029241619	1.38875146650775
0.491828400596183	0.297507600462833
1.22961344412653	1.02276135831326
-1.1134553726955	0.768635109973517
1.06418037577159	0.647959037293336
0.941390219111633	0.624446151146183
1.95669114496977	0.512659458057214
0.428312840150197	0.179225286992604
0.14220865047824	0.069488410164211
-0.120452026656158	0.0732135496351222
0.144787921708386	0.0783468370816939
-1.35800770203171	1.13428304092364
1.01506967273718	0.393727571999133
0.148340847278699	0.0298858287200156
-0.356808855141014	0.106266364821167
-0.243889020737946	0.0813578121095118
0.800395814789409	0.349613296773271
-0.164722015635498	0.0602890209744299
-0.238873496893652	0.0813017835792925
-1.5085271959653	0.82341716190178
-0.344194360747004	0.203147875858128
0.306769267572817	0.184632844162883
1.38667089955631	1.03912795384071
0.779824418233976	0.825593934510935
0.460363817200947	0.311484727279767
0.611064087562475	0.431723426578204
0.293137391033374	0.187015887930549
0.527052634958363	0.40901212867189
0.937365775708181	0.894633678791204
0.264147652521847	0.194746025091282
0.00810328994529594	0.00434020849389572
0.459510244486631	0.315553269759961
1.05590589943608	0.525312104468472
0.150624071412035	0.0417658999466906
0.149437344912318	0.0387143285458533
1.43702700758144	0.471523509137131
0.147571338722617	0.0296534813215984
-0.257350652895585	0.129509634055293
0.349903596989171	0.175911265211027
0.145491028290931	0.036825262301477
0.146763670940224	0.0431466603484472
-0.40810048673	0.178693883932417
1.44095713729263	0.481289667170511
0.535894538660702	0.31554183709674
0.590983951033702	0.44271422505707
-0.700610498626872	0.547292295386948
2.73743313167051	1.64259095257507
0.637262513458767	0.428323045401736
0.346410309116634	0.180034990902733
1.31033794820574	0.586411525643316
-0.247091976152015	0.123540052552233
0.152025047442287	0.0883816094625566
0.0358623920098705	0.0211772781543766
-0.203471721394286	0.138888955288167
0.322085969197456	0.172555752631254
0.147298535161635	0.0299064650853773
0.938593829640437	0.25299923568342
-0.357881887790908	0.106221041283411
-0.317031036454477	0.151116677217382
-0.24177445301126	0.0824405666747071
0.146629727735194	0.037888595860908
0.696939727629518	0.448661169540399
-0.657804801473438	0.374789142470565
0.344836533503471	0.176799250960828
0.639983999900142	0.4414420868188
0.0115499527070781	0.00611765553007134
0.409732374631784	0.306481678136093
0.15015245468788	0.112495985881814
0.372410215899279	0.294676093785099
0.147722575625021	0.0978826743920958
0.0657908217394252	0.0466752105981229
0.273288337748577	0.211767547281467
-0.252368560650549	0.127768203178194
0.415177867238499	0.319447163478448
2.11019690553288	1.53010682783932
0.139168000229841	0.0433817694656445
-0.238853585534742	0.0799568001465923
-0.242831203844467	0.0831146567067306
0.433933958631963	0.184268182335159
0.141301354602922	0.0439626882643758
-2.08045540356153	0.95885487624036
0.807266999674609	0.341682397214043
0.433933958631963	0.184268182335159
0.84601769991858	0.604899461216337
0.644223116700061	0.800670802202293
-0.640259768971689	0.57958847838582
0.380712144109148	0.313037754122564
0.555975314035099	0.445770389556572
0.267814417369452	0.15991203809988
-0.452059356368434	0.347693477139164
0.242977136965798	0.19838731101945
1.22097279914986	1.00605077361767
0.167370055973418	0.110871603565038
0.514470138892693	0.188917830385546
-1.50772794244597	0.828052257466456
0.54159065280825	0.308283609538603
-0.320526132083952	0.143820903271947
-1.34762596313054	0.863108955174434
0.130424286684715	0.0573114008123404
0.420298954741614	0.298734413100415
0.835037209999771	0.771066608710346
2.58988698102864	3.17295662625426
0.499091039164836	0.441104510291585
0.440919775007932	0.312527940564693
1.33385868936839	1.34672121402129
0.136325554110001	0.0595656011406213
-0.804462179270897	0.628019376102792
0.959732457505791	0.980164032803027
0.901522132093555	0.757378505904449
1.10305268394769	0.982583520523643
0.264552418805935	0.213739898574369
0.770274578111442	0.583300917224002
-0.21126140442236	0.145678273574478
-1.02465568688426	0.901927363765813
0.264088167477154	0.209723008317683
1.43936351386259	0.496241204441374
-0.640051550461191	0.165024385486426
-0.158187554045835	0.0565943485529979
1.43834175748452	0.492373840580877
1.94980114249038	1.2510017412835
0.147298535161635	0.0299064650853773
0.643232287326602	0.463781724524759
0.658745275325656	0.506117940620367
0.0367998668790045	0.0229548826987782
0.634442880686745	0.441460385451167
0.345497630717889	0.173761545622922
0.131151447605417	0.0624610993151123
1.05114468819336	0.521438680931651
0.529154055562113	0.269906287596369
0.651571765273664	0.207237716455378
-0.112983538426825	0.0470207233563561
0.162017208747797	0.12201671974767
-0.517289971710345	0.387655730232416
0.82236731815248	0.852890592634507
0.595756906368187	0.414378185536745
0.14188067506036	0.0431347266598017
1.30642355803702	0.582529775776723
0.140257143383385	0.0435197137411983
-0.158723721967224	0.0597820347023464
0.150575043964835	0.0398742802241122
-0.802382563931808	0.446714856743493
0.88604424654281	0.490224672863079
1.07231346123531	0.667539850343274
0.681457182560566	0.301150656845385
0.279135224359466	0.184241962954155
0.280192088732408	0.187842521606685
1.31362492832117	1.46636072978618
0.15864103199482	0.107476699349804
-0.556929841092022	0.365778837103748
-0.365661393900896	0.258290097243223
-0.162050166265383	0.0928050716411737
0.0262773503015549	0.0153374753416388
-0.265124825327119	0.195980390542653
0.157256673658459	0.0911749449683429
0.493982224952935	0.307386944785005
0.304699663493228	0.198305650480853
-0.120901077500801	0.0732487765096121
-0.0690563744012679	0.0446260982448927
0.383533630586674	0.31547890810294
0.454954100821673	0.401430047861115
0.153650611191486	0.106691999718828
1.80420870620563	0.704228411225874
2.09639341003777	0.96268971713634
-0.311343604380467	0.139792936621516
-1.04445264019477	0.430927724065131
0.770566254700521	0.830961736110374
0.328339431907059	0.168115448535886
0.932287724535955	0.568032192713526
1.56119572521903	0.778152824659933
1.02307090575986	0.410762855321147
1.2260782228083	1.02586093526657
0.0413671343792634	0.0265512622281405
-0.287053291460814	0.268584817755983
-0.704274146475819	0.544547236462418
0.842839781232556	0.621843511966363
0.376393412252104	0.17397794081033
0.695135492946735	0.438712712653528
0.462147887890684	0.313417265991041
1.81022495003579	0.730499163381525
0.13909377710353	0.0664292490536058
1.44249195613399	0.885683135326614
0.558891564549716	0.426887350360324
-0.469228519923711	0.311697264681173
-0.124249750317957	0.0761561345553782
0.00833623807340119	0.00455393981400909
1.24195078671609	0.838080352894188
-0.413301993918686	0.239202002982532
-0.53110506213926	0.200504049643946
1.23494897047826	1.00928485971495
-0.0945576710778117	0.0580444762585417
1.86081952402877	1.97417705293623
0.143786222535581	0.0779618340505276
0.0408912784975621	0.0248427308025392
-0.0934881561019044	0.0550125976816041
0.29409199344413	0.188475373892221
-0.507895195371129	0.263630222496896
0.144224022232693	0.0618545871823438
-0.36159750466634	0.299467150276272
-1.10717861470911	0.723810394548641
0.304016451287696	0.194287856426215
1.76336140797975	1.35398070942206
-1.47224668692396	1.25629995592624
0.646662109150989	0.458948228655131
1.03047188311958	1.09083849219129
0.146292761108282	0.0701658927610623
0.133818543351501	0.061980468203557
0.4941900592861	0.300626323535587
0.0364036600765788	0.0225945511501956
0.631388615709119	0.569987126720274
0.147298535161635	0.0299064650853773
0.141256822258265	0.0430610911785714
0.149437344912318	0.0387143285458533
0.940190643956033	0.647106187378965
0.774036662610081	0.727908704584786
0.771033244697107	0.730483318831141
0.350843574765857	0.177750529399185
-0.242831203844467	0.0831146567067306
0.595195779357541	0.51845518720921
-0.658911717036691	0.651854224010484
0.339166210303691	0.292503543138543
0.136954469378316	0.06485421874667
0.942332563848746	0.639310076524672
0.339914294780729	0.299807956367914
-0.259051790991081	0.191382941733986
0.438080983334306	0.178894506593044
-0.539110813223045	0.215068803165058
0.310203582791588	0.17798646494084
0.366442061417494	0.305042720413208
0.158309735758689	0.101969003538036
0.0104772132586494	0.00595630894693745
0.148904129148403	0.0937065558846858
-0.636440752837538	0.160851189766091
0.51148169824987	0.191918737086312
-0.612181347527251	0.289782600300067
0.805365788812533	0.350514400538285
2.10684865007886	0.891671625042323
0.150560074304193	0.0929606202231733
-0.916094952020644	0.794111514000436
-0.633001454986721	0.555533718731718
0.48691143968867	0.303685903930102
0.597308405446775	0.457757869534043
0.981806366705086	0.807137327301009
0.556783948811276	0.445981230364697
0.297905475804685	0.195813074624079
1.11105054189855	1.00400101268572
-0.109370479035386	0.0444671575542094
-0.664147997944797	0.409959643236575
0.587445499524002	0.309968971576882
-0.202128891674813	0.107973886353394
0.133604975034493	0.0581157200841905
0.141783912933676	0.0741431965183332
0.293750079402167	0.198548563821518
-0.245351097707141	0.166254073129278
-0.0291388984795004	0.0134128438368863
-1.09593574720033	1.40250947154163
0.15709532287895	0.10467514641727
1.21673955085989	1.34634999519112
0.701995721545126	0.46272056053788
0.490475657338995	0.303081093161911
0.635447910295282	0.443749522770197
0.148340847278699	0.0298858287200156
1.44209953569596	0.49202318700838
-1.53151586580405	0.574497786496295
1.02577452328366	0.37804149279276
-0.0786464126013265	0.0348931719475828
-0.171771794295408	0.120516913018141
0.141470322511229	0.0583144079320005
2.74993176721948	0.830491289829378
0.90232591061533	1.01573302975331
0.889602935023701	1.20388000144242
-0.0939171986108604	0.0569941531843215
-0.319136867591747	0.230780240141055
0.459383670633029	0.30779597489304
0.646245966228502	0.458424134548739
1.7485125648303	1.32826875342477
1.11774316386354	0.964833579300449
-0.248815904999979	0.159341989543559
-0.0216954662132897	0.0150335743289131
-0.0690550314589715	0.0445334530702327
-0.332072057540595	0.146174802566568
-0.527457409888756	0.398664474606199
0.160330340522984	0.117165830921441
0.0949878792484251	0.0738921848927092
0.146551189287031	0.0872922364070506
0.437512157361129	0.174114904017061
1.1093832077565	0.983931781326068
-1.99374976217302	1.38054811163896
0.412679789483414	0.305993154627542
0.300335219677822	0.198255030455093
-0.464476393644926	0.367639110038355
-0.0694425614468864	0.0313575716693679
0.153754046128983	0.0977700339069689
-0.132777402304031	0.0792198852371395
0.347879314007123	0.288423325300518
0.155639373212871	0.0972161205569087
0.30131120549735	0.199093598373719
0.779554195984937	0.595511232570797
0.433650080786447	0.159061547968481
-0.721654260290904	0.631932459969195
-1.49288471919815	0.985265747672096
0.773615776104945	0.456623276701701
-0.118184441653443	0.0702256165009981
-0.201121812133549	0.106845410078289
-0.545914718693518	0.210318090533408
0.157244585014558	0.0951520471331724
-1.11466266660174	0.767215564744385
0.0483182643118291	0.0312364011640754
1.42527864142133	1.50971593837655
0.422147611260927	0.166018367131734
-1.04455783711618	0.429867191818012
2.75454479012304	0.83106470770351
0.432431492149292	0.17590977131897
1.05096383373084	0.536573784989353
0.0584106683469946	0.039646150414812
-0.407356409147146	0.176542053810408
-2.57959143539798	0.718828611548918
2.3436553166305	1.18285541164242
-0.0381998867003534	0.0254108174977499
0.0759558080180704	0.0559960486137858
-0.159094940776029	0.0934279358925851
0.405615740768679	0.402512731835647
-0.2508150176225	0.187797002132953
0.973753997069609	1.09695189331697
-0.0809692187806481	0.0523073541281766
0.144013731109022	0.0446680190904957
0.456133199304363	0.312754529842575
-0.203545273444813	0.108431639871873
-0.134888148712176	0.100136699922772
0.158789661481051	0.113416577424776
0.157773993532737	0.126304912929458
-0.249088561119379	0.194161745200022
-0.306863455659788	0.278309022432114
0.456984879065189	0.314097643544403
1.07781735760752	0.665297050680034
-1.15817014394301	1.30208421347161
0.44185279705007	0.306750745134611
0.162518915216531	0.107986206499007
0.148227769240237	0.0838433387627392
0.139750042872507	0.0620535895618652
0.298159843028253	0.188516440075416
0.290381859993189	0.181893765445938
-1.28471243188749	1.40616987316663
1.57151252823794	1.64882734310323
1.09656460464498	0.830220507090491
-0.12260365519887	0.0720963433421228
0.324827041926318	0.164429871715953
0.38455145908728	0.174696419129034
-0.782950843207037	0.358360093569934
-0.663541882458153	0.408872380460696
-0.417433599670816	0.238800706497501
0.163298323505958	0.132171764380574
-0.0256631893856287	0.0170209051005069
-0.158104159059116	0.0925865523495551
0.371166952576213	0.299076933336728
0.515434282856825	0.189893922753989
1.04901113323745	0.508679434193113
-0.997796204201336	0.526527263663833
0.512265250385676	0.189798038552219
0.55732947257896	0.514698484085383
0.770807308208865	0.462024169520933
1.3052967655608	0.579872912778297
0.353378935911101	0.173844360361968
0.0290900451468388	0.0176840970305467
0.485278237963969	0.488898401779211
-0.128735561925294	0.106879675444917
-0.000384995577164905	0.000328962382852498
0.915011476647997	0.991245707829086
-0.138971321911119	0.117175195615767
0.528119334990172	0.427686281239557
-0.00502286881690944	0.00351547832465287
-0.194831882511989	0.151901203673745
0.268451729705408	0.206665797824228
-0.939940564728542	1.14915903238058
-0.610800082766022	0.291640318482976
-0.806362389327893	0.523036277018201
0.0449754655420268	0.0291946063874042
0.853133061391316	0.917336783845678
0.765442389896462	0.790788482913314
-0.9933024417778	1.00898407591427
0.00911460974016693	0.00618019188379061
1.10384921752164	1.00564578152528
1.07533369547328	0.678826492716159
0.141481841343231	0.0702566692172055
-0.00687267644845671	0.00490303461628103
-0.633140099697069	0.661407073673529
0.0195195895701468	0.0109665203324335
0.354421745813843	0.298541474009863
0.172118021658487	0.126718165230316
1.2584648924379	0.726561423807801
0.330068342184175	0.183491046000774
0.663467698581766	0.663265267486383
0.676770152997384	0.326501834955837
0.134918881869654	0.0533577160510131
-0.166323084199208	0.0624224519468323
-0.062456486562797	0.0260369987122872
-0.746356613660589	0.273282091273725
-0.53876765602999	0.204418097539014
-0.0729337977028532	0.0321775121310788
0.856264260503403	0.614571316743017
2.38829527221135	1.81068027493968
0.904427880971342	0.787384140398372
0.820394159659424	1.34276795975522
1.21348534418268	1.48690849414239
1.12140492248594	1.25666529422181
0.149502332048857	0.0831106946367697
0.241954859378381	0.219130538869192
0.601797395059335	0.780725750176288
0.268742692200829	0.193924055630291
1.31485751349558	1.48193871523594
0.924686366856192	1.12200085222272
0.152288512072476	0.115184690199618
0.525712505297699	0.432196393784816
-0.245942388390798	0.163717436577854
0.281834250683124	0.188471254455171
-0.294121958054521	0.274948993859797
-1.10830492579013	1.21720615694773
-1.00477565033208	1.58549238297858
0.542595570101181	0.539901940597101
0.983374582292097	1.12351099062945
0.141791468255609	0.0815616462834992
-0.480761952064844	0.464506488849577
1.05087445963542	1.70847254583844
0.149358868501619	0.122188232161399
0.946246211144014	0.916829764050797
-0.319062346394082	0.238751336651604
0.246598486818848	0.211393027211023
-0.0855133562868364	0.0714806522326008
0.834553542554824	1.02812300108479
0.371783099373682	0.308526187987077
-0.312761029575332	0.236551429591836
-0.172372812556925	0.140820448870562
-0.191860963310534	0.154863138893084
0.284823244868982	0.19019994775834
0.88604424654281	0.490224672863079
2.752067120414	0.822295230137003
0.936593763299916	0.259936987760241
0.139123744261362	0.0424510535879042
0.147571338722617	0.0296534813215984
1.05257611223843	0.521964256157144
1.21111485784709	1.05335572239083
0.77072696658026	0.82797851410745
-0.00846035213634979	0.00589633043885399
-0.044903020101637	0.0285413842969191
0.299584281625376	0.189343350148628
1.23065539865182	1.02868610658457
0.233625129814847	0.225248026944148
0.900180283905995	1.01459886903656
0.132436901408979	0.056875403771735
-0.74111878729607	0.272048451943737
-1.3580036432593	0.712599203993995
0.156260377691968	0.101898324830962
1.05304363778138	1.25108175485578
0.321948375168856	0.307838657696923
0.289341350718326	0.201913493162014
0.149103744455169	0.0791566777889507
0.303527711920519	0.288082562926735
0.59326761494024	0.785302253429323
-0.0984552437024536	0.0620403839583175
-0.0738931747940454	0.0334333663476394
-0.531688194853914	0.511335853663948
-0.100070422145225	0.0617844080841859
0.333997924055502	0.180951313583671
0.151592021674215	0.0391867731421967
0.147298535161635	0.0299064650853773
0.151714458282224	0.0388912867750066
1.44095713729263	0.481289667170511
-0.406426428371768	0.177501146399745
1.2603776339676	0.711572614975651
0.591068441978411	0.303009016293787
0.950634055542688	1.09734730970191
0.108873281456276	0.10240796452607
-0.068239221827859	0.0651028111976812
0.15185098259841	0.0947701839885084
-0.265547395635768	0.226779715258245
0.0344411431251676	0.0211605377505888
-0.896904692381097	0.803911013021247
-0.321611269368514	0.155016575716993
0.32108402093292	0.178404648094719
0.800559509093838	1.02724259007511
0.721094184059117	0.704304050842982
0.65649188754849	0.213828185787937
0.262258709864082	0.206607710421429
0.129420045606031	0.0513312979752865
-0.799709673912783	0.597443295640623
0.237254698298047	0.205612769231408
-0.638954644635542	0.163590857835517
-0.237695463640661	0.0816413996844845
-0.644811631848036	0.161435053009276
-0.639856157010912	0.158868155145205
1.01615593644892	0.390073547921814
1.31323678956701	0.580180307340911
0.540482555717804	0.305681309916379
0.774955113048572	0.463884256612563
0.22257726761071	0.242165478416977
-0.0430317501849287	0.0333455176263735
0.0164408151412278	0.0142351128976582
-0.145725185989305	0.130249937135419
0.250105198929942	0.202380044632346
-0.164948274102532	0.149993210620954
0.243900474007856	0.221106711128379
-0.487306921214672	0.306923758435413
0.375228947460346	0.311084137779277
0.422861170569934	0.292852879174755
0.153095393875604	0.126732644462667
1.21038032626705	1.48334727771563
0.579388624151717	0.775122249807712
0.167052969148382	0.126473680235783
0.55259084574058	0.505735785702125
0.563119660421758	0.541356321842858
0.733114003483865	0.704657512741559
0.0369267272239569	0.0270170363275212
-0.0688103569969583	0.0309402095996667
0.031871406144988	0.0193560995897049
0.682056707834494	0.331149792038312
0.347677970929793	0.172954288842628
0.387459789745853	0.168951547310598
-0.407781336793036	0.178251750307308
-0.0710510061502885	0.031235855566258
0.132213572922773	0.049171460001243
-1.1778343974266	0.694231004335433
0.138110400502716	0.0488174440941719
-0.0167318145106089	0.0082855859899215
-0.505973617707819	0.274019150174632
-0.19522820900561	0.10379569855422
0.527286098038284	0.433295276294788
0.323626969361225	0.183645842574616
-0.0211788151771242	0.0143711034258294
0.812224503834528	0.962041577132488
1.01943045241086	1.36461685228376
0.490629740480874	0.578909846915255
-0.0425017980240044	0.0385626361656476
-0.779678810693398	1.11429941373959
1.02631511981849	1.41642886359985
0.835508587355274	1.27833815974724
0.651516663249249	0.719599296403316
0.858972397532155	1.20918846384025
0.0485554495761414	0.0314340087775462
0.0767795988205027	0.0568546817033541
0.717371838324863	0.591552753568681
-0.158723721967224	0.0597820347023464
0.135015906227356	0.040886012118548
0.936593763299916	0.259936987760241
0.931642182818432	0.248244381880994
0.935246138970806	0.248912106101082
0.146530154194694	0.0296723933695664
-1.15064167724211	0.346681243171548
-1.14948503307875	0.354612480039932
-0.66412245285151	0.392191893168045
0.32692444116616	0.176317254030539
-1.04038355317258	0.428241517084643
-0.0422690399338486	0.0207416097824475
-0.190386068183035	0.185110429142505
0.769512021615713	1.16351296855799
0.167810076585073	0.13763056067229
0.239620635078775	0.218057026659725
0.435410704051671	0.408854968720239
0.857981234486619	0.959187283345254
0.27189157124588	0.213376757000062
-0.0467395268735282	0.0305899745909609
0.49236469349102	0.420443777817262
0.51916555375926	0.564568119280409
-0.707033871695546	0.854775835358574
0.590355633116936	0.63622508058939
-0.0564903531954093	0.0375315937876692
0.723465465504662	0.686566319548366
0.15045336866841	0.0380860428865526
0.506342768935983	0.185936116630899
2.34462024913618	1.19242989951961
-0.751527371318587	0.250356063082649
-0.640051550461191	0.165024385486426
-1.53151586580405	0.574497786496295
0.939102233359381	0.253860909335715
1.54921238725221	0.781847457087024
0.429017423066285	0.178826290408482
-1.53044856090243	0.571635312320433
0.142818901860482	0.0698887171873766
-0.12332591990981	0.104524997761793
0.306560759084174	0.303763935779785
0.425057856522199	0.473933709212232
0.154576692418551	0.134587859586051
0.0381043294193856	0.0321290102853866
0.693716237811785	0.743669266543306
0.328139248421763	0.304614984286499
-0.15387092259439	0.124877141939225
0.590815405133595	0.638715856948921
-0.292841162783316	0.242492172126217
0.566800026996047	0.525804906242049
0.161281468689222	0.144059073044911
0.164204327560839	0.126115625099921
0.410725264088859	0.305828284268672
0.651667690961163	0.21021458917332
-0.238758896681001	0.0823215813233085
-1.67884306929563	0.900349531928312
-1.53292188135986	0.555430504293838
1.76085529779767	0.999749334122049
1.76385672024962	1.00129969052965
-0.107853873206155	0.044646605926324
0.386772003157273	0.169322902999339
-0.201700018170439	0.106535145823316
-0.255232577386111	0.13337978286968
-0.155591378407095	0.0903147104926948
-0.501410913073553	0.437039735783587
0.779903131013055	0.843397675722548
-0.482971742032773	0.587509051563218
-0.721165864530727	0.88059753443753
0.844616179349255	0.922844676094923
0.248499694008087	0.195768786253628
-0.384503545418893	0.344784755990151
-0.240083934250624	0.203603167942648
0.492408600920722	0.308556213010999
0.154785492734777	0.0987203416834761
0.158471219555495	0.0937375005564485
0.254935907941529	0.21544310797222
1.07316861718606	1.43704999279655
0.585597183228802	0.303646374123784
-0.167313772674373	0.0633554015250668
0.895078034312574	0.735965064055263
-1.83173442662581	0.750376196954039
0.346134172674001	0.173725319335176
0.510512288893379	0.190903082327193
0.133313359008765	0.0529139670530438
0.484348210882198	0.290788670439731
-0.280048794490018	0.173435213828806
-0.579142831863195	0.537034379986218
-0.180200085336908	0.126194576720877
0.884009015855013	1.06898908084572
-0.0265052464417666	0.0170896918142758
-0.548207558642717	0.582037118933215
0.743740999378621	0.980856376616236
0.154725255749819	0.106665467686843
0.0605645762082059	0.0428708013065442
-0.0606587259865469	0.0392366278014858
0.0689154248729655	0.0507457084193002
0.133493902760053	0.0468914742396047
-0.0158752190885403	0.0080085240290521
-0.116138584749906	0.0480086969068476
-0.00912812273767367	0.00464201622060333
0.14159819592744	0.0686691602684553
0.229011689040517	0.208193156074182
0.0643183828113848	0.058543669670262
0.884410012363678	0.482007561508547
1.44492865504427	0.94180148871399
1.02197830440715	0.411558328281195
0.133170295037261	0.0471660602339594
0.846014168353242	0.613158087428698
0.83355305648845	0.767986433380508
0.59543694601638	0.32043616219961
0.596542677731798	0.440947587702279
-0.0563728138740812	0.0429304965786299
-0.132849196860933	0.105828142643057
0.24785064065675	0.219873067713258
0.934697933413249	0.905222847823682
-0.126440430128142	0.0936058987822872
0.0225457219579379	0.0132133572088182
0.0593191623935856	0.0396158298078442
-0.479063881873801	0.321781306557257
0.149502332048857	0.0831106946367697
0.568750864260386	0.555651040208594
0.149080411884333	0.069742790919064
0.491078574932567	0.302964597300887
0.654024657256192	0.676287497812322
0.0347553984344229	0.0279742934496413
-0.0438500923295759	0.0300005046646962
0.564355736714703	0.517431542160381
0.6775075979405	0.327505243672271
0.888818113672021	0.485958003869941
0.659126706790713	0.207600898820112
0.430313654304442	0.17932749089429
0.140317584452844	0.0668049806142126
0.12846076599153	0.0506083201579723
-1.84011043275841	0.791356332498899
-0.109489202125829	0.0443809981409605
-0.40906737712132	0.178426595528026
0.76843920891196	1.186303361025
-1.62975274166459	2.41493159409894
-0.21274133867253	0.208622930862599
-0.14001409230622	0.117783811981093
-0.0354487748886785	0.0234475679783384
-0.0972108616298459	0.0826186070667625
-0.676063135216912	0.699674929181647
-0.973034830749228	1.42614802892906
0.482626006876711	0.54583671926217
0.274522963134716	0.208685783378209
-0.265327364137847	0.254301399138433
0.160188253023113	0.126680450189865
0.455770214872794	0.485214839083136
0.941761996838459	0.875540474112455
-0.198960960313625	0.108106913644422
0.851117781877161	0.625415830749936
0.380834551362335	0.176107348240231
0.136595140636895	0.0664527732112838
1.04766979758474	0.525115403859718
0.675814425423372	0.329965675573687
-2.30058492945105	1.20708575092849
1.02093296171078	0.395881039160233
1.54818653525713	0.772855055161654
0.808120594371091	0.349800520545598
-0.168166496080168	0.0590246161156032
-0.00985489064221059	0.00490080621562028
1.2184692888234	0.943834274322172
0.494793771568306	0.316643926654648
-1.23636363553546	0.925274498073661
-0.117123581059233	0.066425080583566
0.275938729091477	0.195574001338564
-0.883510170958764	1.04161514534891
-0.369481377800178	0.307363493349943
-1.68861470356309	0.970953327287667
1.12316632175817	1.14534248177664
1.75481785700068	1.30457081789874
-0.114746312805183	0.0471671313946375
0.322085969197456	0.172555752631254
0.881828974709418	0.467494024816637
0.352789703254735	0.177483320224794
0.167304951108633	0.116234633344258
0.00922486097127605	0.00482913004172638
-1.50387806357019	0.813421648198263
0.136059592448409	0.0420203261091253
0.707283172253141	0.453789190937865
0.132993910304649	0.0523687456023297
0.639199950085656	0.440472638617932
-0.546443693407342	0.321941606260748
0.354007789550733	0.172829690672546
-0.548003225093997	0.206445864302349
-0.116138584749906	0.0480086969068476
0.799517177101588	0.340776462790705
-0.497707366573572	0.266411119782148
0.129695656816751	0.0607540859657966
1.0554843108773	0.494673559098413
1.22355756406691	1.18139134992808
0.675505061732839	0.32539373588274
-1.47024378087882	1.26166942457879
-0.596389392628334	0.450304987370377
0.0219309407423537	0.0123149895984201
0.46072987606363	0.428463781197108
-0.815661815550985	0.578169029028287
1.38228439909283	1.00188269639799
-0.209339512446962	0.139979305220819
0.12260670110768	0.0433759663135265
0.525668154953018	0.29429960429154
-0.0129407380216028	0.00653421573326554
-0.0780347986770313	0.0342746690156798
0.439152609451529	0.38013038305782
0.354038162294759	0.178211307842271
0.485928095752576	0.305372454162676
0.138799006280562	0.0427246721841037
0.511389441373011	0.187174337334293
-0.105146590737978	0.0421575587938682
0.128566206565294	0.0545815135326985
2.54548214829995	1.44792023795126
-0.130628979048355	0.0454227448506387
0.139752480599127	0.0533548690902885
0.134054511289016	0.0472844272232309
-0.112290170395549	0.0468012113249199
3.03629790521996	2.24568947837887
0.886368011412162	0.497184531027411
-0.318832326376627	0.146150738741411
0.288944516187556	0.201553609270762
0.159413812019328	0.126532987415241
0.107078589118789	0.0948980261018608
0.153963040494732	0.126809100470576
1.28278760630898	1.7308653147805
0.850143488553791	0.616525322182025
-0.0100759207856537	0.00525151713002886
-0.510039744341544	0.365850956208925
0.910133217415554	0.757976524767757
1.02416295726254	0.399619057748199
1.45687491839814	1.39097264845427
1.44991899820449	0.93191090480766
0.136988830216456	0.0592779959382959
0.129353817157867	0.0456019081276057
0.326414211323231	0.171948408948311
-0.245532047042317	0.121637117472927
0.72017393078922	0.593044137362081
0.254691432882006	0.205082043626977
0.427841024601788	0.173939591652273
0.160491178751043	0.108184107733015
0.297019909061816	0.195652308754492
1.05553239104095	0.520062856611904
0.149437344912318	0.0387143285458533
0.654236796829969	0.213945380780958
0.375787498989659	0.168804512202322
1.80645861802765	0.7291787063689
2.11203958227341	1.54601282187751
0.133579690367889	0.0593178068344119
0.695152611066165	0.403061077869558
-0.0407018973064402	0.0199242455274434
-0.801630167105952	0.444516581032954
0.147108111480297	0.0779022397684329
-0.248864358807804	0.125140781658153
0.586317510385575	0.284066705881094
0.981009851397756	0.772595094883438
-0.893036136266566	0.909750904710588
-0.683052340606588	0.738691695868418
0.266882803250203	0.212513331944825
0.247961684639496	0.207466187994867
0.475319695872443	0.416936349264038
0.851413151880603	0.98588126126535
-1.39366905043656	1.87543421557528
0.690671452734584	0.43582665461174
0.435093188192979	0.311811667616553
-0.16283288954292	0.0610599506391972
0.139123744261362	0.0424510535879042
0.147108111480297	0.0779022397684329
2.10019721953434	0.986561337015099
0.679616972834013	0.332364292690082
0.141256822258265	0.0430610911785714
1.44232208170951	0.929291058365461
0.143965325031614	0.0428435558990404
-0.127995376671405	0.0757943581567205
0.773088162079568	0.452367309069286
-0.351968949476842	0.202199911698735
1.02378108346407	0.900133803550042
0.158379860551421	0.109573186461426
0.523842337296447	0.597684885237053
0.158956489306523	0.134846409923936
0.666491811292046	0.710931931853445
1.76417909073067	2.73885702792079
0.444292965698302	0.411971456607304
1.05611864961423	1.15093885101706
0.812389299369663	0.348842745446089
0.428374815586319	0.302540456625299
1.35079221375954	1.16283111072679
0.150107846000936	0.0700567892609295
-0.998426279644881	0.505438985948541
-0.409702837306896	0.175399016182448
1.23362453741397	0.796018926886418
0.13307311710338	0.0548593553568813
0.32053061167584	0.174368203874437
1.11988830939505	1.12376361362485
0.887905050706166	0.485744167852639
0.592507124515765	0.454463676909951
0.514288493614109	0.189673710275625
0.677956182449758	0.32614533172492
1.23693032459116	0.835918222194879
1.75927831024406	1.3853520598003
0.460363817200947	0.311484727279767
0.140942702613077	0.0681811135518664
1.26036346454945	0.72555161132246
0.130232203016104	0.0459791364778521
-0.0950504289624442	0.0585221979686263
0.642719170322552	0.454935450149234
0.383382925975463	0.173969910760165
1.44139981051266	0.930835334735118
0.822500602336786	0.726281343021035
0.804789254565096	0.948965859999733
0.0727729955492922	0.0504023088306498
0.598425339822993	0.548692806730996
1.30886833799725	1.48102350860174
1.08072188448198	0.63875931985217
0.139168000229841	0.0433817694656445
0.148209504221931	0.0373013479875106
1.44271427890989	0.919036142009243
0.845821696737019	0.631673993313386
1.45306060434706	0.90029653429341
-2.48794294319839	1.46412649741973
0.669800075164002	0.31819194663992
0.484911716631328	0.299898461826334
-1.47340714340941	1.27490820884982
0.346435576722634	0.175015332848886
-1.51179238200635	0.764667242809514
1.6059293862015	1.08791553922085
0.0115499527070781	0.00611765553007134
0.304699663493228	0.198305650480853
-0.0134620138519644	0.00668567533865687
0.430330320786293	0.315542471701838
1.07297002917084	0.666106970803866
-1.23724268577857	0.879045496771388
1.31033794820574	0.586411525643316
0.132285669375004	0.0464856542526071
0.513322666607543	0.19461455271516
0.154202638323454	0.0388280986901736
0.762267872791821	0.536793834007047
0.323647821129906	0.174992654278274
0.675642645626666	0.58758379766066
0.261307695135657	0.206028653500249
0.517287709582783	0.188113630178872
0.322279187459007	0.180589919072338
0.521507440858083	0.283427097916951
0.929866874514221	0.901635779443637
0.547521478380584	0.419593241031576
0.670999512622617	0.732262924681847
-0.253775347622275	0.125873770579182
0.159189503062038	0.128409515421227
0.291278337473121	0.19280286513404
-0.157728215755782	0.0882957628156322
0.892409319649365	0.760021217852517
0.59641100875906	0.442645163035107
1.25677344725215	0.70388519955026
-0.403979824664925	0.176521636526113
0.515343738913303	0.189592023798935
-0.167959560593104	0.0611486891241379
1.80758447803752	0.721280060796327
1.26186768834106	0.689451119463823
0.883226528260553	0.482977459897994
0.125318748351735	0.0419420859984512
0.296034320083202	0.193111072658278
0.694330381840244	0.691117121850028
0.650204222663962	0.68153640058208
0.63814727576074	0.459871829358639
1.10594015012717	0.884703281272811
-0.81232975439977	0.713455190332126
-0.409453242426249	0.275461065289773
-1.29243507279778	0.627236410714804
0.846984799982512	0.62700612342459
0.138155455403761	0.0661087913927171
0.141339950966228	0.0619620184926446
0.136206023862494	0.0473598775991366
0.656440753924413	0.213319986430999
0.138071567979321	0.0552000006911784
0.61534800810927	0.627486864031308
0.820577483345111	1.17157600957536
1.07126515030586	0.661894488642054
0.833742204642113	0.691425720012734
0.51139490014706	0.188536326586076
-0.121268751251617	0.0471433322741165
1.02691830817808	0.387716824616512
1.23155837063003	0.839144666943167
0.727821307750673	0.717351903900273
0.428820441228232	0.308785192284178
1.22611480544611	0.97641550874696
1.07578501436428	1.38145082546856
0.293787044830508	0.299060407868826
0.109371483041486	0.0966935359720408
-0.437679384764625	0.450298443282784
-0.816016954494982	0.970318057275849
0.377882388248239	0.30603215150838
-0.100090416876872	0.0762601501486464
1.10821774547201	0.957688232070308
-0.55793918207882	0.348962828649305
0.280720279490433	0.18793110510931
0.0495968509982578	0.029318953668407
0.172699880635419	0.125151304433585
1.0151110055432	1.38337264930853
0.38064732880269	0.37737329344822
0.883816981304984	0.488104624425918
0.891875944374109	0.471789283586129
0.129353817157867	0.0456019081276057
0.587538392700976	0.437526886644714
1.04398086341299	0.521963529568112
0.507314759881854	0.18579191940278
1.0499764571657	0.520887062262922
0.508189023133321	0.182658918043607
0.504324074413475	0.188223232242347
0.353699161130284	0.176909642185609
1.08958862099746	0.822237294432192
1.088989770901	0.819915817367272
0.149847988030744	0.122297569151204
-0.108201743282512	0.0437905766619508
0.0770466364025341	0.0588731320525295
-0.474470354297007	0.485525957219115
0.379305139661651	0.176204013144254
0.152042842005794	0.087807893804179
0.686577770473187	0.419880343635617
0.867512581966432	0.893190987676561
-0.324056895742629	0.150246964027103
1.04018230236362	0.487499929815275
0.489491668279776	0.314789911568136
0.43949538514528	0.317676313068331
0.138290920974107	0.0547733712679783
1.4442274604086	0.938123011895745
0.673616400606204	0.317379051643673
-0.242831203844467	0.0831146567067306
1.61179248647147	1.15044114722927
-0.240793683980085	0.0802221353379919
-2.09041081083363	1.01234387930685
-0.162644160110906	0.0616497483092917
-0.666534326212395	0.403716769546891
0.657996156142382	0.207163494216171
-0.0463838032298079	0.0221945806589814
-0.643714364473613	0.160090454835933
0.67583354563322	0.314043346991986
-0.540279399151712	0.216641309156028
0.350583844248526	0.168901378512528
0.133623950188981	0.0619141444087578
0.431627439639038	0.308948584870805
0.0230465089814118	0.012974151058517
0.355932695102889	0.177862732064278
1.32411506304842	1.3140661059386
-0.0324010436957578	0.0213879565870597
-0.530674861048509	0.502595813347833
0.503356017640465	0.183652552637295
1.06916642123486	0.675036656522525
0.322055340490295	0.178097491955902
-0.590976188773645	0.434724239958879
-0.235757734816455	0.0801423601127761
-0.407356409147146	0.176542053810408
-1.53449212145706	0.567056159779366
-0.502790501349678	0.257731525349883
0.431624531187394	0.18031244099903
0.293009131249932	0.197288584660238
0.490253871168148	0.30354422920693
0.386531155276754	0.165596988830333
0.710753219985701	0.583322471042114
-0.233830271346971	0.079880351732573
0.941110931973215	0.255363319569636
0.142923338097577	0.0435648827361028
1.05078391118327	0.523017328941423
1.04299804632333	0.515797885440385
0.141301354602922	0.0439626882643758
-0.994468883259545	0.500869651939237
1.44363988232756	0.914592758317666
-0.404620919682797	0.169927636280537
0.141088182552436	0.0585337608626139
-1.8369920889684	0.776375821449157
2.09914980513481	0.977847917859047
-0.0726266734866235	0.0322265313834406
-0.239632218105354	0.159251225584187
-0.482655891605477	0.458226403809704
-0.410715977743729	0.328311394213699
-0.344148847006521	0.307803969414156
1.03636885187554	1.04768387067186
-0.440815574524772	0.423298479448656
-0.519245441211309	0.528762185145495
0.780179493875137	0.727545703701163
0.133313584650352	0.0469867759264736
0.619539955832716	0.543509052791532
0.161259768833136	0.103316822289845
-1.26588988937911	1.04536995151646
0.405583050277344	0.309406382404505
1.01921861300587	0.396644684199019
1.43936351386259	0.496241204441374
0.522913728964874	0.439911761356305
-1.84315863125403	0.748298153660836
0.942726415320161	0.242051655471231
-0.414562162299593	0.177338418227925
0.143965325031614	0.0428435558990404
0.685943825873636	0.316194440141444
0.141301354602922	0.0439626882643758
-1.04243230844476	0.442292931729212
0.133515424911285	0.0385975549292469
0.937499190632754	0.261653783809326
-0.41717394272444	0.177300143401009
1.25625759353501	0.703046683170568
0.1274521234944	0.0438229874199101
0.311203481028235	0.179094504895734
0.390084064262444	0.314175375027116
0.82231170027118	1.17021156832587
0.262726302484882	0.217346573093811
0.0111413018771463	0.00809285874350825
-0.43979887638854	0.412196537374
0.0816413422242272	0.0624302995208929
0.571160479873957	0.687384125771282
1.26325462822819	1.8251419371853
0.358559597314092	0.3090969310108
-0.321063004635783	0.290422636732036
-0.87172939997328	1.14128138375903
-0.193209381331168	0.155384569813569
0.308883973140698	0.308946681453667
0.31354921813001	0.192820594672006
2.74993176721948	0.830491289829378
0.935501999577219	0.253169576056372
-0.641202061456385	0.157514466192046
0.938593829640437	0.25299923568342
1.80753895631949	0.735539281495884
0.147298535161635	0.0299064650853773
0.93640634666493	0.254775499038721
1.95669114496977	0.512659458057214
-1.52930838704928	0.565957082481742
-0.238853585534742	0.0799568001465923
0.504409395371699	0.184669266254781
-0.0135063587194934	0.00683052436704816
0.240051580613596	0.219082736977854
-1.05605775278546	1.33743015647664
0.878893660079567	1.06658559418103
0.3623748830199	0.388879049278654
0.434935853562131	0.531385454799391
0.329640090205275	0.310527697345007
0.330183258476898	0.384539294119829
0.149945338199776	0.0862709222804071
0.416210510507708	0.45793269636351
0.657996156142382	0.207163494216171
-0.150806225421034	0.0853590446009033
1.95997232694509	0.502827444432226
0.145491028290931	0.036825262301477
-0.640951987120562	0.160195969285506
1.95997232694509	0.502827444432226
-1.79827108630004	0.44343860950155
-2.58035413683893	0.741528858997695
0.648588432898613	0.209676886912635
-0.460918127208785	0.563607821105608
0.933208014466203	1.14138455714709
0.246706791408312	0.215932710530191
0.639975910054203	1.14940638765462
1.95669114496977	0.512659458057214
0.515365063398898	0.181388681197501
1.04586870562244	0.507036019816774
1.95768385432882	0.509240283014783
0.650083594088129	0.20608635616193
0.147298535161635	0.0299064650853773
-0.638954644635542	0.163590857835517
1.95669114496977	0.512659458057214
0.147298535161635	0.0299064650853773
1.8113541055333	0.709694942877597
0.154326265881988	0.0396696710594312
0.0172770607148076	0.0149541134596458
-0.0998131372486237	0.0627501474038842
0.431848175969041	0.301021261395759
0.426405795448115	0.550861503949209
0.512447994660229	0.187104970517948
0.935501999577219	0.253169576056372
0.155924867315498	0.0372729184782262
1.01925597811256	0.409912776295729
0.653820669882355	0.212563455486324
-0.238758896681001	0.0823215813233085
0.647466363634098	0.210236164771066
0.650543326706461	0.210772841656387
1.05230783437061	0.518942440649995
0.63929203566089	0.440019153383533
-0.135968806425816	0.126844771379963
0.600103158489795	0.773671271814439
0.988366860977592	1.15018581991707
-0.638053781472973	0.159413989769262
-1.15049600332665	0.365062590327348
-0.361689402338145	0.108124975750703
1.56135509044074	0.807151003503648
-0.359014070766392	0.10669384643532
0.809755790068086	0.321679045370127
-0.36050307261752	0.106458318520891
1.0786055507732	0.630639099993887
-0.895484226274606	0.911799904863163
-0.468347946885471	0.467535535829328
0.49871584313674	0.5007515115938
0.541684059182484	0.730387343900478
0.143823190554174	0.0286863588662954
0.148420534192756	0.0374024025336795
-0.362090872388863	0.105121598450216
0.147298535161635	0.0299064650853773
0.143823190554174	0.0286863588662954
-0.359014070766392	0.10669384643532
0.132285669375004	0.0464856542526071
0.655364036119464	0.218674474525788
0.150715901937816	0.0298994530276061
2.74993176721948	0.830491289829378
0.154746895521679	0.139582284733703
0.412051203600823	0.319775022813276
0.590171285781557	0.311367700628242
-1.79885352006505	0.441851175328772
0.148340847278699	0.0298858287200156
-0.635536067431146	0.156838726108935
1.95669114496977	0.512659458057214
0.93640634666493	0.254775499038721
0.148340847278699	0.0298858287200156
2.33457234914374	1.18402669508595
-0.734556802994758	0.247366023778504
0.371441035313854	0.388403420041111
-0.608047539154479	0.411738958360755
1.76663265670247	1.06214654354186
-0.640051550461191	0.165024385486426
-0.639856157010912	0.158868155145205
0.149437344912318	0.0387143285458533
0.144466272087169	0.0365666001718038
0.652744579969079	0.217901190867539
0.436526394097662	0.178206329056452
-0.640951987120562	0.160195969285506
1.01398285238252	0.391895405434937
-0.791892265160991	0.592000465261509
1.13647171728339	1.37183049541881
0.777459942219678	0.610773670894071
0.66507767916216	0.767892477490156
-0.0334845971540839	0.0220966129462715
0.629965807753476	0.761113092023445
0.566919896929311	0.616707415702722
0.384045610586059	0.299333164171859
1.95669114496977	0.512659458057214
-2.58035413683893	0.741528858997695
0.150695735521944	0.0375923132398476
0.147298535161635	0.0299064650853773
1.43834175748452	0.492373840580877
1.10514931262997	0.999626634295958
-0.366490207570388	0.305107283303482
1.29012309813311	1.6145465294077
0.258213412326209	0.218120587503029
0.446550971121397	0.487839489046852
0.0468884979856698	0.0300264270374864
0.147298535161635	0.0299064650853773
-1.15049600332665	0.365062590327348
0.137032484376872	0.0406156069033161
-0.405149751685851	0.330507194444012
0.523812119467018	0.428752424591907
-0.206923743329638	0.162075030096368
0.307237843626603	0.284668064688437
-0.282503908639953	0.207920270211073
0.163998125361827	0.117882044277578
0.939102233359381	0.253860909335715
0.437876448098991	0.178355007223175
-0.40810048673	0.178693883932417
-0.497393798762814	0.266357398561333
0.707833054610489	0.445508862638181
0.55476844086262	0.44346646414412
0.164251597708319	0.131818707287569
-0.0966062743108635	0.0597371567780349
0.0273809669456641	0.0218177307322903
0.00162991937971411	0.00106299244530552
0.566481812035773	0.544938786685827
-0.315438074808422	0.149262113607832
0.683730365099128	0.32266577843012
1.76203476927515	1.01268053225664
1.09909362545082	0.794988095081636
-0.800258904624686	0.595748421340315
-0.160941999973852	0.0919219252966659
0.0456969562843729	0.0298163687986627
0.295834092977347	0.194583433609813
0.157407330831999	0.121443829828225
-0.640138789368391	0.733114306652467
-0.179800862246855	0.123046309393995
1.46732228901764	1.38696914582064
1.54936436528172	0.782164195498418
2.09115945513543	0.943087363097328
-0.3699630525765	0.106547264902756
0.290451448158738	0.197711234147924
0.963811242004106	0.9751143876805
0.266411053261365	0.215450099547232
1.13794532758959	1.78906929084706
-0.074125830720677	0.0579739233583505
-0.0398559433685118	0.0257149434459936
-0.673969041651878	0.845145847086626
0.409048803963254	0.37944650868592
-0.746356613660589	0.273282091273725
0.342826748983384	0.30123200633382
0.499554195453945	0.424166404472344
0.0536753475485554	0.0336330108542164
0.634181836217846	0.816594875097151
1.440502280487	0.494214957169554
0.513322666607543	0.19461455271516
0.936593763299916	0.259936987760241
0.130776883061315	0.0386854390373433
-0.707433222441477	0.80060213132561
0.260807590917816	0.19985639646095
0.505732696025645	0.665443548774712
1.95669114496977	0.512659458057214
0.150383719302363	0.0377603663327903
0.154326265881988	0.0396696710594312
3.25823067505447	1.13282341366754
-0.54026967271561	0.580789462100775
-0.0516572456360717	0.0339404154304661
0.157147886362906	0.0960584577394922
1.44198232062639	0.484943359002049
-1.79827108630004	0.44343860950155
1.95669114496977	0.512659458057214
0.504324074413475	0.188223232242347
-0.217138576938856	0.223203640371687
0.0238343828435842	0.0183297548867914
0.282982116102669	0.199891523792417
1.80866501354813	0.727466341426444
0.516326644799343	0.187165147956204
0.379084805123921	0.171802304493513
-0.293121630960258	0.184048180632951
-0.220100149246229	0.17098565383908
0.529202465152745	0.512208391904862
1.02142489187103	0.39305575234073
1.02088548899468	0.400936027164983
0.144068782812675	0.0435979990015852
-2.48250592654427	1.43446474052009
1.44341734774073	0.886995061924419
-0.417192035503813	0.279802754920333
0.385482251486602	0.299369863497497
1.05230783437061	0.518942440649995
-0.636440752837538	0.160851189766091
0.882071009307261	0.468557894011494
-0.991042325196804	0.49115628995866
0.496961935097108	0.313810632382532
0.282514962701973	0.189435423922701
0.876428068723476	1.06696405841006
0.256107362305795	0.188925420205183
1.02307090575986	0.410762855321147
0.137102609628929	0.0415837245997306
0.937687320607838	0.251423109778556
1.04695083936726	0.502914462407449
-0.599871562406059	0.693902582587554
-0.344222136087569	0.317209317888693
0.62265858578471	0.625734646973811
0.761996278148323	0.936972034849911
0.148420534192756	0.0374024025336795
0.931642182818432	0.248244381880994
-1.15938110098411	0.344442391291512
-0.019757743839301	0.0163105081174425
0.933746500631947	0.901766357884281
0.508395487354649	0.191306406455878
0.141161924825003	0.0473278689510048
1.31437442382038	0.618123110095228
0.938593829640437	0.25299923568342
-1.53044856090243	0.571635312320433
-1.83595316391303	0.786691282455354
-0.522279149555793	0.482647274431288
1.13183420665563	1.34946698794282
2.750998534728	0.856347257355128
-0.356808855141014	0.106266364821167
-0.361689402338145	0.108124975750703
-1.5115745763227	0.796023855040867
0.145604005884882	0.0376220306325241
0.651571765273664	0.207237716455378
0.52898573341408	0.627441205392997
0.988352474549827	1.12556335255557
0.462458118518917	0.310975594624715
0.14278047506627	0.0286976566342611
0.148340847278699	0.0298858287200156
1.43834175748452	0.492373840580877
2.09422112482806	0.957037987058875
0.804073686486683	0.343597349102742
0.945425327702382	0.627045727956607
0.43213937703087	0.181112679710119
1.05869857480867	0.508708895852565
0.137110549029241	0.0546226179279203
0.130424286684715	0.0573114008123404
0.531545986348389	0.316526573448826
0.27073464379438	0.190069790353124
0.553382023107204	0.611182698859019
0.161068363803006	0.108514179238692
1.01880083626339	0.952811171845316
0.320457589217042	0.182773193199533
0.427747099375493	0.173962131468082
0.292714727921339	0.200569293818163
0.413451379832295	0.318707399518976
0.174531731297408	0.129738560559523
0.782230133139653	0.473579231445171
0.305134490366827	0.198450551062139
-0.115682478473263	0.0472140950734097
