x	y
0.306751187451141	0.182950453584159
1.01820811286403	0.394321331298827
0.991666016861172	0.797342384707544
1.08194321044726	0.792472808474461
-0.0436215684141618	0.0207482035342731
0.351493404475771	0.180586514380823
0.530582705498157	0.314315811308038
-0.935633492666088	0.668693109049607
-0.0688314308536728	0.0306659041042157
0.254607026440556	0.214997439590417
-0.818266403753719	0.510208177810834
0.434456554577017	0.41211520994543
0.771693209886571	0.615879689586352
0.649012961688878	0.447484018611379
1.76890877560356	1.71359792934207
0.156944187371399	0.0875968232458928
-0.935068755563494	0.703680819270732
0.140047689531857	0.0668189299695279
-0.149114319580737	0.0830644466515592
-0.152945609678903	0.0862468878910908
-0.0234286319972259	0.0115536164262831
-0.0157267351714174	0.00780364174975632
0.377642678895816	0.167568851979145
-0.199543080227851	0.105189788363932
-0.920216764349241	0.754441071587601
-0.0928093580863154	0.0576912567049658
-0.276418631112533	0.163116794614019
0.715082285924087	0.60774028643275
-0.116138584749906	0.0480086969068476
0.146539827836216	0.0701831330820019
0.00431167843526915	0.00229027659804131
-2.29961926060644	2.61293163629263
0.84502505829095	0.601029262269597
-0.163593627106394	0.0931060968353479
-0.00533747468372612	0.0024834554519081
-0.0172987685032054	0.00847163115480257
-0.78275565804705	0.360636315462875
0.134051815193227	0.0520376113365153
-0.47088307132901	0.316037735445343
-0.272321682681662	0.208553413363973
-0.463399960315357	0.359871717950869
-2.25838289055131	1.78081450473199
-0.0732681223860146	0.033240755688134
-0.496010731999583	0.415654849338317
-0.11072614366622	0.0835948136782461
0.159655810521653	0.105637766388704
-0.618062170451355	0.308574530477795
1.38959355304398	1.07886192817719
0.308228623980614	0.182702097446381
-0.478347408289489	0.327588594907737
0.460363817200947	0.311484727279767
0.0229018546639513	0.0128834363534387
-0.044817426387292	0.0214437043346172
-0.110097553514846	0.0420645986115199
0.697491946928319	0.465243093959973
0.481858009379259	0.509657763805244
-0.939365022251992	0.703536127183062
-0.321792296235988	0.150609221197596
0.0093234828103343	0.0049688193752394
0.400541992972173	0.317077612664823
0.823878810735927	0.740876647278335
0.432757921194056	0.177863005808198
-0.785081383438231	0.362906976960149
-0.402984696839336	0.276240331222878
-0.153220077496644	0.11122232536338
-0.0392938544863446	0.026093599288896
-0.0100945258762931	0.00509772865374731
-0.362761418010383	0.108072109203298
-2.79600256415848	1.90769167762531
-0.628555686023129	0.302088713394628
0.14234488743478	0.0432003227063061
-0.784561510703363	0.363836867465963
0.933554506404176	0.618774243244244
-0.274189186804145	0.213139020930469
-0.15659569776708	0.086141969721027
-1.83491490068662	0.788425903741666
-0.787617720907545	0.364421783810038
0.0122519188011579	0.00640651804423965
-0.470083944286874	0.357918496361119
-0.0745423642994503	0.0644345417274399
-0.102578417502253	0.0631534854681516
-0.286555999036034	0.18134268725332
-0.157787720571711	0.0555861244361516
0.142380052908029	0.07348747101823
-0.419697521319598	0.284896783144539
0.149519227806926	0.0799185047269585
-0.415814896954625	0.235328908534904
-0.254867684308471	0.131831920125515
-0.612514978655097	0.487911732932508
-0.23779019895304	0.0816855379093685
0.882299080968551	0.483497624585158
-0.159525667147196	0.0605133567791143
1.24413933786693	0.843259582113316
-0.169108798749446	0.0633550205884573
-0.962874604737968	0.617666119824078
-1.04949077847767	0.435890454815377
0.137232011627528	0.0487073138362167
-0.156738693770953	0.0575422969248991
0.142491040994639	0.0692854705096633
-0.358735740051917	0.258508308530606
0.433747944643307	0.182639665997951
-0.816267416575845	0.76813592155046
-0.0214095419453982	0.0106341373843341
0.526811453414067	0.304361937062119
-0.970190896865671	0.602931281853728
0.350212915447765	0.178887565272165
-0.0352257303371533	0.016701371847034
-1.35800770203171	1.13428304092364
0.347877970508427	0.3055134115905
0.286625217570069	0.198735285423557
-0.799831999999215	0.435621941533968
-0.0716844860261196	0.0316435034131421
-1.29638408971697	0.633152599982418
-0.159939285663765	0.0569724134649889
1.26226930293302	0.736813272833165
0.137890709949604	0.0609115962737022
-0.0093593687470073	0.00481909473675436
-0.340482611779031	0.194931052147473
1.08446896563773	0.807280704853495
0.338441011329367	0.159441375255344
-1.84761139785069	1.58666220406548
-0.40862151415492	0.176618300249805
0.378847012350479	0.176755527607226
1.25042840831191	0.810005688923865
-0.111464639417467	0.0455964909740378
0.139990905892487	0.0541636076456513
-0.128527400463112	0.0758137523493205
-0.257219642816555	0.128663877446564
-0.0424784296167	0.0206930249912461
0.902365106216131	0.784605431444849
0.76917496731837	0.594095639962104
-0.261891195290978	0.128065050614368
0.516326644799343	0.187165147956204
-0.811810722202044	0.425598036527645
0.307073431910926	0.174827282181237
0.00711526994656365	0.00380032927423712
0.306203297238445	0.18327078787267
0.146718931487602	0.0610052855728377
1.55809212963156	0.807140083414171
-0.273917979064414	0.210181970892941
-0.496095799264874	0.256882238690534
-0.163207372589774	0.0923643869123136
-0.0643744334942856	0.0282477162990804
0.144068782812675	0.0435979990015852
0.141256822258265	0.0430610911785714
0.143823190554174	0.0286863588662954
0.138192435231197	0.04073094393078
-0.507234710024218	0.273573843279623
-0.50436915473035	0.265834944348772
0.850563364628754	0.622803810421466
0.141301354602922	0.0439626882643758
-0.252019491877553	0.127758118445795
-0.361689402338145	0.108124975750703
-1.50772794244597	0.828052257466456
-1.49894112992148	0.780185126113973
0.137110549029241	0.0546226179279203
0.423984827228387	0.170957632075002
0.140212750873762	0.0438266964952015
0.38013441111403	0.175447299470694
0.150383719302363	0.0377603663327903
0.136755725932495	0.0606671383293289
-0.503104536933122	0.276151241730531
-0.414969104090676	0.172609368042727
-0.784286244631842	0.36313389250125
-0.112290170395549	0.0468012113249199
-0.412361114181951	0.230495069820497
-0.413598053527282	0.181863090289465
0.378847012350479	0.176755527607226
0.598324294549348	0.317686471330682
0.41307644481711	0.39992184075234
0.561843788096311	0.452475340375294
-0.781951611846706	0.356352067623596
0.51139490014706	0.188536326586076
-0.123479227076809	0.0747725018301603
0.47095507239372	0.409404770409781
-0.0608948647679438	0.0402128897163731
0.464527522616062	0.31380148159487
-0.257753943837742	0.132326045164316
0.323032531353852	0.180639027050451
0.780755597266309	0.71492062642761
0.377325415707485	0.173417533066653
-0.251046929215874	0.127747077524687
1.09146443404626	0.774419481892039
0.599249421443551	0.317609623425109
-0.31821147979297	0.147322697281167
-0.795174311282814	0.43148990122025
-2.48533969083101	1.44382597256894
-0.538378292508879	0.211635476778743
-0.103761725870953	0.041729416424474
0.137639397987068	0.0712759776966973
-0.54013035812644	0.210321639201863
-0.991584835419699	0.509621036689629
0.597663536061156	0.31669815442563
0.149437344912318	0.0387143285458533
-0.0395691436803676	0.0185551904389332
1.01676659710627	0.394343471103909
0.134508581599029	0.0601616800894901
0.149942409522206	0.0296695603684523
-0.321792296235988	0.150609221197596
-1.5339952201049	0.541232043992755
-0.0757886178431598	0.0337744026988381
1.55227173597449	0.783026833489421
-0.739441498561663	0.264013986697631
0.142971955096055	0.0442241383996475
-1.14672516880979	0.35527770214058
0.94447639928564	0.606052289788946
0.547931660198036	0.655095669184456
-1.61563243250694	1.14929487844376
0.128332143784253	0.045108714855862
1.23312843323289	0.843387445119877
-0.11544232357717	0.0477900987833726
0.151084052121842	0.0792031803425567
-0.159800148095385	0.0890903125736725
0.563670131904873	0.614934406702542
1.56488704882044	1.56551139338737
0.315307300168765	0.184035763653437
0.145530460371855	0.0750462144906187
0.275408015178974	0.197365532596894
0.530935844648001	0.315590827859201
-0.807044509456801	0.701788987114363
-0.267286639423685	0.127057777314678
-0.204275706560417	0.111114322726964
-0.494519369905202	0.256512434129376
0.138591147860766	0.0604400781579228
-0.783756015091416	0.362696617831833
-0.0424784296167	0.0206930249912461
0.456558412024698	0.315681825065739
-0.0745092275577593	0.0327001897762958
-0.25115044200684	0.128869327927285
-0.0792805020539682	0.0350129856664305
0.377406128259384	0.16593834972412
0.144224022232693	0.0618545871823438
-0.168115933001125	0.0632126351774387
-0.557361153208902	0.358919264305491
-1.05251019161795	0.429734791833162
-0.350885312266727	0.210667451625352
0.150100311702252	0.0786810961342133
0.00687582745038861	0.00378630290130793
-1.05005245135479	0.82981165026797
-0.155602345694219	0.0556441808988348
1.02411493668956	0.399362526920863
-0.417062669467713	0.281307837398508
-0.344100936952711	0.213770199529974
0.145285129182944	0.0834856178555567
0.132550428533863	0.056701942863341
-0.349782277534188	0.209616948558135
-0.511990160240977	0.385977083794852
-2.91940796289965	2.05183722303175
-0.411916633382905	0.175649408075405
-0.108549820451671	0.0450134438348328
-0.453266036789484	0.349040606948332
-0.400820603179372	0.168258560284265
0.128566206565294	0.0545815135326985
-0.533278904561969	0.214121651489417
-0.240793683980085	0.0802221353379919
-0.960971855728125	0.593797485290329
1.01785415239427	0.39365785750745
0.0215790191957004	0.0126524546257518
0.594660954605776	0.314418148200549
0.132451920953857	0.0466455087584858
-0.319363395011397	0.152551632801927
-1.15150774848009	0.364078757050567
0.131578578095088	0.0453188715750165
0.348979938040292	0.17895470389172
-0.542031723753418	0.216602028573759
1.75452907125434	1.33072484592331
-0.513293881928437	0.257757757797843
-1.10469502488068	0.769472947294151
-2.30249665021944	1.23408847121111
0.432943824417258	0.183111816316685
-0.473989126816768	0.306893657897637
-0.365412359369904	0.311376382406655
0.14777015045699	0.0370196640723843
-1.35211980101057	1.0635138654023
-0.802286976010706	0.447295037828361
0.379899530437914	0.175385859022461
0.802471924156516	0.353389915475173
-1.53037588624579	0.568755687984731
0.527746826152291	0.30519102885702
0.132283051634689	0.0457216646533908
-1.83797106342136	0.779473339641524
0.148898594231478	0.0427910061673174
0.134340411746671	0.0469180955319092
-1.04339806761328	0.44647504020799
0.139839576504768	0.0422767122881245
0.148340847278699	0.0298858287200156
1.31041866978774	0.610006844551424
-0.538228232179672	0.217245564114017
-0.237600116527323	0.0785200121805127
-0.235856775008958	0.0793489852912384
-1.15441539366439	0.355848450407468
0.151592021674215	0.0391867731421967
1.2687997063066	0.689877109506769
-0.245822060452296	0.0800412879365436
-1.04446839481507	0.433758823456749
-1.03126541296126	1.27781665225751
-0.746299501605774	0.262727370636678
-0.245382496577835	0.164638509408121
0.678446431994099	0.333060857815108
-0.766510731381081	1.01748159097404
1.04933139692707	0.513148333722879
0.139554240319574	0.0540225572597893
-0.537195858607784	0.215909303617558
-0.806826058560954	0.612338259514586
1.60209922755353	1.06760008190437
0.996887906855624	0.760112360602012
1.02202619896858	0.395192872961951
-1.04753684352861	0.405390075834971
0.348292854285153	0.177442205603809
-1.04243230844476	0.442292931729212
0.51033816211779	0.187496519895631
1.25677344725215	0.70388519955026
1.44095713729263	0.481289667170511
-0.413375506529076	0.182220227675705
0.803187443740692	0.353530389589045
-0.110068279780676	0.0451649068512259
-0.11544232357717	0.0477900987833726
0.53256262348502	0.304559803045484
0.123405736967797	0.0409866027051957
-0.542908479161671	0.211376776361583
-0.287400107288132	0.183493075650647
-0.164722015635498	0.0602890209744299
-1.26665721384803	1.21230397025812
0.593847272350766	0.452491899231437
-0.181247982200506	0.126125635482205
0.778860515661117	0.608722400180029
-0.408844840646204	0.179390817300938
0.317691478728211	0.190852320875381
0.353729501343342	0.179332789421632
-0.063744983928074	0.0278625359290582
0.152732391175414	0.0382714049770349
1.31340633790752	0.593211047439799
-0.40947831393131	0.180867000069854
1.76663265670247	1.06214654354186
-0.315712222105413	0.149953061518513
-0.672642326874725	0.385502641490818
-0.156194220218586	0.0569452858824899
1.76861967783318	1.03813231461303
0.135222595560634	0.0475956627357811
-0.408517031768176	0.17998006554347
0.14553261258552	0.0762308396903445
0.886368011412162	0.497184531027411
-0.805222185265731	0.548826333975141
0.385613871160335	0.179546705452063
-1.68615255015219	1.00767428003693
-0.404127495918806	0.27757363495661
-0.236727855931232	0.0810119912872077
0.135168405484837	0.0605413662146142
-0.553625363753465	0.345214284102867
0.854644184267867	0.600033791520793
-0.452658430839722	0.355026221217708
0.158891738709711	0.096605423643843
-0.165522389989977	0.0618897901609697
0.430313654304442	0.17932749089429
-0.562232762425616	0.350411966697588
0.593612009006659	0.308621159234128
0.590854925427333	0.32068872122329
1.55823731537979	0.833067250464455
0.894195978241022	0.493476195920289
-0.663201332748583	0.411317649981196
-0.108792495745563	0.0440249965028219
1.05062816068033	0.529875926290062
-0.782237809432695	0.350177193095057
0.136096718959155	0.060836657955062
-0.960954041385953	0.579168451522935
-1.04640120529454	0.428382015905654
-0.416240293952078	0.242916577844178
-0.167502511317909	0.0629544677645849
0.142515384719666	0.0744082852768986
0.847004372292752	0.620278292847095
-0.357258574365438	0.247688859418379
-0.917832969415301	0.774359505108523
-0.163450720813566	0.0618388623357549
-1.29638408971697	0.633152599982418
-0.78908361800848	0.342075607041496
0.267547843813819	0.199692310951205
-0.257375526348302	0.126631124170615
-0.68560350766665	0.468872757534276
1.22984107536512	1.01672392057771
0.14198722004211	0.0692623166213816
-0.800414214827729	0.457652785092769
0.77931858464161	0.466620646567633
0.133493902760053	0.0468914742396047
-0.538249980580552	0.210817951486894
-0.163828863215441	0.0599402134175239
0.588320340110195	0.297495146365664
-3.04812296649075	2.40156026116081
2.11355718680665	1.44796219098114
-0.161459312404104	0.0588956253629404
0.140462610388188	0.0475828260298446
-0.409289124952208	0.172064645099649
-1.29227641442796	0.597773977037824
0.126570920283187	0.0481726431236151
0.887791677624788	0.479338127277058
-0.254269919262069	0.128116342740203
-0.410933083376789	0.178203113009216
-1.1849880029854	0.679414140508813
0.803323550143284	0.355193566985841
-0.250816407892476	0.127883463905594
-0.0105252894720344	0.00549922010086173
-1.34417233834642	0.848398513137577
0.71258199151508	0.582679480989638
-0.317965031289629	0.150970016931974
-0.248383702641127	0.124276330320987
0.34834521047895	0.176101096104709
0.141047945044004	0.0597096120603782
0.135225117279186	0.0534481990359804
0.131541477892723	0.0546971009194725
1.43834175748452	0.492373840580877
0.137757770720069	0.041579069241824
0.12444494228512	0.042239886532295
0.512447994660229	0.187104970517948
-2.12869037067016	1.54905857561513
-0.547830607609313	0.207489563069293
0.647466363634098	0.210236164771066
0.513413765062622	0.193475044005298
-0.99560098592779	0.51125433795232
-2.30320283395397	1.21796142395091
-0.23781827160113	0.0791998782498475
1.44178811950784	0.917638019544922
-0.498976040795509	0.264342847916514
0.885400981814444	0.857449002872771
0.594774370917461	0.315934624654618
-0.614457169113384	0.294331940747919
-1.33800968561201	0.784620235594654
-0.161837926694675	0.06090852702236
0.346770488549115	0.172217812064994
-0.255540528747243	0.127160124369566
-0.152332978690824	0.0848079909175263
0.276239527820136	0.200541708380732
-1.06575661598951	0.812862389368598
1.94674028755468	1.19722174984604
0.135279084378769	0.0655524534802293
-0.622829227742564	0.3033656855359
-0.109610283387951	0.0435908398672812
0.682775126321293	0.324651730480766
0.132574631061723	0.0528388050181693
0.646385966326902	0.209648146903958
0.152161071013775	0.0381379190946737
1.05062816068033	0.529875926290062
0.382589185178105	0.177477200532769
-0.783277041851211	0.353190566145721
0.143823190554174	0.0286863588662954
-0.244762040546747	0.0816767416060724
-0.992297307421754	0.497260263712666
-1.53556404729473	0.56605263232295
0.595836627334111	0.320266674126291
0.13453488596709	0.0461590738641633
-0.212124909693533	0.169793799891837
-0.366862990219358	0.108975842075023
-0.622737887351569	0.313033677236779
0.915665322033131	0.989537133715067
-0.129805828887237	0.106532982741818
-0.788418523814027	0.367859720616813
1.8917876494025	1.56379943043001
1.06783158337715	0.65066775319011
0.526490293899205	0.302515131862235
0.13453488596709	0.0461590738641633
0.349008166283009	0.171092498097844
-0.0423231298554514	0.0197468543059885
0.594248627995953	0.321737609882008
-0.0354229379655353	0.0158367727114965
1.80384461335664	0.697984072867456
0.486924287681992	0.305368888116534
-0.0440550771556004	0.0209423133902724
-2.29856885914501	1.21876250213585
0.94830182349027	0.64023252705056
0.147968188061114	0.0813257947451332
0.378963969769696	0.173194760108453
0.704532276198077	0.46350661386293
0.256701378719286	0.195355054254911
0.351465774193417	0.176972980936233
0.132283051634689	0.0457216646533908
1.02302297021139	0.40007828159001
1.43720565322541	0.47788062848249
0.427141191174427	0.175236310174086
0.893501079817666	0.488101783760556
-0.170549900594945	0.059678456518242
-0.361632557745294	0.110435934225015
0.430910117503269	0.177258505484743
-0.238777039511463	0.0793640368707419
0.155638247969302	0.0949130904977862
0.380472847073521	0.178583812279393
1.44312568398976	0.495883856806621
0.300335219677822	0.198255030455093
-0.616321988451346	0.298765805176829
-0.242896738099506	0.0783884621620302
0.431624531187394	0.18031244099903
-0.922747568678245	0.772360172505668
-0.0729535288207914	0.0323493426021264
-0.895405813318809	0.866908779614762
-0.0138412942448727	0.00698536446791114
0.147361032888957	0.0784716278974709
0.588369661652125	0.309840937155273
-0.671671034420304	0.383786714625029
-0.206497645676992	0.135441960533483
-0.582276094248993	0.545218185928418
0.643525472516852	0.446432075880133
0.0100818411124257	0.00535417326231583
-2.64493426561358	1.65223616770286
0.134365677383912	0.0472680043000072
-0.0436719852649855	0.0205038946691861
-0.11135460074992	0.0465930303574055
-0.415479647258266	0.174231581334379
0.567158850760023	0.434506085927595
-1.24373238763912	0.924650560541993
-0.810682010170976	0.546335334685258
-0.327919553233569	0.230490125392462
-0.625294650387448	0.302119955767582
-1.34286649114294	0.856383446135008
-0.421709871843147	0.238708938936295
-1.35166498177868	1.18397969580904
-0.501209845111433	0.273630088670148
-0.150501401205017	0.0818697724900762
0.591096772570039	0.313328116432349
0.346382876346543	0.170401506595634
0.134054511289016	0.0472844272232309
0.15045336866841	0.0380860428865526
0.140730417343308	0.0540639091241033
0.808259912764455	0.362129795118185
1.02142489187103	0.39305575234073
0.325012888225384	0.177242367097423
0.151714458282224	0.0388912867750066
-0.799758556197181	0.454703926470428
-1.04533113503243	0.440452046038488
0.132128287357648	0.0452941160400624
0.324221202543553	0.185038731442792
-1.5115745763227	0.796023855040867
-0.158531498351676	0.0600096959484779
-0.741064409528876	0.263067856897519
-0.0688103569969583	0.0309402095996667
-0.23779019895304	0.0816855379093685
0.13058299952561	0.0558105153853839
-0.0549360236598707	0.0354535059206364
0.137056477188313	0.0706414819540558
1.11077519721066	0.984357207707041
-0.198110633730707	0.105270701864848
-2.92716940311814	2.18927356667271
-0.66763177131291	0.365549934194197
-1.8432258425808	0.738765270018842
-0.55434655199587	0.353845184468301
-0.687755718492305	0.49914935661041
-0.153323326892334	0.0868072830125758
-0.0424784296167	0.0206930249912461
0.847007950803229	0.602724075269947
0.941151863017165	0.644198008638014
0.349903596989171	0.175911265211027
0.00779390263384382	0.00425985803656026
-0.206279784397439	0.112055715717179
-0.804094994501966	0.598977272087327
-0.255981068796625	0.157971771400945
0.151340813018737	0.0838123958808702
0.00198822757378284	0.00116273254857468
0.144719073268357	0.0858434588459866
0.444044802699377	0.308607952260838
-0.125195659183849	0.0715649057983221
0.387374146933359	0.176933088806215
-0.0926333438627989	0.0568470611362181
-0.11240501794598	0.0460781936508248
-0.404493013517736	0.22217867062648
-0.620889670580354	0.495986443032978
-0.967015113315892	0.614378163164001
0.299359930435182	0.196087162974493
0.493982224952935	0.307386944785005
0.902911463089356	0.790731883674357
0.846403347817713	0.63336439715598
-0.207608839416707	0.163169041519819
2.51841003860655	2.19160585384407
0.630436799580123	0.561746223887594
0.0103065189534214	0.00545131521796737
0.435396534827396	0.301257871641949
0.163369638879341	0.116817569417744
0.162964466150208	0.112652386695938
-0.350079140377043	0.250124503159938
-0.213159846233132	0.144513579883704
-0.354509796392536	0.259409957449091
-0.0987654146316379	0.0610146708753737
-0.919934033214606	0.757494172066734
-0.602719919514001	0.557321867030708
0.524942453861179	0.296637225016762
-0.366425131357424	0.297819693741398
0.167531734484237	0.0990734106451598
0.41830636204174	0.314473883187693
-0.0694425614468864	0.0313575716693679
-0.00121699625124119	0.000830015347590593
-0.810448904106068	0.797664655751453
0.430766614165271	0.312084036308142
0.294749046651482	0.190216271990325
0.164124024974292	0.0896452876187747
-0.126274206480974	0.0759134918084972
-0.584694976984742	0.638493662473454
0.676084085954198	0.591363898700392
0.272580008973259	0.208755067977846
0.278548943468785	0.199779836275038
0.425433487979718	0.38083380713811
0.155558723329684	0.102817009980131
-2.03888639026555	2.05077829707015
0.644660220698238	0.457553160552908
0.145976307021013	0.104077786319512
-0.680216850429641	0.733723390086007
-0.0506178310352585	0.0326554393072358
-0.817155328200524	0.682432324914572
-0.105822579417386	0.0643837722766226
0.49754102936639	0.312435349857977
-0.0308266585774639	0.0202991520882484
-0.281576825314559	0.209421372642424
0.619068011619074	0.538609729246744
-0.0166333861451852	0.0118031726475927
-0.521192810974986	0.40612803270226
-0.44742296765327	0.401066995105729
0.949628756283444	1.24192765378264
0.630213271119195	0.555025351582468
-0.0973097930450405	0.0602386145984393
0.940676603725025	1.11227808282252
0.160801425934469	0.109023241986605
-1.38180099350202	1.73652383250531
0.87258955073353	0.890237760165499
0.152196428579456	0.117593282772548
0.282094984459485	0.187291314450349
0.0220875660837499	0.0130718888212107
-0.168294352825694	0.135726735296223
-0.318092853754468	0.23976057716478
0.653526611968501	0.686868059681685
0.237939899697889	0.198408822536016
0.542101408146347	0.539585337223831
-1.36341634784546	1.68084507856965
-0.645608444315132	0.60118463891738
-0.279715926687665	0.20422785427226
0.153230607207439	0.10292713228287
-0.945700092580141	0.681421769773706
0.832787647115878	0.537486364393362
0.0217842939110985	0.0109565955660012
0.455987963942181	0.409496425198046
0.994359217925608	1.25443171486615
-0.00121427913730958	0.000488144159005613
1.36973959548258	1.83461043328008
0.71184939581418	0.58076346694986
-0.39754392442973	0.30514293930692
0.267286609125288	0.202796825791481
0.145510344975581	0.0948120561197627
0.461898138775371	0.314971501172619
-0.147772469741943	0.106678292121757
0.0751761270436898	0.0537736772427992
0.327873644177939	0.28217011661418
0.0202255928038334	0.0115861610092687
0.358805063523088	0.306857606206051
0.434383465505847	0.402470379907136
0.429670403873971	0.299068104589573
-0.064688578016231	0.0284546730798661
0.895467891587824	0.743934327702797
0.417164292382761	0.30575013288286
-0.248370174721576	0.161766577709219
-0.159094940776029	0.0934279358925851
-0.751222403549783	0.8280630367363
0.0134422619741464	0.0103085269340099
-0.0576229605652136	0.038490851501788
1.2166322029054	1.43514740332139
0.039532118228266	0.0242404090172983
-0.806167907406298	0.87720991703438
1.33128972532243	1.37744051241394
-0.160148674711305	0.113762953249202
-0.510233471805706	0.370269552180448
-0.807185048774892	0.603905158985775
-0.722705472503713	0.648379012928331
-0.733100548464027	0.705056775059392
-0.206058098374997	0.162342183568902
0.266350519441259	0.210797323709268
-0.807644716565708	0.828689376980032
0.9791227606053	1.14438454157024
0.343441392061954	0.28818635331023
0.0669305510994522	0.0484579011302821
-0.153641782849866	0.0864999384229792
-0.123824493436514	0.0720865972596677
-0.652764481923003	0.580846358046105
0.880402364403032	0.977731220755414
-0.155535272079764	0.126522919003495
0.83190092984015	1.02828889343396
-0.326217065988176	0.260306291067913
0.24155425902034	0.211362518862509
0.276743276681684	0.199653619626651
-0.0950723348498169	0.0586276624122769
0.644040853948084	0.550146342047123
-0.251759401031885	0.128678608025568
-1.05616926449841	0.84132788427058
0.458691601541493	0.299323857429164
-0.215889329937986	0.169303871194349
-0.366015261868534	0.330537315584009
-1.10909129751039	1.56523019113158
-0.355174540952263	0.256323593383254
-0.358940178034378	0.251019263149469
-0.267006968465012	0.203378869671878
0.0591682449939369	0.0392619030202607
0.0093234828103343	0.0049688193752394
0.0738507438569812	0.053664365892212
-0.896747743281629	0.949279912122847
0.0312222686955227	0.0191529741003377
0.411021373253677	0.315866313050131
-0.178509277504779	0.14147364736928
-0.131485936513564	0.0973055102122346
-0.162467909271027	0.128186659491914
0.469763535197258	0.414149924380713
0.80724816635765	0.949330658926863
0.2876007927894	0.198460044937646
2.33144578244478	2.66620507384719
-0.24115717476427	0.188329114489765
-0.671195435950449	0.687383585957036
0.0738834178611151	0.0566219270840594
-0.412612069655113	0.288980148643347
0.687655261542204	0.677951106283907
0.274080956051767	0.19516056853153
-0.905586582429208	0.829152026885681
0.144950833171493	0.0752465338951004
-0.159770487952639	0.0569911696023049
0.144942901751711	0.078308223681384
-0.127729640188775	0.0727619188482107
-0.93819121865547	1.1151960209673
0.0626843523237953	0.0439286914468636
0.631878453563273	0.575264148038298
-0.477189186681613	0.446027649699091
-0.995055128921019	1.02388131447897
-0.935776042037561	0.698587107261393
-0.409831672102925	0.286639171405222
-0.112495117694824	0.0643705038420754
0.489672755649188	0.302532000767983
-0.0721810986791906	0.0465853940473162
0.293750079402167	0.198548563821518
-0.12260365519887	0.0720963433421228
-0.368766830555649	0.294569051500253
0.581326113328065	0.689881206036933
0.83216389550101	0.743390652637582
0.724460076649431	0.677201810417329
0.777459942219678	0.610773670894071
1.03517984000574	1.07379790673326
0.145756037258804	0.112438995015444
0.00498989934788674	0.002768190052247
0.5978872373471	0.566622782730428
-0.637152923416223	0.708601806425933
0.155253789466737	0.0795598638574799
0.366433141032394	0.303920686418795
0.337920306394426	0.280971161624628
-0.749214769600586	0.855179033518122
1.22415411216971	1.00899196718152
0.150681115870816	0.0787983932952496
-1.15894454953494	0.984809630849657
-0.912894010466943	0.76321975478109
1.56877557224636	1.65666734069104
0.157702819991779	0.125530328267598
0.572494899454819	0.636901890646804
-0.208873648859962	0.136376087618602
0.25849617471652	0.17407933512355
-0.185315283069704	0.129077916907072
-0.136701169524047	0.100210588357395
0.039549592824805	0.0242131172439111
0.320725551752441	0.2944460950742
-0.243421282028222	0.155710387525529
-1.65678641564232	2.27874111510364
0.162038853052971	0.125265039474984
0.284823244868982	0.19019994775834
-0.0599498285129997	0.0401288330010365
0.504805949392296	0.555130616094875
0.0565318681341379	0.0363959381450956
0.477769596662292	0.425775831771766
-0.218022884596216	0.16884830387833
-0.339584005792421	0.317188433774471
-0.00528603197483602	0.00382607185871445
-0.921552273104892	0.760991566184578
0.161015608242109	0.116163229474139
0.89962295280062	1.15551983165924
-0.764956682566969	1.01355074749454
-0.374729088241533	0.299471873403658
-0.404094123272059	0.216693643518493
-0.802924195539332	0.496358015728196
0.534346980412553	0.313332141160523
-0.0428578503887807	0.0198410280820503
0.388629068552696	0.166637124806001
1.80753895631949	0.735539281495884
0.434736934993215	0.183785272890631
-0.26366278713981	0.161365511237094
-0.414744322942115	0.280673974555883
0.172501014753681	0.126805508164225
0.492124787970727	0.408787475437132
1.08995121935653	0.829479218005188
-0.0334373062682741	0.0222108234699421
0.0423655482513674	0.0265519618928546
-0.0424830815984511	0.0200070540431471
-1.15993414604273	1.52165434107737
0.847980326526694	0.622465329733812
0.665988016435436	0.581454097095629
0.853291954740904	0.62710240001939
-0.212722189171519	0.147561696286976
-0.0534204876896225	0.0331724409287669
-1.19174583099082	1.49457197273711
-0.733076520776625	0.774658118065232
-1.45136877011502	1.5048853032067
-0.201544468866514	0.112072315315867
0.311590284596008	0.187024449688666
0.260611458611566	0.219394405501723
-0.507471269144997	0.440431194079123
0.524609747054673	0.437667118619198
-0.889632520858953	0.919403654485605
0.259070615445061	0.21218693412324
-0.715309273005064	0.629840273365043
-0.702177381390001	0.840208426728034
0.458821430179645	0.299582531473527
0.326190569198262	0.180034725427031
0.539307638332446	0.308978264359556
0.867065234393159	0.824212264711938
0.990234039004232	0.786307863020598
0.638538149893018	0.634232984707823
-0.136231557689215	0.112442154123806
-0.712073202673204	0.891505847832799
-1.17642639876692	1.85638880379674
0.399611351941642	0.397211280680766
0.165780071576625	0.128425672082259
0.5233058403065	0.426431659525797
-0.24937213430375	0.191684024314218
0.38106965070254	0.174879768700919
-0.61875915674878	0.308472532919217
0.135736340877537	0.0515125247698515
-0.292503293321494	0.183472637118332
-0.558515844413759	0.349713558380305
-0.371043446598406	0.106880520227418
-3.04367755027294	2.35925332190769
-0.497393798762814	0.266357398561333
0.498119928013863	0.308339718295694
-1.61450167012243	1.22201082366241
-1.52930838704928	0.565957082481742
-0.336974060052095	0.200002647555526
0.881371075070486	0.480666841225694
-0.16106049360492	0.0917308710630088
-0.563523285164292	0.343647740873895
0.279602500347115	0.296420874397025
0.333600045514072	0.172904940819499
-0.705128862539366	0.540616320019408
0.69279281582245	0.444223213626752
-0.23779019895304	0.0816855379093685
-0.810146442133959	0.526274985099541
-0.418535057191692	0.325619448833817
-0.049585890845091	0.0439059321074653
-0.0951313347304813	0.0592148907366362
-0.638132474447457	0.569753027714826
0.79136902032025	0.444441541642112
0.151414072745185	0.0887778714482241
-0.130543470118782	0.10828085342622
-0.219539535920848	0.192381671523313
0.170017800497909	0.157518293565666
-0.248034038555346	0.166037085663366
0.778059921157689	0.44914517420131
0.823551430744902	0.673383705609295
0.15988443731391	0.0894657336898201
-0.0722847801622984	0.0460328836276494
-0.237007835970669	0.183503173388408
-0.578262965377901	0.633364420228577
0.465945172829333	0.504135525338937
-0.00894292327573019	0.00633712384549487
0.640276288769514	0.63558224214429
-0.453682098770099	0.458816986292236
0.0321172898592591	0.0194588830241063
0.028605715467866	0.0164055459234183
-0.353137538070632	0.253733776822128
-0.474948051202392	0.319525043944904
0.701214052277383	0.466578768831106
-1.73454200988292	1.46718095507814
-0.199538380230034	0.107768461851785
-0.368908411110601	0.255806927814172
-0.94239310545154	0.680994071181348
-0.618308717750437	0.305843820406039
-0.249418323073062	0.156836327429279
-1.34315262623842	0.829471928115808
-0.24973943973208	0.0752167270511413
0.0161003158003725	0.00931160309791106
-1.23104467192871	0.91387962148955
-0.0187646340872521	0.00947277777931913
-0.0102850824634577	0.00516303748287791
-1.00136508447477	0.489340365771142
0.130424286684715	0.0573114008123404
0.351153987076742	0.179064238753709
0.156658007665838	0.114557602096475
0.139030816520434	0.0692829567783344
-0.561232511962953	0.36431075874855
0.488502331029305	0.303346123756605
-0.507866726103165	0.273562424615097
0.936435121107392	0.609128667615136
0.366027709703963	0.289814789269801
0.214002968152288	0.204479630380691
1.08958862099746	0.822237294432192
0.714566602021232	0.571681815785645
0.991800895036962	0.782917749785705
-0.175447268568871	0.122779697588898
-0.093555137023017	0.0717467723014657
-0.59601433987302	0.435549249171055
-0.690188506888432	0.485668468243984
-0.318305606927058	0.29821609115264
0.0744875817384325	0.0544445302256726
0.0471137291012846	0.0304819959437726
-0.154783603605594	0.10735102759503
-0.129453272244491	0.0780056261128045
-0.00682966064710301	0.00359130054357406
-0.360560346528662	0.110506092787366
-0.159981968326729	0.0583658160597694
0.521858250641471	0.285510837246982
-0.284482099473289	0.178803830025098
-0.35599696851985	0.256103064121091
0.0863552686972428	0.0644265051939672
-1.34173318028327	0.879339934596425
-0.948003185431487	1.1165492780184
1.13178034637614	1.25315190021635
-0.475273346779435	0.310178640835358
-0.802944014781783	0.447043130611835
-0.895425576748672	0.88478868960342
-0.156807794370206	0.0877327686789307
-0.39457562151907	0.25214820944865
0.0632149946424554	0.0438508253161061
0.517527908726584	0.514833316592092
0.346770488549115	0.172217812064994
0.0545802607443352	0.034346885066545
-0.478072282887432	0.322578082188838
0.158625504497014	0.102815084411371
0.304654042776293	0.169861314328961
0.551458293922551	0.606930977004176
-0.725666472095648	0.710555518610604
0.158662981776694	0.0984693373724131
0.543535794230271	0.59367726811716
-0.805804924130055	0.628382398594526
-1.57420769113601	2.7226925175028
-0.157852816762478	0.11389628762845
0.481191230874556	0.41106966769464
0.885667432972217	0.870300771501773
-0.00992386377307943	0.00513544926433905
0.906627816856068	0.933754261722698
-0.909297056268167	0.845912142229775
-0.439205544181095	0.380851929327282
-0.142405341678707	0.0987539358245966
-0.475113079762393	0.328677702593095
-1.18194482348413	0.701563021555117
-0.578405759798004	0.545031006688046
0.160936305470942	0.0982272304521287
0.865060144090936	0.833082193808107
1.03228831795944	1.02159411909345
-0.24073230322552	0.189456994466745
0.00297424288583045	0.001635344493525
0.135880039498904	0.0531326920088297
0.160776152639832	0.106552999712415
-0.468587984845838	0.363476148636182
-0.0955489337519367	0.0734132203099962
0.398995495142283	0.389484356505247
-1.35111081431296	1.09876549363512
-0.577226191381414	0.530328151249401
-0.319053091232476	0.257846065955701
0.350343619047265	0.311429013196351
0.0586696684571241	0.0393079538171551
-0.0414443364477635	0.027429535033666
-0.665019403122451	0.398310937057737
0.256838766778146	0.209224924698243
0.675037964115558	0.580297250869327
0.0386077743454629	0.0241289306886543
0.446879466337866	0.494835513097588
0.725912316562017	0.712001351659639
0.350802630836846	0.311960885443776
0.513247295893296	0.507501492693976
-0.821455736385841	0.997314472367857
0.550789616006663	0.412856716713957
0.167901070086287	0.131323352266883
0.159669948481149	0.124195763254755
0.066864938079316	0.0464034484470502
-0.693651615848818	0.794630083619793
0.159158899034862	0.115254953425154
-0.220955531592041	0.176213664519303
-0.79940827386319	0.674255740172926
-0.474670879105926	0.327513549403794
-0.285781117320392	0.210481477807378
0.433365274625206	0.410561595360378
0.156619888481046	0.113576389124567
-0.329004814925967	0.270499551001938
0.30446086097208	0.191151715728935
-0.0105252894720344	0.00549922010086173
0.154027371422798	0.109012887216574
-0.816779089329374	0.600422685565332
-0.278202015753336	0.209259493892841
-0.00364384081472367	0.00263948760685591
2.3919423747497	2.06989950773111
-0.653918347696537	0.641989764793951
-0.685377173323174	0.774206989160636
-1.24084139431156	1.44182262074265
-0.313579207199636	0.231197606015446
0.166127124831293	0.106439035534712
-0.0544840913266987	0.0339611486639044
0.85832957669126	1.12955841316826
-0.492165530092368	0.425724381458495
-0.964743012451002	1.0237758451133
-0.582102928801539	0.552377643310269
-1.29453609256503	1.41489362123509
0.150678106738135	0.0793065459582854
0.0992013988618727	0.0775874185303511
-0.37373531880606	0.26474401219559
0.457355014313999	0.414826855823454
0.374314639245375	0.295622706170309
-1.09494952588347	1.35255227112556
-0.107962324900648	0.0815154183127619
0.702392440315055	0.451499900200671
-0.901380690678178	0.842223047388971
-0.372836430637367	0.338985126874446
-0.918476504341466	0.772338934102425
-0.243829544188928	0.210600995448449
-0.326354821455525	0.265625342650407
0.49162176306247	0.512998085234055
-0.2580828237443	0.190901846735987
-0.622737887351569	0.313033677236779
0.427029984797231	0.17213975208613
-0.198106378403817	0.106818145774105
-0.149535459328992	0.10261750147204
0.365215641511917	0.315540639502005
-0.280128940694488	0.174211464766606
-0.0196833572000061	0.0134984272735973
0.0965090161748656	0.0753181545709376
-0.0544356294803105	0.0360939939515133
0.053381313193003	0.0345757863250785
-0.310817633546592	0.235647780607161
-0.735525560128443	0.776472900031373
-0.534445479809041	0.388954932781413
-0.502721832105361	0.458938181725858
-0.662772179548594	0.630365328966205
0.354920239951004	0.313153666874287
-0.50480173497288	0.506110416974059
-0.120645806116404	0.100837786180531
0.647589540445581	0.644104842081807
-0.212266534212131	0.169103144712503
0.150066702906031	0.0880748571797168
-0.408552823615317	0.321469335728928
-0.175892755702011	0.144369873071157
-0.141018441829511	0.118197505831601
-1.01812303808864	0.889737580794619
-0.456819942916572	0.435733039014935
0.768575103264039	0.835204520332906
1.03467232476431	1.0753830701731
0.268516557666986	0.201890224337989
-0.112588921373863	0.0844917578969881
0.38240733466958	0.320064773469224
-0.909281967396572	0.738149654353729
0.0270802571336743	0.0222210009334169
0.0310302210350636	0.024946437990988
-0.00314283102231829	0.00227798469662876
0.335982579230999	0.306328015936586
0.0257528576661681	0.0147017839889099
0.42820832776486	0.17330996836953
-0.990845681060975	0.51354011901363
-0.616291446377667	0.305219866678052
0.310726782442307	0.19197524942683
1.07141225286995	0.656814434192412
-0.152291425046287	0.110703138081974
-1.0470691249728	1.20926190359233
-0.356087205366527	0.253594201690224
0.272174743301072	0.192704110854071
-0.407821961596644	0.293044202653306
-0.357497645223847	0.243914829575591
-0.726325554684084	0.956865739492084
-0.417840031201017	0.323503665552119
-0.120133233122276	0.0711208046022534
-0.241171181618956	0.189962569985484
0.284779751433782	0.189163202563665
-0.238421688558037	0.188001546876327
-0.745618883228802	0.83509853720463
0.162603238738191	0.11703146616637
0.0222748523986995	0.0166323091749821
0.00667201797599975	0.00353488879879352
-0.0995368653555231	0.0608220022257986
0.165827297504416	0.131322600477628
-0.220465133909428	0.176470365651395
-0.51439161903832	0.37392561058517
-0.251865220890396	0.165635521755737
0.312031875538426	0.289335887781829
0.10024051057045	0.0804132865445079
-0.0134657866104292	0.00953973016417411
-0.11432505473207	0.0859060124520119
-0.607106846729057	0.595128269621347
-0.230819068576396	0.0750441418528927
0.150575043964835	0.0398742802241122
0.143757883292861	0.0699639138816074
0.720819936031856	0.569372753107143
0.158560061817334	0.117189242166742
0.155305943108157	0.102038458482618
0.163547786184489	0.127006634663254
-0.444552025869708	0.436724551001164
-0.447905985128256	0.388590585956699
-0.457062674642765	0.358486975885338
-0.590418891691404	0.53654818015745
-1.83035160899023	2.42233388878293
-0.518332106655682	0.64605100439265
0.465440768092409	0.48451168608358
-0.374567618321788	0.344827919055966
0.337629664699902	0.299511263892709
0.0262347163689937	0.015120466475499
-0.251175167864874	0.253594793948609
-0.158236486255199	0.12944483717415
-0.810064945016249	0.722756429581667
-0.357679030218151	0.254284544613015
0.0471355209844024	0.0308090345322809
0.169548651510475	0.133583441212896
0.0341688634417975	0.0210155304521297
-1.11651060408679	1.08114636911124
-0.113507971121499	0.085166714377997
0.146218385870974	0.0749349170382478
0.507314759881854	0.18579191940278
0.147298535161635	0.0299064650853773
0.151714458282224	0.0388912867750066
-0.237695463640661	0.0816413996844845
-0.523270266979208	0.399298209542907
-0.236870765604004	0.154380672753434
-0.453266036789484	0.349040606948332
-0.0198605433725272	0.0100151018059412
-0.407499098304191	0.286098407023403
0.155688031981601	0.099347292496221
-0.535359698347296	0.505787424203684
-0.125762875017529	0.0771634079039557
-0.494907239653924	0.429273204440435
-0.361403572960162	0.30138562671516
-0.808148802993467	0.69652489672533
0.48567172019239	0.393689703141002
-0.0131916638329164	0.00665807403431898
-0.0845731398500046	0.053815358597928
-0.505026556835344	0.269570005542576
0.15305310192897	0.0994138773237006
1.30741851729482	1.4873006222322
1.55227173597449	0.783026833489421
1.95768385432882	0.509240283014783
-2.58035413683893	0.741528858997695
-0.810489429358029	0.545091434047187
-0.406612607692859	0.171598682740725
0.877157965838287	0.891952348851873
0.560357702652646	0.453209813065094
0.069409316763497	0.0506278225579983
-0.324550941070821	0.275285713602531
-0.799748662331606	0.513921741902299
-1.01918232107685	0.888088449791034
-1.12493096637147	1.07113736491746
-0.589810743825184	0.438570145707303
-0.325648593270915	0.274690816713257
-0.460835351888127	0.345166533726935
-0.456957066724812	0.392439972822327
-0.413029590456827	0.29443886660449
-1.15439110448155	1.75529725796753
-0.810701563409355	0.69831497593265
-0.0201047359691392	0.0135370020559288
-0.720687317041893	0.636094718055443
1.0131470381771	1.35972595646735
-0.369216769839142	0.293997361339845
-0.806280478650287	0.780225718275294
-0.209988484734625	0.146313860620218
0.0350353912042486	0.0215613317752135
-0.402026466342194	0.316183056198673
-0.0542258777272466	0.0345201009319975
-0.480030016671915	0.317737594564067
-0.402522058899494	0.319889466910627
-0.350434552447323	0.249303823057647
-0.496335977033009	0.406087035831319
-0.156582104353296	0.0899640804521676
-0.0215316608189324	0.0149497112862052
-0.692439726833427	0.48459662636129
0.518066764642248	0.41426114255884
-1.16205407939801	1.22930516238936
-0.4764970238461	0.302377809674253
-0.914351050275624	0.73161751449145
-0.407368929431674	0.289051701429616
-0.554929938651302	0.339115720877441
0.408590500938801	0.302087498564446
-0.025003395040187	0.0171955964628467
0.479018619486934	0.428871303162494
-0.576046841276717	0.530981855273998
-0.963205178754954	0.575192801127966
-0.659108837591392	0.398534262190986
-0.452211205830331	0.389073354088863
0.692885626384892	0.689431928826364
-1.47234398382726	1.31216852360081
0.528068427565721	0.498899401334477
-0.460758806208932	0.36941782393708
-1.0499572857439	0.821745588443205
0.496801134025882	0.309703236216271
0.391316009852586	0.296845075395554
-0.0991116320055826	0.0759991325857793
0.276442920379585	0.195763234868019
0.150114323517729	0.0922712551886737
-0.522640906515941	0.402923882695597
0.353181712914178	0.314169275457981
-0.279983714643853	0.216073880532203
-0.153768946242669	0.104546973683974
0.706144633925177	0.753389150749808
-0.0809737200567662	0.0512387967562629
-0.108537448230931	0.0406814997651989
-0.36482061023445	0.303177181274235
-1.44960177893307	1.58266272786149
-0.624025020389563	0.518384818722037
0.0598063961667406	0.0410462271184314
-0.819979602997443	0.745655030226492
0.436065395875701	0.310997772011938
0.852769767255651	0.984056204683531
-1.61858797707872	1.26746553873767
-0.521715383593028	0.408093308878594
0.0254009675446394	0.0150668499184133
0.551565934888385	0.436280682048977
1.21643975151499	0.89654060288894
0.299301527772012	0.187038567041969
0.074788847590193	0.0512821088512193
1.11579748682193	0.980449784680559
-0.21229944303766	0.143098792123423
0.354088725465858	0.303077700873681
0.160580469232818	0.110582297006625
0.163951032598236	0.10549645508038
-0.202270502774129	0.111222147913452
0.169669168213977	0.126467039206907
-0.66561581621366	0.67018543650784
0.51172978315512	0.508662796323275
-0.252363856169025	0.167376591151203
0.594534428737871	0.300578395149797
0.160962951218363	0.127828072343781
0.144329511445202	0.0751126320756543
-0.357773980205262	0.247771906346131
-0.321173048163412	0.264779506509542
-1.1503622450131	0.360685940099702
-0.56194535523212	0.351222343516586
-0.481413533484285	0.318066890465609
0.376641495701542	0.310201548922294
-1.24005451526035	0.944332395969588
0.294644998952197	0.200734635014075
0.266640286071008	0.204745853375211
-0.357961763835396	0.295500509114453
-1.95167331759183	1.82358281163311
0.138779808751349	0.0688678061642725
0.680468659402446	0.316022896750081
-0.199691360019564	0.10487207551426
-0.0947977508066344	0.0587253220561802
-0.0232144732764384	0.0112320079308646
1.35335741183776	1.21181362273647
1.38139908848266	1.0508200053748
0.142791595363011	0.0748880420432065
-1.48212096998315	1.0314188532149
1.0101345293033	0.90708757587143
-0.556210150405914	0.466827442412564
0.273278515315247	0.206024828257157
0.139473465273078	0.0720913106974174
-0.210862223805603	0.107585781872617
0.0434290092662755	0.0260393425625888
-1.47290322113327	1.30331208059323
0.288951532209291	0.195784806100815
-0.699015743313852	0.762952752954666
-1.30222300344535	0.590263820856037
-0.237695463640661	0.0816413996844845
-0.690923283229446	0.454118203150254
-0.501525800844406	0.265217028429327
0.132246498537366	0.0519933303438912
-0.614295148602489	0.291242001080239
-0.785081383438231	0.362906976960149
-1.18567831496742	0.681553964294588
-0.243725436647878	0.0769879785585838
-0.239728118249616	0.0819409426429614
-1.69043745088653	0.982988409329215
0.332234791406252	0.184566015768962
-1.29622672765006	0.605623718824999
1.05161221743284	0.522144797688081
-0.480607950529705	0.317163829488216
0.380366517634869	0.168008056029358
0.00390376756081225	0.00219833653712709
0.131483936676305	0.0555984197922402
-0.408844840646204	0.179390817300938
0.349614441354503	0.1802967622363
0.138285884060975	0.0589613747541702
-0.25619107573072	0.1328425179206
-0.501809715639773	0.259332501434595
-0.624849945688211	0.295188058846581
-0.536158509385372	0.209215127726802
-0.366458679889287	0.420603847048368
-0.411688383965525	0.407129666869893
0.00870444646311522	0.00447765122606127
0.777324115050864	0.59506207015049
0.153182251472494	0.0394690006724594
-0.158338350181924	0.0584174913036698
-1.53449212145706	0.567056159779366
-1.29638408971697	0.633152599982418
-1.28939033825229	0.603038659621743
0.51148169824987	0.191918737086312
-1.50468200313562	0.806443643796301
-1.99851723962443	1.40448640762273
0.808531649895198	0.336075401084419
1.80533336069978	0.726003060724617
0.678446431994099	0.333060857815108
-0.806917228359207	0.716679153902248
-0.492663692729076	0.462841904227369
-0.109002106706904	0.0445985532331997
0.811516334855715	0.347332413773245
0.124139511287218	0.0464286529964664
-0.622829227742564	0.3033656855359
-0.166397946500408	0.0899759178631141
-0.538228232179672	0.217245564114017
-0.164383173942095	0.134349683425033
-0.335364343484091	0.282108571630035
-1.01973750016533	1.14810189188537
-0.116835096503435	0.0478243299179473
0.0230659126277328	0.0136073778858902
0.895173561370117	0.769229428901893
-0.814199291091377	0.62382853181787
-0.994240299972701	0.520040244943026
-0.994129474238667	0.50367174171513
-1.15150774848009	0.364078757050567
-2.48613642462307	1.45243096900756
1.26061732087295	0.695449529793129
0.376856787447975	0.169014281652604
0.311029714746949	0.191238424932946
0.145028817076131	0.0675979433223811
2.89698060404014	1.9419899367467
0.772330614645474	0.450666432240171
0.91207206988821	0.999310335916915
-0.202543630637873	0.107620545119813
-0.797426636281516	0.445013419097399
-0.503423632212571	0.267498341441404
-0.788418523814027	0.367859720616813
0.159575475485746	0.110515705671533
-0.518556642578658	0.383635302531574
0.434647250643211	0.32104392804305
-0.414293183146047	0.289242668431473
-0.458159163255346	0.348433073011435
-1.07314381796172	1.12246931959951
-1.02664525730292	0.922939722817412
-0.461019446442271	0.281028828660702
-1.36288510596686	1.35402145649017
0.0714194400397834	0.0486491367781623
-0.177347436825345	0.124550942087921
0.298317448891289	0.202244630182226
0.781512715163235	0.581103126789376
0.0321728871827517	0.0180078777763872
0.0597205572941756	0.0393318282095285
-0.0780528899459399	0.0509525881653327
-0.711360032971834	0.569811028289757
-0.940965861044031	0.697021927271449
-0.0146936222016558	0.00740732861058363
-0.494799401474691	0.463343121982421
-0.4159327607871	0.288747440501949
-0.0444370091705125	0.021317573185278
0.518464627708237	0.42344583118987
0.556685035207789	0.453682720451677
0.900076531175189	0.795731092401836
-0.536314894943915	0.215990413651433
-0.160388177454625	0.090754031678821
-1.16111837522913	1.24751346927403
-0.987032650064644	1.02345015305897
-0.298218093484655	0.183249353397663
-0.314286936664257	0.232176190772985
0.407195586900151	0.303801231176771
-0.0722847801622984	0.0460328836276494
-0.959442570210892	1.12818272546983
0.247154727859341	0.201640145608116
0.375543305828929	0.309197082411437
0.156658007665838	0.114557602096475
0.0217555148022488	0.0125094348368458
-0.408982697531073	0.313389165253657
-0.0477027400350557	0.0316812689943673
1.2413155462087	0.868535834989675
0.0337853014793166	0.0204919735775952
-0.321191412943487	0.270056586425128
-0.507895195371129	0.263630222496896
0.155864889031082	0.101839634329668
0.717127945079197	0.593414300486837
0.0821130480466805	0.0624715881833742
-0.55573893785682	0.479271221564925
0.394719576031229	0.303258288214423
0.646371204935117	0.457926770874637
-0.642804526520728	0.160022734032778
-1.1809985903631	0.69766730505061
-0.417819897348686	0.241742618834443
-1.49580667684266	0.730446668459255
0.170553186311051	0.119752585238368
0.0401907081485138	0.0243335995430629
-0.0780125450510741	0.0345466149205094
-0.718388789136256	0.591175331431146
1.10602691012496	0.945101578575639
-0.146373338409577	0.105598879025517
-0.163221928217478	0.135294656344946
0.032068273378077	0.0196304061790003
-0.0983367585280491	0.0621452193124485
0.154286971691413	0.0865025674581701
-0.243845853824488	0.16466763614006
-0.821306849807684	0.753607823501059
0.981449701699202	0.78457722831117
-0.314002831469738	0.237608441629377
0.265208875539738	0.20940907005481
0.00498989934788674	0.002768190052247
-0.990646781562423	1.24356741571737
0.488470041180003	0.300899807444668
-0.807438359498869	0.709158664072917
0.388067746512885	0.177580324119649
0.456453204612552	0.41251907944666
0.0430336963739984	0.0281016903902478
-0.242279766584998	0.190743868679552
-0.221514192353754	0.173731223937948
-0.112458375361154	0.082456797368055
-0.241658971319734	0.191328496447075
-0.534108947461102	0.49010911390772
0.263929749255061	0.208853558014926
-0.10972901286044	0.0931191844266012
0.772074161522412	0.793823338122612
-0.474907879492046	0.529572962716583
-0.254249238869769	0.225123242419625
-1.21872196218018	1.82098891699832
0.663844948902921	0.915278118224962
0.213564070704751	0.21679155724474
-0.251375488678157	0.25385659780535
0.156243462111744	0.122456511695924
-0.017725452375784	0.0144885903929982
0.292161886710933	0.294189859805993
-0.770092777940694	1.08780280484206
-0.0678887389220428	0.0433125873627942
0.680950947483529	0.920486902462349
-0.099018524575033	0.0850835591571039
0.923598474595209	1.07986054427586
-1.23551822796135	0.957162922416439
-2.79213836012451	1.87466538935756
-0.235666562978124	0.0782482609106247
0.291951429567241	0.197621861868145
1.26563254214917	0.691331897183166
-0.167124098522207	0.0622904766722247
0.355301405547055	0.179451790203057
-0.059827478432278	0.0459405263618083
-0.165420585643325	0.0932019310293495
-0.321401142264364	0.15058880115274
-0.803292787464133	0.534717547989613
-0.346210515818793	0.204102700849321
-0.412295389694138	0.335989055010337
-0.345173436833435	0.434832069219259
0.0752089616758473	0.0573217968904504
0.707659104317694	0.456152480493808
0.14003268941206	0.066357640110772
1.01375914260731	0.958827333618809
-0.0811004980495908	0.0693056993272063
-0.283013979297108	0.263228233176294
0.461668856607879	0.599782518241257
1.33161297944611	1.37997069308568
-0.741173153267972	0.257863364193913
0.152161071013775	0.0381379190946737
-0.24069786423784	0.0800490991740339
0.659126706790713	0.207600898820112
-0.403968456667781	0.321746910074698
-2.58389336218252	0.718322275969984
0.130232203016104	0.0459791364778521
-0.107765607552961	0.101622812682701
0.136148636095065	0.0530436354332896
0.51148169824987	0.191918737086312
0.147298535161635	0.0299064650853773
-0.750487914248057	0.25418979125616
-0.542784781798282	0.599697580441841
0.149598693634922	0.0990643017631502
0.432476847088488	0.541082044558124
-2.09137158351879	1.01051507286912
1.01091342455058	0.367755228816798
-3.09089977214389	0.979262507080299
0.933830389707498	0.246593574724796
-1.83803589260904	0.765742619743892
-0.235856775008958	0.0793489852912384
0.135443864676089	0.0524278524986725
-0.116555675447315	0.0672980191268985
-1.53037588624579	0.568755687984731
-0.626676549070925	0.299363191756063
-0.103216614292106	0.0789623113873619
0.81118460801334	0.332463565013632
0.937499190632754	0.261653783809326
0.802300785847297	0.351921110791954
-0.164722015635498	0.0602890209744299
-0.184972599988802	0.12671249809949
-0.0183175187597453	0.00933187026574035
0.178531755680675	0.141708808079402
0.9409077387097	0.902573782595168
-0.504681206314093	0.269053632307605
-0.619006206608466	0.307736267254758
0.508395487354649	0.191306406455878
-0.510420207563032	0.26995612304104
0.136059592448409	0.0420203261091253
0.493235660686116	0.312899587130119
-0.202547185129728	0.111460168876577
0.288207214870093	0.200865405850087
2.02631553366877	2.64316265293986
-0.0160248284144341	0.00776563487177502
-0.939805168273012	0.696942967280344
-0.497393798762814	0.266357398561333
0.312025461562492	0.187776663979125
-0.516130060690006	0.388913399739667
0.269784379657182	0.188689753181672
-1.07128052904052	0.761653973517713
-0.413593350947615	0.287644163063415
0.718635855180983	0.590661291573647
0.331641756149899	0.183931055802013
0.770170232363128	0.457534538017467
-1.62660344667749	1.19655117476411
-1.04436434295654	0.445800704702982
0.373572036970928	0.164281655047035
0.148525349979773	0.0789455876073253
0.591357206189578	0.312204307543045
-0.361644030477311	0.264066763003298
-0.0407018973064402	0.0199242455274434
-0.24959965542876	0.127573603968611
1.88400667859312	1.50196024553284
-0.321611269368514	0.155016575716993
-0.619957836357895	0.520771850251118
0.347405639126146	0.173836906926288
0.139387824094096	0.0690167510035187
-0.993497048060355	0.516919190277734
-0.350998821047207	0.209629019741821
0.156941154206412	0.0934050195485984
-0.321060986417915	0.222085943909135
0.311214566652586	0.179848469620211
-0.247762726566396	0.119724834886902
-1.10902707116031	0.772016336960435
-0.00284138364612953	0.00160559915679505
0.0173634116159791	0.0102294028114411
-2.35756452862032	2.04968140214824
0.594631377104881	0.445055831974622
0.3905286277012	0.170662459309759
-0.505970274164709	0.26730233787955
-0.81422628892445	0.541622549330772
0.134918881869654	0.0533577160510131
0.13924822253575	0.0608077937182835
-0.500581294183948	0.271800122854998
-1.29155535372878	0.625517533767867
-0.806597521506635	0.550831411793643
0.637714883994929	0.448775500263705
0.136148636095065	0.0530436354332896
-0.289019582096268	0.17881256761465
0.765722689516859	0.432281082114865
-0.536943336364631	0.202808520595228
-0.669324208171541	0.393136561580587
-0.67930340935724	0.418027048629991
0.639283549225834	0.439187225792765
-0.561522803800631	0.351953534745104
2.62538741866041	2.48999759546683
-0.0467614721271198	0.022023852179923
-1.10181420852646	0.756456426196527
-0.907051185772356	0.858950101957772
0.692422350396905	0.450760660190779
0.942655029751549	0.61279899526856
0.135624812098816	0.0533801846509906
0.539850376172266	0.270045853545614
1.06186937375725	0.488639477301177
-0.537346054879039	0.217331390886752
-2.30538205388737	1.16636394953952
0.133170295037261	0.0471660602339594
0.786026862859114	0.454375752841875
-0.294029864674485	0.183448476036538
-1.17777712596423	0.66218876346685
-0.19681222501693	0.106873727651831
-1.04862055277964	0.406424397979457
-0.681955530860546	0.478931460380244
-0.214267839133635	0.185688607094389
-0.40568548913594	0.178088867438725
-1.28747950847418	0.599950543236542
-0.51726090617323	0.51550785015005
0.871147766309021	0.868473735533893
-0.570915659342966	0.698105910472364
-0.435659918445962	0.403762538095373
0.636776003730375	0.556506504995246
1.13364113567354	1.66395747964092
0.663232139173299	0.556828075329098
-1.15049600332665	0.365062590327348
-0.966065365958533	0.616913290371044
0.145109926730212	0.0440274092475298
-0.0662620027051481	0.0291483542782717
0.148340847278699	0.0298858287200156
-0.74111878729607	0.272048451943737
-0.641202061456385	0.157514466192046
0.146530154194694	0.0296723933695664
-1.00182182824985	0.50649437666673
-0.157872886457442	0.113237894604458
-1.00204899440887	0.479031129793503
-0.252683286370754	0.130221416168762
-0.633938056750839	0.55289676329176
-0.329205118271392	0.273978645758996
0.165789520998666	0.140355812156798
0.337266289514707	0.307228973269471
1.6024631290105	1.99558163830908
0.528693183462281	0.304249971131252
0.144787921708386	0.0783468370816939
-0.349012284376131	0.250242900760045
-0.0742029327306705	0.0328256208898549
-0.340662993210105	0.206768594890351
-0.359488922044695	0.107399144350341
-1.14570986018397	0.345493804480113
0.144466272087169	0.0365666001718038
-1.83417431820958	0.743590289338102
-0.784498765586752	0.3523321123612
-0.882388606349921	0.936341224366108
-0.5404274907578	0.212434533204975
0.11661952581273	0.0398662104737017
0.326966128557887	0.184340598814466
-0.175438329664209	0.152864007606133
-0.382453150890036	0.379514815648025
0.52477844022892	0.59442287120875
0.797177183913193	1.02757109987539
0.0629485677766601	0.0424678854330053
0.777771801141108	0.463831362420966
-0.960041306894174	0.568843526862525
0.407695514478035	0.468727328857689
-0.359430665610289	0.106502760621845
-0.321129838482106	0.15140587991954
0.801276932939162	0.341703373593925
0.136206023862494	0.0473598775991366
-2.65775174922523	1.57015442973913
-0.0115364593197388	0.0059954289876611
-0.117148555468703	0.0877926045315999
0.334620680402768	0.301430464113484
-0.168191969214204	0.115069440635288
0.469710086459788	0.421260461055965
0.825035845314515	0.693456710548137
0.1657067293886	0.116748758899423
-1.35629136973777	1.07772045853882
-0.292186585390836	0.183188456995209
-0.129560689207166	0.0774026604257338
-0.316502720982674	0.232837189120447
-1.17613320943853	0.67914685670877
-0.743201468674383	0.27129411111425
1.05690360215639	0.528064644636623
0.509367090253274	0.19233555776527
-0.483125040137007	0.31906960460464
-0.62312103496354	0.502735857354292
0.133537905695972	0.0563144501917031
-0.804791857372411	0.455453948964613
0.141007562218987	0.0531193402164221
0.777040653296928	0.606350666892322
-1.3449290894678	0.85034045532736
-0.684549143789654	0.467910289386407
-0.0732395634712847	0.0316709969775477
-0.358825242473122	0.289114507151851
0.556156472584142	0.45076349945671
1.22833371088033	0.836033029036712
-0.209373942841205	0.138771430247284
0.346103110842196	0.179823680062336
0.950112612529159	0.614966588150045
0.139031688439482	0.0551553886440224
0.409442851457886	0.311119440654326
-0.901834511377843	0.896869185479054
-0.884294612703147	0.94538475693462
0.0609581723612369	0.0428192400438524
0.450507139491992	0.404767006323912
0.0436003585772304	0.0279409294916695
-1.01759363239243	0.885048091998216
-0.615678064099734	0.4914923957336
0.673743594809809	0.305512044931719
-0.126089837862652	0.0746380415769944
0.715438676436425	0.576813202104547
0.145285129182944	0.0834856178555567
0.149259248507078	0.0756928388818093
-0.0577189002356409	0.0376126743828374
-0.0817176098333319	0.0520815885829306
0.347374121584277	0.175156060210131
-0.0083847422664994	0.00389081539172912
0.263663393328421	0.204061098982153
-1.17367734301652	0.990928193354179
0.148524885203281	0.0867121600192734
-0.35599696851985	0.256103064121091
-0.477510359134359	0.457296339874181
0.0223151786089011	0.0126287307575414
0.139168000229841	0.0433817694656445
1.07322951771698	0.666352282904431
-0.160192645492746	0.0573944240810679
-0.814090593250923	0.682765621842527
0.0617948253605767	0.042045737489064
0.159512106158434	0.12720137919955
-0.469067725062172	0.31552664856893
0.450278265795156	0.414048879146638
-0.691876654374499	0.488794783673855
-0.817562246538083	0.69577858420361
0.596099280712965	0.321457374887283
-0.780635032286793	0.350632558270339
1.25341888433819	0.703635927071053
1.95389040078439	1.22818117386364
-3.0872736676927	1.0096627055632
-1.15326790235359	0.352650907315544
-1.23655924427956	0.905867265253258
-0.0703848027748623	0.0315510424544167
-0.246485452685875	0.123065624432664
-1.11655953571096	1.05785520931886
-0.21306987974393	0.140694234350064
-1.2618498792729	1.173344856725
-0.0428615584637626	0.0209985823872268
-0.410440500390786	0.177046198413987
-0.255839258788718	0.13266788840888
0.142389551136382	0.0429872390507154
-0.0100759207856537	0.00525151713002886
-0.0162909894995616	0.00823384978340478
0.00706404079627463	0.00379837583445462
0.491078574932567	0.302964597300887
-1.35212607634225	0.771897516903184
0.594248627995953	0.321737609882008
-0.505657646573442	0.273559592529044
0.682343756318941	0.317054964719613
-0.179125229514976	0.117858886022694
0.557644009423091	0.454590885375308
0.137805190303762	0.0691307302825973
0.129948667100228	0.0537107917898389
-0.358359045617402	0.103670335208107
-0.115201436717573	0.0475182290829502
-0.174504534727498	0.120749845120535
-0.0962163225449129	0.0605278998875496
0.0461402115175165	0.0301769898822666
-0.592929476037595	0.536937559376502
1.33215315978056	1.37572027953699
-0.0370126833496792	0.0178401853666553
-0.400770719354283	0.274744027536172
0.849561645763731	0.605493718461205
-0.966695057214974	0.614432452222438
0.338154035076603	0.164247694039406
0.66600182806917	0.302669095060626
-0.356955457100538	0.261811033282761
-0.341468685318747	0.31446957405119
-0.498023949065713	0.268712339275272
-0.651702556314601	0.564563680798062
-0.25869597041676	0.132639266196688
-0.213644915702075	0.170381378169345
-0.199543080227851	0.105189788363932
1.05330088718846	0.51530651407164
0.651948020012595	0.441776642600966
-0.0204270055378707	0.0102021863030028
0.352126698395713	0.180525628261517
-0.242831203844467	0.0831146567067306
0.123922879114406	0.0469359051894302
-0.538378292508879	0.211635476778743
-0.414562162299593	0.177338418227925
-1.34107687963715	0.871335809171626
-2.21189635678455	2.45343774439741
2.39630138177915	1.94217453430415
1.38768002480018	1.08259488332025
-0.0109730826925075	0.00567619680856896
0.133802443644579	0.0579581911641401
-0.0732608640469325	0.0324600951866016
0.311069573782541	0.182636601928463
-0.205701594526296	0.111567775293607
-0.805831730072757	0.456240939747238
0.596474026261738	0.305986702450084
0.130378428188142	0.0515850695945457
0.647507836497191	0.209092823294752
0.137812511635235	0.0682692372515002
-0.668144914117949	0.393052586584167
0.308423122185428	0.195503511842091
0.346103110842196	0.179823680062336
-0.107612197534726	0.0654094540882803
0.381166493400155	0.178105031398548
-0.157393989826723	0.0898026196520475
0.370087841234075	0.161619327624737
-0.807426136632389	0.526118263279171
0.759089766952902	0.64547895389274
0.510424922813668	0.193438302922747
0.432943824417258	0.183111816316685
-0.639151761544215	0.160758461567798
2.09530747706542	0.965496584541926
1.01983918031994	0.386249118108273
1.04634348818392	0.514920336247845
-0.322334642919534	0.147035989585577
-0.325042629682768	0.153960488296901
-0.502786757576703	0.276821212530883
0.324599861847112	0.183834096359833
0.302792768260517	0.176595324580685
-2.29769046233874	1.21192066694168
0.135396322169702	0.0590782306601848
-0.538378292508879	0.211635476778743
-0.0662870396448015	0.0284709679445327
-0.478898600840745	0.327532663713876
-1.0040294192151	0.505501444134074
-0.805655524664091	0.447993289676261
0.350553624247295	0.181129869893444
0.154326265881988	0.0396696710594312
0.147298535161635	0.0299064650853773
0.51033816211779	0.187496519895631
-0.154312823910444	0.0881751490908751
0.385241406853745	0.174267841170529
0.593809491968065	0.43184478897996
-0.0348432497880066	0.0166569926428866
-0.242738510358594	0.0826009154088164
0.136587793809952	0.0539440736348147
-0.502162814211412	0.259952713519285
-0.937660285986479	0.68331670526784
-0.158657141192715	0.0923175287369265
0.146629727735194	0.037888595860908
-0.135507084004141	0.078113446736427
-0.108549820451671	0.0450134438348328
0.807240202202844	0.360161473759661
-2.08933702320907	1.00224173182883
-0.418411755537771	0.241081103358475
-1.85420537336923	1.19972693162192
-0.583617980535925	0.40575394307145
1.07438791424483	0.634859101682841
0.335748717860551	0.18127271792021
0.131749166732433	0.0575436673341548
1.09753091539898	0.820151645922957
0.625342589945675	0.537879233941219
-0.800950228759647	0.614020089706571
-0.409208122969882	0.234346770995473
0.316211020548687	0.169483437760215
-0.107158176462257	0.0439460290259027
-1.61424908796406	1.23289551562509
-0.320248777466196	0.144468717891453
0.379665372696353	0.172144767138991
0.50138761180379	0.176066553430903
1.76334499330124	0.99976672401657
0.390100619488569	0.305106627917999
0.154800018720343	0.0784846768553482
0.0415512275776785	0.0261970509278329
1.25625759353501	0.703046683170568
0.643721074352286	0.451950072685078
-0.305266122133388	0.224863453856353
-0.807186326329444	0.553734477255805
-0.262746065369558	0.131366422905112
-1.17435831672122	0.662808892774176
-0.0364205147598571	0.0175428276500854
0.534316156281463	0.305082585386052
-0.613124812776364	0.285354606808517
-3.0872736676927	1.0096627055632
-0.358359045617402	0.103670335208107
-0.160327934571026	0.0607030233359829
-0.617814895378597	0.304707426005378
0.134952570251381	0.0644785079474823
-0.410781435424327	0.174720746641606
0.146768306754502	0.0883378240263032
0.984177198938787	0.743569323054222
-0.159094940776029	0.0934279358925851
-0.363469399184534	0.262020057302589
0.77364121218076	0.457810902676981
-0.659386284876817	0.391637782820896
1.2611100807153	0.728454130006173
0.695735670296483	0.439773670918439
-0.689847568121387	0.483974507473499
-0.458029450182358	0.364421154337403
-0.266429299425243	0.123511213109417
-0.282044889552753	0.173186237844583
0.594926344615476	0.315530322410934
1.04334863788305	0.493718753632746
0.807521436376423	0.34530463058604
0.351820974358011	0.179393820966505
-1.83173442662581	0.750376196954039
0.505376343959059	0.189291473365939
1.43834175748452	0.492373840580877
1.43834175748452	0.492373840580877
-0.112290170395549	0.0468012113249199
-0.618641818736229	0.312809232787594
-0.691437989460335	0.493632807917402
0.146534417346092	0.0811472079816149
-1.68896404661601	0.978388462195657
0.651620019017489	0.218540697202247
0.141317963478494	0.0607980551818174
0.38013441111403	0.175447299470694
-0.942638665632415	0.674481421646851
-0.168115933001125	0.0632126351774387
0.432613419995009	0.178566120139504
-0.502469866537371	0.263586692087269
-0.0338680633320828	0.0161770654495632
-0.371043446598406	0.106880520227418
0.881599660220315	0.482138628742818
0.31472907123212	0.188767306171334
0.844624287007812	0.592412525578501
0.2437545525562	0.197306626803182
1.07156190599804	1.29007298701471
0.36163926338108	0.16956840628259
0.134896523708947	0.0689246278665726
-0.243796363156039	0.0832740997549207
-0.24177445301126	0.0824405666747071
0.147571338722617	0.0296534813215984
-1.14934954991944	0.361642569623747
-1.53037588624579	0.568755687984731
1.95669114496977	0.512659458057214
1.44061907723966	0.474013409533136
0.899439474962436	0.925932111562437
1.04668162982283	0.509065597601603
2.34155117714528	1.14696158604503
-0.318665137654068	0.139697701076989
2.11679432906967	1.46524114300515
0.148683890726692	0.078537789169385
0.333042522043579	0.176073661273416
-0.725422793347384	0.640111252105578
-0.199964380214524	0.110484332667455
-0.555062055710753	0.449145467424473
-0.158531498351676	0.0600096959484779
-0.367989161451189	0.106765907384938
1.55404703372891	0.790235868623946
1.02473230411965	0.387772269711141
-1.29246952974872	0.603074028277134
-1.15049600332665	0.365062590327348
0.138110400502716	0.0488174440941719
0.130776883061315	0.0386854390373433
1.80497011159784	0.71606070609252
-0.105526168765235	0.0423886872605756
-0.107956502010562	0.0435694934179004
-0.240758052308769	0.186570711293419
-0.206323616378527	0.141711810711675
0.330076662089179	0.181198275222544
-0.245717299831407	0.175744175364926
0.307921484753748	0.174736481265827
0.139123744261362	0.0424510535879042
0.146530154194694	0.0296723933695664
-1.15530988395106	0.352240509442142
-0.23866359359719	0.0812703616337143
-0.745259487398754	0.262919870951982
-0.120574843626495	0.0478804846094401
-0.309580445240397	0.230510233303819
0.15045336866841	0.0380860428865526
-1.14948503307875	0.354612480039932
-0.543059060231839	0.217923143403964
-0.550611655199863	0.341602477595322
-0.664396780041464	0.392701401133311
-0.747397259241041	0.273041275511744
-0.259534854582744	0.131333249911758
0.130904708044032	0.0505828968693068
0.137110549029241	0.0546226179279203
0.325968479687646	0.180431315132651
0.702596379736273	0.460744039261876
-0.155567819979617	0.0887531144615879
0.157532425550824	0.0980752305174171
0.280747070230115	0.203678584178607
-0.290687643100604	0.183740399479478
0.631499784939444	0.427328168431432
0.433318419535895	0.175599246910864
1.2574176620699	0.690083942857657
-0.78275565804705	0.360636315462875
-0.23866359359719	0.0812703616337143
-0.775510730261699	0.333979805522269
0.142389551136382	0.0429872390507154
0.148420534192756	0.0374024025336795
-0.501216578528547	0.26181007377062
-0.346211964757659	0.211104008402479
-0.472600621326673	0.308851771624942
-0.0802549232756123	0.0580034760227994
-0.223869812981629	0.17724489640599
0.0880861806065483	0.0682384393239368
0.388183790266613	0.307950103824788
0.707283172253141	0.453789190937865
0.481946145142232	0.41757325384137
0.657568802803389	0.208820993172924
-0.242831203844467	0.0831146567067306
0.65649188754849	0.213828185787937
-0.535434333049519	0.213943313751671
-0.362761418010383	0.108072109203298
-0.620024689232023	0.312625345384732
0.502301568214449	0.178720622038513
0.536830431800524	0.313249117175793
0.160936305470942	0.0982272304521287
-1.18636886760923	0.678216666377904
1.04865694548449	0.531508191445054
-0.254626108598453	0.133228805851161
0.1384208734309	0.0684195257841897
0.772980195206861	0.452293685823263
-0.0440470182347462	0.0205273701603295
-0.498654316661548	0.269459537187512
-1.56690225953177	1.39594948787647
-0.111222597319805	0.044472084944662
-1.18125168417982	0.702285464960612
0.889305699517139	0.46929991479866
0.599249421443551	0.317609623425109
-0.620273903009652	0.306322029367395
0.585608988789857	0.301248312168468
-0.797641389444498	0.336735574854525
0.381760553699559	0.170115241511
0.134385045943623	0.0640092422385083
0.376024380213866	0.168381404577626
-0.967015113315892	0.614378163164001
1.0203781139636	0.379112670460098
0.330446813678894	0.180415735554347
0.767365591771734	0.431676360854635
0.842679033946362	0.607621492589454
0.286705611855708	0.200578989733017
-2.29664592248491	1.20027948546036
-0.0761285642210919	0.0340897444121235
0.128493909536781	0.0471967319884389
1.60250840906564	1.09157869307505
0.156003742715821	0.103224792667914
1.2367976859149	0.838689615976944
0.320910580805898	0.176825282656465
-0.523270266979208	0.399298209542907
0.324221202543553	0.185038731442792
0.15390493087251	0.0949669015125741
0.341355927045437	0.172599594974526
0.719069921661405	0.585483232580116
0.286459600601218	0.203810772446416
0.14514613918136	0.0827187062636869
0.506427533988364	0.18784746465825
1.56135509044074	0.807151003503648
0.14343254477838	0.0422954895994488
-0.238758896681001	0.0823215813233085
0.537441496812716	0.312866118455202
0.133188225769008	0.0574381459518207
-0.310555360233464	0.2280917176264
-0.0996702748215854	0.0383309606698018
1.05195017411635	0.541657466219513
-0.504050962115457	0.269056238619572
-0.325431573491553	0.154947940471947
-0.123030901909557	0.0741904814966926
0.492215741863825	0.314784662239488
0.328127407007289	0.184351891214059
-0.795076017182403	0.422307155174779
-0.239728118249616	0.0819409426429614
-0.655383395372188	0.379219532026291
-0.415261907927616	0.244386251339133
-0.204271091871853	0.111765757284362
0.877848172772602	0.457295378142707
-0.622389793882745	0.301905943231289
-0.406837632930624	0.289047306750166
0.488492097040801	0.300485824760173
-1.62276365465768	1.20659917081023
1.25246817160474	0.693650648960579
0.701176850075566	0.447552393950058
0.347983464818202	0.18011968333436
-0.568251305884539	0.338351640050227
-1.49994637726584	0.782030476528968
0.149557277841831	0.0384747021438069
0.430112068401274	0.181043944337149
-0.324988770671333	0.151932569984729
-0.537346054879039	0.217331390886752
-0.111464639417467	0.0455964909740378
-0.797048685424377	0.447367745019654
-1.02696236717227	0.881118981956827
1.3288841329098	1.38830061658125
0.644367081573891	0.436999365148117
0.148265595622233	0.0768927142557756
0.143018201883375	0.0786896190336279
0.310904763323054	0.190908612206536
0.84758713923188	0.625020047927489
0.146335557149611	0.0606094645585021
0.151592021674215	0.0391867731421967
0.806359402540761	0.358507368695924
-0.534947355797397	0.202292168800558
-0.320902149077051	0.144608169184433
1.01074812309606	0.9630157056946
1.76900079726799	0.990487777656502
0.598984814383067	0.315210788650147
-0.353076562546599	0.251556394065107
0.0153040936595413	0.00853428319496963
-0.500577637297784	0.489159570969051
-1.2409829797974	0.888237175620697
-1.29447927174995	0.600956618768176
0.676770152997384	0.326501834955837
1.01925597811256	0.409912776295729
-0.410215261233192	0.180932493349622
-0.321671519641238	0.146075151215232
-0.603952945238121	0.426545416905083
-1.15252026964086	0.35280108571698
-1.54084152407037	0.548722359325435
0.344482433509893	0.168708338987838
0.124662587604269	0.0472622613674375
0.516231801156387	0.184808963128191
-0.0436719852649855	0.0205038946691861
-2.09029670561893	1.00046765547105
-0.169108798749446	0.0633550205884573
-0.359488922044695	0.107399144350341
1.04964306827127	0.532888202536059
0.774075180825046	0.614242438234803
0.646662109150989	0.458948228655131
-0.326994535202482	0.276952290424035
-0.119500209507033	0.0899161558720473
0.156746273368627	0.121150875086474
-3.08906260092428	0.969898491163317
0.508308207049143	0.186876394225301
-0.403889586751197	0.165714222483343
0.0694568754892088	0.0511742230543723
0.937499190632754	0.261653783809326
0.656440753924413	0.213319986430999
0.137485998606471	0.046647296055875
-1.12138372493184	1.05586054428511
0.152047604792346	0.068940417827731
-0.15495496328786	0.129166160725478
0.89326753949579	0.493913372997139
0.678659749080018	0.332590273621121
-0.107367365954032	0.0441482405081564
-0.252624977877647	0.127133261961847
0.485307397091661	0.284264889209845
-0.495370622750511	0.40719138878371
-0.957853463958492	1.10384610475986
-2.46426965095812	2.29823211914163
-0.541750832422632	0.203492939870852
0.137379333500041	0.0482491802202954
1.38785586760835	1.05075861955108
-0.170102690414963	0.0621777638963027
0.13496858485838	0.0418758500593107
-1.14833763115789	0.351429943173082
-0.360560346528662	0.110506092787366
-0.404719515662062	0.177211506147356
0.837499719035504	0.557593491777811
0.00491039304651443	0.00358255247297356
-0.159722331247681	0.115858791342451
0.101779331215893	0.0832896768262333
1.00284232802255	1.32146709419707
-2.4610970626697	2.2265783202491
0.429826185812624	0.180790242437756
-0.205276695481532	0.105930368961914
0.13963412545386	0.0737687913266248
0.14950206428626	0.0696806671674491
0.588023277575945	0.431478421456092
1.556328617163	0.799655515803619
-0.964806627878045	0.6098449656254
-0.0675562627942255	0.0301392315002916
0.319879018442432	0.182774649121252
-0.466822327586942	0.307184879080937
-0.257133554675558	0.129782291828642
-1.16442656025767	0.952334125549391
1.09224391397297	0.812496594562562
0.140212750873762	0.0438266964952015
-0.972737096220688	0.573696562802232
-0.309087793730434	0.230394211551245
-0.680532358133623	0.73005221503373
-2.00281032022357	1.37923133878387
0.138171577950211	0.0682199866426152
-0.410528979671494	0.291035534077894
0.137812511635235	0.0682692372515002
-0.625070892762584	0.304103689994862
0.808259912764455	0.362129795118185
0.391076468954299	0.312815133983766
0.134232097572655	0.0637945357670392
0.154873625799863	0.0965469830605451
-0.42307563587791	0.236917189399138
0.600033751580458	0.454696622335304
0.0391854954593057	0.0238439759929441
-1.85230442366481	1.18575896161027
-0.073581336695183	0.0336062763419565
-0.0656600242935422	0.0281566802412482
0.137812511635235	0.0682692372515002
0.674861872999053	0.330183863567836
1.21862024838457	1.1233877044142
-0.214015394425853	0.14584262284936
-0.991584835419699	0.509621036689629
1.09247495773898	0.834486954436261
0.148598303105567	0.0901302272815949
0.939102233359381	0.253860909335715
-1.15049600332665	0.365062590327348
0.135007162803849	0.0525832791817303
-0.154391067136637	0.055485706054896
0.134056604270157	0.0647843293884834
0.148105370653579	0.0787793494444962
0.414108719112529	0.310466185038046
-0.619456392965523	0.306385186415905
-1.85256354163673	1.24329327350862
-0.0444370091705125	0.021317573185278
0.330271133579578	0.178193660362159
0.939525287345992	0.595180790375434
0.987847265064796	0.804980428026288
-0.0224317136527964	0.0154458035230149
0.324221202543553	0.185038731442792
0.1574136599715	0.101833937821081
0.586261963496801	0.296279112249618
0.43081723961695	0.180762559764109
0.344809162036694	0.173648217695563
1.4404769637137	0.925253579314697
1.09127910063618	0.81862879683925
-0.106915794620885	0.0444299840185133
-0.207426076818209	0.110772382583145
-0.103524310536803	0.0633836336621702
-0.285413722841741	0.184475324584796
-0.91408478402745	0.709646711388215
0.635384749404977	0.418180994814075
-1.84232646865299	1.62753543312029
-0.802262424904961	0.444638757536284
0.328326802891767	0.185264266083153
1.55927272566059	0.82219585210137
-0.503766263104996	0.25895387795783
0.140212750873762	0.0438266964952015
-1.6954331627243	0.961763323133025
-0.99326836763321	0.517175184688351
-0.119881183491514	0.0478933706673617
0.155544081436167	0.0897643771608585
-0.121981185608262	0.0728634716648554
0.313488408620067	0.186952413336749
0.502526017566839	0.304069608464287
-2.30904119357835	1.17202362633673
0.346103110842196	0.179823680062336
-0.166667437201203	0.0934160220156581
-0.123914638203066	0.07118559040147
-1.29504698571006	1.39228382269903
-0.221580158243503	0.146364495265626
1.24350572446074	0.811714137659835
0.0451770173022552	0.0293598208993596
-1.05774632429198	0.853940588912901
0.380472847073521	0.178583812279393
-0.248617670466021	0.115799752875574
-0.362761418010383	0.108072109203298
-0.325703658751924	0.154626417865869
-0.235366154817952	0.151155577844187
-0.992199826217384	0.500662614108395
-0.557071583384547	0.365831951673527
0.890588560911072	0.484682948063766
0.889510898489544	0.48730909614316
-0.254867684308471	0.131831920125515
0.892444642677385	0.483745472509299
1.23838830947622	0.852218104211741
0.321679237525596	0.178332257085562
-0.256151991681336	0.127639934076809
-0.512313552556058	0.261203124093126
2.11296006349496	1.53737182151905
-0.788613564696241	0.353882296250295
-1.30135258499529	0.587385751724383
-0.155186326040078	0.0556752157065771
0.137651866713991	0.058093970220936
0.516231801156387	0.184808963128191
-0.641202061456385	0.157514466192046
-0.501494526674634	0.261550500605072
-0.990106795273382	0.513997136030586
-1.1691733349924	0.971895528943613
0.329691373492926	0.183922787767868
2.10819889727013	1.42676802644054
0.134365677383912	0.0472680043000072
0.151714458282224	0.0388912867750066
0.143026972168353	0.0421513029555423
-0.417366870459225	0.288821800654676
-0.917171016391703	0.784443291963916
-0.480682361010022	0.317759369722352
-0.0182868448595049	0.00927472187114726
-0.600832641077148	0.441774643067096
0.13666545744793	0.0405825377691358
-0.132357936459028	0.0785956274420447
-0.16651193383656	0.0628116432481694
-0.114864587925929	0.0460264330650371
0.773451406207677	0.55917299054175
0.781267299688711	0.460154937643072
1.25891668950697	0.720228398276574
0.353097273867133	0.178034901859058
0.150621244130336	0.0882799651147823
-0.166751495896406	0.0591867000211825
-0.917017930563395	0.752796184846397
0.804345219810016	0.354670067283374
1.06443513015505	0.633145846254874
1.02088548899468	0.400936027164983
-0.994633753674783	0.523323803017451
-0.336387302944827	0.140744941655672
0.138849529120137	0.0410428996828527
-0.781436261355611	0.35170236669133
1.01921861300587	0.396644684199019
-1.24664997714976	0.888808959563153
0.150208902345623	0.0904199710002849
-0.338388279549755	0.202778884891454
-0.597549612232175	0.43844103782414
0.984379995479531	0.787377844937861
0.347071628466038	0.174974607319874
-0.418720623112358	0.165477423344797
1.80758447803752	0.721280060796327
0.327530887826221	0.179302411114759
0.00647374997451698	0.00353655145958408
1.60748369259225	1.15499562353462
0.281491092201441	0.19789977416355
0.248662547666199	0.211010683739246
0.301660020461396	0.194085133620432
1.3250717169947	1.37338894065832
-0.568136926777431	0.344264473470738
-0.40906737712132	0.178426595528026
0.433933958631963	0.184268182335159
0.125617210279122	0.0479200400412875
0.799361276514942	0.350100638307926
-0.362705556816672	0.107501080075651
-1.83491490068662	0.788425903741666
0.150287825965849	0.113079325160328
-0.119187770670459	0.0474445980567986
-1.83484563549255	0.778771858376252
-0.115201436717573	0.0475182290829502
0.158763438852571	0.103721125680636
-2.46924987154034	2.26167320488768
0.154920822934006	0.116930112342113
-0.0231144229003835	0.0161576735766607
-0.547973908086299	0.463006965354902
0.155923794055161	0.125870164914242
-0.180166814193667	0.163747234564884
0.33678687887191	0.306658421910347
0.0596178881631806	0.0416060066593046
0.423234801233925	0.415464733493283
-0.318350788281352	0.14841278786824
-0.319922894319779	0.147502743503129
1.23435015581811	0.85068748787667
-0.324056895742629	0.150246964027103
0.132993910304649	0.0523687456023297
-0.0344532504075775	0.0152666835449151
0.427717494445376	0.300787059747733
-0.0695958637531267	0.0440835825006545
1.31825134024419	0.57610225589685
1.05213113970518	0.520777479410227
0.148420534192756	0.0374024025336795
0.145491028290931	0.036825262301477
-0.638053781472973	0.159413989769262
0.667693136307616	0.301388294742159
0.011762148779096	0.00853065554722687
0.13807845482994	0.0420246516498512
2.752067120414	0.822295230137003
0.452633739160469	0.302704517574187
0.13395683731647	0.0531064763399834
-1.53037588624579	0.568755687984731
-0.402285404322007	0.276908839586653
0.163749764439296	0.141626102008793
-0.885925297168502	1.16824373933888
-0.293569203284	0.179618453241993
-0.301185462995213	0.301685310162198
-0.681170094649419	0.93885513277446
0.161375404990359	0.113274835001538
0.0555444372953184	0.0352467581737387
-0.157393989826723	0.0898026196520475
1.31252479262864	0.600435015177839
-1.1778343974266	0.694231004335433
0.382827383034452	0.172054618326838
0.705532265716536	0.422429870407728
0.558969813154657	0.502042541604857
0.152161071013775	0.0381379190946737
-1.29155535372878	0.625517533767867
2.10019721953434	0.986561337015099
0.654236796829969	0.213945380780958
0.681844643509206	0.325235587307819
0.149437344912318	0.0387143285458533
-3.0927052061415	0.976755090905428
0.112457786389295	0.0882138024396154
0.430766614165271	0.312084036308142
0.647942695521578	0.846862323345277
-0.35221803194146	0.259619191257293
0.142923338097577	0.0435648827361028
0.134054511289016	0.0472844272232309
-0.208065034836473	0.144879260960481
-0.535770199818026	0.652948832101653
-0.222006044778976	0.198762995499753
-0.184040591623163	0.145586979819379
0.411162571654234	0.30715673806496
-0.362761418010383	0.108072109203298
0.151714458282224	0.0388912867750066
-0.243796363156039	0.0832740997549207
-1.17410267047714	0.676482934053212
1.04802374700303	0.511349613324604
0.670755512793817	0.322017350136971
1.94496200761381	1.25891974706269
0.295915434058432	0.182165011325426
-0.661351709572835	0.382037436018533
0.148598303105567	0.0901302272815949
-0.411630078861953	0.28829524786641
0.702185772258082	0.462731173424917
-0.320952959421538	0.154335715038355
0.311535320586701	0.188011548758276
0.279217473590121	0.186756191993975
0.149800544319104	0.0834571097164035
0.154418843160216	0.088283788349621
-0.196805851997972	0.106799588304064
-0.0857519711545558	0.0542966613146426
0.410725264088859	0.305828284268672
-0.0151910879488932	0.00792272303871374
-0.289467361817276	0.17928644790883
-2.21827083981999	2.58393248972494
-0.609826404226666	0.419559380297562
0.388576199897246	0.289326416330639
-0.238758896681001	0.0823215813233085
0.137203934086858	0.067626149248098
-0.535186958100844	0.210095387101008
-0.360560346528662	0.110506092787366
0.94992508171035	0.632277902132406
-0.0666122044633469	0.0289566297943592
-0.109246018379103	0.04508030741302
0.131779494178384	0.0568165625585411
1.22339215134504	0.990646815341661
0.636884176358142	0.438853291718755
1.01805582297975	0.918349198096366
-0.494198986064655	0.249201447983671
0.146274095562439	0.0841212711099751
-0.660964491528573	0.383807717543472
0.596474026261738	0.305986702450084
-0.193804290249416	0.102784197850843
0.941763011486634	0.624526542570836
0.439082847305611	0.17545380333929
-0.714369866674286	0.643089752586538
1.39147829023616	1.05083038896795
0.137890709949604	0.0609115962737022
0.0278553673916295	0.0158368236499135
0.149771578690469	0.0858843275585027
-0.165562695651732	0.093594135309757
-0.715919844839695	0.627277347888742
0.812389299369663	0.348842745446089
-0.409208122969882	0.234346770995473
-2.13027484817321	1.59595222793528
-0.0738742839780229	0.0322894437149072
0.132793947921269	0.052747475034437
-0.669516191047112	0.39161484549575
0.150575043964835	0.0398742802241122
2.09333333754258	0.927716965280705
0.146629727735194	0.037888595860908
-0.205277972634166	0.112172503211809
-0.802007068198373	0.459266302633917
0.143786222535581	0.0779618340505276
-0.409589471100648	0.178797735474755
-0.481856023746788	0.321567434504954
0.135079987669266	0.0477904423303552
0.430878435985422	0.299640063688925
-0.45526564924248	0.354412299692262
-0.198968381027641	0.108218340859036
-0.900595214428171	0.819690312041281
0.559766416032275	0.436402436190551
-0.942405108763655	0.669166927319403
0.320113729305303	0.177707007078242
0.156449822934603	0.102630943513302
0.317601160378378	0.16575037997365
-0.201700018170439	0.106535145823316
-0.703247414147259	0.582343969413504
0.330068342184175	0.183491046000774
1.2413155462087	0.868535834989675
0.438878189025572	0.178473207313235
-0.400592551649961	0.165471421442957
-0.165172689480306	0.0612608335836151
0.890351974579105	0.495909084367992
-0.154391067136637	0.055485706054896
0.124437692418489	0.0343676721223533
-0.205203193700574	0.133010014579503
0.492989257135176	0.304526818054376
0.272533169314928	0.193758138303716
0.64552894264489	0.447807488193937
-0.925863038868007	0.754248609246556
-0.161225835332711	0.092729265986559
-0.0240629374460866	0.0116575295601388
-1.01094087310434	0.877388829316031
0.271231566314307	0.182920838130799
-0.209627972400214	0.144740949313019
0.14394296757226	0.0774132452348651
0.296917634813775	0.195593696223144
-0.721633708668543	0.528679982630556
0.779012629703514	0.473541604950873
-0.00856457976153218	0.00441033873844804
-0.306876473295488	0.130347824302747
-0.2067114237319	0.108241484604122
-1.19068147697111	0.597415751895723
-0.361689402338145	0.108124975750703
-0.161570043256658	0.0595628213999823
0.138400183918035	0.053176469952507
-2.086380304582	1.0034842068174
-0.641202061456385	0.157514466192046
0.144013731109022	0.0446680190904957
-0.237695463640661	0.0816413996844845
-0.103069663681318	0.0410892184391855
-0.164729572110263	0.0931667891880634
-0.00542815760028302	0.00283738756306543
-0.518253718092804	0.386725381889317
0.868960217862641	0.888972263804863
0.160486748364237	0.102298606761929
0.159142863132768	0.104874816220844
0.644669140113873	0.443020156853734
-0.141986482778418	0.100986478517602
0.130904708044032	0.0505828968693068
-0.378492711077747	0.337292850156539
-0.916678127725987	0.764739688844465
0.145683994636373	0.0764332103598978
-0.410732112952634	0.324995487525826
0.52347482629829	0.436173649968679
-0.11385703011212	0.0662495999563767
0.430634616284559	0.180338254051688
0.151592021674215	0.0391867731421967
-1.29550933804307	0.627186554192247
0.593847884918076	0.317288904202925
-0.237695463640661	0.0816413996844845
2.09224667851663	0.940461176647781
0.144013731109022	0.0446680190904957
0.77807530008367	0.47192952886596
-0.410558304074756	0.17853301029646
-0.342944786205687	0.200077777070918
0.715586818564943	0.664471046583978
0.375695833378333	0.172323298773828
-0.685056111365223	0.493435833460527
0.0594223163785917	0.0372890895619528
0.156073561419	0.10254786451001
-0.402498377644609	0.278496832265208
-0.254261348395864	0.132533659875258
-0.0477027400350557	0.0316812689943673
0.318921995391774	0.173638896430584
-0.0506496630424001	0.032684463014221
-0.154602039572758	0.056094744600154
0.0238906958733357	0.0143677965956127
0.151944701881686	0.103767689463925
-0.784166996221629	0.3427928339224
0.148209504221931	0.0373013479875106
0.135079987669266	0.0477904423303552
2.73247077993972	1.69180735737529
-0.414080744968636	0.244324197115955
0.384221133072082	0.180043115257058
-0.0299361574919424	0.0136664295656656
-0.100894681933095	0.062353577982032
0.495391780968799	0.311468450243037
0.0265780683023459	0.0150664259273537
0.488048066919698	0.297102652392967
-0.807186326329444	0.553734477255805
0.160617178912239	0.105461454641581
0.529784334626218	0.292534786911356
0.806113219788702	0.346194047449125
0.650496067935128	0.212216670317608
-0.480170121220341	0.318439294667852
-0.204275706560417	0.111114322726964
-0.319534070569924	0.150445648067453
-0.0705117248055388	0.0444385434935339
-0.251340323407098	0.165080777083359
-1.30048255889941	0.573535372098795
0.606279483445496	0.442076097919414
-0.204711026628099	0.104641358338223
-0.56267565326939	0.357792459017205
0.143441141090086	0.0668378066523965
0.978769340773388	0.744666272413905
0.133579690367889	0.0593178068344119
0.14514613918136	0.0827187062636869
-0.234612485423079	0.150533491362483
-1.66458381133728	1.73893116827401
0.140212750873762	0.0438266964952015
-0.235757734816455	0.0801423601127761
-0.235757734816455	0.0801423601127761
-0.0140619295336805	0.00729024394241359
-0.0181622579424451	0.00913696321353318
0.136755725932495	0.0606671383293289
-1.66152294805795	1.5710918526586
-0.118382717313038	0.0680406647207515
-0.357106887274226	0.255396102271877
-0.666488056569503	0.666479526982608
0.0255288082485049	0.0139424070701074
-0.0141297057167577	0.00704813654339945
0.705501751596964	0.459758476472306
0.152987356518046	0.0765716551889323
-0.218268295331678	0.143231598892217
-0.537279690206795	0.505052169254444
0.270147977193036	0.193672541689072
-0.0192942647937551	0.00977181538776885
-0.108306419331988	0.04486469338739
0.567394224015698	0.552589266797043
1.22529170543642	1.19158627677469
-0.126640566230914	0.0751609146577741
-0.708001697385965	0.584134259815183
-0.264214728021669	0.195725336593139
-0.162073959890814	0.114642506900753
0.0698939459078874	0.051069389966424
-0.278122619934431	0.215384013452069
-1.05830713179538	0.85758544690967
1.75704943908703	1.74791191661313
-0.0229590864454143	0.0108794128211385
-0.0778390850038591	0.0501705193420347
-0.25666869855985	0.162819668750762
-0.139876560794379	0.0971218637170615
0.309019347375542	0.188410162922317
0.266804394228662	0.200257079859799
-0.215888544059504	0.146688284727915
0.138043251604245	0.0652132853189482
0.34486086252124	0.172505135106296
-1.36016383672814	1.13199545660999
0.531543060373153	0.296688458767766
-0.310985941944166	0.215905354184638
-0.251340323407098	0.165080777083359
0.0561075195011321	0.0370205691776106
0.449258024117099	0.413886008756175
0.045208369049758	0.0291123380857417
-0.310392219557953	0.226459979177986
0.153188085482421	0.0998490638935405
0.5834289919547	0.508735595257145
0.647374222789388	0.456100636616678
-0.729647459453915	0.703506506357023
-0.684068637539419	0.482554880546102
-0.961940255910527	0.599220689975794
0.320321067953168	0.168341782426776
0.90062357808841	0.793623221784853
0.153758652769015	0.105751629749318
0.0169717811686706	0.00884373464020107
-0.627990613212015	0.526596453445649
-1.65479110496156	2.31489146723285
0.149945338199776	0.0862709222804071
-0.276996357290334	0.21370446114259
-0.361379023276154	0.311447381155253
0.679288801304138	0.683125230751844
0.523433628047948	0.290445187634197
-0.212722189171519	0.147561696286976
0.269916508057904	0.204697828737517
-0.0145940070875816	0.0073078004276662
-0.033774330641505	0.0227938518436585
-0.784561510703363	0.363836867465963
-0.167959560593104	0.0611486891241379
0.675601669243791	0.331218389647436
-0.340407812458819	0.205162804177363
0.659755895199916	0.550527429856422
-0.248666487935833	0.16405506179246
-0.814367035498806	0.702558246388081
-0.803653688043731	0.690996523288828
-0.326380863670958	0.272337582485532
0.681640046460597	0.685606910668798
0.558158743631562	0.519387246225561
-0.811000132078267	0.675438464486071
0.544960118891804	0.413694595698524
0.0602535177070548	0.0410586780853021
0.826198117222633	0.758781762581084
0.428111516878465	0.175221939777085
-0.261774905821728	0.131042010034343
0.319128913075882	0.16879832489279
0.293576334079884	0.188547194111002
-0.200540624838189	0.111660464768416
-0.288793355676417	0.233966998214352
-0.310126627048157	0.231334212006788
-0.153532094650544	0.110258048842445
-0.691876654374499	0.488794783673855
0.0571134190268428	0.0387420529963033
1.03159623729562	1.05708837260871
0.632833766959229	0.649254518259826
0.269264379554222	0.189212998610544
0.143909692394027	0.0890425706769317
0.643232287326602	0.463781724524759
0.44048183278366	0.311467426000474
-0.642804526520728	0.160022734032778
-0.640051550461191	0.165024385486426
-0.787422566026612	0.365763236185906
0.129204219799347	0.050695322287496
0.458104753791229	0.299655798303446
-0.792048709220897	0.353122585383395
-0.0825785087627196	0.0519665667468265
-1.50772794244597	0.828052257466456
-0.818215776279917	0.7713646456107
-1.16464010722484	0.973187614953254
-1.12076819358585	1.02191285987566
-0.212259811679211	0.148134124478402
-0.414309816953878	0.23290151800277
-0.80645879531188	0.845072348679745
-0.415032070460195	0.23179224596637
-0.660661820285272	0.397139871258851
-1.45391745289182	1.54791322254566
0.0126049459946927	0.00673983052890939
0.0260745981207104	0.0149528400897074
0.0475420260220656	0.0295943647691361
0.890206969075898	0.690285447285979
0.154172090651536	0.0854413483192885
0.271617957167945	0.190101214820917
-0.497708739508664	0.26149911167276
-0.414969104090676	0.172609368042727
0.134054511289016	0.0472844272232309
-0.355174540952263	0.256323593383254
0.453956793607163	0.411437983709399
-0.126119347307717	0.0744259612115576
-0.809238584565532	0.635825751379727
-0.275050383171404	0.198061764803409
-0.357334130644795	0.340221652250068
-0.464364751003293	0.361829630826191
-0.362955252974037	0.299557456743554
-0.0402813148063008	0.0266457037713149
-0.997515500201142	0.998008491305861
0.0354904263206079	0.0221009514156951
-0.0739018505948486	0.0477013702366714
-0.0135908517044651	0.00955626314697928
0.99482176226175	1.25686546388509
0.314114224502212	0.192109988094844
0.593650171830426	0.44173128287549
0.152068404467653	0.0757432231948254
-1.10795976281127	1.05423309178273
0.16183307768387	0.105875955488261
-0.405645394093431	0.217660304022402
-0.505657646573442	0.273559592529044
0.158961127189241	0.11312837939326
-0.170146493073902	0.114295226632764
0.065472713353361	0.0452968664833339
0.151313153077069	0.0893369837208342
-0.649282669053341	0.560735084047309
0.64215070110017	0.450126415575819
0.504620593217147	0.434330743867254
-0.180748443502429	0.144070058892059
-1.28252117448151	1.38655302424168
-0.563756955941027	0.45530310347199
-0.331178759047001	0.281859020251581
0.322655105715377	0.182194300078116
0.156265217642473	0.0957696078866423
-0.122621654357465	0.103410239126588
0.255119791727028	0.205736930895562
0.0454688083981098	0.0274382960827012
0.01253955415475	0.00666214434000951
-0.0282790751590252	0.0191607494402896
0.512149172878603	0.510047459116795
-0.153323326892334	0.0868072830125758
-0.454857774432071	0.363245297011658
-0.800513818896265	0.735464615783397
-0.0187281696881632	0.00947860007523738
-0.0729337977028532	0.0321775121310788
-0.340524904325161	0.20696437936361
-1.83900812453972	0.78336625832403
-0.0370126833496792	0.0178401853666553
-0.658502037428639	0.396551681243444
-0.410558304074756	0.17853301029646
-0.20154339370226	0.107467096023076
1.76155093501475	1.02920586895316
-0.4931853960643	0.419200447692331
0.592944705289784	0.457887161352032
0.00642686239075	0.00356847174506999
0.164120762057113	0.11570667249911
0.492876038775085	0.515604809130954
0.353582417497681	0.391749116419576
0.158450762960714	0.0960306796434327
0.0233500793191792	0.0133086299833499
0.664957618869927	0.5628886704116
-0.21701264343265	0.164230166625167
0.673997592251233	0.578985641484082
-0.237540503623938	0.185692548563212
-0.0915018686089103	0.0689233765612016
0.282954567743196	0.206356665402152
0.00928883705268535	0.00486851078520662
-1.84659818855811	1.68074554501104
-0.247141711158	0.165712015476975
0.859418081366938	0.601791355303011
-0.246399820694202	0.165786098313749
-0.00891601723774015	0.00460360411962348
-0.968934393500842	0.599504126969321
0.127531138720005	0.0480304519654892
-0.247233662151149	0.120615900811326
0.135962577881537	0.0469477306529536
0.142409951687472	0.0537237101565823
-0.472740993483811	0.30791155888608
-0.550134042320581	0.552323343557043
0.1583198432024	0.106967822249605
-0.28353732790789	0.209929704555725
-1.20509982825494	1.22830017257034
0.332816516188941	0.179762277550875
-0.21781848770421	0.174380683317593
-0.0192463669320402	0.0131650864087723
0.693890952364773	0.76439689453732
0.159076768708219	0.10359495806962
0.283410167362092	0.206550705320216
0.550674004979521	0.438581481450556
-0.714922017258059	0.548663174089714
-0.145622823909711	0.103278984314508
0.451312523472675	0.268693761152692
-0.414080744968636	0.244324197115955
0.986512391348156	0.791486017868611
-0.498023949065713	0.268712339275272
0.446561461713995	0.2709787303733
-0.501518338543392	0.263005178442346
-0.504675833131305	0.262512474194726
0.153371135705962	0.0947700811094661
0.775835230724948	0.828503124064556
-0.455537101179967	0.356612184046998
-0.235989029845454	0.143696212082371
0.588369661652125	0.309840937155273
-1.36071395461705	1.11100701574227
0.0122565786004409	0.00650082185281196
0.528398563886518	0.304381560338078
-0.409222029575506	0.334278599770578
-0.73767080435422	0.766799765426498
0.593082420869489	0.561911318210357
-0.293807639281973	0.250464458656886
-0.503256984218109	0.557289471509316
-0.629861460553808	0.689040301489494
1.13002474550855	1.58606811130018
0.253564583803636	0.205490616517165
0.595218376745023	0.789533199292085
-0.201622545317828	0.135018563806268
1.37573811899914	1.80853841162333
0.456439416863923	0.299082952939178
-0.807960572315747	0.672506307204344
1.34866999422709	1.84529953522328
1.01966520830166	0.951057318660695
0.321679237525596	0.178332257085562
-0.810572043505115	0.693003123789614
0.490050790339665	0.303892499794546
0.651620019017489	0.218540697202247
-0.61181979372342	0.273614994205246
1.01921861300587	0.396644684199019
0.651620019017489	0.218540697202247
0.133170295037261	0.0471660602339594
0.34422514453789	0.172018545502797
-0.121510067928096	0.0479304154258901
0.771799190539761	0.593803941558018
-0.0701086998422564	0.030438581791621
0.906175272880208	0.961298209409462
0.88203899072657	0.880326522984842
-0.0785399135224618	0.0512128640677705
-0.552399407500515	0.47676354538298
-0.29017042510185	0.244486658357643
0.162455024407863	0.133713772800118
-0.728686428001597	0.722119718931845
0.350094956313447	0.304947957537442
0.239304232340685	0.202557419955077
-0.500499859689664	0.443470812892646
-0.995090049002653	0.992266186572095
-0.4056707580444	0.225693223274651
0.592960227599052	0.551984761820033
-0.902061140031606	0.81244144744868
0.342239241590502	0.291650798034155
-0.412426794107233	0.436398270726614
1.10565342933849	0.935052386215979
-0.123290420500445	0.0715733997565165
-1.50380292046246	0.792192513342636
0.362023548435711	0.311171820126865
-0.14992786674731	0.0829424585722822
-0.477632269563427	0.320009981676094
-0.0764506626660215	0.0339559639590988
-0.208280352243618	0.109154006856738
-0.362090872388863	0.105121598450216
-1.50307444338272	0.814556392712404
0.152732391175414	0.0382714049770349
0.144238937362675	0.0349493412687826
0.145109926730212	0.0440274092475298
2.750998534728	0.856347257355128
0.940200574145807	0.253749297128023
0.535571265131279	0.315233631043124
0.137315956442351	0.0626194019251377
-0.326092497128536	0.153287071042347
-0.72448846864021	0.658738999224319
-0.659616461131989	0.389838971135446
0.288409911917338	0.188663588083584
-0.400248993709635	0.32127692480783
-0.0234286319972259	0.0115536164262831
-0.173536887094852	0.119437833681871
-0.25110414114384	0.194630849681829
-0.921014475705803	0.770135142328169
-0.0483646274846212	0.0317213702029749
-1.20576469425719	1.24134652971855
-0.403120354027874	0.349542006514691
-0.187224235618731	0.146724050986053
-0.0195150254254227	0.0137926962914935
0.588879683767292	0.548781520568844
-0.154599800448605	0.089854361765786
1.38863628096747	1.0845510331437
-0.515499986534072	0.258621159110366
-1.84840255547546	1.1518525900223
-1.4981431998246	0.775806930948334
-0.152770512298197	0.0864050192986209
-1.17670975888368	0.663795327316834
0.13962172397379	0.0659322718870072
2.09887148338563	0.914899286607492
-0.362761418010383	0.108072109203298
0.146530154194694	0.0296723933695664
0.143823190554174	0.0286863588662954
-0.364710422394577	0.10867960623312
2.752067120414	0.822295230137003
-2.30162319001997	1.2187948483975
0.597399162388047	0.314642616903962
-0.420527433442447	0.237034967524827
1.08922749809222	0.797333471454656
0.0345332576488185	0.0214109646487958
0.939089118067047	0.914516382074221
1.07978072239085	0.649918989904998
-0.246177339836348	0.188300658219064
1.65052187015348	1.52448741037587
-0.557504615847185	0.367797403005286
-1.29725706004791	1.39823990181557
-0.497492928326416	0.440983920029906
0.513323971896111	0.514544179386253
-0.545268312245625	0.528167797402064
-0.52544950078108	0.499117616259592
0.418370734779171	0.317170889245164
-0.162769775714279	0.09396275082392
-0.74111878729607	0.272048451943737
0.149079899984376	0.0874244258454846
0.0602428961406007	0.0404936621201148
0.882299080968551	0.483497624585158
1.55721057936984	0.834743156597484
-1.00012887646995	0.494203510437228
1.04894138043849	0.521983179474153
-1.53144416139017	0.563341198905054
-0.112047201339618	0.0468130396329068
0.141334689210727	0.0482331216393845
1.31033794820574	0.586411525643316
1.95669114496977	0.512659458057214
-0.641202061456385	0.157514466192046
-2.58035413683893	0.741528858997695
1.01817089453684	0.40792140673669
0.3086364795145	0.17816464955116
-0.401425545401512	0.157616421870475
-0.80385593473507	0.457075743191345
0.260361162765717	0.207035023058029
-1.02506019291651	0.942106671344998
-0.224417697645524	0.177405537785912
0.455581000579358	0.405214703195533
0.256073405817631	0.221331378377778
0.0566386514333135	0.0371067063801372
-0.740304408219889	0.749352716864145
-0.631357068081111	0.685553505124329
-0.036585893657503	0.0247123513572098
-0.730861468699543	0.703915969077085
-0.345790619792695	0.214006328451774
0.138542206767368	0.0452013015721919
1.80753895631949	0.735539281495884
0.677746863760494	0.318637505132318
-1.05463851010422	0.865545342371948
-0.157177190190221	0.0853577833015863
0.886518255582459	0.470653487058126
-1.17423929242679	0.648596068682592
-1.53292188135986	0.555430504293838
0.137150052833161	0.0411222576901011
-0.635536067431146	0.156838726108935
1.80533336069978	0.726003060724617
-0.740078450848074	0.264308426502421
-1.79827108630004	0.44343860950155
0.678998404401929	0.322401707789424
-0.156990805293217	0.0566715283602665
2.11225907874865	1.46628109249739
0.630361271838412	0.424512621358473
0.0290900451468388	0.0176840970305467
-0.0497737194754146	0.0330058507091598
-0.565647472146118	0.476640871039479
-0.360732582149021	0.319654394501896
-0.670302172231966	0.667004826559264
0.0349885281944122	0.0218548739386766
1.06955697321334	0.630254768486869
0.842096049859286	0.598903135551153
0.146362362089539	0.0762025140165833
-0.162769775714279	0.09396275082392
-1.04746380174536	0.446251819108337
-0.989368177865175	0.51093753674394
0.150715901937816	0.0298994530276061
1.440502280487	0.494214957169554
1.01889764766	0.394556712565599
2.09224667851663	0.940461176647781
-0.788418523814027	0.367859720616813
-0.0368018162603143	0.0177025920036206
0.353729501343342	0.179332789421632
0.0164191174705835	0.00924081758159552
0.556255305059554	0.449722122572903
0.153046892186911	0.102875548267925
-0.516704553905394	0.385419444054807
-1.48719628646843	1.07398641746359
0.153833401754865	0.0800358884943113
1.05510539675988	0.523195293978497
0.779697297390481	0.475457569264039
-0.0513636051694779	0.0343687995614452
-1.16445794718048	1.03777442245088
-0.500231725915787	0.268069118666385
1.95768385432882	0.509240283014783
-1.79827108630004	0.44343860950155
-1.1503622450131	0.360685940099702
0.509328234383416	0.19034954966172
0.138192435231197	0.04073094393078
0.14198722004211	0.0692623166213816
-0.245378199366304	0.157059916025797
-0.962882628169328	0.58033133497196
-0.328580756885159	0.268821219076007
0.168971758726662	0.124462562685449
-0.558586314598915	0.568526776958435
1.43822645060161	0.4814693304651
0.153304124082544	0.0383355187662969
-0.238873496893652	0.0813017835792925
0.149437344912318	0.0387143285458533
-0.805935895658811	0.435220931243908
-1.17866988170833	0.665432458487061
0.381016788512	0.319160056927579
-0.250815582173567	0.163705299663958
-0.178007965685355	0.124240603564695
0.657568802803389	0.208820993172924
-0.365836989763007	0.106464687450847
-0.356869186364459	0.103873748641222
-1.1778343974266	0.694231004335433
-1.50074574754444	0.781039705255396
-0.964174198481442	0.58889382751541
-0.249869536367146	0.189916185521202
-0.80809181902116	0.753281246074798
-0.314525187026086	0.143524454151037
1.76843085892553	1.01854485705832
-1.53151586580405	0.574497786496295
-0.687194236568572	0.500851204789271
-0.033941659564985	0.0232249758247502
0.153122148280133	0.115612365136903
-0.181143441212768	0.128379065637466
-0.801573062199763	0.614678015938559
-0.274117115293503	0.20450977421354
-0.199071828300211	0.132509491995063
-0.30900053722073	0.218354025366406
-0.11924974934047	0.0704144091366679
0.562543337477879	0.444606966672616
0.00380740481060468	0.00212424107969933
-0.0723181877970234	0.0318763236610429
-0.0796093000291264	0.0341190979029343
-0.521464968610758	0.402083078954596
0.0525230971686576	0.0357368852346077
-1.17423929242679	0.648596068682592
-0.116202359228504	0.0681017001698406
0.605850355185586	0.4358116881269
0.141783912933676	0.0741431965183332
0.0119975466529981	0.00635699071435518
1.0140779428044	0.959347852068681
0.346410309116634	0.180034990902733
-0.411060138889673	0.29343624987963
-0.807564574198473	0.710606854680444
-0.593183502567298	0.451412668949633
-0.0773945504356967	0.0345599956565893
0.0270685137286809	0.0156167021529993
-2.13600775184947	1.53185952270567
0.489994488035713	0.41478215706923
-0.494519369905202	0.256512434129376
-0.409589471100648	0.178797735474755
-0.560174085474276	0.472793697052124
0.66665997033356	0.590263015176827
-0.419571292475515	0.287330282585974
0.303723027437515	0.196655365712463
-0.406795684922944	0.281131730513003
0.0732271936574067	0.0551897122405356
-1.11536584227386	0.740431235890235
-0.323178216181641	0.153845670382338
-0.779635563806562	0.358041820883046
-0.199535651096126	0.11036262070561
-0.788418523814027	0.367859720616813
0.140212750873762	0.0438266964952015
-0.668542259313259	0.389834450034024
-0.286376267708575	0.178808260138051
-0.408482430232551	0.277770073104575
0.9868683204657	0.80332005542529
1.01744822202772	0.952736112669878
0.536319945959318	0.312385290710734
-2.24706193604908	1.8424154049597
-0.0427010317813063	0.0201332427355269
-0.0827841469815149	0.0355839026457701
1.94715791672315	1.22486480192506
-0.00847110393180663	0.00433482068731261
0.138071567979321	0.0552000006911784
0.937687320607838	0.251423109778556
-0.540279399151712	0.216641309156028
0.882299080968551	0.483497624585158
1.30998315369168	1.4483988483535
1.24254649718101	0.864389733377017
1.1068667800691	0.979458140535246
-1.51033175417747	0.78515735496581
0.141339950966228	0.0619620184926446
-0.80247432789741	0.445937028208483
0.385377718016727	0.174898731045601
-0.286859869080883	0.182922905077323
-0.66032303020695	0.396059948503628
-0.663821170269306	0.383030975751414
0.131353343885289	0.0577996815588159
1.23010450250907	1.16182232751598
0.77267230729415	0.620562468650235
0.0107338042512946	0.00578889143722848
0.134385045943623	0.0640092422385083
-1.68615255015219	1.00767428003693
0.779398735549682	0.457703242564049
-0.196956877017165	0.10647012505144
1.44562958831416	0.907843188053031
-0.11544232357717	0.0477900987833726
-0.0666052319715446	0.0288250422164207
1.30634478564301	0.584947989934065
-0.251414217389798	0.127601090671485
0.426548506584016	0.302684590584669
0.627544370197532	0.572670723683328
-1.18219769089873	0.678137885848869
0.786637528792309	0.461008366599578
0.132451920953857	0.0466455087584858
0.49880041854054	0.30292762159848
0.382114965974111	0.173792873878644
-0.410558304074756	0.17853301029646
-1.15922651567605	0.991230811267427
1.86852638811618	2.01653943317985
0.159426170292011	0.0972968931469673
-0.261167748194526	0.130429957046138
-0.110068279780676	0.0451649068512259
0.134196990054445	0.0476746060306298
1.23091759291227	0.829468429580427
0.785672735038802	0.462225710689678
0.324213990259454	0.169006203951718
0.589005816649738	0.315478908743383
0.350248720578881	0.180235678791219
0.596159746806829	0.448677524649178
-0.464454622877673	0.369219047804311
0.458398392730306	0.302061921390637
-1.23420619357409	0.900452567235578
-0.959052984095736	0.593029045553984
-0.19838373196457	0.107920719055338
0.780961727918353	0.465364231952768
-0.785081383438231	0.362906976960149
-0.25856235208069	0.131819246493234
-0.0370126833496792	0.0178401853666553
1.23815426117206	0.875821973022754
-0.253895054531947	0.129709245827785
0.0334107818184103	0.0206862742294939
0.144589758282915	0.0820552212688457
-0.092311788544761	0.0550502811663971
-0.0745092275577593	0.0327001897762958
0.529784334626218	0.292534786911356
-1.36027559226145	1.12292980349918
-0.703037184940727	0.551572768271156
-0.689316183166364	0.466194645363553
-2.13118765719293	2.29536979145738
0.138779808751349	0.0688678061642725
-1.10276324519887	0.759604525468119
-0.815424408215245	0.60848653920346
-0.422301390085657	0.237203978454098
0.356241899457848	0.177982224618821
0.144371010985954	0.0750333048455101
2.38776814123256	1.96262932532936
-0.667880678004439	0.389024594324578
-0.234694668181408	0.0780696821637067
-0.404204428069518	0.175254554424228
0.50534052579531	0.426117721863142
-0.297951592716087	0.186695456574851
0.165340830748883	0.0973317903021049
-0.707543259716283	0.583786234820528
0.331480290013759	0.178642290750803
1.23708002219662	0.982225014916203
-0.339825517487827	0.196510605116695
-0.406193086421697	0.279785596273809
1.31340633790752	0.593211047439799
-0.960633285530712	0.588168639197439
-0.994010926170791	0.516707923678894
-0.561370647136795	0.357658155209359
0.809278508462875	0.35935358035182
0.943384009642932	0.643480462142467
-1.29002100319699	0.568970826479131
0.514346005008199	0.600045711420064
0.345638505178676	0.381852473107801
-0.665817228253261	0.672578631001798
0.302792768260517	0.176595324580685
0.804345219810016	0.354670067283374
0.904375017567292	0.976920198322781
1.01894113835412	0.383635327989737
-0.961309692338859	0.59639782815755
1.04685801604876	0.522943314328842
-0.737306873905965	0.261799872953967
-1.17727076558462	0.679896629422749
1.30774636544061	1.490137724457
0.595364176584147	0.455658513366782
-0.803518434131603	0.421590481935438
-0.0129407380216028	0.00653421573326554
-0.537346054879039	0.217331390886752
0.141977438466511	0.0613705297330126
-0.686071803991231	0.495863053856761
-0.50436425758768	0.274246658678405
-0.553197333453395	0.352038986657497
0.699064971348292	0.428668927664199
-0.403979824664925	0.176521636526113
-0.474500018477464	0.316068695399698
-0.707420989076151	0.563694895701342
-0.0391346000543218	0.0188419705957032
0.135961595251738	0.0525664206442301
0.135890018961621	0.0651907521492639
-0.566962694994296	0.346583723844547
-0.6594470627918	0.395342061147261
-0.809556551410841	0.532837606328033
-0.315278244653449	0.144920371695287
-0.416250760468025	0.238710104039839
