x	y
-0.686099282571702	0.471047725140609
-2.06387697557429	2.66225767450389
-0.924957844382565	0.754428776837913
-0.637204913659695	0.571415555294773
-0.93306921264413	0.632386137308594
-1.2459429689802	1.54018714043931
-1.36480042649315	1.39551215954896
-0.805460560193932	0.639567198164807
-0.987952363317169	1.34505865849209
-0.906582777122804	0.795229489287825
-1.23106212780687	1.47049600620971
-1.38743291805831	2.42797928222865
0.241134697483603	0.219843433144224
-1.2940819601471	1.41317796039608
0.646371204935117	0.457926770874637
0.503230068522577	0.596849515566167
-0.44144385704378	0.382133936321872
-0.687725708316357	0.767979763178338
-0.781832285984009	0.929560359091206
-0.169653963804281	0.115654554565039
-0.562099133833118	0.355930001727369
-1.3533019304307	2.19698471777467
-0.53487114217914	0.504073758745463
-0.127139807557556	0.0876250355422469
-0.477649945164218	0.314645807004946
-0.777100376096976	0.333634604049644
-0.351078606326605	0.209719657419238
-0.243642961458412	0.158778824794634
-0.415875254946907	0.232191188863208
-2.04458490464606	2.10062515490814
-0.965425723999257	0.601756282991128
-0.0228627267695043	0.0112267846806393
-0.807243339014004	0.786016366916584
-0.292431732030853	0.186049827608989
-0.704837643673179	0.576716794483813
-0.245670817294599	0.233439069829996
-0.560051212508446	0.630967630790566
-0.171782613987059	0.142110664690462
-1.11219988655359	1.10683290970496
-0.660219726984713	0.386175562708799
-0.484968913777981	0.404088764529213
0.885342002214818	0.484835586556771
-1.0384619192567	0.425008614563889
-0.409501150530444	0.498299504771857
-0.417753647350526	0.456717978243074
-0.549540293481357	0.621257152139795
-0.243511274534024	0.1920090884901
-0.551753898937521	0.348801650280747
-0.698653481568104	0.822558986802587
-0.497951876865159	0.423371780469636
-0.443749331283036	0.394343702939705
-0.728216599938676	0.707464918847218
-1.5069290023678	0.825613110856424
-0.662841983562884	0.393090927148914
0.0291645217179941	0.0165891157814649
-1.20383181772694	1.24740076146189
-0.443258430645992	0.391675920544329
-0.505002690830891	0.263603394050074
0.16183307768387	0.105875955488261
-0.893332640065559	0.926939263260929
-0.814869262670288	0.711360714762511
-1.16022547281537	1.00484246176915
-0.924157387781287	0.770925862930017
-0.742214024546646	0.265076593943061
-1.14934954991944	0.361642569623747
0.146530154194694	0.0296723933695664
-1.52824166271591	0.549555586451851
0.0787575862044111	0.0623631518688745
-0.558779663180774	0.706195348565432
-0.240682138405187	0.211985660817904
0.473631114702845	0.428321115223743
-0.420150431687333	0.287126634981147
-0.158474190095909	0.146269270327877
0.150575043964835	0.0398742802241122
-0.74325556589109	0.266496707150431
0.144013731109022	0.0446680190904957
-0.640051550461191	0.165024385486426
0.155347612608017	0.0390265755881082
1.25267223597606	0.684284668862338
0.115502443631092	0.115276466596714
0.271976091475082	0.275298954426208
-0.235285470112938	0.200971276353935
0.657877458807983	0.653769861063964
-0.591831907572484	0.412243986466802
-0.529640999355704	0.500624653170053
-1.02024681488306	0.933795217623756
-1.04329396383084	0.427873668991277
0.129353817157867	0.0456019081276057
-0.36050307261752	0.106458318520891
-1.8579339138474	1.16799805942249
0.681102365092073	0.334715915734849
-0.657433757197004	0.378987238646612
-0.319805633827254	0.150257257002701
1.39182403922153	1.06425847440415
-0.0978267289048886	0.107768015287401
-0.0690385648817493	0.0674373812354443
-0.256048732159077	0.238381574636343
0.733976710156516	0.90074009401129
-0.558358496969727	0.478234498474282
-0.146251270352489	0.145845514082884
-0.885938671425699	1.05294306611379
-0.965550211202291	1.36884041385269
-0.437137173618572	0.418267724115704
-0.289224656031605	0.236455953456414
-0.561580648706097	0.565882894775847
-0.704507800934897	0.514864711203253
-0.0909593704434694	0.0682892767935792
-0.557057518171371	0.470032455726708
-1.83033993416833	2.45757456239133
-0.968921077542678	1.04975063028109
0.0562914574775442	0.0375978135990112
-0.72765997303559	0.640912558302201
0.804208982721108	0.356831466117133
-0.0157267351714174	0.00780364174975632
-0.0428615584637626	0.0209985823872268
-1.35628402828477	1.33533069483856
-0.233906947413152	0.0741497939139874
0.935152923883186	0.60086512400659
-0.320403357093647	0.152946249882557
-1.17542677165255	0.991896074156129
-1.10336877920854	0.760871891692769
-0.737190418625924	0.730652819653439
-0.586998139768144	0.644828934587337
-0.443537746609686	0.409360145346664
0.52461469843376	0.446462446753124
-0.628538225885294	0.51146636109655
-0.552621195482677	0.474219485358661
-0.783560026625646	0.361765598683855
0.141301354602922	0.0439626882643758
0.138790539973392	0.0520667223352206
-1.8369920889684	0.776375821449157
-0.785295260806664	0.355512129363445
-0.642804526520728	0.160022734032778
0.13496858485838	0.0418758500593107
-0.53646428094626	0.21525941047143
-0.195376873069911	0.104187932954348
-0.514866793210844	0.548289819751815
-0.212209516204934	0.181866206845013
0.328331643229087	0.309531024577726
-0.132104171763039	0.0960151041544066
0.260540245710135	0.206773711183092
-0.276435850840512	0.235128263890259
-0.0109730826925075	0.00567619680856896
-0.170102690414963	0.0621777638963027
-0.628555686023129	0.302088713394628
1.76900079726799	0.990487777656502
0.148209504221931	0.0373013479875106
-0.783560026625646	0.361765598683855
-0.783756015091416	0.362696617831833
-0.919828973677769	0.792832563043884
-0.644985907427845	0.82659407783668
-1.19188224615004	1.42120693641063
-0.335234955695275	0.308356897256611
-0.18068237450733	0.138898834737623
-1.10060500276584	1.41983780934876
-0.115300411193434	0.0870768006966144
-0.478416465168337	0.441809706999207
-0.753637491323985	0.856744363041105
-0.807736000256359	0.669371402594425
-0.23779019895304	0.0816855379093685
0.137379333500041	0.0482491802202954
-0.236821861803662	0.079016271497548
0.937687320607838	0.251423109778556
-0.412634832847966	0.182155909112211
-1.34052951031377	0.864368400237168
-0.932424545441199	1.07728818355008
-0.342732840497563	0.317251342593065
-0.649987147625698	0.778668356367916
-0.744189887710831	0.785823940504725
-0.622557781009753	0.49473512906228
-1.07352540090272	1.14250901747365
-0.359430665610289	0.106502760621845
-0.322928588103742	0.152889976850244
-0.361632557745294	0.110435934225015
-1.15441539366439	0.355848450407468
1.80758447803752	0.721280060796327
0.384680965114356	0.179456379644767
-0.663807159993255	0.409827818491952
-0.668364988363103	0.648539954929861
-0.719749395152196	0.634219169234331
-0.403853166653459	0.327371642764561
-0.353352185581825	0.351655043117945
-1.0511670680961	1.20557414996797
-1.36331441453634	1.12468430133954
0.0120603365103218	0.00694596320500291
-0.18222427670091	0.125676916097591
-1.21526155117499	1.2168508344196
-0.235760769893683	0.0787471827495425
-1.53144416139017	0.563341198905054
-1.50206832376341	0.779074857346418
-0.553772394730298	0.354625621911673
-0.652035233913415	0.595171691321771
-1.36858481780207	1.06522285823206
-0.270458677336513	0.209745734310957
-0.717958836228362	0.616636811124331
-0.153853952549996	0.105798890630957
-0.647527110797571	0.606661798452809
-3.46306341772265	1.27024715811195
-1.29026588773255	0.599898838970873
-0.564248607536565	0.353856889738287
-0.585450824561737	0.416817659904806
-0.317324764009114	0.256958639293122
-1.48400405999876	1.03552463054954
-0.285878405675383	0.231066792583495
-0.639151761544215	0.160758461567798
-1.68615255015219	1.00767428003693
-0.183735361359852	0.20996250853252
-1.08401728249678	1.81320284797138
-0.62511770151382	0.674359406321967
0.659126706790713	0.207600898820112
-1.1554350298159	0.363497790570843
-0.245822060452296	0.0800412879365436
-0.78288540591008	1.24656821508637
-0.459075358281495	0.568594111277679
-0.930884827253095	1.15982712461873
0.140156610400495	0.0482528832876944
-0.163958322007106	0.0615655330617315
-0.152202758950426	0.086222985146615
-0.708459111549669	0.574515970437047
-0.671818173809447	0.6922311801339
-0.638954644635542	0.163590857835517
-0.621736533655191	0.748028995558792
-1.43732854517485	2.47109883263327
-2.58389336218252	0.718322275969984
-0.275811800819534	0.234646762575885
-0.213940475710289	0.170558747222077
-1.79114832575787	2.50041062529728
-0.27191628197939	0.226470888059347
-0.961619394871846	0.610531580886766
-0.362691779224196	0.415969476826427
-0.42921580425344	0.472321870173579
-0.606801918291837	0.59560639555213
-0.403905854059973	0.275854425344001
-0.0926964108069305	0.0710576242061326
-0.62427905741152	0.669769753003977
-0.812366486277079	0.625647862676831
-0.928921968977881	1.31168913490738
-0.404574723686724	0.343771584854614
0.293114969330168	0.18823936491123
-0.789415503798749	0.357067149108583
-0.416017129761793	0.471937237104976
-0.820422302753471	0.674558161231346
-1.17202640714662	0.672084004097316
0.149942409522206	0.0296695603684523
-0.755801899260104	0.877323602424452
-0.0109077809427436	0.00755823839880823
-1.62549041396071	1.90414713522515
0.652744579969079	0.217901190867539
-0.117099696230625	0.104600422846055
-0.959888288973408	0.972648997112634
-0.972638009903077	1.05191573159235
-0.618062170451355	0.308574530477795
-0.74325556589109	0.266496707150431
0.144238937362675	0.0349493412687826
0.936593763299916	0.259936987760241
-2.58035413683893	0.741528858997695
-1.79827108630004	0.44343860950155
-0.815408090501306	0.975336529653275
0.512662477029569	0.506517306466739
-1.78012620430648	2.96760142725553
-0.410568440293361	0.231683784495114
0.806359402540761	0.358507368695924
0.308664731450498	0.306766925968823
0.639654281421488	0.450326843630335
-0.806729521548512	0.897919437371421
-0.733023211941625	0.606078166827876
-0.640051550461191	0.165024385486426
-1.79885352006505	0.441851175328772
0.151714458282224	0.0388912867750066
0.403410770440913	0.397336498884369
-1.15466042693024	1.30450926302601
0.156265217642473	0.0957696078866423
-0.410642264225855	0.338704912554631
-0.106915794620885	0.0444299840185133
-1.03083291032653	1.49210362085575
0.286705611855708	0.200578989733017
-0.603699706456298	0.425777223146021
0.141345879979211	0.0425641836366328
-1.79885352006505	0.441851175328772
-3.08816781498671	1.00619496834741
-1.04446839481507	0.433758823456749
-0.419275489528758	0.326593271665754
-0.24419038131967	0.190619857012601
-0.215877915217545	0.173960888507323
-0.0162909894995616	0.00823384978340478
-0.661287736635151	0.386934423841393
0.0718564646228848	0.0527625339612197
0.93858206457656	0.889464225967127
-0.473731024607838	0.309516577918413
-1.50772794244597	0.828052257466456
-0.787422566026612	0.365763236185906
0.42874318379423	0.172384781729637
0.138184059153725	0.0592752542579593
0.164019288873457	0.103701953095979
-0.31136760294783	0.236962344518481
-0.320593802506487	0.233861789390576
0.458097983938764	0.318479377584667
0.725815739066503	0.797055164737007
0.0417647656153962	0.0257532206059397
-0.269523333220393	0.208320089904349
0.702564996193174	0.45369129702762
-1.10353186749184	0.709221643770353
0.508395487354649	0.191306406455878
0.677956182449758	0.32614533172492
-0.106672689979698	0.0440771895051864
-0.13084320051678	0.0775736489009116
1.11623863815696	1.12036813040117
-0.723801268973952	0.678295922136116
0.410322465489591	0.316707560963015
1.00115984326659	1.29240255807235
-1.23493175240211	0.949878800715857
-0.11544232357717	0.0477900987833726
-1.17657559406997	0.682634759900125
-1.04852745575138	0.433634927743835
-0.998184444569477	0.491357704023644
0.140942702613077	0.0681811135518664
0.851144964172815	0.621487316991933
-0.41071107384013	0.173994622433548
-0.642537307706015	0.586895020350453
-0.317031036454477	0.151116677217382
0.540625613298384	0.312257745963804
-1.11031924022944	0.77572281644483
-1.11748539987236	0.713959938742692
-0.072637298386576	0.0331156166836183
-0.242645197927369	0.0783968437264996
0.14278047506627	0.0286976566342611
0.139123744261362	0.0424510535879042
0.121848793418133	0.043767959272648
0.484638916593989	0.47578171214715
-0.812080259171715	0.779929488007152
0.516842288985142	0.528882242692726
-2.06892759780324	2.5809307035236
-0.703264826896124	0.555347379290987
-0.213221821715288	0.148428094170287
-0.102130157239648	0.0622512470502376
-0.516188134983911	0.400238306605456
-0.167124098522207	0.0622904766722247
0.64220560670624	0.19836420940896
-0.746356613660589	0.273282091273725
-0.0714428456605323	0.0564705514883939
-0.879315180814465	1.09101738169877
-0.956663036715101	1.09027735234781
-0.341061044938844	0.207096700827082
0.146983138546149	0.084333105527994
-0.196885502389807	0.174860120418288
-0.284333474052699	0.182375787445505
1.44198232062639	0.484943359002049
-0.641202061456385	0.157514466192046
-1.15441539366439	0.355848450407468
-1.1138840610686	1.07719238969813
-0.361632557745294	0.110435934225015
0.651620019017489	0.218540697202247
-0.363834221255445	0.105336776859405
0.0860620653144261	0.0705318850401205
-0.0555639426459179	0.0372945439012606
-0.679022280303984	0.721556802099291
-0.343088765430445	0.213421303957526
-0.740424042952503	0.254094839261628
-0.762324265204847	0.950143587852679
-0.13001127233073	0.0950399033910044
0.593585135058305	0.32070803309802
-0.366912679142292	0.10867450197924
-0.400248993709635	0.32127692480783
-3.08638015821861	0.976947360312344
1.43936351386259	0.496241204441374
-0.137845483864994	0.0983104728253817
-0.554772319082503	0.477539500056739
0.310590236868311	0.188097930038948
0.698777427254312	0.678215564852334
-0.500581120561042	0.263943199854098
-0.28432687963664	0.236055834983473
-0.206434624866974	0.111074252163248
0.355301405547055	0.179451790203057
-0.36096099471069	0.104665235869113
0.3867832989891	0.1745222519379
-1.04339806761328	0.44647504020799
-2.58466475834283	0.717819400011573
-1.05843403446095	0.401170844991363
-0.737276613683022	0.709752455596483
0.588143405344931	0.441408279047316
0.0624405629471877	0.0443195858046156
-0.0167128488921122	0.00844263874522962
-0.0200829858695971	0.00970856913280298
1.2873947141865	1.58889521644008
-0.344779053136203	0.241082741605654
-0.614902930277753	0.307405159894602
0.138110400502716	0.0488174440941719
-0.596389392628334	0.450304987370377
-0.640051550461191	0.165024385486426
-1.01266461345289	0.897184279307517
-2.58466475834283	0.717819400011573
0.142589359097088	0.0409603601960904
0.13496858485838	0.0418758500593107
1.07441215632118	0.684912401894024
0.148113043982734	0.0699926053105222
-1.75024857693872	1.93965946139992
-0.492388579261125	0.413223408740031
0.328134706159255	0.17471212429541
-0.41136610494922	0.236873881974617
-0.406635837906938	0.367571351528556
0.143957392112011	0.0730502438585452
-0.415058452084919	0.242845964526865
-0.476355641955367	0.32413640181467
-0.169108798749446	0.0633550205884573
0.140257143383385	0.0435197137411983
-0.234892206256004	0.0787477952299076
-0.746299501605774	0.262727370636678
0.43896092372852	0.320052437590037
-0.169298241626553	0.0622982259026902
-0.361689402338145	0.108124975750703
-0.909097763280578	0.724328273178269
-0.61478547519944	0.288830790863547
-1.14934954991944	0.361642569623747
-0.476585664503485	0.432615487772059
-1.02413503075298	0.925965579606105
-0.369316812095571	0.336153130767691
-0.361441784007583	0.29400642293804
-0.61875915674878	0.308472532919217
0.604118543653972	0.64892736659453
0.939959286095952	0.88780167791116
-0.243491356646554	0.154184654822968
-1.17573630179228	1.22915093698642
0.508308207049143	0.186876394225301
0.940200574145807	0.253749297128023
-0.688209425205906	0.496793012335888
-1.15064167724211	0.346681243171548
0.146629727735194	0.037888595860908
-0.731457686365826	0.706408654469052
-0.576389300710546	0.506751427333323
-0.396201083928222	0.309263798132795
-0.640051550461191	0.165024385486426
0.144466272087169	0.0365666001718038
-0.640051550461191	0.165024385486426
-2.49258417980263	1.40739952159237
0.560121652766863	0.510017975726498
-0.644991236857061	0.561244281262975
-0.155498517026805	0.124567747150323
0.348009682668705	0.175115397482291
0.532211402841012	0.424653692095925
0.168368939594549	0.112146070971232
-0.567370605025737	0.468081101271649
0.0711301346285909	0.0516731769574023
0.0422223711521742	0.025755278033283
-0.249468729362573	0.126069215299324
0.65649188754849	0.213828185787937
-0.781103247093962	0.338832040231469
2.34655545990246	1.10501293828378
-0.320467617734818	0.151291354311241
-0.636440752837538	0.160851189766091
0.509454416060186	0.192400711673136
-0.639151761544215	0.160758461567798
-1.02287952374755	0.91260222862707
-0.914836728264711	0.823370524975707
0.650894670482736	0.447691041328177
-2.48634691435857	1.4577659344989
1.80753895631949	0.735539281495884
-1.1503622450131	0.360685940099702
-1.05045461324515	0.432727027587394
-0.199681320242525	0.108500516408509
-0.0108859413030434	0.00530589036601111
-0.939382609893349	0.696079776374805
0.0464463027513592	0.0292682424379431
0.497635914716068	0.422455116196748
0.13543747675648	0.0604575770324592
-0.477958329419376	0.318571520245784
-1.46662782418809	1.32744955146385
-0.253327985750485	0.126841999060808
-1.48875737828705	1.0218526462621
-0.0713489596619476	0.0310461603808524
-0.161621397540354	0.0904284244320299
-0.00939935425589129	0.00483871624029436
-0.240718774819291	0.0796491220389895
-0.555346291493205	0.341632741812279
-0.961296320687895	0.613624450501273
-0.616291446377667	0.305219866678052
-0.742214024546646	0.265076593943061
-2.24404145359332	1.83222172354013
-0.0690563744012679	0.0446260982448927
-0.111946542412961	0.0457055581230623
-0.410334378298815	0.176796439525761
0.707659104317694	0.456152480493808
-0.362037714226246	0.106823025127718
-0.23779019895304	0.0816855379093685
-1.83484563549255	0.778771858376252
0.592704016716503	0.315066397878138
0.344809162036694	0.173648217695563
-0.281291660021862	0.234071430742246
-0.413029590456827	0.29443886660449
0.0313802988827263	0.017711078001415
-0.649679130716297	0.597068106956995
1.21353113718955	1.41111638597719
-0.652106004411489	0.563150279194012
-1.02018373320392	0.899487066920572
-0.596183505225304	0.546178836618381
-0.601365551474191	0.42243089544723
-0.996724544706178	0.487448231526994
-0.784498765586752	0.3523321123612
-0.0724954533804041	0.0464473942606728
0.374293721504706	0.165760338394558
-1.29507661813939	0.595037560380349
-1.79827108630004	0.44343860950155
0.136107002417283	0.0400581294012796
-0.638053781472973	0.159413989769262
0.43328641008057	0.175790838325075
-1.33458413876046	1.97857958039832
-0.810238260917254	0.638896022314888
-0.111705954051599	0.0460139852933966
-0.23779019895304	0.0816855379093685
1.02030315476189	0.398507228508527
-1.53151586580405	0.574497786496295
-1.3617285172136	1.12828744900675
-0.372029353607903	0.284201412121434
-0.497707366573572	0.266411119782148
-0.521742396249525	0.395133508651321
0.139415849111252	0.0465830347855337
-0.254600271293777	0.127945764180611
-1.10778662997868	0.728596818498854
-0.706531672666071	0.564666142415575
-0.619456392965523	0.306385186415905
-0.28558117599438	0.216090015542285
-0.463713015016935	0.365917650714098
0.306769267572817	0.184632844162883
-0.320403357093647	0.152946249882557
0.13201532417181	0.0581688664374835
-0.668213127205827	0.40424208835483
-0.0966376794250173	0.0585964747820573
-0.802468789649809	0.527841598526635
-0.0454109240836039	0.0218224376110581
0.152607806770018	0.0927098226857954
-0.236821861803662	0.079016271497548
-0.809963308550405	0.428755550653626
0.507335509255071	0.185905274264866
-0.596639480827221	0.439315580974897
0.327566468636382	0.180029330926133
-0.996319239058414	0.518415662074474
-0.509445081847301	0.264352094749443
-1.04938876843792	0.445225820250445
-0.936663290502619	0.675737035862366
-1.53258394637612	0.568939892639774
-1.10248330418067	0.715310483339164
-0.537027830114491	0.210403963867948
-0.5345541725529	0.208031050570915
-0.996337139093814	0.508889612374996
-0.291990329123535	0.188543540528534
-0.475840236632975	0.30729494692919
-0.91809451644601	0.758726197916168
-1.4906632406076	1.01582537969095
-0.807246572105583	0.434833514153595
-1.6191925423106	1.25481890933781
-0.0418860505219444	0.0205613777746015
-0.251425084322285	0.126984922763823
-1.04949077847767	0.435890454815377
0.380834551362335	0.176107348240231
-0.969562538498903	0.603384865564393
-0.236633079426099	0.0788398305163716
0.882071009307261	0.468557894011494
-0.806769372544754	0.454637220476584
-0.975268882930601	0.576128925430867
0.149079899984376	0.0874244258454846
-0.158723721967224	0.0597820347023464
-1.29638408971697	0.633152599982418
-0.433172304392754	0.216181073747433
-0.994129474238667	0.50367174171513
-0.968306461731698	0.590540365500309
-0.719325238560422	0.650867629717609
-0.591013308110868	0.427414963682855
-1.29347370915552	0.608057336341315
-0.344663984778199	0.215041082498475
-0.176180881041229	0.124618898892541
-0.918633048383795	0.756274485533665
-0.251414217389798	0.127601090671485
-0.994240299972701	0.520040244943026
-0.726407443063123	0.63578323365573
-0.410982598671533	0.288489094224321
0.894658119765417	0.476890215039469
0.326380313228006	0.181782890000313
-0.407253085590546	0.286045527651904
-0.401784562655158	0.166015430104702
-0.623517383472141	0.300585697411216
-0.999274240725256	0.516767991607716
-0.473950328909673	0.317904774317271
-1.47987621821489	1.0014082246205
-3.16133212474688	2.66953746457714
-1.66293295090812	1.65302092632512
-0.411401742577429	0.27626851094295
1.4719757073625	1.45047386477882
-0.111705954051599	0.0460139852933966
-1.16529360296301	0.979557014580861
-0.991466684751354	0.486321399617649
-0.503420934750018	0.267315346187717
0.151265866025809	0.0990177607267192
-0.472313436021284	0.313356742142276
-0.415649273426492	0.243606207569725
-0.326994535202482	0.276952290424035
0.165948749179201	0.110317112623618
1.02197830440715	0.411558328281195
-1.83484563549255	0.778771858376252
-0.163369768622376	0.0616716443076173
-0.410980153442178	0.234492533122071
0.602872665769208	0.4494059055673
-1.23907232718604	0.948793190028459
-0.0793208417996463	0.0343215646487438
0.326167331748	0.184136975877181
-0.409593663164088	0.232963418009723
0.803323550143284	0.355193566985841
-0.211778513630282	0.169633157103726
-1.8579339138474	1.16799805942249
0.589005816649738	0.315478908743383
-1.01682084079159	0.901476285316518
-0.619333132084838	0.313923549999779
-0.360560346528662	0.110506092787366
-0.532249539802963	0.208555196764551
-1.28964087817023	0.592419721196834
0.941698220984015	0.644079252565666
-0.407356409147146	0.176542053810408
0.144542406458005	0.0883960094219538
-0.669090005852655	0.391385289757603
-1.05061061736058	0.829022652339251
0.347374121584277	0.175156060210131
-1.04629757394485	1.19364818266088
-0.464329839748249	0.351275372793333
0.138552667374569	0.061082201884992
0.031871406144988	0.0193560995897049
0.467417781742621	0.41835185037371
-0.404076941697819	0.210217083109827
-0.0537942595054039	0.0240256083389463
-0.405532268841513	0.35820785516359
0.147832359823855	0.08183614671069
0.646385966326902	0.209648146903958
-0.327486842073914	0.151222224058817
-1.01713584247592	0.890133994371564
0.000451314026683296	0.000369052633760092
0.153269068128791	0.0950973675908834
-0.626478708986404	0.490062522955193
-0.0541691675062984	0.0361442591359585
1.35333846972221	1.92017037128758
-0.470442031971911	0.311556421124278
-0.211519983202505	0.143865439515532
0.63814727576074	0.459871829358639
-1.24280216057195	0.914273646016997
-0.127789811164792	0.0756110620822807
-1.23793290625728	0.920163099114958
-0.562080571556802	0.5532290144006
0.156691284496015	0.088610164608161
-0.534405470250827	0.206570723782422
-1.18289158620539	0.677504470090431
-3.4640684966896	1.27683465930529
0.158448320714813	0.0973504943466934
1.02164076320607	0.933164766210778
-0.342620406100615	0.200945762791074
-0.468255146043055	0.294843571635466
-0.404497657770047	0.280922636818704
0.68858469696457	0.378241637617823
-0.286597021030877	0.171317415842659
-0.131711175030936	0.077845663192392
-0.157159213928988	0.109797068994501
-0.322063933508586	0.150704931328269
-1.61519964048504	1.18555041308936
0.435958171161373	0.30872571094845
-0.821789501365004	0.743466860331452
-1.34856593919503	0.832939108232161
-0.624346825337984	0.500461009958393
1.45549654451561	1.39306411001093
-0.473459060405332	0.320699385687955
-0.551185803902004	0.342339010244039
-0.503734288992335	0.276130157988015
-0.663178153879242	0.395074969979815
-0.243511274534024	0.1920090884901
0.144371010985954	0.0750333048455101
-0.720743638024407	0.643064755150199
-0.0872454611880657	0.0528489411457655
0.157867155134799	0.101321522096143
-0.00948037972175366	0.00489335762454255
0.720898678095963	0.59636900759889
-0.117204612669946	0.0694615490260933
-0.940923123852953	0.669160286117387
-1.19317207846148	0.611889511193154
-0.155993163872602	0.0871454196414363
-0.346188858468099	0.209590729925472
-0.0389595374214824	0.0188271885480179
-1.50713083767993	0.788834197195954
1.31332125956616	0.614983346052817
-0.227479769762797	0.178929905852564
-1.55741054974249	1.38588331676322
-1.16987485611573	0.591470454121449
0.14220865047824	0.069488410164211
1.35693142911739	1.22626605043341
-0.725907524447734	0.641137243001208
-0.634912863436171	0.506653465488529
-0.0735682538252152	0.0325924065414276
0.984089361687276	0.80007481250375
-0.0915900101723231	0.056724398467705
-0.11240501794598	0.0460781936508248
0.984943544161364	0.793382311215884
-0.288028125982623	0.177171851576343
-0.458665240142002	0.385588369835116
0.00543646984634446	0.0030355256428653
-0.324332634971372	0.151801021777346
-1.23767733861661	0.959284246655718
0.772740306314732	0.450279116493959
0.656440753924413	0.213319986430999
0.682559046285773	0.326257337744423
-0.074212656070036	0.0337294385625537
-0.557637998406433	0.350636718104495
-0.319261580217713	0.148251551864693
-1.50327713990859	0.783717765889225
-0.00469436406139178	0.00248731991277728
-0.250976425660018	0.160860816322917
-0.215670731277854	0.162092294974699
-0.212222682808175	0.145978776785306
-0.962874604737968	0.617666119824078
-0.660421682727887	0.394658748545608
-0.594180663360681	0.451509194257772
-0.941083641671128	0.688285303792182
0.137435839448637	0.0528935393960441
-0.481856023746788	0.321567434504954
0.70492794803229	0.455132906142881
0.486331795903762	0.302828184820224
0.530917296311242	0.304641255946016
0.773777158480872	0.749431729203287
0.156171886573443	0.106822702909497
-0.0961557453592537	0.0604990725249697
-1.68467043825533	0.982158599630518
0.32108402093292	0.178404648094719
-0.667442562338827	0.625374554549942
-0.740792950585995	0.248423683392487
-3.46776492961427	1.27248398383618
0.134702992625863	0.0530067335178617
0.765931031242335	0.572874364413788
-0.625294650387448	0.302119955767582
-0.548910652111844	0.19814818398653
0.778708042710056	0.469780156644645
-0.121510067928096	0.0479304154258901
-0.259534854582744	0.131333249911758
0.536870324673441	0.305434489831381
-1.34668595847431	0.858424176142285
-0.411136587626494	0.235350994293712
-0.532402927540024	0.212099126912434
-0.658502037428639	0.396551681243444
-1.17055783250122	0.591102413952039
-0.513750035453188	0.388703379797046
-0.531374781703655	0.206653807081802
-0.316645071197373	0.149812795589409
0.142594034983768	0.0694097771121652
-0.988399087335083	0.49651805060988
-0.796315676099171	0.42517288911675
-1.04738782825529	0.803241482359308
1.2195631261173	1.2001636050221
-0.0389595374214824	0.0188271885480179
0.124702593942109	0.0497096504449755
-0.809688780726452	0.641277108906825
0.345469933542756	0.179193240271161
-0.39985754942905	0.16485895467926
0.675084603447608	0.322757375359066
0.00751148879580532	0.00409833885219321
-2.45952536965403	2.40761567949607
-0.405910709671457	0.17371470468319
-1.16574001425977	0.975457791747443
-0.253659416385327	0.127629307181453
-0.742105548070661	0.261052251426749
0.127435021468555	0.053936415169271
-0.342637884062595	0.21248175068223
-0.550179245066822	0.343121869288176
-0.0691638791921342	0.028077953370648
0.0407768890616974	0.0246647685300159
-0.605128319113181	0.432362528485969
0.331263618390056	0.183660736573085
-0.973689448933305	0.58079778873351
-0.327026423699077	0.152575022217753
0.0669297702201063	0.0466964497644702
-0.690772681378863	0.490630902463333
-2.25581748421487	1.80189772390483
-1.11058277354997	0.782393259015343
-1.34267336802131	0.884353262253328
-0.687451345146485	0.449393736720613
-1.17398191637708	0.643181097741023
-1.03058454623865	0.889500977401759
-1.29725923227955	0.632325434039655
-2.13092763702322	1.62943600406285
-1.52987225510178	0.53624748711756
-2.09530815133559	0.953015420147791
-0.411178432350967	0.177120855666235
-0.784561510703363	0.363836867465963
0.653159476393	0.206648640945405
-0.538945107973805	0.21472697029376
-0.236821861803662	0.079016271497548
-1.10150561964256	0.729989651168586
-0.414671226994162	0.245095889616467
0.780074120675383	0.616259035482619
-0.61908370248901	0.311292101652633
-0.115817279409369	0.0666755932430316
0.674649194446242	0.328076720722354
0.339467878927883	0.17792224069149
-0.563392233219514	0.356955908799482
-0.739441498561663	0.264013986697631
0.149928590670168	0.0838632108987822
-1.85213055347441	1.16664164474289
-0.259915849132563	0.132119166640755
0.139624924553683	0.0736155690486923
-0.0754495952004712	0.0322955368969863
1.55911671558024	0.805629943872835
1.02416295726254	0.399619057748199
1.31155362767226	0.577202155580126
-0.337006979996239	0.19948394633948
-0.550611655199863	0.341602477595322
-1.53144416139017	0.563341198905054
-1.48305072685271	1.06524867968629
-0.417273386291608	0.226868952405532
-0.797985837206188	0.435856838553171
-0.197533659780743	0.10614540286218
-1.15252026964086	0.35280108571698
1.23164726906508	1.02024223001149
-0.502477493778911	0.266209318766904
-0.319805633827254	0.150257257002701
-1.2892277886106	0.598414831591047
0.527766475560488	0.447129097623367
0.140257143383385	0.0435197137411983
-0.505970274164709	0.26730233787955
-0.780435660943107	0.359162183101376
-0.161649080554999	0.0607304947590714
-0.787422566026612	0.365763236185906
-0.319534070569924	0.150445648067453
-1.51395757295006	0.763453167392975
-0.798364953189717	0.446826429630839
-0.535186958100844	0.210095387101008
0.512356316055991	0.193576369588672
-3.0872736676927	1.0096627055632
-0.398389081244175	0.156618103471208
-0.959411711317835	0.566334819069355
-0.0434542789759272	0.0211274222720482
-0.805280899250867	0.430168031530829
1.43726972734228	1.5224566754822
0.534108527281009	0.338914369693766
-0.685510853129428	0.488828326690439
-0.20809763152178	0.100914203498284
-0.115201436717573	0.0475182290829502
-0.622151829352661	0.498509212373562
-0.622737887351569	0.313033677236779
-0.662294577027392	0.379421334911785
-0.543059060231839	0.217923143403964
0.492056757926379	0.309513960998901
-1.8413144926625	1.54747978551408
0.378963969769696	0.173194760108453
-0.801725041680869	0.532772723652264
-1.56183653399201	1.40470537363355
0.378262308662659	0.172549655424854
-1.49914732120512	0.777634427020144
0.509239732860762	0.187057893990434
-1.50793059475502	0.798417415156676
0.943242611691778	0.643397323023411
-0.782145994790269	0.347891613948359
-1.1809985903631	0.69766730505061
-1.10876502292248	0.770125167680193
-0.17393713770697	0.0615408387507271
-0.405169341626197	0.171693044997869
-2.7909028781319	1.87039002740337
-0.19838373196457	0.107920719055338
0.147242649032936	0.0834512060706338
-0.319805633827254	0.150257257002701
-0.563978532300984	0.348135571527163
-0.791020340306988	0.35334874224881
-0.413598053527282	0.181863090289465
1.44324365428638	0.480074557541369
-0.503423632212571	0.267498341441404
-0.407356409147146	0.176542053810408
-1.53455870577663	0.558314589078715
-1.29259278429657	0.606451525305258
0.677956182449758	0.32614533172492
-1.04329396383084	0.427873668991277
-0.620856830112681	0.310032209374323
-1.29243507279778	0.627236410714804
0.13201532417181	0.0581688664374835
-1.69141090047725	1.03051357361031
-0.243889020737946	0.0813578121095118
0.134918881869654	0.0533577160510131
-0.164166861617839	0.0622091166961839
-1.29155535372878	0.625517533767867
-2.0944635604298	0.964595427007002
-0.620273903009652	0.306322029367395
-0.321619311341668	0.269664575641062
-0.353094418393797	0.203699458199189
-0.20489925492276	0.142439664110741
-0.197806695061845	0.107208917044192
-0.668542259313259	0.389834450034024
-0.159245225675913	0.0890659690849961
0.591762166563481	0.310901308471022
-0.962076421154957	1.07826555840027
-0.958745546213599	0.599674491276673
-0.115107356702257	0.046281644476415
0.490665448999727	0.305838760516077
-1.69446448841575	0.994717052396487
-0.781756310948304	0.347449934767237
0.381534435027741	0.175006940382303
-1.04146706489408	0.429278291239433
0.801276932939162	0.341703373593925
-0.349782277534188	0.209616948558135
0.718703599932581	0.677203537358789
0.828766048238736	0.734548327167459
0.604413499672492	0.446768164053637
-0.797706703641326	0.448408634332449
0.136206023862494	0.0473598775991366
-0.112163198674956	0.0453316000773447
-0.236822024487708	0.0793879419132553
0.432757921194056	0.177863005808198
0.936593763299916	0.259936987760241
-0.261654712955504	0.123317460366637
-0.969883180893067	0.579663817926862
-1.3069373069178	0.557750730656608
-0.560106128042463	0.474925000859984
-0.325723106162697	0.269965742838654
0.370088486397387	0.300530900712097
-0.40978848677529	0.294058358587082
-0.114919879177819	0.066983243738902
-0.557064792266435	0.351781650311274
-0.294503712170999	0.187641806187439
-1.23511858605889	0.921993088898748
-0.0745092275577593	0.0327001897762958
1.26542223125001	0.719341038461645
-0.689651019036099	0.474967015875166
-0.998764455097477	0.529473029392655
0.137032484376872	0.0406156069033161
-0.0700749865598544	0.0315942586245946
-0.361632557745294	0.110435934225015
0.132285669375004	0.0464856542526071
0.128286669132531	0.0483276000029053
-1.53706397027604	0.534056234168037
-0.542330268299448	0.212299688420961
-0.337506246460556	0.197273859514185
-0.808426847290234	0.621178110597044
-0.789022847261284	0.361743554683123
-0.168960637569256	0.0602985948303094
-1.18848102394353	0.646184811692314
-0.800038365957775	0.449780802217965
-0.318156735694594	0.147995842823779
-0.234793744858454	0.0805021626074223
-0.359014070766392	0.10669384643532
-0.534155277501038	0.214045732917314
-0.362761418010383	0.108072109203298
-2.92716940311814	2.18927356667271
-0.662935963316129	0.405086660072585
0.292591477547972	0.186922195653509
-0.410334378298815	0.176796439525761
-0.973062451961923	0.578914615389543
-1.05785796563409	0.868362942814535
1.37861415947796	1.05652158342847
0.133170295037261	0.0471660602339594
-0.810636750068329	0.758914242393083
0.592921400577068	0.316170213683344
0.374998000805284	0.167515379806009
-0.49928192386733	0.261617205296774
-1.33837927192743	0.85771232704247
-0.412634832847966	0.182155909112211
-1.52930838704928	0.565957082481742
-0.238853585534742	0.0799568001465923
0.669800075164002	0.31819194663992
1.07597354171212	0.666853534463681
-0.0432069583639137	0.0190861040466117
-0.0146264176551256	0.00762658562548756
-1.34295608269194	0.844707917931313
-0.0783378300613387	0.0349270099663494
-0.998535088445235	0.52395959859642
-1.28979710749712	0.598870684382884
-0.239823372040461	0.0805632339047551
-0.536314894943915	0.215990413651433
-0.112740048751646	0.0466329394666573
-0.103778873611922	0.0629169684404845
-0.314504623027746	0.144732761409728
-0.236727855931232	0.0810119912872077
-0.537195858607784	0.215909303617558
-1.84419485991656	0.747341871614371
-0.786370945060892	0.351743476849108
-0.157538362221962	0.0582274978951832
0.651620019017489	0.218540697202247
-0.161130524501154	0.0603604971354402
-0.234892206256004	0.0787477952299076
-1.83380790599731	0.7804545457661
-0.745316628206725	0.266605865355488
-0.616422679297511	0.302939648356678
-0.802007068198373	0.459266302633917
0.130424286684715	0.0573114008123404
-0.342056387667184	0.20039945374685
-0.682383731998009	0.476294405868292
-0.545914718693518	0.210318090533408
-1.04842602986207	0.44867035504741
-0.166959366347951	0.060666006922478
-0.11240501794598	0.0460781936508248
-0.544087493372614	0.21229022677675
-0.237695463640661	0.0816413996844845
-0.663807159993255	0.409827818491952
0.503356017640465	0.183652552637295
-2.48758901996217	1.3711115584364
0.306368623343961	0.184154736746526
0.602780412114088	0.438694226371104
-0.292273494673234	0.251357082423641
-0.318797985176401	0.229948169245438
-0.0462295343270515	0.035129410438373
-0.358938647110176	0.359423969908092
-3.46877860852257	1.26936797836066
-0.408844840646204	0.179390817300938
-0.88828179277664	0.966616406182478
-0.362090872388863	0.105121598450216
-0.748438565787551	0.266401828876756
1.02473230411965	0.387772269711141
0.151592021674215	0.0391867731421967
-0.237914130507886	0.0793329028641972
0.146530154194694	0.0296723933695664
1.95669114496977	0.512659458057214
0.436073678380582	0.169368882251316
-0.120679277057451	0.112108355614491
-0.65062864392695	0.928520817374492
0.22679990989927	0.211404628779035
1.95051216972127	1.20072820698999
-0.783560026625646	0.361765598683855
-0.359488922044695	0.107399144350341
0.143823190554174	0.0286863588662954
0.147571338722617	0.0296534813215984
-1.80224057834231	0.435169887808059
-1.06509951185471	0.834738558463562
0.727128607083195	0.748324654687672
-0.531725720753526	0.490426637850723
-0.490052774459503	0.458504926407795
-0.406283066848523	0.366086955126091
-0.743201468674383	0.27129411111425
-3.0872736676927	1.0096627055632
-1.52930838704928	0.565957082481742
-1.15530988395106	0.352240509442142
0.137707331334772	0.0416744860624087
-0.356808855141014	0.106266364821167
0.152732391175414	0.0382714049770349
-1.53365280370503	0.551127532438659
-0.744651105360641	0.263617978795572
-0.160843979979647	0.0600067144113621
1.95669114496977	0.512659458057214
1.43834175748452	0.492373840580877
0.352464824301301	0.175278053953199
-0.686632931769593	0.499784152746608
-2.57959143539798	0.718828611548918
-0.74849187540897	0.266103695673645
-3.09636486290694	0.940153580064163
-0.800694370825843	0.456585474650706
0.152732391175414	0.0382714049770349
-0.809689320784513	0.77343835296197
-0.737241600382627	0.774203107485953
-0.242537578060897	0.191613494523964
0.0146712611249265	0.00845100115873938
-0.25521125440984	0.128432668506588
-0.156924185778805	0.11393181114706
-1.14948503307875	0.354612480039932
-0.783951080334694	0.348188553296096
0.137707331334772	0.0416744860624087
-1.83595316391303	0.786691282455354
1.01817089453684	0.40792140673669
0.13111018813129	0.0453433983797193
-0.738402569515017	0.262612241597063
-0.0120163137842928	0.00595614609000601
0.300607165466328	0.294353249132013
0.320666494370517	0.284280097525914
-0.171739533009023	0.119267008677607
-0.537203750818899	0.214759074339169
0.148898594231478	0.0427910061673174
-0.781951611846706	0.356352067623596
-1.20132532523827	1.20384775777706
0.134732232980068	0.0589037968861403
-0.219215785140168	0.174985545317
0.257501969822745	0.208258215998291
0.151947637817016	0.0930134758739657
-0.274661968342661	0.213181489963704
-0.74111878729607	0.272048451943737
-0.740078450848074	0.264308426502421
-0.541926562797305	0.208477369708006
-0.360560346528662	0.110506092787366
-0.640051550461191	0.165024385486426
-0.162644160110906	0.0616497483092917
-0.365786309699024	0.111027187131026
-0.643714364473613	0.160090454835933
0.138256897045276	0.0489434757541236
0.149437344912318	0.0387143285458533
-0.235757734816455	0.0801423601127761
1.43947956386862	0.490388133177384
-2.58035413683893	0.741528858997695
0.137232011627528	0.0487073138362167
-0.546958478245884	0.211544776499837
-3.46877860852257	1.26936797836066
-0.407781336793036	0.178251750307308
-0.207700536622797	0.108148373549505
-1.16668660846719	1.03712646142859
0.778726213031084	0.470933370472525
-0.638053781472973	0.159413989769262
-0.077720618842511	0.0343321187543143
-0.0735682538252152	0.0325924065414276
-0.616541098148163	0.300069355968744
-0.642804526520728	0.160022734032778
0.14278047506627	0.0286976566342611
-0.24177445301126	0.0824405666747071
-1.04134513400628	0.423430599953674
0.704532276198077	0.46350661386293
0.293773434195795	0.188949604784266
-1.34286649114294	0.856383446135008
-1.35959085951291	1.13336064571342
-0.472539161508808	0.306990411080376
-1.17474309287145	0.645755237050972
-0.628555686023129	0.302088713394628
-0.0780347986770313	0.0342746690156798
-1.99888382445346	1.46573361187108
1.07441215632118	0.684912401894024
-0.535289582991207	0.204165936619899
0.280605809522809	0.188160084686445
0.288128055346238	0.200310352981274
1.31235206470573	0.590348047090132
-0.116379252180665	0.047831211586304
-0.54014547708527	0.209574457902131
-0.71615582051866	0.643424465668894
-0.749871598387086	0.251059115168053
-1.18429793150035	0.671129182446281
-0.620966223733092	0.305127263814096
0.13395683731647	0.0531064763399834
-0.80517290013829	0.459743308536561
-1.23643369729483	0.868540406475617
-1.10553028939456	0.729880093537928
-1.84004584507334	0.776729715601015
-0.0662620027051481	0.0291483542782717
-0.105047432746628	0.0401184719674078
-0.748438565787551	0.266401828876756
-0.352170869256064	0.253039507859116
-0.707083796722241	0.574378554709739
-0.623185719810441	0.313737964384698
-0.80385593473507	0.457075743191345
-1.35061660964122	0.825565252938898
-0.252257419180108	0.125571486567264
-0.620273903009652	0.306322029367395
-1.50772794244597	0.828052257466456
-0.996828840245376	0.505871843374307
0.127969907481856	0.0538358164239217
-0.525184393961913	0.38256898413026
0.142923338097577	0.0435648827361028
-0.564248607536565	0.353856889738287
0.13433428641029	0.0578137529997765
-0.233731776313203	0.0783918847874615
-0.356808855141014	0.106266364821167
-0.160327934571026	0.0607030233359829
-0.242831203844467	0.0831146567067306
-1.17917022003223	0.660978700945587
-0.403979824664925	0.176521636526113
0.811516334855715	0.347332413773245
0.883208151667858	0.445315852254325
0.348979938040292	0.17895470389172
-0.970513021853093	0.601018076473175
-0.691763264159518	0.483959999473215
-0.160843979979647	0.0600067144113621
0.504324074413475	0.188223232242347
-0.360560346528662	0.110506092787366
-1.49994637726584	0.782030476528968
0.138290920974107	0.0547733712679783
-0.361632557745294	0.110435934225015
0.134269695242213	0.0534796043500977
1.38421524087692	1.02869876272328
-0.205431382077827	0.110244793927754
-0.500863017210516	0.265741598182201
-0.997515500201142	0.998008491305861
-0.627697500580844	0.495679337217202
-0.809505597222865	0.54708188240571
-0.39450100147966	0.301345212874641
-2.30730420064126	1.18756215580991
0.148474209939164	0.0702611702444614
0.439675061524343	0.174323099773174
-1.84419485991656	0.747341871614371
1.75746369106913	1.7713694069168
-0.244859672483897	0.164071120580988
-0.634256226033356	0.743088980810196
-0.101260289400376	0.0629090173140989
-0.807630735566489	0.529693458787359
-0.745340662221491	0.257177074229134
0.140410848877903	0.0622219408217882
0.804208982721108	0.356831466117133
-0.242831203844467	0.0831146567067306
-0.41115430073329	0.175615987200698
-0.997285540070264	0.521265643213589
-0.492836184533078	0.414970375529118
-1.11385287200331	1.29375249907105
0.29741297668658	0.20105439602847
-0.410818351037325	0.286951973000466
-1.66331397329077	1.67950897727369
-1.69593239485832	0.99231232644155
-1.53044856090243	0.571635312320433
-1.1554350298159	0.363497790570843
-1.53365280370503	0.551127532438659
-1.53670138265931	0.571696966677706
-1.50053792901456	0.772950282023242
0.13807845482994	0.0420246516498512
-0.532402927540024	0.212099126912434
-0.405910709671457	0.17371470468319
-0.244930371778618	0.0787701728417827
-1.6951983114839	0.997679123029343
-1.29331518964878	0.62373813356099
0.655364036119464	0.218674474525788
0.149437344912318	0.0387143285458533
0.148340847278699	0.0298858287200156
-0.162644160110906	0.0616497483092917
-0.328418300944388	0.152041231344808
-0.158338350181924	0.0584174913036698
-0.542031723753418	0.216602028573759
-0.120351539593415	0.0706065841130653
0.586521339626315	0.308031482997133
-0.36096099471069	0.104665235869113
0.937687320607838	0.251423109778556
-0.0723193557454378	0.0326465481314407
-0.74849187540897	0.266103695673645
0.51148169824987	0.191918737086312
0.149437344912318	0.0387143285458533
0.137102609628929	0.0415837245997306
-0.16792543321776	0.0611368637373949
-0.810929076449333	0.548360483478719
1.3208443091548	1.3872664538078
-0.268761333184086	0.306116100747046
-0.292727762835325	0.278003117980193
-0.293630958677583	0.347806065719134
-0.442826360122817	0.454190362611009
-0.920014452080869	0.773221771008977
-2.08433664624426	0.991226153255542
-0.999733588396064	0.512528764904733
-0.619333132084838	0.313923549999779
-0.154160753009665	0.11240168910795
-1.33970328282796	0.792117113470605
-1.80224057834231	0.435169887808059
0.139134060358204	0.049052385159294
-0.449912742735119	0.61506312567148
-0.31572859600144	0.460782895016755
-0.245792891036472	0.257335507201925
-0.796111509696492	0.445544957094619
-1.53670138265931	0.571696966677706
-1.15166570632806	0.353848826311482
-0.640951987120562	0.160195969285506
-1.04350155286969	0.429872929116567
-1.15150774848009	0.364078757050567
-1.79827108630004	0.44343860950155
-1.10324223609215	1.58948726289792
-0.331357377783087	0.290980895393352
-0.297467490655183	0.296894271759467
0.1175487619432	0.10776027026807
-0.209988484734625	0.146313860620218
-0.772095782872883	1.43522469813756
-0.401350347638886	0.212472648822556
-2.58111733796692	0.714610945265779
-1.79827108630004	0.44343860950155
-0.641202061456385	0.157514466192046
-0.355248035976695	0.10057357526079
-0.360560346528662	0.110506092787366
-1.15049600332665	0.365062590327348
-3.46776492961427	1.27248398383618
-0.638954644635542	0.163590857835517
0.148340847278699	0.0298858287200156
0.144466272087169	0.0365666001718038
-3.0927052061415	0.976755090905428
1.95669114496977	0.512659458057214
-1.79885352006505	0.441851175328772
0.937499190632754	0.261653783809326
-1.14833763115789	0.351429943173082
1.43822645060161	0.4814693304651
-2.64699643356274	1.63912660152288
-0.449421342962197	0.341558212804972
0.0742572652143085	0.0539372802969841
0.147298535161635	0.0299064650853773
-0.36050307261752	0.106458318520891
-1.53342097681294	0.552979410527908
-2.58111733796692	0.714610945265779
-1.79827108630004	0.44343860950155
-1.79885352006505	0.441851175328772
0.277579009427111	0.190121503429766
0.558548332558039	0.590817622387696
-1.45321999495666	1.41160091240744
-0.734003459692021	0.703767195629633
-0.807572091300492	0.850606116013718
-0.557313982145913	0.461449427420845
-0.0757135031595396	0.0585026453398289
-1.16137143974736	1.3349253835469
-0.417612876087229	0.239031065716358
1.04735770101824	1.21887255195023
-0.357413154041331	0.257562023846232
-0.450658435392451	0.343987389171799
-1.274015210389	1.12360170627654
-1.35267378711658	1.02717980297638
-0.802703648276476	0.530920175869692
-1.48594104690657	1.03985784076087
-1.11378122752854	0.743520557916479
0.547269667890523	0.424438494884048
-0.704119337977803	0.558610092864446
0.164010160491763	0.104702587890506
0.780262408336356	0.604390252501887
-1.18735231331452	1.51177461040872
0.406172251573825	0.300531102464783
-0.34000898577092	0.195555553443824
-1.03952973450319	0.426155787261663
-0.117316722682234	0.0470321179497992
-0.536158509385372	0.209215127726802
-1.85931269757052	1.15681991822247
-0.664161277429636	0.394157830980665
-0.540279399151712	0.216641309156028
-0.806597521506635	0.550831411793643
-0.440561860813842	0.375927014985805
-1.20056154427152	1.46777655697168
-0.46217304971787	0.35523187441194
-0.809948494910382	0.545716908587773
-0.414683699342309	0.33545113562245
-0.66028457976242	0.661730470812424
-1.11447977138896	1.06245223141705
-1.2933209541462	1.38703082980201
-1.84471658581202	1.15866279682495
-0.534155277501038	0.214045732917314
-1.29447927174995	0.600956618768176
0.138863119094863	0.0595618644710989
-0.236633079426099	0.0788398305163716
-0.256799353196352	0.132148124213917
-0.939937710532612	0.702906764985437
-0.657556407771041	0.391976159446133
-0.40810048673	0.178693883932417
0.139415849111252	0.0465830347855337
-0.24177445301126	0.0824405666747071
-0.566979957267275	0.342757445487377
1.7623634422842	0.994484905249418
-0.414733772842545	0.175242837622414
0.145054840241155	0.0438901419175188
-0.10351656090288	0.041642784443074
-0.996319239058414	0.518415662074474
-0.691437989460335	0.493632807917402
0.13283207948205	0.0395022924070051
-1.68993555432446	1.02543325878458
-0.475863038890836	0.308456217123586
0.135662038222027	0.0593921594452067
-0.0706932561205311	0.0308104262414101
-0.120024007244484	0.0713108148060761
1.23565403219663	0.871618952378667
0.154503268302372	0.104775863414349
0.154234786555213	0.0911393025181549
-0.567365825635046	0.684102079302918
-0.0986478281756124	0.0716098398765898
-0.546538915902749	0.478072915394177
-0.333109388234786	0.28118511396457
-0.268610699112486	0.268569883265741
0.0624322537397942	0.0431849224296704
-0.281582590815397	0.207064436314089
-0.809600548675467	0.691432274279816
-0.344548801430239	0.209515821952886
-0.315053166075478	0.147800462824951
-0.25963739910553	0.131767253064294
-0.804537947098021	0.601132225237875
-0.622389793882745	0.301905943231289
0.12846076599153	0.0506083201579723
-0.74111878729607	0.272048451943737
-0.355201884692663	0.199841806688685
-1.04756464451673	0.422542066773274
-1.10780199349632	0.761750698680263
0.025074924005228	0.0139120992513398
-0.812637414892074	0.95623703667239
-0.812490391676203	1.06743114150614
-0.335466586035724	0.298401869828542
-0.539993656261957	0.210811670479574
-0.155939344570515	0.0559610404638785
1.30739171964478	0.583685732032452
0.152161071013775	0.0381379190946737
-0.40906737712132	0.178426595528026
-1.0384619192567	0.425008614563889
-0.743768308858926	0.833085318825383
-0.251666810431489	0.190140347357786
-0.242023625450155	0.232171075940724
-1.10443972158593	0.979164097659165
-0.211978038869494	0.163642344395452
-0.713070789915252	0.559696874102272
-0.480606738896545	0.45097028004838
-0.113765057880723	0.083222691716922
-0.638954644635542	0.163590857835517
-0.361689402338145	0.108124975750703
0.133802443644579	0.0579581911641401
0.123570733428306	0.0413258418931324
-0.801152696408826	0.446465934858927
0.140837335036813	0.041692358418519
-1.17435831672122	0.662808892774176
-0.40947831393131	0.180867000069854
-0.959052984095736	0.593029045553984
-0.411304184184462	0.176550295150873
-0.61908370248901	0.311292101652633
0.894195978241022	0.493476195920289
-0.161649080554999	0.0607304947590714
-0.640051550461191	0.165024385486426
-0.642804526520728	0.160022734032778
-0.255354631247934	0.126492141813186
-0.3631673929264	0.107293544166728
0.653820669882355	0.212563455486324
-0.0650041011538739	0.028479990843323
1.55454115052908	0.786000257581696
1.04848124066325	0.509233320279467
0.695367306889852	0.447226874393725
-0.185321131934898	0.146176919242219
0.0662618650524376	0.0470683606145396
0.267746023078389	0.216186975521419
-0.812649980555292	0.528314457188159
-0.405845889940623	0.166788489049096
-0.621103143311843	0.310100312444642
-0.363834221255445	0.105336776859405
-0.117420865707526	0.0469245936015587
-0.617365433896648	0.306664761624065
-0.158338350181924	0.0584174913036698
0.250211454498201	0.19731905780957
0.726871909617051	0.653747349264085
-1.28394728302768	2.33331741542177
0.144779138706919	0.0759459415299393
-0.29297290816064	0.188355001336619
0.159591892408368	0.103448479722002
-0.367811274592425	0.298170911820277
-0.369101670586866	0.298174211297959
-0.134594582770717	0.0968082652355561
1.21271606602812	1.43572894801863
-0.619311878556888	0.658713404266963
-0.412162670615026	0.288306598967952
-1.48845237346989	1.07802523492677
-0.130277775588033	0.0771826972349552
-1.30513533431531	1.33531667804314
-0.317279052634371	0.145111162666597
0.779012629703514	0.473541604950873
-0.621797088871531	0.313923862316173
-0.292222698782103	0.186061777959041
-1.69164645035375	0.995740845736888
-0.0732617998735427	0.0328312906717898
-0.280668649893807	0.175091040735037
0.885672288383603	0.495760196887428
-0.132994494208769	0.0985596280211542
-0.129176047523924	0.0951993152148079
-0.51582496870803	0.53057562986237
-0.813820120824289	0.835953068414431
1.96862900026068	2.23728268181414
-0.994401611119042	0.505830204067153
-0.236727855931232	0.0810119912872077
-0.741064409528876	0.263067856897519
-0.323178216181641	0.153845670382338
-0.413267889954929	0.175036509043347
-0.563072894142447	0.632390380825143
-0.801573062199763	0.614678015938559
-0.552621195482677	0.474219485358661
-0.336315915175712	0.292341165834546
-0.32574417884647	0.27171823900897
-0.404944822435181	0.177394552971478
-1.17372443538889	0.64226029982207
-1.29331518964878	0.62373813356099
0.135237051724847	0.0466067120247348
-0.163450720813566	0.0618388623357549
0.592440001012811	0.318039697826218
-0.496095799264874	0.256882238690534
-0.164257609072034	0.0614857022139358
-0.409365447501536	0.174682566615788
-1.29813476608078	0.624881656398742
-0.620024689232023	0.312625345384732
0.646807373942327	0.454847608087399
-1.25210785679822	0.84757355593772
0.139136024411356	0.0569613828211812
-0.784166996221629	0.3427928339224
-2.3042447309387	1.22988692326726
0.137485998606471	0.046647296055875
0.137379333500041	0.0482491802202954
-0.158531498351676	0.0600096959484779
-0.499600652644239	0.268832723345288
-0.747397259241041	0.273041275511744
0.843261817970294	0.609191288939707
-1.73751914272166	1.4874051917017
-0.236821861803662	0.079016271497548
-0.358379999905194	0.249833313828893
0.848169706134624	0.6236800037747
-0.805028045688889	0.546351330075899
-0.248441328471969	0.120254351622246
-0.909819369789814	0.744089242713466
-0.158338350181924	0.0584174913036698
0.350553624247295	0.181129869893444
-1.29419570464235	0.614604494623719
-0.505973617707819	0.274019150174632
0.136892068419599	0.0529506532291669
-0.935648804018593	0.657694807244969
-0.327026423699077	0.152575022217753
-0.36050307261752	0.106458318520891
-0.0742364645133491	0.0311748281845851
-2.00186733965666	1.43274220996598
0.304265835583126	0.195454350489779
-0.608110406140953	0.600053711328303
-0.254626108598453	0.133228805851161
-0.318176288659388	0.147642930613577
0.339421520951674	0.16531587856502
-0.285952058879447	0.173503941871128
-0.361214908252535	0.299386939941207
0.0227454402109977	0.0176365781169241
-0.0858078674641796	0.0651487510428086
-0.239599102609876	0.202605864121024
-0.499872169442272	0.556779945468284
-0.67153138583171	0.633365918187176
0.165418313650276	0.119789371603152
-0.88048085284399	1.00121634763597
-0.0738207716805377	0.0570694922123658
-0.649175642730127	0.601642068716457
-0.248261309571406	0.194730927454225
-0.323298617670695	0.338206166428019
0.423178507385197	0.170323134405197
-1.18636886760923	0.678216666377904
0.884884762586832	0.478209038245002
-0.657940366469965	0.631109924909004
0.662694628254712	0.753134451407973
-0.666620439366607	0.641494416707766
0.27199191108451	0.195521036042133
-1.01852974791351	0.938797225676246
-0.015821999992905	0.00798773634198452
-0.586855277837675	0.419354131093258
-0.997757236751102	0.964370229742069
-0.613058347196342	0.601525111400005
-1.34238970876486	0.881239875224977
-0.94239310545154	0.680994071181348
-0.694490317829156	0.46214371675031
-0.722755449048737	0.652448510929074
0.137478826775819	0.0710595400590384
-1.82755667039315	2.78551055663366
0.313159536162782	0.18908669098863
-0.744685417866733	0.795208001641077
-0.619716478405745	0.505156872454115
-0.407046135716245	0.287379873954551
-0.22227024857492	0.192498885609547
0.15110085697927	0.079346087969144
-0.047950027934116	0.0226478497722685
0.339781189304576	0.1678662575252
-0.47720992942222	0.321890038949871
-1.01735969470716	0.854079529606959
-0.0146264176551256	0.00762658562548756
0.850322255465455	1.03313542512917
-0.558520182024759	0.4665928240584
-0.124249750317957	0.0761561345553782
-0.0615397902253042	0.0400207197713283
-0.65813477032717	0.59609095959749
-0.0725399766874206	0.0442385521907212
-0.658625778874729	0.608884638338675
-0.347789342292597	0.213546337875659
-0.516748387960842	0.391692291289089
-0.241159129899459	0.15867890414731
0.267256414698991	0.197273801861519
-0.241866562043846	0.0810837692126153
-0.12782440657043	0.0734386365584054
-0.29487998418307	0.18541950698341
0.348950935419859	0.175962350043327
0.0248517644860315	0.0142793508083399
-0.156200274857209	0.110661611234015
-0.303596469667438	0.2217309071645
0.0688103482571138	0.0474641485618476
0.452153455213869	0.418905832066164
-0.341651923081017	0.205185659799731
-0.0716926539058601	0.0323343794085784
0.0013310366677812	0.000816362091438636
-0.121391841189456	0.0867814657146713
0.376628605944454	0.171783330752206
-0.265705357263604	0.127602931866663
-0.117402624729732	0.0672890085622853
-0.236633079426099	0.0788398305163716
-0.968275688270617	0.605459242427306
0.14234488743478	0.0432003227063061
-0.59962601578052	0.434487909970956
-0.00748505985703303	0.00379928608011376
-0.816874060428904	0.614685343605736
-0.803298688677027	0.436980767546507
-0.412949700434059	0.284605859371246
-0.801771559599307	0.74636642175367
-1.8528759195791	1.15814172215915
-0.501845150329593	0.266946038037206
-1.61641017218368	1.22952236552675
0.664411450113397	0.521403371036728
-0.358579958460423	0.285165407247705
-0.943488919206685	1.16556526083777
0.0695338148154887	0.0511787665747201
-0.813109566595752	0.875734712180335
0.242781023252363	0.205465795485333
-0.245072452620245	0.193918395261411
0.638630242860614	0.439277435682958
-1.56396220852939	2.24327255019365
0.331052554546104	0.307594093955312
-0.408844840646204	0.179390817300938
0.140257143383385	0.0435197137411983
0.803323550143284	0.355193566985841
-1.14913424887646	1.25712246689288
-0.816670670577816	0.946940231619177
-0.0738461157544426	0.0550359881989701
0.166082781075174	0.143267366035261
0.0625942694905485	0.0418082150185921
-0.58075614782739	0.539452936133057
0.155548635914967	0.0953542099336251
-0.467240276980367	0.481619569568816
0.130378428188142	0.0515850695945457
-1.48463024295324	1.04048351906739
-0.964174198481442	0.58889382751541
-1.1503622450131	0.360685940099702
0.670010681024635	0.313066035603277
-1.3676969115881	1.36537589567421
-0.339189328886405	0.194604418663143
-0.914889919026641	0.731048371271877
-0.0173975303018538	0.0119873004642409
-0.486618435554691	0.459772463906406
-0.409819928107284	0.369981998150813
-0.278116776878657	0.215032873787825
0.292100799012411	0.20068967011854
-1.75019455473537	1.8623031424105
0.135827993575283	0.0603732176782337
0.823151045633822	0.870610771344559
-0.0193652780646727	0.0135181624859534
-0.475390107795378	0.309482205853587
-1.69875933898379	2.09266782076207
-0.451477266526807	0.392788390066558
-0.409412104118987	0.332075664429571
-0.146648269924954	0.104811801501306
-0.408617844426704	0.231773525126131
-1.20203220061425	1.26632470204745
-0.203868404671984	0.136579737369777
-0.355580815941887	0.252885319517224
0.0595220681878158	0.0406271038528144
-2.30320283395397	1.21796142395091
0.00647374997451698	0.00353655145958408
0.153316708374386	0.103314906114572
0.0317195394168579	0.0194772039596441
0.425783903169183	0.297916017434354
1.64484282908503	1.50736060352838
-1.12555291568442	1.35468726522546
-1.16122355491328	1.00031802323784
-0.334916210802505	0.273713339889849
-0.125937774563248	0.0927811684318715
-0.356908951135279	0.263922146306326
-1.04949077847767	0.435890454815377
-0.349410898815701	0.248186152551843
0.886599087799878	0.493212021616102
-0.543059060231839	0.217923143403964
-0.502162814211412	0.259952713519285
-0.252077720198854	0.129242573433571
-0.713070789915252	0.559696874102272
0.767195323618592	0.679210066002759
0.84110215094728	0.601044399651172
-0.644970860006054	0.553586791344021
-1.10589164279445	0.757342887047417
2.1079816762962	1.49647427193087
-0.5404274907578	0.212434533204975
-1.99488421661303	1.36840810256593
-1.10339697085807	0.956158384694787
-0.605397039583476	0.620786489041029
-0.650643340850965	0.74678635108827
0.115546109657033	0.0984422078411446
-0.295484565755146	0.278272418738195
0.0921057921763552	0.0700548845114551
0.0425573067109742	0.0277570352941619
-0.125849891363395	0.0763092291108519
0.0828975119827366	0.0624582509957496
-0.0678866646786229	0.0300449542269448
-0.356808855141014	0.106266364821167
0.140212750873762	0.0438266964952015
0.94753603357088	0.630754421152328
-0.605027550074535	0.619613577306191
-0.0324039883512703	0.0266336500008079
-1.70635683270667	2.01465603703447
0.165718644892292	0.149024566699802
0.0357476889088673	0.0211413478906409
-0.972454477232608	1.05987944508325
0.158542737191501	0.132661097633425
-0.344751007633614	0.301485407675377
-1.68443614085056	0.954603570757834
-1.24116240128508	0.926307034164808
1.2333758830483	1.01885681329405
-0.236822024487708	0.0793879419132553
-1.0545279416626	0.418155888704423
-1.17961406807789	0.69396769506808
0.151608592889983	0.0884149085081378
-0.808809956314058	0.773812940178873
-0.622919217921087	0.528322187904844
-0.480117548731243	0.451268561124845
-0.28790988742182	0.231359136515837
0.268723775520197	0.202559418250856
-0.165994943674894	0.111012912669308
-0.413079919174448	0.330634393959392
-0.528649519328632	0.465746808008877
-0.177094916738519	0.125903035905866
-0.0365632684040873	0.0282878338233116
-0.0722363813483599	0.0466331790359961
-0.28006415409763	0.28324772101849
-0.81205565336174	0.97229092400486
-0.277457023321902	0.214298480354191
-0.188207892596587	0.147306264934844
-0.0621410467985343	0.026438224957305
-0.144435365263363	0.0993837659297594
-0.401350347638886	0.212472648822556
-0.147460406611367	0.103604162069906
0.370224536174738	0.295934414122838
-0.0370239299444538	0.0284406360463216
-0.635677056907268	0.572280898156221
-1.01958700668584	0.941305593413011
0.241344744513635	0.200109325092619
0.0843017826156254	0.059986512458367
-0.69376868198215	0.691842736535241
0.0694933713980824	0.0492683810461491
0.242977136965798	0.19838731101945
-0.558666841853318	0.346036316176994
-0.16954680325113	0.0604776434451849
-0.20743674083774	0.111178004783368
-0.244934324857792	0.163230540209697
-0.51265346124456	0.255250441206285
-0.706815899471287	0.567557877883166
0.65386975066687	0.211165281035671
-0.536314894943915	0.215990413651433
-0.550179245066822	0.343121869288176
-0.566392673869692	0.465712921979922
-0.936095150745426	1.2595063413141
0.148826623193487	0.107325583667256
-0.817187815344498	1.1647219135488
0.307235581681697	0.297713413060814
-1.08946193195619	1.4022481090155
0.414151382317864	0.311621045343035
-0.202331975016733	0.162959052328468
-0.443697453774245	0.392307510257762
1.80533336069978	0.726003060724617
0.150624071412035	0.0417658999466906
1.32132267595009	0.560831226713624
0.598034885514889	0.557539883017619
-0.168527706348064	0.13903783850614
0.358332249545273	0.306553858114878
-0.505163264581877	0.440535584083405
0.600448521817938	0.548747581684305
0.325708967822782	0.280391276821066
-0.882015521170866	0.977974155330897
-0.598391975564172	0.680381579038842
-1.2418200294626	0.94936504720873
-0.321336590229775	0.154742262725982
-0.786622900489767	0.362366223075524
-0.542330268299448	0.212299688420961
-1.25130280102572	0.884467005986994
-0.705750296893904	0.576290148258332
-0.742525884522305	0.764389664715971
0.0680130968413056	0.0480703871677476
0.0719485457892452	0.0543213561148962
0.15852934301652	0.132975634551401
-0.159951231495367	0.12505028924326
-0.677908459241891	0.662725661597212
0.237269070449794	0.210221072329803
0.489257609390365	0.504337974636263
0.550240089318661	0.618713280673524
-0.798096075762563	0.731287453958458
-0.59547970038502	0.580971041012894
0.315592166410878	0.302931462065855
-0.249606508975532	0.167787038182216
-0.33225318128717	0.27408763212305
-0.279707874789319	0.261977848523198
-0.443831395597864	0.469992214891509
-0.102834423633225	0.0617403227882104
-0.369367639758141	0.339540792181656
-0.452653288709872	0.407642903377267
-0.47033138335087	0.316068692876588
0.0415805943292367	0.0260004328618807
0.013928425061033	0.0104107633248059
-0.00820201247803621	0.00573246666742016
-0.310457712927718	0.222734575051104
0.00125212512740267	0.000713982032041083
0.0542393322988131	0.0364408030399834
-0.877636212535572	1.04192325592274
-0.133962952973249	0.110973391419434
-0.150928681896202	0.109455874812758
-0.30353945632135	0.225335145994807
-0.247977192415938	0.0785806808721617
-0.112875621719182	0.0457903719717664
0.280531328334271	0.192043547474346
-0.989598835202462	0.492712037796665
-0.811908603952175	0.543747243522337
-0.130657836499314	0.0955090122796837
-1.03491909465079	0.860172319241905
-1.0384619192567	0.425008614563889
0.257448734729149	0.207442470094426
0.0731522164264494	0.0512850744785337
-0.0984560262352314	0.0942087049345521
-0.0706784931590034	0.0537202673815494
-0.300068594758254	0.256808291802372
-0.0956620166457097	0.0710975237883071
-0.0216619426583404	0.01452981639583
-1.83588402596821	0.768715625222587
0.512356316055991	0.193576369588672
-1.04640363250161	0.428229873657116
-0.0638114781264426	0.0501960310235986
-0.0513111658962423	0.0410102502506398
0.814243381068922	0.854999450625378
-0.446638493519313	0.382304516838659
0.692420002379261	0.678582418918447
-0.291369136289354	0.249720873090045
0.0297889988121185	0.0243954671926271
-0.347427008624727	0.357479114869991
-0.886976449772711	0.872184261742895
-0.298853001173021	0.297670062656049
-0.494075203066448	0.41910293271035
-0.0415015415225416	0.0201142157133612
-1.69191191085743	0.958622142066034
0.144013731109022	0.0446680190904957
-1.01747311404793	0.917450212528332
0.375460855663334	0.173258339098392
-0.719505696886395	0.654360710104829
0.631388615709119	0.569987126720274
0.395885046982485	0.305744014717929
-0.0420427691380048	0.0335547814709685
-0.0278412294528842	0.0191623720179867
0.0625810376820526	0.0410979803432398
-0.532900281801072	0.477127931057318
-0.972045638237363	1.04563475343476
0.159195284837954	0.122157516076129
-0.458496674491436	0.369470673505939
-0.349211854468956	0.245693260610295
-0.195578179239042	0.156383322551355
-0.14401176393378	0.13102950421277
-0.112603267253617	0.104373994447658
-0.277389601540826	0.197531286348793
-0.543445011183494	0.583456080998086
-1.05921513160002	0.807686718275958
-0.052515227969567	0.0341847130399048
-0.0766957201173576	0.0590638080178521
0.0213374456701325	0.0121908000428895
-0.102510012975616	0.0632461403809662
0.154671017848563	0.104135415681467
-0.30359823829672	0.222014608236099
0.0218303165383799	0.0165871640641374
-0.0565775441374684	0.0453620412471901
0.0439227119102013	0.0375110257375076
-0.457964569856756	0.365557086577028
-0.159332626631703	0.0601996024108956
0.639265880875824	0.436466777147934
0.0590594270676967	0.0408315471841521
-0.613375934613036	0.481140780008298
0.0839632924196482	0.063576656338739
-0.348293839740443	0.204863439002309
-1.05184533220242	1.17744925660146
-0.148424886932978	0.107756079349719
-0.245597663838363	0.216294356470314
-0.189674047722405	0.151926232360437
-0.33646853112553	0.309711977784794
0.161038550758547	0.115539649793273
-0.587613717511549	0.540321018157038
0.157935198535599	0.106464660814424
0.506427533988364	0.18784746465825
-1.12203355802168	1.36627854295459
0.180727352115491	0.137523239528999
-0.959442570210892	1.12818272546983
0.167748381923449	0.141853644977798
0.0626270249381647	0.0429733930716495
-0.17782626368923	0.124327944349933
-0.0650950217857483	0.0509732157396155
-0.473075244628396	0.4322645697479
-0.209277640927111	0.1660216407001
-0.300052939594696	0.255217547199823
-0.212553438244366	0.166620586965243
-0.989771205916376	0.48450663657105
0.135222595560634	0.0475956627357811
-0.362705556816672	0.107501080075651
0.506362278210508	0.180052047761796
0.701214052277383	0.466578768831106
-0.887421694176625	0.914632996312096
0.487333659845583	0.301946953306216
0.775482394855318	0.587813024638059
-0.373535229593408	0.352468331820626
0.252923520092062	0.211334683941214
-0.24349999013527	0.14991683548745
-0.603790948361385	0.611513882194561
-0.407423666303226	0.327570594071769
-0.511946864464706	0.524722505962965
-0.163345933695913	0.132736378880435
-0.121962385256225	0.102454442495649
-0.0453913957178816	0.0298599984182858
-0.885025172973128	1.05549927637373
-0.998274570618016	1.01794906038668
-1.02459443800594	0.93655680066837
-0.289764029113707	0.245959033166402
-0.912722846823034	0.868242200065946
-0.478178708856572	0.314508031333711
-0.651092475663726	0.604579066978793
-0.454264509516867	0.396594488067996
-0.562221117850328	0.345346386503603
0.64492697705264	0.665632187788879
-0.420650264527755	0.4405587609532
0.787894297846591	0.713202718140096
-0.576983663111306	0.540015959285688
-0.0722939848359139	0.0457618662805399
0.256579058046289	0.221058153421158
-1.432634716551	2.10027276346312
-0.0987511797863424	0.0739246729246781
0.413965478436376	0.319675693489199
-1.16500618502102	1.03922864603531
-0.623185719810441	0.313737964384698
-0.165172689480306	0.0612608335836151
0.680147114178587	0.334953721336528
-0.00335231516043493	0.00176628446607719
-0.622866669283716	0.514359485530653
-0.297500017250904	0.186413027781894
-1.05427858745747	0.854870063777494
-0.110419588694467	0.0458532609050997
-0.816368491795293	0.694392520936233
-0.406023745385913	0.331348386766905
0.158114917026502	0.102876156601416
-0.0240821718127158	0.0167651435487006
-0.500824666999748	0.477733233158129
1.47919691035611	1.89221349756888
0.560846665684984	0.523748271930228
-0.0369546261710957	0.0288112183338482
-0.736162919498624	0.708170445310604
-0.981212054083366	1.40720164620159
-1.06515631807078	1.37356665234813
-0.79021776225098	0.3568651355299
-0.364720417246053	0.329195707499536
0.436929865734507	0.312518336586718
-0.399040532621447	0.353402970110086
0.289182099828819	0.200574044093946
0.834081366020124	0.770003554101704
-0.296923202474103	0.253848140896424
0.0837740891587229	0.0663983811924851
-0.819638834618581	0.970928414656414
-0.414309816953878	0.23290151800277
-0.23866359359719	0.0812703616337143
-1.5073811679429	0.763845120504449
-0.560796126589765	0.361280695800269
-0.0764609081254659	0.0335863898369428
-1.04446839481507	0.433758823456749
-1.83604896331582	1.96422106637838
-0.447488847665925	0.337959833378585
-0.408317734114634	0.321572676958377
-0.477519714884928	0.321801344137315
0.479651476827446	0.42340025025859
0.0679464756436776	0.0497330084586598
0.627097621765497	0.651817454060508
-0.736269123476694	0.759952815459584
-0.481783375896644	0.309136041138951
-0.207769449020548	0.135007643982392
-0.895589502942503	0.932691974358638
-0.385502640915611	0.380515540970963
-0.582953408536178	0.530479787809157
-0.493574766441069	0.461212646377637
0.0439521564582867	0.0280503363415232
-0.715309273005064	0.629840273365043
-0.65841767135951	0.641282130911524
0.158764816503297	0.129939821391091
-0.673024099636898	0.377817762956891
0.978441056052278	0.749290323831813
0.15185098259841	0.0947701839885084
-0.123563764054573	0.073504328214739
0.0371487342784062	0.0231272640067076
-0.560162573760047	0.460198186785283
-0.804562922957339	0.89206381511469
-0.809232975700048	0.851031513717823
-0.0552842222247197	0.0367208466449758
0.135222595560634	0.0475956627357811
-1.84733146662174	0.695594863221118
-1.28851518077519	0.601447695567593
-0.455730172263	0.355892369083844
-0.701801492155471	0.565028981976713
-0.806549578890756	0.520491450684155
-0.681822451789382	0.469150076244568
-0.900363540273922	0.951338001341382
-0.257420187526262	0.131143168549165
-0.20785400711296	0.110720751906921
-0.0366203646301334	0.0229218104801534
-0.300412440164646	0.216886436952673
-0.621110774056398	0.499671057284314
-1.17146652078179	1.69959526946345
-0.57760692309193	0.596763130856346
-0.0657841981315529	0.0497568089451437
-1.65721849349107	2.29873520022544
0.171365326905113	0.143150959530761
-0.402383455570927	0.361762272518317
-0.0936104203390427	0.0697230281991649
-0.226805589275387	0.220917128101111
-0.592410717049318	0.672768296266262
0.0684427645352297	0.0487421694167102
-0.082491326228671	0.0617509742674947
0.669049182381764	0.747189548501566
-0.445023736116785	0.466273605445436
-0.033503444787115	0.0265208745949794
-0.321792296235988	0.150609221197596
-2.7976670931045	1.86103486531742
-1.05141896060354	0.421411961089526
-0.103069663681318	0.0410892184391855
0.145719691560168	0.0831324104735684
-0.15755134974571	0.092374409156111
-0.543937043842168	0.212624629350395
-1.36387738984982	1.36129273550717
-1.28914013813447	1.4176525244635
-0.604360739863016	0.595637525438464
-0.704837643673179	0.576716794483813
-0.234042392649748	0.202557867633418
-0.0486748863681421	0.0386263912172588
0.171521631468364	0.158767381847627
-0.150668914906039	0.102997859957566
-0.362101381978598	0.292486962245608
-0.586256192793968	0.636493650249931
-0.217576436589812	0.201707962083489
-0.275406803717828	0.233360686606138
-0.805371959251455	0.776752363419517
-0.0195549465122336	0.0154581569481468
-0.123935565482406	0.0725725171956864
1.05546569699177	1.25162085362053
0.152598827655677	0.0852654604186052
-0.195423551730504	0.158915177698191
-0.725205131447276	0.715322375719228
-0.618088280357332	0.66226511627683
-1.0736424677922	1.10461277877986
-1.10839484237353	0.729755509151521
0.127701995649253	0.0543265817532668
0.138071567979321	0.0552000006911784
-0.418796668762777	0.24199484853759
-0.80508305524824	0.519966307782356
-0.736269149166322	0.254741270560407
-0.410334378298815	0.176796439525761
-0.260226903320023	0.177616923008053
-0.806652432868617	0.527224517999207
-0.235372389739267	0.18098649642188
-0.19891905861134	0.157400514733261
0.00759505103451675	0.00563392915709169
-0.501713761938663	0.552867978410996
0.258751970163928	0.21382866371533
0.695997314325982	0.77838841558233
-0.312341481404613	0.22983237566343
-0.121985202874129	0.0885239782176611
-3.46776492961427	1.27248398383618
-0.970339991642626	1.02615839472233
0.450507139491992	0.404767006323912
0.240675014654684	0.229061121134183
0.673408476390572	0.596959853391588
-1.01912560216247	0.945016632229763
0.280303572151028	0.195682547144422
-0.345625204180306	0.207184374369185
-0.475174667210434	0.438685691772845
-0.493290120033716	0.434664379528706
-0.101599113437579	0.0636973811533764
-1.288149360021	1.44611256755064
0.00721578347966562	0.00381117820543797
-1.54084152407037	0.548722359325435
-0.78275565804705	0.360636315462875
-0.640051550461191	0.165024385486426
-1.04640363250161	0.428229873657116
0.508189023133321	0.182658918043607
0.427311123707269	0.174570420663257
-0.638954644635542	0.163590857835517
0.133616620134684	0.0548531015063048
-1.29315490185317	0.606275012467081
-0.246881178844092	0.194644987167534
-0.0695827633951667	0.0435070433253029
0.161714456329427	0.10551550072224
-0.556706010549305	0.472275176302616
0.661482950643743	0.562790684303248
0.96816285841471	1.03329128307151
-0.290005679817697	0.167917543519793
-0.69352424203547	0.478980379036265
-1.36213871615468	1.5521138815062
-0.290687643100604	0.183740399479478
-0.612961879806244	0.622348255406233
-0.737274949069118	0.74591112252093
-0.557534257558535	0.570933279701867
-0.0894738421795242	0.0530180322079549
-0.297330522877961	0.255260170901515
-0.815196081389157	0.616541178672118
-0.0597514956156751	0.0387217161005573
0.50943486650515	0.515137218587021
1.61023515131562	1.16112993494461
-0.638098634947803	0.577767517071694
-0.625759401772896	0.524764930770107
-0.132440296137281	0.0951974224617279
-1.53556404729473	0.56605263232295
-1.00159389894707	0.476704428980499
-0.684599781670594	0.488651585573555
-0.253827470329306	0.16513226370945
0.592581542503094	0.604790823847239
-0.384769246609232	0.382137325552466
-0.910406074145418	0.698692223545822
-0.218860529430714	0.168497309088405
-0.515533820738698	0.500126793054812
0.388665789965953	0.311072253035348
-0.124677231128448	0.0752135138023076
-0.111300898217949	0.0839300057558045
-0.743566287259456	0.837867297824677
-1.0454357545055	0.433156322806163
0.145491028290931	0.036825262301477
-2.09350737822121	0.940451172656906
-1.08140897450392	1.11739395268829
-0.675562720497578	0.700378719649968
-0.105532785597217	0.0766682435257309
-0.413221691731744	0.366443881795358
-0.386506836260999	0.409254262597495
0.236247503383021	0.212813848298056
-0.812410173863362	1.10815096876493
0.254527764521198	0.214778492388879
0.0984454959404772	0.0800755934662842
-0.0267323284475109	0.0182455923353793
-0.470993768700573	0.308657400629387
-1.50832278545478	0.776263863446119
-0.322905285712113	0.152102189045321
-2.58035413683893	0.741528858997695
-1.28660595369426	0.593016928405194
-1.33856562062005	0.8761041657028
0.925290281353188	0.86878813824278
0.329482877368225	0.178002580769052
1.25891668950697	0.720228398276574
-1.11569132141094	0.988767935597948
-0.549284069527741	0.458178330086797
-0.62727549954776	0.516972018142111
-0.212657537192686	0.144624329299802
-0.363272641791243	0.303482296720983
-0.554297609179215	0.550233187804384
-0.260982507737747	0.188281214048586
0.728633189545807	0.801659145842012
1.02168165218714	1.35713634507084
0.593281991387715	0.556141614872652
-0.192626639331146	0.157711848025666
-0.361329687749973	0.257385731895817
-1.36425255854049	1.32595528660656
-0.549529847612816	0.557918648434393
-0.304989823519912	0.225633929661776
-0.332891564405431	0.287567840489716
-0.579590318569549	0.538921379152112
-0.62279584124264	0.510916329252041
-0.0999263129092075	0.0588957443663061
-0.314976132670582	0.237718432280613
-0.580919887670963	0.549230789719515
-0.203262165904542	0.105418815438569
0.0247757269839679	0.0141832026637019
-0.297188897080007	0.254892637182139
-0.253307058832878	0.217631392035185
-0.0984633311704021	0.0613720026578119
-1.03650475383766	0.403762808866673
-0.109002106706904	0.0445985532331997
-0.28716595390093	0.182008681559199
-0.555975767833502	0.572979155681438
0.157644103316073	0.133321395357612
-1.04724184349527	1.20620256961798
-0.43211983315582	0.398444705473529
0.235755282972257	0.224003382389997
0.158485798357813	0.122822743549534
-0.371086471575413	0.293693986338688
-0.903578558357379	0.847150110155108
-0.72544297283606	0.701975799514608
0.514470138892693	0.188917830385546
-0.638954644635542	0.163590857835517
-0.795733342352733	0.436366710630168
-0.719961971839665	0.601386271914597
0.600265697285271	0.55504050646563
-0.241768645028166	0.211265153646994
-0.26361399945484	0.226025423316658
-0.331554632334971	0.278532073667272
-0.303810556259639	0.260643211810923
0.266261126026692	0.197788437041973
0.142538147875785	0.0687536134983571
-0.539261682125202	0.211573173204944
-0.638954644635542	0.163590857835517
0.13807845482994	0.0420246516498512
-0.105526168765235	0.0423886872605756
-2.13152158891653	1.58208916260389
-1.53077755268084	0.542923119444998
-1.10589164279445	0.757342887047417
-0.416215314220227	0.175239206945949
-0.409901082274174	0.277783181178703
-0.687175458350326	0.747683933728694
-0.0392816480840193	0.0267247556338855
0.00386555780013314	0.00210699715771203
-1.5713596620113	1.50522213369049
-0.0795058778088821	0.0515322169057785
-0.558033710749397	0.469541823827718
-0.894877287579584	0.946762634987583
-0.536116531848889	0.487383492112277
-0.333086201815195	0.27048684478552
-0.202915985831913	0.162081066642707
0.0543626621400016	0.0354198344997257
-0.93645501726807	1.13037160609342
-0.58174569471292	0.610676391851627
-0.707471757404401	0.581399366771893
-0.0734372978626409	0.0550029682490659
-0.0714428456605323	0.0564705514883939
-0.881890592836344	1.04590562232518
-0.796768957596898	0.446579404993518
-0.161362717430359	0.0593626128917543
0.322060324759516	0.179232628269749
-0.806597521506635	0.550831411793643
-0.804094994501966	0.598977272087327
0.0238764656372866	0.0136196345369456
-0.142639681559728	0.100268971618382
-0.479314241030324	0.315853968275751
-0.130095369926548	0.0774607178512623
-0.0220127130355712	0.0152705054674077
0.454483758886303	0.289260806299361
-0.342637884062595	0.21248175068223
-0.339646124000436	0.203448153491241
-0.118717014177459	0.0704625168359327
-1.14570986018397	0.345493804480113
-0.743612894131548	0.263815810758106
-0.360471366167079	0.301441733000787
1.4275869983053	1.57624446067372
0.0706746345386444	0.0530606719105144
-0.406366008866488	0.393072009421999
-0.258800641396924	0.129361325399485
0.372941278216676	0.310228102821614
-0.411750540426935	0.235481861572385
0.77057562063986	0.599932595763858
-0.622491280980172	0.315037369086305
-0.40679017943675	0.272349903079491
-0.237695463640661	0.0816413996844845
0.151714458282224	0.0388912867750066
-0.317690795101185	0.150301699008828
0.316211020548687	0.169483437760215
-0.361689402338145	0.108124975750703
1.22966462116367	1.03051223009118
-1.57296367215818	1.35861321782655
-0.318640657547794	0.225292416707653
-1.05003930828399	0.830459741559136
-0.0946802081947491	0.0597696815712438
-0.803396401671347	0.598791667501405
0.0276297853511561	0.0168018622437126
-0.0710625441528431	0.0319900719391581
-0.414873014947156	0.240883756529404
0.0661092957454162	0.0459711756132553
0.379127017633742	0.309545085563381
-0.403681608534308	0.322373695106288
-0.408821065599773	0.231926845576639
0.143370442141294	0.0742768233949627
-0.318238338601713	0.147593091616122
-0.704717179037377	0.571045716530741
-0.406515057114226	0.288765205239342
-0.905101918465778	0.871027492866664
-0.298042353444409	0.184479699488532
-0.357271689611184	0.27962183912881
-0.287035352187015	0.180607870175206
0.139750042872507	0.0620535895618652
0.477040556561665	0.432313462263525
-0.357619965084745	0.257127558821642
0.134777999157097	0.0595498700084245
0.136012236058411	0.0414376999459869
-1.61677543427213	1.26123812958458
-0.915093872245533	0.790191540655413
0.648317826848128	0.446946422111217
-0.621998803591667	0.524410987269157
-0.355429479070231	0.263761699038006
-0.121447714058431	0.0723302740914468
1.12814252526042	1.28063340209359
0.628025272105268	0.555540645366967
0.306368623343961	0.184154736746526
-0.157276219905921	0.0886748113468935
0.135606958078081	0.0657207722766274
-0.163958322007106	0.0615655330617315
-0.109002106706904	0.0445985532331997
-0.232769399296005	0.0777978828605569
-0.106915794620885	0.0444299840185133
-0.314248031852367	0.141179405817057
-0.0656339870553089	0.0285571812291558
-0.993164199948441	0.515283271365812
0.801274040468384	0.342579601916994
-0.805450797110556	0.458380260555257
-1.24068166914364	0.859921480952431
-1.44225800626432	1.6739379374776
-0.810529356868492	0.767363071771537
-0.945125461578422	0.686046046136122
-0.725408936560856	0.644529767466632
-0.289675374924759	0.185459949009837
-0.594502994682571	0.418916703275647
-0.690570942936649	0.4692529558323
-0.286555999036034	0.18134268725332
-0.411474752469177	0.284978714813469
0.136217609113947	0.0658769442909284
-1.11452737898773	1.04516598633041
0.132677066537662	0.0580285908430117
0.136247105488863	0.046645409271253
-0.642224145257826	0.588969179657603
0.165395447715165	0.110266225184293
-0.616986075121011	0.300849923245511
-0.126742080646037	0.0772601174260878
-0.359552069251536	0.258694786260054
-0.239303223065063	0.187630270026815
0.405396327629034	0.306282035404528
-0.216376665752615	0.171447310533365
0.688705272473475	0.703106860827586
-0.418753838142581	0.229368014719565
0.303700286857616	0.192447572480558
0.721014737860789	0.58782262640904
0.33163368276263	0.180470581175636
0.884822563382807	0.449460669830434
0.13635322089906	0.0480122083399417
-2.13284261940889	1.66122374229992
0.160861780947088	0.0890836936969178
-0.162330899875112	0.0942538864879812
-0.742159792951855	0.273560129045021
-2.79186094288269	1.88783080107397
-0.255638493138203	0.124792062781719
-0.81422628892445	0.541622549330772
-0.362449719829725	0.264759594498364
0.0376929710429168	0.0230609526898058
-0.408741634422394	0.179124317467852
-0.0471926352072448	0.0221652769050679
1.12661091809184	1.3735426544059
-0.158104159059116	0.0925865523495551
-0.620609784591323	0.300259643296341
-0.80754287975677	0.747892240927784
0.302235000896489	0.176090906671888
-0.553376861081418	0.481140942932192
-0.242407373610802	0.21168266323596
0.128115079698904	0.0525007082865626
-1.30030420723037	0.604645981500644
-0.564824329722395	0.357147076220615
-0.206279784397439	0.112055715717179
-0.557454032043885	0.474283656482326
-2.13059379511901	2.3545897715106
-0.117652031675784	0.0697049835981288
0.457556046157617	0.29710383664275
0.0132412872856675	0.00685007826464222
-0.170102690414963	0.0621777638963027
-0.0369667117421543	0.0169286840069932
0.598589244516214	0.316624915876836
-0.504056681828423	0.265215460951151
0.12846076599153	0.0506083201579723
-0.783756015091416	0.362696617831833
-1.8442872021741	1.14430786970059
-0.961923541884387	0.61508237326934
-0.153200397565471	0.109527091125548
-2.79999216414612	1.8984378287519
-0.727264618059852	0.710049452918724
-0.420136732093438	0.238926302173439
-0.560083762097437	0.359785420023311
-0.590976188773645	0.434724239958879
-0.718562598235611	0.641051768770702
-0.118717014177459	0.0704625168359327
-0.801993828595746	0.747193863890644
-1.49130506515895	1.01220151474224
-0.25869597041676	0.132639266196688
-0.0160350888669422	0.00793481467620662
-0.62849875184126	0.526282987549918
-0.802286976010706	0.447295037828361
-0.115201436717573	0.0475182290829502
-0.626832410481031	0.290189020813382
-0.994401611119042	0.505830204067153
-0.369993651925838	0.298244723808467
0.136546560580556	0.0656475079196228
1.07597354171212	0.666853534463681
-1.20206963348172	1.27400021981563
-1.00352189480811	0.495739708789825
-1.05774632429198	0.853940588912901
-0.931907087426642	0.671752395799476
-0.129651448268297	0.0767600010655447
-0.0183175187597453	0.00933187026574035
0.384810995734881	0.169336910218924
-1.35124358459109	1.10186918108517
-1.23852212601926	0.914780509243827
0.509367090253274	0.19233555776527
-1.00182182824985	0.50649437666673
-0.61149059348365	0.291581679202929
-0.409589471100648	0.178797735474755
-0.235856775008958	0.0793489852912384
-1.16742545669745	1.02171113829281
-0.965100419454313	0.574016885761084
-0.998024863222367	0.527784975096114
-0.200540624838189	0.111660464768416
-1.6659054091839	1.69669347656404
-0.206858166460672	0.111935065573511
-0.659126657954594	0.367808788893605
-0.785081383438231	0.362906976960149
-0.783560026625646	0.361765598683855
0.00318320743351148	0.00181544533176771
-0.316645071197373	0.149812795589409
0.0361904000023213	0.0223444142364203
-0.253327985750485	0.126841999060808
-1.33827934262409	0.849674524551158
-0.567989556124661	0.343139804197307
-0.476801232532881	0.32548679001602
-0.513260555527721	0.25712875775321
-0.785563998233639	0.353274910242661
-0.967645293076423	0.611931679071181
-0.119470060223261	0.0719253259441794
-0.705706631835437	0.566447466467654
1.20180336252492	1.35490255233854
-0.212735133684199	0.109801247221025
0.698134135383218	0.451147199523468
1.44178811950784	0.917638019544922
0.140490774653241	0.0541709345401764
-0.999733588396064	0.512528764904733
-1.05005245135479	0.82981165026797
0.140814838298141	0.0579753937630374
0.0253103010421195	0.0148563684327331
-2.36546963856102	1.94577878356068
-0.112646108852678	0.0460704963890369
-0.66378736721443	0.394918390402192
0.132282410827758	0.0578872924601845
-1.10590221418551	0.782589610128703
-0.344194360747004	0.203147875858128
-0.160327934571026	0.0607030233359829
0.14278047506627	0.0286976566342611
-0.248991579139253	0.126358380667811
-1.34828172433665	0.855870498149398
-0.499600652644239	0.268832723345288
-0.111705954051599	0.0460139852933966
-0.742214024546646	0.265076593943061
-0.62064926000217	0.299182462612839
-0.551181064989453	0.344892733452232
0.714026885909692	0.568280249098801
0.0520225101690285	0.033846251188304
-0.367653398185367	0.254457522540544
-0.543648265804851	0.601299483072091
-0.183636574332677	0.147472921391039
-0.492718636686522	0.470341706614048
0.158551908710557	0.107651428356557
0.160488061347107	0.102688465223003
-0.809423210041317	0.627451108288864
-1.25890358295092	1.62370015490184
0.148524885203281	0.0867121600192734
-1.04756464451673	0.422542066773274
-0.323838093575658	0.154515838619816
2.09778350822378	0.9165305932953
-3.08638015821861	0.976947360312344
-1.53037588624579	0.568755687984731
-1.17815568028822	0.62386191186744
-2.30538205388737	1.16636394953952
-2.08933702320907	1.00224173182883
-0.617409110416848	0.469331853104051
-1.17329551826765	0.639522023029901
-0.152214198474119	0.0523230009510388
-0.0668926554506948	0.0293809639590251
-0.0738931747940454	0.0334333663476394
-0.959374577914791	0.599198553208337
0.130904708044032	0.0505828968693068
-0.973127017336946	1.05440139161944
0.388090636309231	0.303844339625946
-0.188573432281826	0.152948952434914
1.41808364006009	1.41368820476183
-0.342936000947665	0.316310079344351
0.434185679420723	0.408639790589049
-0.377863236180371	0.338381279150675
0.0295832325124717	0.016969269562434
-0.475534526460257	0.315962252246361
-0.182703005449733	0.1438916753039
-0.801984018400271	0.434575711129317
-1.85325463676006	1.2457739210264
-0.784561510703363	0.363836867465963
-1.19911040666561	1.49486414962441
-0.0371785925792855	0.0180038419790384
-0.114614812418662	0.0461746111074934
-0.781147887766494	0.346011834756696
-0.742159792951855	0.273560129045021
-0.205675489789818	0.136368365327822
-0.404116135043954	0.421256301694256
0.868470360548409	0.838826364319091
-0.42498615693151	0.438052319593834
0.168339047333631	0.137522966766681
-0.469581546732927	0.516972376951703
-0.729138028252649	0.721950313044749
1.48424928413078	1.8401916228456
0.536319945959318	0.312385290710734
-0.295629349209228	0.295934180461976
-0.409784589449282	0.221984049622017
-0.743612894131548	0.263815810758106
-1.69349670727944	0.951225993697303
-1.15428849861567	0.360128618139807
-1.29331518964878	0.62373813356099
-1.04629844439949	0.427154861750129
-0.247887130963356	0.0815456162678456
-0.74111878729607	0.272048451943737
-0.373815077806093	0.365775335795415
-0.52074145459322	0.402534252585964
-0.555330586275167	0.47899345614831
-0.297063558897357	0.237100550452835
-0.0290897098693656	0.019747758786198
-0.249187913045142	0.196101230105452
-0.151208950760293	0.0854515546388585
0.347042989132676	0.180668103491774
0.566481812035773	0.544938786685827
-0.257711618714345	0.123157912908924
-0.164781492696335	0.0571260719111981
-1.36485855511311	1.40627986035888
-0.907666338914624	0.683090365464669
-0.687333317255689	0.77183070039706
-0.590725322792372	0.419641933022697
-0.438473272446953	0.419741433443611
-0.588797339673789	0.555427837789576
-0.446200904201117	0.387734370073908
-0.0973739706330659	0.0616894054458313
-0.307980056891822	0.22083025949284
0.81464472579534	0.330764006709454
-0.314889994832793	0.295168450526837
-0.519496551844751	0.408729516384912
-1.01713584247592	0.890133994371564
-0.940503234845552	0.64977943983831
-0.27619464334919	0.231481396155225
-0.079998326330606	0.0519051638062854
-0.373958532488126	0.342863380651494
-0.693901219290422	0.467745255684178
-0.213721580497945	0.148603579530523
0.454540668062407	0.422796214663174
-0.357961763835396	0.295500509114453
-1.73909105930888	1.42325675366929
-0.806671910367445	0.719256978339574
-2.46608014968733	2.16490230788607
-1.05155207424783	0.420495589182693
-0.283196533353425	0.1774700572518
-0.807630735566489	0.529693458787359
-0.80659111989236	0.436645201190808
-2.30249665021944	1.23408847121111
-0.963178622747741	0.606045751900081
-0.116379252180665	0.047831211586304
0.843276885971486	0.590297940748256
-0.410558304074756	0.17853301029646
-1.3471701855114	0.821339413293216
-2.7909028781319	1.87039002740337
-0.812887079165689	0.525996944446805
0.66606442001281	0.577095353035233
-0.235856775008958	0.0793489852912384
-1.3471701855114	0.821339413293216
0.348313265797764	0.174200357729694
-0.198968381027641	0.108218340859036
0.430112068401274	0.181043944337149
-0.564824329722395	0.357147076220615
-1.02512535677387	0.925461999407812
-0.326828770417781	0.149800320774827
-0.416437285320486	0.176269162481311
2.09115945513543	0.943087363097328
-0.236722241787007	0.0783215008427818
1.02030315476189	0.398507228508527
-1.04446839481507	0.433758823456749
0.683298847360433	0.325054394151844
-0.954927196440235	0.554700285772151
-0.784498765586752	0.3523321123612
-0.0748740502671261	0.0329790017946174
1.05015719638373	0.516795890107022
-0.616871164974388	0.29430324311117
-1.29725923227955	0.632325434039655
-0.415640642321315	0.282610360304213
-1.95176405860898	1.90233876435074
-0.80634277353717	0.71835803386851
-0.686177914229451	0.498379823856723
-1.85325463676006	1.2457739210264
-1.29725923227955	0.632325434039655
-0.164781492696335	0.0571260719111981
-1.04746380174536	0.446251819108337
-0.413096919976058	0.229627027748409
-0.244826970149533	0.165327965005018
-0.112983538426825	0.0470207233563561
-1.46341651923788	1.3286970841052
-1.73206430289374	1.41632066020827
-1.84635961744597	1.15981734679928
-0.536164567487402	0.208399809462756
-0.315438074808422	0.149262113607832
-0.563241255404733	0.353677453671526
-0.40810048673	0.178693883932417
-0.155293389047305	0.0839813526912991
-0.317304933863509	0.150856014956897
-1.35540988396651	1.14793989129627
-0.267814897813242	0.120191337301255
-1.1052845778529	0.752073309366968
-0.498348778003155	0.262645085248336
-0.553910834906373	0.35463403314299
-0.590569344855707	0.433300389212444
-0.80508892850866	0.604780585553394
-1.46652815466251	1.31596363630186
-0.408748834053506	0.329669433218788
0.280350039880932	0.203751054755144
-1.16929669836004	0.629492708384845
-0.107758773667329	0.0802657351930794
0.0393997463717378	0.0246289965226598
-0.813776302933313	0.425169733753049
-1.29435503337495	0.604857472895685
-0.352170869256064	0.253039507859116
-0.817916929658943	0.518139374631288
-1.04938876843792	0.445225820250445
-0.801350604854237	0.459557831674599
-0.629511468792195	0.511522931818262
-0.510950237890651	0.380770881611986
-0.553917781267932	0.35271868127181
-0.341979585699563	0.205136829814429
-0.704717179037377	0.571045716530741
0.149942409522206	0.0296695603684523
-0.881686303033755	1.04906863414701
-0.154429475347051	0.0864757727990136
-0.941973677131296	0.690755917937263
-0.816779392505252	0.518298799762679
-0.662569139910645	0.393153443692109
-1.46718516128675	1.32571506546957
-0.0720066932554538	0.0327645885480203
-0.62279584124264	0.510916329252041
-0.665714187345139	0.404380530181882
-0.795577975726048	0.651183376880946
-0.996523900107408	1.01956236367456
-0.347226817410879	0.211452287067465
-0.807851216250889	0.71202599910696
-0.797320140482678	0.721925436986443
-1.49352866438841	1.01476194960767
-0.158388583402784	0.0909513930565303
-0.26981303881203	0.202511200801992
-0.619333132084838	0.313923549999779
-0.151113105821208	0.0826877224659635
-0.552253416437887	0.582727973580978
-0.495824537308315	0.436807984807332
-0.210683733643089	0.163325094146372
-0.362705556816672	0.107501080075651
-1.04379369431044	1.09697231556246
-0.641793713139794	0.544228473569078
-0.241513743557977	0.20870959408505
-0.340101329094904	0.207790313115206
0.488854051397835	0.292748619713221
-0.264007598882252	0.198334489277916
-0.41137488331497	0.362625009020899
-0.599457928971028	0.445049710228858
-1.01401331490398	1.4989697613086
-0.157830383754993	0.0886978318639525
-0.175836248707137	0.139529827571227
0.0645857529636328	0.0451209811511638
-0.367163008192326	0.308190880381408
-0.618889995135991	0.301683720588692
-1.17808958630677	0.677625945021004
-0.963836708562815	0.577775790520956
-0.809974236145267	0.623782939774641
0.385051268303057	0.505917629536091
0.261460992259545	0.212985726538851
0.517917840982122	0.557413092890867
0.701431973996323	0.768916601223005
-0.317285247016692	0.298212306634053
-0.379759986632027	0.495499557043456
-0.44672913368898	0.394749311290527
-0.664953751089998	0.396396671939244
-1.49973937290429	0.779202075035729
-0.339398606035872	0.204807102363539
-0.802751184731583	0.434095848798105
-0.568743074349546	0.470124661385724
-0.167959041032114	0.0922696867486772
0.13492775159434	0.0569250621379696
-0.0962074777591818	0.0735075653690659
-0.244054367648676	0.184922288228912
0.629672689179766	0.535935840227584
0.277888992086286	0.200162979915155
-0.354860518127745	0.258853582029671
-0.661016127030165	0.66742988537615
-0.482773091193179	0.469174988279124
-0.458558769659154	0.367875069075712
-0.807749172042852	0.674178436838385
-0.811971040600572	0.825176630376911
-0.412634832847966	0.182155909112211
-0.667875718950247	0.405943923868413
-0.536333666186195	0.209367593145806
-0.529361933571719	0.198794300504596
1.77159600081741	0.997243643286838
-0.0805764356643727	0.0347575945126048
-0.0150320571693531	0.00749439103497918
0.0678084952048849	0.0500193252097481
-0.0336731211445439	0.0306525474781303
-0.129293499036215	0.0757385559409339
-0.248914614563624	0.216167426396421
0.429052666138899	0.404524700828963
-0.141479338465377	0.105639304380784
0.291856574384	0.310889013931677
0.427523458389853	0.2916586058522
-0.285733231330973	0.172961981429888
-0.304924939439403	0.347592375687509
-0.2712114711966	0.237510780667882
-0.618641818736229	0.312809232787594
-0.906001310830166	0.837472441886352
0.0101781000103625	0.00544252029824558
0.590854925427333	0.32068872122329
0.675294899906635	0.577178082600076
0.153942198221307	0.112674189538396
0.0188574278460947	0.0109130355115833
0.300779344694946	0.192875615479274
-1.56968293497872	1.51051247049787
-0.511412858499368	0.376211317836355
0.347983464818202	0.18011968333436
0.349614441354503	0.1802967622363
0.13499828237977	0.0588178574530053
0.459803294257258	0.297450852175497
-1.18157508411235	0.674793235691485
-1.10784970769494	1.0432532725208
-0.627170714736759	0.304909303385093
0.98309403974423	0.794327348230145
-0.343200478664648	0.212562029740575
-0.0566768224780795	0.0375833972945392
-0.776121132756493	1.16743380463399
0.261762338490045	0.209206852987817
-0.113423150752236	0.0936822599687805
-0.689107236521865	0.78957995255
-0.113847067977426	0.0952521282675568
0.00895067201344219	0.00687816162524673
-0.11998970528716	0.0901092985624546
-0.411750540426935	0.235481861572385
-0.294751065769849	0.322251119532123
0.061737516974625	0.0406671239881849
-0.538228232179672	0.217245564114017
-2.13548053597781	2.1917979727988
0.883686482119175	0.838683873886779
1.11873687283812	1.24117971220581
-0.0203005725349472	0.0102119556148601
-0.420559136438083	0.286755741984387
-0.892864513218739	0.89670786607053
0.15436886352342	0.0907622960940913
-0.20385264041871	0.110025650943447
-0.00997355819599176	0.0050761032551624
-0.524777143075336	0.396115255264547
-1.0777249041169	1.15178727004461
-1.11092563699392	0.779636180888701
-1.46416663075904	1.16705734543527
0.0141272990029248	0.00751105420285867
-0.351307601289803	0.250473921592036
-0.973784765157395	1.07426797347877
0.270703992341533	0.19236479026215
0.146765900150162	0.0692723664151769
-0.415875254946907	0.232191188863208
-0.0704326526713159	0.0314086884805707
0.537117437721074	0.311703223188689
0.652744579969079	0.217901190867539
-0.742214024546646	0.265076593943061
-0.405459478115533	0.176631499893781
-0.937907663726437	0.667446763184309
-0.153056098482519	0.0880303276637413
0.504324074413475	0.188223232242347
-0.411385199372712	0.226361457154526
-0.472814303003544	0.312640617475294
-0.512736295775595	0.527347209522698
-0.82667982655711	1.13622390449302
-0.217755241027544	0.170602801533565
-1.11580761975794	1.02087580537206
0.323454060308246	0.175019076370881
0.897591621016358	0.782417841881596
0.805758788972653	0.334526245153173
1.43936351386259	0.496241204441374
-0.233731776313203	0.0783918847874615
-1.53151586580405	0.574497786496295
-0.161837926694675	0.06090852702236
1.55519292872702	0.812976909394855
-2.0983669815663	0.903496285338528
-0.000405479649603493	0.0000717093824834616
-0.0470084429220505	0.0316623432300409
-0.803987134945038	0.59461536880048
-0.253417016213182	0.218325096712259
-0.144665678032264	0.104346878673596
-0.585100923244079	0.553773357876011
-0.532402927540024	0.212099126912434
-0.320467617734818	0.151291354311241
-0.532402927540024	0.212099126912434
-0.414857670134504	0.176140897124065
-0.640051550461191	0.165024385486426
0.670336518897527	0.303144577672814
-1.17398191637708	0.643181097741023
0.0364036600765788	0.0225945511501956
-0.996486429886783	0.97145243232729
-0.272600694017128	0.206408940000081
-0.459782427850418	0.351841052713786
-1.13156490864209	1.55181464849992
-1.99851723962443	1.40448640762273
-0.237851666282405	0.0750490315794619
-0.537195858607784	0.215909303617558
-0.326092497128536	0.153287071042347
-0.783560026625646	0.361765598683855
-0.578581396718223	0.526028663764951
-1.27905844076553	1.80047612832274
-1.12352007197899	1.26033745426341
-0.331586389571091	0.302127323218904
-0.414857670134504	0.176140897124065
0.134067903274327	0.0583330051587697
-0.412634832847966	0.182155909112211
-0.747397259241041	0.273041275511744
-2.09733509862419	0.936137926028557
-1.15903446113395	0.958038466285393
0.0697950464839934	0.0519926383484236
0.0349091320119434	0.0215345761345432
-0.407046135716245	0.287379873954551
-0.506291515575952	0.271292827471863
-0.252683286370754	0.130221416168762
-3.09180216433298	1.00300677259101
0.778425764231154	0.478456084957533
-0.537897545541706	0.209215932099299
-3.46205910173733	1.22929510114267
-0.817783194491766	0.603075736172063
-0.3422636525105	0.203911471232469
-0.0904505657632111	0.055731174640695
-1.04533113503243	0.440452046038488
-1.04533113503243	0.440452046038488
-3.46306341772265	1.27024715811195
-0.742214024546646	0.265076593943061
-0.537346054879039	0.217331390886752
-1.50659223634215	0.75727910019049
-0.539110813223045	0.215068803165058
-0.409365447501536	0.174682566615788
-1.04446839481507	0.433758823456749
-1.29055082713923	0.585068912310977
-1.05830713179538	0.85758544690967
-0.50023120936243	0.26267483902847
-1.18263820665154	0.695725146384137
-1.15150774848009	0.364078757050567
-1.36908575314311	1.53756320962787
-0.687218439070313	0.479112346405735
