x	y
-0.810338905207884	0.548745347961216
-0.158813169803246	0.0885501514139286
-0.368362054198089	0.297837421064152
-0.0475149164520508	0.0217605899806081
-0.671413671595993	0.700226989635964
-0.337178264014266	0.269326615959266
-0.241866562043846	0.0810837692126153
-0.100294337205448	0.0619645653520659
-0.412548730518297	0.233224839550105
0.0124463975567009	0.00652995886547557
-0.323661603485926	0.146448818886725
-0.299744521127002	0.184506789944552
0.144013731109022	0.0446680190904957
-0.471874818550022	0.31628669156975
-0.812320910726605	0.772718161860505
-0.597252976782511	0.429434802912098
-0.621701587862591	0.294134253314999
-0.704884335222418	0.545449364010546
1.43826128643278	0.903247106831305
-0.502093729542176	0.432282029890911
-0.215025248388503	0.144663662018695
-1.04425966875391	0.423097140504412
0.132283051634689	0.0457216646533908
-0.41115430073329	0.175615987200698
-0.274931447151438	0.209753313417492
-0.311713304637159	0.228454869276135
-0.340101329094904	0.207790313115206
-0.117682141532075	0.043912338842734
-0.198960960313625	0.108106913644422
0.136985745068062	0.046886519853878
0.139031688439482	0.0551553886440224
0.78253269580045	0.473787151666956
-0.811550500040722	0.620049248427291
-1.62276365465768	1.20659917081023
-0.238873496893652	0.0813017835792925
-0.0145055752204127	0.00738055261517484
-1.05473920561919	0.872302526191695
-0.465863450442177	0.36414515466672
-0.676000483684098	0.715631666413557
-0.183381219135282	0.127516981755607
-0.35697729375299	0.306697891614947
-0.815067692913814	0.691961889741152
0.142785643608113	0.0770639826962519
0.89326753949579	0.493913372997139
0.489672755649188	0.302532000767983
-0.346319934085324	0.211777268479206
-0.209008980598042	0.111781983447663
-1.35439642355248	1.14258204702338
0.273902051188939	0.198868952967991
-0.419832822198832	0.172205082913119
1.46473154676829	1.35428362856607
-0.30801047078829	0.287499045578631
-0.319085701141884	0.259618805629391
-0.160188046945386	0.113618880837926
-0.207426076818209	0.110772382583145
-0.312276893789737	0.143405513723062
-0.41115939055927	0.234232554168622
-0.665714187345139	0.404380530181882
-0.113570104501158	0.0463897491854613
-0.74111878729607	0.272048451943737
0.0146129280321686	0.00769033922740911
-0.511998093091053	0.2673296655391
-0.407124375179352	0.313707666515139
0.419103559481113	0.410174287564535
-0.40432338551406	0.327355319686711
-0.341979585699563	0.205136829814429
-0.41241219690874	0.179977237956668
-0.359430665610289	0.106502760621845
-0.694011568124542	0.486418372287813
-1.20627401136697	1.23986811623369
0.536483101930239	0.528581035875017
0.0566657317774227	0.0367704554980833
0.253164684885999	0.204947707435567
-0.271128247898031	0.204441755858302
-0.409566031694484	0.233310844807144
-0.45407676209288	0.40480111708385
-0.167313772674373	0.0633554015250668
-0.404204428069518	0.175254554424228
-0.622983759523758	0.300721138915834
-0.165522389989977	0.0618897901609697
-1.12190854276168	1.0659809062652
-0.40502928356725	0.282774884536162
0.0685127538165987	0.0496450156880087
-0.747134380218614	0.842935264967899
0.603894595534426	0.54895389330293
-0.186123663221277	0.146554327947751
-0.455589956978832	0.396389158993618
-0.464065546275019	0.358969262290953
-0.166770846537294	0.113860535999635
-0.41722823912002	0.240999059782812
0.147298535161635	0.0299064650853773
-1.61954128380625	1.27521579834228
0.775049008420906	0.616400400448807
-1.2418200294626	0.94936504720873
-0.40759062042414	0.428317201503805
-0.173427401453462	0.14295556490413
0.516160135207736	0.605907831649178
-0.740381370704718	0.739122794754835
0.473322422054761	0.497489579640897
0.516312092160064	0.427026168469151
-0.806081997357391	0.604716475470972
0.0810092247895653	0.0596714824248229
-2.10026814477041	0.883868483563514
-0.565400240577973	0.35814651222113
0.134365677383912	0.0472680043000072
-0.287400107288132	0.183493075650647
-0.905568513561907	0.867087891023906
-0.350885312266727	0.210667451625352
-0.356338382780294	0.260806403259658
-0.554484550260127	0.352577202691027
-0.753668366399925	0.892960309062453
0.248586639794018	0.21320123058254
-0.210677133497945	0.166902315993916
-0.473775762795597	0.407529443308295
0.0772022667421265	0.0556736954464
0.594035892796621	0.448360118598084
-0.412767228827178	0.336749673596128
0.0698589169449558	0.0472666003700301
-0.091926843259752	0.0566726889022558
-1.53556404729473	0.56605263232295
1.01125590915085	0.90019461710814
0.944090171991899	0.633952604988969
0.802467950404206	0.335611827390107
-0.368066921687913	0.308220644963754
-1.15886589696185	1.28267477605201
-0.338835726794884	0.202132608996089
-0.0976305737619539	0.0589931143062241
0.173189907570946	0.110173322981528
-0.808590322955532	0.634794208797273
0.339031525809563	0.302314494448371
-0.178575426701893	0.127491398666532
0.160586678845856	0.127668876072349
1.12228675360514	1.12656317829437
-0.520508503927416	0.38360903557261
0.289824123046307	0.182349139722878
-0.346752693088559	0.210793753304459
-0.461695049465304	0.370173823359689
0.166847728492005	0.123331585152054
-0.731382758013352	0.616213093831365
0.573696308787993	0.541231368212831
-0.418565387466999	0.241881534019262
0.778126667958144	0.476796714599176
1.23118922865633	1.01848462844264
0.342295080012144	0.173862704253629
0.946731181335692	0.647420234557004
-0.815464784971608	0.603370350274197
-0.62884995420363	0.677139788556428
-0.805414695606862	0.52496182925621
-1.34295608269194	0.844707917931313
-0.311920292956904	0.224083275789317
-1.11535576665425	0.73909092076831
0.961648500758456	1.04428612152925
-0.407999819964794	0.361662217304471
0.0914122729433123	0.079477030871311
0.369579975299486	0.310533970939648
1.05403509683058	1.19272656205459
0.36391399334236	0.29870623069434
-0.695449631866438	0.481730712030366
-0.370711799171146	0.299452098161034
0.500293723296103	0.426386859273445
0.0522319645554983	0.0348543062838795
0.620794159249774	0.550993455296631
-0.324381835996389	0.15207194314283
-0.0672585646501452	0.0294988272209149
-0.0602369873376276	0.0397713866907837
0.140212750873762	0.0438266964952015
-0.31821147979297	0.147322697281167
-0.59190426661189	0.418517769367095
-0.418411755537771	0.241081103358475
-0.2712114711966	0.237510780667882
-0.962225953842474	0.585580162286054
-0.507552223843441	0.273526248634563
-0.165522389989977	0.0618897901609697
0.53692809739752	0.303760635639663
-0.565409992351585	0.341242985228603
-0.209962755917165	0.166290103077253
-0.478625022391002	0.321718202726807
-0.27680248070825	0.20649597159696
-0.0765954693424008	0.0495856118150507
0.162170603104874	0.113481563049633
-0.0763882358820696	0.0497930514959368
-0.0234286319972259	0.0115536164262831
-0.44667121858961	0.432129666247902
0.167916007519412	0.134621694106692
0.135967896116025	0.0521952574423513
-0.627615843131309	0.302856881048043
0.30248538611468	0.190671356264425
1.76179585095933	1.29823613320045
-0.799758556197181	0.454703926470428
-0.214135456430751	0.171717241819758
-0.936088591349933	0.673049290590659
-0.363774196903721	0.258376259106075
-0.517466944944005	0.402921317305642
-0.361855398621699	0.301411212715931
-0.811518076198476	0.82582914050285
-0.422580876432345	0.398050789204
-0.450184271279309	0.440835792990011
-0.598841615834684	0.802002649490673
-0.463793141200499	0.515569722421508
-0.930381178548142	1.25023749721669
-2.1299395528321	1.59012492766673
0.71613777639994	0.583367355697326
-0.318600502013179	0.148132483653131
0.147538627202425	0.0855360578306275
-0.306193623891669	0.21656081400162
-1.54429008235169	1.71941771524311
-0.723153771142078	0.634618539111106
-0.642037287056593	0.593211412447391
-0.505613288239756	0.438381280120703
0.0795196075486654	0.0615752304864074
-0.269863511071981	0.232002175741616
0.156617140216293	0.0979123251778994
-0.249264824532208	0.126044248352566
0.285748819286143	0.200979297087142
-0.812654113016798	0.537717789328292
-0.262138560881837	0.130754528593834
0.532465295665749	0.305109411349931
-0.594180663360681	0.451509194257772
-0.406198893101996	0.360493529541212
-0.320304688480605	0.233842434523305
-0.362236479928667	0.389768423012472
-0.500776113681448	0.432707858708651
-0.296204045943312	0.244511264629141
-0.278509978279389	0.240134288481145
-0.90577639965875	0.804306519025943
2.10411137013257	0.912605648541002
-0.0199644530470271	0.00970323757039861
-0.614295148602489	0.291242001080239
-0.659989479439734	0.392643645021142
-0.558515844413759	0.349713558380305
-0.347880903762642	0.209856333910989
-0.06614171753045	0.0420252357706625
0.00725139699530602	0.00394770181439766
-0.356293732225573	0.24913043252861
-0.741124338141123	0.769875884937921
-0.612069857856558	0.598292994713321
-0.105025163255819	0.0637999662478953
0.348948335776582	0.174164209532493
-0.035828548007506	0.0171560210178608
-0.109827249326234	0.0446471816700299
0.143757883292861	0.0699639138816074
-0.250442001137098	0.127590209412327
-1.50206832376341	0.779074857346418
-0.146288521421391	0.100486648587396
-0.391176433650632	0.416966753268215
-0.713616088509674	1.23157497451852
0.161818686888225	0.149979626479761
-0.735987209611107	0.747222948192785
0.637146333672103	0.454363500694263
-0.96161964235017	0.568793080859015
0.904853098733722	0.782861644440031
-0.612433298256833	0.287063554388668
-0.182660694313975	0.127973644991347
-0.368066921687913	0.308220644963754
0.371020318212224	0.313696038308633
-0.243284496573867	0.212747624401847
-0.0522946661679424	0.0350026526181722
-1.04640120529454	0.428382015905654
0.504122931483023	0.42544535779043
0.345163829469746	0.177412909243385
0.887063481010915	0.484067989510335
0.533156933830037	0.528015438437307
-0.105146590737978	0.0421575587938682
-0.768204652745647	1.05313658780218
-0.311826935699727	0.330564814024119
-0.317102755834352	0.346567786191285
-0.000967186957859958	0.000724656850395874
-0.054254958565337	0.0353063209495007
-0.413998941453922	0.408206065591507
-0.290701818203702	0.211627465516567
0.0121653204472673	0.00650577216291095
0.514379012952455	0.194507598080478
0.638630242860614	0.439277435682958
-0.249249651735031	0.122596234618866
-0.409064667848972	0.313994823534245
1.63176658474576	2.2370733608498
0.283848503170388	0.190778622506912
-0.167124098522207	0.0622904766722247
0.546780178515058	0.295032951893833
0.844244446873204	0.622860607181397
-1.3625600784838	1.34164113637523
0.599598298538031	0.451097414503341
-0.624015728443226	0.297737688570949
-1.36078094122418	1.6201313545787
-1.67283726521406	1.61318830679261
-1.89401825267899	2.69346962469706
-0.82220156379893	0.978897963548699
-0.591532422470562	0.740303613716525
-0.0504341052378393	0.0406346542448255
-0.276245992468465	0.212178935310665
-0.402612406557895	0.272086871069772
1.21566801316492	1.42848214636031
-0.469779866248714	0.314643024229233
-0.0653185199043431	0.0288463130397607
-0.322543900611813	0.151561167224315
-0.995995011570309	0.475111896503184
-0.751579951023047	0.263487470173425
-1.08353130625539	1.13607194245411
-0.601678971026667	0.423736934455772
-0.305689972625377	0.223976365673745
-0.0460046246965853	0.0220748320059608
-0.163161899903656	0.06169759680772
0.937952313686256	0.620371162108848
1.05510539675988	0.523195293978497
-1.35313761810712	1.06085390155857
-0.597625758628575	0.401338456185005
0.77402134264004	0.459923885130396
-0.558062471395036	0.352280090271432
0.493214958768704	0.31711183157013
0.156812171621387	0.0895526133592172
-1.14901345204581	1.49884775893453
-0.639194457882103	0.537053409304471
0.021017244037743	0.0117843676694119
-0.249255385144409	0.158898146528255
-0.547130328461144	0.206383992222033
-0.364710422394577	0.10867960623312
0.138256897045276	0.0489434757541236
-0.742214024546646	0.265076593943061
-0.0131103886921205	0.00672497476155157
-1.15861819828452	1.22930312470265
-0.0344592571287429	0.0163891183258782
0.0478561338078821	0.030210398585998
-0.362148423756916	0.249778709431882
1.01925597811256	0.409912776295729
-0.075779784552243	0.0329824266435902
-0.357941234694998	0.106741196549995
0.677701623567515	0.329441563666543
-0.0777455601510624	0.033013515770566
-0.163450720813566	0.0618388623357549
0.638581215687038	0.463230606240783
-0.413854689872361	0.233183487606168
-0.321611269368514	0.155016575716993
-0.917832969415301	0.774359505108523
-0.299011888079609	0.248922850089766
0.0845186597564866	0.0685368887185769
-0.583563695234285	0.783300564724698
-0.147027468162338	0.148909937623103
0.166635200798154	0.144910881298726
-0.148244694924731	0.120358928968073
0.0343704482546962	0.0213324749109452
0.137228514118183	0.0603223305487272
-0.910354829326829	0.719536890297414
-0.667536413658777	0.66066230723615
0.163183735975291	0.110332768626058
-1.01041348458702	0.868954430309809
-0.0748234706321934	0.0477190805144491
-1.53863106043718	0.534301128834276
-1.11127165467244	0.738020922972456
0.783799656833967	0.470901934571808
0.265613397880817	0.195118837595556
0.14514613918136	0.0827187062636869
0.150108693805459	0.091167516291622
-0.207858137291266	0.141356211795525
-0.413266738180922	0.337950829397653
-0.0164785369501695	0.013548846754547
0.333420112632943	0.29692005570183
-0.0442004708104769	0.0352839358324025
-0.315148084756338	0.36076307936535
0.108522129697522	0.100782038870482
-0.0637759422584984	0.0495475043938813
-0.269245538952666	0.235003278002955
-0.0346837099891435	0.0273947617823769
-0.25234214827813	0.235148656205809
-0.108997221101906	0.0906558551669075
0.000652106956689032	0.000540282272860029
-0.281298260400717	0.264836369985373
1.12377025802662	1.11820146058615
-0.04536503117852	0.0289425526809674
-0.349979043651279	0.24879907715241
0.15920808079225	0.105482648156076
-1.50953105276019	0.79645385897965
-0.149050182537474	0.106182119706169
-0.487670477530952	0.394923529259811
-0.728009585060673	0.687220236991116
-0.517334017201522	0.387552209197202
-0.0718123730044958	0.0448784469549912
-0.41447030973695	0.323725464073432
-0.238738819685746	0.150737095201933
1.02883735662001	1.05767704466639
0.148454214349303	0.0948104326439697
0.145133127931147	0.0594589604284811
0.165598595387732	0.109679112797185
-0.340101329094904	0.207790313115206
2.74224729593627	2.78106255200925
-0.0758180526487027	0.0338325483843283
-0.0193291016905761	0.00979888941403183
-0.285417662277055	0.236246121708484
-0.330182841354673	0.280340589325013
-0.543665414514395	0.561898312256355
0.0598063961667406	0.0410462271184314
0.15745914474678	0.0956346641340118
0.047581259170936	0.0308809447121499
0.480314648914383	0.419102739662049
0.38884780652846	0.389178998888432
-0.200854052726163	0.148776004792051
-0.769978749832575	0.964416703437444
-0.00958954879722545	0.00677659551557417
-0.72126667684136	0.99335899777909
-0.150846357736286	0.134201964000312
-1.27301317556991	1.19360594747539
-0.537218974210041	0.512072580974904
-0.921369220044819	0.780391551162384
-0.0745534941426294	0.0328977620885366
-0.784166996221629	0.3427928339224
-0.124358730236107	0.0723198707462571
-0.358875816549774	0.248278508258758
-0.229707073150042	0.203533740146512
-0.0192200636700811	0.0130609438156332
-0.294755577477008	0.276310255944457
-0.4159327607871	0.288747440501949
-1.20730908338709	1.28364397431222
-0.809376919040333	0.733703605760428
0.165655236045825	0.134865911655258
0.157734441424847	0.104246414403726
-0.28408876507899	0.266421729040618
0.0689819773798983	0.0512756003158407
-0.0771360786178008	0.0490435775160558
0.031471686883354	0.0186655771624453
0.142633670744428	0.0715851032774858
-0.625834698956903	0.506198746519692
0.152437877315053	0.108252792003653
0.709255039764264	0.871023689725933
-0.357307919811375	0.354159314389436
-0.0235783758611975	0.0195628071872839
-0.11206779511065	0.0945206627889304
0.243723697089823	0.225379007895156
-0.703483099222706	0.682960419171633
-0.17888127462558	0.137282996087907
0.33689288205918	0.383008259745592
-0.119172680133223	0.0890265622872595
-0.55409995295115	0.537745404871389
-0.223847265599163	0.194245556835102
-0.69753811076035	0.821040460195302
-0.270685871394692	0.231697350049902
0.641288303452383	0.721160962310119
-0.0153440879822305	0.0109519328574814
-1.24056764056422	1.48406283913119
-0.967955734833712	0.587059014910198
0.382351713233566	0.178124790051543
-0.551753898937521	0.348801650280747
-0.16245450704869	0.0609199103035257
-0.251759401031885	0.128678608025568
0.132793947921269	0.052747475034437
-0.652826543790757	0.586697501646491
0.372403628873402	0.303332757151467
-1.00122675760942	0.98190867055831
1.2054768699636	1.53838028434161
-0.0148320772624103	0.0075113131746327
0.160054059779575	0.111282973966806
-0.521763290197494	0.397769726025915
1.07582190392504	1.23397484894154
0.157914768335865	0.0963742231607619
-0.113843416495897	0.066182550505523
-0.470551486034953	0.361372887419024
-0.810043322837818	0.76799656386116
-0.256933766682256	0.123926088526757
-0.210367723190957	0.141988513928194
0.324815231038239	0.184937905655495
0.59506688702608	0.440053204441225
-0.0439701729497155	0.0281224521081301
0.698808154005482	0.783047306449995
-0.0260282165052717	0.0180395366325992
0.428635056657647	0.404745305359008
0.163473492017697	0.128469695521071
-0.216653833573718	0.203093243618078
0.281834250683124	0.188471254455171
-0.0122580706233899	0.00989003296788013
0.457924033711954	0.530613715335599
-0.575641725443673	0.519580887623625
-0.00154024344757261	0.00102561853775198
0.981871285239232	1.44126989851651
-0.194767537066821	0.170601102668544
-0.878716013333162	1.11127615816183
0.0963630095576821	0.084768662126685
-0.266007185760311	0.229562369171684
-1.10494686231036	1.60578944265496
-0.709298747898544	0.90119475429259
-0.516748387960842	0.391692291289089
0.594790738562663	0.429612009868467
0.532155909412055	0.313947113658871
-0.0151602792166338	0.00757284275532418
0.260740752669242	0.205823114554383
-0.0351578550783833	0.0237874286073225
0.607382566171608	0.632958754942342
-0.116801351450013	0.0990975354980509
-0.820232140062287	0.980322560254532
-0.042581936580812	0.0272012998740276
-0.0967843614374709	0.0598270542619939
-0.187433382994968	0.150159711290123
-0.123393711665717	0.0739681727416032
-0.197387021635353	0.160136766150785
-0.376312820649342	0.347511957607391
-1.10024260175559	0.705244870109426
-0.0606122574486389	0.0394305304876019
-0.326907852966353	0.27888949912088
1.02590584465407	1.04257597577101
-0.241881521580466	0.160225334602609
0.558603435230213	0.45287807049341
0.971959405311982	1.06659667154693
1.29218483093808	1.57803126335998
-0.00453588126729829	0.00382073157441504
-0.753120759143399	0.932382023775383
0.104204854225899	0.0895244814869342
-0.26258349559703	0.267950809762804
-0.1326358550217	0.0985917180083168
-0.0283934487313783	0.0219710311641848
-0.261431383357133	0.246867353372265
0.0999744793162523	0.0868679856354896
0.0242215436247572	0.013906407620162
-0.0714835910082904	0.0452926740239874
-0.330529327365904	0.274897750634301
-0.663114153654732	0.653185394277169
1.2235270155005	1.30910103668667
-0.224907140836985	0.176706613099834
-0.58782440115535	0.552716264475344
-0.261167748194526	0.130429957046138
-0.0301389725817278	0.0140656701190311
0.350553624247295	0.181129869893444
-1.5085271959653	0.82341716190178
-0.11018615997678	0.0444538404996333
-0.407356409147146	0.176542053810408
0.0677239258277835	0.0475632801180039
0.0770273499110123	0.0530440075326742
0.595364176584147	0.455658513366782
0.387397237986736	0.302385675800127
-0.365095510595562	0.257594143914158
0.15286673335	0.0983083635232875
-0.0643456443239345	0.0414596863127422
-0.159525667147196	0.0605133567791143
0.146913641149566	0.0748333330023169
-0.411769672203075	0.228060234050295
-0.81343878933363	0.521852841639563
-0.0146936222016558	0.00740732861058363
0.140387891884094	0.0591620337771362
0.150011863723399	0.0913210517943143
-0.478453915842045	0.325330536984642
0.146754806976376	0.0933107114744583
-0.666942464655375	0.653083178033524
0.64161012295123	0.638878458558871
-1.44756975488457	1.67430435334838
0.0699712541378291	0.0519076341496318
-1.44622099129858	1.35189585144986
0.0550827522452969	0.0341999989659206
-0.245619827263184	0.188785073183071
-0.503296971033847	0.558779971129282
-0.0707773750382736	0.0558148598674243
-0.408049340876263	0.347422415233309
-0.181521783355802	0.15970440787218
-0.306314057015262	0.309771810501708
0.237481454591471	0.201764573939554
-0.993526982174648	1.22261903347453
-0.27298766426797	0.211563168545422
0.0135608607560345	0.00967989461959783
0.778954626992845	0.435661391268015
-0.41542219732039	0.235214666210835
1.25646225708653	0.686356485498824
1.76270475663558	0.989369800883928
0.136096718959155	0.060836657955062
-0.106578903672705	0.0427887113854481
-0.155180671220678	0.128819643599616
0.0719596437971331	0.0523271058833246
-0.161383370786857	0.145090645214541
0.268880206562182	0.210489406346648
-0.532116916102912	0.510144895053574
0.979927520989622	1.16388901487332
0.428169957518274	0.403408148141463
-0.950948581607978	1.13972333346137
-0.230264604303159	0.177316509289013
-0.219214163129306	0.176109326321605
-0.522148937860934	0.638727418306359
-0.621797088871531	0.313923862316173
0.270587152056348	0.188346199988347
0.314162628021454	0.189867311397337
0.0401434363470918	0.0243165916087365
-0.100585150498882	0.0622906775948597
0.460463312827612	0.412203092785973
0.77517009321458	0.742078560344735
0.158809055413442	0.108445219572258
1.9714867942327	3.01182310173116
-0.245574987630379	0.186135638939963
-0.380736182068068	0.364034135986059
-0.608131722342662	0.721390300517033
0.902393958823699	1.19005891700545
-0.599607334441723	0.599128829577808
-0.0746199867692253	0.056987298043756
0.386636385414668	0.374545630999028
-0.138722490079528	0.117438652212865
-0.340995706487233	0.312091413625252
-1.01782648765852	1.2462420651753
-0.15187072276907	0.122161986988231
-0.482444675629815	0.463269236870498
-0.192793659098316	0.146728935545511
-0.25054168344711	0.128370130086931
-0.244394933527266	0.206394789698155
-0.494897257158356	0.435386272743139
-0.701117331099469	0.84777330234399
0.0394680980508477	0.0252197060679685
-0.204271091871853	0.111765757284362
-0.297978290242643	0.208122868467339
-0.0311150408518437	0.0144528280100072
-0.164458641647698	0.0912902366063074
-0.111803499597514	0.0459039320051078
-0.506291515575952	0.271292827471863
0.291240536005308	0.181007158059917
-0.256243613474496	0.124544474276015
-0.417487193976386	0.406339871500666
0.529765809794524	0.431924971664178
-0.964420483860825	1.09062103814977
-0.150454599416349	0.109251729976366
1.00199978717748	1.23909878987671
0.130537083558105	0.0598490936025202
-0.280612371864279	0.225726985913951
-0.473846293844362	0.309244285583317
-0.787287454494847	0.340707575155064
-0.339961665176479	0.206386148617952
0.0136867988755541	0.00729460046244174
-0.120024007244484	0.0713108148060761
0.556748710916147	0.426178570057246
-0.0579721078815121	0.0450275767657335
-0.0363191470354433	0.024908177926094
-0.971018759091352	1.07026726390347
0.597284437895623	0.549033214988109
0.763377763592246	0.85778652564948
-0.478747556947089	0.489928432140518
0.145519488501556	0.11328725803039
0.0030538359957018	0.00241815658316081
-0.554994431290437	0.538801246409772
-0.624781567702214	0.660791373707183
-0.296498092609253	0.253298200481888
0.018642593089949	0.0140516080597719
0.287198730976634	0.292324546529073
0.762835295658837	0.800050170360357
-1.20156219109896	1.2699088122932
-0.215042615100288	0.173017279874296
0.163135900339513	0.141407259930028
0.0935891554659882	0.0752809545303107
0.0630365893560919	0.0423203069788189
-0.377818620404572	0.347811390942639
-0.232867313716886	0.0776541147121743
-0.497707366573572	0.266411119782148
0.983518962774294	0.802046909923149
-0.331124566864015	0.280582756023851
-0.893509101735453	0.910700408075271
-1.02631106193695	1.54099148512587
0.152330762383591	0.11308718187455
-0.105370621960673	0.0652462669500378
0.592060454243495	0.61793293327287
0.515385689353856	0.503986795876628
-0.14860210753972	0.104915437807789
-0.700006256920529	0.560920698713573
-0.21587452084603	0.185730042566468
-0.407854919835094	0.277042788700577
-0.40155036080613	0.26979276368494
-0.543059060231839	0.217923143403964
-0.704353014281971	0.548014233502328
-0.1245762212089	0.0723813295614907
0.011709825280995	0.00795129905156945
0.135279084378769	0.0655524534802293
-0.344251755232683	0.208353067049165
-0.33809861273811	0.196435335080878
-0.144465844706788	0.11890697447452
0.492649853820492	0.312515339963451
-0.206675142532851	0.14111920322548
-0.746676011254122	0.784420360761188
-0.201390259287188	0.15673894680402
-0.711136605845827	0.620756879345636
-0.404014712247493	0.352244083890787
-0.0223493638454899	0.0183647500919637
-0.216518284811738	0.191035902149609
-0.202160758649887	0.136471918914491
-0.073581336695183	0.0336062763419565
-1.2596954009578	1.69216473120113
-1.10842163467365	0.76817921303729
-0.50055056658105	0.554841484058035
-0.56128550786108	0.560804809563111
-0.368355469182613	0.306872542831302
0.518490572931865	0.510054313029123
0.0654671746854264	0.0440919525295025
0.630321620417528	0.707339022077613
0.728776319951438	0.714405627050775
-0.55417696963425	0.457181624362617
-0.4626598420463	0.368142661951681
-0.480958597592104	0.458537312420146
-0.100201221314908	0.0602255224414592
-0.799914235297722	0.504582633816457
0.767569331038282	0.55365423608445
-0.261216629833543	0.191149023726643
1.13898990876879	1.46882982466715
-0.914025621067485	0.834272560360538
-0.582592842885971	0.521703327762206
0.149581708224272	0.0925502849967992
-0.445552932766032	0.468630852032831
0.161306993750466	0.116128790650195
0.34555160005923	0.290629569010588
-0.124615614080026	0.0904503099874218
0.16429302405434	0.119199322822035
-0.998709667947289	0.976584523711295
-0.454201825606265	0.438226504009361
-0.562040078855668	0.483792269489595
-0.0751385444842564	0.0478021453864532
-1.53188781251174	1.67009068788176
0.159076768708219	0.10359495806962
0.665624193565024	0.587082876423796
-0.0420806005581274	0.0282690371839162
-0.148877513074124	0.108564419923572
-0.243453997823312	0.213559104427786
-0.0456508684372217	0.0367587314484322
-0.196380285319318	0.106282879116504
-0.807648699687571	0.898805015919001
-0.12837608807527	0.0947781270326041
-0.815424408215245	0.60848653920346
-0.0782792570432297	0.0613254402344655
-0.0166018037538854	0.0082327208543944
-0.567380055879294	0.460865034415499
0.965501847658594	1.01410273356628
-0.718095759694096	0.649854314603231
-0.655321309163795	0.583524041977021
0.577215395414962	0.542723885143655
-1.11738271417194	1.10269517586793
0.0211099110392105	0.0124716525160038
0.0290028055613889	0.0178097800202645
-1.11535576665425	0.73909092076831
-0.476906237966205	0.324087314481902
-0.136503886941812	0.0760459550253019
-0.41057277355518	0.366243502167183
0.556685035207789	0.453682720451677
0.72733150839925	0.698633585017349
0.456385586753156	0.416383000937318
0.277089737613089	0.197022227526703
-0.153708330566859	0.111750847465931
-0.34522721235543	0.215117524497672
-0.195867133744934	0.127592500999398
-0.622459550339232	0.529920020896239
0.160192308569208	0.0939352720390864
0.440919775007932	0.312527940564693
0.70328544106399	1.01891371016283
0.0641520253532858	0.0451512878629134
-0.0936568058486461	0.0579177191390795
0.524609747054673	0.437667118619198
-1.26761857836873	1.13125903194027
-0.40657273518575	0.332467958172445
-0.455326621946445	0.365362476770995
0.157648634099181	0.115864275687615
-0.640776848337989	0.593939763850073
-0.213885147451348	0.138919567212473
0.599161098449509	0.445200553042285
-0.356955457100538	0.261811033282761
-0.41586321567869	0.234976555231152
-0.247510292224738	0.163638297127041
0.255124059225908	0.213547244733649
-0.888027513018233	0.983989598810704
-0.0739063888654865	0.0583640176121256
1.44725947326938	2.02238445091315
-0.110609313623255	0.0830740981647008
-0.611216253286103	0.620739406445087
-0.244146563008394	0.192542849191044
-0.0799450307748309	0.0682440283241099
0.0159806144325026	0.00831765366835728
-0.209822920205238	0.14033175154632
-0.441395886759589	0.381171705514008
1.20748150763272	1.5909536681863
0.425246507610456	0.297044688965608
-0.0404880482800237	0.0190695327407392
-0.583547255340163	0.400621748743007
0.14921843470635	0.0854418704550831
0.554346936235395	0.44288483482207
0.289923840586784	0.197510496960775
-0.0152043208376179	0.00752758544960257
0.445669031860568	0.39929372126471
0.781815438820729	0.710486527348516
1.62793451453282	2.27379810067669
0.643716369391301	0.448652871636083
0.047394040128435	0.0300563346619042
0.728581644111092	0.574990483004742
-0.481667356795686	0.463996214039123
-0.373370134373684	0.341309564878162
-0.0913716895389124	0.0732191861793914
-0.934700998692861	1.28444361251061
0.156513002091672	0.0974239720856171
-0.745499124555897	0.788149302972629
-0.417406022636432	0.328091559336848
-0.415318801109601	0.287125519797712
-0.934630492814412	0.69983898092563
-0.648759040549785	0.586539506206766
0.327198546497718	0.304858339421758
-0.113000379004412	0.0843359082566171
0.256510450094235	0.22184130308578
-0.152348022537393	0.086214838817342
0.643381621455515	0.440424613742278
1.32603233705813	1.37702266335217
-0.621657556736352	0.661444532276947
-0.0142984425659962	0.00978027847890817
-0.61429711097875	0.482947820686191
-0.517466944944005	0.402921317305642
-0.202077312862005	0.196278095620304
0.0913972361436278	0.0757742445516208
0.382839036464951	0.377067308762033
-0.506546271169594	0.557815017584039
0.0796849025832143	0.0633232315239564
0.334427195611959	0.272562949597206
-0.0948462036352514	0.0796409864005987
-0.616299830345837	0.651085215382621
-0.68765734402751	0.935804787366727
-0.495614919705889	0.436161320568185
-0.754696195585262	0.906304666058744
0.167280317952377	0.141340829423384
-0.409300881065892	0.288950620341178
0.143186821468044	0.0798303375273768
-0.127069318413103	0.0758010838999208
-0.779635563806562	0.358041820883046
0.151083553955274	0.0917800717845337
1.1235101194801	1.11658388378112
-0.551181064989453	0.344892733452232
-0.526410495793876	0.392975500499784
0.507899954322474	0.499562982581517
-0.0950723348498169	0.0586276624122769
0.0588988687396049	0.0401680547328019
-0.0566916994658914	0.0376068227004386
-0.114855760267582	0.0856196915301557
-0.487497586616471	0.413478894171338
0.0136174952152078	0.00788841847274368
0.327685146177137	0.305876687551955
0.15736594473437	0.0895584066738406
-0.615960585657353	0.584538922943971
-0.817503688556459	0.811194910783714
-0.454857774432071	0.363245297011658
0.144950833171493	0.0752465338951004
0.150819789891985	0.0983618214296259
0.0481615902910049	0.0325149601874806
-0.801847322166512	0.807618915101446
-0.997780785988539	1.32495233041556
0.085471606465747	0.0682200407416268
-0.0139537188009427	0.00979058065841536
-0.334073835648942	0.356496607825685
-0.230205861636259	0.172028005841567
-1.20427837561665	1.2241269095879
-0.299398564377879	0.262162751711201
-0.268893748402957	0.22436252316524
-0.371533770953212	0.300645110893548
-0.208126542689724	0.179562498557009
-0.201535386721243	0.162613602958996
0.735475561857885	0.772008321032844
-0.444781702057046	0.45258727387504
-0.877339593976912	1.00000684944494
-1.01283103289929	1.32501875239352
0.0721571530583787	0.0529216132224335
-0.132585829594265	0.0978603277707724
-0.522286589808538	0.398545002629279
-0.294818354199601	0.186072227465329
0.49596571382583	0.311571585422331
-0.780235362022569	0.347909767570684
-1.34697042859212	0.86400752798673
-1.18567831496742	0.681553964294588
-0.557504615847185	0.367797403005286
-0.0148031078535709	0.00734968348625485
-0.693499838599486	0.7574419749563
0.335094969299331	0.300548216359668
0.0809180097505607	0.0571140928901045
-0.0843880387973413	0.0633231312859301
-0.7040567239395	0.542241902857782
0.667095030257959	0.59159262442337
0.528870257640392	0.437059732980326
0.0399430226394639	0.0257297994916374
0.00672690413921601	0.00354473119694021
0.152560388316202	0.102396775698479
-0.106085384127935	0.0417654043947954
0.132793947921269	0.052747475034437
0.141792082339344	0.0747063860257429
-1.2405757121896	0.939480213906421
-0.0124570800837079	0.00617701291816184
-0.0171075207692433	0.00833578663686848
1.39192410705752	1.60553935503914
-0.548358355620125	0.443100167832861
-0.453193784228124	0.438350011587014
-0.731788198515415	0.697640153583607
0.0245733759974757	0.019383180111612
-0.0338273535703158	0.0275366374800635
-0.253810960483025	0.228578912522618
-0.810383679455756	0.96900439256449
-0.267612870534979	0.231761715651843
0.482992082072987	0.51066999006061
0.0598063961667406	0.0410462271184314
0.73084402441759	0.886911104772171
-1.15299597257149	1.70385610996166
-0.192647608608243	0.181507216219434
-0.0103070274179108	0.00730020672286763
-0.555326012748689	0.481505036946714
-0.505091457660938	0.501185686575553
-1.77700006638583	2.11310961509764
1.03085075992751	1.06974664121832
-0.121750641652145	0.0471989053586034
0.594996690892232	0.435704674786146
0.428111516878465	0.175221939777085
1.23149531305684	0.858828726660974
0.641856289706646	0.451857899768788
0.293137391033374	0.187015887930549
-0.0442541519427031	0.0294941775077866
-0.210329225699645	0.14172248134601
-0.0159279419263735	0.0109221895285135
-0.25115044200684	0.128869327927285
-0.559197312962104	0.470316411137827
0.429465225866639	0.406526749523448
0.0566657317774227	0.0367704554980833
-0.27131729443051	0.236688254630391
0.599487460464624	0.567900968383633
0.162944880004072	0.107227570526432
-0.638954644635542	0.163590857835517
-0.125741719302319	0.0760748990191333
-0.684068637539419	0.482554880546102
0.431078972842464	0.305032009498845
-0.725685975800304	0.714321563122471
-0.433755306924125	0.427672810713303
1.28307516145878	1.53867204306869
-0.322176679094693	0.237598660550418
0.808021678783558	0.944304493001165
-0.414632944176764	0.33252541137892
-0.345892982322271	0.344404819268901
-0.506506630036484	0.515060003124775
0.159919376410572	0.115568932751655
0.093079236057001	0.0768780182656416
-0.363178735748298	0.286364227137907
-0.436112236907567	0.484226258040633
0.59391743807526	0.642587586613761
0.317193356434493	0.30286113230413
-0.295367886941774	0.27716638405595
0.00484251391476331	0.00359302044319607
-0.324494734007264	0.272539528813738
0.151391279823242	0.0972265664223496
-0.356653202677181	0.254153118725394
-0.110308586956322	0.0449411156189201
0.135476444646195	0.069545511202276
-0.291007035236778	0.187337080027454
-0.129158062288353	0.0937236033328163
0.15545320677488	0.129324435024784
0.509029873230724	0.512647446637586
-0.453446052883794	0.399596000187514
-0.891722631866798	0.979116639610616
-0.0727213284205809	0.047411598073865
0.698775147744412	0.910277479308658
0.0572498371836679	0.0396968894926919
0.164403916235489	0.122619657385301
-0.0240541886815684	0.0158691716101971
-0.40787653013131	0.391220172927788
0.614448452376471	0.640182756254883
-0.264927681890443	0.198604327568472
-1.17494632801765	0.893310429737681
-0.812266418244783	0.872507647614748
-1.34697042859212	0.86400752798673
0.154849520712664	0.0884147909926487
0.0626089857084507	0.0417953400045774
-0.313666156789256	0.229617916208488
0.165001451711988	0.14285399870745
-0.141735278385252	0.0995111519952392
-0.442856019541479	0.436889073346448
-0.146325360136424	0.121071630148836
-0.660519170509778	0.662254138895533
0.526274476395873	0.423820823964867
-0.17772631840332	0.119615078010427
0.252191584710419	0.202680122861194
-0.258404705771909	0.241236854804095
-0.301872054584174	0.2187707567902
-0.408517031768176	0.17998006554347
-0.353076562546599	0.251556394065107
0.14105388967309	0.0736680694476872
-0.498027745378502	0.263268965595129
-1.11501192009647	0.767084382818898
-1.16677842099357	1.02596963746673
0.309780768187164	0.185534847245313
-0.253074255063526	0.160953025564148
0.147506497504638	0.070526807308277
0.162409130987424	0.115400155781422
-0.664828595969255	0.664095498493156
0.222754125390385	0.244104885228743
-0.694994348749287	1.04088416387822
0.0292613239619626	0.023577186738034
-0.374404012935363	0.346406764043659
-0.20308319064329	0.136004570124089
0.345311882968241	0.300906413632765
-0.0321851323371172	0.0212203971922928
-0.719332672293907	0.637157146076857
0.0622746845786338	0.0417001056766628
-0.131893463607994	0.0973108975896453
-0.185783197796323	0.165446666158407
-0.301426531681305	0.274775326579032
-0.292764918024145	0.18573926205295
0.687396761653125	0.670146585079935
0.349247810408948	0.307218218530182
0.231607557618756	0.21269920215407
-0.273211724188741	0.274646242914979
0.564629678637724	0.589829245929709
-0.104848401132586	0.0904260785157251
0.0593148253870233	0.0550190637438481
0.0669294783285552	0.0630772208478902
-1.21318636544386	1.76438553837226
0.619503311146567	0.650861718264601
0.121716383336564	0.125436849538806
-0.239060103212406	0.209770206411443
-0.11240501794598	0.0460781936508248
-1.00634302050187	0.483743121572495
0.310969490254681	0.187363279455763
0.135845493021168	0.0522503716167334
-1.17435831672122	0.662808892774176
0.156380490993037	0.0885938437113726
-1.05045461324515	0.432727027587394
-0.657650034446953	0.645343980194384
1.23148961615825	1.16144350616143
0.415177867238499	0.319447163478448
-0.177667342590278	0.120386788563556
0.496916352550271	0.42662046606402
0.0729975723318048	0.0528059172066645
0.414273224016198	0.305542736090629
0.379390987220435	0.301842527026682
0.0675404384819752	0.0496574115170613
1.05442711650479	1.24278740046604
0.340322546070638	0.312116871940507
0.262544663595591	0.206005159947343
0.0244994895472918	0.0141036471177311
-0.811971040600572	0.825176630376911
-0.113299706008375	0.0847324505256728
0.061034708998046	0.0423923518859161
0.159618977085471	0.122876718121479
-0.146169525494108	0.0793462433889925
0.552830728146455	0.41533415918262
-0.357876008762492	0.262728084882875
-0.555255571753304	0.479500469287629
1.42928426256283	1.99411218442823
-0.812192799104072	0.879659886315046
0.410273640464623	0.393734993290568
0.33832253994476	0.286549557289869
0.37584124815238	0.305446021127055
-0.248595347547565	0.217174514811471
-0.176684326869401	0.144512190781778
0.0184159512284636	0.010802951640525
-0.367141554164445	0.257842167035359
-0.117186132285056	0.0697088815211545
0.869941356962144	0.867345426650016
0.55672729745954	0.438677368369154
0.824225467020248	0.835536731325466
0.557644009423091	0.454590885375308
-0.212295518400411	0.146666422821253
-0.805181718563199	0.618921375973967
-0.235760101609709	0.180586487988238
-0.0542451271908253	0.0426244497811729
-0.549742403920682	0.535839352105354
0.629585483657804	0.723980797830147
-0.912815391100432	0.754437412651488
0.252720249177227	0.216737204896532
0.0763255766384878	0.0591931006514118
-0.553451256263065	0.451637795121295
0.898875536921763	1.17337921263608
1.15473326969819	2.11036573481022
0.166372730694314	0.123991113687195
0.00229716559856592	0.00150904387882862
-0.599525832434016	0.599605773686113
-0.146116166159152	0.10456216888742
-1.05686991704674	0.808126289808772
0.171780009977302	0.125287442178592
-0.128558119499478	0.093510840810236
0.120253887678372	0.112760479104546
-0.0211788151771242	0.0143711034258294
0.0638746831860671	0.044637198525456
-1.03034499405932	1.27694826602175
0.673487652155801	0.575789925998196
0.371170780419036	0.304398104609596
0.483252180145972	0.49932169346347
0.50344775416487	0.432458201933944
-0.329015724210574	0.274613406500945
-0.584682841492833	0.611334874363795
-0.698163960917263	0.54467105978134
-0.620370007753803	0.664161007600397
-0.70931117145291	0.564798939866929
-0.131952319384957	0.0967366843194425
0.0562707230673472	0.037134474001958
-0.0064374678821562	0.00453966972197523
-0.466621240657784	0.359611470721703
-0.000384995577164905	0.000328962382852498
-0.152644746992007	0.0859552899060783
-0.40576878046467	0.455377751864487
0.464055290187479	0.498068508392108
1.08737701402313	1.62434801206186
-0.210801595967674	0.167320296242419
0.161560610511871	0.123568431180678
0.104555908449829	0.0922256494954437
0.160545424788672	0.128592010865438
-0.167647578141252	0.138160882379527
0.14491883811647	0.0858229897192728
1.08868914932711	1.65748213660127
0.244775490717887	0.216379086107641
-0.604112992698101	0.616349147547338
0.409756384230487	0.38297951485069
-0.24373150846462	0.206169302794537
-0.205184240702816	0.159341121035218
-0.127069318413103	0.0758010838999208
-0.567465345872279	0.574649420838911
-0.644191792894961	0.740333154823765
-0.543872385448417	0.445899467583662
-0.805090421472943	0.92790283505473
-0.667536935733729	0.400059733086912
0.86221631512156	0.967980270857943
0.0817938369085534	0.0630448255697669
-0.206643431103101	0.137063260604536
-0.11090417647511	0.044846570540479
-0.408835241864536	0.277709104918406
-0.646582383392682	0.60205493136827
-0.211723302567293	0.143610881308648
-0.999185238751906	0.98806862270171
0.166656635143777	0.130162060237194
-0.0205858144075231	0.0138512339263507
-1.07739397229781	1.4512230859375
0.16076832215411	0.130392910891906
0.164605000859012	0.128824441946663
-0.376390876310731	0.383193632017815
-0.552891359978216	0.478272490680053
-0.637489106853657	0.563251791913545
0.665472887565323	0.574974253140205
-0.0520243481747895	0.0338754701634984
-0.940136654491792	1.21099088030533
0.155251552437145	0.0958411667928994
0.516044447937928	0.415643385982319
-0.292531438240634	0.18972536453908
1.30629892026185	1.54123225220419
0.908338192338039	1.03173314456816
-0.622609495728466	0.493280410185922
-0.409133855864891	0.370522622320876
-0.290648199781077	0.174609171506705
-0.112341283846015	0.0668503995911078
-0.312933708029173	0.14352978750966
0.141301354602922	0.0439626882643758
-0.791253738705768	0.351270709060398
-0.995368926255743	0.520787378781233
-0.458444907795398	0.343902203910329
-0.321918424319911	0.266322355284057
-1.26790089176789	1.16363930067279
-0.414339707805048	0.18192865215988
-0.24495966020207	0.162059416044421
-0.903845593521457	0.856038966295973
0.00948465007638385	0.00699840293406207
0.431147066829512	0.17640790651443
-2.09125689151582	0.988117202473143
-0.19422549688586	0.104000945346189
-2.48299966230425	1.41829650207559
-0.666160998916305	0.398871558254308
-0.720295338962461	0.660193283677318
-0.0184097838494085	0.00917277773135427
-0.131911415797835	0.0776466439739539
1.8943214319372	1.42330884619362
-0.440514906322566	0.378725369248441
-0.288570544352104	0.176581989291696
-0.157271006597294	0.0875095492513465
0.292696691187074	0.199162152202754
-0.498900537814765	0.434435918887929
-0.428695465071967	0.449851128649154
0.72468446187416	0.717128290687469
0.441565696045443	0.409579645413602
0.00583296373748034	0.00398626184674883
0.83360519395045	1.04442927316128
0.851387823064636	0.92695401919635
-0.886567400512282	1.13429246771979
0.0570213522946353	0.0390112724224613
0.718823264518397	0.75115653137933
0.0574592441983458	0.0365356925400299
-0.135401128535419	0.0968974503682113
1.06389049749081	1.31984617328759
-0.970799999622157	1.06711556321315
-0.0933261914552516	0.0575586961819591
-0.605764955296956	0.592616212233132
-0.597020100466287	0.441444944823807
-0.244823260406368	0.0770155635284703
0.889190634370751	0.502652391946844
1.80641350202004	0.73230153821388
-0.245886132949616	0.0778840029991165
-0.31393902866901	0.234903786022636
0.168478272889711	0.144326719010801
-0.602090668943293	0.607714790577341
-0.407709465957555	0.286600211037423
-0.253327985750485	0.126841999060808
-0.508604062383424	0.427114118793884
-0.0130226715001813	0.00649689428809413
-0.00076606079682211	0.000255384112071508
0.331255482209876	0.180838143597935
2.89582446360611	1.97903558595254
0.2748577916691	0.199114940583652
-0.128264787905089	0.0729920857344018
0.439849054166962	0.31248023163349
-0.126191647168695	0.0761220646564457
0.455873650831602	0.424283961948469
0.478378819179352	0.50522692714383
1.13370369474545	1.61059672119976
-0.0441898618222	0.0300822879489852
0.593801820491242	0.523137695665835
-0.29345862494181	0.17448634629407
-0.0875827907770389	0.0665858265269508
-2.13538800216758	2.33085964271766
-0.0308874556480738	0.0252909910232526
-0.0209961046877757	0.016965266332483
-0.0330927256653454	0.022383985949502
0.519627815971914	0.534676401513438
-0.53993089779674	0.567306977930193
1.19479542617952	1.85379430449906
-0.247944223201854	0.21815362985375
0.438309448805438	0.465972397635668
-0.202025693911429	0.19449239281602
-0.0461852944809953	0.0363763868066273
-0.986350054019825	1.31034743981494
-0.585757688409957	0.534012357409965
-0.047128333704583	0.030380559634772
-0.201801110560239	0.186894247806236
-0.151382834242244	0.110270884022942
0.533734528608086	0.308125353670297
-0.159367973738632	0.0881920203323303
0.14436465891382	0.0783930864404833
-0.205278308599866	0.111960257462692
-0.5543476445574	0.355406873310376
-0.803912964091561	0.628514848351029
0.0497107922535274	0.032962956877691
0.158680948594205	0.124138651489034
-0.505613288239756	0.438381280120703
-1.04288279439239	1.17174134728541
-1.02519339575785	0.924048060760864
0.313510935240121	0.297102424836159
-0.186660306323902	0.148460829900209
0.368963770713884	0.299168473012314
-0.783951080334694	0.348188553296096
-0.707013392577356	0.584219371020788
0.0704575611870667	0.0524036184501059
-0.15481666987155	0.109932044066246
-0.214139124957569	0.169573808700447
1.52431869711759	1.21732188328124
0.0465776215200729	0.0288857773895432
1.12837762305347	1.22007954119597
-0.205521874322441	0.160959519335654
0.163366497257929	0.13139148282793
-0.279430839627497	0.2348770865602
0.809458511507643	0.81086135202647
0.563068611803432	0.447367677790844
0.477647894043336	0.429268570794443
-0.117368633742251	0.0828620175780118
-0.166705125983156	0.135666295123457
-0.945610514527177	1.11180699033481
0.600684271672848	0.726140856643378
-0.512872116524292	0.523455498613586
-0.249187913045142	0.196101230105452
0.374098751411335	0.307313272515738
0.241725029839461	0.207359839317972
-0.444777647186937	0.378175692597977
0.097716683583595	0.0848021005837694
-0.477710032124737	0.452338948902262
-0.0164473979800495	0.0116172603899657
-0.10154781468624	0.0629166297579831
-0.211194689494392	0.143407326026988
-0.108432909528545	0.043612012781615
0.141966548151945	0.0544361246914562
-0.409252993453204	0.180047073526078
0.432491828631967	0.175150636897095
0.00734619160214945	0.00397873755955327
-0.255927085123351	0.125497418034307
-0.10594029736816	0.065538146938807
-0.13159014444952	0.0970189564754884
0.168165473555036	0.122105530289374
-0.180758328707204	0.124812565571618
-0.188880319773499	0.152603425224902
-0.349154289465838	0.244431198696024
-0.620556132654508	0.517891594361928
0.705347643617316	0.434269247403206
-0.0364205147598571	0.0175428276500854
-0.293614160570753	0.188900947878961
-0.410184277721227	0.23555953254529
0.135079987669266	0.0477904423303552
-0.712346503647548	0.623446550631386
-0.686632931769593	0.499784152746608
-0.809191955094601	0.69855160171854
-0.160344746687017	0.0919752080356533
0.778236975018983	0.59133488340964
0.68596041134498	0.701835521292325
-0.683145962552346	0.716189395414302
-0.177573339512672	0.119245314347104
0.0642557161044626	0.0457738059916088
0.160387038100405	0.115347900973439
-0.123290420500445	0.0715733997565165
-0.262138560881837	0.130754528593834
-0.309514403611007	0.223350387699158
-0.482297228152893	0.320829106322556
-0.312262076783567	0.225687378098195
-0.282366262514653	0.176907593681145
-0.369222148358331	0.333986195149555
0.0817031789521783	0.0605908661965793
0.0507336561941819	0.0333214981154481
-0.135824503736502	0.115112013187119
-0.0929023828681639	0.0707408146402967
-0.294055764749035	0.189646385060456
0.426106971769543	0.305487811651556
-0.0603569011893336	0.047249747092956
-0.448567446902415	0.43590034512015
-0.336952066097595	0.3047882062712
-0.516460623642401	0.521158541514321
-0.0301288460058335	0.0209709411983368
-0.0566768224780795	0.0375833972945392
0.850143488553791	0.616525322182025
0.293912429149762	0.181701953782397
-0.806181927650103	0.616746511210853
0.160712728266315	0.113079268194922
-0.696872765240415	0.798422514274697
0.166178112111946	0.12588028420979
0.00611792007559474	0.00461355320255598
-0.17853551750482	0.127293636935607
-0.168963059839186	0.115452358654838
-0.070344824778772	0.0445628068695271
0.140633163104812	0.0743495793589633
-0.401890624453335	0.354748947388354
-0.037752031132764	0.0171455268296814
-0.215176866320436	0.169366829866288
1.00241059672041	0.866547776732535
-1.4608300279912	1.55513506550821
0.264452272478527	0.210743809551929
1.04836778519901	1.22065570070151
0.369722926402252	0.294595056581783
-0.366682862602783	0.307827590613233
-0.406680799701896	0.270333325683377
-0.320195720304142	0.150561236115534
-0.0578939624384421	0.0382789641898256
-0.208572783435053	0.109865923343353
1.20854983986553	1.28359805745392
0.0381498448961463	0.0237081779229756
0.0538999768118126	0.0346895311624585
-0.361876501983384	0.287462094103966
-0.971729362391745	1.06665085167863
-0.0882678406073247	0.0537440652538374
0.163673254775005	0.111048158720834
0.151779840413245	0.0995098043257863
1.21826042776469	1.39531450498877
0.392010962117541	0.314185228868464
-0.334094952098754	0.266857432535791
-0.410437026980481	0.326523168693495
-0.175819229501329	0.121526407954076
0.688708393916655	0.693889805570738
-0.121585888162767	0.0858673968440855
-0.639714227908208	0.576460911931534
0.137542761281778	0.0653404468548179
0.448121929611537	0.281505747499734
-1.36805671296955	1.51375510742245
-0.552325697752467	0.331735114325435
-1.36159748295621	1.09818783414193
-0.0638886465551793	0.0491957407957905
-0.525617556077717	0.477898376578309
-1.23518683529501	0.913312460888286
-0.289152485362202	0.179439592810672
-0.248135371941816	0.163855184648153
-0.457755596602383	0.359679434560622
-0.211487856075735	0.163498419550939
0.330662014460097	0.182895006120584
0.0519585174982804	0.0337196942301778
0.471958255217523	0.411771504409682
-0.341006982665623	0.206667770943219
0.248880838543677	0.220549505953177
-0.337239956281131	0.283350828144506
-1.25946234199732	1.12306946192904
0.151768549375	0.0863151940140715
-0.12582401491513	0.0924067795812329
-0.807851216250889	0.71202599910696
-0.0930662858344436	0.0572325461608039
-0.0385298761075409	0.0256023835143905
0.907766184454972	0.726212473403263
-0.677839869286764	0.452305702010878
-0.540061049282932	0.509759083829519
-0.47945274127675	0.460460654700439
-0.100493099512949	0.0751329380822759
-0.236614525267488	0.183884912758331
-0.698153293485832	0.457985032944336
-0.947416914155434	1.21783743080418
0.00111744500942183	0.000725363878550529
0.0471514274186054	0.0308719682365539
-0.239543134429395	0.186201616325985
-0.245146800452711	0.156375739459249
-1.02527687482906	1.24573552164421
-0.994106867955751	0.989439578166227
-0.62896283251417	0.529308456677711
-0.260273307419721	0.189630084567222
0.155410865461512	0.129096785044863
0.138977533779272	0.0600314108216224
0.0452703922619386	0.0289616101921184
-1.68763573897759	1.00493833701369
-0.20815692253251	0.158233096861733
-0.466764426614062	0.302336517908764
-0.408805579263631	0.294744085202318
-0.314070824203437	0.229464434779393
-0.149568811788904	0.106702748393664
0.267163486127975	0.203605602265014
-0.133871696510644	0.0964270276174135
-0.275922229923811	0.250311434470046
0.672556231576151	0.57095546789068
-1.01581756967324	0.906503850027037
-0.12684801435183	0.0734283448624677
0.0277033894014211	0.0154447626668553
-0.221864829972447	0.144200480289325
-0.011088528496949	0.00578740453266631
-0.405453380221218	0.287357857400979
-0.314070824203437	0.229464434779393
0.412635859899619	0.310356008099804
-0.0432954526590047	0.0202309118122276
-0.357259241025079	0.259048406666407
-0.0964107183987456	0.0609067826386811
-0.600358855283776	0.598997962715596
-0.0466085589368889	0.0301004617258765
0.84523783001155	0.731396852268295
0.0262787224613357	0.0150744347666085
0.523921672622721	0.439531062909082
0.60198538440651	0.570615170199767
-0.314485616060174	0.23795366530511
-0.254472337898584	0.19257434152597
-0.308343535196867	0.215319024871773
-0.301584588443578	0.250348733512276
-0.215885092745978	0.171399907755151
-0.0520486782444337	0.0339716438367026
-0.259534854582744	0.131333249911758
-0.290305640447967	0.189076485366879
0.149036541392576	0.0907071752355071
-0.592017793352098	0.536394666706358
0.0163948699001865	0.00959969856322251
-0.886087508660058	0.947498275134083
-0.313802099076479	0.235690962718689
0.162179293967556	0.12858246455526
0.160085382684576	0.120428715090228
-0.24122677217906	0.15615917056821
0.0263535268935065	0.0151284719789163
1.31414179256414	1.51075452000522
0.816078974255363	0.855556455186085
0.478031541505019	0.274731776334596
0.288016335283204	0.196234969383922
-0.362038637289037	0.252199285250037
-0.804403262992097	0.861101868366567
0.0225197487295172	0.0126685093904833
0.0270299320375478	0.0152734864188191
-0.0767753692128118	0.033856590594393
-0.360052604485266	0.253797508636019
-0.125468129417171	0.0723189015577483
-0.152856109893408	0.110270329268944
0.0764851384211575	0.0576073965403258
-0.0534206996288223	0.0354455724192596
-0.242046826664059	0.161797530529944
-0.248204826780255	0.162309208799764
-0.815342684089461	0.871651474266955
-0.804791857372411	0.455453948964613
-1.76233043528853	2.33128158461375
-0.92370269101194	0.754686524782729
0.764312648320744	0.818387822486242
-2.00477316374919	1.36020559961133
-0.950530381160472	0.64429032929367
-0.195577997376047	0.126337731881883
-0.24495966020207	0.162059416044421
-0.129644974948882	0.0951561621047699
0.167537361850202	0.139269449472266
-0.293014731980682	0.273994800871557
-0.0997652822240121	0.0598264792242151
-0.207669254679621	0.143483243876841
0.161307946995264	0.11055672331155
-0.132357936459028	0.0785956274420447
0.255267001850914	0.201415416165902
0.239530926949832	0.199808162118023
0.143790993688893	0.0744357010577323
1.08239766686965	1.62035856154392
0.429349874169619	0.306279165887023
0.265547989938762	0.192338091274711
-0.245306521987667	0.162605411439076
-0.158962985244879	0.0892800812648256
-0.5497707039005	0.4615135093821
0.302831253568184	0.198741003737849
-0.000574317344581629	0.000156395616289644
-0.34522721235543	0.215117524497672
-0.503766263104996	0.25895387795783
-0.96162138927085	0.590906537522147
-1.92151728995302	2.25944098179646
0.154431944975612	0.0955439439172933
0.158893623279836	0.0974362956534184
-0.806204783937288	0.555835932659515
-0.629736014243138	0.289515009069
-1.36375416719228	1.07987928125508
-0.624128038686633	0.312854402130899
-0.415279754718212	0.290852398576505
-0.6979153538165	0.55324199433713
-0.94397675827043	0.683079416360525
-0.224167041811933	0.232415378212031
-0.700095937696657	0.892944843488143
0.0782457359829065	0.0628581705644727
-0.764089253896363	1.08413004197884
-0.81192872977773	0.893083703419969
-0.826655393879493	1.07572686851812
-0.593722828690599	0.451178473861594
0.40602550994388	0.307433872645152
-0.601633171359641	0.437304217122396
-0.244022197189699	0.207497262055208
-0.296529139226883	0.341465289363949
-0.0546424655527623	0.0431485766217841
-0.191200719555381	0.181918765051103
-0.108360609550604	0.107639975464014
0.313317653494517	0.310116993725266
-0.080474529825056	0.0813734878828021
0.698785432894456	0.679992460887456
-0.266715988815784	0.259135153710555
-0.733076520776625	0.774658118065232
-1.04949077847767	0.435890454815377
-0.97114187307511	0.600573109989026
0.594511039970933	0.321855053262453
1.04981981422376	0.527678543376998
-0.243796363156039	0.0832740997549207
-1.04938876843792	0.445225820250445
-2.30249665021944	1.23408847121111
-0.504681206314093	0.269053632307605
0.134918881869654	0.0533577160510131
-0.549171549610223	0.339306913890547
-0.611742027842122	0.287109629843925
-0.783951080334694	0.348188553296096
-1.29622672765006	0.605623718824999
-0.74325556589109	0.266496707150431
-0.783560026625646	0.361765598683855
-0.638954644635542	0.163590857835517
-0.751632464172592	0.253045803928272
-1.29333870682938	0.608512248712021
-0.414080744968636	0.244324197115955
0.800969076715863	1.00656778481954
0.336641124940125	0.274059048567831
0.491650527043366	0.576000519839642
0.155000440828931	0.123916989275413
0.268272396922292	0.212751692009675
0.717800790576083	0.590221346910969
-0.404944822435181	0.177394552971478
-0.662935963316129	0.405086660072585
-0.987661707677625	0.489792476368873
0.128332143784253	0.045108714855862
-0.324770885009137	0.155385695442566
-0.126274206480974	0.0759134918084972
0.58725444469438	0.788449000199849
0.567862951208875	0.555938095323065
1.01019730077257	1.25026438959887
0.173430482750015	0.157120258233745
0.67088629817923	0.577407634834803
-0.177521333733771	0.158319733776852
-0.288317773805922	0.188026640132813
-0.0418350139637019	0.0323939993834415
-0.507236340922335	0.268285896120976
-0.169335806968512	0.0600677510318931
2.33562519140191	1.1950489870851
-3.09180216433298	1.00300677259101
0.13496858485838	0.0418758500593107
0.142923338097577	0.0435648827361028
-0.640051550461191	0.165024385486426
0.137150052833161	0.0411222576901011
0.935501999577219	0.253169576056372
-0.635536067431146	0.156838726108935
-1.29654049727314	0.608082713307907
-0.410035140943655	0.174062753355923
-1.0345923994291	0.390263127295732
-0.159525667147196	0.0605133567791143
-1.79827108630004	0.44343860950155
-1.15269052970321	0.346303593870738
0.383983958798263	0.1806362076071
-0.411178432350967	0.177120855666235
-1.1809985903631	0.69766730505061
-0.556051359483392	0.347819859090345
-0.470734010293391	0.512314092194073
0.0002976382629976	0.00029727246323507
0.177497629057118	0.165797030201441
0.421376870595226	0.450980792507528
-0.427156245470957	0.395293915814953
-0.0608948647679438	0.0402128897163731
-0.165522389989977	0.0618897901609697
-0.321611269368514	0.155016575716993
-0.785685544650303	0.328604778906266
-1.10686714742304	0.728526477263481
-1.50280156163681	0.790316349450718
0.136104373206364	0.04771177513027
-1.29638408971697	0.633152599982418
0.584816153504441	0.267297678885071
-0.150680221977446	0.181800353806008
-0.0154143932018151	0.0108928420740435
-0.312729061653805	0.348092716248186
-0.254899879461377	0.327478051047723
0.143605431624144	0.080815456654881
0.0201788982477276	0.016864148970876
-0.10761098202984	0.0447976337386229
-0.0390856572285129	0.0316528534977688
-0.502786757576703	0.276821212530883
0.93640634666493	0.254775499038721
-0.359488922044695	0.107399144350341
-1.15441539366439	0.355848450407468
-2.57959143539798	0.718828611548918
0.135015906227356	0.040886012118548
0.148340847278699	0.0298858287200156
-0.362761418010383	0.108072109203298
1.55619409578552	0.826891165505306
-0.3631673929264	0.107293544166728
-0.63734609269436	0.15632283929136
-0.358326054121008	0.0992981335596911
-0.239728118249616	0.0819409426429614
0.432796267160548	0.174269267905536
-0.747397259241041	0.273041275511744
-0.0428692388099025	0.0203237814729937
0.325787437858537	0.185122644840428
0.14741432837021	0.0836497288541391
0.379947945901882	0.39186133785803
0.0793378198066365	0.0602871684424754
0.859033781965202	1.37795065813235
-0.0871605922406947	0.0823198999645407
0.451372513901261	0.490965411868599
-0.137658756003323	0.108954597119249
0.13496858485838	0.0418758500593107
-0.164166861617839	0.0622091166961839
-0.74849187540897	0.266103695673645
0.594511039970933	0.321855053262453
-0.742214024546646	0.265076593943061
-0.167313772674373	0.0633554015250668
-0.408805579263631	0.294744085202318
0.163677888712598	0.182153889077385
-0.0358560108874329	0.0289441804554378
0.0380744585240531	0.0317019692599847
0.543008280787755	0.896261528546061
0.242998131525974	0.225889755954592
-0.622387141527887	0.794834711593269
1.0650447737658	0.4641241617743
-0.299777479020786	0.300802988559682
-0.0729502366368341	0.0332528905744433
0.354320579609871	0.175010370270845
-0.640051550461191	0.165024385486426
-0.247977192415938	0.0785806808721617
-0.363583236832059	0.104921900407143
0.534012699476319	0.301038166635569
0.146530154194694	0.0296723933695664
-0.638954644635542	0.163590857835517
-1.79827108630004	0.44343860950155
0.151592021674215	0.0391867731421967
0.159097898360886	0.108627577572597
0.293137391033374	0.187015887930549
2.10927471616682	1.50243035940481
0.325012888225384	0.177242367097423
1.52411390616949	1.266749894679
-0.459494962568474	0.364413152930068
-0.11870066002615	0.0708240253448417
-0.807186326329444	0.553734477255805
0.432727488400114	0.409522041146161
-0.216713887150968	0.173026405795366
-0.708940719297526	0.560495210394905
0.153389310282542	0.108334876766091
0.555533042909502	0.438247314525363
-1.63008633442556	1.12510525113789
0.669934290934537	0.576715018996939
-0.446638493519313	0.382304516838659
-1.74041352342305	1.4636365303201
-0.806449550936613	0.530353023446381
0.143210781153854	0.073445111600521
-0.202694746447363	0.109072127607406
-0.674887290389977	0.379110497430749
-2.12871957847416	1.68269298266182
0.0623600304171305	0.0434885268800764
-0.0812417953464386	0.05050325501491
-1.07934900372322	1.1779292244988
0.355631611889412	0.310426950817563
-0.151108455815958	0.104277656846568
0.52196200405456	0.441309997159639
0.151428961700586	0.0903930441983845
-0.246723470887361	0.160673298616824
-0.706886542777455	0.837403600975637
-0.211491605574427	0.144018978207034
-0.279723855611629	0.201624649126032
-1.27488961116145	1.16740591794097
1.23745363363199	0.860010083167144
-0.163958322007106	0.0615655330617315
-0.334803348228539	0.137711227491945
-0.162157809078951	0.0598705605906774
-0.344214408374037	0.214769901006563
-0.343310514233271	0.205168968664192
-0.0665790594455215	0.0291524525414074
-0.661629134470798	0.405289725886276
-0.13182367809962	0.0783655164866866
-1.50280156163681	0.790316349450718
-0.242831203844467	0.0831146567067306
-0.407050428769845	0.169240242653447
0.382351713233566	0.178124790051543
0.805592783265958	0.335391977511964
-0.619950768236023	0.299255812329588
0.889190634370751	0.502652391946844
0.270397247673977	0.206625862438606
0.141256822258265	0.0430610911785714
0.704158710879499	0.463037560583877
-0.356103454201317	0.300285157374149
-0.158494796798669	0.132090245033152
1.00111198613092	1.29850774014545
1.06598610023039	1.41025224662418
0.0548361791814608	0.0357068370319898
0.057202876159703	0.0401635890895397
0.343564793164149	0.173378365377904
0.136055249908025	0.0649009821444162
0.147298535161635	0.0299064650853773
0.13543747675648	0.0604575770324592
-0.366912679142292	0.10867450197924
0.138110400502716	0.0488174440941719
1.31226702000546	0.59760797927366
-0.355333319858017	0.20455729526976
-0.256151991681336	0.127639934076809
-0.21486802832558	0.106663301209583
0.0191826871954344	0.00965829450868374
-0.010467185547911	0.00738499910307808
-0.145270663221111	0.10353798771957
0.154271937078957	0.119965476560854
-0.530292665981733	0.545971325499442
0.426222301674096	0.29495055642431
0.539468919344537	0.528692629498876
0.29420452717154	0.190926602711206
-0.652097969594474	0.588598041002456
0.141206159967438	0.07461186458637
-1.34333046695704	0.88627291265112
0.13321040140253	0.0527268216424054
-2.48411126469573	1.42975750391341
1.31445953054409	0.588277566697379
0.133493902760053	0.0468914742396047
-0.538622477946832	0.195805203936307
0.142923338097577	0.0435648827361028
0.136012236058411	0.0414376999459869
-1.53562965376205	0.57273266881158
-0.360560346528662	0.110506092787366
-0.740023940193408	0.261682523765812
0.438080983334306	0.178894506593044
0.133906609568149	0.0497707835718184
1.44576153483636	0.467229328036224
-0.994753757231975	0.512743170789752
1.2632208576757	0.732496897024723
-0.618308717750437	0.305843820406039
-1.84116790596569	1.65933281736118
-0.714776605765952	0.930915431313528
-0.422645756257728	0.433934052144333
0.0482674109900003	0.0377061714011934
0.458027781777846	0.496664108589749
0.293670504227074	0.200506624502973
-0.0943941745316159	0.0574323766279064
-0.619333132084838	0.313923549999779
-0.0700892755819449	0.0311355912040378
0.537117437721074	0.311703223188689
-1.84529891846709	0.754403060324179
0.13566406147233	0.0532567581614414
-0.792844004826682	0.351021792750132
0.267682797613711	0.205866701128901
-0.408898682765547	0.322283688096428
-0.502509504775171	0.236868329609785
-0.61875915674878	0.308472532919217
-0.607796374970381	0.421349520394471
-0.287464073504797	0.272030651157594
0.1694298306582	0.128187251000014
-0.357076399609232	0.383299176683164
0.0412479227395154	0.0344944484898521
-0.451162333186157	0.398845408637134
-0.168512190833069	0.152017362100201
-0.907104126678112	0.866588726379371
-0.328244403315999	0.311898564747653
0.489262632921229	0.299689899552271
1.01921861300587	0.396644684199019
-0.238853585534742	0.0799568001465923
0.145604005884882	0.0376220306325241
1.556328617163	0.799655515803619
-0.745259487398754	0.262919870951982
0.513265643938002	0.181250669294779
1.43936351386259	0.496241204441374
-0.243889020737946	0.0813578121095118
0.514379012952455	0.194507598080478
0.133324861621024	0.047022951939009
0.510424922813668	0.193438302922747
-0.359014070766392	0.10669384643532
0.300674303149367	0.193859620644714
0.161002883454131	0.103609345619656
0.142212554442512	0.0749432581633212
-0.317965031289629	0.150970016931974
0.160524505077355	0.106151280384196
-1.5624765704713	1.47811814919349
0.518418038978192	0.422488897492303
0.66738335098284	0.570639087261007
-0.301227634096554	0.3020750693895
-0.102239204688373	0.0760482182313569
0.154156898299222	0.111308463072741
-0.55705624704155	0.581697305703001
-1.05166352875716	1.21703591420941
-1.37051666945154	1.56001304215244
0.255475585384266	0.210195922387538
0.409990784851504	0.307364038451221
-0.288858646667773	0.187672784980816
1.52648186874002	1.27242157954712
-1.51615630342125	0.753196923060088
0.390389936617832	0.299841791907922
-0.405581328589355	0.330110521163941
-0.477405810527976	0.314309841856168
-0.203271976329759	0.109550656631737
-1.38290327151768	1.72469741822455
-0.0440787276519605	0.0357758360369327
0.529550013217553	0.592711674161024
0.0109450743735684	0.00791781419345783
0.606400475763112	0.608564301522868
0.489805356615543	0.483032737598033
-0.344494531789716	0.319703959399255
-0.383964696867907	0.338463737156081
-0.791486740030356	0.443672155313393
-0.669430422488555	0.398941093550732
0.533078888900081	0.30193410787478
-0.111946542412961	0.0457055581230623
-1.85368582639932	1.16746404163834
-0.407781336793036	0.178251750307308
1.04964306827127	0.532888202536059
1.38356662979208	1.08363651938792
0.38398367181342	0.161319027726011
-1.48017789273451	1.03748039864953
-0.991077740138358	0.502407069289994
-0.66412245285151	0.392191893168045
0.131875729838188	0.0599101172572625
-0.778835784075945	0.353804879737585
-0.121090524917556	0.0714940132324992
0.0339103588397375	0.0210664317908205
0.159655810521653	0.105637766388704
-0.963387550038132	1.01361623030865
0.289907060375051	0.202945046527725
0.400062517161453	0.318864409788707
-0.946819250710718	0.669794656212401
0.16416265312505	0.111327649063078
-0.701272032097099	0.564065829137842
-1.75374613197719	1.85564478765116
-0.107022138597139	0.0423285482394567
0.158752204214112	0.0938080473983951
0.163673254775005	0.111048158720834
-0.154599800448605	0.089854361765786
-0.0432329726920889	0.0203441314359527
1.38294318966108	1.03977317897777
1.75616078762184	1.85178716877982
-0.54383563817481	0.204986466385714
0.768013495685382	0.830941627851509
-0.524841770556803	0.390730377412792
-0.242069267057185	0.157333430249126
-0.647282887576001	0.570030217150053
-0.552208937012498	0.461794720817752
-0.702789772073841	0.577387065373402
-0.0795760148932516	0.050280109709295
0.161996464298737	0.129223976660249
-0.586685937716926	0.407600525833362
-0.13711485131057	0.11289589208397
-0.4090032478072	0.228741248895993
-0.0784806637951115	0.0503389587194899
-0.127491697439194	0.0773248733396622
0.890818814789462	0.501768827727232
-0.195947843661564	0.105810237644017
-0.116619186744798	0.0464425655414395
0.329691373492926	0.183922787767868
-0.315438074808422	0.149262113607832
0.804345219810016	0.354670067283374
-0.416206057873976	0.229097430936618
-0.594066881038064	0.441151474708201
-0.413598053527282	0.181863090289465
-0.941389812589436	0.678351149907038
0.30879486820408	0.184039279481645
0.140658832854058	0.0681017561758183
0.690671452734584	0.43582665461174
0.347071628466038	0.174974607319874
-0.348892517354862	0.211096636943881
0.682343756318941	0.317054964719613
0.141931967843485	0.0682474298697686
1.01518961990161	0.936427456570201
0.0285594278357073	0.0165933017209764
-0.556272807268643	0.447063215598448
-0.745289264448154	0.768577652620429
-0.31392873076154	0.233955098162849
0.164889584051124	0.122933181369818
-0.405229178893869	0.304554041702123
0.940454137132529	0.604437389578238
-0.36371455511262	0.254313728356335
0.428834112381466	0.17901227987813
1.44655414040671	0.913133491220031
-0.543208681646357	0.213507639679037
-0.0681319275300915	0.0432987414765431
0.0271003843722343	0.0162273087705041
0.145139595312042	0.0690936312619304
0.404344933439038	0.404854518159441
0.775251810591851	0.463526894441116
-0.558079578670724	0.367668681153645
-0.05413349918144	0.0413157720896313
0.65507341523589	0.64664687679399
-0.0269844487846232	0.0185421157369671
-0.557084247296698	0.559034166437176
-0.269531836835384	0.207882903915525
0.318763952876368	0.185991580250096
-0.33895102536277	0.204328325179735
0.145943955596085	0.0786915427315874
-0.234793744858454	0.0805021626074223
-0.108549820451671	0.0450134438348328
-0.417910867367892	0.176474327648019
0.139380228170948	0.0664861829398389
-0.52831902821658	0.198441963588645
-1.35811640827748	1.13401013197684
0.894890623762015	0.491198109599267
-1.33492366949562	0.853627253679577
-0.409252993453204	0.180047073526078
1.94735911077368	1.23357953132502
-0.25067810298046	0.125619091029105
0.331641756149899	0.183931055802013
0.325604817615336	0.176147621422137
-0.541304284053491	0.217969795952729
-0.0691316495178691	0.0311167027175989
0.846191679568844	0.604225565049169
0.696698879761259	0.445866020980687
0.717883144954295	0.611580568335612
-0.054254958565337	0.0353063209495007
0.134341149372325	0.0648288703239511
-0.00845133364674374	0.0043379651048949
0.164397734822366	0.105301583536265
0.0682456151038917	0.0512094102851831
-0.0811011312774633	0.0626770148504952
0.00913826866306878	0.0067233813836112
1.06890945661333	0.672702047932269
0.275861158037746	0.199345720175798
-1.44743661336859	1.52018009676097
0.135577503631228	0.0453116685379073
-0.154487817936695	0.0884711487937032
1.35486211019767	1.24306813336637
0.349310626518736	0.17786348468474
-0.312140607739935	0.276465207597218
0.0225457219579379	0.0132133572088182
0.343839693848915	0.170909600293319
-2.12555071638855	1.55903503357315
0.166876790902348	0.149663478940265
0.137462825503962	0.143353447964385
-1.02014928763691	1.17372685041302
-0.290240235532967	0.270138536880468
-0.310817633546592	0.235647780607161
-0.085119872308509	0.0506429264948031
-0.410781435424327	0.174720746641606
-0.535032046720775	0.211935469347473
-0.339281608374392	0.198460818538934
-0.533901807851531	0.201937596965126
-0.242738510358594	0.0826009154088164
-1.04232877406707	0.428449042358836
-1.50438761739201	0.788419104436732
-0.162365807078764	0.0611643452408241
-0.99389884496763	0.521664477903687
-0.233928154976901	0.0766177080439622
0.145491028290931	0.036825262301477
-0.0230739680262196	0.0113040930259277
-1.17847354918485	0.66349515253249
0.136012236058411	0.0414376999459869
1.0704926504714	0.657618928971236
0.807240202202844	0.360161473759661
-0.197387351520476	0.107989390594035
0.306930453151675	0.177885076602099
0.695575511073932	0.421855148427813
-0.401250021436608	0.322448166908538
0.294553753186484	0.202964109168028
-0.470960900593759	0.431654506037635
0.865091047019949	0.793510262802853
-0.157286276244364	0.0894837329310324
-0.559085223253441	0.355904365034996
-0.249255385144409	0.158898146528255
-0.553868047741644	0.47910456695755
0.409396356089028	0.290891100695307
-0.814710316030946	0.764132873310259
-0.686888168494068	0.716808065650451
-0.236789533793598	0.17973724253781
0.130821276884887	0.0566135513499354
1.31542650623628	0.612599401820178
-0.488896581150466	0.422266673946172
-0.0399319176772855	0.0192495473757426
-0.343088765430445	0.213421303957526
-0.416250760468025	0.238710104039839
-0.11264541084818	0.0440652665473531
-0.0972397386990193	0.0595845708022273
-0.517939320228665	0.396565369538168
-0.324498205401625	0.154084949568456
-0.409745821365432	0.327303955739395
-0.0194326620696339	0.0126930706355089
-0.154048231820502	0.0891806306189021
-0.458531705218907	0.35993168220973
-0.362761418010383	0.108072109203298
0.288128055346238	0.200310352981274
-0.163640254633394	0.0617987202008443
0.148923991082749	0.0854012389609338
-0.119187770670459	0.0474445980567986
-0.536314894943915	0.215990413651433
-0.203124262243631	0.111956651265902
0.534959225874198	0.315632439395873
0.344503555036846	0.173525209059378
-0.542854495791595	0.306434642036997
0.154326265881988	0.0396696710594312
-1.85492231073872	1.14469037418216
-0.164166861617839	0.0622091166961839
-2.09029670561893	1.00046765547105
0.330277415369419	0.182640157340876
-0.537346054879039	0.217331390886752
-1.17714488224438	0.694928277313394
-0.809948494910382	0.545716908587773
-2.00048476603696	1.39884883549745
0.430968909947245	0.312539969616235
-1.4528805152363	1.53163752511481
-0.948273507421832	0.669921789499445
1.03547724351116	1.11552682222384
-0.350492992844508	0.210146657560771
-0.347020828173693	0.24486266718776
-0.903444320560832	0.81003611213693
0.15140266492942	0.095697744544814
-0.523625767212991	0.397744026423872
-0.686197918371865	0.480559881452419
0.436494541798451	0.309636796296017
-0.803451271253149	0.515046534138465
0.125846542172382	0.0530058392946113
-0.667369080925718	0.389863606716104
0.0230697204592689	0.0134642025385172
0.70356381945002	0.463851977171237
0.355624852782283	0.173138235643389
0.133972538761737	0.057724047796139
0.153739915004172	0.0870919332869416
-0.0381976265728212	0.0181625747332525
-1.35899476343765	1.3564358979877
-0.421867581036525	0.235314731567747
-0.993497048060355	0.516919190277734
-0.412711993094214	0.239864564576846
0.139554240319574	0.0540225572597893
-0.115797074497247	0.0467298371659537
0.518342528616597	0.185194273888208
-0.619333132084838	0.313923549999779
0.343869305648764	0.17461216342994
0.34392302466096	0.169973243253112
-0.115897183243626	0.0473396909233698
0.646344897352587	0.204467794280262
-1.48307238563838	1.0372521527653
-0.744651105360641	0.263617978795572
2.09530747706542	0.965496584541926
0.144521338984364	0.0767328510815086
-0.237914130507886	0.0793329028641972
0.512356316055991	0.193576369588672
-0.627863078158515	0.30486513594311
-1.69593239485832	0.99231232644155
-0.971462880959869	0.581810186251225
1.85914222252462	1.67333360612901
-0.783145108739165	0.338495540141401
0.717960591166075	0.578135587154406
-1.00278531206733	0.491492916094687
1.00751032685418	0.916939457431845
0.267078528178183	0.19623739022762
0.287451680881023	0.191840124700244
0.454430056479865	0.292650571028864
-0.706076812108897	0.565506699044381
0.609045402386497	0.539052435911049
-0.71336395215115	0.891056807938385
0.330068342184175	0.183491046000774
0.302203870976541	0.19325137137125
-2.30320283395397	1.21796142395091
0.80840017471878	0.357719328065254
0.688515216327826	0.426222288200994
0.381779105696528	0.310584295243608
0.943242611691778	0.643397323023411
-0.292630160318113	0.187699131713181
1.02911247141597	1.07639122213158
0.698869853518344	0.460849644097777
-0.20154339370226	0.107467096023076
0.138341650698782	0.0592834483272341
-0.804514301745213	0.460033829477361
-0.99155598784738	0.49444624929651
-0.422689278788521	0.238962353336101
0.132285669375004	0.0464856542526071
-1.29718312411634	0.582699254968868
-0.787617720907545	0.364421783810038
-1.28939033825229	0.603038659621743
0.137683459867423	0.0604231418939352
-0.505973617707819	0.274019150174632
0.89326753949579	0.493913372997139
-0.253655224807827	0.132381862831199
0.807240202202844	0.360161473759661
-0.129026172480747	0.0769972687185808
-1.46502895369997	1.49878921123359
-0.258315678768328	0.12332681625573
-0.503423632212571	0.267498341441404
-0.786370945060892	0.351743476849108
-0.808966857585584	0.536196694394093
0.0219411742932266	0.0125627315861144
-0.155419561417452	0.0878180184095948
0.135135558131581	0.0527599067712109
1.0918702518075	0.776055922636498
0.382096322169347	0.176527561729112
-0.474670879105926	0.327513549403794
-0.933172269831807	0.625418198550821
0.939613966313277	0.916809438655811
-1.01748084979041	0.92201797451234
0.145530460371855	0.0750462144906187
0.13805137969586	0.0697187816181364
-0.803492045167278	0.535903678278186
0.149204037894193	0.0861217153698194
-0.626478595587991	0.302185431932454
0.649224423629914	0.448101159580081
-0.998024863222367	0.527784975096114
-0.413525188927145	0.231962041551744
-2.12739803605261	1.61411228258042
-0.125229426823101	0.0767463346914014
-0.539121619563447	0.212020396153515
0.594511039970933	0.321855053262453
-0.541155363870536	0.217914309576922
-1.29067603208175	0.617875762331325
-0.0346344481040051	0.0163324273960082
0.155084047868388	0.0848764568295503
-0.498654727633201	0.263275826465102
-0.621797088871531	0.313923862316173
0.155636690395831	0.0840335961814527
2.11274108038006	1.48595463299932
-0.969884384438013	0.59718089001736
2.33667861850601	1.20940535417918
-0.812457981885926	0.525935477410577
-1.12016961839904	0.72298780742908
0.324614154282702	0.176689168355648
-0.364244707706295	0.105425905599443
-0.325263920356029	0.151657648621641
0.771742872638907	0.463033921910565
-0.0137341484520636	0.00707948808304476
-0.30399462857055	0.182216137590007
-0.198702421365574	0.128908318968438
-0.113325848062757	0.065482967444145
-0.804180636060344	0.611448425541975
-0.134095904761451	0.0962249419036855
1.21534673472879	1.17662160648688
-0.213502566725521	0.142575492271899
-0.344878288930495	0.193695095354689
-1.29356029960964	1.41612651688791
-0.619204557246331	0.50849618506648
-0.721654260290904	0.631932459969195
-0.000428878693054081	0.0000762270800770638
-1.02143183470434	0.924355854056641
0.0369726093608584	0.021743276138784
-0.734018605499323	0.711159301827626
0.0175329079014234	0.00997049463125607
-0.123479908115579	0.0704217505433449
0.311029714746949	0.191238424932946
-0.1425117138104	0.114902720506268
-0.997716671293912	0.986851987978137
-0.11072614366622	0.0835948136782461
0.148162417771059	0.0904388009914812
0.456930441441441	0.426669537137003
-0.324110431516663	0.15471073731306
0.0515466412969176	0.034186133224861
-0.523215662839921	0.484226643234493
-0.663178153879242	0.395074969979815
0.0354448533948777	0.0221066834438478
-0.355884466613326	0.263834806905102
-0.216389711167395	0.146866565716442
0.459383670633029	0.30779597489304
0.003424852842963	0.00188451062091735
0.697893608822935	0.448322124094528
-0.128024711841668	0.0779666914431207
-0.323450212849676	0.152789700317237
-1.01436854141678	0.907847455238625
-0.348811304577541	0.235741984609152
0.00799732625244526	0.00429782723263637
0.93012337379276	0.899518763685557
-0.666659785467619	0.40630545820466
-0.0177210661874169	0.00898249765729958
0.772225606016041	0.588272554054606
-1.11561733705367	0.763899989114807
0.532155909412055	0.313947113658871
0.146529078073233	0.0776898050539216
-1.67117104105966	1.68513668202227
0.491231481972824	0.31307510458529
-2.64846714969589	1.68284820084363
0.293240212571096	0.198900995871013
-0.164299564722633	0.087841877558175
-1.35900566976837	1.09098081915728
0.133531957015024	0.0534075230038584
0.308452585366546	0.189095198345121
0.38106965070254	0.174879768700919
-0.113810692848447	0.0466829997880982
0.133170295037261	0.0471660602339594
0.136206023862494	0.0473598775991366
0.162091077242132	0.094176678496585
0.308343341121462	0.184234826204645
0.156518348396285	0.103477096148281
0.157841135169642	0.108495555565033
-0.351814918962561	0.25299931885521
0.0248441923242483	0.0200680659985218
0.350721323142761	0.371472360698442
0.0926678335142657	0.0765886467036871
-0.234386943890167	0.203624626586754
0.29241309196416	0.305798134575003
-0.314633489804977	0.314622875931935
-0.676387738801428	0.439198778057246
0.164074934113972	0.120116017484942
-0.663572610885872	0.643553018051779
1.13030146994367	1.20693544408228
-0.343144214450619	0.202821593762467
0.161002883454131	0.103609345619656
0.837916647237746	0.7500307273399
0.0390123085897137	0.0246969149202717
-0.286238792111209	0.211341447870925
-0.342958090277137	0.315510915417752
-0.617623961011003	0.81366974640466
-0.175162580599649	0.137019634575344
-0.322746023104251	0.148687925853545
-0.163450720813566	0.0618388623357549
0.138767944321795	0.066494549179058
-0.0465539109268985	0.0220001829941557
-0.418204672371543	0.241252198850059
0.144013731109022	0.0446680190904957
0.429017423066285	0.178826290408482
0.14559771695474	0.0692397353668002
-0.541155363870536	0.217914309576922
1.0930725698929	0.825418533760654
-1.85561011367346	1.18467656559468
-0.968934393500842	0.599504126969321
-0.616541098148163	0.300069355968744
-0.236727855931232	0.0810119912872077
1.55809212963156	0.807140083414171
-1.04436434295654	0.445800704702982
-0.657199155973611	0.37886289470612
-0.316864904244562	0.147388166941971
0.378373620971549	0.171303629636899
2.23477145007131	2.37714638809423
-0.422097618428254	0.238909086735426
-0.0362034388392313	0.0168755958960867
-0.686658773084044	0.476580653023528
0.553504959489057	0.447905410715025
0.149091996430876	0.0797407042391813
-0.936806988468636	0.66828165679019
0.134952570251381	0.0644785079474823
-0.511050617576411	0.268979252786043
0.148683890726692	0.078537789169385
-0.160623719697895	0.0899134114581031
-0.109370479035386	0.0444671575542094
-0.738217171901557	0.708505753827111
-0.290687643100604	0.183740399479478
-0.545215410579203	0.207152113270512
-0.317690795101185	0.150301699008828
1.23685232969947	0.828606122214531
0.151947637817016	0.0930134758739657
0.149079899984376	0.0874244258454846
0.0552838414751864	0.0352640793572591
-0.10966391189104	0.0642755243233849
-0.0371816111070073	0.0176226625613491
0.0548542845690361	0.0349372409254262
-0.249837284138113	0.126642149513897
-0.667267653186467	0.407370342048534
-0.671696751812005	0.397142203461418
-0.110766333180403	0.04553007265409
-0.968306461731698	0.590540365500309
-0.412115563468762	0.175375394028768
-0.0136167162933119	0.00709972965129885
-0.113339890169632	0.0850797212941452
-0.0988504453203001	0.0626680116526841
-0.814677929481228	0.599491669042038
-0.507895195371129	0.263630222496896
-0.746356613660589	0.273282091273725
1.23213247924268	0.861118177611617
-0.153889733021309	0.0859633493822824
-0.233731776313203	0.0783918847874615
-1.00047442478733	0.510164144766332
-0.684495475003566	0.486468277342433
-0.352876824515212	0.196727985111489
-0.411769672203075	0.228060234050295
0.53528278053796	0.313250682029692
-0.20454579087398	0.108547195537199
-0.121510067928096	0.0479304154258901
-0.257133554675558	0.129782291828642
1.76385672024962	1.00129969052965
0.0396409980283277	0.0239411634560113
0.62366055826232	0.551873324631911
-0.0989768236990586	0.0607723304278324
0.724696421553441	0.714495937050607
-0.413447324345622	0.322530530216108
0.143325918516579	0.0801913162759538
0.00687582745038861	0.00378630290130793
-0.0125957765012378	0.00895508101254929
0.148524885203281	0.0867121600192734
0.275287822337784	0.213173617302244
-0.157667431115626	0.144896742522317
-0.370263280511482	0.338605351852264
-0.30203756928775	0.212187043238568
-0.204275706560417	0.111114322726964
-1.04232877406707	0.428449042358836
0.0221616567407385	0.0129941629334076
0.293151738883143	0.203246631800681
0.495477519051233	0.434881779247017
-0.491854821607271	0.403468691964765
0.507098671852558	0.497264433158906
-0.810436893976683	0.864989222542489
-0.0939735333767706	0.0716417362830673
0.683949429642716	0.565459733886373
0.151175610074102	0.0879377940702544
0.0144492059387762	0.00746316488076523
-0.157837344194625	0.0904843641759126
1.0470067418056	1.20509925791778
-0.925886539251558	0.758660594582415
-0.258086332647823	0.131654669449756
-0.322720134669833	0.271847342130731
-0.212731053719567	0.107756389108345
-1.61519964048504	1.18555041308936
-0.259915849132563	0.132119166640755
-0.463423373695272	0.295602404748583
0.151546244542705	0.101601110495885
0.322499622594188	0.173064652454832
-0.406837632930624	0.289047306750166
-1.20349366358884	1.19374542495505
-0.146541972619349	0.105140892579819
0.38460602609755	0.310818846988099
0.29420452717154	0.190926602711206
0.261925254943291	0.200934444007112
0.0455096235150902	0.0273167162675001
-0.403064672950518	0.277509285590342
-0.0735682538252152	0.0325924065414276
-0.287392449199692	0.176138098240138
0.147242649032936	0.0834512060706338
1.11568522995051	1.10988295425926
-0.0463838032298079	0.0221945806589814
-0.288317773805922	0.188026640132813
-1.61726528131722	1.20302287157175
-0.34153473709713	0.207318276186562
0.980805592215135	0.810754781976517
0.937715828996398	0.910705248993046
-0.147830649346149	0.117869779981751
0.243363774882416	0.222491170694408
1.10310877109843	0.943020224319828
0.591511195626375	0.419636123697721
0.594465784044286	0.453723010044566
-1.23734388175023	0.921097091129901
0.157379021599819	0.0931452314218231
-0.990106795273382	0.513997136030586
0.35865323110485	0.301815429844222
0.147817837160324	0.0847246449471428
0.151779840413245	0.0995098043257863
-0.239490797148923	0.181643645213143
-0.5543476445574	0.355406873310376
-0.81343878933363	0.521852841639563
-0.410775091606826	0.236829951780063
-0.196522703778023	0.105713418816765
-0.656593706537932	0.380896143246456
-0.326994535202482	0.276952290424035
-0.377321923667968	0.344380072077563
0.284381839729033	0.211199809735596
-0.922747568678245	0.772360172505668
-0.557064792266435	0.351781650311274
-0.0229590864454143	0.0108794128211385
-0.0704062690364058	0.0442472724151709
-0.365848679246652	0.299588919893587
-0.324875776548307	0.233134667413888
-0.546447352931189	0.3251194188481
0.287680042783685	0.201320497283415
-0.236190047634429	0.1506887566161
0.258512344638214	0.180780160722083
0.335362961071023	0.272351523283663
1.55440805010202	2.13376039637443
-0.20254186815384	0.107585019108808
0.0215308590245328	0.012102234705212
0.162576105865775	0.112819548055645
0.270118334689676	0.209363694661667
-1.01713584247592	0.890133994371564
0.00148018544427604	0.00110911093977992
-0.61534719274278	0.303931530111866
-0.813201630187182	0.623938539981105
-1.01667703548455	0.882181613372892
-0.58096650427557	0.537926319670401
-1.19581017183733	1.16827957111638
-0.30018600394907	0.185503347567545
-0.295873993821418	0.186037375063575
-0.451715962334048	0.349631276537911
-0.289019582096268	0.17881256761465
-0.806904614714283	0.637553861756425
-0.291771334065759	0.183994103003459
-0.523110142617654	0.373408550105568
0.151083553955274	0.0917800717845337
1.84699952954416	2.37189442296263
-0.1949721838024	0.151901382686473
-0.580718270053189	0.549557247931745
-0.177392835864006	0.120554704408808
-0.159531467798495	0.0934053437778059
-0.129431697833013	0.0764119411000784
0.429460685445212	0.31035667017049
0.343869305648764	0.17461216342994
0.137662450348201	0.0598164936884586
-0.271019065194506	0.233757761356088
0.149437344912318	0.0387143285458533
-0.13612820746451	0.0790613190916046
-0.354917670839029	0.263121708629423
-0.711360032971834	0.569811028289757
-0.188841960821805	0.152954775856983
-0.0734170703203712	0.0474415010165899
-0.556361074801193	0.346313846410188
-0.308022700152074	0.216631520188237
0.380484302231606	0.389845149641328
0.472468579213325	0.494807766923862
0.821114136919789	0.880027980884565
-2.13247569826851	2.81998280536108
-1.1145403865421	0.721552278425574
-0.0482443900196894	0.0315723680491158
-1.28006404438625	1.13216783041635
-0.214075302285449	0.143376510664472
-0.243660733532484	0.190773059160686
-0.24359449594195	0.209216283472881
-0.34999133809789	0.395913917180221
0.00795230218301193	0.00578527130579351
-0.281450621313174	0.236299326126233
-0.519684746382064	0.536136598902222
0.9450565199511	1.56223285827278
0.168606390921803	0.142030049767987
-1.50154543228417	0.7747553771261
-0.501528454583301	0.274968870286129
-0.491411226169141	0.423584047079056
-0.241415380816692	0.18748343813338
-0.517573928020687	0.380417580172523
-0.0356134414315468	0.016720595091349
-0.70959246693101	0.57335340261676
0.26102838531608	0.21411057127909
1.10547984082509	0.974612996539353
0.149527632707822	0.104391062941971
-0.597756334332294	0.429570663997225
-0.0344340451576915	0.0161350610159187
-0.526775340394719	0.385490965244897
-0.0904372734884511	0.0686491007324744
-0.570331171181358	0.495876612091342
-0.617466503023348	0.494520143139378
0.861701146491539	0.840580998523486
-1.62722368332172	1.88459307556146
0.00670872105688499	0.0036204796404311
-0.316097025417693	0.14937808723447
-0.164447948378672	0.061987630845636
-0.258972852411892	0.131806044699347
-0.814199291091377	0.62382853181787
-0.330009214751517	0.151493668367362
-0.476048198717867	0.313877465839497
-0.0680862509527787	0.0433987949190585
0.0345892118083296	0.0208473575399991
-0.613608260300726	0.290279801908484
-0.410238629934528	0.289134406256762
1.2331506403635	0.992586122082752
-1.23683897301312	0.897381393789271
-0.321994786745933	0.153044520168924
-0.412300793729991	0.174215730804271
-0.557463900110436	0.485760741267636
-0.10293113058912	0.0630975447695186
-2.08541601344563	1.00114395307717
-0.0758456112375006	0.0494885790631831
-0.696989292372403	0.471158646992214
-0.627108400234359	0.513116822495163
-0.91939494004367	0.748770704205639
1.20913342512108	1.41898199915001
-2.21542590994053	2.49632710483531
-0.0916541595415156	0.0558839341883032
-0.502157498105078	0.276844929860409
0.51135459281081	0.180074702995449
-0.319534070569924	0.150445648067453
0.00672690413921601	0.00354473119694021
1.76062608158857	2.1502900427336
-0.315460433058166	0.239495998753916
-0.125823195731334	0.0745462320246483
-0.319555629903317	0.237175046532669
-0.0946802081947491	0.0597696815712438
0.387237998691175	0.385061404869671
0.290369289710607	0.197062437026006
-0.408715689758748	0.36748658746328
-0.625948641057733	0.670880702771233
0.596737822867102	0.313670705231618
-0.249185758330564	0.163443483425562
0.779997209353916	0.47944960110679
-0.812004226614089	0.426787269999453
0.090000393885009	0.072888915260772
0.330461649158089	0.307901661925241
-0.436735812088914	0.460047210210787
-0.1657475048588	0.116670976966836
-0.909761097772774	0.843068282868386
0.269688531282391	0.208861402775666
0.0216358630033267	0.0127632861453499
-0.806062075534399	0.528847687967406
-1.85548528082986	1.58409836809329
-0.553197333453395	0.352038986657497
-0.257144790508211	0.131341173569644
0.0159806144325026	0.00831765366835728
-0.329349747629827	0.151360036380559
-0.821994202417834	0.504030544193932
-0.0283637834175638	0.0231256509572956
-0.516959912522657	0.526430755939063
-0.564835706801075	0.653941476997006
-0.372468657252063	0.299283844981927
0.0599078833061453	0.0407662904736019
1.30582438312261	1.60438693319195
0.129420045606031	0.0513312979752865
0.148697606131744	0.0900881050948314
0.132436901408979	0.056875403771735
0.274404168878326	0.199568105829361
-1.12228231499459	0.71117440650142
0.283997554320048	0.202030541244119
0.0372555476326597	0.0230348240968884
-0.529695973363336	0.527990538022281
0.330061431996418	0.292972505602071
0.281062416827435	0.298285924957302
-0.298787178103287	0.257655110583062
-0.349084049569351	0.311652098360286
-0.457530730905988	0.366089995484483
-0.999157148833924	0.505098527889264
-0.359014070766392	0.10669384643532
-0.638954644635542	0.163590857835517
-1.1503622450131	0.360685940099702
-1.15049600332665	0.365062590327348
-0.407356409147146	0.176542053810408
0.134173422755305	0.0529790077064493
-0.0514086687215581	0.0408615133698098
-0.0894761322752318	0.064183332794494
0.166558882285169	0.139403401697367
-0.50127875378282	0.427659046393872
0.0751204748715617	0.0561720433797174
0.15757113535178	0.113215689217732
0.136367818943238	0.0542390099118798
-0.244823260406368	0.0770155635284703
-0.93678775752299	0.707875602355158
-0.556663674638218	0.703225160004877
-0.589732108340136	0.550500417716669
-0.593645230273301	0.406803239513362
-3.0872736676927	1.0096627055632
0.141345879979211	0.0425641836366328
2.75454479012304	0.83106470770351
-0.638954644635542	0.163590857835517
0.150575043964835	0.0398742802241122
0.147298535161635	0.0299064650853773
-0.800038365957775	0.449780802217965
0.462576838976759	0.388234625794749
0.394991652636085	0.300029083780546
-0.207825036341367	0.187117834007609
0.250638634498738	0.216222130591694
0.730438007009564	0.714102022212339
0.940200574145807	0.253749297128023
-1.79827108630004	0.44343860950155
-0.275359330728249	0.348153033245415
-0.375772142707042	0.342027226444671
-0.423824187063698	0.403517808681516
0.144851606110724	0.0521035755840855
0.147571338722617	0.0296534813215984
0.145604005884882	0.0376220306325241
1.05572738501103	0.520399177834234
-0.743201468674383	0.27129411111425
-1.53044856090243	0.571635312320433
1.02686716628456	0.384673523412753
0.147298535161635	0.0299064650853773
-0.361689402338145	0.108124975750703
-0.439641914045789	0.38146485278443
0.149930356169476	0.0816990038520566
0.73324316256327	0.808566616971912
-0.316628603002751	0.294056281049198
0.729512446518789	0.700099789303905
0.654946037237958	0.206300840386323
0.151714458282224	0.0388912867750066
1.95669114496977	0.512659458057214
-0.313574526352703	0.22713795109045
-0.61617338559092	0.292835503185544
2.74993176721948	0.830491289829378
-0.241866562043846	0.0810837692126153
0.139168000229841	0.0433817694656445
-0.622737887351569	0.313033677236779
1.25816731990536	0.717381511893217
-0.640051550461191	0.165024385486426
0.93640634666493	0.254775499038721
-0.335827918254128	0.274568221367365
0.957097067390892	1.0049360411995
-0.502237284259432	0.596594231197831
-0.182369704206302	0.128014007570207
-0.40715240933451	0.311746825583018
0.297594015164494	0.191572603195244
-0.639151761544215	0.160758461567798
-1.53258394637612	0.568939892639774
0.510274764976364	0.177052124923177
0.151714458282224	0.0388912867750066
-1.04339806761328	0.44647504020799
-0.0513636051694779	0.0343687995614452
-0.746409435549123	0.260085011105848
-0.534155277501038	0.214045732917314
0.147298535161635	0.0299064650853773
1.02030315476189	0.398507228508527
-1.29638408971697	0.633152599982418
-0.797706703641326	0.448408634332449
0.128267262948878	0.0474882967481414
-0.739441498561663	0.264013986697631
-0.115107356702257	0.046281644476415
-0.216951190809452	0.149107484284309
0.340674934047522	0.307008345433145
0.0624405629471877	0.0443195858046156
-0.521715383593028	0.408093308878594
-0.153323326892334	0.0868072830125758
-1.23650313517513	0.961458537622776
0.51148169824987	0.191918737086312
-0.403240404925469	0.174399730274336
1.44209953569596	0.49202318700838
1.31332125956616	0.614983346052817
1.05590589943608	0.525312104468472
-0.553910834906373	0.35463403314299
-1.61425115379034	1.26990154634741
-0.798644425223826	0.436843110768264
-0.23779019895304	0.0816855379093685
-1.53151586580405	0.574497786496295
-1.52824166271591	0.549555586451851
0.147298535161635	0.0299064650853773
-0.23779019895304	0.0816855379093685
1.80758447803752	0.721280060796327
0.407679265771259	0.300028368299949
-0.417433599670816	0.238800706497501
-0.611259268099248	0.602713971514947
-0.20486363000821	0.140259892238941
-0.241587923538651	0.162745591386998
-0.358359045617402	0.103670335208107
0.153182251472494	0.0394690006724594
-0.643902881320565	0.161368815571743
-0.639856157010912	0.158868155145205
-0.361689402338145	0.108124975750703
-1.15150774848009	0.364078757050567
-0.640288352849143	0.157443795432995
-0.638053781472973	0.159413989769262
-0.636440752837538	0.160851189766091
-3.08816781498671	1.00619496834741
0.148375024137636	0.0872558564044372
0.15812937405625	0.0985077611183962
-0.451014276652828	0.452731118551389
0.153182251472494	0.0394690006724594
0.133156753761694	0.0451185252797359
-1.04842602986207	0.44867035504741
-0.251766437966859	0.0777512845916234
-0.809689320784513	0.77343835296197
0.149525160219073	0.0788242875833728
0.717735766292085	0.669608003889265
-0.253378911954751	0.124731543378681
-1.53562965376205	0.57273266881158
0.801274040468384	0.342579601916994
1.80753895631949	0.735539281495884
0.591096772570039	0.313328116432349
-0.163450720813566	0.0618388623357549
-0.745316628206725	0.266605865355488
-0.806904614714283	0.637553861756425
0.317126090326906	0.189646401778004
-0.731725050737608	0.724645417833547
-0.819316409691019	0.679683747910849
-0.474836908047696	0.310857560857154
-0.11544232357717	0.0477900987833726
-0.74111878729607	0.272048451943737
2.33675650252507	1.20151067640403
-1.53562965376205	0.57273266881158
-0.536164567487402	0.208399809462756
-2.30225462858989	1.14162866604138
-1.04136409890739	0.424665264099882
-1.53077755268084	0.542923119444998
-1.50772794244597	0.828052257466456
-0.635928799952429	0.538164156698992
-0.372754774700322	0.296273874125408
-1.02882349613649	1.26264968920678
-1.69164645035375	0.995740845736888
0.935501999577219	0.253169576056372
-1.79885352006505	0.441851175328772
-0.237695463640661	0.0816413996844845
-1.17645560710521	0.690548144813177
-0.115201436717573	0.0475182290829502
0.141095783748975	0.051011525402963
0.152226747053752	0.0996724501799552
-0.503735838746788	0.266561147386385
-0.207322261654817	0.143280295858605
-0.317965031289629	0.150970016931974
0.132429771069681	0.045466875441891
-0.743201468674383	0.27129411111425
-0.163640254633394	0.0617987202008443
-0.415058452084919	0.242845964526865
-0.791464347639159	0.34484807472229
-0.414728884353717	0.228377841045527
0.130717987931411	0.0498881215173523
0.132574631061723	0.0528388050181693
-0.232867313716886	0.0776541147121743
-0.81520811464944	0.537195083943222
-0.533020612936432	0.390134669446146
-0.178219774997958	0.145517875916919
-0.643902881320565	0.161368815571743
-0.638954644635542	0.163590857835517
-0.640051550461191	0.165024385486426
-0.463207473420371	0.505737043404496
0.267777160546497	0.199677869673062
-0.0611618434236725	0.040468997592342
-1.15938110098411	0.344442391291512
-0.744297778161955	0.26441049633475
-0.649679130716297	0.597068106956995
0.748950497996024	0.950370008867771
-0.0268072564381433	0.0222645744368448
-0.51514530965686	0.392848597790092
-1.79885352006505	0.441851175328772
-1.79827108630004	0.44343860950155
-0.749449114715058	0.250075066355058
-3.0872736676927	1.0096627055632
-0.175533931978285	0.14272472461689
-0.03702142373899	0.0251051626392228
-0.343250964894873	0.232154552228265
-0.642804526520728	0.160022734032778
-0.750540514145382	0.258981787791462
-0.639151761544215	0.160758461567798
-0.638053781472973	0.159413989769262
-0.779635563806562	0.358041820883046
0.134196990054445	0.0476746060306298
-0.538228232179672	0.217245564114017
-1.30607119702374	0.558076349617306
-0.157696174847178	0.112880104718789
-0.678619982299071	0.724693470133326
0.170487710263335	0.133519015935194
-0.114528610185345	0.0867287235626072
-0.257420187526262	0.131143168549165
-1.83900812453972	0.78336625832403
-1.04641332497407	0.390990648312404
1.25626556850794	0.700480241599344
-0.361689402338145	0.108124975750703
-1.23808907581615	0.934776819273056
-1.10901188469504	0.755954629091621
1.09931335741802	0.812129955531485
0.155951243402415	0.106547917621623
0.281432339680581	0.156650216024446
-0.057624173187143	0.038053539770894
-0.413692134121572	0.24380707076192
-0.519697197494727	0.39657679951812
-0.16651193383656	0.0628116432481694
-2.12459692553714	1.62062923680118
-0.234793744858454	0.0805021626074223
0.150575043964835	0.0398742802241122
-0.746356613660589	0.273282091273725
-0.742575339383304	0.257690711374951
1.9595146058128	1.16540432486967
-0.0853464712703422	0.0354786063299787
-1.69203118849713	0.95785402470536
0.591762166563481	0.310901308471022
0.150344348526707	0.0908001667418156
0.2748577916691	0.199114940583652
-0.404610125018495	0.32705214944982
-0.106652545570144	0.0800681359047819
-0.0780347986770313	0.0342746690156798
0.0253892288638595	0.0149331366403279
-0.10256194383369	0.063775706218019
-0.987661707677625	0.489792476368873
-0.53152734607241	0.206264871827228
-0.166699851636024	0.0613141886044256
-0.236822024487708	0.0793879419132553
-0.202844216446984	0.107094495538864
0.13496858485838	0.0418758500593107
0.678446431994099	0.333060857815108
-0.496452563760783	0.254595875200902
-0.63734609269436	0.15632283929136
-0.164447948378672	0.061987630845636
1.11857245586873	1.11929750101767
-0.0104885412210083	0.00542991831742547
-1.05105638519746	0.841506527765671
0.771195476375765	0.731336897332164
-0.452373022360652	0.347119512324349
-1.18194482348413	0.701563021555117
-1.1052845778529	0.752073309366968
-0.681595477585828	0.46001542296137
0.430009617159582	0.178807947718548
-0.741173153267972	0.257863364193913
-0.640051550461191	0.165024385486426
-1.29638408971697	0.633152599982418
0.139123744261362	0.0424510535879042
-1.15049600332665	0.365062590327348
0.509239732860762	0.187057893990434
0.145124566471417	0.052487690729556
-1.52930838704928	0.565957082481742
0.5964905664414	0.301880005536549
-0.623767293903811	0.664856441190874
-0.238736863547764	0.107517327005724
-0.326610577234944	0.325464298416103
0.550674004979521	0.438581481450556
-0.332995920684363	0.308640443416331
-1.24683711155854	0.917430781934743
-0.934500398172327	0.66172462387588
-0.327666432870632	0.268069719080938
-0.477902851499203	0.327304466455269
-0.295044951279391	0.187763856594901
1.06087457591637	0.488891403033034
0.28165768810986	0.185224259166827
-0.411672504776714	0.179908248866406
0.149437344912318	0.0387143285458533
-3.0872736676927	1.0096627055632
-3.4640684966896	1.27683465930529
-1.8464996002946	1.13898311558178
0.142971955096055	0.0442241383996475
0.653820669882355	0.212563455486324
-0.167502511317909	0.0629544677645849
-0.0338232856252323	0.0233020352774469
-1.90022797700513	2.66105032914574
0.17682047652209	0.158014709498184
-0.268175869582155	0.226860579130321
0.529115002022689	0.427043013733073
0.161588113950299	0.102206093262182
-1.80224057834231	0.435169887808059
-1.28747950847418	0.599950543236542
-0.320427370749039	0.328137192847319
-0.506611362020106	0.269646616928123
0.0322521385378036	0.019942918681952
0.128792340463464	0.0493485570565825
-0.161566892153295	0.115327471755053
-1.14934954991944	0.361642569623747
-0.665342035418684	0.389881805254216
0.130904708044032	0.0505828968693068
0.146629727735194	0.037888595860908
1.26061732087295	0.695449529793129
-0.0618075660503535	0.0397162475046463
0.784103031299249	0.472854956311769
-0.0753595168281982	0.0485669131772337
-0.912680828581915	0.752297201601462
1.96767100989541	2.23712335121957
0.488627028740353	0.294921416667991
0.141345879979211	0.0425641836366328
-1.50793059475502	0.798417415156676
0.157863638055266	0.102365191772074
-0.0593060322051078	0.039328910452279
-1.27527699321057	1.16563497829463
0.945044098738139	0.911057550684718
-0.552767726791448	0.352899383967144
0.159829910918096	0.109105311620726
-1.1086660910071	0.76901915270405
-0.607718714820343	0.988896054150656
-0.148873667550033	0.123742587733747
0.137085636957733	0.0474765374372237
0.137853002565412	0.0545076249019817
-0.783560026625646	0.361765598683855
-2.57959143539798	0.718828611548918
0.134265901274722	0.0570530220553588
0.0382807226167274	0.024239559697056
-0.803254794482134	0.827513085874891
-0.0468607347953844	0.0376204908830915
-0.766592794621498	0.877836273043935
0.29463971069735	0.20365364761407
0.149353573311438	0.037500046284611
0.594926344615476	0.315530322410934
-0.185598149645673	0.163240821355028
-0.176768191554913	0.143743986004238
-1.30276438559213	0.553542448804292
0.507011659346529	0.516860298829649
-0.414975053846194	0.489446058700783
-0.189759335318933	0.185493622709978
-0.0428692388099025	0.0203237814729937
-1.04339806761328	0.44647504020799
-0.367989161451189	0.106765907384938
0.14854713180293	0.0514452216945733
0.516274472562083	0.562226408495323
0.456424249364854	0.408804085221339
-1.27055019227055	1.84993874964761
-0.238873496893652	0.0813017835792925
-1.84315863125403	0.748298153660836
-0.254074840984146	0.230756615947653
-0.750487914248057	0.25418979125616
-0.162025852836289	0.0593285477593002
0.383382925975463	0.173969910760165
-0.296105403249401	0.323318764531125
0.163486397922158	0.11073318988135
0.223926003659973	0.210844116236966
0.268800606503584	0.184513489672719
-0.443772730657926	0.436908293275346
0.494215289479802	0.317089013701542
0.562637703657752	0.514445335292624
-0.410035140943655	0.174062753355923
0.149557277841831	0.0384747021438069
0.136059592448409	0.0420203261091253
0.0849693157200774	0.111088104062244
-0.29097468400528	0.360089764706838
-0.798080744389178	0.626939855647254
-0.733418822418216	0.611642812111672
-1.17423929242679	0.648596068682592
0.137812511635235	0.0682692372515002
1.0750763717045	0.681147911783787
-0.10351656090288	0.041642784443074
0.321885408957839	0.177035723658794
-0.0745247693290963	0.0337844849174072
-0.0362001147174552	0.0173584009741364
-0.318899008657922	0.147712976083618
-0.802313846362807	0.536611386877745
-0.17117249066323	0.0882910559213437
-0.415303092587183	0.544997326320741
0.0921452466904387	0.0777957219242386
-0.990791462448798	1.89111393899959
-0.253655224807827	0.132381862831199
0.412378458606049	0.301429901125138
-0.107159165627239	0.0775989612484766
-0.87541957397107	0.987060539120995
0.154105032410789	0.0776874552574977
-0.518511282620589	0.406500352555612
0.136828056973235	0.0655136286738556
1.50808293626131	2.20735363377212
0.288210663090841	0.430592742920632
-0.724301676326256	0.703248221322209
0.0896846454563384	0.0922559055689906
-0.166411558616923	0.203780247056767
-0.0328835518346075	0.027097288401712
0.276470089835078	0.311876486260583
0.274469013817328	0.204053666553636
0.584545359755769	0.60835543397796
0.00652168299584949	0.00357150276318109
-1.2078394922049	1.233215326062
0.0998188481431513	0.0917786256329799
0.155134433771728	0.136246072543949
0.0349784428913855	0.0290999443188537
-0.0968833958341784	0.0994939893443562
0.274823915889152	0.287240402447242
-0.263846506303356	0.290851213451021
-0.407477979242603	0.469042204425215
-0.44081284130779	0.454902348629373
-0.415644568891409	0.466999832098124
0.489149035076884	0.62489923789862
-0.103631798162298	0.0767468927510735
-0.46398949609407	0.359858776261778
-1.02301734471339	1.18540325913059
-0.0420580578451471	0.020106389375558
-0.117795819915644	0.0674232005395737
-0.913017656292853	0.769123212063159
-1.02307729160243	0.90861910064001
-0.221789438151307	0.175215266022754
-0.806592853840139	0.818010339070129
-0.128313165634169	0.0944340290761441
-1.05651594648237	1.18924991891951
-0.605033819213546	0.433930115181111
-0.218412717969833	0.148293166154553
-0.084355305350356	0.0530064273321211
-0.0060208996228185	0.0031501986841516
-0.455835433707219	0.392821482515201
0.0713100533999743	0.050558588565572
-0.725004178835296	0.648868132324093
0.710842296529471	0.5613321266407
-0.154616500174104	0.127436539985514
0.0800548539936518	0.0602992130922311
-0.236870765604004	0.154380672753434
0.890691245218377	0.723234426589033
-1.15150774848009	0.364078757050567
0.368490754513958	0.305579029977922
-0.491891064376572	0.669478987727337
-0.862993772277444	1.29348212382894
-0.331824679434198	0.397350349854034
-0.371141173853376	0.467903824654197
-0.0954634530110865	0.103180870540816
-0.912369833561109	1.22759290273509
-0.995090390178111	1.57471577912853
-0.381897593385415	0.42337014982828
-1.20564856859306	1.76840239430281
-0.380012499359146	0.415055112194001
-0.427479670282404	0.504126685737142
0.347374850767992	0.296149128906503
-0.0393156302013845	0.0260688441325698
-0.0861215509430062	0.0668499870365388
-0.657990315163173	0.639178542795722
-0.295015570472581	0.182168315256019
-0.679387947709807	0.466677651892643
-0.665557270798721	0.399024913295045
-1.11083661728542	0.773183051980988
-0.320020894524032	0.154507692714615
-0.206419622128247	0.109255944115626
-0.908349463716143	0.862947166162708
1.76237361546281	2.16291952401257
-0.216752488688051	0.191697863302959
-0.128750959207734	0.10840315939409
-0.0902525064309703	0.0685926562282783
-0.709675388372321	0.834152033362379
0.800641837822039	0.899325050568711
0.0496765371783353	0.0334509845774558
-0.264927681890443	0.198604327568472
-0.740974800798183	0.697405633545031
-0.275622384005028	0.236478887966414
0.231275046044158	0.213950679539264
-0.222384395871774	0.19307654861655
-0.336974060052095	0.200002647555526
-1.14774125887734	0.354368830637343
-0.696790475983927	0.529771916472277
1.94760819507692	1.20960887250915
0.139006957938552	0.0640759770638199
1.66748230350188	1.84952007171999
-0.458962830603039	0.370326830975184
0.154697065114626	0.110282465156413
-0.102668842802587	0.106087070219502
0.167508688045188	0.174372230267295
0.194409831689741	0.256353542746931
-0.305167391048186	0.337390407654761
-0.820303737825199	1.49840029815629
-0.339992948309867	0.388772033105571
-0.772167284619111	1.19095350527469
-0.251762026954994	0.275943397267472
0.161130156495405	0.142649633617293
-0.312212509053011	0.351766713300791
-1.03040709949816	1.79399461505756
-0.812212363211083	0.944620280479418
-0.173876095222373	0.141981671037021
0.839600611133363	1.06999163465245
-0.234402958336574	0.202708497763158
-0.101147999456091	0.0639596350444866
-0.0134976234724586	0.00691022474469237
-0.670121389120777	0.397457303360163
-0.357322172110599	0.198281868667076
0.346410309116634	0.180034990902733
0.933965161008689	0.582097806548872
-0.414443281668145	0.233243207037568
0.24928671183515	0.200586210500527
0.147182582736212	0.0908429990127588
0.0924893120274883	0.0761679098723403
-0.599652824009341	0.593243333701403
0.160097783150376	0.109776382145167
-0.410403963829608	0.317228734545696
-0.378672240853062	0.347709703806752
0.407683960637921	0.404194958241526
0.990055479870591	1.12342206883466
-0.0544265011866004	0.0355266585898768
0.148997392716141	0.11324475388194
-1.58913296950814	2.08625058622673
0.454972061412413	0.425444460613168
-0.557662813463146	0.342887981436823
-1.15166570632806	0.353848826311482
-0.940106009317581	0.641335680627458
0.773015346754722	0.448369713907274
0.155408147977789	0.0959455917700814
-1.28356141986998	0.557396342775295
-0.156317741111949	0.112450001843238
0.283931411468414	0.192926379873291
-0.516938682074298	0.617216299877585
0.120655336816118	0.121480257043882
-0.214817096407336	0.21822102883609
-0.649711668697726	0.959795679098552
-0.413046366143618	0.541714527663906
-0.636522028873633	0.866366108014727
-0.5588227713544	0.703346079639957
-0.622230324941844	1.00438095456738
-0.541631456002974	0.663958141105533
-0.0766037933665415	0.067056926969049
0.0556421349514504	0.0492476337537541
-0.00415557847655725	0.00343514823390676
-0.229252700458312	0.213800283416076
0.239544775825929	0.193768999676907
-0.0357584544909056	0.024487682528234
0.841026569802406	1.02659896701959
-0.359281383173394	0.287108208022898
0.639983999900142	0.4414420868188
0.45359183292106	0.28792066613163
1.8911722328045	1.63136597265327
0.142462644464774	0.0793576613620451
0.52970160540694	0.44642887099173
-0.103393221854434	0.0634825951997801
0.6266607725161	0.400352593555843
0.0400550113649372	0.0330839523916884
-0.203059242041523	0.195737647998701
-0.689966089750796	0.680976430270249
-0.342936000947665	0.316310079344351
-0.615462089008367	0.630510180913753
-0.548030908045099	0.450443664882576
-0.933043737867354	1.19169283043237
-0.488347813974627	0.468528426263516
0.0224824481715733	0.0133364323530728
-0.239007878491049	0.179119333486435
0.822483124362083	0.878941317156698
-0.162157809078951	0.0598705605906774
0.410629281714014	0.307872475165537
1.38898108307487	1.06545061732556
-0.562248223449832	0.361309211522862
-0.808486147517028	0.782172749066623
-1.8327708366515	0.773400670623549
-0.103450978360128	0.0782960333305064
-0.925827847618536	0.749177996588307
0.035992195594649	0.0222462979129734
-0.032391182196126	0.0297552214160562
0.128549655656616	0.131776740546655
-1.17011365826228	2.25783769035574
-0.823380182286681	1.28040525267227
-0.623897151003811	1.02427148837018
-0.596649548900396	0.740239294422837
-0.0266894095914458	0.0238701819341555
-0.562677281531085	0.639534672995276
-0.0831518505656856	0.0645649261638544
-0.258402967317883	0.270181246098022
0.333223947714719	0.366750467600839
-1.1943412141249	1.4977829179711
-0.51822616037817	0.599133274512851
0.165593640649573	0.117296007127771
-0.0592068223024416	0.0386465355879465
-0.0254759532288165	0.0177860088990294
0.00543646984634446	0.0030355256428653
-0.064688578016231	0.0284546730798661
0.147106085713231	0.0745236920249176
-0.96796423656244	0.593927142513373
0.461477733567724	0.309252135985874
-0.806353364876658	0.788051230776311
0.0461717618164898	0.0300356973927296
-0.241587923538651	0.162745591386998
-0.11640950351691	0.0978086934545506
-0.606076645042953	0.570296213015643
-0.303742728831161	0.275949318286178
-0.907812896427083	0.842513733527564
-0.904594002814182	0.867586831461104
0.0290441425701901	0.0175754258076733
-0.621534496348322	0.654988184808273
-0.0800556371763459	0.0508563149091537
0.514288493614109	0.189673710275625
0.600174541764995	0.314472883254346
0.695370408787722	0.430015313648703
-0.572800880890906	0.612832955759338
-0.663017546326125	0.662192044796026
-0.457635308649694	0.456363929465423
-0.646070283149033	1.02237267202253
-0.14198026223332	0.13530954390982
0.225628894713858	0.229536680579176
-0.525130518165738	0.597381782335573
-0.0584280042107815	0.0578324336524589
-0.565518019528238	0.641252234124496
0.0225758672710373	0.0171692773042991
-0.394140389710185	0.411788992180846
-0.0192300777522925	0.0131505949743455
0.225331530255896	0.215462605513205
-0.283390610622745	0.256819937103509
-0.270653351544926	0.205997691160253
-0.125098229156039	0.092002005792142
-0.195114068742989	0.158212263324224
0.158040230180824	0.125090983302426
-0.520062382337985	0.384283628954182
-1.30272230261753	1.60902767993384
-0.20154339370226	0.107467096023076
1.25362303878735	0.688009958981519
-2.086380304582	1.0034842068174
-1.34464535057132	0.872376838352857
-1.12074687788467	1.07792748369517
0.148385965451338	0.0938787948763279
0.768615302198515	0.583555434139834
0.0754210781996556	0.0560012593493857
0.732879403316704	0.810371306105118
-0.979554995317381	1.00436474942718
-2.45465576183106	2.25560087397988
0.0618549433041682	0.0421972624583419
0.435732102487962	0.308216744966134
0.0280853454924642	0.0170443915471002
1.05275532928899	0.543974137405928
0.164385572546528	0.151011570094007
-0.215324277713746	0.224212957966538
-0.410602715930764	0.43066427509562
-0.269317308210097	0.234400170942086
-0.477179094508271	0.31295911144823
-0.168940238837209	0.155331924430273
-0.350874740463399	0.339119671304583
0.719377637600548	1.01630994615799
0.231398028341989	0.219643442938684
-0.335850581429122	0.400826812202772
-0.554177073020307	0.675009955550823
-0.134108704697817	0.110895116691271
-0.410535961481139	0.433140252918848
-0.289089477120325	0.271973528698928
-0.600849681622312	0.602029322516639
0.15948356373409	0.128999782046316
-0.508839898534085	0.609109221926814
-0.0754849463726641	0.0462342701875962
-0.517538480873629	0.531414830971145
0.611688717896806	0.734873086757332
-0.297272937550304	0.299491889225308
-0.727727196058221	0.7025282765181
-0.176078769326819	0.121404446388228
-1.00119471211401	1.29748366199915
-1.25491920259883	1.59520708975092
0.899107586195776	0.794654763513076
1.312260129787	1.51042531394513
-0.503749116758197	0.444519198865532
0.161068363803006	0.108514179238692
0.729724161836242	0.722997915885101
-0.0787898277806818	0.0608249232730394
-0.149222267562931	0.0993704644474683
-0.81927048617106	1.03208445927608
0.389592778452032	0.312362908547643
-0.0473220408830873	0.0290804326322726
0.518294300296316	0.413907247583132
1.362964484835	1.81017957659102
0.0840737262193643	0.0631655771128391
0.107147380801507	0.0948001575919613
0.172037604880859	0.151566228379048
-0.280651535734061	0.296170842173822
-0.301137820462931	0.29813147769738
-0.142839762479901	0.118679330630647
0.215829117972812	0.233834804648761
0.542747020791867	0.613236573937477
-0.585991372084303	0.709908068091223
0.368451505804016	0.378660262070842
0.25733330239392	0.216732386285118
-0.41683401281192	0.28807845802538
0.455410846046773	0.303336785766598
0.251037302059374	0.215735312174181
-0.208585396934021	0.202421218357103
-0.221432048113161	0.193206780108994
-0.634054549712191	0.555710429027342
-0.910818906547525	0.757554027055457
0.240855693515462	0.215848998667985
-0.378551903401032	0.338113985444882
0.325705690278574	0.308007619944581
0.478352322863479	0.417319479711957
0.361090098569011	0.310837475134477
-0.340662993210105	0.206768594890351
-0.40932788489527	0.367999067177796
-1.01561896585154	0.87659717340436
0.847373288343732	0.597464852548586
0.159411759563176	0.117173233557597
-1.05484624171042	0.815360119529654
0.0048936143053537	0.00274157537122439
-0.0268656758585864	0.0188347464388501
-0.458328773420209	0.439375959912483
-0.691313760300755	0.490367215323881
0.268215182716072	0.198181614746239
0.0205838007595039	0.012125397104371
2.12970964457336	2.09153017061356
1.12715944115767	1.19331276550995
-0.409553963921264	0.357691882737629
0.155043747302592	0.102563962101044
0.81176411191767	0.829566257842889
-0.498162168150075	0.438834236917233
0.302748781669608	0.194374154185335
-0.0403484917957902	0.0407884153874779
0.0769337816938052	0.0866363853025689
0.00978822555954869	0.00818816109271753
-0.0732505150302708	0.0656168178854428
-0.161774883551349	0.162286833326025
-0.291360142001613	0.370018274416598
-0.00562221869938023	0.00529881260814155
0.110829464830339	0.0959918955635464
-0.317170401165593	0.318064196033733
0.230414579893153	0.213729146225588
-0.569481464729367	0.591643677661717
0.156677671321141	0.121157617389227
-0.227792699795433	0.192683988885365
-0.755582374040223	0.91079957009115
0.00583071799522184	0.00382638188136439
0.245844028134445	0.217541536372114
-0.201473913034317	0.158781046624725
-0.387852235007783	0.384467322024769
0.0752852543681198	0.0562769333047443
0.828077236113768	0.840317768874641
-0.143463279147752	0.116263249649998
0.0141624278088313	0.0106713139794648
0.371878285303081	0.360455223021617
0.235580380338429	0.21834450538598
0.692017933511991	0.698035324904725
-0.131588025952675	0.110215853031804
-0.515405512617066	0.555416003267191
-0.186082040039771	0.150364859483043
-0.278509978279389	0.240134288481145
-0.588005890958022	0.69192947949385
-0.81647337434267	0.77806572910765
-0.555320017461224	0.471995959806058
-0.281122788150077	0.176031009385841
-0.107914774980248	0.0814205818549117
-0.621104283329925	0.654379214483361
-0.086306012928235	0.0651786590860115
-0.120562450743657	0.102118816496632
0.167515508679544	0.134113528709007
0.00494948317890058	0.00324387985219851
-0.588954719937263	0.530116109104163
-0.0194463583646194	0.00981207781411321
0.161518452800914	0.111265854074927
0.136406289435703	0.164308791624199
0.674527431013045	1.15275521515152
-0.351330134854028	0.463468272292749
0.0752798093565517	0.0751995194571563
-0.143103446104501	0.167243937950363
-0.31626847384698	0.384368062841875
-0.260982821480383	0.34903097991529
-0.320666822193166	0.487351397065672
-0.501263949636078	0.713563883379125
0.00689848403430222	0.0066461459272479
-0.144102300314976	0.130506161047235
-0.103113942505274	0.0746593057462916
1.38855320164318	1.71701470752696
-0.587206913271982	0.627625299346397
0.163882612152771	0.132003358536172
0.160617178912239	0.105461454641581
0.15148538744284	0.10389853936672
-0.22380082836723	0.178269183433363
0.499843041582565	0.502563705951922
0.623640432636864	0.688435102863252
-0.151090400328616	0.139112449104765
-0.178161754850459	0.147027551204021
-0.707543259716283	0.583786234820528
-0.566576457865359	0.56071314535319
0.0671978467239748	0.0490902886698303
-1.30880816235318	1.61295532215089
-0.67844459476918	0.913471762580509
-0.0618531977435426	0.0494563458405218
0.166090076801367	0.159949124319777
-0.384265992237246	0.378446714487181
-0.357724570239184	0.204056235154285
0.693389977628853	0.450441081593538
-0.201276745551786	0.104268529167423
-0.100585150498882	0.0622906775948597
0.0250246833651553	0.0144499232671547
0.16189499203951	0.10615327924142
-0.0362442489386975	0.0248610465178528
0.112166955838594	0.107518090248177
-0.0334418938469216	0.0473189347178346
-0.181393347144132	0.251256518234662
-0.31616574107789	0.474820283614696
-0.111689200706356	0.204442421147392
0.0329267897726516	0.0315020691241852
-0.455981025454085	0.871991823218591
-0.50065498722913	0.872826836856154
-0.287097788614011	0.181473806896924
-0.805471915790801	0.527871605593188
-0.253775347622275	0.125873770579182
-0.403979824664925	0.176521636526113
-0.238777039511463	0.0793640368707419
0.652695912520095	0.213141993776578
-0.232867313716886	0.0776541147121743
0.0675193769092712	0.0501950778817435
0.222625634638319	0.242088819432775
-0.407706934423995	0.442634510601207
-0.442339627335642	0.471201224425229
-0.554131456087577	0.62412823377665
-0.786173474151281	0.357404743207727
-0.665444643670027	0.395751444001053
-0.239756335004401	0.0778031723196444
-0.204275706560417	0.111114322726964
-0.943204072261094	1.14367638147548
-0.184046974074533	0.126898671550694
-0.787864087605567	0.341680993472445
0.150575043964835	0.0398742802241122
-0.109585494410648	0.0431764860769144
-0.142358592593181	0.100027522183848
-0.0202388888509024	0.0203854313799465
-0.0722312022121169	0.0468531377674942
-0.402195936810281	0.494379867990551
-0.432941142832658	0.559546915526453
-0.000509686846183969	0.000285381416666694
-0.19422549688586	0.104000945346189
-0.857217955393518	1.29564020135878
-0.808427292624982	0.708946498954203
0.149942409522206	0.0296695603684523
0.651571765273664	0.207237716455378
0.14188067506036	0.0431347266598017
-0.213265792806945	0.146408484438817
-0.635127065251184	0.550930508827166
0.100957658357315	0.0939947150126209
-0.0382033107526964	0.0563035564029292
-0.806218557152041	1.81012126423328
-0.215417165769791	0.253638845979979
0.139976928864768	0.223946460377043
-0.434586513141973	0.562194628295664
-0.0897244472309603	0.112428882739375
-0.552853985217184	0.823095721719159
0.896752831125924	0.756835313226921
1.55619409578552	0.826891165505306
-0.250874075895412	0.126681748487953
0.132451920953857	0.0466455087584858
0.13496858485838	0.0418758500593107
0.150575043964835	0.0398742802241122
-0.68086812156182	0.624522398119333
-0.545914718693518	0.210318090533408
0.701561681524344	0.718252488832036
-0.245723064662772	0.158758281886651
-1.04736233754976	0.430582208132322
1.02302297021139	0.40007828159001
0.133924263595915	0.0407371768928001
-0.0246180427004031	0.0161539930689641
0.622150700760209	0.879049621661572
-0.060146096145148	0.0390944720351778
-0.0244597158340864	0.0198125185146735
0.022429083758735	0.0194844617349212
0.0771795415598866	0.0590348458209463
-1.33623627111455	0.84703504507042
0.326244633766	0.305209587863872
-0.809038963438272	0.620238335646442
-1.14833763115789	0.351429943173082
0.147571338722617	0.0296534813215984
-0.639151761544215	0.160758461567798
-0.149780220729853	0.130556231777881
-0.102690523833207	0.104811660987042
-0.101799251008789	0.0966257503188414
0.00953135916818345	0.00835442112268008
0.256845882612972	0.316004577916751
-0.549954245186844	0.860800253700137
-0.168324800388189	0.179129864916633
-0.597367752280961	0.87203282613654
-0.397412438146699	0.634808356010609
0.0721538403877119	0.0689770650063752
-0.199758653960063	0.178786104175265
0.157062089838225	0.13449337466412
-0.0156350036514434	0.00810431428661218
-0.317577903859858	0.146604855034709
0.588380312894184	0.297531186113908
-1.53670138265931	0.571696966677706
-0.795454292422841	0.441755876165128
0.139875867688815	0.0595267436917016
-1.18429793150035	0.671129182446281
-0.933494298067241	0.68287646513989
-1.01530094407209	0.914754959239212
-0.552768654408719	0.330198695576035
-0.25869597041676	0.132639266196688
-0.784286244631842	0.36313389250125
-0.498339159586545	0.265756982621852
-0.64925915219171	0.586137256595307
0.159444065863746	0.113963046617426
-1.11981699484278	1.27655467037696
-0.0481677178721294	0.0312142834212261
-0.464208151470689	0.363994153278875
-0.118938311003278	0.0711869604265479
-0.136247311591081	0.0926977083447277
0.672663679997659	0.321538221220688
0.138352980593499	0.0460470543968895
-0.784561510703363	0.363836867465963
0.135015906227356	0.040886012118548
-0.239823372040461	0.0805632339047551
-0.506602912444137	0.271781529118813
0.136059592448409	0.0420203261091253
-0.121622961781302	0.112162848206979
-0.142096097404507	0.124756054336797
-0.178475496521512	0.22778198364095
0.854106431541295	1.86486328940044
-0.0785127259152552	0.0698793183702991
0.13000667517917	0.134879875448668
0.0960719090249325	0.119602907535565
-0.267929703132666	0.346902947131407
-0.288503457508915	0.313206902522768
-0.26017042383593	0.222586247657171
-0.465420776090331	0.369968466502638
0.144013731109022	0.0446680190904957
-0.121750641652145	0.0471989053586034
-0.366912679142292	0.10867450197924
1.31448444307801	0.555327372148863
-0.480199750830568	0.316108276975272
0.46091791821806	0.299159236199235
1.55214127422101	0.806514162297701
-0.410952476522188	0.179349783736269
1.2584648924379	0.726561423807801
0.151376470306699	0.0973944040144373
-0.0990686652977164	0.0755297911093046
-0.179002342774914	0.119794518181138
0.177045940273964	0.116674475739105
-0.107159995036059	0.0647567169209545
-0.598295746917919	0.432860715049825
0.278535001138937	0.202452707357132
-0.639151761544215	0.160758461567798
0.646344897352587	0.204467794280262
-3.09089977214389	0.979262507080299
-0.638053781472973	0.159413989769262
-3.09089977214389	0.979262507080299
0.504324074413475	0.188223232242347
2.750998534728	0.856347257355128
-1.44804110064121	1.86482069974171
-0.114020937851193	0.10582334381439
0.21714211744423	0.221762835479098
0.0705256140169779	0.0918443623636734
-0.378665665949633	0.614632003665622
0.605263043187063	0.578866583563048
-0.388126071057809	0.533490146149674
-0.030000064723523	0.0392817549725152
-0.495883407417436	0.512583166523319
0.0881583571030968	0.0869716527090702
0.162396679813384	0.129010674281872
-0.535434333049519	0.213943313751671
-1.15049600332665	0.365062590327348
-0.745259487398754	0.262919870951982
-0.140342935623876	0.0985734748761166
0.134667946192871	0.0653953793596159
-0.53646428094626	0.21525941047143
0.940200574145807	0.253749297128023
-0.533278904561969	0.214121651489417
-1.35439642355248	1.14258204702338
-0.256623061054218	0.241866887293215
0.672199313186346	0.592260815009706
-0.0860617750431322	0.0666179946607878
-0.624283480469517	0.652931958279585
-0.509153816117355	0.263674942442765
-0.350338781455407	0.247954237183068
1.45582602338021	0.861999007421431
0.155347612608017	0.0390265755881082
2.75347120204764	0.832342619102868
0.152161071013775	0.0381379190946737
0.151592021674215	0.0391867731421967
-0.636440752837538	0.160851189766091
0.146530154194694	0.0296723933695664
0.657996156142382	0.207163494216171
1.02138727952061	0.394754610362591
-0.640051550461191	0.165024385486426
0.147571338722617	0.0296534813215984
-1.53342097681294	0.552979410527908
-1.34079296067601	0.841038371558946
-0.127720585350946	0.076743509912247
-0.328125829738852	0.350664683614916
0.778622995258713	1.0769809518661
-0.0206414476058406	0.0241554304295611
-0.613821877170116	1.11472595087802
0.596474026261738	0.305986702450084
0.168214135100698	0.157504245156972
-0.15654334083161	0.246905946709933
0.159084503638063	0.136508166102379
-0.163989788072079	0.186112860510714
-0.733364154514163	0.713791679182253
-0.324332634971372	0.151801021777346
0.0298357510431789	0.0183105181274034
-0.316645071197373	0.149812795589409
1.44312568398976	0.495883856806621
-2.58035413683893	0.741528858997695
-0.6597347297693	0.362790146077304
0.0222342558604355	0.0175204543051723
-1.05116895675835	0.824048887965883
-0.592438871508375	0.712144606058767
-0.208377824950464	0.217304920991178
0.0378252766999957	0.0224124920102014
0.137102609628929	0.0415837245997306
0.149437344912318	0.0387143285458533
0.654236796829969	0.213945380780958
-0.742214024546646	0.265076593943061
-1.79827108630004	0.44343860950155
1.95669114496977	0.512659458057214
-2.58111733796692	0.714610945265779
-0.746356613660589	0.273282091273725
-0.643902881320565	0.161368815571743
1.81282855236369	0.694011544633278
-0.638954644635542	0.163590857835517
0.499512221492329	0.308191658213972
-0.568951762834044	0.659242638028118
-1.18946459184351	1.51994248133214
-0.183906040769052	0.27631644878961
-0.0687933369447312	0.076785467165607
-0.120024007244484	0.0713108148060761
0.257179862254172	0.25493471472891
-0.234715557730322	0.401370388510623
0.561624416410404	0.701005163274981
0.575111949583085	0.925246401781715
0.41982074649186	0.40571998672077
-1.29943533778218	0.589726005890001
-0.813335649469789	0.597871295042182
-0.256308197013137	0.227080366605288
-0.227481879799288	0.198470800282633
-0.360087695702863	0.10401491121416
0.153182251472494	0.0394690006724594
-0.459993466416231	0.359752725062113
0.584685196196492	0.29769753870888
-3.0872736676927	1.0096627055632
0.145491028290931	0.036825262301477
0.808120594371091	0.349800520545598
-0.643714364473613	0.160090454835933
-0.129527338999359	0.116793854209528
-0.537346054879039	0.217331390886752
-0.151298637163175	0.11831784709254
0.643649056029695	0.756321109626135
0.150494947388821	0.0714780609818368
0.15184064929996	0.0987832439838643
-0.232867313716886	0.0776541147121743
0.142603537440228	0.0792157507318308
0.147571338722617	0.0296534813215984
0.935501999577219	0.253169576056372
1.95768385432882	0.509240283014783
1.95669114496977	0.512659458057214
-0.594066881038064	0.441151474708201
-0.141035957636236	0.1705565362717
-0.473258933783165	0.31501938054387
0.155083463464884	0.13856459539595
-0.23236260205808	0.414517894888841
0.358627129307681	0.375198432631144
-0.199680589219139	0.206296921997977
-0.179815427254339	0.124104392730319
-0.54530246295873	0.319216628456514
0.0935733564981901	0.0834752285500649
0.161737176067872	0.114449869210329
-1.79885352006505	0.441851175328772
0.0412660530666911	0.0255194568039431
-0.571862963395426	0.328357614785272
0.147298535161635	0.0299064650853773
0.939102233359381	0.253860909335715
1.25730917789754	0.698449956448178
-1.04146706489408	0.429278291239433
-0.0220421817053506	0.018252105919142
1.43922850881538	0.891478625847695
-1.05352393298725	1.50184749467726
0.317108173474927	0.300663897255065
-0.208580786482247	0.110461356489862
-0.809755054442021	0.904261131745246
1.55214127422101	0.806514162297701
-0.24444348304534	0.19156129398926
-0.560083762097437	0.359785420023311
-2.58466475834283	0.717819400011573
0.146530154194694	0.0296723933695664
-0.640288352849143	0.157443795432995
-0.361689402338145	0.108124975750703
0.152732391175414	0.0382714049770349
-1.14833763115789	0.351429943173082
0.0266395288394678	0.0244761435764562
-0.100715760301777	0.0596926804036713
-0.279184019544289	0.275570642943582
0.255201933911334	0.376754729596689
0.38479146212842	0.467234220417136
-0.13490029530943	0.125419801608386
-0.181639549730383	0.127962493428768
-0.742214024546646	0.265076593943061
-0.0521645372246678	0.0347023654638584
-0.815431263500998	0.811129777271308
0.000179939671352839	0.000067389719016315
-0.516034394447192	0.461954531949791
-0.267390740200297	0.229308440585182
-0.169341854317691	0.092545238756683
-0.355018117708771	0.205611488064776
0.522822211930386	0.287953083896346
-1.1554350298159	0.363497790570843
-1.5288025806516	0.552844657042527
1.2611100807153	0.728454130006173
-0.111680907526018	0.0952052226990136
-0.355129614657193	0.207373035050262
0.16152534443369	0.139991219509211
0.389623631282648	0.30994154694228
-1.48812665631314	1.06384888051261
1.26887627058492	1.79111671313554
-0.111247230202704	0.0450068009831044
-0.412678096765015	0.22824475055519
-0.0475292788454962	0.0219032109530794
-0.747450320790416	0.266309992258053
0.153182251472494	0.0394690006724594
-1.15441539366439	0.355848450407468
1.440502280487	0.494214957169554
0.151592021674215	0.0391867731421967
2.09744350322305	0.97111891999974
-3.0872736676927	1.0096627055632
-1.33950570326666	0.852887130328233
-0.415167385029166	0.589430997570243
-0.541791566653403	0.59266881089159
-0.149325474482353	0.147175508578533
0.180430684427744	0.278767656830375
0.227344459416904	0.238918445070044
-0.0603094923664248	0.0531025805827276
-0.0321916493235974	0.0214127317053393
-0.362761418010383	0.108072109203298
0.880862165008313	1.07882704898056
-0.400863823718641	0.35976119281189
-0.0926541863562601	0.0704296313922721
0.773577711048075	0.708196326815416
-0.161614541510506	0.0914898089774187
-0.678956621864037	0.456417883966447
-0.405910709671457	0.17371470468319
-0.745316628206725	0.266605865355488
0.290960595873485	0.203200113709496
1.44585397795401	0.947571526238211
-1.79827108630004	0.44343860950155
-0.359430665610289	0.106502760621845
0.154202638323454	0.0388280986901736
1.22240541011817	0.992251367320339
-0.1299558377969	0.0951209128626533
0.779945551435007	0.614456189545033
0.0789325481793571	0.0611263605661503
-0.0704411656418833	0.05443323434657
0.535571265131279	0.315233631043124
0.868003435193897	0.886224417988552
1.0695730364058	0.653701610520656
0.496699217976064	0.431970685593936
0.508483379289729	0.18603731719166
0.148340847278699	0.0298858287200156
1.43936351386259	0.496241204441374
0.14278047506627	0.0286976566342611
-3.09089977214389	0.979262507080299
0.147571338722617	0.0296534813215984
-1.14672516880979	0.35527770214058
0.147298535161635	0.0299064650853773
0.147298535161635	0.0299064650853773
-1.15166570632806	0.353848826311482
0.654236796829969	0.213945380780958
-0.744243815324205	0.263503462495517
0.14234488743478	0.0432003227063061
-0.367734420452352	0.613678682389249
0.560637976605286	0.884016689239521
-0.122193885563959	0.120604155253141
-0.0363480737051401	0.0441481749412045
-0.0698474013061803	0.0436613167652316
0.0483825141329654	0.0320865986031688
-0.742381934897426	0.802029381877687
0.0542181813737895	0.0357148029100934
-0.25054168344711	0.128370130086931
0.557583533549391	0.439381812918563
-0.362761418010383	0.108072109203298
-0.539110813223045	0.215068803165058
-0.107158176462257	0.0439460290259027
-0.0984552437024536	0.0620403839583175
-0.343617478467495	0.201542752206954
0.137964846958547	0.0466767933635548
-0.0745483103125491	0.032108056290333
0.321679237525596	0.178332257085562
-0.520767808699759	0.391333686354585
-0.203192288087195	0.162645396710583
-0.323151894059744	0.237717183616185
-1.13519186776239	1.59977398695622
0.232230253919058	0.214438737007523
0.293411345713736	0.200727569280498
-0.213221821715288	0.148428094170287
-0.0204270055378707	0.0102021863030028
-1.94339057827858	1.90993242982113
-0.360560346528662	0.110506092787366
0.149437344912318	0.0387143285458533
-0.238758896681001	0.0823215813233085
-1.79885352006505	0.441851175328772
-1.14934954991944	0.361642569623747
0.147571338722617	0.0296534813215984
0.807131334433253	0.342332134261823
-0.640951987120562	0.160195969285506
-1.80224057834231	0.435169887808059
-3.08816781498671	1.00619496834741
0.937499190632754	0.261653783809326
0.145054840241155	0.0438901419175188
0.513413765062622	0.193475044005298
1.44198232062639	0.484943359002049
-0.366862990219358	0.108975842075023
-0.0638814778399084	0.0409514130780017
-0.273240591268298	0.231954670920063
0.434550284855853	0.314639553897792
-0.447320019639803	0.375675212118026
0.0813188765835004	0.063708540045573
0.030549898351877	0.0184135355479559
0.43931004650131	0.418489348698009
-0.531688194853914	0.511335853663948
-1.53726022563381	1.60016483125793
-0.521520828193092	0.396126087579879
-0.620608318819995	0.285301812356486
-0.663512961298804	0.390307515556346
-0.164176052174159	0.092166771236194
0.767943181075824	0.812960716073183
-0.59684188172713	0.446757902675693
-0.610384435867246	0.60651340721037
-0.255723359288203	0.123596654290777
-0.111464639417467	0.0455964909740378
0.0555671772075669	0.0355337141899711
-0.20782177358455	0.143162791857003
-0.818936010374708	0.82476286658065
-0.111678769405384	0.0838209298206229
0.541105982265961	0.536259787951613
-0.276456736428435	0.238257973430943
-1.23310732121664	1.43511410993589
0.249208176288055	0.212954859993303
0.0637584792243044	0.0449943938848569
-0.177636959619997	0.123778604514665
0.150655495069941	0.0785066589833434
-2.7951853610134	1.83259680281272
-0.408741634422394	0.179124317467852
-1.49221794796122	0.956359901267006
0.149557277841831	0.0384747021438069
-0.539255619735332	0.209143864739704
0.134365677383912	0.0472680043000072
-1.03942248177119	0.428820497755674
0.138799006280562	0.0427246721841037
-0.108306419331988	0.04486469338739
0.155347612608017	0.0390265755881082
2.09635811627963	0.973998300634346
1.5201288675325	1.24605848159405
-0.16651193383656	0.0628116432481694
0.133877035023476	0.0405706272598696
-0.562666042745301	0.34762373532253
-0.163450720813566	0.0618388623357549
-0.621550261712583	0.311118911849645
-1.1134553726955	0.768635109973517
-0.412300793729991	0.174215730804271
-0.814199291091377	0.62382853181787
0.595178015092687	0.447805494560307
0.0354904263206079	0.0221009514156951
0.0783862601514655	0.0591359002844785
0.162619043759453	0.124622583591129
-0.404675641400856	0.327100852753391
-0.0717477875162343	0.0468844445986038
-0.108063321808226	0.0654579771138311
0.041811151998328	0.0245147425522001
-0.687599570478092	0.474418797646099
-0.965744196243094	0.606144369982894
0.138184059153725	0.0592752542579593
-0.931913763882884	0.682744660897901
-0.0193291016905761	0.00979888941403183
-0.411704896749966	0.217697520965197
-1.17155230134679	1.01944554971964
-0.567537782986233	0.348883351523765
-0.353065341500611	0.208447031213439
-1.24511677922336	0.94062784280786
-0.799560384103812	0.744921893518493
-0.0320845706037531	0.0147522052244633
-0.193238663817284	0.155914410862868
0.16064117750639	0.109555919230972
-0.15499719502132	0.0863845837133476
-0.451560663246716	0.344340148395115
-0.623675003067679	0.512543200792133
-0.880889785492439	0.960871433198759
-0.592964293767805	0.416781689288067
-2.12510955877644	2.25029187213376
-0.321129838482106	0.15140587991954
-0.537495307858972	0.209701019088875
1.43822645060161	0.4814693304651
0.140156610400495	0.0482528832876944
0.798344741313823	0.346915704408962
-0.746356613660589	0.273282091273725
-1.15428849861567	0.360128618139807
-0.609419790633197	0.286149620252602
-0.362090872388863	0.105121598450216
0.893962956392275	0.491626181000534
0.505461694858685	0.183334043835953
-0.619333132084838	0.313923549999779
-0.740481094559774	0.26196799815237
0.654236796829969	0.213945380780958
0.648588432898613	0.209676886912635
0.940011504003477	0.255477646254495
-0.693418060067096	0.486945449746868
-0.647784780198364	0.579792493870732
-0.179065945357843	0.127400861401652
0.063718214945094	0.045017503033619
-0.452742934262772	0.436653960817075
-0.694434413456577	0.487000683800462
0.441761205407191	0.316147225723675
-0.783951080334694	0.348188553296096
-0.663321261642708	0.386141062867433
-2.00571260217764	1.25635373730868
-0.0627694261149943	0.0266652282016702
-0.0469778435108841	0.0224460084471849
-2.30058492945105	1.20708575092849
-0.197806695061845	0.107208917044192
-1.11405891614132	0.770445692259346
-2.0482719902242	1.96209045126767
-0.158104159059116	0.0925865523495551
-0.28091847831839	0.216941925885431
-0.414126400642087	0.287659089711198
-0.196394621727388	0.101175167505086
-0.121981185608262	0.0728634716648554
-0.807426136632389	0.526118263279171
1.13520969378	1.21915425869145
-0.695449631866438	0.481730712030366
-0.786622900489767	0.362366223075524
0.128599476477174	0.0437162067167608
1.440502280487	0.494214957169554
-1.05356821355632	0.418422773072408
-0.359488922044695	0.107399144350341
-0.74325556589109	0.266496707150431
0.135888303510376	0.0420887806011634
-0.115553773396238	0.0460221403883338
1.80753895631949	0.735539281495884
-0.314525187026086	0.143524454151037
-0.361689402338145	0.108124975750703
0.150575043964835	0.0398742802241122
1.95669114496977	0.512659458057214
0.136012236058411	0.0414376999459869
-0.74111878729607	0.272048451943737
-0.421911802130138	0.169441432690074
-1.04243230844476	0.442292931729212
1.26505522837819	0.664778780041275
0.500230076586445	0.176601634257929
0.655313317434002	0.208900116150514
-0.619950768236023	0.299255812329588
-0.324110431516663	0.15471073731306
-1.05274969072026	0.817947376636943
0.00140097814635386	0.00108803102805465
-0.149279968751846	0.138260392379975
-0.872937822586735	1.05797412273642
-0.690046384691937	0.762203290719244
-0.322691787270738	0.288553290228002
0.236186892249382	0.206094046779047
-0.160520863239539	0.0595971805995578
-0.167959560593104	0.0611486891241379
0.135279084378769	0.0655524534802293
-0.125255569126561	0.0472782905971758
-0.203698156393539	0.110627401773596
-1.02229415831948	0.943023810457784
-0.251483115627869	0.127889475232773
-0.501197323690718	0.433729574927456
-0.408059316013455	0.329920474978076
-0.263264917085669	0.22133172140745
-0.24911514990766	0.164105722262139
-1.83387729845652	0.781204714068644
0.13807845482994	0.0420246516498512
-0.240890791537841	0.0803115391508017
-1.15049600332665	0.365062590327348
-0.788222548200314	0.365529129468166
0.491659699194483	0.308752958340887
-0.361689402338145	0.108124975750703
1.56326345478609	0.775940017987127
-0.238777039511463	0.0793640368707419
0.148340847278699	0.0298858287200156
-0.533124692221248	0.208500209328121
-1.8327708366515	0.773400670623549
-1.1554350298159	0.363497790570843
-0.53646428094626	0.21525941047143
-0.0700895640638406	0.0301796082943831
-1.14833763115789	0.351429943173082
-0.472949992753429	0.436787803774652
-0.368039946183758	0.401268418276244
-0.0527411220165318	0.0421432406061428
-0.337681007000036	0.296628063883088
-0.0482935532662771	0.0215770634005903
-0.533432171362934	0.208229775442145
-0.785169731951607	0.355423777323475
-0.0471451616086175	0.0218182375974397
0.254356121244909	0.193616011950099
-0.281999096195337	0.170366690477753
-0.480170121220341	0.318439294667852
-0.644956306298663	0.580443110131502
1.0529354730127	0.540888228582563
-0.356869186364459	0.103873748641222
-1.14833763115789	0.351429943173082
0.655364036119464	0.218674474525788
-1.53449212145706	0.567056159779366
-0.360560346528662	0.110506092787366
-0.636440752837538	0.160851189766091
-1.53151586580405	0.574497786496295
0.655313317434002	0.208900116150514
0.146530154194694	0.0296723933695664
1.95997232694509	0.502827444432226
-1.79827108630004	0.44343860950155
-0.457055399521109	0.392444832360564
-0.230062489352584	0.173454139157761
-0.31045038848186	0.2201934397683
-1.5085271959653	0.82341716190178
-0.131824423428871	0.0951723147407986
-0.41115939055927	0.234232554168622
-0.70931117145291	0.564798939866929
-0.558586314598915	0.568526776958435
-0.320467617734818	0.151291354311241
-2.58466475834283	0.717819400011573
-0.639151761544215	0.160758461567798
-0.365836989763007	0.106464687450847
0.149437344912318	0.0387143285458533
-2.58035413683893	0.741528858997695
-0.638053781472973	0.159413989769262
0.147298535161635	0.0299064650853773
-3.09180216433298	1.00300677259101
-0.638053781472973	0.159413989769262
-1.14833763115789	0.351429943173082
0.150715901937816	0.0298994530276061
-0.125741719302319	0.0760748990191333
-0.516188134983911	0.400238306605456
-0.896644405056986	0.829428276337054
-0.498976040795509	0.264342847916514
-2.58822998350813	0.679441061169077
0.509367090253274	0.19233555776527
1.01921861300587	0.396644684199019
-1.83484563549255	0.778771858376252
-0.644811631848036	0.161435053009276
-0.558654729678573	0.365409902392689
-0.359488922044695	0.107399144350341
-1.49914732120512	0.777634427020144
-1.68750690868971	0.988536633156715
1.44312568398976	0.495883856806621
-0.366912679142292	0.10867450197924
-1.18404578822442	0.675833767516742
-0.23779019895304	0.0816855379093685
-0.409702837306896	0.175399016182448
-0.644811631848036	0.161435053009276
-1.2892277886106	0.598414831591047
0.151592021674215	0.0391867731421967
0.134269695242213	0.0534796043500977
-1.83900812453972	0.78336625832403
-0.541304284053491	0.217969795952729
-0.165522389989977	0.0618897901609697
-0.619333132084838	0.313923549999779
-0.640951987120562	0.160195969285506
-0.403979824664925	0.176521636526113
-0.238853585534742	0.0799568001465923
-1.27389496668287	1.14451457412147
-0.0758180526487027	0.0338325483843283
-0.401301380236133	0.274215030996943
0.318256682981266	0.190947091098784
-0.895913941650695	0.888069699409649
-0.422645791884402	0.169575204804844
-0.785081383438231	0.362906976960149
-2.93276495863429	2.13284320314142
-1.0809912282711	1.16042930418479
-0.967630867387834	0.598937776547361
-0.243155737217368	0.112707193524595
-0.177979223091744	0.124520270313012
-0.572570464675093	0.605597220737012
-1.33783605473812	0.815619026222265
0.595983609890827	0.442829240734829
0.312418653928205	0.190121880564459
-0.683075129850828	0.483580345975168
-0.209072582120132	0.141394868524015
0.137085636957733	0.0474765374372237
-0.565951126327073	0.343510340125415
-1.74586879103492	1.42149083012619
-0.711763981607827	0.577025463288054
-0.11240501794598	0.0460781936508248
0.143965325031614	0.0428435558990404
-0.236727855931232	0.0810119912872077
-0.311145090004771	0.224114542200441
-0.721217255171924	0.637976048287669
-0.806591878294136	0.620607923752692
-0.201035857140789	0.133235193519019
-0.69897244558103	0.557793929211255
-0.732399471191909	0.71849684206024
-0.808916703279614	0.761452691253454
-0.346086203716092	0.201967982351996
0.152578814348288	0.0885850392839205
-1.74767639542992	1.91191242225613
-0.163008619738073	0.086064846807958
-0.176622080138534	0.124311859107814
-0.462043920974891	0.397890281070589
-0.302078299388584	0.253051026872738
-0.274847067839254	0.209821964442034
-0.704805374116331	0.546486571575614
-0.243796363156039	0.0832740997549207
-0.0550945913928666	0.036680211377427
-0.521221968790882	0.453606960581299
-0.637678079080703	0.570070544171012
-0.797615785880499	0.594891400323553
-0.132510167437702	0.0973679737713548
-0.332196090993014	0.279464757744734
0.0654102042598561	0.0451761432184465
0.00364138339285056	0.00198791633677259
0.66657744486196	0.587787373586335
-0.150456216668085	0.104430324847921
0.0072708453617839	0.00381967667883682
-0.0982507529057381	0.0702005833858725
-0.530737404781093	0.47650173806264
0.154662734514482	0.100019627366283
-0.417433599670816	0.238800706497501
-1.36963339758594	1.73726253424673
-0.462193089959557	0.37278931516515
-0.622919217921087	0.528322187904844
0.528208638876087	0.299604098234394
-0.981466081160322	1.04131642665222
-0.019015277312743	0.0131033313534872
-0.822567249770833	0.562221558228679
0.557696382338731	0.44056365929089
-0.183094137865912	0.119807373603278
-0.172783315508137	0.118278729869934
-0.323178216181641	0.153845670382338
-0.980293725101309	1.06702913719137
-0.354748475500717	0.285361465131992
-0.552326919382132	0.35063627261967
1.11706676070041	1.19039922562014
0.456518193485713	0.402625273106764
0.14221410926657	0.0728849432963865
-0.18069071241484	0.127132862294998
-0.0417007265816613	0.0273502371981485
-0.0668970246182036	0.0419096303107623
-0.403986332538318	0.320515766117895
-0.807047011031792	0.443962418478548
-0.409589471100648	0.178797735474755
-0.74849187540897	0.266103695673645
0.0210544987098697	0.0123363024498596
0.151753589730191	0.0861199095084676
-0.944689232674661	0.687415741001475
-0.808765761276094	0.619037391198555
-0.279983714643853	0.216073880532203
-0.0774601040769629	0.0602024197758511
0.0698629430008068	0.0482986856443644
-0.920831335464972	0.785427605356846
-0.207564975554611	0.144392388445712
0.160746282485268	0.104371911367072
0.623889482969628	0.723159284213228
-0.100585150498882	0.0622906775948597
-0.00113512350133878	0.000966533863027647
0.672181747116448	0.573093418483596
-0.212198455043014	0.143771779504363
0.594370144052324	0.648406708405691
-0.492578967104332	0.463735989966196
0.462324619009382	0.398814988354022
0.157914884190399	0.120027514755289
0.496698059596359	0.434886640619558
-0.295475496500302	0.278388948658735
-0.664600360970293	0.642809972290649
1.01506967273718	0.393727571999133
0.139280673994195	0.0481401708448473
-0.617702359774845	0.311469676991868
-0.415261907927616	0.244386251339133
-0.499295967392226	0.257371587934947
-0.44555183428234	0.434631562416003
0.0720395708813212	0.0541414724180331
-0.885206227814196	0.949108992862745
-0.0184097838494085	0.00917277773135427
0.153864947379716	0.107652062160525
1.0200486339811	1.38657451484827
-0.599457928971028	0.445049710228858
0.0545311552917056	0.0368026918380381
0.0370844208023227	0.0227722124014449
-1.53930099233871	1.70861642593281
0.437974566536032	0.30814606917021
-0.315460433058166	0.239495998753916
-0.00215797266084009	0.000963069885501647
-0.0625571569800242	0.0481542564819595
-0.0530414259949902	0.0353686646149183
-0.688072241119737	0.466582743219224
-1.46518996687995	1.2320599690735
-0.974968445739012	0.541236818483374
-0.974316657896639	0.578198916304411
-1.02035179001914	1.25399384735043
-0.209962755917165	0.166290103077253
-0.409553963921264	0.357691882737629
-0.0381265011931776	0.0260426721877807
0.0600923782201204	0.0400169977468961
-1.10641691853774	0.708677573813628
1.83788539539979	2.65719119802953
-0.29346169411946	0.247150438863167
-0.359587362800934	0.246469496534709
-0.167672430759842	0.137893010907995
-0.321282195491925	0.263853058518953
-0.812320910726605	0.772718161860505
-0.0537066058096501	0.0356618261062545
-0.523293187502711	0.538170238974032
0.296638434372833	0.188006039720506
-0.109275294301801	0.0811471572295507
-0.741916849858381	0.700754810249948
0.03756313531539	0.0228898365898813
-0.397976192915036	0.288497232042086
-0.521568019506862	0.380771640059929
-0.676377551614108	0.70376276696437
0.247272859075685	0.198733077204764
-0.212526383672326	0.159301456224107
-0.373824391238888	0.292477308044953
-0.132726844942685	0.107600585798762
0.73084402441759	0.886911104772171
0.947146595087741	1.20076829068191
-0.620214762645865	0.514969642569843
0.163406774649289	0.138675743421573
-0.516748387960842	0.391692291289089
-0.563502390230856	0.477104083733758
-0.815249015667038	0.801809445339875
-0.197531005652422	0.107547333699542
0.328326802891767	0.185264266083153
-0.585303447646843	0.533296286289932
0.565949696270365	0.535714690631175
0.151749839092706	0.0892968258712134
-0.253598677837903	0.162896691346638
-0.0195208391000804	0.0133367879778385
-0.247336374387628	0.19246530091524
0.155244760956487	0.111047408197323
0.0436769079824568	0.0281883162668653
0.377537432460797	0.310664893518165
0.393177344239778	0.398442285505558
-0.729190566324543	0.705551919748044
0.381850871154259	0.292678184322672
-0.723941813412303	0.644159106397205
0.287451680881023	0.191840124700244
0.593585135058305	0.32070803309802
-0.396328145977744	0.341079678733682
-1.12586673169442	1.35189491645875
-0.728686428001597	0.722119718931845
-0.324988770671333	0.151932569984729
-0.0996720607468431	0.0624671444384894
1.38108986576058	1.04320319200212
0.290810150173927	0.183030097023436
0.774955113048572	0.463884256612563
0.0584854312882674	0.0369900949037601
0.0200423480069467	0.0112046511164213
0.277162159360163	0.211805135861007
1.05062816068033	0.529875926290062
0.154294805717757	0.0879670349317683
-0.724154069151353	0.623185154711986
0.0275295723571193	0.0169039450607182
-0.453381314053103	0.389157429364937
0.133872306992259	0.0578943856013502
0.266261126026692	0.197788437041973
0.161868621453353	0.0894423753363207
0.331641756149899	0.183931055802013
-0.415852787896824	0.242138153133238
-1.45458180442045	1.17108247959085
-0.159094940776029	0.0934279358925851
-0.934068092684504	0.682313018930639
1.22052831099133	1.20460173231081
-0.359114944842117	0.289393613186387
0.496698059596359	0.434886640619558
0.301115386860197	0.192378222639188
-0.077720618842511	0.0343321187543143
-1.16710307890476	0.990145982258623
-0.599375055592511	0.432514793707696
0.42513845648022	0.402215165456768
-0.156446249171494	0.0904730755734462
0.16663951863104	0.106480137974996
0.0390531642114621	0.024046525369209
-0.254379746834498	0.126468411080992
-0.556306857920338	0.471382933248739
0.526811453414067	0.304361937062119
-0.0119362222940931	0.00611386723061996
-0.149815924742062	0.0842709421782337
-0.0783378300613387	0.0349270099663494
0.131272533789914	0.0618083910649424
0.723039253955958	0.579874737801527
-0.0301389725817278	0.0140656701190311
-0.705317911196326	0.577586174041983
0.622672248383611	0.552567691147226
-0.126089837862652	0.0746380415769944
0.953055103791347	1.24194706805609
1.32684010082637	1.38802177594322
0.132285669375004	0.0464856542526071
0.517287709582783	0.188113630178872
-0.258688849062589	0.123205584417236
0.139750042872507	0.0620535895618652
0.153608392417926	0.0840985703262296
-0.809358660611022	0.546094622883409
0.885342002214818	0.484835586556771
1.04139717850556	1.06384386158207
-0.240605027170286	0.16157833673058
0.852093626516839	0.624150270386945
-0.345790619792695	0.214006328451774
1.08350545463318	0.80626089335732
-0.559228993394077	0.350761511001977
0.586270964398735	0.274783435298995
0.14003268941206	0.066357640110772
0.320316895738071	0.176230299399414
-0.798618830123495	0.438660288547722
0.439946491049016	0.314349492591069
1.09247495773898	0.834486954436261
-0.966373613113303	0.599812214032604
-0.807591537030214	0.631754690638114
0.264159226274461	0.192691929544617
0.453191873473834	0.303600893622817
0.391118310618615	0.296826053014192
0.501250492886507	0.429186894343484
0.343540983912245	0.170847373279727
-0.110662246806968	0.0459716754023376
-0.748421542145362	0.747270533668433
0.289396072220779	0.196344669650274
-0.99278393759914	0.99845362612138
0.555446684042575	0.449516399372028
-0.0594769606146792	0.0385604940235876
0.325012888225384	0.177242367097423
0.906631226259547	0.763201271123074
0.0231388545680242	0.0135920742998743
-0.0454109240836039	0.0218224376110581
0.144950833171493	0.0752465338951004
0.160876105919832	0.0898626907261407
-0.997796204201336	0.526527263663833
-1.27170087182373	1.18718992172768
-0.466215767678014	0.303066286220651
-0.031914579155789	0.0147445112204669
0.480589815270782	0.279997726127323
0.310957920534109	0.156129619162868
-0.0423231298554514	0.0197468543059885
-0.249185758330564	0.163443483425562
-0.594066881038064	0.441151474708201
-0.183528630360722	0.127543189554255
-0.811077879344726	0.546495060873195
0.050245064095738	0.0329788238689511
0.361378541441377	0.310238361126672
-0.225225408187756	0.191220540268879
0.0466396333865856	0.0307659099610843
0.0267568850527601	0.015361634609078
-0.117288471040044	0.0684587243228063
-0.0344340451576915	0.0161350610159187
1.25042840831191	0.810005688923865
0.316812148726686	0.188112890530011
0.137329818726853	0.0548139237565338
-0.999733588396064	0.512528764904733
-0.40301572089092	0.171494337792653
-0.505973617707819	0.274019150174632
1.266163101402	0.722145016404697
-0.805450797110556	0.458380260555257
0.12444494228512	0.042239886532295
-0.129539494302692	0.0787861082180298
0.149091996430876	0.0797407042391813
-0.021528761394936	0.0105574871860483
-0.802313846362807	0.536611386877745
0.703372888125	0.444944578219405
-0.246762972309083	0.153561547224768
-0.370077804244932	0.338705279599426
0.550961152378062	0.41938336601949
-0.100911151328884	0.0740232468180359
0.306769267572817	0.184632844162883
-0.163611790033886	0.0905609583374827
0.412565910572318	0.318762550049404
0.253806211606507	0.216804181384043
0.77591624077419	0.577061326543246
-0.253655224807827	0.132381862831199
-0.943656196534766	0.682867398364901
0.69771339982435	0.464127648143389
-0.963205178754954	0.575192801127966
0.148105370653579	0.0787793494444962
0.136591858122189	0.0594721514476853
1.55232267192699	0.791428090071257
0.886974923993717	0.489672025187982
0.132677066537662	0.0580285908430117
0.514379012952455	0.194507598080478
-0.998304920713391	0.497117398035405
-1.14948503307875	0.354612480039932
-0.114746312805183	0.0471671313946375
-0.639151761544215	0.160758461567798
1.0171224865836	0.392494664405753
0.881599660220315	0.482138628742818
-0.624128038686633	0.312854402130899
0.937499190632754	0.261653783809326
1.04901113323745	0.508679434193113
0.133176131997696	0.0494508033180369
0.59356254229565	0.54018018845787
0.38722373809442	0.51814093457017
0.00644492813533285	0.00532254383148381
0.236807472251067	0.289493392737587
-0.363711424811609	0.417712658408897
-0.410214486976088	0.397798337044998
0.138591147860766	0.0604400781579228
-0.673249991021236	0.385392275826579
0.343869305648764	0.17461216342994
-1.84419485991656	0.747341871614371
-0.233830271346971	0.079880351732573
-0.789823463460243	0.351795303100983
-0.74325556589109	0.266496707150431
-0.363834221255445	0.105336776859405
0.516231801156387	0.184808963128191
-0.237695463640661	0.0816413996844845
0.149437344912318	0.0387143285458533
-0.36050307261752	0.106458318520891
-0.534155277501038	0.214045732917314
-0.319805633827254	0.150257257002701
-0.241866562043846	0.0810837692126153
-0.638954644635542	0.163590857835517
0.38013441111403	0.175447299470694
0.668982726295306	0.57321300600369
0.0122519188011579	0.00640651804423965
-0.693418060067096	0.486945449746868
0.976080180835815	0.762719786126253
0.443631843475815	0.309522865999515
-0.609468745695593	0.794961028055479
0.175074043462437	0.135034717647426
0.23545076640486	0.219100267890041
-0.000935319287501497	0.00070263948728871
-0.521464968610758	0.402083078954596
1.06602236947483	0.654568277736036
0.459383670633029	0.30779597489304
-0.555927251753364	0.352051054095107
-0.666589280537664	0.393567197791992
-0.161459312404104	0.0588956253629404
0.884410012363678	0.482007561508547
0.133579690367889	0.0593178068344119
-0.364244707706295	0.105425905599443
0.377325415707485	0.173417533066653
-0.614653568690414	0.305995519056028
1.02034064533371	0.405837448853231
1.31542650623628	0.612599401820178
-0.626924003455925	0.305663071815181
0.134196990054445	0.0476746060306298
-0.23779019895304	0.0816855379093685
-2.2992786908105	1.19414372059
-0.039552584399824	0.0190339463415489
0.0037187882932756	0.00194856607550768
-0.154748068218104	0.0885657560729307
0.343261644249342	0.168042508251498
0.0582503205521544	0.0376885771114746
-0.152783341560823	0.109963605903516
0.411796851848077	0.392664131017604
-0.644763568198928	0.58234416880551
-0.451930734873824	0.348674320728533
0.0656489899229134	0.0471600388099667
0.877917771541782	0.882413325393106
0.353066583116518	0.178490758161334
-0.22717238369266	0.166429816994706
-0.590976188773645	0.434724239958879
0.382715605666884	0.31235651045378
-0.103906725655021	0.0635867634952623
-0.810310614790893	0.617691578773928
-0.254626108598453	0.133228805851161
0.133313584650352	0.0469867759264736
-0.122702208600073	0.0465613401328912
0.137110549029241	0.0546226179279203
0.379541680521166	0.178490884337522
-0.175430025812793	0.125034889634516
-2.64715611246215	1.64452867210827
-0.800694370825843	0.456585474650706
0.135079987669266	0.0477904423303552
0.587848132455406	0.277116560424732
-0.969258195117064	0.57269968829156
-0.688890674901562	0.465323648879654
0.0199069884267767	0.0115760807718184
-0.595428436845722	0.423720787214375
0.952199087712939	0.878398966118053
-0.179622670576939	0.146417292499454
-1.12215776993996	1.29770353473093
-0.393941939332329	0.379034354773007
-0.40841223405926	0.405460259092194
0.723730999857597	0.716632794584872
0.00187314291354055	0.00108588073908903
0.165389108769681	0.117371295892625
0.381534435027741	0.175006940382303
-0.539261682125202	0.211573173204944
-1.00387760489767	0.471609619325647
0.144013731109022	0.0446680190904957
0.943242611691778	0.643397323023411
0.139134060358204	0.049052385159294
-0.792259992126895	0.353161835062861
0.146530154194694	0.0296723933695664
0.518248258322399	0.183693346763262
0.146629727735194	0.037888595860908
0.516397906508272	0.185323890006166
0.681102365092073	0.334715915734849
0.423984827228387	0.170957632075002
0.873413128467432	1.08770337082482
-0.126923243806093	0.157647097341438
0.268479090973013	0.34292138626476
-0.0162419361691338	0.0181103446963757
0.0278944023965308	0.0262931643746371
-0.00504894697482104	0.00335491473337504
1.07980175128706	0.647736860603255
-0.537195858607784	0.215909303617558
0.145054840241155	0.0438901419175188
0.681102365092073	0.334715915734849
0.13496858485838	0.0418758500593107
-1.61016550758567	1.2244709254744
-0.41758366305019	0.240645764530174
0.0232776749149417	0.0124445184673047
-1.35744311875131	1.05335399379421
-0.418381006381592	0.36328676652748
-0.139543491225516	0.0959196559253458
0.829464303935242	0.76267261539643
0.228039004860349	0.221432169755925
-0.355459845863365	0.383467330079913
0.524548668563112	0.50979290707264
0.9060557552809	1.02610268029725
0.279285932044831	0.206705233955146
-0.44651301111615	0.438364645869746
-0.156253808146654	0.138319993234755
-1.07378591383239	1.12961683961484
0.311458145756344	0.185421498835467
-0.0393651925745408	0.0265259277414499
-0.156029940791892	0.0893007422575791
-0.498976040795509	0.264342847916514
-0.958745546213599	0.599674491276673
-0.714590383784518	0.563633848102044
-0.476906237966205	0.324087314481902
-0.0201724995081126	0.00994374782746509
-0.115107356702257	0.046281644476415
-0.560083762097437	0.359785420023311
-0.538074231292965	0.21601761070454
1.37954591804739	1.04279216042287
-0.0666743295537033	0.0420136800289619
0.587941314465692	0.549623619113781
0.0264385260225182	0.0152894547314735
1.22136877311158	1.09698220815202
0.363535731857594	0.378772895511589
-0.100251823819443	0.103047510310238
0.432817992290385	0.485852864030957
-0.66239278032122	0.921586178332888
-0.0460591642238749	0.0363603176043958
-0.0892190345436985	0.076752916350979
-0.413029590456827	0.29443886660449
-0.0591324219568405	0.0381991763032179
0.0145953079040404	0.00846475277123901
-0.0713589592303868	0.0311908346953693
-0.623880405535234	0.309798766516387
-0.206845927019207	0.108061644703847
-0.659013403426785	0.391125879942587
-1.3519242504342	0.82409421621426
-0.889956199066913	0.883719994200742
0.57066940991359	0.535481672182621
-0.251948224946093	0.161938283536093
0.0365189545319829	0.0216670862887924
-0.212410438757885	0.185849058210072
0.583946967160985	0.693287185065119
-1.08987236352018	1.60955723518261
0.238234392876089	0.220270733975301
-0.295580557988385	0.290400544055277
0.328365692368795	0.290199631362175
-0.485918153992054	0.493273891495625
0.296034320083202	0.193111072658278
0.990686831807752	1.16801983540381
-0.902862097119365	0.842026848996989
-0.510748051499557	0.260611596651179
-0.423667637450682	0.236975173328886
-1.83484563549255	0.778771858376252
-2.13185138688003	1.64435326379959
-0.805530726052627	0.601077289564563
-0.316371512177172	0.151003354599471
-0.135279407790504	0.111200571821255
-0.554590626170038	0.779736581361697
-0.152556349536533	0.127585428926243
0.613009227462486	0.735547325725039
-0.513280388023109	0.69066580011256
0.0369175799740141	0.030752329979531
-0.493215936665489	0.692088404701376
0.625948780083701	0.889681816955781
-0.288655739325896	0.239617552302129
-0.160231063804122	0.0890894535865379
-0.25054168344711	0.128370130086931
1.31332125956616	0.614983346052817
-0.173550488232666	0.120337321607223
-0.273727057984823	0.213023285810154
-0.685503484507181	0.721310784393234
-0.980534986134118	1.39351956137185
-0.145122381646639	0.121538122984383
-0.0354854378023908	0.0319507502665851
-0.291444658759381	0.241963185432297
0.158485798357813	0.122822743549534
-0.196703978055065	0.167254852411726
-0.211636972944528	0.164813749427337
-0.353903016536635	0.315017825089601
-0.180104514073342	0.162330948197431
-0.373913875970959	0.376166045824118
-0.50318334894657	0.578375049743164
0.0129478801103361	0.0108455180521316
-0.155139723092496	0.153393700707085
-0.333789541326352	0.320654625005279
-0.164468405947223	0.145244050136189
-0.407124375179352	0.313707666515139
-0.784071184600578	0.352997639969399
0.3854806080728	0.170869663449027
-0.357881887790908	0.106221041283411
-0.346882178182258	0.211229471920631
-0.904594002814182	0.867586831461104
-0.0899380354646876	0.0551638816348331
0.397511969551179	0.38500761435059
0.00213451733899043	0.00153004837910571
-0.117519325952876	0.0989243149586676
-0.671057123851108	0.677316722206378
-0.344226935231399	0.386061878109186
0.244503281337909	0.259017623475094
-0.743876772480772	0.767115948951239
-0.0766884360272855	0.0652318346891086
-0.0348432497880066	0.0166569926428866
-2.65067517991442	1.65779727265733
0.147298535161635	0.0299064650853773
0.799647197629857	0.332473848324624
-1.73536100747841	1.45736020797204
-0.526283919367084	0.387754335799706
-0.137682803796716	0.101956241401883
-0.0787478886447947	0.0496909424659566
0.177069940089118	0.145297240998836
-0.341104119597057	0.367558128633161
-0.642312864289134	0.857148116627085
-0.30406392363097	0.302374916709167
-0.875901249542623	1.14859942428581
0.254453259874011	0.203881614098878
-0.626222034955754	0.531818815633147
-1.06153120506835	0.84862293171538
-0.411894430982352	0.180404527974127
-1.29402370762989	0.599592593239049
0.806113219788702	0.346194047449125
-0.278587076709089	0.215499072301994
-1.08539044289379	1.14359438322097
0.242913992321608	0.220383215500729
-0.0260223980819954	0.018116367386046
-0.504936354366603	0.533260810011757
-0.0848906532994632	0.0941538625496402
-0.0790082004902008	0.0805374299163948
-0.661424338902056	1.05531732171223
-0.709798986242937	0.979030966929591
-0.719579942344653	0.902076450627919
-0.039850472479585	0.0363349663109584
-0.459857667732534	0.55608761124839
-0.413927963359192	0.233856542558039
-2.00346437763777	1.38195256881013
-0.0761459047636088	0.0336229202716052
0.668822813091808	0.595263923974138
-0.626170896645182	0.653739975824885
-0.326217065988176	0.260306291067913
-0.0970841784471236	0.0894770999799687
-0.244017860081112	0.206400372852678
0.0124942460472424	0.00976619548111437
-0.451180524834301	0.569462269275522
-0.62355968782443	0.863351077864194
-0.891305087672082	1.52597829261589
-0.175343996810794	0.17168603934793
-0.409571852954323	0.461556134701187
-0.866593569930097	1.17112060388801
-0.819529801297977	1.04300908144041
-0.345340769792138	0.211278535705927
-0.366862990219358	0.108975842075023
-1.00499585628642	0.490637515849951
0.341302079325148	0.164682470247427
1.3242719656967	1.3817059289979
-0.290061205784042	0.273769285561475
-0.157201829932953	0.110857818902599
0.0147803903774041	0.0111897917958099
-1.03206637242844	1.51259371589682
-0.0128983314399648	0.0103733398055855
-0.404121188202925	0.524914637891465
0.509081368073797	0.792697489600939
-0.145333049804392	0.145454913139595
-0.188507462023249	0.186275579917448
-0.367464196899759	0.358293472384548
-0.122873506167643	0.102337283742286
-0.318101652206223	0.362678655633063
-0.305509557752557	0.331760037462251
-0.274569265467527	0.277326611955105
-0.281655674212314	0.325348663939024
-0.295384628154266	0.296489692379434
0.0173880848992602	0.0136637839404405
0.1672761788272	0.120602334096185
-0.642804526520728	0.160022734032778
-0.0758662160773373	0.0307969361088624
0.590193574850551	0.317557242710328
-0.804259863779408	0.623427229258588
0.165208882928866	0.127745482816423
0.16734657766981	0.131983939842612
-0.312080704451519	0.29013636894733
-0.388649306740303	0.433890071903201
-0.16993152818681	0.177113635432274
-0.142873694849119	0.165113841986881
-0.198056049623558	0.195725748932391
-0.110453913204875	0.119796762292125
-0.164470948150851	0.186410169307192
-0.16262207729472	0.172087267398611
-0.315261618493999	0.355457069008031
-0.721308076060225	0.996541350960973
0.0107570146682742	0.00902995330987517
-1.04049138621827	0.429986031003074
1.06668778347457	0.656322359957014
-0.0367611151087299	0.0252244417024482
0.154384218759081	0.113672215043784
-0.113901404335068	0.0846247899894517
0.595948497939655	0.625478718710795
-0.0992875621545759	0.0832542743712452
-0.160776530333766	0.129698706545641
-0.50728375664758	0.719098997940134
-0.467881864659593	0.524694095611762
-1.33909234820873	2.17291073062712
-0.379027910123381	0.427039127147117
-0.646250063421154	0.699871396593827
0.0912128130882677	0.0735393788947689
-0.741478161120943	0.256911348687679
-0.360560346528662	0.110506092787366
-1.50772794244597	0.828052257466456
-0.624455854892061	0.301804056089705
-0.803136037159419	0.692627439516392
-0.655853543353637	0.553488238071229
0.0867719007542981	0.0623747821790078
-0.0709985200236984	0.0454860139875343
-0.540385963050698	0.666573909995459
-0.889883971854941	1.00874697321169
-0.22921721855181	0.254317074877687
-0.19306973087602	0.216460213815786
-0.687268004235668	0.881831593335783
-1.01003262378956	1.58810074037313
-0.200985575074679	0.193138337941986
-0.560972164795711	0.781934554139313
0.267328070728792	0.202363913475338
-0.543059060231839	0.217923143403964
-2.08736643970572	0.978941964230486
-1.29083213121098	0.581802333624414
-0.658502037428639	0.396551681243444
-0.417564609501742	0.410013145844315
-0.595982456389118	0.585164746614887
-0.420962834348021	0.456977302438021
-0.537893185396748	0.648568660686245
-0.590741676200808	0.832081200106201
-0.0684309094800053	0.0656136349873103
-0.0626968192765335	0.0586835102243152
-0.403364383369773	0.500587900995193
-1.03340236579974	1.53858689140812
-0.600664209020551	0.77578933500549
0.147526656568485	0.0785674899958097
-0.61604106320237	0.299601436055234
-0.360618173117269	0.105206136413076
-0.254261348395864	0.132533659875258
-0.305978248572052	0.222278224128678
-0.329694449116282	0.278455824353237
-0.472353810665265	0.469578046745749
-0.512581707407789	0.585548931373008
0.0326804014686687	0.0255047593540733
-0.0939905851747082	0.0877371647701898
-0.424133294552801	0.458582303912487
-1.62034274264232	1.96604255508023
-0.488244562788783	0.472346466088933
-1.93620344555081	3.12694532225386
-0.819749422181752	1.237184482765
-0.606274915487964	0.611735968351382
-0.133016296313682	0.0975608955764206
-0.301168883813711	0.18494756708231
-0.128085224965053	0.120967239987919
-0.613224084575458	0.72408681652369
-0.387295246263295	0.455420111659597
-0.617596668159996	0.740404330115148
-0.532706818941689	0.492328882354333
-0.410215261233192	0.180932493349622
-0.0963327114422123	0.0743459413822614
0.996251860791813	1.54311628620602
-0.374276816001988	0.30195334029031
-0.365422028707941	0.324329044679044
-0.554885876058904	0.765415302658915
-0.973385087855005	1.84624259857434
-0.339434896024213	0.280249441435471
-0.0748245366459901	0.0650907618581529
-0.24763675884904	0.19421912557011
-0.430823397597936	0.556029479106544
-1.24705952268635	1.87702068578528
-0.209133675682722	0.197213503546216
-0.144618604478225	0.1431197113414
-0.764084082063351	0.910404204625423
-0.235583975309937	0.176191178476101
-1.17727076558462	0.679896629422749
-0.227886466884877	0.177676765382535
-0.595875568847897	0.68391158977618
-0.206392246818917	0.184095921361677
-0.561146565301701	0.474471197443407
-0.655918427940088	0.642729910337859
-0.336341795559299	0.338756572928397
-0.447878948434303	0.534499129337463
-0.47650279388675	0.446304636965871
-0.253655224807827	0.132381862831199
-0.998764455097477	0.529473029392655
-0.408133239043404	0.365518077216785
-0.441214376092887	0.466028251215888
0.480251352262511	0.433472268896233
-0.319420761668443	0.26638116506888
-0.245751251195088	0.157147003321509
-1.01971219853704	0.881815549946432
-1.15821947293394	1.30541291057263
-0.800414214827729	0.457652785092769
0.892338531166611	0.489284846503223
-0.0436281734965136	0.0203673615642088
-0.0201358995226592	0.0138883016978803
-0.692504978077809	0.469595291239092
0.0353687371336315	0.0220018632345682
-0.249410666071245	0.191495797064045
-0.894101718272346	0.905812761728836
-0.7259754286232	0.652119047535608
-0.483402516996245	0.318981141081382
1.95314874316778	1.27401845901775
-0.805471506348973	0.875402041905426
-1.36437428214993	1.57677200099353
-0.285401461698507	0.301002703097843
-0.22884717540329	0.24715035753299
-0.291631829540256	0.311643071146282
0.260921291934798	0.338975767745409
-0.386461204625049	0.533025745431856
-0.458063946478234	0.538670713787894
0.146947748346057	0.0779338617494533
-0.361632557745294	0.110435934225015
-0.23866359359719	0.0812703616337143
-0.806449550936613	0.530353023446381
-0.785629108827809	0.349139094464494
0.374166492076244	0.166642409799204
-0.935203174885777	0.701162244301042
-0.414117138489041	0.227987750351856
-0.534155277501038	0.214045732917314
-0.595642256213158	0.433551259002983
-1.19949449086409	1.40747776380258
-0.306531352354156	0.3470619699096
-0.0652375890202761	0.055805547810026
-0.203214669201183	0.182001368276344
-0.485591049479194	0.604606902643066
-0.258180407127725	0.230167195917576
-1.05830713179538	0.85758544690967
0.129250798245022	0.048355039952759
-0.10622085692575	0.0437280025102277
0.0369049568422608	0.0229327118779705
0.678702185405868	0.317244182326468
-0.24953633844249	0.121028684495899
0.164845494234542	0.104079823330154
-0.20268745862596	0.109609626520195
0.129635805566653	0.0439602337845441
-0.667536935733729	0.400059733086912
-0.686052604978355	0.471388175794835
1.07388997662883	0.66814147330785
-0.670726797134293	0.400065804416271
-0.207914668557764	0.136306623455554
-1.11382973007387	1.03465557053023
-0.0550226309965459	0.0486076469592267
-0.195874576135992	0.235629940297116
-0.347748444597732	0.523243903182376
-0.804894061938658	0.450425462499439
0.655364036119464	0.218674474525788
-1.50548626232913	0.79277770538421
-0.970513021853093	0.601018076473175
0.983447968817557	0.811490726863278
-0.409589471100648	0.178797735474755
0.141324861106147	0.0686443669008928
-1.49973937290429	0.779202075035729
-0.325431573491553	0.154947940471947
-0.502790802275174	0.268244707411252
0.136733750839106	0.0581758227473302
-0.541750832422632	0.203492939870852
-0.342131045368364	0.207951260796865
0.136096718959155	0.060836657955062
-0.416454396069777	0.23437548258176
-1.03316501871973	0.894444586773546
-0.0625268928236944	0.0387039124913435
-0.468389871348009	0.518890852379339
-0.420364930943944	0.239252507635227
-0.10213371602678	0.0406642191147243
-0.241819442317932	0.0765182236441256
-1.19010840341169	0.64890217671114
0.778996468093533	0.60489772792817
-0.247428032435528	0.123085898723167
-0.809948494910382	0.545716908587773
-0.806793446827029	0.555422457633453
-0.964783234975737	0.585619410807023
-0.628454452336564	0.526774689077974
0.0471100685740037	0.0314291765039492
-0.160344746687017	0.0919752080356533
-0.247101794515974	0.187555811147456
-0.123990184552475	0.0902843003032165
-0.424784687976804	0.403903413603875
0.526052999950478	0.637429460738889
-0.127170255351935	0.136520514956854
-0.636326679553537	0.849287415281409
-0.636258904920303	0.567888254374604
-1.11029332764171	0.709385250790287
0.130378428188142	0.0515850695945457
0.488077488784489	0.313041149165819
-0.525949665942925	0.3989919800367
-0.160327934571026	0.0607030233359829
-0.320195720304142	0.150561236115534
-0.63494406675695	0.706828841299046
-0.700006256920529	0.560920698713573
0.302043223820492	0.191444793313517
-0.04789485849469	0.0307916426290356
0.146210154359038	0.0893806771296803
-1.28492384529945	1.06529703821155
-0.327857605958952	0.275165253720064
0.353145012289003	0.365725663592567
-0.93063331734982	1.19533577699726
-0.239744121481876	0.186441231310839
-0.906394955034844	1.37668546574139
0.740319817317592	1.10758157178208
-0.0672484705912774	0.0643639425865869
-0.337427609233831	0.364168637374183
-0.874877536108792	1.48124479435997
-0.800698779627426	0.848340655632729
-0.0883881404755661	0.0540157813885549
-1.36433194509461	1.40819829428596
-0.933198721728164	0.665412481898141
-0.196229324102051	0.105522897004761
-1.180558788572	0.697825319044069
-0.357903995631436	0.243664496063272
-0.207858137291266	0.141356211795525
-1.01081262346601	1.31984103481676
-0.887302441368139	0.996378552160857
-0.348691134846584	0.340141883037486
-0.0325561839921931	0.0265048891465599
-0.378244817464004	0.330020681171386
-0.166276348047916	0.113318144934355
-0.169733692898451	0.135066261951335
0.0108431103004837	0.00798193844897753
-0.548803697438199	0.667167087124678
-0.241210124224049	0.23081743919305
0.113151280769989	0.107977686276956
1.20641810526464	1.26023832196242
-0.362411867116511	0.258608907013993
-0.407134474247431	0.176504493108501
-0.879468700925351	1.03084179583026
0.0512527901721512	0.033328921597036
-0.416294759067086	0.280906568890094
-0.474988469524741	0.44302144454667
-0.405984138645545	0.288760780409603
-0.596088588474975	0.880159697810317
0.330388154640944	0.400152673680027
0.275790886626889	0.313397604854991
-0.573957933813257	0.726035367495642
-0.190714722451968	0.226663003324923
-0.438519197993026	0.658604748300197
0.512106230808447	0.739740107174146
-0.571105353334045	0.84674892110435
0.663268386805014	1.03884399745863
-0.441607859350246	0.45386377194603
-0.933494298067241	0.68287646513989
-1.17588066864721	0.681246206491698
-0.815798283406414	0.535188279251931
-0.612464510895842	0.623369423031657
-0.693785750115362	0.770006428988048
-0.337328438794257	0.357626694908738
-0.0768856139285	0.0564675429874085
-0.219718183000481	0.210971190074133
-0.366983563658219	0.436290200831447
-0.435023304878988	0.616750695362766
0.0460194572012837	0.0385130251989593
0.619589863790988	0.78038523438355
-0.334717313189516	0.408066845190041
-0.0972243139036406	0.0867673175455162
-0.555569087347111	0.623966458949039
-0.00327687260257549	0.00275217364397807
0.540600360650884	0.896607418853184
0.00692479124762894	0.00617362989417721
-0.30167968187715	0.349062932456189
-0.942590059594149	1.56286496870656
-0.268597268524697	0.206473720649256
-0.245164903183141	0.118545703678789
-1.04049138621827	0.429986031003074
-0.361632557745294	0.110435934225015
-0.571254092934312	0.337762471580382
-0.321983483263144	0.321256812089729
-0.473636587730229	0.485861719671343
-0.227426521528756	0.221398950155417
-0.177534670771278	0.145039552439887
-0.754401695669268	1.34074659830239
-0.650276647167635	0.889690562262685
-0.252524197430787	0.25959043805036
0.404738277118296	0.380645626627572
0.550226402759642	0.737282495670076
0.109713869563585	0.0964558297559089
-0.616381715937628	0.821465428939954
0.203923432802094	0.208667549187804
0.0212201997351384	0.0188196114337206
0.00571797357514211	0.0049617934157965
0.354742502840225	0.396087407728009
0.162272055875223	0.155740917059223
0.667353049705765	0.585502011535039
-0.317898688822498	0.145451769779335
0.145109926730212	0.0440274092475298
0.145331628090279	0.0464907916803214
-0.602264662158957	0.441346400211351
-0.20989073902256	0.163801413167803
-0.040271696185564	0.0269280718007882
-0.529531722785379	0.611421073875867
-0.237500594769695	0.200756443398616
-0.144099496525423	0.118701236469977
-0.410690902253177	0.500460765286827
-0.247534379214876	0.258420896127644
0.362828714823705	0.381579113584632
-0.766512391423679	0.998498399627849
0.858851314874229	1.12384204716336
0.842366275742671	1.06282716871012
-0.119908671545153	0.0896643604530997
-0.40980063370479	0.393866522031677
-0.0185279215744722	0.0154528281347104
-0.165985783850456	0.149282098436434
-0.177305584235809	0.159969769870847
1.35415079724185	1.94139018455558
0.154225295101021	0.0780898276755705
-0.316371512177172	0.151003354599471
-0.213742720036935	0.109919536828629
1.06079172497959	1.21547068186021
-0.535574458787263	0.38448684806695
-0.00220493753726104	0.00099619514692721
-0.360471366167079	0.301441733000787
-0.22673283740673	0.214317132453225
-0.181389932156907	0.162943177297784
-0.257505490486931	0.279663120168294
0.0934081679861088	0.0799698830901714
0.013940886863648	0.010625314021925
-0.0628718876381143	0.048872840956689
-0.276588923587003	0.281151564848078
-0.151296754918783	0.120583615960858
0.38390614671369	0.470153621832692
-0.151170211640283	0.138628401233433
-0.234719633382604	0.203413986225719
-0.0384840042363477	0.0305714884504297
0.411355439505772	0.524536130648865
-0.554760501135131	0.480864342087902
0.324018290188359	0.177231932272975
1.07415540732043	0.682076586424561
0.13496858485838	0.0418758500593107
0.392010962117541	0.314185228868464
-0.0480486808747245	0.0321500418144131
-0.232853396339924	0.197057143803428
0.0833100938409146	0.0628620350055174
0.224564478400704	0.203446307859908
0.102177269255394	0.0903395165484654
0.168224321846801	0.144819297179264
0.959154660128611	1.22140058655344
0.0693744229573248	0.0669294417900793
0.21383876694901	0.196448878989896
0.710773513725283	0.931624805461
-0.330060784432881	0.35534129427371
0.665093280755065	0.994517580956023
0.514414147176153	0.569455617071504
-0.46270637650947	0.579957582479783
0.047255746111227	0.0403538183864232
0.233361070631247	0.215322910923795
0.868659703257783	0.848729890768048
0.669934290934537	0.576715018996939
1.22335769888413	1.03528142341432
-0.810682010170976	0.546335334685258
0.675294899906635	0.577178082600076
0.726972514951246	0.787666479101199
-0.817400571809981	0.915838798990528
-0.270740611396931	0.207444132425217
-0.0523637575230808	0.0436533660306311
0.0055795324929671	0.00414948275904227
-0.238496609196749	0.208164558414741
0.160888240960774	0.13579747598327
0.901057002978025	1.17195795571968
0.391510151539828	0.40078740406986
-0.164844531312228	0.12627184060118
0.277376769967002	0.208086756676916
-0.218972658962917	0.190668609696065
-0.154192045550307	0.12597679932832
0.691962459882134	0.740867163799963
-0.323973752399851	0.3290292767269
-0.98137268193529	1.3960824597917
0.177934219215304	0.176521641906732
0.295631953126714	0.3467857473412
0.308835620997506	0.310786683361855
0.0260505310428924	0.0228310891723759
-0.22499428362815	0.228315949268207
-0.968436858027354	1.43770953374473
-0.515765490378332	0.392786292647054
0.229352255000568	0.269455905686294
-0.243492914727248	0.266183079984867
0.108169784358777	0.103317389556425
-0.057270145343474	0.0500489765811846
-0.344203193085735	0.313078968422907
0.413220630250453	0.477131278929268
0.67196855778628	0.747043160060284
0.475018022876652	0.643323073626576
0.0145528553335246	0.0122634568334974
1.09730313192745	1.81183888708861
-0.679460414704616	0.934946071539653
-0.436532530064729	0.564440360280392
-0.0583902636819199	0.0456511098794582
0.23266854211329	0.229476356809517
-1.42074431823931	3.00963430696716
0.0744576619286276	0.0692573835996474
-0.936650643279622	1.2004020616347
-0.573441687637681	0.684801116020073
-1.12511767874888	1.3673418990057
-0.190820494847987	0.164217486105355
0.100892944162047	0.0852125358417798
0.168931135006042	0.149133996187307
0.166565258159976	0.15182405183239
0.0899414070503913	0.0902943350735747
0.148827226976919	0.179695790350124
-0.100749260035493	0.081362566159332
-0.167089117049632	0.178959689983557
0.0394393897193617	0.0375432848859451
0.0932896338957609	0.074836802703718
0.450360286126174	0.497570508476925
-0.132717488273439	0.106881009480746
0.308990499092997	0.292253234969438
-0.391327499353436	0.439267000520217
-0.66271721393601	0.652018265989936
0.156718536712467	0.117490906471951
0.438014344461633	0.416661497020342
-0.176074515828981	0.159793729151522
-0.632807205181397	0.683932883276035
0.0264575142211636	0.0206214441253427
-0.902050146060022	1.37846697212296
-0.41856195158231	0.323470674246927
-1.45586445549754	1.56729772061439
-0.70660756120677	0.566464359755566
-1.541570733326	1.77565729950322
-0.666361806723166	0.643560612465036
-0.427259505684636	0.683661135879598
0.0118078818535147	0.0122483481326379
-0.124961470477739	0.125039347428662
-0.0092935433126519	0.0102892647769022
-0.141764390963125	0.178926986422177
0.170335102602685	0.190864790168038
-0.0864866171361647	0.0647859665630046
0.510896872669993	0.734622590769607
0.0478713058553238	0.0399123304103963
-0.148612982123512	0.123536734741281
-0.170480667298502	0.181684446993254
0.395042184933249	0.419687598251436
0.388189541173284	0.403225451149475
-0.0544983958717047	0.0426478511477426
-0.479321925783797	0.674583699833839
-0.283815129045623	0.34227344697988
0.22879507514365	0.24619254392568
-0.238132714964535	0.239692930878826
-1.57300102568671	1.51117420772596
-0.404620919682797	0.169927636280537
-0.19422549688586	0.104000945346189
0.266809200942658	0.202635586971684
-0.271857623790817	0.209635782641509
-0.107127111747233	0.0920812231596131
0.157839337827618	0.116960015127642
-0.131393461061004	0.171643331964977
-0.304591589627749	0.43169351990467
0.0373649434814922	0.0317407306374198
-0.122841453622331	0.151033026735937
-0.0187381454828185	0.0153570223471179
-0.0147664898604193	0.0134437059517848
0.169503347961843	0.165704410938715
-0.722870901595605	1.00421968982738
-0.0920927049576488	0.079376142738894
-0.0119013594202662	0.00977643833236549
0.175367717366107	0.203416410633523
0.535974824378399	0.690557394618457
0.258420520861707	0.30347638489895
-0.906303052229825	1.66099586558416
-0.549975656597502	0.995407629135209
-0.244538582455689	0.205401389445433
-0.446124789917299	0.436918805104156
0.839628112429836	1.17443383699612
-0.399728428262609	0.456696915230794
0.234125890786165	0.22315549358989
-0.056591475928499	0.0549260149123923
-0.166058711771226	0.109283871931036
0.732725887376876	0.893932779285594
0.732438588312843	0.807873382626635
0.384234206112052	0.382055101497969
-0.301652851423427	0.214746402941787
-0.200491332032686	0.171836454538087
0.0209314406290826	0.0163487665908385
-0.304090490877409	0.307866137930805
-0.247574057857215	0.278928747191815
-0.742666370990967	1.46988168748258
-0.783089913343889	1.38073761983571
-0.525570618835447	0.595052060325256
0.081389757375021	0.0648156093688505
-0.687300424640802	0.492239435790457
0.158832255680942	0.109072364663758
-1.50488630237297	0.787149946740264
-0.667267653186467	0.407370342048534
-0.666321572470526	0.4054375575969
-1.11869275757293	1.08110636626981
0.133579690367889	0.0593178068344119
-0.804728284837553	0.612677820204947
-0.559230068986775	0.360889223221472
0.161025914220295	0.0982655861169369
-0.316371512177172	0.151003354599471
0.761189031382081	0.885219491219182
0.688057903571132	1.17726102956626
-0.274958566738199	0.445267016582578
-0.302846691883696	0.518299904427142
-0.0809790199007646	0.118068904723612
-0.128491819653533	0.0762372909799275
-0.177636959619997	0.123778604514665
-0.0711507040997364	0.0440636224020932
-0.239983470265893	0.289707005655141
-0.157662825015635	0.162550632110225
-0.132269124783001	0.0781422877305644
-0.091060205917506	0.0704718003799803
0.360480301523523	0.380272122232747
-0.221648746364376	0.198317321696656
-0.314220898634235	0.234103560118725
0.234267427192221	0.21672019373532
-0.161587504735104	0.150991659150277
0.112662800628398	0.10706256454386
-0.215369806842144	0.223098548662447
-0.413046366143618	0.541714527663906
0.385677173626291	0.442933395820662
-0.061652087023123	0.0593607029011626
-0.379171834694862	0.391610692738932
-0.665596919993637	0.81243924726095
-0.268792382608497	0.229023459129467
1.52358488651752	1.76118198766822
-1.07858444130485	1.12604189758935
1.00972811894435	1.36291239967544
0.32524014850587	0.16504549415481
0.150103234796882	0.0790344363785323
-0.909792275736234	0.845381527280567
-0.813291687910747	0.970413578854891
0.984422145892759	1.14015369395043
0.16285558370645	0.14792190705436
0.0443608753332875	0.0369384763647684
0.129723297274469	0.127564037926139
-0.0951478729825186	0.112483191062189
-0.482901979342302	0.727253262831875
0.808076628158667	0.95920995529361
0.539292192834496	0.539023510845535
0.438107825881435	0.314847953399144
0.00642686239075	0.00356847174506999
0.798035320410905	0.908877079234858
0.223776754640206	0.188504208175679
0.299613823685195	0.291470189908175
0.235213254644338	0.212443686316404
-0.165892383277174	0.15142596918071
-0.417899718344304	0.574375875826954
-0.558784167934417	0.971227011454052
-0.390971175163524	0.757417594748213
-0.315872197464149	0.496585958657766
0.0651353207602563	0.0953260036977241
0.0623869782018698	0.0773859265604336
0.324609172814261	0.50309303292869
0.775034849425436	1.07077188780372
0.23562531317159	0.220603504711463
0.0783798064755154	0.0561421019116629
-0.129953320082632	0.121637352396847
-0.1644157320778	0.134600616843892
0.422636314682104	0.482062642699279
-0.645823339765636	0.890121579133547
-0.59765470120861	0.741243172946447
-1.18018907376548	2.43165874511633
-0.176899639501396	0.247019343717497
-0.708253157576053	1.43312977839861
-0.148898359474381	0.158702462699386
-0.373161430249421	0.341697997930304
0.0453809295649929	0.0371866536927917
0.176180616106176	0.205331511931745
-0.253626216084651	0.298081870321505
0.616088176435013	0.644125896570762
0.0304111147921638	0.0184243632629964
-0.240635217150432	0.185372905734155
0.0296807033792002	0.0231688478143591
0.658242462800145	0.805572991215475
0.554182129645248	0.677794021553078
-0.916269148714881	1.63940644622262
-0.245825075177186	0.285668288223806
-0.201964703851761	0.272922836585712
-0.14614357645522	0.192395781724214
0.473950017738515	0.799630841853132
-0.126534357393031	0.166370779020879
-0.576175426663733	1.06882863991895
0.223559338844987	0.247837524691471
0.278950031298336	0.303669772595557
-0.0192014545529627	0.0172783757814924
0.26809555066597	0.285542442963735
0.219480136233046	0.235179176958365
0.169628435435906	0.18090785942089
0.0438302274246328	0.0486410248674088
-0.163154721821187	0.229404373710442
-0.0128262044593897	0.0107306300008413
0.696246999542726	0.79336899193768
0.52926978697734	0.432068164677405
-0.276092881771304	0.303466847533647
-0.137566373069616	0.126394151428298
0.185464716523507	0.197772537271473
-0.274138483727014	0.293807557678801
-0.380283350950111	0.742557505387963
-0.230091849745884	0.325503211944126
0.272563048197331	0.431073875120436
-0.155888552916248	0.235348906551056
-0.565856100742622	1.09186157575725
0.160839904045871	0.132950823865922
-0.0928975962351156	0.0710153665713089
-0.706977510642111	1.14354661827304
-0.783088619155114	1.39159286621455
1.07297917469663	0.64580826996538
-0.802266323824556	0.609689133816059
-0.0141441529853318	0.00986582414327278
0.675814425423372	0.329965675573687
-1.04852745575138	0.433634927743835
0.142248038693776	0.0614176970131194
-0.415240161748376	0.327539203272358
0.149437344912318	0.0387143285458533
0.391066268816761	0.312522777284652
-0.129471132685651	0.0942339707156067
-0.634735076516953	0.83103911733888
-0.996337139093814	0.508889612374996
-0.294749542081011	0.185773477812445
-0.0918126192205932	0.0704316107491739
-0.269606030046341	0.257304765145922
-0.693859878375198	0.96822332833938
-0.619703945986622	0.307637553095681
-1.62255627536326	1.90431976410602
-0.171927426512434	0.14713682146825
-0.408322329864505	0.176291340403789
1.01702152276866	0.948261951109401
-0.452536711952161	0.4381982310991
-0.365062713323151	0.432988082039916
-1.10711017560976	0.776316276698443
-1.29654049727314	0.608082713307907
0.319723006540333	0.173964487845985
0.684858846000922	0.672698675873661
-0.639360950824072	0.730710067656404
-0.297757555707188	0.248967436478644
-0.672159380658364	0.859069560510348
-0.245273000616255	0.119985130198809
0.0661461739674949	0.0431452191673699
-0.271497324372241	0.198037808319885
-0.419309579139032	0.229802069746384
-0.4090032478072	0.228741248895993
-0.588962404927462	0.615688477313536
-0.181928720741402	0.162777425438803
-0.278119377403805	0.278845536476049
-1.10162569644153	0.652696849371971
-0.504050962115457	0.269056238619572
-0.81291529005602	0.629125181826325
-0.733585142880058	0.714081443511038
-0.722421981885484	0.957664617451833
-0.383869164169334	0.339946199747299
