x	y	clickSelects
-0.05333885030425	1.21561198315623	4559
0.0963934100377699	0.96268971713634	6
0.0941860869489299	0.935565957793181	188
-0.0400276730549101	0.502827444432226	35
-0.04231614567118	0.509240283014783	1269
-0.04231614567118	0.509240283014783	1269
-0.04231614567118	0.509240283014783	1731
-0.04231614567118	0.509240283014783	416
-0.04231614567118	0.509240283014783	1392
-0.04231614567118	0.509240283014783	2909
-0.04231614567118	0.509240283014783	32
-0.0433088550302301	0.512659458057214	32
-0.04231614567118	0.509240283014783	2408
-0.04231614567118	0.509240283014783	2408
-0.0433088550302301	0.512659458057214	2309
-0.04231614567118	0.509240283014783	1491
-0.0433088550302301	0.512659458057214	33
-0.0400276730549101	0.502827444432226	33
-0.0433088550302301	0.512659458057214	33
-0.04231614567118	0.509240283014783	1391
-0.0400276730549101	0.502827444432226	1391
-0.0433088550302301	0.512659458057214	1391
0.09115945513543	0.943087363097328	1391
-0.0433088550302301	0.512659458057214	1391
-0.0433088550302301	0.512659458057214	286
-0.0550379923861899	1.25891974706269	134
0.0900716723534298	0.935054053031498	289
-0.044837897207	1.14272271443433	3586
0.09392073023333	0.950417569330781	87
-0.04231614567118	0.509240283014783	1269
-0.04231614567118	0.509240283014783	1269
-0.0433088550302301	0.512659458057214	1269
-0.04231614567118	0.509240283014783	3625
-0.0433088550302301	0.512659458057214	2744
-0.0400276730549101	0.502827444432226	2744
-0.04231614567118	0.509240283014783	1491
-0.04231614567118	0.509240283014783	1491
-0.0433088550302301	0.512659458057214	1491
-0.04231614567118	0.509240283014783	1491
-0.04231614567118	0.509240283014783	1491
-0.0400276730549101	0.502827444432226	2218
-0.0400276730549101	0.502827444432226	2739
-0.0433088550302301	0.512659458057214	2739
-0.04231614567118	0.509240283014783	2739
-0.04231614567118	0.509240283014783	2739
-0.0433088550302301	0.512659458057214	1391
-0.04231614567118	0.509240283014783	1391
0.10128954409288	0.977027276752701	241
0.0991498051348101	0.977847917859047	1320
0.0953074770654201	0.965496584541926	134
0.10514675533956	1.42457198973174	5662
-0.04231614567118	0.509240283014783	35
0.09696222324059	0.945873879640524	4477
0.10296958321071	0.945400935306757	1269
-0.0400276730549101	0.502827444432226	64
-0.04231614567118	0.509240283014783	2909
-0.0433088550302301	0.512659458057214	2909
-0.04231614567118	0.509240283014783	2909
-0.0400276730549101	0.502827444432226	2309
-0.04231614567118	0.509240283014783	4242
-0.0433088550302301	0.512659458057214	1490
-0.0433088550302301	0.512659458057214	1391
-0.0419792077949299	1.1832728646214	3946
-0.0516920203473299	1.24056035873464	191
0.0963934100377699	0.96268971713634	142
0.10301828480208	0.935826155731033	748
0.0900716723534298	0.935054053031498	5662
-0.05453517717034	1.23443245592405	35
0.10411137013257	0.912605648541002	474
-0.04231614567118	0.509240283014783	1269
-0.0433088550302301	0.512659458057214	1731
-0.04231614567118	0.509240283014783	2909
-0.0433088550302301	0.512659458057214	2909
-0.04231614567118	0.509240283014783	639
-0.0433088550302301	0.512659458057214	639
-0.0400276730549101	0.502827444432226	639
-0.04231614567118	0.509240283014783	2309
-0.04231614567118	0.509240283014783	236
-0.04231614567118	0.509240283014783	1491
-0.0433088550302301	0.512659458057214	1491
-0.0400276730549101	0.502827444432226	2739
-0.04231614567118	0.509240283014783	2739
-0.04231614567118	0.509240283014783	1391
-0.0433088550302301	0.512659458057214	1391
-0.04231614567118	0.509240283014783	1391
-0.0433088550302301	0.512659458057214	1391
-0.0400276730549101	0.502827444432226	1391
-0.04589860777257	1.26601505452128	728
0.09115945513543	0.943087363097328	1320
0.1151769586617	1.52607027104306	191
-0.0433088550302301	0.512659458057214	398
-0.0433088550302301	0.512659458057214	4510
0.09422112482806	0.957037987058875	35
0.00836557124705006	1.81199583719478	35
-0.04231614567118	0.509240283014783	1269
-0.0433088550302301	0.512659458057214	1731
-0.0400276730549101	0.502827444432226	2909
-0.04231614567118	0.509240283014783	5951
-0.0433088550302301	0.512659458057214	5951
-0.0433088550302301	0.512659458057214	639
-0.0433088550302301	0.512659458057214	639
-0.04231614567118	0.509240283014783	2516
-0.0433088550302301	0.512659458057214	2301
-0.04231614567118	0.509240283014783	1491
-0.0400276730549101	0.502827444432226	33
-0.0433088550302301	0.512659458057214	2960
-0.04231614567118	0.509240283014783	1981
-0.04231614567118	0.509240283014783	1981
-0.04231614567118	0.509240283014783	2739
-0.0433088550302301	0.512659458057214	2739
-0.0400276730549101	0.502827444432226	1391
-0.0400276730549101	0.502827444432226	1391
-0.0400276730549101	0.502827444432226	1391
-0.0433088550302301	0.512659458057214	1391
-0.04231614567118	0.509240283014783	1391
-0.0537935002333101	1.23628346988152	83
-0.05114573477712	1.24391026712817	760
0.0931343576221599	0.927821470637367	808
-0.04231614567118	0.509240283014783	416
-0.0400276730549101	0.502827444432226	2909
-0.04231614567118	0.509240283014783	639
-0.04231614567118	0.509240283014783	639
-0.04231614567118	0.509240283014783	639
-0.0433088550302301	0.512659458057214	2301
-0.0433088550302301	0.512659458057214	2301
-0.04231614567118	0.509240283014783	2301
-0.0433088550302301	0.512659458057214	1981
-0.04231614567118	0.509240283014783	1391
-0.04231614567118	0.509240283014783	1391
-0.04231614567118	0.509240283014783	1391
-0.04231614567118	0.509240283014783	1391
-0.01052244394113	2.33986272312742	83
-0.04810718920999	1.2592306899535	744
-0.0531410133504	1.253933169308	35
0.0889833351048099	0.907343633258554	35
0.0974435032230501	0.97111891999974	35
-0.0433088550302301	0.512659458057214	639
-0.0433088550302301	0.512659458057214	639
-0.0433088550302301	0.512659458057214	4467
-0.04231614567118	0.509240283014783	1981
0.10019721953434	0.986561337015099	33
-0.0433088550302301	0.512659458057214	33
-0.0433088550302301	0.512659458057214	1391
-0.04231614567118	0.509240283014783	1391
-0.05251943252082	1.19895939104393	83
-0.0440407656855	1.12290579497957	83
-0.04589860777257	1.26601505452128	83
0.0963934100377699	0.96268971713634	6014
-0.0507440660823999	1.23823936353665	6
0.11294773871658	1.29577723609082	35
-0.0433088550302301	0.512659458057214	35
-0.0516920203473299	1.24056035873464	35
0.10019721953434	0.986561337015099	416
0.0980562880981402	0.973310753898062	1576
-0.0433088550302301	0.512659458057214	236
-0.0433088550302301	0.512659458057214	33
-0.0400276730549101	0.502827444432226	2546
-0.04231614567118	0.509240283014783	1981
-0.0433088550302301	0.512659458057214	33
-0.04231614567118	0.509240283014783	1391
-0.0433088550302301	0.512659458057214	1391
-0.0433088550302301	0.512659458057214	1391
0.10024276941631	0.968527174514026	48
-0.04454761027832	2.17942183085352	1982
-0.12023282418732	1.91566412253735	1320
-0.04231614567118	0.509240283014783	748
-0.10625786884832	1.62809049230691	6
0.0974435032230501	0.97111891999974	64
-0.04830785711001	1.23693138192231	64
0.10890358646946	1.49347824877744	64
-0.0433088550302301	0.512659458057214	965
-0.0433088550302301	0.512659458057214	32
-0.0433088550302301	0.512659458057214	33
-0.04231614567118	0.509240283014783	33
-0.04231614567118	0.509240283014783	1391
-0.0433088550302301	0.512659458057214	1391
-0.04231614567118	0.509240283014783	1391
0.0963581162796299	0.973998300634346	171
-0.0400276730549101	0.502827444432226	32
-0.0516920203473299	1.24056035873464	32
-0.04231614567118	0.509240283014783	32
-0.0400276730549101	0.502827444432226	32
0.0991043414499799	0.981940733304083	1162
0.0952723094223802	0.965373308881764	639
-0.04231614567118	0.509240283014783	33
-0.0433088550302301	0.512659458057214	33
-0.04231614567118	0.509240283014783	33
-0.0433088550302301	0.512659458057214	784
0.10024276941631	0.968527174514026	142
-0.0397663377425399	2.23255602425848	6
-0.11352683636676	1.57341311838028	171
-0.0485400501139099	1.21524151507398	87
-0.11166757054537	1.62685526178114	1637
0.10580682486426	0.884904138446584	35
-0.0433088550302301	0.512659458057214	32
-0.0433088550302301	0.512659458057214	32
0.0953074770654201	0.965496584541926	2836
-0.0433088550302301	0.512659458057214	33
0.0974435032230501	0.97111891999974	5129
0.1079816762962	1.49647427193087	939
0.11141177420006	1.4543320128246	32
0.0950086192964701	0.954729376314145	32
-0.04231614567118	0.509240283014783	32
0.09115945513543	0.943087363097328	2836
-0.0433088550302301	0.512659458057214	1162
-0.0433088550302301	0.512659458057214	1162
-0.04231614567118	0.509240283014783	3452
0.0991498051348101	0.977847917859047	1107
0.0963934100377699	0.96268971713634	33
-0.04925289680268	1.24861269567071	2969
-0.0433088550302301	0.512659458057214	33
-0.0433088550302301	0.512659458057214	5129
-0.0433088550302301	0.512659458057214	5129
-0.0433088550302301	0.512659458057214	1283
-0.05548794271404	1.23672717225912	6
-0.0433088550302301	0.512659458057214	32
-0.04231614567118	0.509240283014783	32
-0.0400276730549101	0.502827444432226	3452
-0.04231614567118	0.509240283014783	784
-0.0433088550302301	0.512659458057214	5129
-0.0433088550302301	0.512659458057214	539
-0.0433088550302301	0.512659458057214	2565
-0.0400276730549101	0.502827444432226	301
-0.04231614567118	0.509240283014783	1822
-0.0433088550302301	0.512659458057214	76
0.0565414315966502	2.36715890266198	1982
0.10019721953434	0.986561337015099	6737
-0.11352683636676	1.57341311838028	1026
0.10187601291569	0.923616458037101	32
-0.0433088550302301	0.512659458057214	1107
-0.0433088550302301	0.512659458057214	33
-0.04231614567118	0.509240283014783	5129
-0.04231614567118	0.509240283014783	160
-0.0433088550302301	0.512659458057214	2565
-0.0400276730549101	0.502827444432226	2565
-0.05209352416222	1.22558375841637	6
-0.0433088550302301	0.512659458057214	32
-0.04231614567118	0.509240283014783	543
-0.04231614567118	0.509240283014783	2954
-0.0433088550302301	0.512659458057214	2954
-0.04231614567118	0.509240283014783	76
0.0050325400248199	1.73118822954399	939
-0.04231614567118	0.509240283014783	32
0.0974801656999298	0.949200985630619	551
-0.04231614567118	0.509240283014783	1338
0.10019721953434	0.986561337015099	33
-0.04231614567118	0.509240283014783	3640
-0.0433088550302301	0.512659458057214	2106
-0.0433088550302301	0.512659458057214	2106
-0.04231614567118	0.509240283014783	3805
-0.04231614567118	0.509240283014783	160
-0.0400276730549101	0.502827444432226	160
0.0963581162796299	0.973998300634346	160
-0.04231614567118	0.509240283014783	1283
-0.0400276730549101	0.502827444432226	301
-0.0433088550302301	0.512659458057214	301
-0.0506165366501501	1.21653333390174	2113
-0.11598916925688	1.53206252166026	6417
0.0900716723534298	0.935054053031498	3665
0.10187601291569	0.923616458037101	272
0.09696222324059	0.945873879640524	32
-0.04231614567118	0.509240283014783	32
-0.0433088550302301	0.512659458057214	1338
-0.04231614567118	0.509240283014783	2954
-0.0433088550302301	0.512659458057214	784
-0.0400276730549101	0.502827444432226	160
-0.04231614567118	0.509240283014783	6813
-0.04231614567118	0.509240283014783	6813
0.0980109147754602	0.953940115496525	1789
-0.0542868007373001	1.21410191463794	1789
-0.05408905082592	1.26053510707135	6
0.10128954409288	0.977027276752701	6
-0.0433088550302301	0.512659458057214	272
-0.0433088550302301	0.512659458057214	1461
-0.04231614567118	0.509240283014783	5519
-0.0433088550302301	0.512659458057214	33
-0.0433088550302301	0.512659458057214	160
-0.0400276730549101	0.502827444432226	1283
-0.04231614567118	0.509240283014783	1283
-0.04231614567118	0.509240283014783	1283
-0.0400276730549101	0.502827444432226	76
-0.04231614567118	0.509240283014783	76
-0.0400276730549101	0.502827444432226	76
-0.0567403090402401	1.19485987651995	3951
-0.0453628204195999	1.16583371024932	2113
0.0963934100377699	0.96268971713634	6
-0.11565466012857	1.60023054565146	3665
-0.0499983384612599	1.29653768955037	3665
-0.04231614567118	0.509240283014783	272
-0.0433088550302301	0.512659458057214	32
-0.0433088550302301	0.512659458057214	32
0.0985293946240402	0.957334513714727	525
-0.0433088550302301	0.512659458057214	2954
-0.0433088550302301	0.512659458057214	2645
-0.04231614567118	0.509240283014783	5519
0.0963934100377699	0.96268971713634	160
-0.0433088550302301	0.512659458057214	1283
-0.04231614567118	0.509240283014783	76
-0.04231614567118	0.509240283014783	76
-0.04231614567118	0.509240283014783	76
0.0991043414499799	0.981940733304083	830
-0.0550379923861899	1.25891974706269	289
0.10941515529057	1.44447246190096	6
-0.04925289680268	1.24861269567071	6
0.0963581162796299	0.973998300634346	1732
0.09115945513543	0.943087363097328	1824
0.0952723094223802	0.965373308881764	4175
-0.0400276730549101	0.502827444432226	2954
0.0953074770654201	0.965496584541926	33
-0.0400276730549101	0.502827444432226	1476
-0.0433088550302301	0.512659458057214	160
-0.0433088550302301	0.512659458057214	160
-0.0433088550302301	0.512659458057214	160
-0.0400276730549101	0.502827444432226	539
-0.0400276730549101	0.502827444432226	1283
-0.04231614567118	0.509240283014783	1283
-0.04231614567118	0.509240283014783	76
-0.0433088550302301	0.512659458057214	76
-0.1096153687367	1.60794945276148	603
0.11800063784298	1.83933336706644	1789
-0.0521938843730201	1.23889538799248	83
-0.11817295668073	1.49381459639962	83
-0.0361050541806101	2.23957093730092	289
-0.0537935002333101	1.23628346988152	1229
-0.10119934497568	1.53580424071121	289
0.0963581162796299	0.973998300634346	171
0.0991043414499799	0.981940733304083	828
-0.0433088550302301	0.512659458057214	696
0.10024276941631	0.968527174514026	696
-0.04231614567118	0.509240283014783	32
-0.0400276730549101	0.502827444432226	33
-0.0433088550302301	0.512659458057214	1920
-0.0400276730549101	0.502827444432226	813
-0.0433088550302301	0.512659458057214	160
-0.0433088550302301	0.512659458057214	160
-0.04231614567118	0.509240283014783	1283
-0.0433088550302301	0.512659458057214	160
0.12084643813247	1.4185491875864	31
-0.0556975908613799	1.23159813757765	371
0.12106986888701	1.44815278248675	6
0.10406259161998	0.943611890064193	6
0.0900716723534298	0.935054053031498	171
0.0963934100377699	0.96268971713634	4303
-0.044837897207	1.14272271443433	35
-0.0507440660823999	1.23823936353665	644
-0.04231614567118	0.509240283014783	696
-0.0433088550302301	0.512659458057214	32
0.0900716723534298	0.935054053031498	1025
-0.0400276730549101	0.502827444432226	1025
-0.0433088550302301	0.512659458057214	1025
-0.0433088550302301	0.512659458057214	160
-0.0433088550302301	0.512659458057214	1283
-0.04231614567118	0.509240283014783	830
-0.0400276730549101	0.502827444432226	1192
0.0889833351048099	0.907343633258554	1975
0.0963581162796299	0.973998300634346	1376
0.0952723094223802	0.965373308881764	644
-0.0595869687225401	1.20050171801505	1334
0.0953074770654201	0.965496584541926	2978
-0.0433088550302301	0.512659458057214	32
-0.0433088550302301	0.512659458057214	1219
-0.0433088550302301	0.512659458057214	32
-0.0419792077949299	1.1832728646214	525
-0.0433088550302301	0.512659458057214	1025
-0.0433088550302301	0.512659458057214	1025
-0.0400276730549101	0.502827444432226	1920
-0.0433088550302301	0.512659458057214	160
-0.04231614567118	0.509240283014783	160
-0.04231614567118	0.509240283014783	1353
-0.04231614567118	0.509240283014783	160
-0.0433088550302301	0.512659458057214	160
-0.04231614567118	0.509240283014783	1192
-0.0433088550302301	0.512659458057214	1192
0.0088474781138701	1.79616232518082	83
-0.11152499357901	1.60395524914801	171
0.01268777362663	1.72366581314525	35
-0.04231614567118	0.509240283014783	1341
-0.04231614567118	0.509240283014783	3789
-0.0433088550302301	0.512659458057214	1353
-0.0433088550302301	0.512659458057214	1353
-0.04231614567118	0.509240283014783	160
-0.0433088550302301	0.512659458057214	160
-0.0433088550302301	0.512659458057214	160
-0.0433088550302301	0.512659458057214	2562
0.0963581162796299	0.973998300634346	1192
-0.12411389814407	1.96386212166426	3206
-0.10930707317841	1.5398589382936	3194
-0.0548395426719099	1.20575062653832	35
0.11831564934475	1.47694310312698	35
-0.0400276730549101	0.502827444432226	696
0.0974435032230501	0.97111891999974	2978
-0.04231614567118	0.509240283014783	2329
-0.04231614567118	0.509240283014783	2954
-0.04231614567118	0.509240283014783	2954
-0.0433088550302301	0.512659458057214	1025
-0.04231614567118	0.509240283014783	1980
0.09422112482806	0.957037987058875	160
-0.04231614567118	0.509240283014783	1353
-0.04231614567118	0.509240283014783	2181
-0.0433088550302301	0.512659458057214	6820
-0.04231614567118	0.509240283014783	898
0.0952723094223802	0.965373308881764	1975
0.0192363669013602	1.76410683375075	2952
0.0960959355723099	0.945940416978531	3206
-0.04231614567118	0.509240283014783	171
-0.04231614567118	0.509240283014783	644
-0.0433088550302301	0.512659458057214	644
-0.04231614567118	0.509240283014783	644
-0.04231614567118	0.509240283014783	644
-0.0433088550302301	0.512659458057214	32
-0.0433088550302301	0.512659458057214	32
-0.0433088550302301	0.512659458057214	5966
-0.0433088550302301	0.512659458057214	5966
-0.0433088550302301	0.512659458057214	525
-0.0400276730549101	0.502827444432226	2954
-0.04231614567118	0.509240283014783	1560
-0.0433088550302301	0.512659458057214	3789
-0.04231614567118	0.509240283014783	160
-0.0433088550302301	0.512659458057214	160
-0.04231614567118	0.509240283014783	160
-0.0433088550302301	0.512659458057214	160
-0.0400276730549101	0.502827444432226	2181
-0.0433088550302301	0.512659458057214	2181
0.0950086192964701	0.954729376314145	1976
0.10128954409288	0.977027276752701	6
-0.04231614567118	0.509240283014783	2950
-0.0523071882250501	1.2117116554623	35
0.0963934100377699	0.96268971713634	35
-0.0433088550302301	0.512659458057214	644
-0.0433088550302301	0.512659458057214	644
0.10684865007886	0.891671625042323	644
-0.05548794271404	1.23672717225912	1334
-0.0433088550302301	0.512659458057214	32
-0.04231614567118	0.509240283014783	525
-0.0433088550302301	0.512659458057214	405
-0.0433088550302301	0.512659458057214	2954
-0.0433088550302301	0.512659458057214	1025
-0.04231614567118	0.509240283014783	1025
-0.0400276730549101	0.502827444432226	1980
-0.04231614567118	0.509240283014783	160
-0.0433088550302301	0.512659458057214	160
-0.0433088550302301	0.512659458057214	1353
-0.0400276730549101	0.502827444432226	2181
-0.0433088550302301	0.512659458057214	1989
0.0454055010194199	2.2555095292689	2850
-0.0785001443347999	2.48554199556527	2850
-0.04925289680268	1.24861269567071	6
0.11296006349496	1.53737182151905	276
0.11004257414092	1.3971886185168	966
0.10296958321071	0.945400935306757	1334
0.0900716723534298	0.935054053031498	32
0.0991043414499799	0.981940733304083	32
-0.0433088550302301	0.512659458057214	5966
-0.04231614567118	0.509240283014783	33
-0.0433088550302301	0.512659458057214	33
-0.04231614567118	0.509240283014783	1560
0.0953074770654201	0.965496584541926	160
-0.0433088550302301	0.512659458057214	160
-0.04231614567118	0.509240283014783	160
-0.0433088550302301	0.512659458057214	1353
-0.0433088550302301	0.512659458057214	2181
0.00680994298186999	1.78617824846008	1620
-0.1065961351373	1.63771562796357	2095
-0.0427982755491501	1.88168889733965	1067
-0.0509452953782701	1.29919931008405	35
-0.0528419515321601	1.27140524605295	670
-0.0433088550302301	0.512659458057214	2954
-0.04231614567118	0.509240283014783	3790
-0.0433088550302301	0.512659458057214	3790
-0.04231614567118	0.509240283014783	1025
-0.0400276730549101	0.502827444432226	1560
0.0991498051348101	0.977847917859047	1560
-0.0400276730549101	0.502827444432226	160
-0.0433088550302301	0.512659458057214	1353
-0.04231614567118	0.509240283014783	2181
-0.0433088550302301	0.512659458057214	2668
-0.04231614567118	0.509240283014783	2668
-0.04231614567118	0.509240283014783	3646
-0.09867841687013	1.50955807816689	2194
0.11355718680665	1.44796219098114	298
-0.0490523015839199	1.28368702030812	171
-0.05578947649783	1.20424660366195	644
0.10296958321071	0.945400935306757	670
0.09422112482806	0.957037987058875	5067
-0.0433088550302301	0.512659458057214	123
-0.0433088550302301	0.512659458057214	1353
-0.0433088550302301	0.512659458057214	160
-0.04231614567118	0.509240283014783	3646
-0.0433088550302301	0.512659458057214	830
-0.10598158020498	1.56966704463341	2952
0.10515503313549	0.919920133187563	1596
-0.04231614567118	0.509240283014783	35
-0.04231614567118	0.509240283014783	2690
-0.05600928378656	1.18447159304976	32
-0.0433088550302301	0.512659458057214	32
-0.0400276730549101	0.502827444432226	1119
-0.04231614567118	0.509240283014783	2954
-0.04231614567118	0.509240283014783	160
-0.0433088550302301	0.512659458057214	160
-0.0433088550302301	0.512659458057214	160
-0.0433088550302301	0.512659458057214	2668
0.09696222324059	0.945873879640524	289
-0.11436522307718	1.55829480236324	1596
-0.05325971244532	1.19722174984604	298
-0.0434544231434699	1.17424319955627	277
-0.0433088550302301	0.512659458057214	35
-0.0400276730549101	0.502827444432226	340
-0.04231614567118	0.509240283014783	696
0.0991498051348101	0.977847917859047	3749
-0.0433088550302301	0.512659458057214	3996
-0.04231614567118	0.509240283014783	2954
-0.0433088550302301	0.512659458057214	5921
-0.0433088550302301	0.512659458057214	33
-0.0433088550302301	0.512659458057214	160
0.10192463335632	0.937567387474487	160
-0.0433088550302301	0.512659458057214	160
-0.04231614567118	0.509240283014783	679
-0.04231614567118	0.509240283014783	679
0.11609654730962	1.52303914700994	31
0.0963934100377699	0.96268971713634	921
-0.1082123505975	1.56379943043001	298
-0.04462347979338	1.21560407025698	4055
0.01589772140894	1.79229256198574	277
-0.0556975908613799	1.23159813757765	35
0.0170923296546599	1.81069556077906	35
0.0985718953077401	0.917779953478497	35
-0.0433088550302301	0.512659458057214	3996
-0.04231614567118	0.509240283014783	32
-0.04231614567118	0.509240283014783	2954
-0.0433088550302301	0.512659458057214	4408
-0.04231614567118	0.509240283014783	160
0.0963934100377699	0.96268971713634	823
0.0184064397528698	1.88369410964211	728
-0.04925289680268	1.24861269567071	31
0.10128954409288	0.977027276752701	6897
0.10997853885583	1.44618841016148	83
-0.04231614567118	0.509240283014783	644
-0.0433088550302301	0.512659458057214	644
0.10019721953434	0.986561337015099	644
-0.0433088550302301	0.512659458057214	340
-0.0433088550302301	0.512659458057214	3996
-0.04231614567118	0.509240283014783	32
-0.04231614567118	0.509240283014783	1111
-0.04231614567118	0.509240283014783	1111
-0.0433088550302301	0.512659458057214	1111
-0.0433088550302301	0.512659458057214	1111
-0.04231614567118	0.509240283014783	33
-0.04231614567118	0.509240283014783	160
-0.0433088550302301	0.512659458057214	160
0.10019721953434	0.986561337015099	1784
0.0996204870272899	0.92526495931062	33
-0.04231614567118	0.509240283014783	33
-0.0433088550302301	0.512659458057214	160
-0.0433088550302301	0.512659458057214	679
0.10727621372639	1.4293928984481	83
0.0980109147754602	0.953940115496525	132
-0.04231614567118	0.509240283014783	132
-0.04231614567118	0.509240283014783	35
-0.0531410133504	1.253933169308	35
-0.0433088550302301	0.512659458057214	32
-0.0433088550302301	0.512659458057214	637
-0.04231614567118	0.509240283014783	201
-0.0433088550302301	0.512659458057214	679
-0.0433088550302301	0.512659458057214	1784
0.0952723094223802	0.965373308881764	35
-0.04231614567118	0.509240283014783	6531
-0.0433088550302301	0.512659458057214	32
-0.04231614567118	0.509240283014783	32
-0.04231614567118	0.509240283014783	2954
-0.04231614567118	0.509240283014783	2954
-0.0433088550302301	0.512659458057214	1685
-0.0433088550302301	0.512659458057214	790
-0.04231614567118	0.509240283014783	160
0.0980562880981402	0.973310753898062	679
-0.04231614567118	0.509240283014783	1784
-0.0433088550302301	0.512659458057214	679
-0.05578947649783	1.20424660366195	598
0.0113664853873399	1.8426300991583	87
0.0953074770654201	0.965496584541926	3101
0.0991043414499799	0.981940733304083	32
-0.0433088550302301	0.512659458057214	1685
0.0991498051348101	0.977847917859047	436
-0.0433088550302301	0.512659458057214	830
-0.0433088550302301	0.512659458057214	679
-0.11166757054537	1.62685526178114	110
0.0963581162796299	0.973998300634346	2954
-0.0433088550302301	0.512659458057214	679
0.0963581162796299	0.973998300634346	679
-0.04231614567118	0.509240283014783	1896
-0.04610959921561	1.22818117386364	159
0.0124298207223301	1.88498629101123	276
-0.0507440660823999	1.23823936353665	110
0.0963581162796299	0.973998300634346	35
-0.0559878336286099	1.24852460803015	3955
0.0985718953077401	0.917779953478497	330
-0.0433088550302301	0.512659458057214	33
-0.0433088550302301	0.512659458057214	1896
-0.0433088550302301	0.512659458057214	6319
0.11041599029623	1.47191383165455	110
0.09422112482806	0.957037987058875	2851
-0.0470544512929301	1.22512124841156	35
0.0963934100377699	0.96268971713634	256
-0.0487438889162699	1.25459763817845	1062
-0.11320840708053	1.59828702962977	3514
0.10260540407698	1.41973596952638	1959
-0.0400276730549101	0.502827444432226	1603
-0.04231614567118	0.509240283014783	1603
-0.0433088550302301	0.512659458057214	159
0.09422112482806	0.957037987058875	159
-0.0433088550302301	0.512659458057214	159
-0.04231614567118	0.509240283014783	276
-0.04231614567118	0.509240283014783	35
-0.0400276730549101	0.502827444432226	670
-0.0433088550302301	0.512659458057214	330
-0.0433088550302301	0.512659458057214	330
0.0974435032230501	0.97111891999974	687
-0.05695176705547	1.19791889316471	673
-0.1021221386113	1.59616574782777	83
-0.04231614567118	0.509240283014783	1603
0.10024276941631	0.968527174514026	334
-0.0433088550302301	0.512659458057214	32
-0.04231614567118	0.509240283014783	97
-0.04231614567118	0.509240283014783	123
0.09422112482806	0.957037987058875	201
-0.0433088550302301	0.512659458057214	679
-0.0433088550302301	0.512659458057214	2841
-0.04925289680268	1.24861269567071	679
0.10606487298047	1.4140118366521	185
0.0974801656999298	0.949200985630619	2666
-0.0433088550302301	0.512659458057214	32
-0.0534717208644999	1.16244683947823	330
0.0922466785166298	0.940461176647781	436
-0.0468512568322199	1.27401845901775	160
0.0991043414499799	0.981940733304083	830
-0.04231614567118	0.509240283014783	679
0.0950086192964701	0.954729376314145	830
-0.03433622548048	2.11296481128134	83
0.10575495594571	0.877800383568289	132
0.0154330096152	1.83320504795457	395
0.0974435032230501	0.97111891999974	159
-0.05239180492308	1.20960887250915	276
-0.0400276730549101	0.502827444432226	334
-0.0433088550302301	0.512659458057214	35
-0.0433088550302301	0.512659458057214	5456
0.0952723094223802	0.965373308881764	35
0.10019721953434	0.986561337015099	32
-0.05389051196386	1.19987881676616	330
0.0974435032230501	0.97111891999974	330
-0.0433088550302301	0.512659458057214	86
-0.0433088550302301	0.512659458057214	86
0.0953074770654201	0.965496584541926	606
-0.0400276730549101	0.502827444432226	606
-0.04231614567118	0.509240283014783	4252
-0.03936606787343	2.24576633979931	35
-0.05359066827893	1.21557217102779	330
0.0952723094223802	0.965373308881764	330
0.0974801656999298	0.949200985630619	687
0.0996204870272899	0.92526495931062	276
-0.0449452302025	1.2457060919698	334
-0.0433088550302301	0.512659458057214	35
-0.0433088550302301	0.512659458057214	4252
-0.0400276730549101	0.502827444432226	4252
0.10296958321071	0.945400935306757	32
-0.04231614567118	0.509240283014783	86
-0.04231614567118	0.509240283014783	436
0.10019721953434	0.986561337015099	160
-0.0433088550302301	0.512659458057214	679
-0.04231614567118	0.509240283014783	679
0.11831564934475	1.47694310312698	185
0.11447813686662	1.45633694236813	32
-0.0433088550302301	0.512659458057214	606
-0.04231614567118	0.509240283014783	1501
-0.0433088550302301	0.512659458057214	201
-0.05789517411284	1.20378148993613	262
-0.04231614567118	0.509240283014783	606
-0.0433088550302301	0.512659458057214	35
-0.0526408892263199	1.23357953132502	35
0.10776517274133	1.43517508400178	1885
-0.11506982798526	1.50651534712311	32
-0.04231614567118	0.509240283014783	642
0.09392073023333	0.950417569330781	206
-0.04231614567118	0.509240283014783	1501
-0.11726808541395	1.51216779200542	1062
-0.1088277671955	1.63136597265327	634
-0.05408905082592	1.26053510707135	334
0.10187601291569	0.923616458037101	35
0.11011246836696	1.44650663963183	2318
0.0953074770654201	0.965496584541926	642
0.0963581162796299	0.973998300634346	2832
0.0953074770654201	0.965496584541926	201
-0.0433088550302301	0.512659458057214	679
0.0963934100377699	0.96268971713634	679
-0.04663933965253	1.21114192894038	679
-0.0433088550302301	0.512659458057214	634
-0.0402678749052701	1.12568291106171	159
-0.0433088550302301	0.512659458057214	2639
-0.04231614567118	0.509240283014783	2639
-0.0433088550302301	0.512659458057214	2639
-0.0433088550302301	0.512659458057214	86
0.0974435032230501	0.97111891999974	679
0.0952723094223802	0.965373308881764	679
0.0953074770654201	0.965496584541926	634
0.0900716723534298	0.935054053031498	132
-0.0433088550302301	0.512659458057214	140
-0.10277929109795	1.55530912285008	101
-0.04231614567118	0.509240283014783	2338
-0.0552356518183701	1.20456211069564	2313
0.0944194272385301	0.897931282893858	2313
-0.05578947649783	1.20424660366195	32
-0.0433088550302301	0.512659458057214	32
-0.0434544231434699	1.17424319955627	606
0.0953074770654201	0.965496584541926	201
0.0991043414499799	0.981940733304083	1440
-0.04231614567118	0.509240283014783	140
-0.04231614567118	0.509240283014783	159
-0.04231614567118	0.509240283014783	1038
0.11133782039123	1.47392731128033	206
0.0941860869489299	0.935565957793181	185
0.10019721953434	0.986561337015099	276
-0.0501988575096199	1.2510017412835	2666
0.09696222324059	0.945873879640524	35
-0.0433088550302301	0.512659458057214	867
0.0474327736140099	2.30626698991561	35
0.0952723094223802	0.965373308881764	32
0.0963581162796299	0.973998300634346	3145
-0.04231614567118	0.509240283014783	86
-0.0433088550302301	0.512659458057214	6437
0.11041599029623	1.47191383165455	201
0.0985293946240402	0.957334513714727	83
-0.0433088550302301	0.512659458057214	159
-0.04231614567118	0.509240283014783	159
0.10406259161998	0.943611890064193	875
-0.04231614567118	0.509240283014783	276
-0.04231614567118	0.509240283014783	3190
-0.04231614567118	0.509240283014783	585
-0.0433088550302301	0.512659458057214	6247
-0.0433088550302301	0.512659458057214	32
-0.0433088550302301	0.512659458057214	606
-0.0433088550302301	0.512659458057214	6437
0.0991498051348101	0.977847917859047	132
-0.0400276730549101	0.502827444432226	140
-0.04231614567118	0.509240283014783	298
0.0991498051348101	0.977847917859047	276
-0.10468973205413	1.62003339791613	110
0.0191313388146201	1.76792779629904	35
-0.04231614567118	0.509240283014783	3963
-0.0433088550302301	0.512659458057214	3963
-0.04231614567118	0.509240283014783	3963
-0.0433088550302301	0.512659458057214	3963
0.1230956526002	2.03610225687617	941
-0.06053321031447	1.19114300214982	32
0.10019721953434	0.986561337015099	201
-0.04231614567118	0.509240283014783	2149
-0.0433088550302301	0.512659458057214	132
-0.0433088550302301	0.512659458057214	132
-0.04231614567118	0.509240283014783	101
-0.0556975908613799	1.23159813757765	185
-0.0433088550302301	0.512659458057214	3963
0.0215104430055901	1.86745755708339	32
-0.0433088550302301	0.512659458057214	642
0.0963934100377699	0.96268971713634	1063
-0.0400276730549101	0.502827444432226	2397
0.0980562880981402	0.973310753898062	101
0.10890358646946	1.49347824877744	35
-0.10147018050351	1.48840894372225	35
-0.04231614567118	0.509240283014783	32
0.00967989327874985	1.78135799445701	32
-0.0433088550302301	0.512659458057214	2241
0.10019721953434	0.986561337015099	201
0.0952723094223802	0.965373308881764	201
-0.0433088550302301	0.512659458057214	201
0.09392073023333	0.950417569330781	201
0.0174486708110302	1.89387426821917	615
0.0991498051348101	0.977847917859047	132
-0.05408905082592	1.26053510707135	110
-0.0468512568322199	1.27401845901775	35
-0.04231614567118	0.509240283014783	585
-0.04231614567118	0.509240283014783	6051
-0.04231614567118	0.509240283014783	6051
0.11111852859261	1.54382522620976	32
-0.0433088550302301	0.512659458057214	642
-0.0433088550302301	0.512659458057214	2241
-0.04231614567118	0.509240283014783	2241
-0.04231614567118	0.509240283014783	201
0.0963934100377699	0.96268971713634	201
-0.0433088550302301	0.512659458057214	2217
0.0953074770654201	0.965496584541926	3103
-0.0433088550302301	0.512659458057214	35
0.10635297084414	1.42393527907671	5091
-0.0433088550302301	0.512659458057214	32
-0.0552356518183701	1.20456211069564	1632
0.0991498051348101	0.977847917859047	1632
-0.04231614567118	0.509240283014783	4407
-0.0400276730549101	0.502827444432226	206
-0.0400276730549101	0.502827444432226	530
-0.0400276730549101	0.502827444432226	201
-0.0400276730549101	0.502827444432226	2781
-0.04231614567118	0.509240283014783	35
0.0952723094223802	0.965373308881764	35
0.0963581162796299	0.973998300634346	1322
-0.0433088550302301	0.512659458057214	32
0.0963581162796299	0.973998300634346	2745
0.0991043414499799	0.981940733304083	508
-0.04231614567118	0.509240283014783	2241
-0.0400276730549101	0.502827444432226	4258
-0.0433088550302301	0.512659458057214	3732
-0.0433088550302301	0.512659458057214	3371
-0.0400276730549101	0.502827444432226	3371
-0.0433088550302301	0.512659458057214	2217
0.0963581162796299	0.973998300634346	342
-0.0433088550302301	0.512659458057214	75
0.0952723094223802	0.965373308881764	5415
-0.04231614567118	0.509240283014783	606
-0.0433088550302301	0.512659458057214	3
-0.04231614567118	0.509240283014783	1404
-0.0433088550302301	0.512659458057214	3024
-0.0433088550302301	0.512659458057214	3024
-0.0433088550302301	0.512659458057214	3371
-0.04231614567118	0.509240283014783	3371
-0.0433088550302301	0.512659458057214	3371
-0.0400276730549101	0.502827444432226	3371
0.10857062720395	1.43480816485757	849
0.09115945513543	0.943087363097328	2458
0.0985293946240402	0.957334513714727	28
-0.04231614567118	0.509240283014783	35
-0.0433088550302301	0.512659458057214	75
-0.04231614567118	0.509240283014783	2745
0.0991043414499799	0.981940733304083	2745
0.0105234629830502	1.83749630765427	508
-0.0433088550302301	0.512659458057214	3
-0.04231614567118	0.509240283014783	3
-0.04231614567118	0.509240283014783	530
-0.0433088550302301	0.512659458057214	3024
-0.0433088550302301	0.512659458057214	3024
0.0974801656999298	0.949200985630619	226
-0.04231614567118	0.509240283014783	897
-0.03419133114496	2.23900699001248	185
0.0980562880981402	0.973310753898062	334
-0.04231614567118	0.509240283014783	35
-0.0390094744995999	2.16627187554072	35
0.0952723094223802	0.965373308881764	32
-0.0583324882412799	1.17198983079306	2626
-0.0433088550302301	0.512659458057214	226
-0.04231614567118	0.509240283014783	897
-0.0433088550302301	0.512659458057214	897
0.10192463335632	0.937567387474487	101
0.0963581162796299	0.973998300634346	35
-0.11691625573297	1.48970858864659	28
-0.04231614567118	0.509240283014783	32
-0.04231614567118	0.509240283014783	3
-0.0433088550302301	0.512659458057214	3
-0.0433088550302301	0.512659458057214	5830
-0.0433088550302301	0.512659458057214	1404
0.0963581162796299	0.973998300634346	3371
-0.0433088550302301	0.512659458057214	2626
-0.0433088550302301	0.512659458057214	897
0.10411137013257	0.912605648541002	35
-0.05548794271404	1.23672717225912	75
0.0963581162796299	0.973998300634346	3
-0.0433088550302301	0.512659458057214	4511
-0.04231614567118	0.509240283014783	1404
0.0991498051348101	0.977847917859047	3371
0.0952723094223802	0.965373308881764	3857
0.10964783386401	0.825257841633237	75
-0.0433088550302301	0.512659458057214	32
0.10238897120936	1.40743908611928	3013
-0.0410274428587001	1.16966690910638	58
0.0996204870272899	0.92526495931062	58
0.0991498051348101	0.977847917859047	83
-0.0542868007373001	1.21410191463794	4937
-0.0400276730549101	0.502827444432226	1164
-0.04231614567118	0.509240283014783	3887
-0.0433088550302301	0.512659458057214	1064
0.09392073023333	0.950417569330781	2582
-0.04231614567118	0.509240283014783	1322
-0.0433088550302301	0.512659458057214	519
-0.0400276730549101	0.502827444432226	240
-0.0433088550302301	0.512659458057214	240
-0.0433088550302301	0.512659458057214	240
-0.04231614567118	0.509240283014783	3
-0.0433088550302301	0.512659458057214	1736
-0.04231614567118	0.509240283014783	1736
-0.04231614567118	0.509240283014783	3
-0.0433088550302301	0.512659458057214	3110
-0.0433088550302301	0.512659458057214	1404
-0.0400276730549101	0.502827444432226	1404
-0.0433088550302301	0.512659458057214	73
-0.0433088550302301	0.512659458057214	5826
-0.0433088550302301	0.512659458057214	1604
-0.04231614567118	0.509240283014783	1604
-0.04231614567118	0.509240283014783	2626
-0.0433088550302301	0.512659458057214	794
0.0950086192964701	0.954729376314145	27
0.0991043414499799	0.981940733304083	58
-0.0433088550302301	0.512659458057214	682
0.0900716723534298	0.935054053031498	101
-0.0433088550302301	0.512659458057214	185
-0.0433088550302301	0.512659458057214	4865
0.10296958321071	0.945400935306757	1599
-0.04231614567118	0.509240283014783	342
0.0953074770654201	0.965496584541926	3887
0.09422112482806	0.957037987058875	3626
-0.0400276730549101	0.502827444432226	270
-0.0433088550302301	0.512659458057214	334
0.0952723094223802	0.965373308881764	3488
-0.0433088550302301	0.512659458057214	6022
0.09422112482806	0.957037987058875	962
-0.0400276730549101	0.502827444432226	408
-0.0433088550302301	0.512659458057214	240
-0.04231614567118	0.509240283014783	240
0.0963581162796299	0.973998300634346	240
-0.0433088550302301	0.512659458057214	3
-0.0433088550302301	0.512659458057214	3
-0.0433088550302301	0.512659458057214	3110
-0.04231614567118	0.509240283014783	3110
0.0953074770654201	0.965496584541926	3110
-0.0433088550302301	0.512659458057214	631
-0.0433088550302301	0.512659458057214	1604
-0.0433088550302301	0.512659458057214	1604
-0.04231614567118	0.509240283014783	73
-0.0433088550302301	0.512659458057214	2626
-0.04231614567118	0.509240283014783	1654
0.11089995408153	1.47141935881031	897
0.0991043414499799	0.981940733304083	342
0.0980562880981402	0.973310753898062	342
0.12398150190494	1.37151630941239	1064
0.09422112482806	0.957037987058875	3626
0.0127826244410101	1.88401885324383	334
0.00885752673569984	1.71785868844136	35
-0.0516920203473299	1.24056035873464	3488
0.09115945513543	0.943087363097328	240
-0.04231614567118	0.509240283014783	240
0.0952723094223802	0.965373308881764	3
-0.0433088550302301	0.512659458057214	3
-0.0433088550302301	0.512659458057214	3257
-0.0400276730549101	0.502827444432226	631
-0.04231614567118	0.509240283014783	631
-0.0433088550302301	0.512659458057214	5828
-0.04231614567118	0.509240283014783	73
-0.0433088550302301	0.512659458057214	794
-0.10502923338197	1.56660853463964	893
-0.0480002315671899	1.21036204084113	1164
-0.11599332140688	1.50196024553284	298
-0.0515677033639901	1.21348737164274	334
0.10024276941631	0.968527174514026	35
0.0963581162796299	0.973998300634346	957
0.0985718953077401	0.917779953478497	962
-0.04231614567118	0.509240283014783	408
-0.0433088550302301	0.512659458057214	6643
-0.04231614567118	0.509240283014783	6643
0.0991498051348101	0.977847917859047	3257
-0.04231614567118	0.509240283014783	3257
0.0941860869489299	0.935565957793181	3
-0.0433088550302301	0.512659458057214	3
-0.0400276730549101	0.502827444432226	1897
-0.04231614567118	0.509240283014783	794
0.11640458244125	1.40621887726269	83
-0.0400276730549101	0.502827444432226	101
0.0963581162796299	0.973998300634346	2987
-0.04779710926559	1.27070551376775	270
-0.11537339792021	1.571533543825	290
-0.0433088550302301	0.512659458057214	408
-0.04231614567118	0.509240283014783	769
-0.0433088550302301	0.512659458057214	3
-0.04231614567118	0.509240283014783	3
-0.04231614567118	0.509240283014783	4619
-0.04231614567118	0.509240283014783	4619
-0.0400276730549101	0.502827444432226	794
-0.0433088550302301	0.512659458057214	1164
0.0953074770654201	0.965496584541926	2449
0.109121018427	1.4161930855407	240
0.0974435032230501	0.97111891999974	240
-0.04231614567118	0.509240283014783	1006
-0.0433088550302301	0.512659458057214	1006
-0.0433088550302301	0.512659458057214	631
-0.0433088550302301	0.512659458057214	73
-0.0433088550302301	0.512659458057214	1624
-0.0433088550302301	0.512659458057214	1624
-0.0433088550302301	0.512659458057214	342
-0.0433088550302301	0.512659458057214	342
0.0195936841430999	1.86306457029525	4774
-0.11470257673482	1.61136627480607	4774
0.09392073023333	0.950417569330781	1115
-0.0400276730549101	0.502827444432226	1056
0.10019721953434	0.986561337015099	4506
0.0963581162796299	0.973998300634346	35
-0.04231614567118	0.509240283014783	408
-0.0433088550302301	0.512659458057214	2449
-0.04779710926559	1.27070551376775	3
-0.0433088550302301	0.512659458057214	3
-0.0433088550302301	0.512659458057214	1006
-0.0400276730549101	0.502827444432226	631
-0.04231614567118	0.509240283014783	631
-0.0433088550302301	0.512659458057214	631
-0.0433088550302301	0.512659458057214	1624
-0.0433088550302301	0.512659458057214	1624
-0.0433088550302301	0.512659458057214	794
0.0991498051348101	0.977847917859047	58
0.09392073023333	0.950417569330781	67
0.0941860869489299	0.935565957793181	1164
-0.0433088550302301	0.512659458057214	2894
-0.0433088550302301	0.512659458057214	334
0.10019721953434	0.986561337015099	35
-0.04231614567118	0.509240283014783	807
-0.04231614567118	0.509240283014783	957
0.0991498051348101	0.977847917859047	35
-0.04231614567118	0.509240283014783	408
-0.04231614567118	0.509240283014783	240
-0.04231614567118	0.509240283014783	240
-0.0433088550302301	0.512659458057214	240
-0.0433088550302301	0.512659458057214	2138
0.0900716723534298	0.935054053031498	4227
-0.04231614567118	0.509240283014783	3
-0.0433088550302301	0.512659458057214	4968
-0.0433088550302301	0.512659458057214	1006
-0.0433088550302301	0.512659458057214	1006
-0.0400276730549101	0.502827444432226	1006
-0.04231614567118	0.509240283014783	659
-0.0433088550302301	0.512659458057214	631
-0.0433088550302301	0.512659458057214	73
-0.0433088550302301	0.512659458057214	73
-0.04231614567118	0.509240283014783	1624
-0.0433088550302301	0.512659458057214	1624
-0.0433088550302301	0.512659458057214	6569
0.09422112482806	0.957037987058875	67
0.11182080228073	1.48392665557898	849
-0.04231614567118	0.509240283014783	1164
0.0996204870272899	0.92526495931062	745
-0.0542868007373001	1.21410191463794	1056
0.0963581162796299	0.973998300634346	87
-0.0521938843730201	1.23889538799248	35
0.0963934100377699	0.96268971713634	4479
-0.04231614567118	0.509240283014783	957
-0.04231614567118	0.509240283014783	957
-0.04231614567118	0.509240283014783	32
-0.0400276730549101	0.502827444432226	240
0.11111852859261	1.54382522620976	3
0.0953074770654201	0.965496584541926	3
-0.04231614567118	0.509240283014783	631
-0.0433088550302301	0.512659458057214	1549
-0.0433088550302301	0.512659458057214	1624
-0.04231614567118	0.509240283014783	73
-0.04231614567118	0.509240283014783	794
-0.0261498389544901	2.1897881788079	35
0.0980562880981402	0.973310753898062	957
0.11074571444592	1.46038759291573	35
0.0991498051348101	0.977847917859047	35
-0.0433088550302301	0.512659458057214	1006
-0.0433088550302301	0.512659458057214	124
0.0991043414499799	0.981940733304083	1875
-0.0433088550302301	0.512659458057214	2352
0.11609654730962	1.52303914700994	4885
0.11324377014187	1.43820894210756	210
0.0130318053818499	1.80373250613099	342
0.10776517274133	1.43517508400178	3
-0.0400276730549101	0.502827444432226	5055
-0.0433088550302301	0.512659458057214	5055
0.11609654730962	1.52303914700994	893
-0.04231614567118	0.509240283014783	1387
-0.0501988575096199	1.2510017412835	1164
-0.04610959921561	1.22818117386364	298
-0.0433088550302301	0.512659458057214	2593
0.111632943617	1.44965262033144	35
0.09333333754258	0.927716965280705	957
-0.0509452953782701	1.29919931008405	35
-0.04231614567118	0.509240283014783	35
0.0991498051348101	0.977847917859047	240
0.0974801656999298	0.949200985630619	3
-0.0433088550302301	0.512659458057214	3
-0.04231614567118	0.509240283014783	987
-0.0433088550302301	0.512659458057214	1006
-0.0433088550302301	0.512659458057214	659
-0.04231614567118	0.509240283014783	5055
-0.0433088550302301	0.512659458057214	631
-0.0433088550302301	0.512659458057214	124
-0.04589860777257	1.26601505452128	187
0.0963581162796299	0.973998300634346	6331
-0.0433088550302301	0.512659458057214	35
0.10542917166402	1.40963936995934	35
-0.0433088550302301	0.512659458057214	3
-0.0487438889162699	1.25459763817845	3
-0.1065961351373	1.63771562796357	4853
-0.0537935002333101	1.23628346988152	893
0.0112251984533001	1.78818795304612	3042
-0.04779710926559	1.27070551376775	3042
-0.10916347492271	1.57126810873199	35
0.0991043414499799	0.981940733304083	508
-0.0433088550302301	0.512659458057214	631
0.0596739500787602	2.37921997744891	83
0.0953074770654201	0.965496584541926	5585
0.0974435032230501	0.97111891999974	1387
-0.0433088550302301	0.512659458057214	342
-0.0526408892263199	1.23357953132502	270
-0.0433088550302301	0.512659458057214	270
-0.0433088550302301	0.512659458057214	270
0.0953074770654201	0.965496584541926	298
-0.0433088550302301	0.512659458057214	3196
0.10827861404419	1.47171820288294	34
-0.0506165366501501	1.21653333390174	35
-0.04231614567118	0.509240283014783	1159
-0.04231614567118	0.509240283014783	3
-0.04231614567118	0.509240283014783	1836
-0.04231614567118	0.509240283014783	451
0.0953074770654201	0.965496584541926	451
-0.0400276730549101	0.502827444432226	2352
0.04857561909611	2.37600522525267	67
-0.10849851321629	1.61083212852204	463
-0.04589860777257	1.26601505452128	5585
0.111632943617	1.44965262033144	3196
-0.0400276730549101	0.502827444432226	1159
0.0952723094223802	0.965373308881764	3
-0.0433088550302301	0.512659458057214	1836
-0.0433088550302301	0.512659458057214	1649
-0.0433088550302301	0.512659458057214	1549
-0.0433088550302301	0.512659458057214	124
-0.04231614567118	0.509240283014783	73
-0.0400276730549101	0.502827444432226	1884
-0.04231614567118	0.509240283014783	451
0.11052858259721	1.42723233300314	463
0.10024276941631	0.968527174514026	1387
-0.0490523015839199	1.28368702030812	1387
0.0963934100377699	0.96268971713634	35
-0.0433088550302301	0.512659458057214	75
0.10128954409288	0.977027276752701	75
0.09422112482806	0.957037987058875	630
-0.04231614567118	0.509240283014783	3
-0.04231614567118	0.509240283014783	4637
-0.0433088550302301	0.512659458057214	2527
0.0889833351048099	0.907343633258554	1684
-0.0433088550302301	0.512659458057214	280
-0.0433088550302301	0.512659458057214	124
-0.05251943252082	1.19895939104393	27
-0.11290811434724	1.57919738251317	2855
0.10128954409288	0.977027276752701	257
0.0991498051348101	0.977847917859047	3492
0.0963934100377699	0.96268971713634	35
-0.0433088550302301	0.512659458057214	411
-0.0433088550302301	0.512659458057214	3
-0.04231614567118	0.509240283014783	2527
-0.0433088550302301	0.512659458057214	2527
-0.04231614567118	0.509240283014783	280
-0.0433088550302301	0.512659458057214	124
-0.04231614567118	0.509240283014783	451
-0.0433088550302301	0.512659458057214	451
0.10019721953434	0.986561337015099	497
-0.04366979135403	1.22677642884685	58
-0.0433088550302301	0.512659458057214	58
-0.04231614567118	0.509240283014783	326
0.11631829024447	1.4401949978395	326
-0.0433088550302301	0.512659458057214	342
0.0889833351048099	0.907343633258554	361
-0.0433088550302301	0.512659458057214	298
0.11679432906967	1.46524114300515	298
-0.04231614567118	0.509240283014783	1675
-0.0433088550302301	0.512659458057214	3540
-0.04231614567118	0.509240283014783	1478
-0.0400276730549101	0.502827444432226	1478
-0.0433088550302301	0.512659458057214	1478
-0.0433088550302301	0.512659458057214	240
-0.04231614567118	0.509240283014783	220
-0.04231614567118	0.509240283014783	630
-0.0433088550302301	0.512659458057214	3
-0.0433088550302301	0.512659458057214	3
-0.04231614567118	0.509240283014783	220
-0.0433088550302301	0.512659458057214	6647
-0.0400276730549101	0.502827444432226	1131
-0.04231614567118	0.509240283014783	3474
-0.0400276730549101	0.502827444432226	981
-0.0433088550302301	0.512659458057214	2527
-0.04231614567118	0.509240283014783	2527
-0.04231614567118	0.509240283014783	280
-0.0433088550302301	0.512659458057214	124
-0.04231614567118	0.509240283014783	124
-0.0433088550302301	0.512659458057214	124
-0.04231614567118	0.509240283014783	2180
-0.04231614567118	0.509240283014783	58
0.10128954409288	0.977027276752701	326
-0.10900143809756	1.55989209611218	83
0.0950086192964701	0.954729376314145	185
0.0991043414499799	0.981940733304083	185
0.0952723094223802	0.965373308881764	5877
-0.0433088550302301	0.512659458057214	257
-0.04231614567118	0.509240283014783	65
-0.0400276730549101	0.502827444432226	334
-0.04231614567118	0.509240283014783	334
-0.0400276730549101	0.502827444432226	334
0.11296006349496	1.53737182151905	87
-0.04231614567118	0.509240283014783	35
-0.0433088550302301	0.512659458057214	240
0.10019721953434	0.986561337015099	220
-0.04231614567118	0.509240283014783	220
0.10133517598785	0.938787741724824	220
-0.04231614567118	0.509240283014783	6647
-0.0433088550302301	0.512659458057214	1131
-0.0433088550302301	0.512659458057214	3
-0.04231614567118	0.509240283014783	280
-0.0433088550302301	0.512659458057214	124
-0.0433088550302301	0.512659458057214	124
-0.04231614567118	0.509240283014783	124
-0.0433088550302301	0.512659458057214	124
-0.0433088550302301	0.512659458057214	346
-0.0433088550302301	0.512659458057214	451
0.10857062720395	1.43480816485757	548
0.0966949517438498	0.896243112596895	5785
0.1075797319473	1.46960676175467	4963
0.0160320775685099	1.77732578916367	75
0.0931343576221599	0.927821470637367	220
-0.0400276730549101	0.502827444432226	6647
-0.04231614567118	0.509240283014783	981
-0.04231614567118	0.509240283014783	124
-0.04231614567118	0.509240283014783	124
-0.0433088550302301	0.512659458057214	124
0.0963934100377699	0.96268971713634	2180
-0.0400276730549101	0.502827444432226	451
0.11539850571885	1.45368808939389	548
0.0161368888643598	1.79839922106591	548
0.01708074812628	1.79463443645023	1387
-0.04589860777257	1.26601505452128	5785
0.0974435032230501	0.97111891999974	632
0.11571351646068	1.40432079345813	35
-0.1156756433076	1.56364021911001	35
-0.0400276730549101	0.502827444432226	35
-0.0433088550302301	0.512659458057214	220
-0.04231614567118	0.509240283014783	220
-0.04231614567118	0.509240283014783	6647
-0.0433088550302301	0.512659458057214	411
-0.0433088550302301	0.512659458057214	124
-0.0433088550302301	0.512659458057214	2180
-0.04231614567118	0.509240283014783	2180
0.10187601291569	0.923616458037101	548
0.11049488520112	1.44595450535944	2587
0.0900716723534298	0.935054053031498	58
-0.0433088550302301	0.512659458057214	4363
0.0980562880981402	0.973310753898062	4963
-0.0433088550302301	0.512659458057214	361
0.0974801656999298	0.949200985630619	1484
0.10592010577085	1.39496047632402	361
-0.04231614567118	0.509240283014783	361
0.0953074770654201	0.965496584541926	771
0.09696222324059	0.945873879640524	334
0.0699822095081402	2.24376635164013	317
0.1151769586617	1.52607027104306	87
-0.0433088550302301	0.512659458057214	553
-0.0433088550302301	0.512659458057214	35
-0.0433088550302301	0.512659458057214	75
0.0963581162796299	0.973998300634346	890
-0.0433088550302301	0.512659458057214	890
-0.0433088550302301	0.512659458057214	411
-0.0433088550302301	0.512659458057214	981
-0.0433088550302301	0.512659458057214	280
-0.04231614567118	0.509240283014783	124
-0.04231614567118	0.509240283014783	609
-0.04231614567118	0.509240283014783	2180
-0.04231614567118	0.509240283014783	451
-0.0433088550302301	0.512659458057214	4363
-0.0433088550302301	0.512659458057214	1164
-0.0400276730549101	0.502827444432226	632
-0.04231614567118	0.509240283014783	4970
0.10019721953434	0.986561337015099	771
-0.0433088550302301	0.512659458057214	771
-0.0433088550302301	0.512659458057214	334
0.0240110849776398	1.82572616907364	1
-0.0433088550302301	0.512659458057214	209
-0.0433088550302301	0.512659458057214	35
-0.0433088550302301	0.512659458057214	49
-0.0400276730549101	0.502827444432226	75
-0.04231614567118	0.509240283014783	240
-0.04231614567118	0.509240283014783	220
-0.0400276730549101	0.502827444432226	2303
-0.0433088550302301	0.512659458057214	2303
-0.0433088550302301	0.512659458057214	981
-0.04231614567118	0.509240283014783	981
-0.0400276730549101	0.502827444432226	124
-0.0433088550302301	0.512659458057214	124
-0.04231614567118	0.509240283014783	124
-0.04231614567118	0.509240283014783	124
-0.04231614567118	0.509240283014783	124
-0.0433088550302301	0.512659458057214	451
-0.0433088550302301	0.512659458057214	451
-0.0433088550302301	0.512659458057214	451
-0.10977924108065	1.63970943340912	548
0.1147992962002	1.48476267494014	326
0.10192463335632	0.937567387474487	4363
0.0953074770654201	0.965496584541926	35
0.10727621372639	1.4293928984481	209
-0.0433088550302301	0.512659458057214	35
0.09422112482806	0.957037987058875	49
0.0991043414499799	0.981940733304083	220
-0.04231614567118	0.509240283014783	981
-0.0433088550302301	0.512659458057214	280
-0.04231614567118	0.509240283014783	2180
-0.0400276730549101	0.502827444432226	451
-0.0433088550302301	0.512659458057214	451
-0.0578901976041799	1.18446122980056	326
-0.0531410133504	1.253933169308	326
-0.0346664858129999	1.07597144442725	83
0.11609654730962	1.52303914700994	49
-0.04231614567118	0.509240283014783	411
-0.04231614567118	0.509240283014783	411
-0.04231614567118	0.509240283014783	2015
-0.0433088550302301	0.512659458057214	124
-0.04231614567118	0.509240283014783	451
-0.11290811434724	1.57919738251317	185
-0.10977924108065	1.63970943340912	342
0.10128954409288	0.977027276752701	316
-0.0548395426719099	1.20575062653832	1199
-0.0400276730549101	0.502827444432226	35
-0.0433088550302301	0.512659458057214	220
0.0991498051348101	0.977847917859047	3
-0.0400276730549101	0.502827444432226	124
-0.0400276730549101	0.502827444432226	124
-0.04231614567118	0.509240283014783	1509
-0.11057068646218	1.61124001688092	83
-0.0400276730549101	0.502827444432226	185
0.1008304208019	0.916196135505271	342
0.10024276941631	0.968527174514026	361
0.11296006349496	1.53737182151905	298
0.10819889727013	1.42676802644054	298
0.10019721953434	0.986561337015099	209
-0.0433088550302301	0.512659458057214	35
0.0922466785166298	0.940461176647781	35
0.0952723094223802	0.965373308881764	572
-0.0433088550302301	0.512659458057214	572
-0.04231614567118	0.509240283014783	220
-0.0433088550302301	0.512659458057214	411
-0.0433088550302301	0.512659458057214	124
-0.0433088550302301	0.512659458057214	2180
-0.0433088550302301	0.512659458057214	3202
-0.04779710926559	1.27070551376775	326
-0.04231614567118	0.509240283014783	2344
-0.0433088550302301	0.512659458057214	572
0.0963581162796299	0.973998300634346	220
-0.0400276730549101	0.502827444432226	85
0.0985293946240402	0.957334513714727	6193
-0.0400276730549101	0.502827444432226	6193
-0.04231614567118	0.509240283014783	124
-0.0433088550302301	0.512659458057214	124
-0.0433088550302301	0.512659458057214	2180
-0.04231614567118	0.509240283014783	3202
-0.05408905082592	1.26053510707135	27
0.10301828480208	0.935826155731033	326
0.0211504480627198	1.79229086429227	83
-0.04231614567118	0.509240283014783	316
-0.0433088550302301	0.512659458057214	316
0.0980562880981402	0.973310753898062	1
-0.0433088550302301	0.512659458057214	35
0.0980562880981402	0.973310753898062	2961
-0.04231614567118	0.509240283014783	572
-0.0400276730549101	0.502827444432226	572
-0.0433088550302301	0.512659458057214	220
-0.04231614567118	0.509240283014783	1330
-0.0433088550302301	0.512659458057214	85
-0.04231614567118	0.509240283014783	85
-0.04231614567118	0.509240283014783	233
-0.0433088550302301	0.512659458057214	233
-0.04231614567118	0.509240283014783	2304
-0.04231614567118	0.509240283014783	4108
-0.0433088550302301	0.512659458057214	4108
-0.0433088550302301	0.512659458057214	124
-0.0433088550302301	0.512659458057214	124
-0.04231614567118	0.509240283014783	2316
0.0215104430055901	1.86745755708339	548
0.0953074770654201	0.965496584541926	1972
-0.0400276730549101	0.502827444432226	326
0.11111852859261	1.54382522620976	326
0.0963581162796299	0.973998300634346	6107
-0.0400276730549101	0.502827444432226	185
-0.0433088550302301	0.512659458057214	342
-0.0433088550302301	0.512659458057214	4036
-0.04231614567118	0.509240283014783	65
-0.04231614567118	0.509240283014783	1386
-0.0433088550302301	0.512659458057214	316
0.0991498051348101	0.977847917859047	6224
-0.0526408892263199	1.23357953132502	1004
-0.0433088550302301	0.512659458057214	3389
-0.0433088550302301	0.512659458057214	2344
-0.04231614567118	0.509240283014783	2344
-0.04231614567118	0.509240283014783	2344
-0.04231614567118	0.509240283014783	2961
-0.04231614567118	0.509240283014783	2961
-0.0433088550302301	0.512659458057214	220
-0.0433088550302301	0.512659458057214	3111
-0.0433088550302301	0.512659458057214	1330
-0.0433088550302301	0.512659458057214	233
-0.04231614567118	0.509240283014783	233
-0.04231614567118	0.509240283014783	4108
-0.04231614567118	0.509240283014783	751
-0.04231614567118	0.509240283014783	2316
-0.0400276730549101	0.502827444432226	326
-0.0537935002333101	1.23628346988152	326
-0.0400276730549101	0.502827444432226	210
0.10296958321071	0.945400935306757	342
0.0963581162796299	0.973998300634346	1610
0.10019721953434	0.986561337015099	298
-0.0550379923861899	1.25891974706269	298
-0.04231614567118	0.509240283014783	2344
-0.04231614567118	0.509240283014783	35
0.0950086192964701	0.954729376314145	75
-0.0433088550302301	0.512659458057214	75
-0.0400276730549101	0.502827444432226	220
-0.0433088550302301	0.512659458057214	1330
-0.04231614567118	0.509240283014783	1330
-0.0433088550302301	0.512659458057214	1673
-0.04231614567118	0.509240283014783	1673
-0.0556975908613799	1.23159813757765	1673
-0.0400276730549101	0.502827444432226	751
-0.04231614567118	0.509240283014783	751
-0.0501988575096199	1.2510017412835	83
0.10024276941631	0.968527174514026	185
-0.0499983384612599	1.29653768955037	23
0.11739638890127	1.45824087453154	1386
-0.0506165366501501	1.21653333390174	1
0.0109929386946601	1.78557405438132	1004
0.0889833351048099	0.907343633258554	4347
0.0980562880981402	0.973310753898062	220
-0.0433088550302301	0.512659458057214	1673
-0.04231614567118	0.509240283014783	346
0.10301828480208	0.935826155731033	4295
-0.04231614567118	0.509240283014783	1443
-0.0714759605422599	2.48936774941575	3950
0.09333333754258	0.927716965280705	298
-0.1156756433076	1.56364021911001	1004
-0.0433088550302301	0.512659458057214	1004
0.0991498051348101	0.977847917859047	1816
0.10133517598785	0.938787741724824	35
-0.04231614567118	0.509240283014783	85
0.09422112482806	0.957037987058875	3945
-0.0400276730549101	0.502827444432226	751
-0.0361050541806101	2.23957093730092	326
-0.0531410133504	1.253933169308	1610
-0.05789517411284	1.20378148993613	2684
0.10684865007886	0.891671625042323	35
0.10406259161998	0.943611890064193	220
-0.0433088550302301	0.512659458057214	3361
-0.05359066827893	1.21557217102779	411
-0.0433088550302301	0.512659458057214	102
0.0963581162796299	0.973998300634346	3945
-0.0400276730549101	0.502827444432226	5910
0.0985293946240402	0.957334513714727	35
-0.05408905082592	1.26053510707135	35
0.0991043414499799	0.981940733304083	1425
0.0991498051348101	0.977847917859047	6080
-0.04231614567118	0.509240283014783	2028
0.10890358646946	1.49347824877744	233
-0.04231614567118	0.509240283014783	233
-0.0433088550302301	0.512659458057214	102
-0.0433088550302301	0.512659458057214	5910
0.0133844812296502	1.89128079419759	342
0.0922466785166298	0.940461176647781	298
-0.0433088550302301	0.512659458057214	85
-0.0400276730549101	0.502827444432226	233
-0.04231614567118	0.509240283014783	751
0.1075797319473	1.46960676175467	23
0.10133517598785	0.938787741724824	3950
0.0953074770654201	0.965496584541926	404
0.0963934100377699	0.96268971713634	605
-0.1028047502368	1.5434382648564	1561
-0.0433088550302301	0.512659458057214	83
-0.10532287358474	1.56348255112758	3950
-0.0470544512929301	1.22512124841156	3950
0.01863679105259	1.84057820246559	6395
-0.11413076825902	1.56219394341435	1332
0.0991043414499799	0.981940733304083	411
0.0991043414499799	0.981940733304083	5843
-0.0433088550302301	0.512659458057214	411
-0.04231614567118	0.509240283014783	85
0.10192463335632	0.937567387474487	233
0.0991498051348101	0.977847917859047	102
-0.0509452953782701	1.29919931008405	102
0.11203958227341	1.54601282187751	1621
0.10444491796913	1.42257815718197	35
0.0963581162796299	0.973998300634346	247
-0.0433088550302301	0.512659458057214	605
-0.0363937241311001	2.17414961505507	326
0.10727621372639	1.4293928984481	365
0.00966855383409015	1.81547483822642	1004
0.09115945513543	0.943087363097328	4277
-0.0433088550302301	0.512659458057214	85
-0.0433088550302301	0.512659458057214	4039
0.09696222324059	0.945873879640524	83
0.11901126063564	1.42329387099213	4295
0.0135113252056298	1.86411348730071	175
0.0991498051348101	0.977847917859047	102
-0.04231614567118	0.509240283014783	118
-0.0433088550302301	0.512659458057214	1252
-0.05578947649783	1.20424660366195	411
0.0980562880981402	0.973310753898062	102
-0.04231614567118	0.509240283014783	751
0.0941860869489299	0.935565957793181	751
0.0953074770654201	0.965496584541926	751
0.0980562880981402	0.973310753898062	83
0.10684291660412	1.42064570212172	83
-0.04231614567118	0.509240283014783	35
0.0974801656999298	0.949200985630619	75
-0.0433088550302301	0.512659458057214	3170
-0.0595869687225401	1.20050171801505	411
-0.04231614567118	0.509240283014783	247
-0.0433088550302301	0.512659458057214	85
0.0953074770654201	0.965496584541926	118
0.0974801656999298	0.949200985630619	40
0.09115945513543	0.943087363097328	1656
-0.0400276730549101	0.502827444432226	1252
-0.0433088550302301	0.512659458057214	85
-0.05408905082592	1.26053510707135	85
-0.10693292110705	1.562840043765	1142
0.10019721953434	0.986561337015099	291
0.0963934100377699	0.96268971713634	2892
-0.0516920203473299	1.24056035873464	35
-0.0433088550302301	0.512659458057214	35
0.0991498051348101	0.977847917859047	118
0.10019721953434	0.986561337015099	4245
-0.04231614567118	0.509240283014783	291
0.0953074770654201	0.965496584541926	34
-0.04231614567118	0.509240283014783	35
-0.0588395005089399	1.20227487739376	35
0.0974435032230501	0.97111891999974	102
-0.10877832085391	1.54950982954135	83
0.11182080228073	1.48392665557898	1142
-0.0518931678824699	1.29145537399551	411
0.0980562880981402	0.973310753898062	102
0.0953074770654201	0.965496584541926	102
0.0963934100377699	0.96268971713634	102
0.0991043414499799	0.981940733304083	1319
-0.0433088550302301	0.512659458057214	102
-0.0433088550302301	0.512659458057214	102
-0.04231614567118	0.509240283014783	102
-0.0483882754296301	1.16433093688658	1142
-0.0595869687225401	1.20050171801505	411
-0.0433088550302301	0.512659458057214	1319
-0.04231614567118	0.509240283014783	2718
0.0252059334238601	1.75709340771035	836
-0.05251943252082	1.19895939104393	35
0.06636817275177	2.43153018983451	1977
-0.04231614567118	0.509240283014783	5602
0.0950086192964701	0.954729376314145	1
-0.0550379923861899	1.25891974706269	411
0.1008304208019	0.916196135505271	411
-0.0400276730549101	0.502827444432226	112
-0.04231614567118	0.509240283014783	3150
-0.04231614567118	0.509240283014783	5813
-0.04231614567118	0.509240283014783	2142
-0.0595869687225401	1.20050171801505	1977
0.0988714833856301	0.914899286607492	298
0.10187601291569	0.923616458037101	291
0.0140942265091302	1.77701832132468	35
-0.04231614567118	0.509240283014783	102
0.11478291140398	1.41247004187314	3070
-0.0433088550302301	0.512659458057214	3150
0.0928322733891398	0.924435258234548	1524
-0.04231614567118	0.509240283014783	2
-0.0419792077949299	1.1832728646214	2
-0.0433088550302301	0.512659458057214	298
0.0963581162796299	0.973998300634346	359
0.10471248435113	0.871272112510033	102
0.0991498051348101	0.977847917859047	3150
-0.0453628204195999	1.16583371024932	3150
0.0952723094223802	0.965373308881764	3150
0.0963581162796299	0.973998300634346	1524
0.11141177420006	1.4543320128246	1977
0.11225907874865	1.46628109249739	298
0.10684291660412	1.42064570212172	1
0.11225907874865	1.46628109249739	1
-0.0433088550302301	0.512659458057214	1004
-0.0433088550302301	0.512659458057214	1004
-0.0433088550302301	0.512659458057214	3619
0.0216279961382901	1.79542310757564	3866
0.10515503313549	0.919920133187563	582
-0.04231614567118	0.509240283014783	2682
-0.10185120081694	1.5458687547815	3311
-0.04231614567118	0.509240283014783	2098
0.0974435032230501	0.97111891999974	102
0.0953074770654201	0.965496584541926	1561
-0.04231614567118	0.509240283014783	83
0.10406259161998	0.943611890064193	2
0.11102851265901	1.41717399024653	2
0.10613617882527	1.47456522621321	1537
0.0922466785166298	0.940461176647781	298
-0.04231614567118	0.509240283014783	4800
0.0953074770654201	0.965496584541926	1004
0.0953074770654201	0.965496584541926	582
0.0953074770654201	0.965496584541926	671
0.0988714833856301	0.914899286607492	112
-0.0433088550302301	0.512659458057214	83
-0.04231614567118	0.509240283014783	2
0.10296958321071	0.945400935306757	139
-0.04231614567118	0.509240283014783	298
0.0952723094223802	0.965373308881764	291
-0.0400276730549101	0.502827444432226	291
-0.04231614567118	0.509240283014783	4800
0.0953074770654201	0.965496584541926	6709
0.0953074770654201	0.965496584541926	3265
0.0953074770654201	0.965496584541926	112
0.0966949517438498	0.896243112596895	515
0.0985293946240402	0.957334513714727	1561
-0.04231614567118	0.509240283014783	2062
-0.0433088550302301	0.512659458057214	83
0.10128954409288	0.977027276752701	496
0.0953074770654201	0.965496584541926	714
-0.04231614567118	0.509240283014783	291
0.10406259161998	0.943611890064193	1004
0.0953074770654201	0.965496584541926	1541
-0.04231614567118	0.509240283014783	411
-0.04231614567118	0.509240283014783	411
-0.04231614567118	0.509240283014783	1460
-0.0433088550302301	0.512659458057214	2098
-0.0433088550302301	0.512659458057214	2098
-0.0433088550302301	0.512659458057214	102
0.10406259161998	0.943611890064193	795
0.0991043414499799	0.981940733304083	161
-0.04231614567118	0.509240283014783	1142
-0.0433088550302301	0.512659458057214	83
-0.0433088550302301	0.512659458057214	1446
-0.04231614567118	0.509240283014783	6606
0.10024276941631	0.968527174514026	803
0.1008304208019	0.916196135505271	291
-0.04231614567118	0.509240283014783	1339
-0.0433088550302301	0.512659458057214	1339
-0.04231614567118	0.509240283014783	1460
0.10635297084414	1.42393527907671	411
-0.0499983384612599	1.29653768955037	2624
-0.04231614567118	0.509240283014783	102
0.0980562880981402	0.973310753898062	102
-0.0433088550302301	0.512659458057214	5608
-0.0433088550302301	0.512659458057214	3150
-0.04231614567118	0.509240283014783	1524
-0.0433088550302301	0.512659458057214	2062
-0.0542868007373001	1.21410191463794	1
-0.04231614567118	0.509240283014783	1418
-0.11343058242044	1.55233409622099	582
0.0985293946240402	0.957334513714727	1326
-0.0433088550302301	0.512659458057214	359
0.11793396631834	1.47889516674767	627
-0.04231614567118	0.509240283014783	4451
-0.04231614567118	0.509240283014783	114
-0.0400276730549101	0.502827444432226	5608
-0.0433088550302301	0.512659458057214	1524
-0.04231614567118	0.509240283014783	1099
-0.0433088550302301	0.512659458057214	1446
0.0991498051348101	0.977847917859047	2
0.0952723094223802	0.965373308881764	2
0.09115945513543	0.943087363097328	825
-0.04231614567118	0.509240283014783	5478
-0.0400276730549101	0.502827444432226	1418
-0.0433088550302301	0.512659458057214	1418
-0.0400276730549101	0.502827444432226	1326
-0.0433088550302301	0.512659458057214	411
-0.0433088550302301	0.512659458057214	411
0.09696222324059	0.945873879640524	112
-0.04231614567118	0.509240283014783	1142
-0.0433088550302301	0.512659458057214	5478
-0.0433088550302301	0.512659458057214	1418
-0.0433088550302301	0.512659458057214	1418
-0.0433088550302301	0.512659458057214	4855
0.0980562880981402	0.973310753898062	996
-0.04231614567118	0.509240283014783	996
-0.0433088550302301	0.512659458057214	1099
0.09422112482806	0.957037987058875	40
-0.11134605366579	1.63207775184231	1
-0.04231614567118	0.509240283014783	291
0.11495612785717	1.45945595230629	1004
-0.04231614567118	0.509240283014783	4855
-0.0433088550302301	0.512659458057214	102
0.09696222324059	0.945873879640524	502
0.0941860869489299	0.935565957793181	102
0.0963581162796299	0.973998300634346	80
0.11539850571885	1.45368808939389	671
0.0991498051348101	0.977847917859047	627
0.10133517598785	0.938787741724824	515
-0.04231614567118	0.509240283014783	3430
0.0985718953077401	0.917779953478497	139
-0.10721091755999	1.6315083916212	23
-0.0433088550302301	0.512659458057214	1594
-0.0487438889162699	1.25459763817845	1004
-0.04231614567118	0.509240283014783	4855
-0.04231614567118	0.509240283014783	102
-0.04231614567118	0.509240283014783	515
0.0143401315423102	1.88690967343586	1594
-0.0433088550302301	0.512659458057214	991
0.0952723094223802	0.965373308881764	1326
0.09333333754258	0.927716965280705	1342
-0.04231614567118	0.509240283014783	102
0.0900716723534298	0.935054053031498	996
0.12160441705978	2.04324416097984	23
-0.10625786884832	1.62809049230691	804
0.10301828480208	0.935826155731033	1594
-0.0528420832768499	1.22486480192506	298
0.0952723094223802	0.965373308881764	1
-0.0501988575096199	1.2510017412835	1418
0.11225907874865	1.46628109249739	80
-0.0433088550302301	0.512659458057214	996
-0.0547454731524	1.23858823322992	2042
-0.0433088550302301	0.512659458057214	991
-0.0433088550302301	0.512659458057214	1418
-0.03975012580069	1.1286506419676	582
-0.05040382807739	1.20765869082307	627
0.0145813078456398	1.85192533889148	161
-0.0506165366501501	1.21653333390174	114
0.0963934100377699	0.96268971713634	645
0.10613617882527	1.47456522621321	1
-0.0550379923861899	1.25891974706269	991
-0.04231614567118	0.509240283014783	1418
-0.04231614567118	0.509240283014783	1347
0.10019721953434	0.986561337015099	1812
-0.04231614567118	0.509240283014783	627
-0.0433088550302301	0.512659458057214	11
0.10019721953434	0.986561337015099	996
-0.04810718920999	1.2592306899535	427
0.0191044324618899	1.74311156093456	804
-0.04663933965253	1.21114192894038	211
0.11296006349496	1.53737182151905	1
-0.04779710926559	1.27070551376775	35
0.0199524724537601	1.86463978826407	831
0.0963581162796299	0.973998300634346	121
0.0991498051348101	0.977847917859047	121
-0.11057068646218	1.61124001688092	3041
-0.04231614567118	0.509240283014783	627
-0.0433088550302301	0.512659458057214	55
0.0963934100377699	0.96268971713634	55
0.01936520189372	1.86180849496386	227
0.0991498051348101	0.977847917859047	23
-0.04830785711001	1.23693138192231	2341
0.10301828480208	0.935826155731033	1
-0.0531410133504	1.253933169308	1
-0.10625786884832	1.62809049230691	1510
0.0974435032230501	0.97111891999974	582
-0.0433088550302301	0.512659458057214	4403
-0.0433088550302301	0.512659458057214	102
0.0991498051348101	0.977847917859047	2009
0.0966949517438498	0.896243112596895	1708
-0.0444083402080899	1.17596224847882	1146
0.10580682486426	0.884904138446584	804
-0.05453517717034	1.23443245592405	211
-0.04589860777257	1.26601505452128	1
-0.04231614567118	0.509240283014783	1
-0.0433088550302301	0.512659458057214	35
-0.04231614567118	0.509240283014783	1992
-0.04231614567118	0.509240283014783	1347
-0.0433088550302301	0.512659458057214	4986
-0.0433088550302301	0.512659458057214	121
0.10128954409288	0.977027276752701	1812
-0.04231614567118	0.509240283014783	80
-0.0433088550302301	0.512659458057214	6079
-0.0400276730549101	0.502827444432226	2009
-0.0419792077949299	1.1832728646214	427
0.0110082478284399	1.79908661344612	804
0.0974435032230501	0.97111891999974	5278
0.10406259161998	0.943611890064193	1016
-0.0433088550302301	0.512659458057214	1992
0.10192463335632	0.937567387474487	121
-0.0433088550302301	0.512659458057214	55
-0.04231614567118	0.509240283014783	2009
0.0974435032230501	0.97111891999974	804
-0.04293154068302	1.1850396712581	804
0.1151769586617	1.52607027104306	211
0.0143401315423102	1.88690967343586	1
-0.0444083402080899	1.17596224847882	34
0.0900716723534298	0.935054053031498	35
-0.04154829157339	1.12710334072641	121
-0.0550379923861899	1.25891974706269	121
-0.04231614567118	0.509240283014783	102
-0.04231614567118	0.509240283014783	4518
0.0974801656999298	0.949200985630619	55
0.10890358646946	1.49347824877744	139
0.0246086158391199	1.83238485053688	139
0.0974801656999298	0.949200985630619	1347
0.10128954409288	0.977027276752701	121
0.0985293946240402	0.957334513714727	2306
0.0529420222265902	2.49648778999233	269
0.10019721953434	0.986561337015099	4103
-0.05578947649783	1.20424660366195	645
0.0963581162796299	0.973998300634346	309
0.09333333754258	0.927716965280705	1251
-0.0576972317408899	1.19616573235166	119
-0.04231614567118	0.509240283014783	1347
-0.04231614567118	0.509240283014783	1347
0.0991498051348101	0.977847917859047	582
-0.0433088550302301	0.512659458057214	55
-0.0400276730549101	0.502827444432226	55
-0.05644126022767	1.22975375143025	804
-0.0433088550302301	0.512659458057214	5278
-0.0433088550302301	0.512659458057214	1
0.0991498051348101	0.977847917859047	36
-0.04231614567118	0.509240283014783	55
0.11387996916915	1.51760727851192	392
-0.0433088550302301	0.512659458057214	3069
0.11571351646068	1.40432079345813	183
-0.0433088550302301	0.512659458057214	250
-0.0433088550302301	0.512659458057214	2060
0.1147992962002	1.48476267494014	229
-0.05333885030425	1.21561198315623	309
-0.04231614567118	0.509240283014783	1578
-0.0518931678824699	1.29145537399551	1578
-0.04790573553957	1.16260855156018	1496
0.10296958321071	0.945400935306757	589
-0.04231614567118	0.509240283014783	119
0.10024276941631	0.968527174514026	36
-0.04231614567118	0.509240283014783	55
0.0119516424008999	1.79776302137223	681
-0.0433088550302301	0.512659458057214	3069
-0.0433088550302301	0.512659458057214	4539
-0.0400276730549101	0.502827444432226	3823
0.10024276941631	0.968527174514026	1
-0.04231614567118	0.509240283014783	1
0.10406259161998	0.943611890064193	307
-0.0550379923861899	1.25891974706269	36
0.10024276941631	0.968527174514026	338
-0.04231614567118	0.509240283014783	55
-0.10548303903569	1.57732893987601	392
-0.04231614567118	0.509240283014783	114
-0.04231614567118	0.509240283014783	250
0.11631829024447	1.4401949978395	229
0.0492678428089199	2.2367184917072	427
0.0931343576221599	0.927821470637367	35
-0.0499983384612599	1.29653768955037	35
0.12374480823296	2.06584276093807	35
-0.11374948489518	1.61274495440251	582
0.0963934100377699	0.96268971713634	36
0.0900716723534298	0.935054053031498	55
0.00896909734973006	1.7376010185414	681
0.0974435032230501	0.97111891999974	447
-0.0400276730549101	0.502827444432226	4762
-0.0433088550302301	0.512659458057214	4439
-0.0433088550302301	0.512659458057214	1
-0.04231614567118	0.509240283014783	2215
0.0996204870272899	0.92526495931062	1496
-0.04231614567118	0.509240283014783	119
-0.04830785711001	1.23693138192231	2578
-0.04231614567118	0.509240283014783	2578
0.0963934100377699	0.96268971713634	184
-0.04231614567118	0.509240283014783	102
0.09422112482806	0.957037987058875	80
0.0991498051348101	0.977847917859047	55
0.1075797319473	1.46960676175467	1579
-0.0433088550302301	0.512659458057214	250
-0.04810718920999	1.2592306899535	23
0.10128954409288	0.977027276752701	23
-0.04231614567118	0.509240283014783	5245
-0.0400276730549101	0.502827444432226	4129
-0.0433088550302301	0.512659458057214	1182
-0.0433088550302301	0.512659458057214	2215
-0.0400276730549101	0.502827444432226	35
0.11815609380038	1.36385624049013	119
0.10019721953434	0.986561337015099	80
-0.0433088550302301	0.512659458057214	55
-0.0473637428965801	1.21462615481775	432
0.09392073023333	0.950417569330781	225
0.10521259760206	1.44650510512753	128
-0.04231614567118	0.509240283014783	5768
-0.0433088550302301	0.512659458057214	119
0.1136607852984	1.47814496126981	338
0.11992914708976	1.42691959306497	392
0.0991043414499799	0.981940733304083	447
-0.0433088550302301	0.512659458057214	23
0.0170923296546599	1.81069556077906	645
-0.05408905082592	1.26053510707135	645
-0.0632753566697	2.47502533920822	1
0.111632943617	1.44965262033144	1
0.0963581162796299	0.973998300634346	2215
-0.04231614567118	0.509240283014783	2215
-0.04231614567118	0.509240283014783	1496
0.00906527837077009	1.73239616364355	35
0.0996204870272899	0.92526495931062	582
0.0985718953077401	0.917779953478497	36
-0.0433088550302301	0.512659458057214	80
-0.0535829668260901	1.22305024860118	80
0.09422112482806	0.957037987058875	1362
-0.0433088550302301	0.512659458057214	1579
0.10128954409288	0.977027276752701	309
-0.0433088550302301	0.512659458057214	6385
-0.04231614567118	0.509240283014783	6385
-0.04231614567118	0.509240283014783	119
0.0980562880981402	0.973310753898062	119
-0.0433088550302301	0.512659458057214	1827
-0.0433088550302301	0.512659458057214	102
0.0963581162796299	0.973998300634346	1493
-0.0400276730549101	0.502827444432226	3792
-0.04231614567118	0.509240283014783	3792
-0.0433088550302301	0.512659458057214	947
-0.0499983384612599	1.29653768955037	23
-0.04271666682449	1.2248163146612	1226
-0.0433088550302301	0.512659458057214	3234
-0.0400276730549101	0.502827444432226	1182
0.10133517598785	0.938787741724824	6385
-0.04231614567118	0.509240283014783	6385
-0.0400276730549101	0.502827444432226	119
-0.0400276730549101	0.502827444432226	119
-0.04231614567118	0.509240283014783	119
-0.0550379923861899	1.25891974706269	36
0.0953074770654201	0.965496584541926	36
-0.0433088550302301	0.512659458057214	1827
-0.0509452953782701	1.29919931008405	945
-0.0433088550302301	0.512659458057214	1506
0.12473744480943	1.98244473469272	251
-0.0433088550302301	0.512659458057214	6385
0.10301828480208	0.935826155731033	2230
-0.0400276730549101	0.502827444432226	1653
-0.04231614567118	0.509240283014783	1827
0.0991498051348101	0.977847917859047	80
-0.04231614567118	0.509240283014783	55
-0.047593196187	1.21826757509565	2450
-0.0578901976041799	1.18446122980056	1182
0.0952723094223802	0.965373308881764	6385
-0.11039523590095	1.63345473980964	1496
0.0963934100377699	0.96268971713634	119
0.10019721953434	0.986561337015099	119
0.0941860869489299	0.935565957793181	36
0.0996204870272899	0.92526495931062	80
-0.04231614567118	0.509240283014783	6150
-0.0542868007373001	1.21410191463794	447
-0.12217917259865	1.93817900210142	251
-0.04779710926559	1.27070551376775	6630
-0.10437098407384	1.59345084885118	309
-0.04925289680268	1.24861269567071	1182
0.0991498051348101	0.977847917859047	1496
-0.04830785711001	1.23693138192231	3121
0.10019721953434	0.986561337015099	36
-0.0473637428965801	1.21462615481775	1005
0.0963934100377699	0.96268971713634	235
0.0980562880981402	0.973310753898062	3081
0.10019721953434	0.986561337015099	6150
-0.10530381194885	1.61399028683086	1921
-0.0453628204195999	1.16583371024932	3438
-0.04231614567118	0.509240283014783	5289
0.10406259161998	0.943611890064193	5289
0.0974435032230501	0.97111891999974	5289
0.10128954409288	0.977027276752701	1452
0.09422112482806	0.957037987058875	21
-0.1065961351373	1.63771562796357	6279
0.11041599029623	1.47191383165455	432
-0.10564343752464	1.63426043518736	804
-0.0468512568322199	1.27401845901775	1803
0.0991498051348101	0.977847917859047	1
0.11071586033378	1.45228330879437	1496
0.0963581162796299	0.973998300634346	1452
0.0991498051348101	0.977847917859047	55
-0.04231614567118	0.509240283014783	235
0.0963934100377699	0.96268971713634	251
0.10019721953434	0.986561337015099	698
0.0974435032230501	0.97111891999974	1182
-0.041128362769	2.06022736870284	13
0.11992914708976	1.42691959306497	3121
-0.04231614567118	0.509240283014783	119
0.0980562880981402	0.973310753898062	36
-0.0490523015839199	1.28368702030812	36
0.0963581162796299	0.973998300634346	36
0.10024276941631	0.968527174514026	327
0.0963934100377699	0.96268971713634	338
0.09115945513543	0.943087363097328	5606
-0.04589860777257	1.26601505452128	36
0.09115945513543	0.943087363097328	80
-0.04231614567118	0.509240283014783	55
0.0952723094223802	0.965373308881764	5606
0.00538440147578978	1.79351383574138	65
-0.0299429138162599	2.20572909273085	1
0.0991043414499799	0.981940733304083	119
-0.0433088550302301	0.512659458057214	327
-0.0433088550302301	0.512659458057214	527
0.0985293946240402	0.957334513714727	1452
-0.0433088550302301	0.512659458057214	55
0.0991043414499799	0.981940733304083	447
0.0985718953077401	0.917779953478497	3217
0.10927471616682	1.50243035940481	2333
0.10515503313549	0.919920133187563	3317
-0.0433088550302301	0.512659458057214	36
-0.04366979135403	1.22677642884685	36
-0.0501988575096199	1.2510017412835	327
0.10024276941631	0.968527174514026	527
-0.0442577823866801	1.11930113001334	1452
0.0900716723534298	0.935054053031498	338
0.0108736010735799	1.86038781512456	421
-0.10944341214713	1.62519003560885	1807
-0.0537935002333101	1.23628346988152	447
-0.04231614567118	0.509240283014783	309
-0.04231614567118	0.509240283014783	309
-0.0433088550302301	0.512659458057214	36
-0.0433088550302301	0.512659458057214	55
-0.03886193511653	2.26098833544711	421
-0.0433088550302301	0.512659458057214	447
-0.1088277671955	1.63136597265327	309
0.0985293946240402	0.957334513714727	2800
-0.04231614567118	0.509240283014783	2800
-0.04231614567118	0.509240283014783	378
-0.04231614567118	0.509240283014783	5325
-0.0586416410521	1.20200779633868	1807
-0.04779710926559	1.27070551376775	447
0.10238131016949	0.946657360399273	447
-0.04231614567118	0.509240283014783	4236
0.10019721953434	0.986561337015099	447
0.0109929386946601	1.78557405438132	23
0.11263565865001	1.4265609344154	1
-0.04231614567118	0.509240283014783	516
0.10024276941631	0.968527174514026	13
-0.0509452953782701	1.29919931008405	36
0.0963581162796299	0.973998300634346	5743
-0.04462347979338	1.21560407025698	55
-0.0433088550302301	0.512659458057214	55
-0.10900143809756	1.55989209611218	804
-0.11166757054537	1.62685526178114	65
-0.11072970930537	1.63832903781487	65
0.0980109147754602	0.953940115496525	309
0.0963581162796299	0.973998300634346	36
-0.0433088550302301	0.512659458057214	1726
-0.0523071882250501	1.2117116554623	55
-0.0400276730549101	0.502827444432226	55
0.09696222324059	0.945873879640524	447
-0.0468512568322199	1.27401845901775	804
-0.0433088550302301	0.512659458057214	3919
-0.04231614567118	0.509240283014783	1496
0.0952723094223802	0.965373308881764	36
-0.0433088550302301	0.512659458057214	5743
-0.0509452953782701	1.29919931008405	5743
-0.04231614567118	0.509240283014783	5743
-0.04231614567118	0.509240283014783	338
0.10128954409288	0.977027276752701	55
-0.0433088550302301	0.512659458057214	55
-0.10085761124913	1.55537331047475	447
-0.0487438889162699	1.25459763817845	447
0.1079417688079	0.876745294318673	447
0.11225907874865	1.46628109249739	4698
0.0963934100377699	0.96268971713634	65
0.12398150190494	1.37151630941239	1
0.0991043414499799	0.981940733304083	309
-0.05408905082592	1.26053510707135	2800
-0.04366979135403	1.22677642884685	55
0.0922466785166298	0.940461176647781	55
0.1136607852984	1.47814496126981	447
-0.0359867975422901	2.24287085340625	13
0.09696222324059	0.945873879640524	13
0.0952723094223802	0.965373308881764	729
-0.04231614567118	0.509240283014783	1232
-0.0400276730549101	0.502827444432226	2941
-0.04231614567118	0.509240283014783	447
0.11679432906967	1.46524114300515	1
0.10296958321071	0.945400935306757	2941
0.11049488520112	1.44595450535944	616
0.10024276941631	0.968527174514026	2459
-0.04231614567118	0.509240283014783	923
-0.0400276730549101	0.502827444432226	729
0.0974435032230501	0.97111891999974	3911
-0.11358592098868	1.47341960469299	421
0.06082088673908	2.48154171330784	162
0.0143401315423102	1.88690967343586	447
-0.0433088550302301	0.512659458057214	13
0.0963581162796299	0.973998300634346	4207
-0.0488509192109901	1.20492385399864	378
-0.0433088550302301	0.512659458057214	2459
0.0963581162796299	0.973998300634346	1661
-0.05135522568086	1.21475208953576	38
-0.11598916925688	1.53206252166026	616
0.10406259161998	0.943611890064193	36
-0.0559878336286099	1.24852460803015	378
0.0953074770654201	0.965496584541926	1670
-0.0433088550302301	0.512659458057214	55
-0.0421431538349	1.0874735526548	948
0.11141177420006	1.4543320128246	13
-0.04231614567118	0.509240283014783	13
-0.04231614567118	0.509240283014783	729
-0.0417641094830099	1.20996928135562	729
-0.0433088550302301	0.512659458057214	729
-0.04231614567118	0.509240283014783	1670
-0.11072970930537	1.63832903781487	447
-0.04779710926559	1.27070551376775	1
0.0974435032230501	0.97111891999974	36
0.0974435032230501	0.97111891999974	36
0.10890358646946	1.49347824877744	633
-0.04231614567118	0.509240283014783	55
0.11609654730962	1.52303914700994	948
0.11071586033378	1.45228330879437	378
-0.05578947649783	1.20424660366195	65
-0.0400276730549101	0.502827444432226	13
0.0963581162796299	0.973998300634346	3603
-0.0433088550302301	0.512659458057214	729
-0.0400276730549101	0.502827444432226	729
-0.04231614567118	0.509240283014783	2871
-0.04231614567118	0.509240283014783	2871
-0.04231614567118	0.509240283014783	3195
0.0941860869489299	0.935565957793181	3195
0.10406259161998	0.943611890064193	2021
-0.0433088550302301	0.512659458057214	1
0.10019721953434	0.986561337015099	3704
-0.0433088550302301	0.512659458057214	1
0.0991043414499799	0.981940733304083	1
-0.04231614567118	0.509240283014783	3551
-0.04231614567118	0.509240283014783	3926
-0.0433088550302301	0.512659458057214	616
-0.0433088550302301	0.512659458057214	2428
-0.0433088550302301	0.512659458057214	2428
-0.0433088550302301	0.512659458057214	36
-0.04231614567118	0.509240283014783	3603
-0.0433088550302301	0.512659458057214	21
-0.04231614567118	0.509240283014783	729
-0.0400276730549101	0.502827444432226	729
-0.04231614567118	0.509240283014783	21
-0.04231614567118	0.509240283014783	55
0.10128954409288	0.977027276752701	55
0.0985293946240402	0.957334513714727	5280
-0.0548395426719099	1.20575062653832	443
0.0952723094223802	0.965373308881764	143
0.10019721953434	0.986561337015099	3704
-0.0433088550302301	0.512659458057214	13
-0.0433088550302301	0.512659458057214	3551
-0.04231614567118	0.509240283014783	616
-0.0433088550302301	0.512659458057214	6686
-0.04231614567118	0.509240283014783	6686
-0.0433088550302301	0.512659458057214	650
-0.0433088550302301	0.512659458057214	54
-0.0433088550302301	0.512659458057214	3981
-0.04231614567118	0.509240283014783	729
-0.04231614567118	0.509240283014783	2374
0.10019721953434	0.986561337015099	1075
0.11182080228073	1.48392665557898	2702
0.11773230606207	1.35065812452611	13
-0.0433088550302301	0.512659458057214	36
-0.04231614567118	0.509240283014783	650
-0.0433088550302301	0.512659458057214	3603
-0.0433088550302301	0.512659458057214	425
-0.0550379923861899	1.25891974706269	1519
0.0963934100377699	0.96268971713634	162
0.11733456263978	1.38514409466208	162
0.0980562880981402	0.973310753898062	447
-0.0433088550302301	0.512659458057214	1609
0.0963934100377699	0.96268971713634	1350
-0.0433088550302301	0.512659458057214	2879
-0.04231614567118	0.509240283014783	1
0.0953074770654201	0.965496584541926	13
0.0974435032230501	0.97111891999974	13
-0.0433088550302301	0.512659458057214	13
-0.04231614567118	0.509240283014783	36
-0.0433088550302301	0.512659458057214	980
-0.04231614567118	0.509240283014783	378
-0.04231614567118	0.509240283014783	3981
-0.0433088550302301	0.512659458057214	1917
-0.0433088550302301	0.512659458057214	1917
-0.0400276730549101	0.502827444432226	729
-0.0433088550302301	0.512659458057214	1990
-0.04231614567118	0.509240283014783	729
0.10192463335632	0.937567387474487	729
-0.0433088550302301	0.512659458057214	55
0.09422112482806	0.957037987058875	421
0.0952723094223802	0.965373308881764	2805
0.1136607852984	1.47814496126981	23
0.0953074770654201	0.965496584541926	143
0.0980109147754602	0.953940115496525	143
-0.0433088550302301	0.512659458057214	1609
-0.04231614567118	0.509240283014783	2082
0.0953074770654201	0.965496584541926	1
-0.04231614567118	0.509240283014783	1075
-0.04231614567118	0.509240283014783	1
0.0974801656999298	0.949200985630619	13
-0.0433088550302301	0.512659458057214	13
-0.04231614567118	0.509240283014783	980
-0.04231614567118	0.509240283014783	283
-0.04231614567118	0.509240283014783	3603
-0.04231614567118	0.509240283014783	378
-0.0400276730549101	0.502827444432226	333
-0.0433088550302301	0.512659458057214	2871
-0.0433088550302301	0.512659458057214	2871
-0.04231614567118	0.509240283014783	21
-0.10693292110705	1.562840043765	162
-0.03975012580069	1.1286506419676	430
0.10515503313549	0.919920133187563	2082
-0.0433088550302301	0.512659458057214	1
0.0991498051348101	0.977847917859047	5065
0.0963581162796299	0.973998300634346	4229
-0.04231614567118	0.509240283014783	4377
-0.0433088550302301	0.512659458057214	980
-0.04231614567118	0.509240283014783	36
-0.04231614567118	0.509240283014783	378
-0.04231614567118	0.509240283014783	1437
-0.0433088550302301	0.512659458057214	333
-0.0433088550302301	0.512659458057214	21
-0.0433088550302301	0.512659458057214	1990
-0.04231614567118	0.509240283014783	425
-0.04231614567118	0.509240283014783	425
0.0900716723534298	0.935054053031498	4647
-0.05644126022767	1.22975375143025	4647
-0.05359066827893	1.21557217102779	13
-0.0550379923861899	1.25891974706269	633
-0.0531410133504	1.253933169308	378
-0.0400276730549101	0.502827444432226	1990
0.11182080228073	1.48392665557898	1990
-0.11152499357901	1.60395524914801	447
-0.04231614567118	0.509240283014783	1990
-0.0433088550302301	0.512659458057214	21
0.10019721953434	0.986561337015099	425
0.0952723094223802	0.965373308881764	1050
-0.04589860777257	1.26601505452128	1
-0.1082123505975	1.56379943043001	13
-0.0433088550302301	0.512659458057214	616
0.10019721953434	0.986561337015099	336
0.10592010577085	1.39496047632402	447
0.10128954409288	0.977027276752701	109
0.09422112482806	0.957037987058875	2075
-0.0433088550302301	0.512659458057214	1798
-0.0433088550302301	0.512659458057214	1236
0.0991498051348101	0.977847917859047	1
-0.0433088550302301	0.512659458057214	1798
-0.0507440660823999	1.23823936353665	1236
-0.0433088550302301	0.512659458057214	350
0.0963581162796299	0.973998300634346	1906
-0.0433088550302301	0.512659458057214	162
-0.0583016751190999	1.15246392953581	21
-0.0433088550302301	0.512659458057214	350
0.0953074770654201	0.965496584541926	109
0.01493510745328	1.87169098520044	21
0.10192463335632	0.937567387474487	5666
0.0963581162796299	0.973998300634346	528
0.10411137013257	0.912605648541002	109
-0.04231614567118	0.509240283014783	10
-0.0433088550302301	0.512659458057214	21
-0.04231614567118	0.509240283014783	2423
0.0138720349841299	1.79022808724916	13
0.0963581162796299	0.973998300634346	3152
0.0953074770654201	0.965496584541926	21
-0.0433088550302301	0.512659458057214	2607
-0.04231614567118	0.509240283014783	379
-0.0433088550302301	0.512659458057214	6844
0.0953074770654201	0.965496584541926	3215
-0.0433088550302301	0.512659458057214	1
0.0980562880981402	0.973310753898062	109
0.10406259161998	0.943611890064193	367
0.10128954409288	0.977027276752701	6844
0.1177125525663	1.45148499161583	13
-0.10849851321629	1.61083212852204	1096
0.0991498051348101	0.977847917859047	109
-0.0433088550302301	0.512659458057214	336
0.10019721953434	0.986561337015099	162
-0.0433088550302301	0.512659458057214	125
-0.10687252752331	1.55324326600752	318
0.10024276941631	0.968527174514026	207
0.0963934100377699	0.96268971713634	2468
-0.0490523015839199	1.28368702030812	2468
-0.04231614567118	0.509240283014783	1548
-0.04231614567118	0.509240283014783	1081
0.10406259161998	0.943611890064193	3215
-0.04231614567118	0.509240283014783	248
-0.0400276730549101	0.502827444432226	350
-0.04231614567118	0.509240283014783	2551
-0.04589860777257	1.26601505452128	2023
-0.04231614567118	0.509240283014783	336
0.0991043414499799	0.981940733304083	1236
-0.0433088550302301	0.512659458057214	1236
0.0510369797474102	2.45251273376898	2265
0.11495612785717	1.45945595230629	1
-0.0433088550302301	0.512659458057214	2468
-0.0400276730549101	0.502827444432226	13
-0.04231614567118	0.509240283014783	350
-0.04231614567118	0.509240283014783	350
-0.04231614567118	0.509240283014783	1007
-0.0433088550302301	0.512659458057214	2551
-0.04231614567118	0.509240283014783	5574
0.09696222324059	0.945873879640524	21
-0.0433088550302301	0.512659458057214	336
0.0952723094223802	0.965373308881764	657
-0.0433088550302301	0.512659458057214	911
0.0950086192964701	0.954729376314145	1081
-0.0433088550302301	0.512659458057214	2862
-0.0433088550302301	0.512659458057214	2862
0.0950086192964701	0.954729376314145	1236
0.11587551979315	1.46795982421106	1
-0.0470544512929301	1.22512124841156	2183
-0.04231614567118	0.509240283014783	350
-0.0433088550302301	0.512659458057214	1007
0.0963581162796299	0.973998300634346	109
-0.0588395005089399	1.20227487739376	367
-0.0433088550302301	0.512659458057214	657
-0.0433088550302301	0.512659458057214	3357
-0.04231614567118	0.509240283014783	350
0.0178064817197998	1.87654846779448	109
-0.10816295969137	1.62406700552948	10
-0.0433088550302301	0.512659458057214	5574
0.11679432906967	1.46524114300515	1
-0.0433088550302301	0.512659458057214	1007
-0.0433088550302301	0.512659458057214	287
0.1008304208019	0.916196135505271	6011
0.0286628058813898	1.77980292467333	1367
0.10238131016949	0.946657360399273	1909
0.10128954409288	0.977027276752701	6011
0.0974435032230501	0.97111891999974	1
-0.0501988575096199	1.2510017412835	207
-0.0535829668260901	1.22305024860118	13
0.0952723094223802	0.965373308881764	1007
0.0953074770654201	0.965496584541926	287
0.10296958321071	0.945400935306757	109
0.0963581162796299	0.973998300634346	1548
0.0980562880981402	0.973310753898062	21
-0.04231614567118	0.509240283014783	6011
0.10024276941631	0.968527174514026	746
0.0960959355723099	0.945940416978531	248
0.0953074770654201	0.965496584541926	3153
0.0127826244410101	1.88401885324383	1236
0.10406259161998	0.943611890064193	279
-0.04231614567118	0.509240283014783	279
-0.06042477730747	2.41800217355004	5479
0.09333333754258	0.927716965280705	59
-0.0433088550302301	0.512659458057214	59
0.0985718953077401	0.917779953478497	59
-0.04231614567118	0.509240283014783	103
-0.04231614567118	0.509240283014783	366
-0.04231614567118	0.509240283014783	109
-0.04231614567118	0.509240283014783	6434
-0.0433088550302301	0.512659458057214	336
-0.04231614567118	0.509240283014783	336
-0.0433088550302301	0.512659458057214	336
-0.11279538299565	1.60473920245943	125
-0.0256976032046099	2.14294614650248	125
0.0963581162796299	0.973998300634346	1
-0.04231614567118	0.509240283014783	1
-0.0433088550302301	0.512659458057214	1427
-0.0499983384612599	1.29653768955037	207
-0.04231614567118	0.509240283014783	59
0.10019721953434	0.986561337015099	2889
-0.0433088550302301	0.512659458057214	1630
-0.04231614567118	0.509240283014783	109
-0.0400276730549101	0.502827444432226	336
-0.0433088550302301	0.512659458057214	336
0.0991043414499799	0.981940733304083	999
0.11363022130639	1.39390477187025	279
-0.0400276730549101	0.502827444432226	1630
0.0996204870272899	0.92526495931062	109
0.10019721953434	0.986561337015099	1
-0.05239180492308	1.20960887250915	1
0.0980562880981402	0.973310753898062	192
-0.0433088550302301	0.512659458057214	26
-0.04231614567118	0.509240283014783	566
-0.0433088550302301	0.512659458057214	566
-0.0433088550302301	0.512659458057214	1027
-0.04231614567118	0.509240283014783	774
-0.0433088550302301	0.512659458057214	3607
-0.0433088550302301	0.512659458057214	925
-0.0433088550302301	0.512659458057214	336
-0.0433088550302301	0.512659458057214	336
-0.0433088550302301	0.512659458057214	336
-0.04231614567118	0.509240283014783	336
0.11317976228118	1.44868473993954	295
0.0931343576221599	0.927821470637367	430
-0.0400276730549101	0.502827444432226	1894
0.0977835082237801	0.9165305932953	3078
0.10192463335632	0.937567387474487	207
0.0991043414499799	0.981940733304083	666
0.0963581162796299	0.973998300634346	5334
-0.04231614567118	0.509240283014783	566
-0.04231614567118	0.509240283014783	1602
0.10296958321071	0.945400935306757	925
-0.04231614567118	0.509240283014783	6453
-0.0433088550302301	0.512659458057214	336
0.0950086192964701	0.954729376314145	6526
-0.0433088550302301	0.512659458057214	336
0.10301828480208	0.935826155731033	6797
-0.04231614567118	0.509240283014783	430
-0.04231614567118	0.509240283014783	4300
0.0922466785166298	0.940461176647781	1
-0.0433088550302301	0.512659458057214	999
-0.0433088550302301	0.512659458057214	1233
-0.04610959921561	1.22818117386364	3078
-0.0433088550302301	0.512659458057214	3078
-0.0433088550302301	0.512659458057214	1427
-0.04231614567118	0.509240283014783	716
0.0996204870272899	0.92526495931062	13
-0.04231614567118	0.509240283014783	2320
-0.04231614567118	0.509240283014783	666
-0.0433088550302301	0.512659458057214	666
-0.0433088550302301	0.512659458057214	5334
-0.0400276730549101	0.502827444432226	566
-0.0400276730549101	0.502827444432226	566
-0.0400276730549101	0.502827444432226	1027
-0.0433088550302301	0.512659458057214	1027
-0.0433088550302301	0.512659458057214	1027
-0.04231614567118	0.509240283014783	1027
-0.04231614567118	0.509240283014783	1602
-0.04231614567118	0.509240283014783	2055
-0.04231614567118	0.509240283014783	21
-0.04231614567118	0.509240283014783	6453
-0.04231614567118	0.509240283014783	1032
0.10997853885583	1.44618841016148	2910
0.1091958344545	1.46408404439273	1857
0.0985718953077401	0.917779953478497	366
0.10019721953434	0.986561337015099	1027
-0.0521938843730201	1.23889538799248	336
-0.1040316548703	1.60254502788427	26
0.0963581162796299	0.973998300634346	370
0.0974435032230501	0.97111891999974	1027
0.10406259161998	0.943611890064193	1140
0.0922466785166298	0.940461176647781	336
-0.04231614567118	0.509240283014783	192
0.0991043414499799	0.981940733304083	192
0.0991498051348101	0.977847917859047	2910
0.10192463335632	0.937567387474487	2910
-0.0433088550302301	0.512659458057214	1
0.0953074770654201	0.965496584541926	666
0.0991498051348101	0.977847917859047	666
-0.0433088550302301	0.512659458057214	5553
0.0991498051348101	0.977847917859047	602
-0.04231614567118	0.509240283014783	4352
-0.0433088550302301	0.512659458057214	336
-0.0400276730549101	0.502827444432226	422
-0.0433088550302301	0.512659458057214	192
-0.11445039667251	1.57654036784452	13
0.09696222324059	0.945873879640524	103
-0.0433088550302301	0.512659458057214	666
-0.05644126022767	1.22975375143025	666
-0.0433088550302301	0.512659458057214	109
0.01589124125152	1.88516710656778	964
-0.04231614567118	0.509240283014783	3544
0.0960959355723099	0.945940416978531	1140
-0.0400276730549101	0.502827444432226	1602
-0.04231614567118	0.509240283014783	336
0.0991498051348101	0.977847917859047	422
-0.0315774154250199	2.13742176187202	1
0.11274108038006	1.48595463299932	666
0.09422112482806	0.957037987058875	657
-0.04231614567118	0.509240283014783	422
0.10296958321071	0.945400935306757	595
0.0963581162796299	0.973998300634346	1027
0.0963934100377699	0.96268971713634	1796
0.09422112482806	0.957037987058875	422
-0.0468512568322199	1.27401845901775	165
-0.0552356518183701	1.20456211069564	595
-0.0499983384612599	1.29653768955037	1
-0.04231614567118	0.509240283014783	2211
0.0953074770654201	0.965496584541926	2055
0.10301828480208	0.935826155731033	422
0.0963581162796299	0.973998300634346	422
-0.0497970308828	1.22679882150746	165
-0.0569385701613201	1.2274382677783	2211
0.11111852859261	1.54382522620976	2220
-0.0434544231434699	1.17424319955627	2291
-0.0446504049236101	1.88179583670535	738
0.09392073023333	0.950417569330781	5
0.0952723094223802	0.965373308881764	964
0.09115945513543	0.943087363097328	336
0.12258140489211	2.05808421556954	430
-0.05389051196386	1.19987881676616	13
-0.0509452953782701	1.29919931008405	899
-0.0515677033639901	1.21348737164274	440
-0.0400276730549101	0.502827444432226	1098
-0.12467332706625	1.97908764520537	165
-0.04231614567118	0.509240283014783	964
-0.0433088550302301	0.512659458057214	336
0.10890358646946	1.49347824877744	179
0.0991043414499799	0.981940733304083	125
-0.0556975908613799	1.23159813757765	125
-0.0433088550302301	0.512659458057214	440
-0.04642055863746	1.17152964231134	782
-0.1101135939159	1.56996213648455	1193
0.0974435032230501	0.97111891999974	1129
-0.0515677033639901	1.21348737164274	1129
0.10128954409288	0.977027276752701	156
-0.04231614567118	0.509240283014783	13
-0.04231614567118	0.509240283014783	13
0.10024276941631	0.968527174514026	336
-0.0556975908613799	1.23159813757765	165
-0.0400276730549101	0.502827444432226	1606
0.11141177420006	1.4543320128246	1
-0.04231614567118	0.509240283014783	180
-0.0433088550302301	0.512659458057214	2792
0.0963581162796299	0.973998300634346	964
0.0985293946240402	0.957334513714727	179
0.10406259161998	0.943611890064193	766
-0.0433088550302301	0.512659458057214	6860
0.0963581162796299	0.973998300634346	5237
-0.0433088550302301	0.512659458057214	595
-0.0433088550302301	0.512659458057214	248
-0.0433088550302301	0.512659458057214	13
-0.04231614567118	0.509240283014783	2792
-0.04231614567118	0.509240283014783	2792
-0.04231614567118	0.509240283014783	2792
0.0952723094223802	0.965373308881764	336
0.11679432906967	1.46524114300515	180
-0.0433088550302301	0.512659458057214	13
-0.04231614567118	0.509240283014783	2792
-0.0433088550302301	0.512659458057214	179
-0.0433088550302301	0.512659458057214	1606
-0.0433088550302301	0.512659458057214	1606
0.10166009477471	0.866467277120405	2792
-0.0433088550302301	0.512659458057214	2792
0.0963934100377699	0.96268971713634	2792
-0.11475369201732	1.57732065312422	3030
-0.0400276730549101	0.502827444432226	165
-0.0433088550302301	0.512659458057214	165
-0.04553900547668	1.15939516741716	819
-0.0433088550302301	0.512659458057214	4871
0.11679432906967	1.46524114300515	3030
0.10411137013257	0.912605648541002	82
0.0991043414499799	0.981940733304083	1129
-0.0433088550302301	0.512659458057214	165
-0.0433088550302301	0.512659458057214	695
-0.0433088550302301	0.512659458057214	180
-0.04231614567118	0.509240283014783	353
-0.0400276730549101	0.502827444432226	3023
-0.04231614567118	0.509240283014783	3023
-0.04231614567118	0.509240283014783	336
0.1091958344545	1.46408404439273	82
-0.05664173988875	1.21360238992352	1129
0.10166009477471	0.866467277120405	594
0.09333333754258	0.927716965280705	1
-0.05209352416222	1.22558375841637	1
-0.0433088550302301	0.512659458057214	180
-0.0400276730549101	0.502827444432226	180
0.0991498051348101	0.977847917859047	6244
-0.0433088550302301	0.512659458057214	2792
-0.0433088550302301	0.512659458057214	415
0.10128954409288	0.977027276752701	4497
-0.0509452953782701	1.29919931008405	165
-0.04231614567118	0.509240283014783	69
-0.0433088550302301	0.512659458057214	180
-0.0433088550302301	0.512659458057214	415
-0.0433088550302301	0.512659458057214	757
-0.0433088550302301	0.512659458057214	2506
-0.04231614567118	0.509240283014783	1686
-0.0547454731524	1.23858823322992	2392
-0.0433088550302301	0.512659458057214	336
0.0991498051348101	0.977847917859047	336
0.0974801656999298	0.949200985630619	336
-0.0433088550302301	0.512659458057214	69
0.0567178746749399	2.4126965356352	1
-0.04589860777257	1.26601505452128	13
-0.04231614567118	0.509240283014783	13
-0.0433088550302301	0.512659458057214	415
-0.0400276730549101	0.502827444432226	1686
0.09115945513543	0.943087363097328	2156
-0.0433088550302301	0.512659458057214	415
-0.0433088550302301	0.512659458057214	415
-0.0400276730549101	0.502827444432226	899
-0.0433088550302301	0.512659458057214	757
-0.04231614567118	0.509240283014783	1291
0.10019721953434	0.986561337015099	1165
-0.10900143809756	1.55989209611218	1
-0.0408589053080199	2.13645132017614	1
0.0963934100377699	0.96268971713634	1
-0.04231614567118	0.509240283014783	1
0.0991043414499799	0.981940733304083	2156
-0.04231614567118	0.509240283014783	415
-0.0433088550302301	0.512659458057214	415
-0.04231614567118	0.509240283014783	165
-0.0400276730549101	0.502827444432226	1
0.0963581162796299	0.973998300634346	88
0.10019721953434	0.986561337015099	13
-0.04231614567118	0.509240283014783	415
-0.0433088550302301	0.512659458057214	415
-0.04231614567118	0.509240283014783	69
-0.0433088550302301	0.512659458057214	2156
-0.04231614567118	0.509240283014783	2883
-0.0433088550302301	0.512659458057214	2598
-0.0433088550302301	0.512659458057214	695
-0.04589860777257	1.26601505452128	69
-0.04231614567118	0.509240283014783	596
0.11425678808021	1.51677028534866	13
-0.0433088550302301	0.512659458057214	13
-0.0433088550302301	0.512659458057214	6565
-0.04231614567118	0.509240283014783	2311
-0.04231614567118	0.509240283014783	69
0.10024276941631	0.968527174514026	69
0.10019721953434	0.986561337015099	415
0.0991498051348101	0.977847917859047	899
0.0931343576221599	0.927821470637367	1973
-0.05389051196386	1.19987881676616	6227
-0.10816295969137	1.62406700552948	165
-0.0433088550302301	0.512659458057214	69
-0.0433088550302301	0.512659458057214	69
0.10019721953434	0.986561337015099	150
0.10238131016949	0.946657360399273	596
-0.0433088550302301	0.512659458057214	415
-0.0433088550302301	0.512659458057214	415
-0.05548794271404	1.23672717225912	133
0.0980562880981402	0.973310753898062	695
-0.04231614567118	0.509240283014783	69
-0.0433088550302301	0.512659458057214	6290
0.0922466785166298	0.940461176647781	878
-0.11383118249524	1.58235953269765	878
-0.0433088550302301	0.512659458057214	375
0.10635297084414	1.42393527907671	133
-0.1065961351373	1.63771562796357	1
-0.04231614567118	0.509240283014783	415
-0.04231614567118	0.509240283014783	415
0.10406259161998	0.943611890064193	415
0.10019721953434	0.986561337015099	336
-0.04231614567118	0.509240283014783	165
-0.0433088550302301	0.512659458057214	165
-0.0400276730549101	0.502827444432226	3220
-0.0433088550302301	0.512659458057214	69
0.0980562880981402	0.973310753898062	1
-0.04231614567118	0.509240283014783	1281
-0.0433088550302301	0.512659458057214	1281
-0.0385813977228999	1.16238785275324	13
-0.03419133114496	2.23900699001248	26
0.10819889727013	1.42676802644054	53
-0.0433088550302301	0.512659458057214	2778
-0.04231614567118	0.509240283014783	69
0.0974435032230501	0.97111891999974	69
0.10727621372639	1.4293928984481	1
0.0963581162796299	0.973998300634346	150
0.10736081025068	1.4696993631437	13
-0.0400276730549101	0.502827444432226	43
-0.10625786884832	1.62809049230691	878
-0.04231614567118	0.509240283014783	2778
0.09115945513543	0.943087363097328	39
0.10192463335632	0.937567387474487	150
-0.04231614567118	0.509240283014783	1281
0.10019721953434	0.986561337015099	13
-0.0433088550302301	0.512659458057214	415
0.0974435032230501	0.97111891999974	312
0.11873077324303	1.91627424966961	133
-0.0400276730549101	0.502827444432226	150
-0.0433088550302301	0.512659458057214	415
0.0974801656999298	0.949200985630619	1821
-0.0400276730549101	0.502827444432226	336
-0.05114573477712	1.24391026712817	53
0.10192463335632	0.937567387474487	133
0.0977835082237801	0.9165305932953	39
-0.0433088550302301	0.512659458057214	3283
-0.04231614567118	0.509240283014783	3283
0.10024276941631	0.968527174514026	485
-0.0400276730549101	0.502827444432226	43
-0.0523071882250501	1.2117116554623	26
0.0953074770654201	0.965496584541926	165
0.0980562880981402	0.973310753898062	4935
-0.05408905082592	1.26053510707135	69
-0.0400276730549101	0.502827444432226	1281
0.10406259161998	0.943611890064193	1503
0.0991043414499799	0.981940733304083	165
0.0953074770654201	0.965496584541926	3283
-0.0433088550302301	0.512659458057214	1281
-0.11196262716954	1.55643373408541	13
-0.0400276730549101	0.502827444432226	415
-0.0516920203473299	1.24056035873464	415
-0.0433088550302301	0.512659458057214	1503
0.0963934100377699	0.96268971713634	4935
-0.0433088550302301	0.512659458057214	1246
0.111632943617	1.44965262033144	5902
0.10411137013257	0.912605648541002	78
-0.0400276730549101	0.502827444432226	1281
0.0974435032230501	0.97111891999974	617
0.0127826244410101	1.88401885324383	218
0.0184064397528698	1.88369410964211	218
-0.0433088550302301	0.512659458057214	5416
-0.0433088550302301	0.512659458057214	3297
-0.0433088550302301	0.512659458057214	4897
0.10128954409288	0.977027276752701	335
-0.05124766831779	1.21391775067449	13
0.0963934100377699	0.96268971713634	4897
-0.10944341214713	1.62519003560885	133
-0.04231614567118	0.509240283014783	5416
0.0963581162796299	0.973998300634346	243
0.0952723094223802	0.965373308881764	69
-0.0433088550302301	0.512659458057214	1
-0.05644126022767	1.22975375143025	547
-0.04231614567118	0.509240283014783	133
0.0991498051348101	0.977847917859047	5416
0.0991043414499799	0.981940733304083	165
0.09115945513543	0.943087363097328	3252
0.0996204870272899	0.92526495931062	136
0.11640458244125	1.40621887726269	69
0.0974435032230501	0.97111891999974	1
0.0944194272385301	0.897931282893858	335
-0.0433088550302301	0.512659458057214	13
0.09422112482806	0.957037987058875	5416
-0.0433088550302301	0.512659458057214	243
-0.0433088550302301	0.512659458057214	1
0.0980562880981402	0.973310753898062	335
0.0980562880981402	0.973310753898062	13
-0.0400276730549101	0.502827444432226	13
-0.0400276730549101	0.502827444432226	51
-0.04231614567118	0.509240283014783	243
-0.10754782649943	1.63021942364242	13
-0.04231614567118	0.509240283014783	51
-0.0433088550302301	0.512659458057214	1503
-0.04231614567118	0.509240283014783	507
-0.11660573668818	1.57834550261202	6371
-0.0433088550302301	0.512659458057214	3442
-0.04231614567118	0.509240283014783	243
-0.11470257673482	1.61136627480607	1
-0.0407171530242401	2.15438996241157	13
-0.11006403063259	1.57116116863072	218
-0.04779710926559	1.27070551376775	82
-0.0433088550302301	0.512659458057214	165
-0.0433088550302301	0.512659458057214	3442
-0.0433088550302301	0.512659458057214	243
-0.04231614567118	0.509240283014783	2005
0.11133782039123	1.47392731128033	218
-0.05209352416222	1.22558375841637	37
-0.04231614567118	0.509240283014783	218
0.00743797773999022	1.68410186253016	3842
-0.04231614567118	0.509240283014783	5973
-0.04231614567118	0.509240283014783	5490
0.0963581162796299	0.973998300634346	51
0.10192463335632	0.937567387474487	668
0.0152903726507199	1.79511351242509	507
-0.0433088550302301	0.512659458057214	163
0.0963581162796299	0.973998300634346	5303
-0.0433088550302301	0.512659458057214	5490
-0.04568517197695	1.19294374477931	51
-0.0523071882250501	1.2117116554623	547
-0.0332863251090301	2.22437355652161	1
-0.04231614567118	0.509240283014783	13
0.1136607852984	1.47814496126981	13
-0.0614803614009101	1.17219253717089	26
0.0950086192964701	0.954729376314145	13
0.09115945513543	0.943087363097328	4725
-0.0433088550302301	0.512659458057214	4725
0.09422112482806	0.957037987058875	668
0.10296958321071	0.945400935306757	136
0.11203958227341	1.54601282187751	1
0.0985718953077401	0.917779953478497	51
-0.0485400501139099	1.21524151507398	547
0.0952723094223802	0.965373308881764	13
-0.0509452953782701	1.29919931008405	547
-0.0400276730549101	0.502827444432226	136
0.0174486708110302	1.89387426821917	136
-0.0509452953782701	1.29919931008405	399
-0.0433088550302301	0.512659458057214	2707
-0.11565466012857	1.60023054565146	547
0.11679432906967	1.46524114300515	278
-0.0468512568322199	1.27401845901775	3842
-0.0400276730549101	0.502827444432226	1
-0.12426920615174	1.91811665503065	399
-0.0433088550302301	0.512659458057214	2414
-0.0488509192109901	1.20492385399864	51
0.11609654730962	1.52303914700994	1984
0.09115945513543	0.943087363097328	278
-0.04779710926559	1.27070551376775	13
-0.0433088550302301	0.512659458057214	2707
0.0974435032230501	0.97111891999974	768
-0.0509452953782701	1.29919931008405	165
0.10192463335632	0.937567387474487	1206
0.1177125525663	1.45148499161583	1206
-0.0535829668260901	1.22305024860118	1
-0.04779710926559	1.27070551376775	37
-0.0559878336286099	1.24852460803015	13
0.0953074770654201	0.965496584541926	93
-0.11184026941967	1.58728749440647	13
0.10960800878393	1.43801615178062	26
0.10128954409288	0.977027276752701	93
0.0952723094223802	0.965373308881764	4573
0.10296958321071	0.945400935306757	165
0.0963581162796299	0.973998300634346	13
0.0991043414499799	0.981940733304083	2814
-0.1056785680628	1.42330884619362	78
0.0952723094223802	0.965373308881764	2050
-0.0433088550302301	0.512659458057214	13
0.11679432906967	1.46524114300515	6527
0.0991498051348101	0.977847917859047	914
-0.12452619053479	1.89181418462043	181
0.0125360721580701	1.76432694276261	399
-0.0556975908613799	1.23159813757765	26
-0.0404853941872001	1.16540432486967	268
0.0963934100377699	0.96268971713634	507
-0.0490523015839199	1.28368702030812	2859
0.11019690553288	1.53010682783932	13
0.09422112482806	0.957037987058875	914
0.10024276941631	0.968527174514026	136
0.0589084590369802	2.48250800803993	1087
-0.0501988575096199	1.2510017412835	13
-0.0433088550302301	0.512659458057214	2814
-0.0433088550302301	0.512659458057214	208
0.0963581162796299	0.973998300634346	684
0.0953074770654201	0.965496584541926	562
0.0963934100377699	0.96268971713634	13
-0.0499983384612599	1.29653768955037	50
-0.0490523015839199	1.28368702030812	507
-0.0444083402080899	1.17596224847882	53
-0.0433088550302301	0.512659458057214	136
0.1192343182592	1.48087192770533	181
-0.0561853991543799	1.18521813589375	292
0.10684865007886	0.891671625042323	13
0.09422112482806	0.957037987058875	1
0.10705920606765	1.49044647144269	181
0.10128954409288	0.977027276752701	93
-0.0433088550302301	0.512659458057214	3768
0.0950086192964701	0.954729376314145	684
0.10982493353833	1.48161637888491	4537
0.10019721953434	0.986561337015099	715
0.09115945513543	0.943087363097328	93
-0.0494878302787301	1.20072820698999	4537
0.10471248435113	0.871272112510033	715
0.0991043414499799	0.981940733304083	715
0.0953074770654201	0.965496584541926	549
0.10192463335632	0.937567387474487	163
-0.04231614567118	0.509240283014783	715
0.10128954409288	0.977027276752701	493
-0.04231614567118	0.509240283014783	2169
-0.0433088550302301	0.512659458057214	1
0.0974801656999298	0.949200985630619	354
0.10296958321071	0.945400935306757	847
-0.0433088550302301	0.512659458057214	549
-0.04231614567118	0.509240283014783	93
0.0974801656999298	0.949200985630619	4794
-0.0433088550302301	0.512659458057214	715
0.11201857212615	1.31366966673491	1375
-0.0433088550302301	0.512659458057214	199
-0.0433088550302301	0.512659458057214	703
-0.04231614567118	0.509240283014783	847
-0.04231614567118	0.509240283014783	438
-0.04231614567118	0.509240283014783	93
-0.04231614567118	0.509240283014783	93
-0.04231614567118	0.509240283014783	2508
-0.0433088550302301	0.512659458057214	53
-0.0433088550302301	0.512659458057214	562
-0.1072602193281	1.5474856144527	1424
0.11241471355612	1.44038899866991	1424
-0.04231614567118	0.509240283014783	2012
0.0985293946240402	0.957334513714727	5015
-0.0400276730549101	0.502827444432226	703
-0.0433088550302301	0.512659458057214	847
0.10019721953434	0.986561337015099	16
0.11587551979315	1.46795982421106	93
-0.04231614567118	0.509240283014783	2508
0.10927471616682	1.50243035940481	78
0.00538440147578978	1.79351383574138	438
0.1192343182592	1.48087192770533	414
0.11587551979315	1.46795982421106	493
0.0963581162796299	0.973998300634346	386
0.10019721953434	0.986561337015099	6240
0.10128954409288	0.977027276752701	6240
0.0900716723534298	0.935054053031498	4789
-0.04231614567118	0.509240283014783	1400
-0.0433088550302301	0.512659458057214	847
0.10406259161998	0.943611890064193	3300
0.0941860869489299	0.935565957793181	16
0.10019721953434	0.986561337015099	93
0.10019721953434	0.986561337015099	93
-0.04231614567118	0.509240283014783	2732
-0.04231614567118	0.509240283014783	5523
-0.0518931678824699	1.29145537399551	1
-0.0400276730549101	0.502827444432226	199
0.0963581162796299	0.973998300634346	438
-0.0433088550302301	0.512659458057214	93
-0.04231614567118	0.509240283014783	53
-0.0433088550302301	0.512659458057214	5523
0.09422112482806	0.957037987058875	53
-0.10085761124913	1.55537331047475	6503
0.10776517274133	1.43517508400178	199
0.0991498051348101	0.977847917859047	402
0.09696222324059	0.945873879640524	93
-0.05644126022767	1.22975375143025	53
0.10644242618119	1.45739842825755	5789
-0.0526408892263199	1.23357953132502	78
0.0137312629064801	1.77466881250776	6503
-0.11694153881856	1.3442212573163	4789
0.1008304208019	0.916196135505271	296
0.0991043414499799	0.981940733304083	806
0.11041599029623	1.47191383165455	438
-0.05135522568086	1.21475208953576	93
-0.0433088550302301	0.512659458057214	93
0.0974435032230501	0.97111891999974	53
0.0963581162796299	0.973998300634346	53
0.0249723890660198	1.81516155725026	37
-0.0556975908613799	1.23159813757765	181
-0.04779710926559	1.27070551376775	53
0.0953074770654201	0.965496584541926	78
0.10941515529057	1.44447246190096	3497
-0.05209352416222	1.22558375841637	1
-0.0501988575096199	1.2510017412835	181
-0.0515677033639901	1.21348737164274	16
-0.04231614567118	0.509240283014783	1851
-0.10468973205413	1.62003339791613	93
0.0928322733891398	0.924435258234548	482
0.11274108038006	1.48595463299932	78
0.11203958227341	1.54601282187751	13
-0.047593196187	1.21826757509565	16
-0.10598158020498	1.56966704463341	93
0.10128954409288	0.977027276752701	93
-0.0433088550302301	0.512659458057214	68
-0.0433088550302301	0.512659458057214	3497
0.0974435032230501	0.97111891999974	562
-0.0559878336286099	1.24852460803015	562
0.0130318053818499	1.80373250613099	293
0.01553610638845	1.87882353517652	181
0.0963934100377699	0.96268971713634	693
-0.0488509192109901	1.20492385399864	105
0.12329042529422	1.42020821431905	199
0.0174486708110302	1.89387426821917	801
0.10019721953434	0.986561337015099	13
-0.11320840708053	1.59828702962977	16
0.0627804126772098	2.45166575751144	93
0.0974801656999298	0.949200985630619	413
0.09422112482806	0.957037987058875	1666
-0.0433088550302301	0.512659458057214	562
0.10019721953434	0.986561337015099	136
0.09696222324059	0.945873879640524	293
-0.10944341214713	1.62519003560885	2981
0.10128954409288	0.977027276752701	438
-0.0468512568322199	1.27401845901775	562
-0.0379042138469501	2.26663341954233	199
-0.0499983384612599	1.29653768955037	4569
-0.04553768736166	2.08794988983183	62
-0.04231614567118	0.509240283014783	3814
0.10960800878393	1.43801615178062	136
0.00788989374099014	1.79046032214222	293
-0.10625786884832	1.62809049230691	62
0.10406259161998	0.943611890064193	402
0.0963934100377699	0.96268971713634	413
0.09422112482806	0.957037987058875	53
0.05999592332557	2.49785556477533	476
-0.05789517411284	1.20378148993613	53
-0.0504365322014999	1.16421545618724	158
0.11041599029623	1.47191383165455	3192
0.10411137013257	0.912605648541002	53
0.01409025681212	1.75212357472942	158
0.10296958321071	0.945400935306757	4516
-0.05408905082592	1.26053510707135	5039
0.0991498051348101	0.977847917859047	13
-0.04231614567118	0.509240283014783	3491
0.11679432906967	1.46524114300515	1581
0.1079816762962	1.49647427193087	1399
-0.04231614567118	0.509240283014783	3407
0.10187601291569	0.923616458037101	3407
0.0963581162796299	0.973998300634346	1536
0.11447813686662	1.45633694236813	158
0.0953074770654201	0.965496584541926	158
-0.04366979135403	1.22677642884685	158
0.0991043414499799	0.981940733304083	135
0.0953074770654201	0.965496584541926	293
0.0952723094223802	0.965373308881764	62
0.0950086192964701	0.954729376314145	199
-0.0433088550302301	0.512659458057214	13
-0.0433088550302301	0.512659458057214	16
-0.0433088550302301	0.512659458057214	4802
-0.0433088550302301	0.512659458057214	1581
-0.0433088550302301	0.512659458057214	3413
0.11274108038006	1.48595463299932	53
-0.0433088550302301	0.512659458057214	1536
-0.0433088550302301	0.512659458057214	1941
-0.0433088550302301	0.512659458057214	158
0.0952723094223802	0.965373308881764	1826
0.0889833351048099	0.907343633258554	3097
-0.0433088550302301	0.512659458057214	3097
-0.04231614567118	0.509240283014783	4440
-0.0400276730549101	0.502827444432226	2991
-0.0433088550302301	0.512659458057214	2601
0.10187601291569	0.923616458037101	569
0.10019721953434	0.986561337015099	785
-0.0400276730549101	0.502827444432226	785
-0.04231614567118	0.509240283014783	3261
-0.0400276730549101	0.502827444432226	3261
-0.0433088550302301	0.512659458057214	2835
-0.04231614567118	0.509240283014783	2835
-0.0400276730549101	0.502827444432226	13
-0.0400276730549101	0.502827444432226	13
-0.04231614567118	0.509240283014783	6563
-0.0400276730549101	0.502827444432226	16
-0.0433088550302301	0.512659458057214	3644
-0.0433088550302301	0.512659458057214	3644
-0.04231614567118	0.509240283014783	18
-0.0400276730549101	0.502827444432226	4802
-0.04231614567118	0.509240283014783	1683
-0.0433088550302301	0.512659458057214	1581
-0.0433088550302301	0.512659458057214	135
-0.0433088550302301	0.512659458057214	135
-0.04231614567118	0.509240283014783	135
-0.04231614567118	0.509240283014783	68
-0.04231614567118	0.509240283014783	1399
-0.0400276730549101	0.502827444432226	68
-0.0433088550302301	0.512659458057214	68
-0.04231614567118	0.509240283014783	2078
-0.04231614567118	0.509240283014783	1536
0.0980562880981402	0.973310753898062	293
-0.0433088550302301	0.512659458057214	5092
-0.04231614567118	0.509240283014783	1941
-0.0433088550302301	0.512659458057214	78
0.0960959355723099	0.945940416978531	158
-0.0433088550302301	0.512659458057214	4213
-0.0433088550302301	0.512659458057214	2601
-0.0433088550302301	0.512659458057214	2601
-0.04231614567118	0.509240283014783	1363
-0.0433088550302301	0.512659458057214	13
-0.0433088550302301	0.512659458057214	2835
-0.04231614567118	0.509240283014783	13
-0.0433088550302301	0.512659458057214	13
-0.10468973205413	1.62003339791613	3446
-0.0433088550302301	0.512659458057214	860
0.0952723094223802	0.965373308881764	230
-0.0433088550302301	0.512659458057214	1372
-0.0433088550302301	0.512659458057214	1372
-0.04231614567118	0.509240283014783	16
-0.04231614567118	0.509240283014783	16
-0.0433088550302301	0.512659458057214	18
-0.0433088550302301	0.512659458057214	275
-0.0433088550302301	0.512659458057214	275
-0.0433088550302301	0.512659458057214	275
-0.0433088550302301	0.512659458057214	1581
-0.04231614567118	0.509240283014783	1459
-0.0433088550302301	0.512659458057214	135
-0.04231614567118	0.509240283014783	68
-0.04231614567118	0.509240283014783	1399
-0.04231614567118	0.509240283014783	1545
-0.04231614567118	0.509240283014783	1545
-0.0433088550302301	0.512659458057214	1545
-0.04231614567118	0.509240283014783	1545
-0.04231614567118	0.509240283014783	157
0.10128954409288	0.977027276752701	293
0.0991043414499799	0.981940733304083	4213
-0.04231614567118	0.509240283014783	4213
-0.04231614567118	0.509240283014783	158
-0.0433088550302301	0.512659458057214	560
0.0950086192964701	0.954729376314145	2601
-0.04231614567118	0.509240283014783	2835
-0.04231614567118	0.509240283014783	230
-0.04231614567118	0.509240283014783	16
-0.04231614567118	0.509240283014783	3137
-0.04231614567118	0.509240283014783	18
-0.04231614567118	0.509240283014783	4833
-0.0433088550302301	0.512659458057214	68
-0.04231614567118	0.509240283014783	68
-0.0433088550302301	0.512659458057214	1399
-0.0433088550302301	0.512659458057214	68
-0.04231614567118	0.509240283014783	68
-0.0433088550302301	0.512659458057214	1545
-0.0433088550302301	0.512659458057214	1545
-0.04231614567118	0.509240283014783	53
-0.0433088550302301	0.512659458057214	1536
0.0963581162796299	0.973998300634346	63
-0.0433088550302301	0.512659458057214	4025
0.0974435032230501	0.97111891999974	5160
-0.0433088550302301	0.512659458057214	2133
-0.04231614567118	0.509240283014783	68
-0.0433088550302301	0.512659458057214	1306
-0.0400276730549101	0.502827444432226	158
-0.04231614567118	0.509240283014783	158
-0.0433088550302301	0.512659458057214	3097
-0.04231614567118	0.509240283014783	2312
-0.04231614567118	0.509240283014783	2312
0.10128954409288	0.977027276752701	1818
-0.0400276730549101	0.502827444432226	626
-0.0433088550302301	0.512659458057214	2099
0.0974435032230501	0.97111891999974	230
0.0974435032230501	0.97111891999974	16
-0.0433088550302301	0.512659458057214	6049
-0.0433088550302301	0.512659458057214	877
-0.04231614567118	0.509240283014783	3105
-0.0433088550302301	0.512659458057214	3094
-0.0433088550302301	0.512659458057214	18
-0.04231614567118	0.509240283014783	611
-0.0433088550302301	0.512659458057214	6378
-0.04231614567118	0.509240283014783	1399
-0.04231614567118	0.509240283014783	2225
-0.04231614567118	0.509240283014783	2225
-0.0433088550302301	0.512659458057214	157
-0.04231614567118	0.509240283014783	1924
-0.04231614567118	0.509240283014783	1924
0.10128954409288	0.977027276752701	293
-0.0433088550302301	0.512659458057214	221
-0.0433088550302301	0.512659458057214	1306
-0.0433088550302301	0.512659458057214	158
-0.0433088550302301	0.512659458057214	158
-0.0400276730549101	0.502827444432226	158
-0.0400276730549101	0.502827444432226	3097
-0.0400276730549101	0.502827444432226	3097
-0.04231614567118	0.509240283014783	158
-0.04231614567118	0.509240283014783	4629
-0.04231614567118	0.509240283014783	997
-0.0400276730549101	0.502827444432226	997
-0.04231614567118	0.509240283014783	1818
-0.0433088550302301	0.512659458057214	3400
-0.0400276730549101	0.502827444432226	626
-0.0433088550302301	0.512659458057214	2099
-0.0433088550302301	0.512659458057214	4025
-0.0433088550302301	0.512659458057214	13
-0.0433088550302301	0.512659458057214	6049
-0.0433088550302301	0.512659458057214	16
-0.0400276730549101	0.502827444432226	3264
-0.0433088550302301	0.512659458057214	3264
-0.0433088550302301	0.512659458057214	377
-0.04231614567118	0.509240283014783	788
-0.0400276730549101	0.502827444432226	275
-0.0433088550302301	0.512659458057214	275
-0.0433088550302301	0.512659458057214	2957
-0.04231614567118	0.509240283014783	2957
-0.0433088550302301	0.512659458057214	135
-0.04231614567118	0.509240283014783	611
-0.0433088550302301	0.512659458057214	6378
-0.0400276730549101	0.502827444432226	6378
-0.04231614567118	0.509240283014783	135
-0.04231614567118	0.509240283014783	135
-0.0433088550302301	0.512659458057214	68
-0.04231614567118	0.509240283014783	1545
-0.04231614567118	0.509240283014783	157
-0.0400276730549101	0.502827444432226	1924
-0.0433088550302301	0.512659458057214	1924
-0.0433088550302301	0.512659458057214	997
0.0980562880981402	0.973310753898062	3400
0.0952723094223802	0.965373308881764	2099
-0.0433088550302301	0.512659458057214	2099
0.10296958321071	0.945400935306757	1580
-0.04231614567118	0.509240283014783	755
-0.0433088550302301	0.512659458057214	3490
-0.04231614567118	0.509240283014783	135
-0.04231614567118	0.509240283014783	2310
-0.04231614567118	0.509240283014783	2310
0.0974435032230501	0.97111891999974	1306
0.10192463335632	0.937567387474487	158
-0.0433088550302301	0.512659458057214	5477
-0.04231614567118	0.509240283014783	158
0.10128954409288	0.977027276752701	158
0.0963581162796299	0.973998300634346	1818
0.0974435032230501	0.97111891999974	3434
-0.0433088550302301	0.512659458057214	13
0.0941860869489299	0.935565957793181	755
-0.04231614567118	0.509240283014783	755
-0.04231614567118	0.509240283014783	587
-0.04231614567118	0.509240283014783	3595
-0.04231614567118	0.509240283014783	275
-0.04231614567118	0.509240283014783	158
-0.0433088550302301	0.512659458057214	2615
-0.0433088550302301	0.512659458057214	2771
-0.0400276730549101	0.502827444432226	997
-0.0400276730549101	0.502827444432226	6202
-0.04231614567118	0.509240283014783	6202
0.09422112482806	0.957037987058875	1704
-0.0433088550302301	0.512659458057214	3400
0.0980109147754602	0.953940115496525	137
-0.0433088550302301	0.512659458057214	755
-0.0433088550302301	0.512659458057214	3595
-0.04231614567118	0.509240283014783	275
-0.04231614567118	0.509240283014783	275
-0.0433088550302301	0.512659458057214	611
-0.04231614567118	0.509240283014783	611
-0.04231614567118	0.509240283014783	611
-0.0433088550302301	0.512659458057214	135
-0.04231614567118	0.509240283014783	219
-0.0433088550302301	0.512659458057214	68
-0.04231614567118	0.509240283014783	1545
0.0953074770654201	0.965496584541926	1306
-0.0433088550302301	0.512659458057214	2615
0.0991498051348101	0.977847917859047	158
0.10444491796913	1.42257815718197	1704
0.10128954409288	0.977027276752701	3434
-0.0433088550302301	0.512659458057214	587
-0.0474379420933599	1.17446231821672	377
-0.0487438889162699	1.25459763817845	1459
-0.0433088550302301	0.512659458057214	6207
0.10296958321071	0.945400935306757	3286
-0.0433088550302301	0.512659458057214	3490
0.0952723094223802	0.965373308881764	1406
-0.04366979135403	1.22677642884685	2615
0.10411137013257	0.912605648541002	158
0.09115945513543	0.943087363097328	13
-0.11436522307718	1.55829480236324	1090
-0.04231614567118	0.509240283014783	3490
0.10019721953434	0.986561337015099	611
0.0991043414499799	0.981940733304083	611
-0.04231614567118	0.509240283014783	390
-0.0433088550302301	0.512659458057214	2615
-0.0433088550302301	0.512659458057214	158
-0.0433088550302301	0.512659458057214	158
-0.0400276730549101	0.502827444432226	4093
-0.0400276730549101	0.502827444432226	664
-0.0400276730549101	0.502827444432226	664
-0.04231614567118	0.509240283014783	2101
-0.0433088550302301	0.512659458057214	402
-0.04231614567118	0.509240283014783	3158
-0.0433088550302301	0.512659458057214	3158
-0.0433088550302301	0.512659458057214	74
-0.0433088550302301	0.512659458057214	755
-0.0400276730549101	0.502827444432226	587
-0.0400276730549101	0.502827444432226	275
-0.04231614567118	0.509240283014783	275
-0.0433088550302301	0.512659458057214	1459
-0.0400276730549101	0.502827444432226	1534
-0.04231614567118	0.509240283014783	135
-0.0400276730549101	0.502827444432226	135
-0.0400276730549101	0.502827444432226	2161
-0.04231614567118	0.509240283014783	3132
-0.04231614567118	0.509240283014783	68
-0.0433088550302301	0.512659458057214	2990
-0.0400276730549101	0.502827444432226	390
0.12317082765632	2.06572370057859	511
0.0900716723534298	0.935054053031498	293
-0.04231614567118	0.509240283014783	1306
-0.0433088550302301	0.512659458057214	158
-0.04231614567118	0.509240283014783	158
-0.04231614567118	0.509240283014783	2356
0.00597770162140998	1.74796714568074	158
-0.04231614567118	0.509240283014783	3180
-0.0400276730549101	0.502827444432226	3372
-0.04231614567118	0.509240283014783	587
-0.0433088550302301	0.512659458057214	587
0.0974435032230501	0.97111891999974	237
-0.0433088550302301	0.512659458057214	621
-0.04231614567118	0.509240283014783	2086
-0.0433088550302301	0.512659458057214	3132
-0.04231614567118	0.509240283014783	3132
-0.04231614567118	0.509240283014783	68
-0.0433088550302301	0.512659458057214	2990
-0.0433088550302301	0.512659458057214	1615
-0.0433088550302301	0.512659458057214	1306
-0.0433088550302301	0.512659458057214	3934
-0.04231614567118	0.509240283014783	158
-0.0433088550302301	0.512659458057214	770
-0.0433088550302301	0.512659458057214	158
-0.0400276730549101	0.502827444432226	158
-0.04231614567118	0.509240283014783	2356
0.0991043414499799	0.981940733304083	158
-0.0433088550302301	0.512659458057214	664
-0.0400276730549101	0.502827444432226	2101
-0.0433088550302301	0.512659458057214	2101
-0.04231614567118	0.509240283014783	1333
-0.0433088550302301	0.512659458057214	13
-0.0400276730549101	0.502827444432226	402
-0.10498490155231	1.58763189695978	2689
0.0977835082237801	0.9165305932953	3372
-0.0433088550302301	0.512659458057214	2953
-0.0433088550302301	0.512659458057214	587
-0.0433088550302301	0.512659458057214	587
-0.0400276730549101	0.502827444432226	587
-0.04231614567118	0.509240283014783	621
-0.0433088550302301	0.512659458057214	18
-0.04231614567118	0.509240283014783	275
-0.0433088550302301	0.512659458057214	275
-0.0400276730549101	0.502827444432226	135
-0.0433088550302301	0.512659458057214	135
-0.0433088550302301	0.512659458057214	690
-0.0433088550302301	0.512659458057214	3132
-0.0433088550302301	0.512659458057214	2522
-0.04231614567118	0.509240283014783	2990
-0.0433088550302301	0.512659458057214	68
-0.04231614567118	0.509240283014783	1615
-0.0400276730549101	0.502827444432226	1615
-0.0433088550302301	0.512659458057214	472
-0.04231614567118	0.509240283014783	390
-0.0400276730549101	0.502827444432226	158
-0.04231614567118	0.509240283014783	814
-0.04231614567118	0.509240283014783	158
-0.0433088550302301	0.512659458057214	13
-0.0400276730549101	0.502827444432226	587
-0.0433088550302301	0.512659458057214	377
-0.0400276730549101	0.502827444432226	377
0.10019721953434	0.986561337015099	377
0.10024276941631	0.968527174514026	1534
-0.0400276730549101	0.502827444432226	1534
-0.0433088550302301	0.512659458057214	472
0.0991498051348101	0.977847917859047	2962
0.0617780698912598	2.46188540466809	814
0.0980109147754602	0.953940115496525	626
0.0941860869489299	0.935565957793181	3901
-0.0382339630283901	1.0465256983045	377
-0.04231614567118	0.509240283014783	135
0.10187601291569	0.923616458037101	4504
-0.0404853941872001	1.16540432486967	78
-0.04231614567118	0.509240283014783	158
0.0950086192964701	0.954729376314145	5121
0.0211504480627198	1.79229086429227	158
0.11539850571885	1.45368808939389	785
-0.0433088550302301	0.512659458057214	858
0.0980562880981402	0.973310753898062	2953
-0.04231614567118	0.509240283014783	135
0.0953074770654201	0.965496584541926	158
0.09422112482806	0.957037987058875	1361
-0.0433088550302301	0.512659458057214	800
0.09115945513543	0.943087363097328	626
0.0963581162796299	0.973998300634346	2689
-0.0433088550302301	0.512659458057214	621
-0.04231614567118	0.509240283014783	3367
0.10024276941631	0.968527174514026	814
-0.04231614567118	0.509240283014783	3638
-0.0433088550302301	0.512659458057214	532
-0.0433088550302301	0.512659458057214	2953
-0.04231614567118	0.509240283014783	2812
-0.04231614567118	0.509240283014783	621
-0.0433088550302301	0.512659458057214	3621
-0.0433088550302301	0.512659458057214	275
-0.0433088550302301	0.512659458057214	275
-0.0433088550302301	0.512659458057214	4919
-0.0400276730549101	0.502827444432226	219
-0.0468512568322199	1.27401845901775	293
-0.04231614567118	0.509240283014783	1306
0.10128954409288	0.977027276752701	158
-0.04231614567118	0.509240283014783	158
0.0991498051348101	0.977847917859047	4063
-0.04231614567118	0.509240283014783	800
-0.0400276730549101	0.502827444432226	402
-0.0433088550302301	0.512659458057214	2956
-0.04231614567118	0.509240283014783	621
-0.0433088550302301	0.512659458057214	275
-0.0433088550302301	0.512659458057214	3568
-0.04231614567118	0.509240283014783	4919
-0.0400276730549101	0.502827444432226	4919
-0.04231614567118	0.509240283014783	4919
-0.0433088550302301	0.512659458057214	690
-0.04231614567118	0.509240283014783	68
-0.0433088550302301	0.512659458057214	1423
0.0985293946240402	0.957334513714727	1306
-0.05114573477712	1.24391026712817	1306
-0.03232899010459	2.23712335121957	78
-0.0433088550302301	0.512659458057214	532
0.0960959355723099	0.945940416978531	402
-0.11313397488308	1.56416038487145	402
0.0974435032230501	0.97111891999974	2689
0.0974435032230501	0.97111891999974	2689
-0.0433088550302301	0.512659458057214	1174
-0.0433088550302301	0.512659458057214	275
-0.04231614567118	0.509240283014783	135
-0.04231614567118	0.509240283014783	135
-0.0433088550302301	0.512659458057214	1614
0.0963581162796299	0.973998300634346	293
-0.0400276730549101	0.502827444432226	1306
-0.0433088550302301	0.512659458057214	1306
0.09392073023333	0.950417569330781	158
-0.0400276730549101	0.502827444432226	158
-0.04231614567118	0.509240283014783	158
-0.04231614567118	0.509240283014783	1250
-0.0433088550302301	0.512659458057214	158
-0.0433088550302301	0.512659458057214	158
-0.04231614567118	0.509240283014783	2895
-0.0400276730549101	0.502827444432226	5614
-0.0526408892263199	1.23357953132502	2689
0.09422112482806	0.957037987058875	2823
-0.0433088550302301	0.512659458057214	2812
-0.0433088550302301	0.512659458057214	6122
0.09696222324059	0.945873879640524	41
-0.0400276730549101	0.502827444432226	219
-0.0433088550302301	0.512659458057214	2159
-0.04231614567118	0.509240283014783	1614
-0.0400276730549101	0.502827444432226	1614
0.11102851265901	1.41717399024653	293
0.01433086266643	1.72281154541443	158
0.10019721953434	0.986561337015099	158
0.10019721953434	0.986561337015099	61
-0.0433088550302301	0.512659458057214	3623
-0.0433088550302301	0.512659458057214	5208
-0.04231614567118	0.509240283014783	457
-0.0433088550302301	0.512659458057214	532
0.09422112482806	0.957037987058875	13
0.0950086192964701	0.954729376314145	718
0.10187601291569	0.923616458037101	2340
0.10296958321071	0.945400935306757	320
-0.04231614567118	0.509240283014783	135
-0.0433088550302301	0.512659458057214	1212
0.09422112482806	0.957037987058875	158
0.0974435032230501	0.97111891999974	61
0.0311828385051398	1.72215598228982	956
-0.05239180492308	1.20960887250915	78
-0.04925289680268	1.24861269567071	402
-0.04462347979338	1.21560407025698	2689
-0.04231614567118	0.509240283014783	135
0.0130258050771999	1.80198451498632	956
-0.0400276730549101	0.502827444432226	718
-0.0400276730549101	0.502827444432226	718
-0.05408905082592	1.26053510707135	2689
-0.1088277671955	1.63136597265327	78
0.0963581162796299	0.973998300634346	129
0.0963934100377699	0.96268971713634	2212
-0.04231614567118	0.509240283014783	718
-0.0433088550302301	0.512659458057214	1738
0.11089995408153	1.47141935881031	718
-0.04231614567118	0.509240283014783	708
-0.0433088550302301	0.512659458057214	604
0.0296258185454601	1.76155079202826	129
-0.04231614567118	0.509240283014783	718
-0.04871590362134	1.19123028159064	68
0.11809278192244	1.40615849278667	750
-0.10787528603748	1.61324301983898	1369
0.0608615506394399	2.49337720433125	2689
-0.05135522568086	1.21475208953576	239
0.11809278192244	1.40615849278667	343
-0.04231614567118	0.509240283014783	3034
0.0985293946240402	0.957334513714727	4659
0.0963581162796299	0.973998300634346	506
-0.04231614567118	0.509240283014783	3374
-0.04231614567118	0.509240283014783	4863
-0.0433088550302301	0.512659458057214	61
0.10019721953434	0.986561337015099	750
0.0974435032230501	0.97111891999974	62
-0.0433088550302301	0.512659458057214	513
-0.04231614567118	0.509240283014783	936
-0.04231614567118	0.509240283014783	237
-0.04231614567118	0.509240283014783	4659
-0.04231614567118	0.509240283014783	68
-0.04231614567118	0.509240283014783	68
0.0977835082237801	0.9165305932953	6839
0.10238131016949	0.946657360399273	3058
-0.11290362520493	1.54619247702687	62
-0.0567537452373701	1.18276016175724	129
0.0985293946240402	0.957334513714727	5637
0.09115945513543	0.943087363097328	4656
-0.0433088550302301	0.512659458057214	232
0.0980109147754602	0.953940115496525	1724
-0.04231614567118	0.509240283014783	4202
-0.04231614567118	0.509240283014783	2054
0.0952723094223802	0.965373308881764	2054
0.10411137013257	0.912605648541002	750
0.0985293946240402	0.957334513714727	2182
-0.0433088550302301	0.512659458057214	402
-0.10725068758338	1.42523731321288	343
0.0889833351048099	0.907343633258554	2953
-0.0433088550302301	0.512659458057214	122
-0.0400276730549101	0.502827444432226	122
-0.04231614567118	0.509240283014783	122
-0.0433088550302301	0.512659458057214	232
-0.04231614567118	0.509240283014783	232
-0.0433088550302301	0.512659458057214	68
-0.0433088550302301	0.512659458057214	129
0.0974801656999298	0.949200985630619	1769
-0.0433088550302301	0.512659458057214	2182
-0.0433088550302301	0.512659458057214	2182
0.10192463335632	0.937567387474487	402
-0.04231614567118	0.509240283014783	1253
0.0974435032230501	0.97111891999974	2694
-0.0400276730549101	0.502827444432226	459
-0.04231614567118	0.509240283014783	2988
-0.04231614567118	0.509240283014783	2988
-0.0433088550302301	0.512659458057214	1828
-0.04231614567118	0.509240283014783	122
-0.0433088550302301	0.512659458057214	232
-0.0433088550302301	0.512659458057214	78
-0.04231614567118	0.509240283014783	2054
-0.04231614567118	0.509240283014783	129
-0.0433088550302301	0.512659458057214	3345
0.0980562880981402	0.973310753898062	1769
-0.04231614567118	0.509240283014783	1769
-0.0433088550302301	0.512659458057214	816
-0.04231614567118	0.509240283014783	1253
-0.0433088550302301	0.512659458057214	2694
-0.0433088550302301	0.512659458057214	1174
-0.0433088550302301	0.512659458057214	459
-0.0400276730549101	0.502827444432226	459
-0.0400276730549101	0.502827444432226	669
-0.04231614567118	0.509240283014783	1828
-0.04231614567118	0.509240283014783	135
-0.04231614567118	0.509240283014783	135
-0.04231614567118	0.509240283014783	122
-0.0433088550302301	0.512659458057214	690
-0.0433088550302301	0.512659458057214	690
-0.04231614567118	0.509240283014783	232
-0.0433088550302301	0.512659458057214	2600
-0.04231614567118	0.509240283014783	2600
-0.04231614567118	0.509240283014783	78
-0.0433088550302301	0.512659458057214	78
-0.04231614567118	0.509240283014783	129
-0.0433088550302301	0.512659458057214	129
-0.0433088550302301	0.512659458057214	3058
-0.0400276730549101	0.502827444432226	3058
-0.0400276730549101	0.502827444432226	1084
0.0960959355723099	0.945940416978531	1769
0.0952723094223802	0.965373308881764	1769
-0.04231614567118	0.509240283014783	467
0.10187601291569	0.923616458037101	402
-0.04231614567118	0.509240283014783	402
-0.04231614567118	0.509240283014783	402
-0.0433088550302301	0.512659458057214	936
-0.0433088550302301	0.512659458057214	816
-0.04231614567118	0.509240283014783	2953
-0.0400276730549101	0.502827444432226	1253
-0.0433088550302301	0.512659458057214	1253
-0.0433088550302301	0.512659458057214	1253
-0.0400276730549101	0.502827444432226	459
-0.0433088550302301	0.512659458057214	459
-0.04231614567118	0.509240283014783	459
-0.04231614567118	0.509240283014783	135
-0.0400276730549101	0.502827444432226	122
-0.04231614567118	0.509240283014783	6137
-0.0400276730549101	0.502827444432226	5219
-0.0433088550302301	0.512659458057214	690
-0.04231614567118	0.509240283014783	232
-0.0433088550302301	0.512659458057214	232
-0.0433088550302301	0.512659458057214	232
-0.04231614567118	0.509240283014783	232
-0.0433088550302301	0.512659458057214	68
-0.04231614567118	0.509240283014783	68
0.0991498051348101	0.977847917859047	3109
-0.0400276730549101	0.502827444432226	3109
-0.0400276730549101	0.502827444432226	68
-0.04231614567118	0.509240283014783	239
-0.0400276730549101	0.502827444432226	2412
-0.04231614567118	0.509240283014783	1084
-0.0433088550302301	0.512659458057214	1084
-0.0433088550302301	0.512659458057214	467
-0.0433088550302301	0.512659458057214	513
-0.0433088550302301	0.512659458057214	513
-0.04231614567118	0.509240283014783	6899
0.0974435032230501	0.97111891999974	343
-0.0433088550302301	0.512659458057214	402
0.10705920606765	1.49044647144269	936
-0.0433088550302301	0.512659458057214	1253
-0.0433088550302301	0.512659458057214	1253
-0.0433088550302301	0.512659458057214	1253
-0.0433088550302301	0.512659458057214	1253
-0.0433088550302301	0.512659458057214	459
-0.0433088550302301	0.512659458057214	459
-0.0433088550302301	0.512659458057214	4739
-0.0400276730549101	0.502827444432226	2988
-0.04231614567118	0.509240283014783	2988
-0.0433088550302301	0.512659458057214	122
-0.04231614567118	0.509240283014783	122
-0.0433088550302301	0.512659458057214	735
-0.04231614567118	0.509240283014783	690
-0.0433088550302301	0.512659458057214	232
-0.0400276730549101	0.502827444432226	6839
0.11425678808021	1.51677028534866	1195
-0.04231614567118	0.509240283014783	239
0.0974435032230501	0.97111891999974	78
-0.0433088550302301	0.512659458057214	2412
-0.0433088550302301	0.512659458057214	129
-0.0494878302787301	1.20072820698999	1084
-0.0400276730549101	0.502827444432226	1084
-0.0400276730549101	0.502827444432226	129
-0.0400276730549101	0.502827444432226	1769
-0.0433088550302301	0.512659458057214	513
-0.04231614567118	0.509240283014783	402
-0.04925289680268	1.24861269567071	402
-0.0433088550302301	0.512659458057214	1253
-0.0433088550302301	0.512659458057214	1253
-0.0433088550302301	0.512659458057214	1253
-0.0400276730549101	0.502827444432226	459
-0.04231614567118	0.509240283014783	1828
-0.04231614567118	0.509240283014783	135
-0.04231614567118	0.509240283014783	6839
-0.0433088550302301	0.512659458057214	6839
-0.0400276730549101	0.502827444432226	2600
-0.0433088550302301	0.512659458057214	2412
-0.0433088550302301	0.512659458057214	1035
-0.0433088550302301	0.512659458057214	129
-0.0433088550302301	0.512659458057214	3448
-0.0433088550302301	0.512659458057214	816
-0.0400276730549101	0.502827444432226	1253
-0.04231614567118	0.509240283014783	1253
-0.0433088550302301	0.512659458057214	1174
-0.0433088550302301	0.512659458057214	459
-0.0433088550302301	0.512659458057214	2758
-0.04231614567118	0.509240283014783	2988
-0.0400276730549101	0.502827444432226	1828
-0.0433088550302301	0.512659458057214	1801
-0.0433088550302301	0.512659458057214	1801
-0.04231614567118	0.509240283014783	232
0.0985293946240402	0.957334513714727	232
-0.0433088550302301	0.512659458057214	68
-0.04231614567118	0.509240283014783	6839
-0.0433088550302301	0.512659458057214	2600
0.0963934100377699	0.96268971713634	129
-0.04231614567118	0.509240283014783	1035
-0.04231614567118	0.509240283014783	1084
0.0963934100377699	0.96268971713634	663
-0.0433088550302301	0.512659458057214	1253
-0.04231614567118	0.509240283014783	1253
0.0963581162796299	0.973998300634346	1089
-0.0433088550302301	0.512659458057214	237
-0.04231614567118	0.509240283014783	122
-0.0400276730549101	0.502827444432226	4232
-0.0433088550302301	0.512659458057214	690
0.0963581162796299	0.973998300634346	78
-0.04231614567118	0.509240283014783	1253
0.0963581162796299	0.973998300634346	1253
-0.0433088550302301	0.512659458057214	1089
-0.0433088550302301	0.512659458057214	1174
-0.0433088550302301	0.512659458057214	232
-0.11057068646218	1.61124001688092	402
-0.11598044424229	1.54327765110503	402
0.0952723094223802	0.965373308881764	380
-0.0433088550302301	0.512659458057214	78
-0.1028047502368	1.5434382648564	237
-0.0433088550302301	0.512659458057214	2441
-0.0433088550302301	0.512659458057214	122
0.0953074770654201	0.965496584541926	1858
-0.04830785711001	1.23693138192231	68
0.0974435032230501	0.97111891999974	2863
0.10166009477471	0.866467277120405	402
0.0974435032230501	0.97111891999974	402
0.00811107583828985	1.73182940098821	402
0.0980562880981402	0.973310753898062	122
-0.0433088550302301	0.512659458057214	2255
0.10133517598785	0.938787741724824	107
-0.0490523015839199	1.28368702030812	506
0.0980109147754602	0.953940115496525	130
-0.0400276730549101	0.502827444432226	129
-0.0400276730549101	0.502827444432226	78
-0.0433088550302301	0.512659458057214	1135
-0.04231614567118	0.509240283014783	129
-0.0433088550302301	0.512659458057214	510
-0.0400276730549101	0.502827444432226	402
0.10133517598785	0.938787741724824	426
-0.0400276730549101	0.502827444432226	936
-0.0433088550302301	0.512659458057214	3815
-0.04231614567118	0.509240283014783	1089
-0.0433088550302301	0.512659458057214	3118
-0.0433088550302301	0.512659458057214	3118
-0.0433088550302301	0.512659458057214	135
-0.04231614567118	0.509240283014783	1285
-0.0400276730549101	0.502827444432226	2411
-0.04231614567118	0.509240283014783	2229
-0.04231614567118	0.509240283014783	2255
-0.04231614567118	0.509240283014783	1858
-0.0433088550302301	0.512659458057214	4763
-0.0433088550302301	0.512659458057214	6392
-0.04231614567118	0.509240283014783	68
0.10301828480208	0.935826155731033	239
0.1035254460811	1.42518394184959	173
-0.0433088550302301	0.512659458057214	173
-0.0400276730549101	0.502827444432226	1035
0.0950086192964701	0.954729376314145	129
-0.0433088550302301	0.512659458057214	129
-0.0433088550302301	0.512659458057214	402
0.0952723094223802	0.965373308881764	3275
-0.0400276730549101	0.502827444432226	3118
-0.04231614567118	0.509240283014783	2441
-0.0433088550302301	0.512659458057214	1174
-0.04231614567118	0.509240283014783	135
-0.0433088550302301	0.512659458057214	135
-0.0433088550302301	0.512659458057214	135
-0.0433088550302301	0.512659458057214	122
-0.0433088550302301	0.512659458057214	2255
-0.0433088550302301	0.512659458057214	1858
-0.0433088550302301	0.512659458057214	6392
-0.0400276730549101	0.502827444432226	68
-0.04231614567118	0.509240283014783	3133
0.0950086192964701	0.954729376314145	68
-0.04231614567118	0.509240283014783	3974
-0.04231614567118	0.509240283014783	3974
0.0974435032230501	0.97111891999974	1135
-0.0433088550302301	0.512659458057214	402
0.0963581162796299	0.973998300634346	402
0.0991498051348101	0.977847917859047	402
0.0118276184660102	1.87776831048304	3275
-0.0433088550302301	0.512659458057214	273
-0.0433088550302301	0.512659458057214	1177
-0.04231614567118	0.509240283014783	380
-0.04231614567118	0.509240283014783	122
-0.04231614567118	0.509240283014783	2255
-0.0433088550302301	0.512659458057214	4763
-0.04231614567118	0.509240283014783	68
0.0985293946240402	0.957334513714727	173
-0.05333885030425	1.21561198315623	129
0.10024276941631	0.968527174514026	129
0.09115945513543	0.943087363097328	5066
0.12191978097708	2.02855570672641	3275
-0.0433088550302301	0.512659458057214	273
-0.0433088550302301	0.512659458057214	2441
-0.0400276730549101	0.502827444432226	1174
-0.0433088550302301	0.512659458057214	380
0.0991043414499799	0.981940733304083	380
-0.0433088550302301	0.512659458057214	122
-0.0433088550302301	0.512659458057214	122
-0.0400276730549101	0.502827444432226	2255
0.11761978050462	1.41252500861857	173
-0.0559878336286099	1.24852460803015	2705
0.0952723094223802	0.965373308881764	129
0.0963934100377699	0.96268971713634	273
-0.0433088550302301	0.512659458057214	2441
0.0991498051348101	0.977847917859047	503
-0.0433088550302301	0.512659458057214	122
-0.05239180492308	1.20960887250915	107
0.0974435032230501	0.97111891999974	107
0.0900716723534298	0.935054053031498	129
0.0980562880981402	0.973310753898062	129
0.0963934100377699	0.96268971713634	1035
-0.04231614567118	0.509240283014783	1035
0.0963934100377699	0.96268971713634	402
0.09422112482806	0.957037987058875	402
0.0974435032230501	0.97111891999974	3336
0.0952723094223802	0.965373308881764	5506
0.11052858259721	1.42723233300314	380
-0.0433088550302301	0.512659458057214	6723
0.0963934100377699	0.96268971713634	107
-0.0433088550302301	0.512659458057214	107
-0.0400276730549101	0.502827444432226	107
-0.0433088550302301	0.512659458057214	3185
-0.04779710926559	1.27070551376775	173
-0.0433088550302301	0.512659458057214	2705
-0.0433088550302301	0.512659458057214	129
0.10301828480208	0.935826155731033	129
-0.10972970875977	1.53223884182631	129
0.12128904419061	1.9266014411743	129
-0.05789517411284	1.20378148993613	1277
-0.04231614567118	0.509240283014783	122
-0.0531410133504	1.253933169308	1188
-0.0499983384612599	1.29653768955037	1035
-0.05333885030425	1.21561198315623	1277
0.10890358646946	1.49347824877744	173
-0.0449904555167799	1.1178072433105	260
0.10192463335632	0.937567387474487	129
0.0991043414499799	0.981940733304083	2134
-0.0433088550302301	0.512659458057214	107
0.0963581162796299	0.973998300634346	107
0.09422112482806	0.957037987058875	68
0.0953074770654201	0.965496584541926	68
-0.0509452953782701	1.29919931008405	2134
-0.0501988575096199	1.2510017412835	167
-0.0559878336286099	1.24852460803015	167
0.09422112482806	0.957037987058875	68
-0.0597847418048201	1.19289306070635	129
-0.05114573477712	1.24391026712817	129
0.11425678808021	1.51677028534866	402
-0.0595869687225401	1.20050171801505	1419
0.0974435032230501	0.97111891999974	129
-0.0433088550302301	0.512659458057214	3375
-0.0531410133504	1.253933169308	17
0.0952723094223802	0.965373308881764	2465
-0.0361544050382301	2.09788775637195	402
-0.0400276730549101	0.502827444432226	3375
-0.1021221386113	1.59616574782777	4261
-0.0433088550302301	0.512659458057214	6486
0.06327876891485	2.46428283391872	107
0.0991498051348101	0.977847917859047	2328
-0.05114573477712	1.24391026712817	17
-0.11901293059972	1.46660755018907	2285
0.10472708120147	1.36158251793286	402
-0.0433088550302301	0.512659458057214	2902
-0.11691625573297	1.48970858864659	2328
0.0960959355723099	0.945940416978531	2454
-0.0433088550302301	0.512659458057214	402
0.12250782101583	2.10354093373795	3114
-0.10739707827218	1.5834775276295	2056
-0.0501988575096199	1.2510017412835	1567
0.11901126063564	1.42329387099213	129
0.0980562880981402	0.973310753898062	402
0.09422112482806	0.957037987058875	402
0.10606487298047	1.4140118366521	951
-0.10498490155231	1.58763189695978	129
0.10406259161998	0.943611890064193	2454
-0.0400276730549101	0.502827444432226	402
0.10827861404419	1.47171820288294	402
0.10019721953434	0.986561337015099	17
0.1008304208019	0.916196135505271	167
0.0977835082237801	0.9165305932953	2328
0.10613617882527	1.47456522621321	3447
0.0991043414499799	0.981940733304083	6117
0.11111852859261	1.54382522620976	6117
0.0112251984533001	1.78818795304612	129
0.1177125525663	1.45148499161583	3447
0.10296958321071	0.945400935306757	2056
0.0152889696567202	1.75847264097175	1974
-0.118058553245	1.47575782313964	721
-0.10502923338197	1.56660853463964	129
-0.05294238878584	1.18641558298297	2677
0.10128954409288	0.977027276752701	579
-0.0433088550302301	0.512659458057214	129
0.10406259161998	0.943611890064193	129
-0.04231614567118	0.509240283014783	6117
-0.04231614567118	0.509240283014783	167
-0.0433088550302301	0.512659458057214	167
-0.0433088550302301	0.512659458057214	369
-0.0494878302787301	1.20072820698999	369
0.0952723094223802	0.965373308881764	68
-0.0433088550302301	0.512659458057214	369
0.0952723094223802	0.965373308881764	2115
0.1075797319473	1.46960676175467	5020
0.10128954409288	0.977027276752701	308
0.10422806378157	1.4271884133786	820
-0.04231614567118	0.509240283014783	167
0.0953074770654201	0.965496584541926	2187
0.0187655914567801	1.85485396454373	5807
-0.0442055881425301	1.2023542127749	5807
0.10019721953434	0.986561337015099	402
0.11274108038006	1.48595463299932	6845
0.12421852325653	1.40309318819479	5020
-0.0518931678824699	1.29145537399551	308
-0.0370609326489899	2.22222798357465	402
-0.12468156074198	1.91997042319825	2244
-0.0433088550302301	0.512659458057214	95
-0.0433088550302301	0.512659458057214	369
-0.04231614567118	0.509240283014783	579
-0.10788325769326	1.54526265344782	17
-0.0501988575096199	1.2510017412835	579
0.10521259760206	1.44650510512753	129
-0.10816295969137	1.62406700552948	308
-0.0313709997393199	2.23728268181414	369
0.0900716723534298	0.935054053031498	337
-0.11475369201732	1.57732065312422	129
-0.0433088550302301	0.512659458057214	5922
0.10296958321071	0.945400935306757	5922
-0.04231614567118	0.509240283014783	95
-0.0542868007373001	1.21410191463794	129
-0.04925289680268	1.24861269567071	424
-0.0433088550302301	0.512659458057214	3441
-0.0433088550302301	0.512659458057214	5922
-0.04231614567118	0.509240283014783	17
0.1079816762962	1.49647427193087	369
0.0980109147754602	0.953940115496525	1340
-0.10782592764368	1.55622757335619	173
-0.0433088550302301	0.512659458057214	1048
-0.0433088550302301	0.512659458057214	5518
-0.0400276730549101	0.502827444432226	402
0.0505348285910201	2.44273386126314	402
0.0991043414499799	0.981940733304083	60
-0.04231614567118	0.509240283014783	5518
0.01863679105259	1.84057820246559	402
0.0950086192964701	0.954729376314145	6838
-0.0433088550302301	0.512659458057214	545
-0.0433088550302301	0.512659458057214	129
-0.0400276730549101	0.502827444432226	402
0.0963581162796299	0.973998300634346	6838
-0.0499983384612599	1.29653768955037	721
-0.0400276730549101	0.502827444432226	721
-0.0433088550302301	0.512659458057214	1048
-0.0433088550302301	0.512659458057214	1791
-0.04231614567118	0.509240283014783	625
0.0991498051348101	0.977847917859047	625
0.10019721953434	0.986561337015099	5603
0.0991043414499799	0.981940733304083	1791
-0.0397783222635	2.20631120775644	24
-0.0433088550302301	0.512659458057214	402
-0.12460808434083	1.68219485768485	129
-0.0468512568322199	1.27401845901775	625
-0.0516920203473299	1.24056035873464	95
-0.0400276730549101	0.502827444432226	6516
0.10736081025068	1.4696993631437	167
-0.04231614567118	0.509240283014783	308
0.11019690553288	1.53010682783932	545
-0.0559878336286099	1.24852460803015	308
-0.11374948489518	1.61274495440251	1564
-0.04231614567118	0.509240283014783	3353
-0.0400276730549101	0.502827444432226	402
0.10857062720395	1.43480816485757	402
0.1079816762962	1.49647427193087	70
-0.11057068646218	1.61124001688092	70
-0.0433088550302301	0.512659458057214	402
-0.10787528603748	1.61324301983898	95
0.10024276941631	0.968527174514026	429
0.0950086192964701	0.954729376314145	625
0.0974435032230501	0.97111891999974	625
-0.11445039667251	1.57654036784452	17
-0.0537935002333101	1.23628346988152	402
0.0511120770112301	2.40288881927596	17
0.10128954409288	0.977027276752701	95
0.10019721953434	0.986561337015099	167
0.1094935915432	1.45961063718155	1276
-0.0468512568322199	1.27401845901775	78
-0.10900143809756	1.55989209611218	429
-0.05114573477712	1.24391026712817	435
0.09696222324059	0.945873879640524	625
-0.04231614567118	0.509240283014783	545
0.0991498051348101	0.977847917859047	24
-0.0499983384612599	1.29653768955037	70
-0.0468512568322199	1.27401845901775	7
0.0977835082237801	0.9165305932953	369
0.10422806378157	1.4271884133786	57
0.0991498051348101	0.977847917859047	129
-0.0595869687225401	1.20050171801505	24
0.0988714833856301	0.914899286607492	129
0.0963581162796299	0.973998300634346	95
0.0991043414499799	0.981940733304083	167
0.0980562880981402	0.973310753898062	1276
0.0974801656999298	0.949200985630619	24
0.0137386205344701	1.87969409088765	805
0.10024276941631	0.968527174514026	2267
-0.04925289680268	1.24861269567071	129
0.00585904494917999	1.75627726069238	70
-0.05644126022767	1.22975375143025	1564
-0.0526408892263199	1.23357953132502	17
-0.0433088550302301	0.512659458057214	4729
-0.0433088550302301	0.512659458057214	24
0.0991043414499799	0.981940733304083	57
0.0974435032230501	0.97111891999974	675
-0.04231614567118	0.509240283014783	545
0.0980562880981402	0.973310753898062	60
0.10019721953434	0.986561337015099	70
0.11679432906967	1.46524114300515	675
-0.04231614567118	0.509240283014783	15
0.10296958321071	0.945400935306757	625
0.10776517274133	1.43517508400178	17
0.10684865007886	0.891671625042323	167
0.09115945513543	0.943087363097328	369
0.0043137900544501	1.53681390854258	70
-0.04231614567118	0.509240283014783	15
-0.05695176705547	1.19791889316471	60
-0.0535829668260901	1.22305024860118	24
-0.0433088550302301	0.512659458057214	675
0.0952723094223802	0.965373308881764	545
-0.0433088550302301	0.512659458057214	545
0.09115945513543	0.943087363097328	254
0.0950086192964701	0.954729376314145	57
0.12084643813247	1.4185491875864	254
0.0928322733891398	0.924435258234548	70
-0.10877832085391	1.54950982954135	992
0.0991498051348101	0.977847917859047	1409
-0.0530422212328301	1.18490825801283	57
-0.0433088550302301	0.512659458057214	60
-0.0550379923861899	1.25891974706269	245
-0.0433088550302301	0.512659458057214	2942
0.00931809704248021	1.82164599274612	24
-0.0433088550302301	0.512659458057214	2942
0.0974435032230501	0.97111891999974	254
0.10198111220285	1.35571910630057	3245
0.10057145908322	0.853478265580236	254
0.11274108038006	1.48595463299932	992
-0.04231614567118	0.509240283014783	992
-0.10089664336001	1.53771698675856	15
-0.0400276730549101	0.502827444432226	254
-0.04231614567118	0.509240283014783	254
0.0963581162796299	0.973998300634346	24
0.0991498051348101	0.977847917859047	245
0.10592010577085	1.39496047632402	3245
-0.0556975908613799	1.23159813757765	1442
0.1095774063711	1.42455687541416	4223
-0.04366979135403	1.22677642884685	1145
-0.0433088550302301	0.512659458057214	60
-0.04610959921561	1.22818117386364	167
-0.07714424639783	2.45289038738317	940
-0.0559878336286099	1.24852460803015	144
-0.10816295969137	1.62406700552948	117
-0.07231545520893	2.38260952731997	79
0.0199645970656701	1.78332946655154	117
-0.04231614567118	0.509240283014783	935
-0.0433088550302301	0.512659458057214	2701
0.11495612785717	1.45945595230629	144
-0.0433088550302301	0.512659458057214	138
0.0991498051348101	0.977847917859047	167
-0.0433088550302301	0.512659458057214	79
-0.0433088550302301	0.512659458057214	79
-0.0433088550302301	0.512659458057214	79
0.0966949517438498	0.896243112596895	6616
0.10868687114867	1.44070927148341	167
-0.0433088550302301	0.512659458057214	138
-0.04231614567118	0.509240283014783	138
-0.0433088550302301	0.512659458057214	1880
-0.11218022611963	1.55676892489583	79
-0.04231614567118	0.509240283014783	79
-0.0433088550302301	0.512659458057214	1403
0.0495389290948198	2.37808077296018	144
0.09422112482806	0.957037987058875	1880
-0.0433088550302301	0.512659458057214	1880
0.0974435032230501	0.97111891999974	3867
0.0980562880981402	0.973310753898062	1880
-0.0433088550302301	0.512659458057214	1114
-0.0433088550302301	0.512659458057214	3867
-0.0400276730549101	0.502827444432226	1373
-0.04231614567118	0.509240283014783	167
0.10128954409288	0.977027276752701	138
0.0963581162796299	0.973998300634346	138
-0.04236059782849	1.11665165321343	3419
-0.1065961351373	1.63771562796357	79
-0.0433088550302301	0.512659458057214	1373
0.00669289300194986	1.66858857920645	117
0.10128954409288	0.977027276752701	138
-0.04231614567118	0.509240283014783	79
-0.04663933965253	1.21114192894038	144
-0.04122095743559	1.12057820910017	2759
-0.0433088550302301	0.512659458057214	138
-0.0433088550302301	0.512659458057214	1570
-0.0313709997393199	2.23728268181414	509
0.00836557124705006	1.81199583719478	91
-0.04231614567118	0.509240283014783	138
-0.04231614567118	0.509240283014783	79
0.0941860869489299	0.935565957793181	3419
0.0991043414499799	0.981940733304083	5610
-0.0400276730549101	0.502827444432226	1570
0.0991498051348101	0.977847917859047	200
-0.0433088550302301	0.512659458057214	3419
-0.04231614567118	0.509240283014783	3232
-0.04231614567118	0.509240283014783	3232
-0.0400276730549101	0.502827444432226	1570
-0.04231614567118	0.509240283014783	60
0.0991498051348101	0.977847917859047	1373
0.02126144831916	1.75201963652821	144
-0.0537916418964799	1.22698970432745	3419
-0.0433088550302301	0.512659458057214	1373
0.0980562880981402	0.973310753898062	573
0.10514675533956	1.42457198973174	91
0.10019721953434	0.986561337015099	1094
0.0963934100377699	0.96268971713634	552
-0.0518931678824699	1.29145537399551	1879
-0.0400276730549101	0.502827444432226	4499
-0.0400276730549101	0.502827444432226	1570
-0.05408905082592	1.26053510707135	91
-0.0433088550302301	0.512659458057214	2117
0.10187601291569	0.923616458037101	138
0.0952723094223802	0.965373308881764	1570
0.0952723094223802	0.965373308881764	2890
-0.0433088550302301	0.512659458057214	2890
0.0991498051348101	0.977847917859047	573
-0.0433088550302301	0.512659458057214	2117
-0.04231614567118	0.509240283014783	552
0.0963934100377699	0.96268971713634	3419
-0.10307740109044	1.60515359992679	3419
-0.0433088550302301	0.512659458057214	4499
-0.04231614567118	0.509240283014783	1570
-0.0400276730549101	0.502827444432226	89
0.10187601291569	0.923616458037101	2890
-0.0433088550302301	0.512659458057214	809
-0.04231614567118	0.509240283014783	809
-0.04271666682449	1.2248163146612	2520
-0.04231614567118	0.509240283014783	833
-0.04779710926559	1.27070551376775	3419
-0.04231614567118	0.509240283014783	4499
-0.0433088550302301	0.512659458057214	89
-0.10598158020498	1.56966704463341	1019
-0.05114573477712	1.24391026712817	3419
-0.10437098407384	1.59345084885118	79
-0.04231614567118	0.509240283014783	4499
-0.0433088550302301	0.512659458057214	89
-0.10625786884832	1.62809049230691	3419
-0.04231614567118	0.509240283014783	79
-0.0400276730549101	0.502827444432226	89
0.0491214258702599	2.48022660532124	166
-0.11537339792021	1.571533543825	646
0.0963934100377699	0.96268971713634	381
-0.0332863251090301	2.22437355652161	89
-0.04231614567118	0.509240283014783	509
0.09392073023333	0.950417569330781	5928
0.10684865007886	0.891671625042323	144
-0.0375562994046601	2.21330462886624	1116
-0.04231614567118	0.509240283014783	817
-0.0433088550302301	0.512659458057214	6591
-0.0433088550302301	0.512659458057214	6707
-0.0400276730549101	0.502827444432226	5928
-0.0433088550302301	0.512659458057214	172
-0.04231614567118	0.509240283014783	223
-0.05664173988875	1.21360238992352	1374
0.0985293946240402	0.957334513714727	765
-0.0433088550302301	0.512659458057214	60
0.0941860869489299	0.935565957793181	44
0.09422112482806	0.957037987058875	44
-0.0433088550302301	0.512659458057214	44
-0.0537916418964799	1.22698970432745	164
-0.04231614567118	0.509240283014783	6591
0.10411137013257	0.912605648541002	509
-0.0433088550302301	0.512659458057214	509
-0.0433088550302301	0.512659458057214	2331
0.09696222324059	0.945873879640524	2146
-0.0507440660823999	1.23823936353665	223
0.11203958227341	1.54601282187751	6738
-0.05578947649783	1.20424660366195	381
-0.0433088550302301	0.512659458057214	1477
-0.0410274428587001	1.16966690910638	1881
0.11853923271254	1.41610934484042	172
-0.0360462965666299	2.24583351844459	223
-0.11503844483906	1.55245010485672	1881
-0.11598916925688	1.53206252166026	854
-0.0433088550302301	0.512659458057214	99
0.10024276941631	0.968527174514026	1144
0.11274108038006	1.48595463299932	166
-0.0449452302025	1.2457060919698	1477
0.09422112482806	0.957037987058875	172
0.0941860869489299	0.935565957793181	1881
0.0974435032230501	0.97111891999974	2146
-0.0336596822184501	2.02662955833176	223
-0.0433088550302301	0.512659458057214	1477
-0.04231614567118	0.509240283014783	2595
0.0991498051348101	0.977847917859047	89
0.00846258825982016	1.52862103071501	223
0.0974435032230501	0.97111891999974	1466
-0.0433088550302301	0.512659458057214	1477
-0.0400276730549101	0.502827444432226	89
-0.0433088550302301	0.512659458057214	89
-0.04231614567118	0.509240283014783	3065
0.11071586033378	1.45228330879437	580
0.0133844812296502	1.89128079419759	44
-0.0433088550302301	0.512659458057214	44
0.11587551979315	1.46795982421106	854
0.0963581162796299	0.973998300634346	1184
0.11274108038006	1.48595463299932	79
-0.0433088550302301	0.512659458057214	3065
0.0980109147754602	0.953940115496525	91
0.0974435032230501	0.97111891999974	172
-0.04231614567118	0.509240283014783	89
-0.0433088550302301	0.512659458057214	6827
-0.04610959921561	1.22818117386364	91
-0.0556975908613799	1.23159813757765	264
-0.05548794271404	1.23672717225912	2669
0.0974435032230501	0.97111891999974	91
-0.0433088550302301	0.512659458057214	264
-0.0433088550302301	0.512659458057214	99
-0.11320840708053	1.59828702962977	172
-0.03373735401707	1.96067266010028	25
0.0900716723534298	0.935054053031498	1155
-0.06073089357221	1.17389244890111	197
0.10970295240444	0.820006545803421	737
-0.0312255410061399	2.25093304557278	172
0.10580682486426	0.884904138446584	264
-0.0433088550302301	0.512659458057214	737
-0.04231614567118	0.509240283014783	737
-0.04231614567118	0.509240283014783	737
0.10736081025068	1.4696993631437	646
0.0980562880981402	0.973310753898062	575
0.00585904494917999	1.75627726069238	4900
-0.04231614567118	0.509240283014783	737
-0.04366979135403	1.22677642884685	4543
-0.0433088550302301	0.512659458057214	3631
-0.0567403090402401	1.19485987651995	99
0.0563493256549199	2.45519310567219	99
-0.0344754740244699	2.13156363141156	172
0.0963581162796299	0.973998300634346	6078
-0.10721091755999	1.6315083916212	4543
-0.0493156906138901	2.01245546742532	99
0.10019721953434	0.986561337015099	1625
0.0056260377218198	1.76484308516008	522
-0.0433088550302301	0.512659458057214	737
-0.0400276730549101	0.502827444432226	842
-0.04231614567118	0.509240283014783	3717
0.09115945513543	0.943087363097328	4085
0.10406259161998	0.943611890064193	842
0.11447813686662	1.45633694236813	575
-0.0433088550302301	0.512659458057214	4085
-0.04231614567118	0.509240283014783	4085
-0.04231614567118	0.509240283014783	44
-0.0433088550302301	0.512659458057214	79
0.11793396631834	1.47889516674767	25
-0.0400276730549101	0.502827444432226	3642
-0.10816295969137	1.62406700552948	264
0.05198917869778	2.4805544895449	79
-0.0433088550302301	0.512659458057214	4085
-0.10944341214713	1.62519003560885	172
-0.04271666682449	1.2248163146612	25
-0.04231614567118	0.509240283014783	737
0.0950086192964701	0.954729376314145	1998
-0.1028047502368	1.5434382648564	412
0.0963934100377699	0.96268971713634	4260
-0.10307740109044	1.60515359992679	47
0.0953074770654201	0.965496584541926	47
0.0963581162796299	0.973998300634346	47
0.0963581162796299	0.973998300634346	842
-0.0485400501139099	1.21524151507398	177
-0.0433088550302301	0.512659458057214	264
-0.11313397488308	1.56416038487145	47
0.10019721953434	0.986561337015099	299
-0.047593196187	1.21826757509565	1410
-0.03709109040682	2.14504279767823	79
-0.0369458348935601	2.2605168885765	177
-0.0518931678824699	1.29145537399551	264
0.12135496005623	2.03557649595497	177
0.11111852859261	1.54382522620976	193
-0.0438844382438	1.17475074877962	193
0.0063404981937798	1.79409362048571	47
-0.10498490155231	1.58763189695978	1183
-0.11101145955563	1.55773285179002	44
0.10128954409288	0.977027276752701	1173
0.10192463335632	0.937567387474487	193
-0.0433088550302301	0.512659458057214	431
-0.0433088550302301	0.512659458057214	2621
0.10019721953434	0.986561337015099	880
0.0974435032230501	0.97111891999974	25
-0.0433088550302301	0.512659458057214	99
0.0950086192964701	0.954729376314145	44
-0.0433088550302301	0.512659458057214	44
-0.0433088550302301	0.512659458057214	332
0.0991498051348101	0.977847917859047	25
-0.11629584050428	1.55795521416074	264
0.0146956082843799	1.86497612453468	264
0.0991498051348101	0.977847917859047	2785
0.00658030054411984	1.80894870922971	2785
-0.04779710926559	1.27070551376775	2785
-0.11436522307718	1.55829480236324	193
0.0991043414499799	0.981940733304083	2625
0.1151769586617	1.52607027104306	332
0.0991043414499799	0.981940733304083	2567
0.0991498051348101	0.977847917859047	25
0.10019721953434	0.986561337015099	25
0.10628213908968	1.39312150076836	264
-0.05408905082592	1.26053510707135	2625
0.10128954409288	0.977027276752701	177
0.11317976228118	1.44868473993954	264
-0.0433088550302301	0.512659458057214	300
-0.0400276730549101	0.502827444432226	2370
-0.0433088550302301	0.512659458057214	177
-0.0433088550302301	0.512659458057214	177
-0.0400276730549101	0.502827444432226	25
-0.0434544231434699	1.17424319955627	5870
0.0963581162796299	0.973998300634346	431
-0.05411418049373	2.43598816854963	431
-0.0400276730549101	0.502827444432226	2370
-0.0433088550302301	0.512659458057214	332
-0.04231614567118	0.509240283014783	25
-0.11247829169629	1.585183279635	25
-0.0526408892263199	1.23357953132502	5234
0.0974435032230501	0.97111891999974	3146
-0.0433088550302301	0.512659458057214	431
0.10301828480208	0.935826155731033	25
-0.05239180492308	1.20960887250915	44
0.10542917166402	1.40963936995934	431
-0.04830785711001	1.23693138192231	172
0.10406259161998	0.943611890064193	25
0.01553610638845	1.87882353517652	25
-0.10246418795103	1.61110095226622	300
-0.0499983384612599	1.29653768955037	332
0.10592010577085	1.39496047632402	94
0.0980562880981402	0.973310753898062	94
0.10019721953434	0.986561337015099	25
0.0963581162796299	0.973998300634346	94
-0.11414577507344	1.50377421632029	106
-0.0433088550302301	0.512659458057214	264
0.0212733017526201	1.75870727198754	47
-0.11118519846799	1.55707830142321	431
-0.0526408892263199	1.23357953132502	332
0.0980562880981402	0.973310753898062	780
-0.04231614567118	0.509240283014783	264
0.0922466785166298	0.940461176647781	193
-0.0400276730549101	0.502827444432226	6294
-0.0433088550302301	0.512659458057214	264
-0.0433088550302301	0.512659458057214	431
-0.0433088550302301	0.512659458057214	264
0.0952723094223802	0.965373308881764	356
0.0963581162796299	0.973998300634346	431
0.0206644817401802	1.80570822019756	25
0.0985293946240402	0.957334513714727	3238
-0.0528420832768499	1.22486480192506	212
0.0985293946240402	0.957334513714727	332
0.10019721953434	0.986561337015099	25
0.1136607852984	1.47814496126981	193
0.09392073023333	0.950417569330781	212
0.10128954409288	0.977027276752701	332
0.11019690553288	1.53010682783932	47
0.09422112482806	0.957037987058875	47
0.0991043414499799	0.981940733304083	6393
0.0980562880981402	0.973310753898062	431
0.0974435032230501	0.97111891999974	2299
-0.0499983384612599	1.29653768955037	6445
0.0180487602634001	1.81208714699199	47
-0.0433088550302301	0.512659458057214	356
-0.0433088550302301	0.512659458057214	431
-0.0433088550302301	0.512659458057214	431
0.0952723094223802	0.965373308881764	106
0.10684865007886	0.891671625042323	1833
-0.0400276730549101	0.502827444432226	106
0.0191313388146201	1.76792779629904	47
0.0952723094223802	0.965373308881764	433
-0.11710316334719	1.47698036359732	356
0.11089995408153	1.47141935881031	212
0.10644242618119	1.45739842825755	3155
0.11182080228073	1.48392665557898	252
-0.0434544231434699	1.17424319955627	3597
0.0117064072354198	1.67868609546679	356
-0.10246418795103	1.61110095226622	433
0.05995535781559	2.41496262364284	3292
0.105523464935	1.43260852465688	409
-0.0550379923861899	1.25891974706269	433
0.1091958344545	1.46408404439273	433
0.0963581162796299	0.973998300634346	106
-0.10498490155231	1.58763189695978	47
-0.0400276730549101	0.502827444432226	3761
-0.04231614567118	0.509240283014783	1390
0.1192343182592	1.48087192770533	6843
-0.05114573477712	1.24391026712817	597
-0.0481736298901501	1.17281084913773	356
-0.04610959921561	1.22818117386364	597
-0.0569385701613201	1.2274382677783	94
-0.0809574906199899	2.46093414938271	264
-0.04231614567118	0.509240283014783	4884
-0.0433088550302301	0.512659458057214	47
-0.0433088550302301	0.512659458057214	2662
-0.11091035450998	1.5560943134683	356
0.0991498051348101	0.977847917859047	194
-0.04231614567118	0.509240283014783	195
0.0963581162796299	0.973998300634346	2657
-0.04779710926559	1.27070551376775	94
-0.04231614567118	0.509240283014783	6291
0.10128954409288	0.977027276752701	195
0.10705920606765	1.49044647144269	5155
-0.0400276730549101	0.502827444432226	194
0.0963581162796299	0.973998300634346	94
-0.0433088550302301	0.512659458057214	2627
-0.0433088550302301	0.512659458057214	47
0.0963934100377699	0.96268971713634	195
0.10890358646946	1.49347824877744	2395
0.0963581162796299	0.973998300634346	194
0.0953074770654201	0.965496584541926	1058
0.0900716723534298	0.935054053031498	106
-0.11598044424229	1.54327765110503	47
-0.0433088550302301	0.512659458057214	1237
-0.05333885030425	1.21561198315623	1779
-0.0547454731524	1.23858823322992	2280
-0.04610959921561	1.22818117386364	3099
-0.0433088550302301	0.512659458057214	1166
0.10536381666621	1.41205012047004	3099
-0.0400276730549101	0.502827444432226	3099
-0.0433088550302301	0.512659458057214	1166
-0.0433088550302301	0.512659458057214	1166
-0.0472230723052101	1.17110310032235	30
-0.0433088550302301	0.512659458057214	94
-0.0400276730549101	0.502827444432226	194
-0.04231614567118	0.509240283014783	94
-0.04231614567118	0.509240283014783	3099
-0.04231614567118	0.509240283014783	1166
-0.10770169501261	1.56958318472421	94
0.10868687114867	1.44070927148341	106
0.10406259161998	0.943611890064193	5101
0.09422112482806	0.957037987058875	94
-0.0433088550302301	0.512659458057214	3099
-0.04231614567118	0.509240283014783	1166
-0.0400276730549101	0.502827444432226	5539
0.12180842904308	1.94112466066503	94
-0.0790443158765299	2.42722096586407	94
-0.11475369201732	1.57732065312422	94
0.02650795510093	1.6993109693897	5384
-0.04231614567118	0.509240283014783	94
-0.0400276730549101	0.502827444432226	5539
0.0991498051348101	0.977847917859047	818
-0.11297228523	1.47372231276651	94
0.0974801656999298	0.949200985630619	94
0.10960800878393	1.43801615178062	94
-0.0400276730549101	0.502827444432226	5539
0.0996204870272899	0.92526495931062	6179
0.10128954409288	0.977027276752701	1058
-0.1065961351373	1.63771562796357	1166
0.10019721953434	0.986561337015099	4507
0.10128954409288	0.977027276752701	2094
0.0963934100377699	0.96268971713634	98
-0.11445039667251	1.57654036784452	1058
0.0953074770654201	0.965496584541926	94
-0.0433088550302301	0.512659458057214	822
0.11447813686662	1.45633694236813	106
0.0980562880981402	0.973310753898062	1835
0.10289702676038	1.36615135609053	106
-0.0433088550302301	0.512659458057214	1058
0.10133517598785	0.938787741724824	2610
-0.0550379923861899	1.25891974706269	106
-0.05695176705547	1.19791889316471	1077
-0.0433088550302301	0.512659458057214	106
-0.0400276730549101	0.502827444432226	1642
0.0963934100377699	0.96268971713634	2664
-0.0528420832768499	1.22486480192506	94
-0.0327342680765399	2.25645478293849	94
-0.0433088550302301	0.512659458057214	94
-0.04925289680268	1.24861269567071	1077
-0.11213985994559	1.55031237523825	94
-0.04231614567118	0.509240283014783	4306
-0.0433088550302301	0.512659458057214	94
-0.0433088550302301	0.512659458057214	8
-0.0433088550302301	0.512659458057214	1077
-0.04231614567118	0.509240283014783	3843
-0.0433088550302301	0.512659458057214	2671
-0.0433088550302301	0.512659458057214	349
-0.04231614567118	0.509240283014783	4306
-0.0433088550302301	0.512659458057214	466
-0.0433088550302301	0.512659458057214	466
0.0966949517438498	0.896243112596895	56
-0.04231614567118	0.509240283014783	2692
-0.0433088550302301	0.512659458057214	4978
-0.0433088550302301	0.512659458057214	2710
0.0963581162796299	0.973998300634346	1077
0.10301828480208	0.935826155731033	466
-0.0433088550302301	0.512659458057214	466
0.09115945513543	0.943087363097328	5224
-0.0433088550302301	0.512659458057214	151
0.0980562880981402	0.973310753898062	2271
-0.04231614567118	0.509240283014783	1077
-0.04231614567118	0.509240283014783	1077
-0.0433088550302301	0.512659458057214	1635
0.0966949517438498	0.896243112596895	2401
-0.0400276730549101	0.502827444432226	2710
0.10128954409288	0.977027276752701	331
-0.04231614567118	0.509240283014783	1077
-0.04231614567118	0.509240283014783	6618
0.0963581162796299	0.973998300634346	1642
-0.0400276730549101	0.502827444432226	151
-0.0433088550302301	0.512659458057214	331
-0.0433088550302301	0.512659458057214	1126
-0.0531410133504	1.253933169308	94
-0.0433088550302301	0.512659458057214	2940
-0.0433088550302301	0.512659458057214	4140
0.0980109147754602	0.953940115496525	1126
-0.05789517411284	1.20378148993613	2271
0.11539850571885	1.45368808939389	2271
-0.04271666682449	1.2248163146612	2271
0.10296958321071	0.945400935306757	56
0.10515503313549	0.919920133187563	1368
-0.0433088550302301	0.512659458057214	8
0.10296958321071	0.945400935306757	5982
0.0146897206252201	1.81295436887063	8
0.06799243939978	2.33941432270631	8
0.0941860869489299	0.935565957793181	106
-0.0433088550302301	0.512659458057214	169
-0.0400276730549101	0.502827444432226	331
-0.04231614567118	0.509240283014783	1696
-0.0433088550302301	0.512659458057214	8
-0.0433088550302301	0.512659458057214	593
0.0952723094223802	0.965373308881764	1642
0.11182080228073	1.48392665557898	151
-0.04231614567118	0.509240283014783	151
0.0963581162796299	0.973998300634346	9
0.0991043414499799	0.981940733304083	331
-0.0400276730549101	0.502827444432226	1788
-0.11290811434724	1.57919738251317	72
0.0974801656999298	0.949200985630619	349
0.10128954409288	0.977027276752701	8
0.10296958321071	0.945400935306757	1257
0.0952723094223802	0.965373308881764	56
0.0931343576221599	0.927821470637367	8
0.11182080228073	1.48392665557898	56
-0.0433088550302301	0.512659458057214	8
-0.03181369038321	2.00017119181974	56
-0.0528419515321601	1.27140524605295	169
0.0174486708110302	1.89387426821917	349
-0.0509452953782701	1.29919931008405	151
-0.0542868007373001	1.21410191463794	127
0.0900716723534298	0.935054053031498	1257
-0.0597847418048201	1.19289306070635	331
-0.03042516874019	2.1483899175986	8
-0.03983978689858	2.08775471045573	4173
0.0953074770654201	0.965496584541926	8
-0.0434544231434699	1.17424319955627	620
0.10024276941631	0.968527174514026	151
0.0195936841430999	1.86306457029525	8
0.0980562880981402	0.973310753898062	331
-0.10407587903098	1.55381581134874	2761
0.11041599029623	1.47191383165455	56
0.0950086192964701	0.954729376314145	127
0.0963581162796299	0.973998300634346	8
-0.0433088550302301	0.512659458057214	106
-0.0433088550302301	0.512659458057214	56
0.09392073023333	0.950417569330781	6242
-0.0400276730549101	0.502827444432226	5569
-0.0433088550302301	0.512659458057214	6242
-0.05453517717034	1.23443245592405	2427
-0.0474379420933599	1.17446231821672	8
-0.0433088550302301	0.512659458057214	583
0.0991498051348101	0.977847917859047	583
-0.11821858321427	1.50751703028259	1126
-0.0509452953782701	1.29919931008405	331
0.11089995408153	1.47141935881031	72
-0.0548395426719099	1.20575062653832	151
0.0206644817401802	1.80570822019756	2427
-0.0507440660823999	1.23823936353665	1126
-0.0518931678824699	1.29145537399551	106
-0.10246418795103	1.61110095226622	938
-0.0509452953782701	1.29919931008405	3391
-0.0433088550302301	0.512659458057214	583
-0.0400276730549101	0.502827444432226	4520
-0.0433088550302301	0.512659458057214	56
0.10296958321071	0.945400935306757	339
-0.0400276730549101	0.502827444432226	3659
-0.0433088550302301	0.512659458057214	331
-0.04231614567118	0.509240283014783	1126
0.10019721953434	0.986561337015099	127
-0.0400276730549101	0.502827444432226	3369
0.0991043414499799	0.981940733304083	106
-0.0433088550302301	0.512659458057214	8
0.10128954409288	0.977027276752701	1482
-0.04231614567118	0.509240283014783	4520
-0.0433088550302301	0.512659458057214	3383
-0.0433088550302301	0.512659458057214	938
-0.0433088550302301	0.512659458057214	938
-0.0400276730549101	0.502827444432226	1126
0.10166009477471	0.866467277120405	1024
0.10301828480208	0.935826155731033	106
-0.0433088550302301	0.512659458057214	938
-0.0528419515321601	1.27140524605295	4520
-0.05114573477712	1.24391026712817	3369
0.0963934100377699	0.96268971713634	2339
0.0991498051348101	0.977847917859047	331
0.10857062720395	1.43480816485757	127
0.02031273504674	1.77350414932807	106
0.0963581162796299	0.973998300634346	56
0.0985293946240402	0.957334513714727	8
0.0977835082237801	0.9165305932953	2463
0.0952723094223802	0.965373308881764	460
0.11263565865001	1.4265609344154	56
-0.0501988575096199	1.2510017412835	72
0.10381235080432	1.36792788835804	72
0.1008304208019	0.916196135505271	319
0.1079816762962	1.49647427193087	841
0.12037635212044	1.38679338240855	319
0.0180369998849299	1.83379477668234	56
-0.0774767660423601	2.49726892782704	339
0.0963934100377699	0.96268971713634	470
0.0164918935335101	1.89240466391942	56
-0.0299196882252599	2.21688649201999	20
-0.0531410133504	1.253933169308	470
0.11225907874865	1.46628109249739	2083
-0.10361700495196	1.49491664563196	841
-0.11392989586546	1.47629511234015	339
0.1192343182592	1.48087192770533	3251
0.10024276941631	0.968527174514026	2451
0.0953074770654201	0.965496584541926	3074
-0.0548395426719099	1.20575062653832	20
0.0952723094223802	0.965373308881764	3331
0.0088474781138701	1.79616232518082	460
0.11403615637435	1.43769440820829	4931
-0.0433088550302301	0.512659458057214	4931
-0.04231614567118	0.509240283014783	742
-0.04231614567118	0.509240283014783	20
-0.0433088550302301	0.512659458057214	3242
0.10192463335632	0.937567387474487	339
-0.0433088550302301	0.512659458057214	339
0.0980109147754602	0.953940115496525	1928
0.0974435032230501	0.97111891999974	339
-0.04231614567118	0.509240283014783	742
-0.0433088550302301	0.512659458057214	3384
-0.04231614567118	0.509240283014783	52
-0.0499983384612599	1.29653768955037	2110
-0.0433088550302301	0.512659458057214	5176
-0.0433088550302301	0.512659458057214	5176
-0.04231614567118	0.509240283014783	1282
0.0963581162796299	0.973998300634346	742
-0.0400276730549101	0.502827444432226	742
-0.04231614567118	0.509240283014783	742
-0.04231614567118	0.509240283014783	4198
-0.04231614567118	0.509240283014783	3384
-0.0433088550302301	0.512659458057214	339
-0.0433088550302301	0.512659458057214	339
-0.0433088550302301	0.512659458057214	1786
-0.0400276730549101	0.502827444432226	460
-0.05239180492308	1.20960887250915	3487
-0.0400276730549101	0.502827444432226	1044
-0.0433088550302301	0.512659458057214	2110
-0.0433088550302301	0.512659458057214	667
-0.0400276730549101	0.502827444432226	1832
-0.0433088550302301	0.512659458057214	1282
-0.0433088550302301	0.512659458057214	1282
-0.0433088550302301	0.512659458057214	742
-0.04231614567118	0.509240283014783	4198
0.0974435032230501	0.97111891999974	20
-0.0433088550302301	0.512659458057214	1103
-0.04231614567118	0.509240283014783	1690
-0.0433088550302301	0.512659458057214	1690
-0.04231614567118	0.509240283014783	339
-0.0433088550302301	0.512659458057214	4775
-0.04231614567118	0.509240283014783	4775
-0.0400276730549101	0.502827444432226	339
-0.0433088550302301	0.512659458057214	460
-0.04231614567118	0.509240283014783	1044
-0.0433088550302301	0.512659458057214	2110
-0.0433088550302301	0.512659458057214	52
-0.0433088550302301	0.512659458057214	52
-0.04231614567118	0.509240283014783	20
-0.0433088550302301	0.512659458057214	5425
-0.0433088550302301	0.512659458057214	5425
-0.0433088550302301	0.512659458057214	5425
-0.04231614567118	0.509240283014783	5425
-0.0433088550302301	0.512659458057214	5617
-0.04231614567118	0.509240283014783	3242
-0.0400276730549101	0.502827444432226	6661
-0.0400276730549101	0.502827444432226	1690
-0.04231614567118	0.509240283014783	1690
-0.0433088550302301	0.512659458057214	339
-0.04231614567118	0.509240283014783	339
-0.0433088550302301	0.512659458057214	339
-0.0433088550302301	0.512659458057214	555
-0.0433088550302301	0.512659458057214	3179
-0.0400276730549101	0.502827444432226	5176
-0.04231614567118	0.509240283014783	667
-0.04231614567118	0.509240283014783	1282
-0.0433088550302301	0.512659458057214	1282
-0.0400276730549101	0.502827444432226	1282
-0.04231614567118	0.509240283014783	20
-0.0433088550302301	0.512659458057214	5425
-0.0433088550302301	0.512659458057214	4775
-0.04231614567118	0.509240283014783	555
0.0980562880981402	0.973310753898062	732
-0.1150556639855	1.50210770819769	1832
0.10736081025068	1.4696993631437	732
-0.0433088550302301	0.512659458057214	339
0.09422112482806	0.957037987058875	555
0.0963581162796299	0.973998300634346	1688
0.10979818481521	1.44392520535619	732
-0.0400276730549101	0.502827444432226	667
0.0977835082237801	0.9165305932953	470
0.10128954409288	0.977027276752701	732
0.0953074770654201	0.965496584541926	52
-0.04231614567118	0.509240283014783	339
0.0963581162796299	0.973998300634346	3214
0.0953074770654201	0.965496584541926	202
0.0960959355723099	0.945940416978531	732
-0.0433088550302301	0.512659458057214	909
-0.04231614567118	0.509240283014783	3057
0.0953074770654201	0.965496584541926	3143
0.10515503313549	0.919920133187563	555
0.0985293946240402	0.957334513714727	189
0.0963581162796299	0.973998300634346	3201
0.10019721953434	0.986561337015099	456
0.10482223478259	1.43059472785817	555
0.0180487602634001	1.81208714699199	1076
0.10927471616682	1.50243035940481	20
0.10887992019926	1.42258224661143	555
0.11355718680665	1.44796219098114	555
-0.11072970930537	1.63832903781487	446
0.11457991394691	1.46020651877101	1682
-0.0550379923861899	1.25891974706269	29
-0.0307640921547701	2.18295811756882	555
0.0963934100377699	0.96268971713634	5879
0.10128954409288	0.977027276752701	29
0.11203958227341	1.54601282187751	555
0.10736081025068	1.4696993631437	555
0.0900716723534298	0.935054053031498	446
0.0991043414499799	0.981940733304083	29
0.0168191524674199	1.65598735573778	1682
0.09392073023333	0.950417569330781	446
0.10128954409288	0.977027276752701	29
0.0963934100377699	0.96268971713634	29
-0.000678705017590042	2.46756963230097	3135
-0.04231614567118	0.509240283014783	3135
-0.0433088550302301	0.512659458057214	29
-0.0550379923861899	1.25891974706269	20
-0.0400276730549101	0.502827444432226	1470
-0.04231614567118	0.509240283014783	1840
-0.0433088550302301	0.512659458057214	1840
0.0137386205344701	1.87969409088765	5680
-0.0550379923861899	1.25891974706269	5680
0.0201929124470501	1.78447185114027	555
-0.10693292110705	1.562840043765	456
-0.0509452953782701	1.29919931008405	773
0.10187601291569	0.923616458037101	1245
0.1079816762962	1.49647427193087	773
-0.1065961351373	1.63771562796357	72
-0.0444083402080899	1.17596224847882	313
0.11111852859261	1.54382522620976	234
-0.0515677033639901	1.21348737164274	20
-0.04589860777257	1.26601505452128	313
-0.04663933965253	1.21114192894038	776
0.11041599029623	1.47191383165455	313
0.0941860869489299	0.935565957793181	1638
0.0980562880981402	0.973310753898062	234
0.0991043414499799	0.981940733304083	555
0.0953074770654201	0.965496584541926	1638
-0.0586416410521	1.20200779633868	2510
0.0160320775685099	1.77732578916367	1638
-0.11503844483906	1.55245010485672	4961
-0.10977924108065	1.63970943340912	313
0.0974435032230501	0.97111891999974	1601
0.10635297084414	1.42393527907671	1601
0.0087146958865798	1.81492325601429	313
0.10019721953434	0.986561337015099	196
-0.04231614567118	0.509240283014783	686
-0.04589860777257	1.26601505452128	1568
-0.0433088550302301	0.512659458057214	1601
-0.04231614567118	0.509240283014783	196
-0.0433088550302301	0.512659458057214	393
0.0963581162796299	0.973998300634346	2286
-0.04231614567118	0.509240283014783	313
0.10187601291569	0.923616458037101	995
0.09422112482806	0.957037987058875	995
-0.0400276730549101	0.502827444432226	196
-0.04231614567118	0.509240283014783	686
0.10927471616682	1.50243035940481	686
-0.10721091755999	1.6315083916212	196
0.11831564934475	1.47694310312698	563
0.0139861207193501	1.80946601966922	196
-0.0419792077949299	1.1832728646214	686
0.0545847042948999	2.24296180240492	2658
-0.0433088550302301	0.512659458057214	196
0.10024276941631	0.968527174514026	313
0.0104072605285599	1.85693253958442	563
-0.03735186152376	2.17965064536486	1171
0.1186620974494	1.36238212849245	1312
0.01529677319812	1.8720576806456	368
-0.11134605366579	1.63207775184231	1171
-0.0559878336286099	1.24852460803015	368
-0.05294238878584	1.18641558298297	368
0.0199524724537601	1.86463978826407	797
