x	y
0.672453609813147	0.324018983808845
2.34064468919864	1.23524906704002
1.24161299766719	0.872450793127639
1.10203397594895	0.954514066298133
0.958793110086169	1.17094829556803
0.539871216940685	0.576832989510512
0.37151530494345	0.301634315139645
0.574514080595641	0.53254923741863
0.273301058899123	0.269753801455895
1.11138840330343	1.10759299036333
0.151853765778725	0.0947599661598564
0.526746078345882	0.592838470144796
0.298756009064168	0.186404446019257
0.522876197969785	0.529414028708504
0.155303079148568	0.129170930293536
0.824064757123774	0.713138813775102
0.268471079323658	0.212176811618421
0.297353535282612	0.300512264548661
0.376612365663375	0.312855792604336
-0.0375964375677698	0.0299495861557825
0.110531362520237	0.0964710623770405
0.216133008084473	0.218735916350608
0.482274040491802	0.43037307333598
0.436020625526273	0.417310483304716
0.152459281858079	0.0886653552568222
0.466671547916227	0.308401176282317
-0.247679782512125	0.162867491760329
-0.403240404925469	0.174399730274336
0.15045336866841	0.0380860428865526
0.133531957015024	0.0534075230038584
0.652744579969079	0.217901190867539
0.431624531187394	0.18031244099903
0.480329138549198	0.263028517379418
0.767404144461901	0.79578378648257
1.266163101402	0.722145016404697
0.706689471604909	0.454540877754028
-1.5040815609104	0.788167237220455
0.68131513784154	0.332430593054783
1.31029311715378	0.592350106122282
-2.58111733796692	0.714610945265779
0.145604005884882	0.0376220306325241
0.14278047506627	0.0286976566342611
1.09403635430612	0.819163397831424
-0.204847223675199	0.111950858752725
0.332234791406252	0.184566015768962
0.970096535758245	0.650905060884311
1.12626492164094	1.28809649872154
0.698490659706845	0.443145059498468
-0.360560346528662	0.110506092787366
0.428834112381466	0.17901227987813
1.43440976802254	0.482086560282311
0.151714458282224	0.0388912867750066
-0.110766333180403	0.04553007265409
-0.0512571274417225	0.0236665950543062
0.305800881088512	0.183513861455341
0.139905064110544	0.0606506100763851
0.134840029888424	0.0647191419916961
2.72634721941557	1.63887103506821
-0.551231303832562	0.46098210869637
0.306892245573739	0.182008962362836
-0.889070416009789	0.904604411893255
1.00669873354213	1.27304598332302
2.09635811627963	0.973998300634346
0.89326753949579	0.493913372997139
1.34908100783434	1.16160129014443
1.05792278390643	1.20312054755824
0.167875393061457	0.123287729867333
0.633608891384953	0.564379423230652
0.818878854921657	0.846109869662317
-0.0208221709610469	0.0142178922450621
0.419223482165994	0.309297780891561
1.01567847751545	0.384743844685632
1.01925597811256	0.409912776295729
0.151592021674215	0.0391867731421967
0.141047945044004	0.0597096120603782
1.05449139144083	0.484805295918833
1.4326608743047	0.830613701755689
0.146258370888257	0.0826516043955411
0.58999869877548	0.548207829959392
0.000564936362543908	0.000160010042845596
0.616408812092246	0.525199544771004
-0.0281291203924595	0.0132805203734979
1.10905695335599	1.00180497602174
1.05257611223843	0.521964256157144
0.385850742955159	0.17909991202721
2.02962581854546	1.76155079202826
-0.0678680006091343	0.0304665276410307
-1.75670434914433	1.93189990370714
0.288190640574623	0.194111251816845
0.149036541392576	0.0907071752355071
0.898270532606643	0.473452793244172
0.556121257315161	0.414733386240925
-0.0968777030951499	0.0580308788299027
0.522466410562179	0.442553291720967
0.148665116703594	0.0844499038448746
0.679733676934396	0.323371269787082
0.15050800286489	0.0783096496504248
-0.959361318507887	0.581504175006857
0.0459023840092468	0.0297294114696758
0.69398878686425	0.455031058771588
0.148699294646265	0.0983032333065717
0.00642686239075	0.00356847174506999
0.28075456828498	0.205904980187048
0.89049493931246	0.745833321396152
1.76419069082399	1.72568294471611
0.492036861876703	0.281965871613803
1.24729680688767	0.815567069889641
0.290810150173927	0.183030097023436
0.435086101121379	0.31892929279771
0.037074800056325	0.0217654380316942
1.22052831099133	1.20460173231081
1.8128782115639	0.701176308953298
0.805365788812533	0.350514400538285
0.936593763299916	0.259936987760241
0.509454416060186	0.192400711673136
0.493235660686116	0.312899587130119
0.65386975066687	0.211165281035671
1.43931562759637	0.470390640612341
1.44162504512885	0.901498517822088
-0.0924238075962709	0.0869845952726503
-0.164578856553714	0.178040239707676
0.889421909419146	0.498483127747015
2.752067120414	0.822295230137003
1.06642013910019	0.636748905530611
-1.14570986018397	0.345493804480113
0.149437344912318	0.0387143285458533
1.44324365428638	0.480074557541369
0.147298535161635	0.0299064650853773
0.172427322164111	0.174726805660715
0.144088172337952	0.0690968585792027
0.653820669882355	0.212563455486324
1.4467787355318	0.945933692594188
-0.638053781472973	0.159413989769262
0.149353573311438	0.037500046284611
0.425516076320697	0.171424260428382
0.936593763299916	0.259936987760241
1.94324625476263	1.18276016175724
-0.174955409559313	0.124345895638393
0.335905609982673	0.305438500332241
0.938593829640437	0.25299923568342
2.33464849862155	1.1852393876592
1.52922228956996	1.25101352315699
-0.639151761544215	0.160758461567798
1.02691830817808	0.387716824616512
0.656440753924413	0.213319986430999
0.655364036119464	0.218674474525788
1.440502280487	0.494214957169554
-0.747450320790416	0.266309992258053
-0.6594470627918	0.395342061147261
0.296717401365268	0.18729544508137
0.899269769492164	1.00601876021371
0.153140398923083	0.117739330249249
1.44312568398976	0.495883856806621
0.655364036119464	0.218674474525788
0.655313317434002	0.208900116150514
0.150575043964835	0.0398742802241122
1.44164275533923	0.477525655657704
0.659073504442281	0.202609734418251
1.04714518879968	0.529134070077552
1.80497011159784	0.71606070609252
-0.165166145859825	0.0927114886875483
0.140257143383385	0.0435197137411983
-0.638053781472973	0.159413989769262
0.143823190554174	0.0286863588662954
0.149942409522206	0.0296695603684523
0.150575043964835	0.0398742802241122
1.95669114496977	0.512659458057214
-0.361632557745294	0.110435934225015
-0.812065017112513	0.532778394029792
0.278772103461896	0.180411403312953
0.637578857489859	0.460763949532543
0.82330808425593	1.12209882858392
0.314054767576954	0.304434740350925
0.0535812375148399	0.0423969705684469
0.807663410807881	0.342624664734704
0.144013731109022	0.0446680190904957
0.147298535161635	0.0299064650853773
1.95768385432882	0.509240283014783
0.941110931973215	0.255363319569636
-1.79885352006505	0.441851175328772
2.74993176721948	0.830491289829378
-1.79827108630004	0.44343860950155
0.147571338722617	0.0296534813215984
0.941110931973215	0.255363319569636
0.149942409522206	0.0296695603684523
0.152732391175414	0.0382714049770349
0.431624531187394	0.18031244099903
-0.638954644635542	0.163590857835517
0.290091187956691	0.187482284941334
0.400265468765187	0.38797312752885
0.363284893275469	0.38320261821598
0.146743461706139	0.0367625362299428
-0.0783378300613387	0.0349270099663494
1.39848037923696	1.70559101046983
-0.44441230234138	0.379481174067982
-0.485086690113187	0.460729897963174
0.170542779456285	0.132730163515262
0.48220675110798	0.572399146039771
0.937499190632754	0.261653783809326
0.148340847278699	0.0298858287200156
1.95768385432882	0.509240283014783
0.147298535161635	0.0299064650853773
0.155347612608017	0.0390265755881082
1.95669114496977	0.512659458057214
0.93640634666493	0.254775499038721
-0.636440752837538	0.160851189766091
0.60239807867583	0.308264085277956
-1.15428849861567	0.360128618139807
0.652333681470525	0.206018053908605
0.14278047506627	0.0286976566342611
0.240861164452396	0.211469367817958
0.615799864536585	0.810792777905827
0.648588432898613	0.209676886912635
-0.640288352849143	0.157443795432995
0.808120594371091	0.349800520545598
-0.412576772289168	0.29590564826597
-1.20572272128393	1.22736283684367
-0.244080493549073	0.216209548727355
0.0629485677766601	0.0424678854330053
1.02165219981184	0.380192585063399
0.434284375342241	0.175914099078071
0.150715901937816	0.0298994530276061
0.935501999577219	0.253169576056372
0.153182251472494	0.0394690006724594
1.440502280487	0.494214957169554
1.55823731537979	0.833067250464455
1.02411493668956	0.399362526920863
1.440502280487	0.494214957169554
0.937499190632754	0.261653783809326
1.44588069545663	0.464483475976238
-0.638053781472973	0.159413989769262
0.65386975066687	0.211165281035671
0.42170580830932	0.159052942840698
0.937687320607838	0.251423109778556
0.141592900448808	0.103573108418143
0.221685591240571	0.233771756520427
1.28187497651096	1.68943952918709
0.269954079605203	0.205475019926339
0.147298535161635	0.0299064650853773
-0.744220132311695	0.256870777462759
0.277185753813107	0.181308224494219
-0.116014738046794	0.0984117540221811
0.372429462805839	0.391969329643878
0.154660015988749	0.117969629393114
0.147298535161635	0.0299064650853773
-0.236896873441439	0.0763227255443698
0.510512288893379	0.190903082327193
1.02202619896858	0.395192872961951
0.528208638876087	0.299604098234394
0.151714458282224	0.0388912867750066
1.95669114496977	0.512659458057214
0.137032484376872	0.0406156069033161
0.147571338722617	0.0296534813215984
-0.636440752837538	0.160851189766091
0.149557277841831	0.0384747021438069
0.146530154194694	0.0296723933695664
-0.640051550461191	0.165024385486426
0.147298535161635	0.0299064650853773
1.44312568398976	0.495883856806621
2.75347120204764	0.832342619102868
0.65649188754849	0.213828185787937
0.651620019017489	0.218540697202247
-2.57959143539798	0.718828611548918
-0.118254644486233	0.0469787455854704
0.652744579969079	0.217901190867539
0.147298535161635	0.0299064650853773
0.144466272087169	0.0365666001718038
1.95997232694509	0.502827444432226
1.43947956386862	0.490388133177384
0.299658216161165	0.281594060113487
0.52115632120428	0.414717152479957
0.574229755006478	0.622534543505626
0.720827465298239	0.66177093542598
0.650083594088129	0.20608635616193
0.654286518193954	0.210964669687804
0.51139490014706	0.188536326586076
0.250586326411045	0.17953114882132
0.764023221497327	0.676660696417137
-0.181679437836978	0.124811125932043
0.157098223007378	0.129007568480486
-0.163450720813566	0.0618388623357549
0.653159476393	0.206648640945405
0.150575043964835	0.0398742802241122
-0.78475737674559	0.352205155272212
0.499266161873232	0.176295728010356
0.936593763299916	0.259936987760241
0.936593763299916	0.259936987760241
0.937499190632754	0.261653783809326
0.140212750873762	0.0438266964952015
0.145054840241155	0.0438901419175188
0.133313584650352	0.0469867759264736
-0.364244707706295	0.105425905599443
-0.643902881320565	0.161368815571743
0.935246138970806	0.248912106101082
-0.360560346528662	0.110506092787366
0.936593763299916	0.259936987760241
-1.14570986018397	0.345493804480113
1.44025266018788	0.888174408544622
1.80645861802765	0.7291787063689
1.80758447803752	0.721280060796327
0.151592021674215	0.0391867731421967
-0.362761418010383	0.108072109203298
0.380710324718001	0.175302401599203
0.82589902519186	0.736011831921768
0.233320286505678	0.210470905944905
0.0289537574576846	0.0163837386341566
-0.0784290440481432	0.049163035996855
0.824802536883464	0.860049390574042
0.308314540613621	0.190066283346942
-0.820042682124936	0.709892043571166
1.42143286021339	1.60434844618062
-0.253655224807827	0.132381862831199
1.01921861300587	0.396644684199019
1.95669114496977	0.512659458057214
-1.15664182843234	0.336462120159147
0.130305280799408	0.0611126315498379
-0.237163994206977	0.183359523014657
0.384340676660572	0.396532740494546
0.543249224421104	0.537049172369604
1.80533336069978	0.726003060724617
0.649002560229026	0.205521089858597
0.149942409522206	0.0296695603684523
0.143823190554174	0.0286863588662954
2.09639341003777	0.96268971713634
0.145054840241155	0.0438901419175188
0.505376343959059	0.189291473365939
-0.79021776225098	0.3568651355299
1.2333758830483	1.01885681329405
0.651620019017489	0.218540697202247
1.44198232062639	0.484943359002049
-0.738402569515017	0.262612241597063
0.146530154194694	0.0296723933695664
-0.365786309699024	0.111027187131026
0.937499190632754	0.261653783809326
0.148340847278699	0.0298858287200156
-0.166323084199208	0.0624224519468323
0.939102233359381	0.253860909335715
1.25511405992928	0.69090002216808
2.42227260699295	2.82982128541101
0.698273017918098	0.452819023342706
0.505461694858685	0.183334043835953
1.31542650623628	0.612599401820178
0.134340411746671	0.0469180955319092
1.07123756626896	0.648414570523342
-0.924419511045473	0.752954386133826
0.292626341628217	0.202538260093904
0.429112228814367	0.179907504454431
-0.909974550448609	0.73629799731487
1.64641338161387	1.53891921840027
-1.19194677197718	1.08988591470424
0.515303460253109	0.41178293544699
1.117695539855	0.942808375325317
0.432943824417258	0.183111816316685
0.138256897045276	0.0489434757541236
0.525085953146052	0.257800723176097
-0.691999297836468	0.487110371513073
0.160509878354376	0.123713787964964
0.0591900867693462	0.0373359746937653
0.151908041479868	0.0974802726984417
0.378663378355189	0.313317240322724
1.22066142507638	1.18884736476962
1.30324237957776	0.540393679488276
-0.253659416385327	0.127629307181453
0.158458584322663	0.0984793306529089
-0.470506689981666	0.310887621399025
0.491493682564893	0.294033984682901
0.135476444646195	0.069545511202276
-0.24177445301126	0.0824405666747071
0.804208982721108	0.356831466117133
-0.617118662855393	0.304798852350109
-0.358359045617402	0.103670335208107
-0.999504315887597	0.526867747572164
0.686158610268176	0.316983897990966
0.150352558804264	0.0833522533821892
0.535249337986891	0.309699230554119
0.526571922975093	0.445676891237703
0.0297907428976123	0.0184185841025437
0.526490293899205	0.302515131862235
-1.46285885315565	1.31244018909752
0.944346490486973	0.64275798640595
0.130232203016104	0.0459791364778521
0.83527319594826	0.72963320503384
0.350579495935047	0.171704340101328
-0.0553832811626751	0.036496605951349
-1.11599051391957	1.07995112052451
0.594248627995953	0.321737609882008
-0.117322077606401	0.046124887363523
0.778644229096488	0.436804590228898
0.780074120675383	0.616259035482619
0.150025257803302	0.0922180689433988
0.150891795812297	0.0977953926362503
-0.209487698956236	0.145824913620738
-0.806742145430216	0.775517196743244
-1.05439368452015	1.21773636419081
0.138171577950211	0.0682199866426152
0.642815612989322	0.439307707160142
0.430634616284559	0.180338254051688
0.52881805308123	0.292513883348183
-0.248848675775935	0.0805720431755298
0.451195622998563	0.27614792247651
0.31467904720897	0.189767697269956
0.134117758277232	0.0632780576756873
0.413192915525965	0.309777033624286
1.04497284578664	0.523316633561255
0.6448017964312	0.455486642594655
1.08699533416217	0.827575114359369
0.343564793164149	0.173378365377904
0.424167265657531	0.175208193744746
0.676999880107791	0.327675993957551
0.375695833378333	0.172323298773828
0.805229425731261	0.356296725909699
0.434736934993215	0.183785272890631
0.133741040374324	0.0522778038599207
0.51148169824987	0.191918737086312
0.133870060884651	0.064149319599466
-0.565530135233299	0.352062292796399
0.667457259378609	0.58227334579609
0.484180268222163	0.285055623169733
0.936238361762832	0.612463016900294
0.302673931812763	0.177299173455318
0.974525615210357	0.73259506814383
-1.23866185421557	0.928338671745384
1.22648787672093	1.0372956124035
0.338482140676396	0.164162626533282
1.11091735199117	0.988496939678341
0.884976311735491	0.480647489104549
0.383286698881803	0.179953863715965
0.779644870860812	0.471374698924353
-0.0806028399450206	0.0339606345179197
-0.0777042333053343	0.0348073844312835
-0.991316092750183	1.00441403623051
-0.917810976007139	0.735597069579182
-0.800634260168066	0.579361503439322
-0.25054168344711	0.128370130086931
0.32053061167584	0.174368203874437
0.268859590978076	0.207226388640903
0.529877872840651	0.429295626366461
0.457976598877999	0.301283012564557
0.51148169824987	0.191918737086312
1.05610410519698	0.525928462584778
0.51253741005963	0.186594062854345
0.658048358800995	0.20094318127586
0.145724331731339	0.0427371773010072
0.150575043964835	0.0398742802241122
1.44400276989082	0.927282037201194
0.146539827836216	0.0701831330820019
0.950534665620848	0.626246278847583
-0.11894728601317	0.0474239942640318
-0.167502511317909	0.0629544677645849
1.01925597811256	0.409912776295729
0.798777708930422	0.332153901320636
-0.642804526520728	0.160022734032778
-0.046169475019599	0.0220720051957854
-0.475554000835208	0.324603831144848
-0.281860231321217	0.212872204886743
1.00942392728615	0.936113337348361
0.141200331535112	0.0655466662526571
0.124301055823349	0.0453462505943902
1.38750721469108	1.04671588007759
0.14436465891382	0.0783930864404833
0.905786690359372	0.771122543912271
0.155104970394852	0.0962143016421881
0.531545986348389	0.316526573448826
0.774609873720298	0.472788699392294
0.497355436965919	0.313184258814953
0.143428950207078	0.0698574269952379
0.123922879114406	0.0469359051894302
0.884744918509056	0.494235427354826
1.31340633790752	0.593211047439799
0.504324074413475	0.188223232242347
0.140212750873762	0.0438266964952015
0.142199814300237	0.0712100901893957
0.518521443672598	0.412309849278859
0.633876480151568	0.552564613805958
-0.0518280038782382	0.0347666633656891
-1.02711020220964	0.925841647477115
-0.00743871129165563	0.00387443340380369
0.320777648737823	0.189547276394349
0.325359305262895	0.177010442489495
0.719307702898516	0.593187174803686
0.43213937703087	0.181112679710119
-0.111946542412961	0.0457055581230623
0.143965325031614	0.0428435558990404
0.652695912520095	0.213141993776578
1.26396450056767	0.73544006362145
1.01817089453684	0.40792140673669
0.132128287357648	0.0452941160400624
0.644822590106456	0.194836137264249
1.39631738267913	1.01729937490115
1.80753895631949	0.735539281495884
0.509367090253274	0.19233555776527
0.146150404782043	0.0433002566394764
0.132451920953857	0.0466455087584858
0.141256822258265	0.0430610911785714
0.659073504442281	0.202609734418251
2.5425642753575	1.43262647135207
0.48827196581461	0.296393520023351
0.320308559323828	0.306828891955293
1.06453322539726	1.31368753918983
0.380600174084979	0.174295485206965
0.672453609813147	0.324018983808845
0.805416979594555	0.345530682544036
0.134365677383912	0.0472680043000072
0.508277505215067	0.190440568256192
0.684468458685776	0.326033182424658
1.02030315476189	0.398507228508527
0.304116992275993	0.195859619031652
0.770170232363128	0.457534538017467
0.537481763084491	0.530420508540077
0.138813041774566	0.0550785277028061
-0.236821861803662	0.079016271497548
0.140212750873762	0.0438266964952015
0.774609873720298	0.472788699392294
0.440251278803042	0.313846566214398
0.586117536366815	0.30817715652907
-0.163904141540866	0.0917685981842266
0.158002281704145	0.0934286553426383
0.588115470111417	0.301902305138382
0.140490774653241	0.0541709345401764
0.462326604180356	0.313211821466211
0.378847012350479	0.176755527607226
1.38258334217412	1.80014391065858
0.431790176363656	0.401929929820025
-0.158523107258209	0.113006632567256
0.0332163080706661	0.0187916427909046
-0.805796022470661	0.702897987976429
0.305800881088512	0.183513861455341
1.30537550987805	0.583784270938947
0.508277505215067	0.190440568256192
0.350553624247295	0.181129869893444
0.881913461943408	0.469414543682411
-0.0136167162933119	0.00709972965129885
0.147298535161635	0.0299064650853773
0.937687320607838	0.251423109778556
1.44312568398976	0.495883856806621
3.25672996392535	1.15521398786873
0.652695912520095	0.213141993776578
0.154326265881988	0.0396696710594312
0.138748538860164	0.0412636913412312
1.95997232694509	0.502827444432226
0.659073504442281	0.202609734418251
0.652695912520095	0.213141993776578
0.351784147310963	0.177929569302822
0.524304616696752	0.586944427554354
0.594313485464048	0.637875578056946
1.70523997655952	2.80438363716391
0.776481794492656	0.475439859337618
1.3203656737955	0.541521287348341
0.13111018813129	0.0453433983797193
0.151714458282224	0.0388912867750066
0.941110931973215	0.255363319569636
0.146197123095659	0.0287159079027214
-0.365786309699024	0.111027187131026
0.481037462902783	0.275075439632437
-1.29139750625757	0.600874901455278
-0.957091530421409	1.07378012365149
0.32108402093292	0.178404648094719
-1.04329396383084	0.427873668991277
0.43081723961695	0.180762559764109
0.811187408298715	0.340044938561623
0.982375814313012	0.809251301307448
0.720282185571337	0.57936619344501
-0.993164199948441	0.515283271365812
-1.35061660964122	0.825565252938898
-0.0704177480170187	0.03062571843704
1.02093296171078	0.395881039160233
1.43936351386259	0.496241204441374
0.147571338722617	0.0296534813215984
0.513322666607543	0.19461455271516
1.04380508448162	0.504668086536122
0.35685633593274	0.168579621687892
0.63799747294653	0.845897979591355
0.473274890413495	0.483856992172073
0.348675855314603	0.177914996610116
0.780659977683593	0.466220049402234
1.95768385432882	0.509240283014783
-0.639856157010912	0.158868155145205
0.145491028290931	0.036825262301477
0.425516076320697	0.171424260428382
-0.413152159970655	0.17843811455991
-0.640051550461191	0.165024385486426
0.940011504003477	0.255477646254495
-0.537495307858972	0.209701019088875
-0.0783508010396627	0.0342855224785365
0.652744579969079	0.217901190867539
0.14278047506627	0.0286976566342611
-0.360618173117269	0.105206136413076
0.147298535161635	0.0299064650853773
1.43822645060161	0.4814693304651
1.44312568398976	0.495883856806621
0.153182251472494	0.0394690006724594
0.936593763299916	0.259936987760241
2.43317379235385	2.75402410028032
0.280771769887288	0.271956508040228
0.609408187658	0.786872943712437
0.422696209775209	0.1583772760529
1.01817089453684	0.40792140673669
0.50742335282214	0.18501539133022
0.65649188754849	0.213828185787937
0.15045336866841	0.0380860428865526
1.02311888714091	0.385139112001359
0.935501999577219	0.253169576056372
0.147571338722617	0.0296534813215984
0.936593763299916	0.259936987760241
0.147298535161635	0.0299064650853773
-0.52831902821658	0.198441963588645
-0.520407042836864	0.396697836390276
-1.1554350298159	0.363497790570843
0.651208335193809	0.210404403371198
0.147298535161635	0.0299064650853773
0.650083594088129	0.20608635616193
1.07977339872755	0.605132836354495
1.23722298731589	0.874242019353507
-0.148424886932978	0.107756079349719
0.140168353562376	0.0417587511082613
0.146821848719159	0.0430484800152876
1.44312568398976	0.495883856806621
-0.242831203844467	0.0831146567067306
1.31825134024419	0.57610225589685
-0.116730129239035	0.0469345910003393
-1.84004584507334	0.776729715601015
-1.00329329124042	0.510726010383714
-0.640051550461191	0.165024385486426
0.64220560670624	0.19836420940896
0.148340847278699	0.0298858287200156
-0.639151761544215	0.160758461567798
2.25747511173929	1.69999922201295
1.19386648603299	1.91827039934983
-0.511042785326418	0.527558040254134
-0.0230739680262196	0.0113040930259277
2.09500861929647	0.954729376314145
1.04865694548449	0.531508191445054
0.132429771069681	0.045466875441891
-0.161837926694675	0.06090852702236
-1.79827108630004	0.44343860950155
-1.15441539366439	0.355848450407468
0.148340847278699	0.0298858287200156
0.941110931973215	0.255363319569636
0.428834112381466	0.17901227987813
-0.498692345926211	0.238013299179553
-0.361689402338145	0.108124975750703
0.147298535161635	0.0299064650853773
1.95669114496977	0.512659458057214
1.30024068568686	0.545454871384581
-0.638954644635542	0.163590857835517
-1.14774125887734	0.354368830637343
0.654946037237958	0.206300840386323
2.74993176721948	0.830491289829378
-0.735592507053156	0.24859867592238
-0.74111878729607	0.272048451943737
0.132451920953857	0.0466455087584858
0.639920513439384	0.562049846174346
-0.662342545392887	0.638882020028909
0.528774114760948	0.41401919752044
1.47212166587828	1.31767734292773
0.652695912520095	0.213141993776578
1.05869857480867	0.508708895852565
-0.362761418010383	0.108072109203298
-0.365736201294127	0.105226471469539
0.144013731109022	0.0446680190904957
-1.53777389356595	0.556445841614653
0.148340847278699	0.0298858287200156
0.145724331731339	0.0427371773010072
0.940011504003477	0.255477646254495
1.80120887707307	0.710036630394655
0.515269628401049	0.183892060228889
-0.778835784075945	0.353804879737585
-1.79885352006505	0.441851175328772
0.93640634666493	0.254775499038721
-0.272347928063291	0.118711826887905
0.141269772449626	0.0689145817368123
0.0430810792108267	0.0278983997593073
0.510424922813668	0.193438302922747
1.80758447803752	0.721280060796327
0.675294437507836	0.327902117067603
0.157919542996297	0.0890770944038424
0.774451339025316	0.574216898918973
0.592022266991641	0.31318582801321
-0.545215410579203	0.207152113270512
0.653820669882355	0.212563455486324
1.44301886171412	0.90513184999415
0.146530154194694	0.0296723933695664
-0.638053781472973	0.159413989769262
3.25448695202502	1.12282064968019
-0.746356613660589	0.273282091273725
0.935501999577219	0.253169576056372
-0.643902881320565	0.161368815571743
-0.0732681223860146	0.033240755688134
0.889190634370751	0.502652391946844
0.672413170401592	0.774635047654136
1.21921045026624	1.19255468403428
0.531540372328944	0.661769258476191
0.767673661734048	0.833100847856925
-0.197962667649939	0.10847569737116
0.937499190632754	0.261653783809326
-1.83387729845652	0.781204714068644
0.584710541543305	0.288736552189354
0.943640642524205	0.243483468900197
0.141301354602922	0.0439626882643758
0.655414171885027	0.206582213719856
-0.638954644635542	0.163590857835517
0.148340847278699	0.0298858287200156
0.154326265881988	0.0396696710594312
1.02202619896858	0.395192872961951
0.124878496495736	0.0475906670015282
0.136060171016653	0.0587967193246014
2.750998534728	0.856347257355128
0.517287709582783	0.188113630178872
0.143823190554174	0.0286863588662954
0.139168000229841	0.0433817694656445
0.140168353562376	0.0417587511082613
1.31623526001581	0.579547723010784
1.43834175748452	0.492373840580877
1.94666114969575	1.21561198315623
0.629775688613352	0.531065243264618
0.672225717109246	0.759349129059325
1.0529354730127	0.540888228582563
1.8128782115639	0.701176308953298
0.145054840241155	0.0438901419175188
0.140493034970826	0.0342398905106337
0.652759056664063	0.199420190412166
-0.786622900489767	0.362366223075524
1.55809212963156	0.807140083414171
0.652695912520095	0.213141993776578
0.150575043964835	0.0398742802241122
1.01921861300587	0.396644684199019
0.815277852978152	0.635390179499816
1.55335449006042	0.798543823637356
-0.943722144644513	1.00466156113001
1.05013006171972	0.527151912763635
2.5497538289429	1.42203276544307
-0.744243815324205	0.263503462495517
0.376158948620182	0.172825275340921
1.10165562968283	0.957579734506355
0.324599861847112	0.183834096359833
1.10904691302504	0.981884652523131
0.803508624674039	0.355309686533994
1.556328617163	0.799655515803619
0.132179376634901	0.0628901576290038
1.07205006460322	0.657750436062479
-0.361632557745294	0.110435934225015
0.938593829640437	0.25299923568342
0.135962577881537	0.0469477306529536
1.80866501354813	0.727466341426444
-1.1554350298159	0.363497790570843
0.149238678528	0.0375615380295797
-0.166699851636024	0.0613141886044256
0.383747506196633	0.177651306342988
0.591961149352391	0.456985130070215
-0.116865083196995	0.0832379166963224
0.253075016218155	0.205078256436256
0.589584677293171	0.427776603961155
-0.595809072641923	0.430266439027822
0.798616138699181	0.330808942317169
2.10024276941631	0.968527174514026
-0.505657646573442	0.273559592529044
0.133561353856749	0.0392406700769564
0.515343738913303	0.189592023798935
1.43947956386862	0.490388133177384
-0.242923279836333	0.0794483933897018
-0.537378738945584	0.205700046879411
-0.0282190907256396	0.0181114050944314
0.429313685254992	0.180356485843153
0.65279266471456	0.204111089684696
0.808259912764455	0.362129795118185
0.676042685626354	0.326663893187816
0.650083594088129	0.20608635616193
0.513322666607543	0.19461455271516
2.3377309796946	1.2116025272964
0.514379012952455	0.194507598080478
0.435724886902747	0.182705038430143
0.536506091009189	0.315144830097531
1.60748369259225	1.15499562353462
0.136591858122189	0.0594721514476853
1.21099105212979	1.53841060079955
-0.0406472259361104	0.0276721448258527
0.652744579969079	0.217901190867539
-0.360618173117269	0.105206136413076
-0.236727855931232	0.0810119912872077
-0.248939336762165	0.0799558830581214
1.02411493668956	0.399362526920863
0.146530154194694	0.0296723933695664
0.135015906227356	0.040886012118548
1.01929332343342	0.390669452864843
0.812555787056816	0.339803095133496
2.09527230942238	0.965373308881764
-1.1554350298159	0.363497790570843
0.140212750873762	0.0438266964952015
-0.0139769198885064	0.00681929936401939
0.159586980341819	0.10353061061991
-0.618392909623906	0.312576445193767
-0.99326836763321	0.517175184688351
0.425315394665908	0.168106004615361
-0.0184330129267088	0.00928953990244147
-0.109246018379103	0.04508030741302
0.698083664055508	0.455927064909019
1.10458973845607	0.997029992418069
0.0387876742427442	0.0210547737512331
-0.156289269214745	0.089184800130153
-0.323838093575658	0.154515838619816
-0.0368018162603143	0.0177025920036206
-0.114985955778326	0.0458824202566723
-0.260141370368669	0.131029387867171
-0.163369768622376	0.0616716443076173
0.800554912425586	0.337045397413382
0.941110931973215	0.255363319569636
0.139123744261362	0.0424510535879042
1.43834175748452	0.492373840580877
0.134173422755305	0.0529790077064493
-0.73898413920701	0.254674650396026
0.511389441373011	0.187174337334293
0.889190634370751	0.502652391946844
0.141625776379745	0.0684359143549585
0.158149668126125	0.114808533114714
0.521070027196217	0.437321124287892
0.307757094474028	0.184872220804064
1.55404703372891	0.790235868623946
-0.326577590740216	0.150618042732539
0.420287581830241	0.317118986377483
0.590193574850551	0.317557242710328
-0.0812084790902619	0.0352665513431625
0.652695912520095	0.213141993776578
0.154202638323454	0.0388280986901736
0.434736934993215	0.183785272890631
0.49008442296091	0.301654462416707
0.509328234383416	0.19034954966172
0.655313317434002	0.208900116150514
0.150575043964835	0.0398742802241122
-0.639151761544215	0.160758461567798
-2.57959143539798	0.718828611548918
-0.241866562043846	0.0810837692126153
0.134921319481391	0.040180506982846
0.50836660385952	0.185723663129363
-1.53037588624579	0.568755687984731
-0.112202719702747	0.0422262958463241
-0.546958478245884	0.211544776499837
-0.800708080448797	0.49406186562478
0.159830291142496	0.141712587631905
0.312223265560859	0.280647642458166
0.313388483917417	0.302285590541346
2.09007167235343	0.935054053031498
0.146150404782043	0.0433002566394764
-0.363834221255445	0.105336776859405
1.02197830440715	0.411558328281195
1.56638307685273	0.742316619573786
0.544434633111217	0.303625555911514
2.09805628809814	0.973310753898062
2.750998534728	0.856347257355128
0.154326265881988	0.0396696710594312
1.02795925025695	0.37802404537156
2.75454479012304	0.83106470770351
1.64347643238855	1.45794938453319
1.52138574908489	1.13833218808436
0.407195586900151	0.303801231176771
-0.639151761544215	0.160758461567798
0.132246498537366	0.0519933303438912
0.517382573079114	0.184280939935702
0.132451920953857	0.0466455087584858
0.138320108897128	0.0601818053078974
1.2130679542239	1.28990625828537
-0.111996934365029	0.0840252561240178
0.529317513677909	0.436769416188257
0.89326753949579	0.493913372997139
-0.112983538426825	0.0470207233563561
0.512188333358656	0.178197607240413
1.76900079726799	0.990487777656502
0.149557277841831	0.0384747021438069
-0.643902881320565	0.161368815571743
0.146530154194694	0.0296723933695664
0.147298535161635	0.0299064650853773
0.68152869709182	0.319709992631099
1.44061907723966	0.474013409533136
2.74993176721948	0.830491289829378
0.810311638053779	0.349533271639998
0.996991990356162	1.28259374174739
0.589067627931842	0.440577861246473
-0.161649080554999	0.0607304947590714
-0.409252993453204	0.180047073526078
-0.0167128488921122	0.00844263874522962
-0.742159792951855	0.273560129045021
0.148209504221931	0.0373013479875106
2.75454479012304	0.83106470770351
2.74993176721948	0.830491289829378
-2.30139259101225	1.1111896402966
0.151714458282224	0.0388912867750066
0.691267564878188	0.439818671599827
0.940011504003477	0.255477646254495
1.80758447803752	0.721280060796327
-0.534155277501038	0.214045732917314
1.44473193695789	0.463898534109862
-0.357881887790908	0.106221041283411
-0.994240299972701	0.520040244943026
-0.782036808441025	0.35290575635346
1.52396886726216	1.20892739210645
0.300335219677822	0.198255030455093
-0.992290848671402	1.32704900061634
0.656352159948786	0.66651226920434
0.877151367624125	0.4480248651813
-0.236633079426099	0.0788398305163716
1.80641350202004	0.73230153821388
0.129420045606031	0.0513312979752865
1.01510997726077	0.389188379352661
1.31332125956616	0.614983346052817
1.05690360215639	0.528064644636623
0.813427583890205	0.341235238907632
0.135222595560634	0.0475956627357811
1.95669114496977	0.512659458057214
2.10301828480208	0.935826155731033
1.55868936077249	0.746685453812807
0.13395683731647	0.0531064763399834
-0.578206725850222	0.538898959123977
0.144641530912396	0.0461237214098102
0.135079987669266	0.0477904423303552
1.89027029124023	1.53223884182631
0.464959133567618	0.317619228595313
0.304815165942815	0.175902448254847
1.07507053708387	0.65316746442572
-0.618062170451355	0.308574530477795
-0.666659785467619	0.40630545820466
-0.532402927540024	0.212099126912434
-0.111007143782994	0.0456464183945631
0.434923055590398	0.183174619220797
-0.543208681646357	0.213507639679037
1.31332125956616	0.614983346052817
0.14278047506627	0.0286976566342611
1.43822645060161	0.4814693304651
1.05392817488783	0.53445939384147
2.12128904419061	1.9266014411743
-0.148130099468961	0.104952527020849
0.416954534239876	0.39890739308099
0.680890377355629	0.325431662078233
-0.0723473629225885	0.0311108586411075
-0.121981185608262	0.0728634716648554
1.55620793023729	0.800105690010203
0.150575043964835	0.0398742802241122
0.597024606698511	0.317221287274303
-0.536314894943915	0.215990413651433
0.653820669882355	0.212563455486324
1.31534198003685	0.599148545689121
1.44585397795401	0.947571526238211
1.44312568398976	0.495883856806621
2.54957772042996	1.47726304837556
3.25785421599811	1.11077756731166
0.881599660220315	0.482138628742818
0.880670882731821	0.479321012828702
1.43548846565356	0.879805073395112
0.680147114178587	0.334953721336528
-0.0722995642100966	0.0315521446374778
0.125617210279122	0.0479200400412875
0.487921590109202	0.303724157676618
-0.342581776558827	0.202722250988832
-0.170927985502731	0.0615937868071092
0.142791595363011	0.0748880420432065
0.140110003319616	0.0678674467672649
0.271037511111908	0.192280663545698
-0.338093524376185	0.282264701352675
-0.806879344163507	0.608609886319356
0.456133199304363	0.312754529842575
0.845763305265424	0.725226175857596
0.589543596179151	0.437625196804277
-0.403240404925469	0.174399730274336
-0.0758180526487027	0.0338325483843283
-0.983532250724982	0.442048433757105
1.6049859459328	1.1470405998044
-0.609858688204015	0.285541718836643
0.806359402540761	0.358507368695924
0.354993290646259	0.177686116676176
0.129353817157867	0.0456019081276057
1.54833050368171	0.780476174113536
0.633135627790729	0.570685816345746
1.33343519810951	1.33775697266983
0.299537378540631	0.195948785021911
0.768004158488934	0.435580447474505
0.148525349979773	0.0789455876073253
0.530935844648001	0.315590827859201
-1.18379290254226	0.651243007263683
0.552301463859254	0.412935520908471
2.74404672591128	2.65342031761041
1.44490056331998	0.824576457414919
1.09130838175878	0.829051716901359
1.0695730364058	0.653701610520656
-0.0405414889648505	0.0191470366556355
-0.536314894943915	0.215990413651433
0.307318505521009	0.186442018392666
0.70006289925802	0.463465311359884
0.807240202202844	0.360161473759661
-0.0657563250680489	0.0411899326157433
0.288046901905253	0.188158185939327
-0.193221658329546	0.103218136570395
-0.811318096074446	0.54411583861145
-0.0723181877970234	0.0318763236610429
-0.0815477059719484	0.0341395252005098
0.041818441075082	0.0265186091943781
0.53528278053796	0.313250682029692
0.51129779843421	0.188810595493325
0.803187443740692	0.353530389589045
1.30932918099742	0.591170142954943
0.513265643938002	0.181250669294779
1.55417681487601	0.818255775519272
0.887525313620535	0.486248778521366
0.151714458282224	0.0388912867750066
-0.119881183491514	0.0478933706673617
0.141966548151945	0.0544361246914562
0.851136275047562	0.622324125409276
-0.039552584399824	0.0190339463415489
0.323249681561864	0.183568349508531
0.0798384315171902	0.0534433814937933
-0.0658529342790667	0.050975490400534
0.733924247631214	0.815190666152586
-0.0539761897459101	0.0347970882565234
0.387274402516044	0.308975735641696
0.454855044116158	0.306731277876143
1.45236681683922	0.897043378997354
0.134054511289016	0.0472844272232309
0.348307682929156	0.174979632620758
-0.501528454583301	0.274968870286129
-0.242896738099506	0.0783884621620302
-0.546958478245884	0.211544776499837
0.774910989517454	0.478109158906366
-0.0048653254193016	0.00258588313244165
-0.163640254633394	0.0617987202008443
1.55707688347317	0.799909031316525
0.937687320607838	0.251423109778556
0.677209896984198	0.327372524458124
1.76843085892553	1.01854485705832
2.13604540491111	2.04534809696473
0.66443787734428	0.552794616668222
-0.709110020562273	0.565576092997645
0.302534793441102	0.174184347450699
0.776179864458833	0.462241597360239
-0.240890791537841	0.0803115391508017
-0.819190675159943	0.59126203029722
-0.654778533398959	0.375331325488696
-0.300152269866356	0.184381072044529
0.88604424654281	0.490224672863079
0.138820371946	0.0617615031510038
0.682922073177476	0.309815112093179
-1.17986613649408	0.687272209858123
0.135079987669266	0.0477904423303552
1.04516530311146	0.506791173685448
0.637205131395162	0.436536931133358
0.147489310161532	0.0749716825315314
0.255888526311997	0.205783743366011
-0.174430701869518	0.122525685317273
0.0495773851477395	0.0405185882355107
-0.0349547414874143	0.0238205848524067
0.151596619389345	0.0825296954818218
0.377406128259384	0.16593834972412
-0.415939624025318	0.330126292774804
2.23681295462111	2.28147443678626
-0.615921882097338	0.296473234609065
-0.235942572803954	0.0761560396754973
2.10192463335632	0.937567387474487
0.682559046285773	0.326257337744423
0.138110400502716	0.0488174440941719
0.14777015045699	0.0370196640723843
1.31033794820574	0.586411525643316
0.941110931973215	0.255363319569636
0.143157390172619	0.078711037696802
0.281728631177896	0.212218870682606
0.530031609808116	0.272449531377262
-0.291449387908838	0.186218997949548
0.429481912254066	0.164820614772975
0.535249337986891	0.309699230554119
0.771742872638907	0.463033921910565
0.167493610222526	0.123076474126201
0.138636788799519	0.0707996043618196
-0.311367366066613	0.234616585806756
0.407275834486371	0.295130667723736
1.55227173597449	0.783026833489421
0.83051209184777	0.730231499691232
-0.282595654092987	0.212646558691012
-0.637365455868841	0.505612678654985
0.633306515728238	0.434291266819371
0.155826421857536	0.0885833889260316
0.131509951556636	0.056581809854617
-0.154892682511939	0.0867203945278383
-0.317304933863509	0.150856014956897
-0.413598053527282	0.181863090289465
0.143600229420229	0.0589308506897199
0.430634616284559	0.180338254051688
0.136056171022186	0.0696960341360843
0.338493302747496	0.176723647265281
0.148946892012533	0.0781991158703727
0.155253789466737	0.0795598638574799
0.0173239488703606	0.00995195821607936
0.311608348109058	0.170418463440628
0.13496858485838	0.0418758500593107
-0.24546989179549	0.115197016027792
-0.247680535302121	0.0750025425944761
-0.413096919976058	0.229627027748409
0.957850116844322	1.01280124535796
-0.960003824306988	0.595433602596057
-0.207858837634419	0.11113217965614
0.465392008134041	0.316663406892382
-0.563633899053808	0.559839904428898
0.151905464789083	0.0874246008569346
-0.201970299118288	0.110307598284169
1.07689545582734	0.668874923540358
-1.68897540244682	0.97900593381916
-0.411528008601833	0.174191737367852
0.59912603281319	0.543428787474047
-1.03422389263228	0.871547383432444
0.589038615144523	0.428523737882719
0.00603423722710919	0.0033070782940078
0.144790811000029	0.0744712719075722
1.01193077647699	0.946508710709063
0.404185360082632	0.304536295969347
-0.212617035972334	0.169967394330117
-0.173137868174867	0.0613339600163334
-0.511062520338393	0.234449951168883
0.139875867688815	0.0595267436917016
0.436526394097662	0.178206329056452
-0.254867684308471	0.131831920125515
0.281753599652503	0.196172367683193
0.141743311817777	0.0593419477525043
-0.0732681223860146	0.033240755688134
0.674649194446242	0.328076720722354
0.382351713233566	0.178124790051543
-0.948273507421832	0.669921789499445
0.020087883535307	0.0117087296021899
0.885113021423587	0.487328924108075
-0.129986752509738	0.0786445720442296
0.136325554110001	0.0595656011406213
0.372240364064701	0.306793408809285
-0.00696996192799348	0.0033355145666718
0.0413499133954763	0.0261043192226948
0.163485754789337	0.12217797026296
0.527827617245906	0.60911140900693
0.15905163642632	0.122352815311145
-0.242319848795926	0.190226566621305
-0.916896419265778	0.733934688960501
0.759998391495959	0.737434215717438
0.492655054952991	0.309678894932073
0.32053061167584	0.174368203874437
0.947691383664548	0.646668406028889
-0.125762875017529	0.0771634079039557
0.143424662894277	0.0654557126082815
0.140005483888844	0.0659914609950891
1.4733664921956	1.42200778701776
0.326771943328625	0.170757127312108
0.492821356071224	0.312897657646334
-0.800336696141735	0.512412380703245
1.76432550895257	0.997859811649447
0.770801903244405	0.702180903761889
0.850152113270969	0.625989283868546
0.152723945860305	0.0898896142396124
0.771799190539761	0.593803941558018
-0.996724544706178	0.487448231526994
0.779190645022987	0.580586388187101
0.274535260850345	0.195247147359864
0.434121665220848	0.311021857114463
-0.0879094028201692	0.0347693257276822
0.430009617159582	0.178807947718548
0.680359808271791	0.33604475628359
0.383049736914793	0.178796815086714
-0.213742720036935	0.109919536828629
0.135001442265096	0.0509158821886096
-0.0477869453730163	0.0218231191903592
0.14682832464595	0.0845646804659307
-0.00210691878014304	0.000932245379579907
-0.0961020735648311	0.0591318559475724
-0.320607205119373	0.257997955445281
0.14492662701812	0.0749570869953463
0.903364143705477	0.777643224469145
1.94021525819518	1.19289306070635
-0.408659630407457	0.276038432204722
1.5560605228864	0.77675196404921
-1.22532130721547	0.799573467046177
-0.518460323169353	0.400637932329901
1.38863628096747	1.0845510331437
0.32697349280707	0.181700288230516
1.94885426522288	1.24391026712817
1.31332125956616	0.614983346052817
1.22252742342262	0.724673859149941
0.889744026937284	0.48555529901749
0.610619203336171	0.61222919286378
-0.408844840646204	0.179390817300938
0.153069277299336	0.0970842351083511
-0.203271976329759	0.109550656631737
1.31147226574384	0.608565543854246
1.06824689635454	0.643888744215276
1.05143617289505	0.513690469544266
-0.011651948614393	0.00604513081624292
-0.409812701789317	0.179119254313499
0.155736614164016	0.104493901833481
0.355397569232342	0.315093582646813
0.429128520107991	0.308230833726233
0.0455096235150902	0.0273167162675001
0.784271506721855	0.721106156741503
-0.310393718090037	0.235420111314544
-0.611051452780254	0.613028552774332
0.157608497372613	0.0947915897747376
0.260978130075061	0.194769591738
0.393718558159024	0.313695878941135
0.537503249141422	0.290187672642598
-0.067156562682306	0.0420096510832516
-0.19681222501693	0.106873727651831
0.455840549447785	0.306733874107518
-0.160327934571026	0.0607030233359829
-0.125336293845633	0.0730772521975983
-0.129560689207166	0.0774026604257338
-0.474952281530969	0.305134881804069
-0.554929938651302	0.339115720877441
-0.29046632912751	0.185036256602536
0.668129775767753	0.585646574711771
0.170220686261369	0.123065455407824
0.530521665118427	0.515747478298936
1.32158741703233	1.33630204667127
0.00741094027860531	0.00546811850756107
0.671490246060426	0.557320432016262
-0.990106795273382	0.513997136030586
-0.813791257581942	0.526510435611762
0.050696943311565	0.0321408445593579
-0.257420187526262	0.131143168549165
0.858979574844293	0.604425725241595
1.08722647795145	0.827933291919274
2.09744350322305	0.97111891999974
-0.241681728939409	0.0798132682576695
0.146530154194694	0.0296723933695664
-0.53110506213926	0.200504049643946
0.651571765273664	0.207237716455378
1.81022495003579	0.730499163381525
1.09656460464498	0.830220507090491
0.524942453861179	0.296637225016762
-0.55719730894475	0.343448111931121
0.341914258311752	0.158697307601301
-0.200661716585072	0.134376634078204
-0.0748739194581417	0.0487179426332479
0.0208112735023195	0.0119601185745237
-0.63764884000351	0.558434053758823
0.479778688094118	0.282943283009375
-0.678474562115974	0.443898000375927
0.442312765721097	0.309835670634693
0.671664002810836	0.575242956350568
0.0304167524144402	0.017006691989707
-0.0973097930450405	0.0602386145984393
-0.912541695724602	0.84066441910136
-1.23339310895751	0.919484171479083
0.139905064110544	0.0606506100763851
0.434120899891324	0.181191130123039
1.03134675251726	1.09932265628021
1.55404703372891	0.790235868623946
-0.511681244439701	0.265825416226903
0.347392355636247	0.306417096392125
0.393849429884444	0.308394087284828
0.154528633268305	0.101811556844679
0.280106813729673	0.201134116417564
0.722604104368668	0.58063174303398
0.152793697925491	0.0977636886261747
-0.177623176217997	0.126593343876023
0.0614891060138034	0.0423638113226794
0.141611873996254	0.0854396474483382
0.227847191475668	0.214490594702669
0.338288679126395	0.306542972260607
-0.117186132285056	0.0697088815211545
0.486343026351401	0.303210778550628
0.372915440912069	0.306832782003029
0.302203870976541	0.19325137137125
-0.210125832589911	0.143549392989169
0.879124572742312	0.816989455613718
0.288055004813294	0.194937296693367
0.282497728353298	0.193512009374596
-0.592644337534649	0.44930933073315
-0.41379350908378	0.329339674039441
0.32891929505558	0.185167274609291
0.259304098969601	0.200574567966744
0.287606588010507	0.205847640798618
0.256369664193945	0.189115182435989
0.257693765374653	0.212274984802342
0.155942505126669	0.0946418428774471
0.456940079508425	0.483437975972341
0.0273299772351303	0.0156473422594477
0.927721732870587	0.820821723946623
0.409658712085762	0.379055805452973
0.3137545597268	0.184575576080716
-1.01517288551423	0.877361519730982
0.507392851134123	0.184579427606515
2.88591767698064	1.86408548160323
0.277876820513848	0.203381126499216
0.894794350296752	0.458027577904953
1.31244399995416	0.590281494815779
0.648630309248314	0.203013522036199
0.140176332332941	0.0607905014364454
0.509367090253274	0.19233555776527
1.55709166989995	0.775275822590163
-0.356869186364459	0.103873748641222
0.651620019017489	0.218540697202247
0.840664360666537	0.599089917680943
-1.11476361485266	0.746481624507795
1.22003808777135	0.968289636637498
0.935100096623318	0.622403146135069
0.00264043270195269	0.00153168619412467
0.297333569882031	0.186548053250099
0.00198822757378284	0.00116273254857468
0.374756688972232	0.311751473290384
-0.41136610494922	0.236873881974617
-0.107297611327596	0.0649185692884692
0.344115785894696	0.299653213514159
-0.212613146312253	0.143109819686157
0.819079036190552	0.87492778017047
0.434736934993215	0.183785272890631
0.67707557319706	0.312777057390599
0.137899175795663	0.0518040575084063
0.143965325031614	0.0428435558990404
1.37372484390213	1.77634891978649
0.644660220698238	0.457553160552908
0.293676990853745	0.202793528805406
1.51596338871235	1.29079152326257
1.01037245422469	0.907759373193521
1.36260460222884	1.78424600885221
0.665189718361293	0.587156891369026
-0.364128176809589	0.256120135888169
-0.482983596104963	0.310998327889685
0.28873422673228	0.199135514879073
-0.553917781267932	0.35271868127181
0.588579018555436	0.305965356575519
0.436065395875701	0.310997772011938
0.713119805100615	0.586998776833448
0.12704158845171	0.0537208060084574
0.645369283127135	0.456750522063588
-0.522177426868525	0.40832866459578
-0.907051185772356	0.858950101957772
1.07441215632118	0.684912401894024
0.833683439725151	0.751103622077638
-0.0948161053620254	0.056204671812186
-0.564259308253232	0.473315577204177
0.988258873699578	0.78866431920123
0.28873422673228	0.199135514879073
0.596655256179521	0.562202103172696
-0.519502746167331	0.402417281225761
0.276239527820136	0.200541708380732
0.898725441186807	0.991259950375976
0.350212915447765	0.178887565272165
-0.166323084199208	0.0624224519468323
0.314452648834641	0.173099730814908
0.325954699371473	0.177620440561747
-0.743201468674383	0.27129411111425
0.645264698888691	0.20390668467085
-0.360618173117269	0.105206136413076
-0.999504315887597	0.526867747572164
0.155347612608017	0.0390265755881082
0.15045336866841	0.0380860428865526
0.785091222595073	0.442045999204993
0.34320865487629	0.169396719132086
0.0174334286314332	0.00992469135863795
0.325980101564414	0.185763233807176
-0.293997841371364	0.17353279710161
-0.165293574885187	0.135466207911681
0.156908938054984	0.0996522895295932
0.492241248447165	0.299740093026758
0.1420368774982	0.0822247347697243
0.441670580059492	0.31429311464687
0.937499190632754	0.261653783809326
0.529657578089904	0.301486036096095
0.435182966963117	0.320927443515191
0.776187255566814	0.461756358433458
0.721036174614858	0.586683695660452
0.712817348200465	0.581459223723869
0.317301037011915	0.181493327855258
0.883485781971495	0.874968509517479
0.642232285796334	0.43851375801615
0.172065678196302	0.133741858679008
0.246442057867217	0.211575949789448
0.591961149352391	0.456985130070215
-0.0210594791499882	0.0144139742261116
0.505272962561457	0.497954196737203
0.270770075458773	0.214858674614323
0.69012784850591	0.770796762498616
0.672534022381079	0.576464157841843
0.724694862623741	0.709868999273987
-0.477080276656361	0.310587659995501
0.276663179897489	0.180654964847211
0.0237768121224754	0.013681836706462
0.288417151250262	0.199684575089044
1.31150663104791	1.50461640625425
0.0708429822696259	0.0519860357879533
-0.541700214214359	0.599848645177674
-1.19945739562553	1.11672357790525
0.632671766487633	0.549534569135604
0.160104603773176	0.10470810182592
0.585776239120679	0.421967441675585
-1.26908726214532	1.12130638308941
0.0588811664640657	0.0403268977814752
-0.0162900377391516	0.0110524658074187
0.390612826664896	0.308027311030871
0.0565693877091961	0.038574987310994
0.939354026481566	0.889087146021298
1.22527416869808	0.931175139601887
0.28706292535086	0.187445650486747
1.2327694160025	0.835349391380639
1.80753895631949	0.735539281495884
1.07901777564388	0.705378052735205
-0.0410781292394603	0.019380611561972
0.133313584650352	0.0469867759264736
0.383382925975463	0.173969910760165
0.767885812285124	0.588683177826657
0.634495974899609	0.445531315741928
-0.405250826537934	0.220118788495255
1.84705817439469	2.34332129808334
0.977582374498743	0.71972367847667
0.436157232765773	0.320874448858974
-0.138824757064733	0.0787793464579505
1.42777008085659	1.50731450020906
-0.515083698032252	0.364753325460516
0.823933483763085	0.849822436712849
1.02411493668956	0.399362526920863
0.696562975178334	0.441353542340511
0.0310171599265435	0.0177974425642279
0.032064600100746	0.0180552591805395
1.34965348398109	1.21319944308601
0.565738187249639	0.681545705770404
0.0362976387295881	0.0290624248785656
0.502658764500867	0.593106658734537
0.264594907953198	0.20734522327184
0.0718210908015644	0.0526206453242612
-0.127878734666081	0.105929402448158
1.33675231381012	1.35072398246391
0.733113940155637	0.71849571276343
-1.23409796396002	1.49843976695986
0.991739171825207	1.15450834546987
0.726490118421213	0.589068101412679
0.361578500861072	0.30956565642406
0.249503679913389	0.198709690590444
-0.457402691340961	0.345816565846837
0.0498148720203541	0.0324261272874603
-0.0522228409695823	0.0410113411319473
0.828431794007052	0.702381038691009
-0.0229787332168943	0.0158047258888524
-0.31857754255909	0.239840575036878
2.13290773864309	2.11450021854046
0.248733147335663	0.202033131979246
0.241292820579621	0.202776322819458
0.807228113517976	0.815256791865053
0.16217966520005	0.126531555671245
1.30657491976334	1.49514493728065
0.329037720719428	0.285826355161599
0.247051502593692	0.20495274036819
0.670453085522784	0.574539916527416
0.38350497051755	0.393388828465983
0.9817385184693	1.17262522088176
0.89618114274294	0.460708963640045
-0.412992693371523	0.286950417185871
0.433130656497339	0.182246216406454
0.564277540377022	0.547124227848749
0.501264675028725	0.440282756131678
0.143786222535581	0.0779618340505276
0.590854925427333	0.32068872122329
0.429313685254992	0.180356485843153
-0.197229849484501	0.105931080692193
1.06642013910019	0.636748905530611
0.802300785847297	0.351921110791954
2.25579736804971	1.73340568815135
1.0203781139636	0.379112670460098
1.31437442382038	0.618123110095228
0.808259912764455	0.362129795118185
0.85787717853641	0.77367319747326
0.149262216913061	0.0777406099640105
0.153127483506164	0.0981111564878597
-0.0150701982837083	0.00776573929835877
-0.0685674352262724	0.0436709973701028
0.787219190976615	0.577541393532253
0.85830540225215	0.960512447867674
0.430009617159582	0.178807947718548
0.00390376756081225	0.00219833653712709
0.374406561411841	0.300388796388064
0.0234333953772521	0.0135224314603787
-0.149281364770794	0.120733065730793
0.235336677225831	0.218808453896484
0.0626089857084507	0.0417953400045774
0.290115821303417	0.193536930720385
0.70492794803229	0.455132906142881
0.157823648735129	0.0875862489805144
-0.342185421314837	0.208384071558739
0.160837756346301	0.131251095207994
1.34826934573348	1.14204221131492
1.13494412535064	1.27087729720571
0.155428881772044	0.0879641802708174
-0.162065999746699	0.090097644682111
0.850700889771763	0.60766354328929
0.0500111664989027	0.0318897143358553
0.0444362946468023	0.0283645875488709
0.785704053423697	0.592628050194414
0.934177853107337	0.924304780769624
0.669934290934537	0.576715018996939
1.13683419245352	1.24541823100497
0.0475725685686058	0.0306752692063509
0.0134382609477712	0.00698888948288267
-0.158384721656842	0.0883305544775208
1.21343721950975	1.13611928234312
0.396597774247713	0.306293148573162
1.05108930785621	1.1956020636173
0.379276195377201	0.304561757280496
0.354294887442539	0.293483357655402
0.160493087239743	0.0988722005821743
0.85379117904787	0.971052395731806
0.311470753087819	0.191580027249791
0.0488053759609529	0.0318987445075182
0.833247547706089	0.743054552724602
0.147753394635039	0.0681066669012812
1.21111485784709	1.05335572239083
0.781898877969007	0.466913370768677
0.78883728872965	0.453701312660106
0.310201888408107	0.184414601575636
0.8162389388004	0.862486575277807
0.839106218460658	0.579018088751109
-1.18125168417982	0.702285464960612
1.09029723277229	0.773487069162456
0.712263073468864	0.586998819102672
0.415506945084546	0.309795927447186
0.986594856012946	0.801631733460926
0.351465774193417	0.176972980936233
0.665988016435436	0.581454097095629
0.143364402488502	0.0774914635170311
-0.976607979429593	1.06946305589394
0.448357557017677	0.414105343125758
0.154212855895102	0.123155161499146
0.397579988257715	0.303667298532714
0.244552752813377	0.214108339079035
-0.220121914738433	0.17457206816356
-0.0969851501709854	0.0605701330976493
0.825231538409503	0.963767518061797
0.611144200102854	0.721117824942854
0.712263073468864	0.586998819102672
0.481770932879481	0.291313980010017
-0.898599887810502	0.831567209154449
-1.2030779827434	1.23409910415836
0.695735670296483	0.439773670918439
-0.0644693257923906	0.0405554313908762
-1.05618134225413	0.847100582630174
0.0782483826188949	0.0527112692971383
0.449775077606825	0.384026768640846
0.0208595477087127	0.01151684218201
0.637061759322894	0.433994251053165
0.351188486709965	0.311809427622489
1.35735828588009	1.22868681412814
0.146441258217866	0.103597762384627
0.463562489373226	0.317785236076506
0.27906991889873	0.17981532349382
0.307496812672511	0.176143126145818
0.0286349598162053	0.0172889418897133
0.280451432012342	0.198128472155639
0.416136030975149	0.319404647191253
-1.1175798829726	1.34797357831614
0.772782307843143	0.596799129752573
0.272317730349615	0.20713949866705
0.535571265131279	0.315233631043124
0.285741118272398	0.193139353474198
0.155558723329684	0.102817009980131
0.392823747598477	0.301899622150505
0.00877316440375464	0.00480124027827313
0.934358519854948	0.58075885288754
0.774910989517454	0.478109158906366
0.137071981375125	0.0643091232463246
1.04865694548449	0.531508191445054
0.149442966866472	0.0689200971260957
0.135890018961621	0.0651907521492639
-0.37582250142529	0.324883287462387
0.144032077551925	0.0798880938455001
0.00166062668909943	0.00101410682387154
0.558225446653201	0.439079714849923
0.420795887425125	0.478343608279433
-0.360471366167079	0.301441733000787
0.428312840150197	0.179225286992604
2.75347120204764	0.832342619102868
0.272444538589252	0.209883576430581
-0.196027196650785	0.129587129782208
0.668463418169682	0.571713518258775
0.00519499101930223	0.0027588781329233
0.463850956152508	0.313381787955488
1.05442711650479	1.24278740046604
-0.242046826664059	0.161797530529944
-0.127173196697152	0.0757740722085409
-0.104347965868207	0.0629195596499508
0.153355337153333	0.100772605948901
0.259198884274193	0.204365445322486
0.782063958780095	0.736556268913441
0.253750549298556	0.223371977396172
0.0734075071724818	0.0531043669749149
1.22743377696948	0.963436976840153
0.373246652917991	0.292964675854865
-0.10538512594782	0.0642930678767439
-0.0743478627492648	0.0457704324717248
0.268992709528553	0.204221564034664
0.983789539836792	1.17604448023317
-0.349570262656669	0.251702672171492
-0.0846450495649658	0.0522770781453405
1.02093296171078	0.395881039160233
0.555306860387482	0.441313592275682
0.141792082339344	0.0747063860257429
0.384145851734824	0.312502756103015
0.145762146936824	0.0905185814303591
-0.327576408031688	0.270006057511463
0.279642724455483	0.187452228978095
0.267519209538314	0.200043434652429
0.322655105715377	0.182194300078116
1.44061907723966	0.474013409533136
1.02030315476189	0.398507228508527
0.300779344694946	0.192875615479274
0.675436331681579	0.71227431785589
0.527513474268409	0.433014077256324
0.147969694700673	0.0854831365402322
0.160540595951833	0.110180448211655
0.699445281459345	0.435734002742837
0.769424991570829	0.594458993459815
0.909428046323388	0.742851004843837
2.63743055072028	2.48205745237003
0.157962793948981	0.0786058851611735
-0.804887720502917	0.665961879000867
0.492215741863825	0.314784662239488
-0.96162138927085	0.590906537522147
0.854205756901039	0.566104082595467
-0.254626108598453	0.133228805851161
0.350248720578881	0.180235678791219
-0.408844840646204	0.179390817300938
-0.0716844860261196	0.0316435034131421
0.0230465089814118	0.012974151058517
0.0288180124259842	0.0165716826094816
0.686693199967021	0.670884797572581
0.271326592216161	0.195975157230896
0.354038162294759	0.178211307842271
2.13251143583276	2.09156791713672
-0.554047100840204	0.344531430262473
0.534959225874198	0.315632439395873
1.2105385448592	1.23828943494379
0.292449015677484	0.201652784855973
0.845434335928805	0.606117640907245
-0.287777064305481	0.187435275252907
0.45151693202538	0.294023895466982
0.333206990978355	0.184069518718
-0.154006098188086	0.0851171513010216
0.299437990005966	0.196233570064796
0.778425764231154	0.478456084957533
0.782967270424314	0.707176291068434
-0.694011568124542	0.486418372287813
-0.808503385262493	0.695371155931538
-0.967004080853478	0.603731162763283
0.776481794492656	0.475439859337618
-0.539110813223045	0.215068803165058
0.65649188754849	0.213828185787937
1.76005161671046	0.998153917172468
0.308890906631403	0.190470834411674
1.54818653525713	0.772855055161654
2.11901126063564	1.42329387099213
0.138473784050704	0.0715261364517538
0.132591301855829	0.0637232258533364
0.935766297527024	0.621373792823044
-0.32117986227371	0.145149468602787
1.00708524245478	0.929746305944377
0.290514526760828	0.180818771596093
2.12920917973698	2.03845868065455
-0.068499714954297	0.0308801930553235
-0.60238253956123	0.420975250642846
0.595724481659452	0.447521640899588
-0.0722344991734518	0.0472415106838384
0.520952793428405	0.430194126136658
3.41213836062365	3.08847857770877
0.304228828451669	0.180456442270349
0.142199814300237	0.0712100901893957
0.145351622637726	0.0869272566939127
0.330277415369419	0.182640157340876
1.38898108307487	1.06545061732556
-0.411532586384533	0.236890439512341
0.1672761788272	0.120602334096185
0.635816458355536	0.555825505508616
-0.0973097930450405	0.0602386145984393
0.672453609813147	0.324018983808845
1.23492985851004	0.866255220541524
-0.0127490774819207	0.00632194353297809
0.538907843740095	0.307958151059976
1.80758447803752	0.721280060796327
0.530142945488303	0.297638499283757
1.26377930092518	0.662675525319893
0.325581509176317	0.177366069576695
-0.0915550812278886	0.0533639323199261
0.0229891284634955	0.0133835240542076
0.29105250928073	0.196781895169788
1.75805905914041	1.3755584022824
0.281221469872632	0.179206232249715
-0.61908370248901	0.311292101652633
-1.6220639640453	1.25306290794968
1.75574699720454	1.36755508274636
-0.257753943837742	0.132326045164316
1.05275532928899	0.543974137405928
1.01365739623327	0.371676846245617
0.487107199410288	0.29673071244717
1.37717925461564	1.00913265293922
-0.620556132654508	0.517891594361928
0.29400878185783	0.184120909080974
1.25700894451519	0.6842470825018
-0.344382734763512	0.2048969529784
-0.670962929966146	0.395204413394262
0.500490924788611	0.306011818247547
0.589116229709597	0.442289062424806
-2.36515161965726	2.08604308721471
0.160880065184026	0.0884459981430391
0.14851520092258	0.0798287144844501
-1.4981431998246	0.775806930948334
0.48509262351572	0.425275881234329
-0.414867808774462	0.288722776085208
-0.0653185199043431	0.0288463130397607
-0.24122677217906	0.15615917056821
1.89501509844769	1.58763189695978
0.70744311313212	0.443418787043085
0.1274521234944	0.0438229874199101
1.27006854401674	0.668970595667674
0.147298535161635	0.0299064650853773
-0.742515082241636	0.263002039304592
1.01925597811256	0.409912776295729
0.804208982721108	0.356831466117133
-0.617365433896648	0.306664761624065
1.25775998475372	0.683168445359505
0.98750950364762	0.7395227849524
0.774316956864226	0.462531687614435
0.648332971736943	0.425378361076634
1.22492573694943	1.18436132021346
0.3837174349288	0.168419752866327
1.07388997662883	0.66814147330785
0.593490384308669	0.455359085764795
1.31737684818267	0.570027814694718
0.806219382869138	0.35042405540501
0.655364036119464	0.218674474525788
0.327141208476424	0.180947491564847
0.415839382743647	0.313361643986215
1.26711256773879	0.721174543860265
0.142232724502612	0.0680460468273941
0.696928920322201	0.448636516649606
0.304797074839278	0.182321869645358
0.354320579609871	0.175010370270845
1.51656279801954	1.29421387024379
1.25912084256065	0.716241038125386
-0.587605001522604	0.423746402171714
0.594002019171806	0.315598457273054
0.596159746806829	0.448677524649178
0.137812511635235	0.0682692372515002
-0.411136678460895	0.289494641929866
0.557167155035596	0.439345120712098
-0.245649213222391	0.159844266090449
1.85846918137514	1.98026983109472
0.147839617370822	0.0882197740202474
-0.81508463058778	0.686151149143686
-0.210093516500727	0.145900920466145
0.484933012434311	0.3037139110063
0.59069190227325	0.307938281419021
-0.809959563347458	0.607209432299599
-0.41314034300216	0.229168489381921
0.349903596989171	0.175911265211027
0.714628772414887	0.590151162523203
1.04668162982283	0.509065597601603
0.434551737982146	0.178109243958741
-0.616763453143945	0.301993790965302
0.423724236186099	0.167188035724092
0.650083594088129	0.20608635616193
0.134054511289016	0.0472844272232309
0.129420045606031	0.0513312979752865
1.76073808555288	0.986018987641791
0.513322666607543	0.19461455271516
1.46035591036487	1.37905979847802
1.59881940049328	1.04712333391212
-0.322746023104251	0.148687925853545
1.36205582840453	1.14981359611819
0.840109353281857	0.600113884071521
0.328127407007289	0.184351891214059
1.55721057936984	0.834743156597484
0.288088617517727	0.172418440728381
0.174633641866184	0.105209825285123
0.473174316443803	0.427173233830752
1.61220426770725	1.10484526348279
0.385155012689599	0.178434641429219
-0.0691435146168556	0.0305125021051132
0.142398209952825	0.0596896128351431
0.434551737982146	0.178109243958741
0.590431135071981	0.312342556780167
0.334562465229985	0.176547443200835
-0.0356067020749975	0.0164001113238985
-1.02552490840719	0.928743894352744
-0.805000880996366	0.446483065455506
-0.15110159461149	0.0853738388597795
0.0028169704761447	0.0015947260091397
-0.693629444252601	0.713440279039252
0.306090704824226	0.196311075098386
0.458956206733687	0.302022659463923
-0.99326836763321	0.517175184688351
0.157222885251894	0.0808731926707153
0.298571221696786	0.192388086735422
1.06762623196497	1.1628886817361
1.52290399331281	1.66925477800423
2.0112251984533	1.78818795304612
0.30185480657084	0.199162324878559
0.693986930765501	0.451652568621546
0.134996103732303	0.0651099861212246
0.145331628090279	0.0464907916803214
0.141032148567775	0.0474425449763635
1.75869692253891	1.3217465559024
0.491460707739562	0.282830562167753
-0.813972115082033	0.766550560182549
0.377090737613237	0.173539421395498
0.527716934567797	0.292246471791435
1.07388997662883	0.66814147330785
1.06849994120763	0.658048176366748
0.324599550625532	0.171958978138664
0.632023926732544	0.413480690047754
-0.130538294135221	0.0773662093190396
1.25436869103709	0.707605310543544
1.11255157332908	1.09058898532603
0.719824909077693	0.609937923622937
0.777115620047289	0.46188258150868
0.465698788120604	0.312181814922119
0.0317513962426822	0.0197506761386818
-0.25619107573072	0.1328425179206
-0.243052781357687	0.112227756712028
0.0307933468441821	0.0190755834667642
1.07980175128706	0.647736860603255
-0.622243939251845	0.309867258806603
0.139216403778349	0.0731787046740076
-0.163640254633394	0.0617987202008443
1.46481979849256	1.46135110631858
0.163298085407762	0.121523995370634
0.140930057737735	0.0417224650908353
0.13635322089906	0.0480122083399417
-0.613515401538614	0.301214947728155
0.784475483535733	0.712317546096952
0.768729326685072	0.728555263271484
-1.25939407244153	1.08462914372044
-0.414443281668145	0.233243207037568
0.653820669882355	0.212563455486324
0.313595999581187	0.189770957697384
0.294642314086858	0.182483241602432
-0.0650013540163297	0.0281813827159922
2.26677215107065	1.67700029051919
0.345163829469746	0.177412909243385
0.323032531353852	0.180639027050451
-1.03942248177119	0.428820497755674
0.534959225874198	0.315632439395873
0.13566406147233	0.0532567581614414
-0.202547185129728	0.111460168876577
0.343869305648764	0.17461216342994
0.669586599156125	0.546396662894315
0.782225398904609	0.591772138248325
0.811350009630307	0.349040891447936
-0.744651105360641	0.263617978795572
1.7656469767351	1.05949568864167
0.474544414024589	0.423690528959531
0.711716507789113	0.551359447966266
0.848995798160522	0.961476718212469
1.89497076661803	1.56660853463964
0.364498326988097	0.310923319043177
0.136298286832926	0.0585021171567405
1.95669114496977	0.512659458057214
-0.356808855141014	0.106266364821167
-0.741064409528876	0.263067856897519
0.159928587955589	0.113479023662505
0.510289348847957	0.186983862869501
0.145054840241155	0.0438901419175188
2.10406259161998	0.943611890064193
0.936593763299916	0.259936987760241
0.154202638323454	0.0388280986901736
0.131241345723582	0.0549615186460759
0.181772468030905	0.156912291749882
0.937658866728737	0.643218195940293
0.937499190632754	0.261653783809326
0.653820669882355	0.212563455486324
1.5710910499993	1.66561164984028
-0.642804526520728	0.160022734032778
0.50836660385952	0.185723663129363
0.135474027939212	0.0464655970152541
0.137812511635235	0.0682692372515002
0.639236226208685	0.766011577042121
0.704019413174322	0.835493523858112
-0.129560689207166	0.0774026604257338
0.367186081668461	0.30606836654954
0.0975148758572749	0.0828164001380839
0.36673259384692	0.385407577260662
1.0192325343789	0.960303595110082
1.68385329142117	2.1952285412989
1.37985436041234	1.03701343406302
-0.115689292206526	0.0443224311386937
0.603322967110988	0.306562490780602
1.31728798377865	0.593090078305361
0.589268437388843	0.31642152699941
0.597251615169538	0.88625489967028
0.639016707055116	0.459401399630704
1.63597786373413	1.42086393253018
0.163706785832574	0.111091371668815
0.585081719726239	0.276961898473315
0.857423145923734	0.617830755555305
-0.410035140943655	0.174062753355923
-0.0764506626660215	0.0339559639590988
0.528037530768348	0.302898767844212
0.770293752347533	0.59719475139253
0.779212489291038	0.964436263886294
0.888134677715687	0.47293867101514
1.75954736973001	1.33095219871215
-1.85161408139968	1.18351649692405
-0.40717931329384	0.28254883006827
0.643801382677497	0.435902850230215
-0.245351097707141	0.166254073129278
0.776587828160678	0.725104559236759
0.129204219799347	0.050695322287496
0.295466130134938	0.198070701651946
2.63252203933576	2.47620165829434
-0.0817091551699936	0.0514588261200361
0.00573938961397997	0.00304589265860303
-0.00687676989045234	0.00357838341314553
0.631198931410922	0.557843829388086
0.55105185429889	0.422922447866757
0.385613871160335	0.179546705452063
1.25714787328146	0.660761777820489
0.938593829640437	0.25299923568342
0.57459542577556	0.703192348491665
1.21161971784447	1.68732620537427
1.11044611959392	0.99661932016204
-0.337060230718182	0.306494719141821
1.51201544193763	1.66782331935603
0.0182538517905291	0.0104661453556714
0.354993290646259	0.177686116676176
0.879634506027774	0.866302305365616
0.0132716575833931	0.00653522816518682
-0.290215294394582	0.185067493101395
1.22314705007023	0.940781234750537
0.770807308208865	0.462024169520933
0.820479752079305	0.692209755252541
-0.194372332272065	0.10050350355385
1.06602236947483	0.654568277736036
-0.198229252727767	0.105431724999829
1.22554933567407	0.976130106703024
-0.329349747629827	0.151360036380559
0.140658832854058	0.0681017561758183
0.349614441354503	0.1802967622363
0.446236017879615	0.161806098794839
0.507392851134123	0.184579427606515
2.33959275480572	1.22404654608119
0.59060014663822	0.298094723580927
1.25625759353501	0.703046683170568
0.309457534993783	0.191146068841184
0.431840252038742	0.318407651859709
-0.410687775863191	0.327244038346604
0.833784781597792	0.540814626468003
1.05619532030263	0.564061163382016
0.585856897546277	0.309160185092677
0.309512569849694	0.180967122525218
-0.120485812409171	0.0460770425881294
0.63814727576074	0.459871829358639
0.397375540571493	0.308653659838476
0.82886583338605	0.727599226225449
1.00741285094905	0.953852136411804
1.30932918099742	0.591170142954943
1.01506967273718	0.393727571999133
0.154326265881988	0.0396696710594312
0.139088999585537	0.0614541670485855
0.52881805308123	0.292513883348183
0.434198779679808	0.310674672335297
-0.0672048823882293	0.028948622627542
-0.325974809423381	0.150241180724011
0.984089361687276	0.80007481250375
0.828600611270881	0.736281870212831
0.307662195140963	0.179809624282696
0.851514057033789	0.615023811104104
-0.313590753996373	0.142832074503177
0.455426305413269	0.286585356896689
0.0000114650409075937	0.000132598752877765
0.141373176083459	0.0735203547325059
-0.413490461723333	0.241992238200732
-0.416437121576871	0.168392744088528
-0.203698156393539	0.110627401773596
0.903237212261421	1.00358886067022
0.0132497680105154	0.00680346153673203
0.644237949576518	0.461863633880922
-0.461512623727084	0.359543402289027
0.128332143784253	0.045108714855862
1.60706672658094	1.11100248716861
1.65661345335798	1.46664460677737
1.61242740176824	1.06742000572102
0.138820371946	0.0617615031510038
2.72830905038353	1.72186722093178
1.2232996100389	1.24045314468223
0.278298262488936	0.190890210889255
0.0253018187227699	0.014553957970684
1.55707688347317	0.799909031316525
2.33780890107387	1.19330054216033
0.425777281008742	0.172323331869485
0.147298535161635	0.0299064650853773
0.803323550143284	0.355193566985841
0.147298535161635	0.0299064650853773
0.142971955096055	0.0442241383996475
0.126355652838889	0.0473649798962732
-0.239823372040461	0.0805632339047551
0.14155124944643	0.0413331789031145
-1.53184932591859	0.556375725071351
-0.63963892315781	0.714444611364956
0.34579728056154	0.176274656476297
0.93797533385692	0.896425991348539
0.134067903274327	0.0583330051587697
0.151592021674215	0.0391867731421967
-0.0391346000543218	0.0188419705957032
0.725056544689402	0.688236805892451
-0.057891065273725	0.0385776368022756
0.927390677132213	1.47501152040729
0.159066737718297	0.0932805210944418
0.931691953180584	1.13411031917216
0.410705555216112	0.449347397692
0.246697817516636	0.301666569717337
0.407016543409051	0.398901441218712
1.47948695459745	1.87921468937468
0.806248766734048	0.352092338294751
-0.152504999201706	0.0868867141353418
0.381403447894063	0.176986823921844
1.31049999587411	0.584499872770367
0.651620019017489	0.218540697202247
0.50742335282214	0.18501539133022
0.142379297242515	0.0478016689603317
0.59620297852905	0.437932640495737
0.138122569437014	0.0418745640561529
1.81017736758345	0.738831501835876
1.22588968660561	1.18187489841315
0.489262632921229	0.299689899552271
-0.246010424947951	0.15802645872404
-1.04349566692495	0.428711682497803
1.07415540732043	0.682076586424561
0.30337444636401	0.197489405749809
-0.501209845111433	0.273630088670148
0.273540820362177	0.210029949292265
0.381769029467637	0.175532787093853
1.60906755153209	1.12087371094244
-0.80516571812984	0.848666779320165
-0.0400822690585156	0.0264236774612287
0.140804672098805	0.0749947117977406
0.386309861188055	0.175002455351784
0.162146458136099	0.0966919820934588
0.772982660062687	0.58732530857684
0.730187814317907	0.585494466232184
-0.531246104168602	0.393128558153006
0.00584707628442948	0.00421981803773866
1.08679070561001	0.782405058800538
0.494520941322771	0.433212820565639
0.410725264088859	0.305828284268672
0.0495786771405061	0.0330511736847257
0.637237162449879	0.577610788537161
-1.00586452822979	0.464821126592445
-0.213721580497945	0.148603579530523
0.603060821989926	0.41043527740614
-0.410038489238383	0.34837049698926
0.640720039272567	0.456156581909009
0.391983570960121	0.297198979747148
-0.072322982078929	0.0324629053136307
-0.0808967301793628	0.0351391099382366
0.557696382338731	0.44056365929089
0.52017450221422	0.431621458391496
0.48182172058821	0.433930795876797
-0.0954756803109185	0.072832935499095
0.0568336783321577	0.0394876427806577
0.343564793164149	0.173378365377904
1.77307857062506	2.06046548665988
-2.48554936475479	1.43573569301259
-0.416215314220227	0.175239206945949
-0.163828863215441	0.0599402134175239
0.350248720578881	0.180235678791219
1.05610410519698	0.525928462584778
0.530142945488303	0.297638499283757
1.43188410577933	1.55945713175359
-0.111007143782994	0.0456464183945631
0.930162563313729	0.584479612427576
1.06967621425659	0.657281083257089
-1.51113277086314	0.760632896310627
0.138171577950211	0.0682199866426152
0.14159819592744	0.0686691602684553
1.08156383180918	1.44465994462223
1.66882190443399	1.89099444850105
0.139054052268075	0.0729047287402227
0.777490293127184	0.475375529037326
3.03872933914409	2.18202075965078
1.61181721599682	1.10396395538091
0.494396281669531	0.312445472409033
0.489513366907327	0.412443092666112
0.491648700196913	0.409096052872196
0.258343245684769	0.214386520812556
-0.959052984095736	0.593029045553984
-0.0653953041001251	0.0415896022549831
0.454538396033	0.423302929938577
-0.639494646734892	0.673737618629418
0.555668222215877	0.433618212050262
0.409534498803341	0.293446079068756
-0.690315902740285	0.497257746913269
0.141479918838696	0.0631098663951455
0.132993910304649	0.0523687456023297
0.343234832416396	0.174008320131752
1.31041866978774	0.610006844551424
1.09284160477511	0.825696216248235
0.0678783805439668	0.0629154176295699
0.645503503976299	0.443682220542909
0.484911716631328	0.299898461826334
0.308378914513352	0.183665573303016
0.138007814007831	0.0460087313745102
-0.502477493778911	0.266209318766904
1.31632410358817	0.570725623555877
1.22612664651114	1.03054455865247
0.933044215782692	0.592453373795289
0.153899101840049	0.0973385979107696
0.426944553046452	0.177586142190806
0.347660948819716	0.175141083593663
-0.349217498563262	0.208445306897712
0.544934619820905	0.413829992174462
0.138071567979321	0.0552000006911784
0.260557256214396	0.211865866514313
-0.0393382102987775	0.0188969158152194
-0.322518573055744	0.151942388683386
0.135007162803849	0.0525832791817303
0.282751865407304	0.205375628949892
0.467108786944148	0.413791776307335
1.02292852071018	0.92479878119056
0.640279793746818	0.430800014356996
-0.285865603345222	0.184299236689946
0.708042066473897	0.44316202706296
1.31081255229114	1.49469610445451
0.778644229096488	0.436804590228898
-0.374561721412489	0.308745171302308
0.819996220033332	0.875295167454506
0.312157544888889	0.187125826540558
0.329301592953996	0.18474503280597
1.76299986636566	1.27727453125138
0.894658119765417	0.476890215039469
1.3953563024956	1.02316459842261
0.591849459757525	0.43033527979656
0.159206283471725	0.127440713490361
0.899066870872997	0.771863270560456
2.10521259760206	1.44650510512753
0.670755512793817	0.322017350136971
0.233739287656022	0.23303463463833
0.113569767447325	0.104911330294302
0.966390280809173	1.28797497753486
-0.931038214205434	0.644702900886271
0.163406774649289	0.138675743421573
0.882701448972773	1.10932429045583
0.34513831262025	0.302543484009264
0.0110162034050285	0.00808739691869296
-0.0134763368292021	0.00935733249888614
0.591020480728405	0.540459693336143
0.378645641861673	0.382055826511358
0.368835702810438	0.291041110602614
0.670485786079562	0.818684080955831
0.167513598463875	0.148740359155631
-1.4500034123273	1.99827418863628
-0.609212441465633	0.619410619683246
0.277036057813083	0.200359584224787
0.809511447179426	0.819468337143658
1.38932146630641	1.70573908722947
0.836950225631114	0.758919000609204
0.402274753477334	0.292760371614523
0.349225492672022	0.165639024454937
1.01781073429765	0.395247351695588
0.699648796526301	0.465657778866134
1.88524630798268	1.57732065312422
0.900930874933496	0.738040908264241
0.357121733873309	0.294833897261103
1.3574214036268	1.16379442782008
0.56620012498932	0.437385706957837
0.16490998082713	0.122939248478527
-0.952375577238992	1.09598215716849
0.37700881618499	0.397671313800954
-0.0500822535936247	0.0317800874771162
0.0736899692147341	0.0539036107546444
0.74119689242106	0.800803729112501
0.334701197662881	0.301708788576319
0.658570160501475	0.843097014053965
0.399582529214686	0.393010782743725
-0.754046622344664	0.930071835558682
0.0202831818718832	0.0154448736821484
0.362739901616875	0.309826931880635
-0.104509249331933	0.0756097845947726
0.4188683146938	0.404053192548868
0.0112646097715497	0.00851650482525654
0.255124059225908	0.213547244733649
0.498515701690919	0.522707950456893
0.813317162846254	0.964833513680949
0.415081983650078	0.404794506795917
0.690144925525775	0.687034994131957
0.359723198509788	0.390574012283561
0.0641225286108164	0.0431536493276389
-0.280457839768447	0.306518627799198
0.0700303447554518	0.0668533726209798
0.312773814664523	0.302744835835359
-0.143323838968659	0.117963267652133
0.243787660724431	0.247671040523105
0.178110705715485	0.156822731593276
1.27028936436462	0.693455396423081
0.904272412943458	0.759889873274456
1.12187995876581	1.28311978271728
-0.706483683482104	0.581476761842788
0.51129779843421	0.188810595493325
0.888913402146398	0.475196801369346
1.43822645060161	0.4814693304651
0.938593829640437	0.25299923568342
0.373572036970928	0.164281655047035
1.07847906332003	0.672947876827887
0.413626850871179	0.307007165352028
0.259451376062048	0.202863307911227
0.159794380547586	0.125362276773601
1.0102772643049	0.911490969705433
0.411609818484044	0.316109343074168
0.144120841661697	0.0728388526902618
0.17252471293365	0.148073630666452
0.413153115342836	0.310469388932439
-0.165255496579544	0.115649071153768
0.249913002832106	0.213829825152121
0.922455177339991	1.08332603433217
0.523294305247953	0.715694757256863
0.0641080234739776	0.0582421138810218
-0.809337351936036	0.956314917991752
-0.281599346286604	0.260957851905764
0.0442728197192583	0.0284425786537369
1.38873957024707	2.07513122219477
0.86224781124463	0.966155462920584
0.496294212658484	0.491079248055567
0.817275899027006	1.25705978131926
0.228682994362504	0.215213702665433
0.663359276989414	0.759048592723032
-0.817608377771738	1.19955055235204
0.562633520419929	0.536574872011509
0.222182571975238	0.219207382078414
0.282002380418085	0.290668857227275
0.563228216220703	0.441188306025034
0.205439409631393	0.225873885388947
0.155886599632419	0.146061067065603
0.363945424747942	0.388761947745211
0.305694904510478	0.30545536631464
0.0434786556723437	0.0274839841391234
1.76594301014882	1.73481079850499
1.9457131992627	1.21410191463794
0.694404305764147	0.442393655306064
-0.586855277837675	0.419354131093258
-0.347676471897565	0.236538778769503
-0.073581336695183	0.0336062763419565
0.809139074291978	0.351636683981257
1.25605372350443	0.68296731901258
1.52219958095798	1.23935066635835
0.647183752402505	0.659558982820339
0.524195459557655	0.417880433192323
0.893962956392275	0.491626181000534
0.524398276450852	0.291250168589884
-0.0440550771556004	0.0209423133902724
0.396823579625856	0.391805938866998
0.322316375174384	0.308627815832027
-0.34798974301645	0.364137101696557
0.0680834169193332	0.0500941824249218
1.20933367783522	1.7358954510303
0.0284667786270879	0.0258253060254574
0.145923094096702	0.127768752621627
-0.455889360187496	0.534955979260864
-0.190513863304371	0.145979530077163
1.36425913061534	1.66460335920194
0.0822470816113751	0.0622880693384082
0.0788616437120851	0.0600510039734625
0.31519044006172	0.297376815743535
1.09959711330529	1.76019373282936
0.179460025995817	0.180745310341782
0.518493147197228	0.502873921879049
-0.363463297189533	0.416012628830383
0.102508594745468	0.0892016273278376
1.13482552883942	1.51489957026472
-0.114872723870819	0.0965684197706784
-0.408690027076584	0.453705299273627
0.952066593037546	1.23699703037264
0.775606327905656	0.62113576693595
0.653789452082687	0.668132064693009
-0.0163864615221275	0.00820710187194324
1.26152438504328	0.707831083168717
0.300991631495522	0.192147023025212
0.436157232765773	0.320874448858974
0.886974923993717	0.489672025187982
0.424167265657531	0.175208193744746
0.24660032200626	0.213859564747032
0.649002560229026	0.205521089858597
-0.621550261712583	0.311118911849645
0.49596571382583	0.311571585422331
0.53341176063355	0.311216335560109
0.454426480462448	0.301644319526143
-0.0769189833932603	0.0587737818511946
0.0973641814061648	0.0813667932182671
0.0886379756256504	0.0689852900784539
0.287248237716336	0.296584940700214
0.700810167517667	0.992373790123026
0.224245847384009	0.221293792878498
0.211332752931441	0.221313540437633
0.524701085148979	0.671854724189999
-1.20257720384752	1.27238928489009
-0.502408659597956	0.59407080211595
-0.0644458583023689	0.0509033991063905
-0.149500028122176	0.122470585413834
0.618622997477095	0.939995869540302
-0.816641488454401	1.00739944593587
0.0109945464360118	0.00918945063055136
-0.0857882367935517	0.0726343532396042
-0.236763994793233	0.222953981612012
-0.0121832639867338	0.0102383718856438
-0.480940945536428	0.493910802874797
-0.255047314360944	0.271028669672474
-0.33110364755701	0.330338758644649
-0.884093289926784	1.61151250760884
0.827292984160986	0.866198711482896
0.367112738327429	0.456775583761279
0.161275804863355	0.136274012956339
0.363446093724719	0.34646949620849
-0.0538940925281761	0.0409568834543586
0.643666261196492	0.441896025605443
0.0915736540603383	0.0747824924133995
0.684866919576168	1.05984665790906
0.14220865047824	0.069488410164211
0.800241675792635	0.343024580077834
0.384917628516908	0.180723051520225
0.785292279159684	0.605633052161008
-0.541914793971661	0.433002424125381
1.24383926087109	0.85053663111909
0.169933220209616	0.161587565544274
0.592493777103458	0.646178407446646
0.481158891910775	0.501089664404852
0.158785343652768	0.110767900904225
-0.0431260525142122	0.0344356894386244
0.15247891168505	0.132196220400494
0.0917032065160864	0.0767909348935622
0.241419686546013	0.221520836557778
0.449053591878066	0.49129351192434
0.521649376983667	0.589301695149724
0.667800302581166	0.820374704482696
-0.0919298615078327	0.0708983084864753
0.819833736146306	1.19341158850467
0.445114920056787	0.412082500154803
0.0990323632833949	0.0834114139485369
0.168964073775283	0.118552028732218
-0.665345583532635	0.833589360869293
-0.314571168895778	0.342817044139161
0.557562736554437	0.611008098655166
0.0653679821515773	0.0477762512459451
0.104717106427392	0.0961480465405072
0.156329396127932	0.100906525791218
0.610456910267613	0.805686404412284
0.385010098810126	0.374663517073021
0.936379448144029	0.627685117872927
0.448393254805756	0.410798648889782
0.0839501126682117	0.0675687892780733
0.0312884694472611	0.0251298651235903
1.34956655862343	1.23440979086197
0.320582231158966	0.188199591829086
0.148228398733619	0.0844843033652626
0.431624531187394	0.18031244099903
1.80641350202004	0.73230153821388
0.510512288893379	0.190903082327193
1.95669114496977	0.512659458057214
0.802634386569774	0.346161922409027
-0.0786464126013265	0.0348931719475828
0.429895011796044	0.314992918326186
0.998180485556737	1.15060691541537
0.642209610595287	0.898845391418133
0.223677897477383	0.225805211102035
0.240051580613596	0.219082736977854
-0.0991603865456676	0.0614337515084526
-0.0792360222776533	0.0696905580908619
0.852051843709752	0.928717879249351
0.286509496354586	0.20052951970906
0.84172724441851	1.03083594683915
0.879341342274731	0.871281009918049
0.498012328129107	0.57331573091916
-0.0594844352568609	0.0397820760110066
0.818074920004769	0.851556951923771
1.03173392030393	1.57396331068511
0.236904266149166	0.217314714494417
-0.335355177078488	0.333017358437548
-0.0284721388083959	0.0195247967349407
0.251608140657936	0.214368712216328
-0.0216618769025989	0.0147231745875298
0.989395022022483	0.802928442907481
0.510077837950281	0.729972944721517
0.287591459077186	0.189421839303789
0.160994231321045	0.143083246044665
-0.766384081890561	0.911798952372407
0.277489882586477	0.284886455990069
0.320126068489878	0.289483991140879
0.487333659845583	0.301946953306216
1.7605252703828	1.77640241105621
1.38079802293534	1.03746578119205
1.80528865080094	0.710076963530968
-1.53670138265931	0.571696966677706
-0.238873496893652	0.0813017835792925
2.72600257077343	1.69345641162558
0.315834705994325	0.168420988106417
0.424228289929905	0.480858619496327
0.470709612903598	0.579207810628368
0.312504236579798	0.381309351842366
0.0666395778454777	0.0488191692405075
-0.250310384058858	0.190801021646444
-0.169086951389265	0.165791421354511
0.0236284703444362	0.0189044171430562
-0.00528456298871621	0.00437671896546043
1.42513474415426	2.29733641272398
0.510390652822074	0.59696358356326
0.569220001225736	0.559337763544466
0.622342808173652	0.782588972998562
0.274640841129614	0.215211769911375
-0.234105111837476	0.23444554186533
0.109962014978001	0.100749790474729
0.465587696307826	0.646133659259137
0.106559716450632	0.1100883726531
0.287631356728328	0.299581418282398
-0.102281570249027	0.0735057474472405
0.171216336423719	0.143073496928926
0.074501886152526	0.0707423312034359
0.848169706134624	0.6236800037747
0.508189023133321	0.182658918043607
0.164653716712633	0.105246237384321
-0.738402569515017	0.262612241597063
0.135967896116025	0.0521952574423513
0.298027803620047	0.193107864911692
0.383459437621709	0.378718903356047
0.453880557155076	0.41640611357007
-0.0136056122704346	0.0114032370543784
0.782670838477811	0.898773789878589
-0.599698441700699	0.555451489961274
0.395085649387816	0.377945523582526
0.227709140509218	0.236197919752703
0.274537849766756	0.306496599057705
0.737033912812087	0.784127636984771
-0.281790012188709	0.278597405246931
-0.864701262859333	1.22442888329465
0.238527298708404	0.21018653064035
-0.437458458445365	0.415854672548128
-0.0861827454102549	0.0641235230128034
0.335958158129566	0.308220925373275
0.390142890444077	0.303011905370138
0.38398367181342	0.161319027726011
0.492408600920722	0.308556213010999
0.161448398650397	0.103629706183396
-0.645105687511779	0.599354038956191
0.00769935794667575	0.00557357492945714
0.897579336346456	0.468654125587426
0.504278786053265	0.178662339023876
0.328127407007289	0.184351891214059
0.0226276299035439	0.0130844589884044
1.02093296171078	0.395881039160233
0.430009617159582	0.178807947718548
0.654946037237958	0.206300840386323
0.896416005960123	0.473980515503414
-0.0152683046616603	0.0127746289189243
0.453236676083681	0.457640346698969
0.331983592743104	0.385378896435054
0.0826675013070906	0.0650844102678926
0.527644427572427	0.665503535134045
0.306325231419619	0.288689114133712
-0.0713173977698584	0.0612785369833654
0.665718233505669	0.761100959957475
0.518640736486935	0.501081921037529
-0.261642673900564	0.246263626352972
-0.16239118616046	0.160931321866611
0.726529617327827	0.781452086390442
-0.526695044111477	0.672019341849281
-0.199555776011051	0.192140003334639
0.0972201218036995	0.0847274022697287
0.808421321253274	1.12825721954111
0.604958272731201	0.715036539875493
1.87539191565917	1.68219485768485
1.07663641694421	0.67457721245808
0.483767624897565	0.292913282951818
0.532878649703476	0.44013755720299
0.345469933542756	0.179193240271161
-0.0402786150492234	0.0327616603052448
-0.0421975798356118	0.0340535668776317
0.510708240845178	0.591237468450705
0.166021674128292	0.131099924524284
0.232163655704247	0.234017720821464
-0.40891707564027	0.40558116212877
-0.520038117766001	0.549113157024844
0.365106660513377	0.37896990278835
-0.713373217349678	0.906066221432666
0.0408451686140169	0.032364790521837
1.76442140094016	2.75332762867576
0.026068247758202	0.0201162164849568
0.325828969172854	0.30017721644364
0.310759400276231	0.285082269606823
-0.994653445625115	1.36546623256901
-0.224860297788606	0.203074766547953
0.517317484114152	0.574445718325742
0.284371688177898	0.206778921446278
0.778126667958144	0.476796714599176
1.60459142097559	1.12511545857684
1.93258398379992	2.5913345380773
0.40366968688234	0.304766984987196
-0.00788907259559134	0.00404059583377934
0.340669448162754	0.165043527853709
0.815513291357972	0.332101076774269
1.55404703372891	0.790235868623946
0.381166493400155	0.178105031398548
-0.0065354379212564	0.00447715802541712
-0.19664482437424	0.158288066931929
-0.252166848701292	0.218038827718808
0.167507481091509	0.14930480300575
0.523577569256857	0.597455129438625
0.629244653711768	0.546486046938871
0.616159001104406	0.725823157936234
0.301607811779939	0.292827076835435
0.399966067471516	0.394026830520284
-0.581868148696186	0.581563235073806
-0.195738436046997	0.17106731009172
0.314199793274717	0.303102699127364
0.253243354163033	0.191968808760007
0.681452313855466	0.814996872123879
-0.115038173896504	0.0794079376519551
0.0186174129100712	0.0103385395966823
0.352507546485541	0.310576312163193
2.33959275480572	1.22404654608119
-0.0145055752204127	0.00738055261517484
0.591961149352391	0.456985130070215
1.25796325773835	0.716128290121217
0.493793766216744	0.316664499067717
0.298550422660515	0.19572935246611
1.31846086234047	0.532642540036841
0.822113044124321	1.11702049537565
0.16575785429151	0.124578383177263
1.32555765669439	1.41402606055875
1.16135810982471	1.71246621578734
-0.0119619176923444	0.00832688851706388
1.39473798398067	2.12971549952979
0.778932574056694	0.826406261148441
0.331533329883222	0.305284653579455
1.27116991160341	1.62961226697809
0.291343189436079	0.196818397165895
0.839306685090993	1.16297711127635
-0.110318887658669	0.0833636906453077
0.0624405629471877	0.0443195858046156
0.612445233322696	0.794487911276023
-0.362306438603082	0.300445945747555
0.735805686967288	0.960630348669814
0.672680203224347	0.775928190655209
0.227657240137088	0.200280703843729
0.308420539734572	0.285085372534052
0.357738421513765	0.300017154749783
0.430757650533026	0.397986915783216
0.795453667387183	0.984306888279553
0.0180971941925475	0.00998970199989463
1.00112874971089	1.29003402454626
0.533406365953361	0.519358374556989
0.956580568619001	1.21544277081053
0.394254410559263	0.310047775973552
0.524512738091045	0.41416635392975
-0.340407812458819	0.205162804177363
-0.203695150171503	0.110858957083689
-0.164781492696335	0.0571260719111981
0.073788719502838	0.0564013646814634
0.635569477318372	0.840837674131904
0.0523865567232297	0.0355049981784342
0.26824685635245	0.203508426020779
0.390987892473656	0.403360363457692
1.5264751403537	1.20145678152142
0.299984792302456	0.191159456047138
0.803748247764923	0.900592452022925
0.544092835126449	0.506597944519031
-0.0196041229868739	0.0135381513419039
0.252606829394705	0.221239961150042
0.49192226954302	0.506167035065092
-0.0736404882302175	0.0472687340098725
0.159606009146094	0.127963756140596
0.707262671346899	0.854489195717323
0.38193903957736	0.310885467337249
0.0658950975871219	0.0466833018075039
0.160454399061428	0.132450471780921
-0.4464911581756	0.422122332101687
0.974492204834224	1.36554529419028
0.899234190598673	0.775243728719499
0.157032816403286	0.103203749330288
0.231945108823501	0.209019178538864
0.0762202224165912	0.0510805155002597
0.480000468974334	0.477970571272473
0.0785060757622993	0.0571757255806373
0.600791608281009	0.642739507371918
0.302102227017559	0.191587823431496
0.512265250385676	0.189798038552219
0.327353043532385	0.184334427578231
0.296617507054281	0.189528382943226
0.666802112987753	0.765369664789904
0.624231310482013	0.658900056431055
0.87258955073353	0.890237760165499
0.0761506092937686	0.0545516564604351
-0.807321916778484	0.783305640370455
0.158588027457829	0.12597080179994
-0.296171299136164	0.298820079367889
0.364669153742746	0.349605600146035
0.430822902481468	0.394089511323586
0.701857615450978	0.792336597016911
0.399535823331335	0.405732398993156
0.0531380195124292	0.034393225851547
-0.0556080959514455	0.0440258662012431
0.56690979798969	0.621646729524309
0.0680262555444206	0.0481648686656171
0.707492698440044	0.743347564103613
0.686627161601608	0.859853560856921
0.0350887361849787	0.0212164805110628
-0.3209815570256	0.223709897586255
-0.0912769785745857	0.056210130199942
0.468535797094575	0.414381354652966
-0.0497737194754146	0.0330058507091598
1.0554843108773	0.494673559098413
0.674182910323413	0.569320277790094
-0.0219749914991129	0.0108979708900031
0.30606316873751	0.172474815620275
0.0107338042512946	0.00578889143722848
0.306881473708799	0.184905371351671
0.93640634666493	0.254775499038721
0.139123744261362	0.0424510535879042
0.12846076599153	0.0506083201579723
0.311913355198266	0.189329262881608
0.378232701819815	0.282575379659628
0.153579642522655	0.0978322713825604
0.660965522277608	0.566050494105895
-0.615424250539035	0.487608061229209
0.270621636997755	0.205601542883263
0.158294576776491	0.120608023260158
-0.126921826067055	0.0943474308462796
0.0617948253605767	0.042045737489064
0.815261371649563	0.969136104839893
0.0247848788618113	0.0144351975166687
0.299020990574532	0.198582978047329
0.966665904212577	1.03953589402603
0.166575497195157	0.111506686810601
1.05373947697625	0.543190249063469
1.0679813639679	1.1521797034341
0.28818723933779	0.171210646333085
-0.162644160110906	0.0616497483092917
0.372643289796399	0.164734836680966
0.544434633111217	0.303625555911514
0.649419572074028	0.205009437610789
-0.539121619563447	0.212020396153515
1.10361274370841	0.998912083147915
0.596474026261738	0.305986702450084
-0.364949127240276	0.259079603600107
-0.24959965542876	0.127573603968611
0.599216674457138	0.43954934522151
0.0712030443148161	0.0520707881753723
0.280479731959933	0.18932580104244
0.971697802761516	1.02521793267172
0.159657427109173	0.104543808276305
0.899654871327179	0.792551154801561
0.487921590109202	0.303724157676618
0.298027803620047	0.193107864911692
0.160748779586616	0.115237682336441
-0.0317107341635651	0.0149213627255949
-0.521043910013292	0.382337375096456
0.151309694154413	0.0804833682437011
0.429885954817012	0.309557422458743
-0.684068637539419	0.482554880546102
0.345116137496258	0.170832516757185
-0.338023877986611	0.199345233811046
-0.170131731924968	0.0613854560411101
0.599651256741758	0.303594127394399
1.07415003701498	0.662797984613017
0.375787498989659	0.168804512202322
0.138184059153725	0.0592752542579593
0.763299202533694	0.963877641666065
0.347677970929793	0.172954288842628
0.332045622774393	0.182190877690238
0.139481753922216	0.0619307369900405
0.375984493886654	0.312631927267899
-0.202027278603156	0.206873398588493
1.10133145350178	0.934272807376951
-0.783951080334694	0.348188553296096
0.322274248486335	0.176705891126613
0.345799299189065	0.173743591327735
0.702018018308481	0.850543966910428
-0.064595439408292	0.0570630378638472
-0.0741249204465852	0.0475272657692657
-0.0176040433435396	0.00861083025249977
-0.0457835112583331	0.0218224451644131
1.31340633790752	0.593211047439799
0.820250033902075	0.811772702192533
-0.0432431703046194	0.0210040751197008
-0.362090872388863	0.105121598450216
0.62899588070324	0.58186500043263
0.316737931607076	0.186984664068382
2.09914980513481	0.977847917859047
0.672954020675097	0.317881859018655
-1.17826770395624	0.657172548019802
-0.0891716918301946	0.0531878100165376
0.570541082709437	0.629812208455144
0.14092101929089	0.0782386003207194
1.43230057946013	1.57724784603478
1.2630139378829	0.73980439910164
1.11482008381344	0.982219910988198
0.558524920421747	0.434260987078101
-0.141024836152542	0.098987678250425
0.616380621615671	0.648228364852963
0.149869328288589	0.112609855958429
2.09887148338563	0.914899286607492
-1.04938876843792	0.445225820250445
0.129755436365207	0.0498775668046992
0.434717147000235	0.412981570190872
1.80909639943171	0.732413252367468
-0.503765268822256	0.2679278932993
1.2632208576757	0.732496897024723
1.23279417123456	1.01603257104226
0.0166461343730859	0.0138618578599689
0.143757883292861	0.0699639138816074
-0.167313772674373	0.0633554015250668
-1.04136409890739	0.424665264099882
-0.11894728601317	0.0474239942640318
0.682233607593293	0.692526962439969
-0.459028216743268	0.364315591909864
-0.219113025869236	0.191762025201418
1.23399681761299	0.870501626042483
0.533985435362843	0.290849466328491
-0.0611963494626111	0.0260153362434526
0.312036558359967	0.190876276280001
0.295620176125506	0.19985505517278
-0.128878430396535	0.0750561288472213
0.145207468000275	0.0734340991865781
-0.107956502010562	0.0435694934179004
-0.161837926694675	0.06090852702236
0.63828324645494	0.434270940170317
0.414304151563937	0.473277050268016
0.157497139209889	0.0902755471947727
-0.410558304074756	0.17853301029646
1.95074710319732	1.24861269567071
-0.99389884496763	0.521664477903687
-0.525967881649495	0.405767811503556
0.678756604292861	0.581252823075188
0.00834620539130567	0.00641322980369236
0.593376417633108	0.428895461439162
0.638581215687038	0.463230606240783
0.332827622792696	0.18396498485383
0.308931668789849	0.181154389912675
0.293226594343061	0.183284823067711
0.777442333600754	0.467282440565398
0.30879486820408	0.184039279481645
-0.0978406959761522	0.0588816503383578
0.137683459867423	0.0604231418939352
0.128629729421229	0.0544375653801008
0.820108847799211	0.629449784530324
-1.1295716952082	1.33193553717848
-0.0188159894115133	0.0129058970550729
-0.809423740342894	0.882350149511949
-1.466625593017	1.30475089170455
-0.0369746518150625	0.0176527811441108
-0.116039637102314	0.046487335944964
0.307811808727383	0.183033980711613
0.162865983998328	0.132899364364497
0.438110696310578	0.308624921110849
0.00779390263384382	0.00425985803656026
0.72167998801772	0.596978358228626
-0.0576229605652136	0.038490851501788
-0.349154289465838	0.244431198696024
0.052173333643597	0.0340870776255674
0.248443346323142	0.206256887648272
1.69533594562606	2.16897496847073
-0.351107314336821	0.342864139246991
-0.151926006180839	0.109261573745032
0.152837176220706	0.0940191699669364
1.32738050357169	1.39154435327908
0.145406494764898	0.0826897841505182
1.06198348295811	1.3601912228872
0.429983264378618	0.305223617500872
0.284549565571639	0.187622589621176
0.281974746262396	0.206424304783778
-0.404444527445186	0.320600937781924
-1.56570867774877	1.53653462119827
0.630004903181316	0.538741035544168
0.342542572709115	0.159169988357732
-0.290146043832245	0.182274974711097
0.403411266086307	0.30577173847756
0.142380052908029	0.07348747101823
0.388067746512885	0.177580324119649
0.533653657687456	0.524541183059968
0.27261339798919	0.206487133634235
0.170576903360518	0.144370414251265
0.0300141444718004	0.0240684606529016
-0.292360618180941	0.249111863587063
-0.0452338942871266	0.0368244432763935
0.777729003085349	0.709262488785925
-0.315263574715941	0.231451030631831
-0.0367714643398725	0.0167679837607857
1.36835978970286	1.82233244280221
-0.719945811010213	0.618296702324139
0.875241884686678	0.882018171734001
0.929963928781768	1.13490504660707
-0.23844113693433	0.246542558053373
0.174995935255302	0.140916422655505
-0.347782549809795	0.200935020964966
0.154715970873093	0.106101485800472
0.778708042710056	0.469780156644645
0.14105481598875	0.07418622615385
0.0225402602326458	0.0132565050584818
0.373236691554296	0.162304331481241
0.815357177650367	0.919738304448587
-1.07711742683853	1.14842482897924
0.041025366996844	0.0253091336047215
1.42655852757032	1.62252110573028
-0.0224796758328086	0.0108617623373438
-0.420883541275107	0.234160225318083
1.07230898052062	0.664325496505866
0.354216990361531	0.289946713764355
0.366405710529779	0.308225080904811
1.46905379351936	1.45708404449974
0.16131804424178	0.0887840968403917
0.948719256337907	0.547574317628638
