x	y
-0.352674686296369	0.257334000635153
-0.403896172802333	0.330210364422029
-0.902355350555089	0.83465745534242
-0.169600708201282	0.117002956491435
-1.44050296179616	1.74306663992219
-0.224144024143248	0.177152007544136
-0.525365914383925	0.383965423590332
-1.10947806059679	0.739679583802122
-0.414282475154716	0.243107053649886
-0.236244315549175	0.182641531351948
-0.547592988516876	0.325065395733887
0.72494347240203	0.684823175668549
-0.319766945813575	0.263506470364508
-1.68348601088961	0.961792399149469
-0.120665156669109	0.0711983773684894
-0.787617720907545	0.364421783810038
0.153864008491322	0.088274413481272
0.0161445495512768	0.00834143690141688
0.024480526701781	0.0141001374171826
-0.811550500040722	0.620049248427291
0.317126090326906	0.189646401778004
-0.212263501996134	0.16333254879677
0.139750042872507	0.0620535895618652
-0.820177058015516	0.753160657722271
-0.407239065231969	0.228258760863717
0.159076768708219	0.10359495806962
-0.23781827160113	0.0791998782498475
0.845258221205824	0.589164005044589
-0.920473286390699	0.762331290024734
0.069783674921634	0.0490513958162373
-0.126522314427137	0.0908698760986665
-0.708001697385965	0.584134259815183
0.38455145908728	0.174696419129034
-1.85767494285572	1.20929553874536
-1.74297630974409	1.40655626501215
-0.0428615584637626	0.0209985823872268
-0.159121157879736	0.0879131922762413
-1.26997655114717	1.17775432667716
-0.159332626631703	0.0601996024108956
-0.31324565146158	0.235024509689536
-0.0379866274945986	0.0183964636646367
-0.321313739053737	0.14648210467978
-0.323244385631494	0.263174764438442
-0.120121453015438	0.047496162171174
-0.512150277513276	0.43215978676439
-1.68336560178103	0.919280759556183
0.255595863296643	0.206727308592281
-0.140715335177518	0.0961822679500418
-0.476527550837924	0.320086532440156
-0.910809653400284	0.707559679961595
-0.203262165904542	0.105418815438569
-1.18005288997151	0.668817322520338
-1.30117346753861	0.607733557170586
-0.743201468674383	0.27129411111425
0.128599476477174	0.0437162067167608
-1.05433202390625	0.387816150332378
-0.598004910000949	0.598676553988734
-0.708726310625177	0.604205936536249
0.119051727201116	0.113637700167433
-0.0567002384630305	0.049097647761795
-0.866834998137559	1.03257073868508
0.000890666359192723	0.000595856595272317
-0.0562049908627849	0.0641301159921548
-0.446091248611026	0.453968669660901
0.149942409522206	0.0296695603684523
-0.410184277721227	0.23555953254529
-0.962688385680685	1.42229917402572
0.0368353143089512	0.022722069385571
-0.990106795273382	0.513997136030586
-0.413375506529076	0.182220227675705
-0.162644160110906	0.0616497483092917
-0.23866359359719	0.0812703616337143
-1.84375331296965	1.58945135393427
-0.801350604854237	0.459557831674599
-0.40858426830524	0.221393974445845
-0.071959844315733	0.0314427019326059
1.51761432083568	1.27005655129762
-0.0770819968829875	0.0500600740310594
-0.244881222686896	0.191703543510281
-0.113962583348664	0.0832629168786303
-0.414832523402454	0.527373836082451
-0.105354071400346	0.0910050720960974
-0.180770122778158	0.158327398039894
-0.167454205634096	0.15043480180116
-0.576866411683386	0.67934907918219
-0.229795152525574	0.232697721888758
-0.713075587500447	0.898905694783175
-1.18472965280556	1.72121900863819
-1.05627648027838	0.854987021995595
-1.16881760066709	0.97451481792664
-0.319765958147925	0.143706536416702
-0.883813476203352	1.04045612098354
-1.35298526621449	2.47519599612351
-0.699320688891564	0.813018096578632
0.160833243998387	0.122683717813763
0.596737822867102	0.313670705231618
-0.74325556589109	0.266496707150431
-0.507868381957951	0.269663806638763
-0.784561510703363	0.363836867465963
-0.10726758139673	0.0433531632590504
1.05257611223843	0.521964256157144
-2.65298639181165	1.63685127577485
-0.780435660943107	0.359162183101376
-0.751579951023047	0.263487470173425
-0.341011090672528	0.194384125279488
-0.117652031675784	0.0697049835981288
-0.314389045882829	0.294868955867848
-0.519401870950691	0.608011242766274
-0.874676239389675	1.12538218568805
-0.186526457596658	0.18012449488185
0.240632803183752	0.208874376766966
-0.00509597172880605	0.00366960559738375
-0.689487588831921	0.792917054445738
0.685689109719407	0.92887304170112
1.1960361991861	1.76094635964524
-1.03937130816706	1.59292069595868
-0.0790234043346335	0.0516110008941435
-0.244925250844327	0.157258906663976
-0.253049313401629	0.131371961739369
-0.613960190872813	0.30609307104906
-2.08541601344563	1.00114395307717
-0.742214024546646	0.265076593943061
-1.29243507279778	0.627236410714804
0.0668313051593219	0.0663855518645037
-0.27406440266059	0.327065376974577
-0.438369851550249	0.584562653926386
0.130376390674327	0.0455444291717611
-3.46306341772265	1.27024715811195
0.14234488743478	0.0432003227063061
-1.52938203058712	0.554835342168621
-0.235757734816455	0.0801423601127761
0.673908403243767	0.327058922154927
-0.747397259241041	0.273041275511744
0.144466272087169	0.0365666001718038
-0.507234710024218	0.273573843279623
0.643232287326602	0.463781724524759
0.219191224791123	0.215765136151241
-0.153487201609812	0.111719357082845
-0.00509922667977275	0.00416275573774335
-0.449301876541758	0.501266295522118
0.307315986820286	0.295157212408824
-0.026143098329053	0.0235900875724001
0.154493850509156	0.107377157800649
-0.223303208835895	0.145798366104071
-1.22419129845554	2.25736929276315
-0.206906834114315	0.141245306425706
-0.787617720907545	0.364421783810038
-0.24177445301126	0.0824405666747071
-0.638954644635542	0.163590857835517
-1.04232877406707	0.428449042358836
-0.787617720907545	0.364421783810038
-0.361923490140092	0.289711791330442
-1.43496739119057	2.26415367922006
-0.626619390600897	0.678312854254708
-0.640951987120562	0.160195969285506
-0.364710422394577	0.10867960623312
-0.626478595587991	0.302185431932454
0.804208982721108	0.356831466117133
-0.786427635819681	0.352238689361047
-0.643902881320565	0.161368815571743
-0.258086332647823	0.131654669449756
-0.290105162086712	0.17683143005121
-0.030443931299516	0.0236190945816132
-1.06836052424953	1.08559148587782
-0.318544643666327	0.3077384453108
0.241396935058852	0.214726296771209
-0.500543597377952	0.418861177642908
-0.614061610997389	0.627195805782785
0.598398104334734	0.434986936690412
-0.596329370582993	0.405676339374257
-0.563370659735954	0.578519673847456
0.155428881772044	0.0879641802708174
-0.538074231292965	0.21601761070454
-0.664147997944797	0.409959643236575
0.0261832143568165	0.0192954708297922
-0.440383798095084	0.550251374145295
-0.296990582660136	0.251060031552386
-0.640051550461191	0.165024385486426
-1.30135258499529	0.587385751724383
-1.04243230844476	0.442292931729212
-0.995581157777988	0.502877831365107
0.136591858122189	0.0594721514476853
-0.501209845111433	0.273630088670148
-0.494855604351914	0.542637604355737
-0.247063577071636	0.165392385563136
0.0828975119827366	0.0624582509957496
-0.47945274127675	0.460460654700439
0.511200882617306	0.499320601304068
-0.733614931217113	0.753858444603282
-0.527981098336878	0.39854320853995
-0.617669591645114	0.506176353548333
-1.15645545358507	0.355419661653037
-1.04949077847767	0.435890454815377
0.15045336866841	0.0380860428865526
-1.05243813876165	0.38767301446062
0.500312827138958	0.177238328147812
-0.108432909528545	0.043612012781615
-0.23969982877101	0.227781240781094
-0.751527371318587	0.250356063082649
-0.359488922044695	0.107399144350341
-1.8327708366515	0.773400670623549
-0.74325556589109	0.266496707150431
-0.3631673929264	0.107293544166728
-0.799831999999215	0.435621941533968
-0.405910709671457	0.17371470468319
-0.617950749016909	0.3089857096755
-0.273601107556414	0.23799683913039
-0.0482244036964016	0.0375319843848344
-0.14527293237614	0.119434771602613
0.326738236842927	0.31224014928395
0.0697748053005547	0.0509206175496103
-0.245532047042317	0.121637117472927
-0.23799463285574	0.208248952946638
-0.817424405410607	0.614255110309359
-3.09545347107494	0.93953273045475
0.151592021674215	0.0391867731421967
0.134054511289016	0.0472844272232309
-0.216732632291001	0.231431023457282
-0.369730600657743	0.439584041630235
-0.229729247629561	0.200747522402104
-0.366862990219358	0.108975842075023
0.147571338722617	0.0296534813215984
-0.157839502344258	0.131225576595846
-0.191240856755315	0.155157422504306
-0.270409683611019	0.231462977200527
-0.348361552235714	0.307992406651139
0.0138402109246848	0.0102220444214965
-1.25825928854272	2.01331855924371
0.145604005884882	0.0376220306325241
-1.04243230844476	0.442292931729212
0.552058778063548	0.719432879840488
0.214998965831779	0.238968808058458
0.0248441923242483	0.0200680659985218
-0.240793683980085	0.0802221353379919
-1.14833763115789	0.351429943173082
-1.1503622450131	0.360685940099702
-0.742214024546646	0.265076593943061
-2.12585119797754	1.64166379384862
-0.484897454409877	0.488332467099034
-0.360618173117269	0.105206136413076
0.147298535161635	0.0299064650853773
-0.745316628206725	0.266605865355488
-0.535434333049519	0.213943313751671
-0.718142106431465	0.86456512337726
-0.245161798649327	0.272469551178181
-0.655314790283807	0.7782430894214
0.153182251472494	0.0394690006724594
-2.58389336218252	0.718322275969984
-0.643714364473613	0.160090454835933
-0.936627974798897	1.12810204109058
0.146530154194694	0.0296723933695664
-0.639856157010912	0.158868155145205
-0.460255240854909	0.386536903725865
0.29517599451195	0.288789532245523
-0.311307854056977	0.234682104650139
-0.257753943837742	0.132326045164316
-0.740023940193408	0.261682523765812
-1.08606958187975	1.15446037168054
-0.740078450848074	0.264308426502421
-0.366912679142292	0.10867450197924
-0.105842222059501	0.0974812407109982
-0.533215525166897	0.196613337954955
-1.52938203058712	0.554835342168621
-0.224417697645524	0.177405537785912
-1.15753153870414	0.911740312384082
-0.241866562043846	0.0810837692126153
0.131408946168516	0.0453556034425939
-0.246821223667434	0.121953532157346
-0.238873496893652	0.0813017835792925
-0.638954644635542	0.163590857835517
-0.465816846937126	0.54204257664263
-0.798895880498331	0.437030781058958
-1.03856859270024	0.414267050166112
-1.79827108630004	0.44343860950155
0.0380983377992574	0.0229194116847863
-0.924445415652085	0.589894056494518
-0.322334642919534	0.147035989585577
-0.240082190291888	0.160679920770419
-0.562100481998532	0.347245168112472
-0.741977693977306	0.81869703773424
-0.193248051845907	0.0963733138479813
-0.113844042389629	0.0403601961352034
-0.25892855101901	0.130711257775577
-0.504395595273409	0.269676044841765
-0.735592507053156	0.24859867592238
-0.157728215755782	0.0882957628156322
-0.0826873100830118	0.0526267727121504
-0.556929841092022	0.365778837103748
-0.610109815205449	0.289937250146761
-0.546086746024328	0.211494618807889
-0.969562538498903	0.603384865564393
-0.681496587189641	0.476839147422427
-0.784498765586752	0.3523321123612
-0.126980013870528	0.0746883553476232
-0.671179486959483	0.650988280078218
-0.163464703777159	0.0905128354273887
-0.420602322229074	0.28584618990963
0.620334220211467	0.529804707965579
-1.51179238200635	0.764667242809514
-0.743612894131548	0.263815810758106
-0.165172689480306	0.0612608335836151
-0.235760769893683	0.0787471827495425
-0.969884384438013	0.59718089001736
1.81396001099215	0.706924423007218
0.381999683963585	0.172785284621648
-0.35364113657433	0.25445998013051
0.00534157282241143	0.00296497720582751
-0.420294328830781	0.233233375757509
-1.11371110205416	1.11367937139633
0.381859890203878	0.174042676556798
-0.509160037507865	0.265740632668973
-0.416555660472899	0.163681745976073
0.135827993575283	0.0603732176782337
-1.83173442662581	0.750376196954039
-0.693014131614825	0.484168093167978
0.838871638622182	0.751053603035859
-0.0354458731069192	0.0168662620306132
-0.463225710902551	0.3649389358629
-0.815224033533616	0.592084309399987
-0.161778281418184	0.0937737047078239
-0.68711802611137	0.458673362418777
0.150332549724888	0.0682298472258781
-0.116379252180665	0.047831211586304
0.15045336866841	0.0380860428865526
-0.738402569515017	0.262612241597063
0.148420534192756	0.0374024025336795
0.132356113122867	0.0513871545697197
-1.84142451875928	0.7331497456946
-1.29067603208175	0.617875762331325
-0.790700153082535	0.405549804317838
-0.484120953234731	0.309890636417095
0.159960096486191	0.0989095936209191
-0.709641544291199	0.561224079066666
-0.478625022391002	0.321718202726807
0.133170295037261	0.0471660602339594
0.656440753924413	0.213319986430999
-0.356869186364459	0.103873748641222
-0.36096099471069	0.104665235869113
-2.58389336218252	0.718322275969984
-0.16651193383656	0.0628116432481694
-0.661990266290547	0.406393838303385
-0.960324309053173	0.582641817394435
-0.213683372358651	0.146932557757114
-0.206452670302581	0.13389441953907
-0.116515366572428	0.0660553173310504
-0.0779967012064868	0.050199466718852
-0.230819068576396	0.0750441418528927
0.0182906975441837	0.0105534174335627
-0.236822024487708	0.0793879419132553
-2.57959143539798	0.718828611548918
-0.360560346528662	0.110506092787366
-0.359488922044695	0.107399144350341
-1.53044856090243	0.571635312320433
-0.365786309699024	0.111027187131026
1.31323678956701	0.580180307340911
-0.225275994970612	0.200586029876764
-0.141481828245853	0.129707743195522
-0.112355168335057	0.0944310317065776
-0.16651193383656	0.0628116432481694
-0.895279397287539	1.02394931127781
-0.245647479027061	0.162395775415919
-0.405116833666482	0.353627698096502
-0.457786343829914	0.359396913484262
-0.419705313608849	0.230391811497685
-1.51179238200635	0.764667242809514
0.148340847278699	0.0298858287200156
-1.53562965376205	0.57273266881158
-2.58111733796692	0.714610945265779
0.148340847278699	0.0298858287200156
-0.163161899903656	0.06169759680772
1.31135620446135	0.587426231279741
-0.787914647496695	1.19477925435722
-1.27030139062	2.13055266757309
-0.827332348694271	1.08432686066828
-2.29971306458877	1.16955470034663
-0.642804526520728	0.160022734032778
-0.993075304200258	0.988571711420424
-0.442188591723615	0.389269455139302
-0.605606933427923	0.600432440037144
-0.230052997912297	0.190759541915573
-0.50215819186836	0.267512638728285
-0.216031151578621	0.190950103006345
-0.512002740150708	0.258433617930031
1.44095713729263	0.481289667170511
-0.164166861617839	0.0622091166961839
-0.165971113310256	0.0611418528108571
-0.363115228272227	0.104970569586287
0.152732391175414	0.0382714049770349
0.139168000229841	0.0433817694656445
-3.46979306396203	1.23101487627043
-1.24162428662678	0.916108117989695
-1.29550933804307	0.627186554192247
-0.0751856631912145	0.0334872438568193
-0.038917756691589	0.017997245261951
0.594248627995953	0.321737609882008
1.80904922427081	0.71938512081813
-0.361689402338145	0.108124975750703
0.80509400179343	0.346665673867429
-0.111946542412961	0.0457055581230623
-1.45862588442372	1.53800492970948
-0.318986375744588	0.251634097600229
-0.243104689716256	0.157822272603568
0.389634022104246	0.303076776208761
-0.479232658989178	0.309407744270431
-1.05585888474981	0.856149873128728
-0.0156350036514434	0.00810431428661218
-0.119187770670459	0.0474445980567986
-0.103701027095382	0.0639446491382226
-0.685190172112906	0.474955210781055
-1.83284035639177	0.757627284997358
1.88709188565276	1.57919738251317
-0.361632557745294	0.110435934225015
-0.807513694231706	0.574953283367597
-0.410035140943655	0.174062753355923
-1.36230069240141	1.13023526296841
-1.62556033230544	1.14414305472917
-0.194096934649046	0.0982249579608793
-0.806310395756868	0.446030617129584
-0.316097025417693	0.14937808723447
-0.195362574887466	0.1279083625506
1.38768002480018	1.08259488332025
-0.620163644280375	0.306318312683159
-0.41717394272444	0.177300143401009
0.290960595873485	0.203200113709496
-1.5632614377594	1.41793110743156
0.434120899891324	0.181191130123039
0.679190959587267	0.331765126245605
0.986736821241961	0.779330276996998
0.00696925844078467	0.00384541305627638
0.152387184714895	0.0992605974108749
-0.716566419863151	0.554077852344097
0.161234350579979	0.10772650310053
-0.616077313106163	0.504080789677637
-0.667138401470967	0.403551354416487
0.910557553533875	0.764025535532306
-1.46912417147497	1.26464559901777
-0.0815845815676864	0.0320557027153722
-0.177521576057886	0.0604515026270669
0.808531649895198	0.336075401084419
-0.718160942707309	0.539458787864436
-0.327510037301093	0.147541428313877
-0.262500681634582	0.1283806985536
-1.35282639180498	1.10295987565823
-0.399349438923356	0.161999234386279
-0.941955809665498	0.685802783754939
-2.13284261940889	1.66122374229992
-0.238853585534742	0.0799568001465923
-0.623766927231997	0.30460945671945
-0.247233662151149	0.120615900811326
0.498396032291303	0.426138459237665
0.0291186157224231	0.0228127384413285
-0.214183370617781	0.147785553535656
0.603980157674421	0.304369953845955
0.941110931973215	0.255363319569636
-0.170335978132361	0.0609054662337549
-1.03952973450319	0.426155787261663
1.77377481974942	0.953047658699017
-0.325431573491553	0.154947940471947
-0.691763264159518	0.483959999473215
0.889361525018248	1.08246901879037
0.158976377316734	0.112239520723757
-0.0842931431015847	0.0530335076407212
0.388629499264109	0.310164445425623
-0.445507105934818	0.394044497995242
-0.2261389036165	0.196142724837152
-0.292579323372467	0.181582918228536
0.431111030920599	0.180004357845058
0.653495427275698	0.682571140983558
0.539786848321818	0.528449284203404
0.134708559122592	0.0441226587221308
-0.967015113315892	0.614378163164001
-0.4153047962228	0.177414640966023
-1.53449212145706	0.567056159779366
-1.79827108630004	0.44343860950155
-1.1052845778529	0.752073309366968
-0.520998892890581	0.400413723258891
-0.0279836544120571	0.0124379461695214
0.452695607783152	0.268402464232585
-0.0516357138384879	0.0334284013533218
-0.21747180575095	0.1882047060002
-0.362235427581221	0.246382602329794
-0.0389760065652924	0.0181726021376241
-0.109036661207745	0.0439419792917725
-0.537346054879039	0.217331390886752
0.134340411746671	0.0469180955319092
-0.168494117078388	0.0617790283380894
-0.325313441238839	0.148473652994427
-0.607257291723789	0.421481150734102
0.40054845196252	0.318929175782535
0.515865282471838	0.424693010054463
-0.735374141013761	0.684527194885997
-0.808455606572821	0.580679801584813
0.667532564826163	0.570133611062592
-0.477245533285219	0.321775019590781
0.00166062668909943	0.00101410682387154
-0.686166095616281	0.468652531282365
0.432903188492545	0.405657268107361
-0.0162464790107205	0.00813109337033938
-0.622937862902448	0.306055300919752
-0.784681111087603	0.328236248361994
-0.425359755957789	0.223874243380773
-1.12228231499459	0.71117440650142
-0.248991579139253	0.126358380667811
-0.248657031098468	0.125558913486527
-0.622491280980172	0.315037369086305
0.154431944975612	0.0955439439172933
-0.496109890889468	0.432905502573345
-1.18567831496742	0.681553964294588
-0.00996223142866736	0.00518335398142291
-0.0802591461199318	0.0508578002283437
-0.962550975858291	0.612602824581026
-1.00951188271672	0.460027550393879
-0.077720618842511	0.0343321187543143
-0.616610017966024	0.293051999073311
-0.661016375542834	0.38720222859065
0.316611268401798	0.190633321344929
-0.205278308599866	0.111960257462692
0.158899658871386	0.100982720802834
-0.324770885009137	0.155385695442566
-0.686406685752127	0.726556835212486
0.940908868912189	0.93205031075344
-0.809094524862366	0.445410969540386
-0.164166861617839	0.0622091166961839
0.152025047442287	0.0883816094625566
0.701214052277383	0.466578768831106
-0.944099887815442	0.683072049694768
-0.40906737712132	0.178426595528026
-0.892381101631546	0.885261592899089
-1.45858259906379	1.46503146291985
-0.610360218648103	0.28184327395864
-0.325703658751924	0.154626417865869
-0.780095001668705	0.338451258354425
-0.403889586751197	0.165714222483343
-0.655303254024376	0.367179367556813
1.08819082751459	0.831870487906634
0.49120720782053	0.293593503147032
0.388761096276367	0.176487259302875
0.643716369391301	0.448652871636083
1.38233045085604	1.04274567616455
0.299428828241785	0.16691528360718
-0.558940003320114	0.345661353927394
-2.72268237696576	2.87664136791283
-0.464199276070247	0.361464509873906
0.0479650887252482	0.0276897396936982
-0.049476159037173	0.0227292361714747
-0.243387709987614	0.16387782423003
-1.05729007967189	0.853215088583615
-1.05872626134749	0.8099379181653
0.281757427835651	0.207345231293394
-0.0777042333053343	0.0348073844312835
-0.618062170451355	0.308574530477795
0.52173054269183	0.404808375725025
-1.04756464451673	0.422542066773274
-0.170927985502731	0.0615937868071092
-0.0857526547953406	0.0533450326950018
-0.0335571452999794	0.0223880726401816
-0.637365455868841	0.505612678654985
-0.209527540188336	0.145882344128574
-0.160327934571026	0.0607030233359829
0.135237051724847	0.0466067120247348
0.928916617839277	0.903247090218404
-0.0110534012032546	0.00570066871289276
0.937499190632754	0.261653783809326
-0.408844840646204	0.179390817300938
-0.324056895742629	0.150246964027103
-0.995957591076786	0.503339908750422
-0.626232407436239	0.305709852860152
-0.626924003455925	0.305663071815181
-1.11414493561267	0.720372849326962
-0.0716655531936143	0.0305091318103097
-0.936088591349933	0.673049290590659
-0.0767614468246812	0.0344390811156773
-0.0404926949130571	0.0190392267688736
-0.539261682125202	0.211573173204944
-0.160134076048543	0.0598641146791036
-1.17909723701855	0.62424674913452
-0.319363395011397	0.152551632801927
-0.289764346406747	0.188484645252058
-1.47754782919095	1.25811056810858
-0.943527391594951	0.681353724333973
-0.25054168344711	0.128370130086931
-0.175347701945712	0.122645769055787
-0.0459252643720042	0.0304061579438157
-0.105613050442416	0.077572172954648
-0.958143215058201	1.17496766315589
-0.933494298067241	0.68287646513989
0.763235728349983	0.534823427565305
0.0476662578514936	0.0282126100656657
-0.330605558276242	0.252938755207924
0.0142214747382925	0.00805970306790129
-1.21825606072617	1.17948299898729
-0.597635848153433	0.44158077332356
-0.674654502841588	0.387003550817232
0.287314276741285	0.193430026520586
-1.11031924022944	0.77572281644483
-2.36044643634073	2.04091135336141
-1.23551822796135	0.957162922416439
-0.688879214130478	0.487119002324077
-0.0454109240836039	0.0218224376110581
-1.24742437100337	0.919575997343626
-0.345111985205473	0.212006356687477
0.307446982699405	0.195277322991751
-0.163155351277376	0.115203909965341
-0.0136744466809704	0.0069774903624466
-0.150254346165738	0.0845778205652694
-0.15415881168351	0.0889066102660216
-0.998024863222367	0.527784975096114
-0.354049574734096	0.257162134733045
1.61504479441642	1.0315210568346
-1.85561011367346	1.18467656559468
-0.808437377284953	0.440092503983796
-0.203120515827165	0.107771016694885
-0.163640254633394	0.0617987202008443
-0.783277041851211	0.353190566145721
0.545811909745457	0.29654218976918
-0.46452734043099	0.353374493464153
-1.04852745575138	0.433634927743835
-0.37166850618918	0.341065719176924
-1.11380166826128	0.758246141530679
0.674335375431806	0.32394955541711
-0.519958414629447	0.406667286145893
0.659562908824809	0.54496052455646
-0.409131993315242	0.280005799708428
-1.04943984763545	0.413578242222271
-0.785295260806664	0.355512129363445
-0.40906737712132	0.178426595528026
1.06942167662331	0.663632164201631
-2.13440083988185	1.54541419365563
-0.313210174625009	0.144106125803637
-0.963196843533541	0.598470488515215
-1.16723197082011	0.614332416507827
0.889889726319421	0.500230267815998
-0.93678775752299	0.707875602355158
-1.8327708366515	0.773400670623549
-0.365786309699024	0.111027187131026
0.885672288383603	0.495760196887428
-1.48339387994932	0.986989428469725
-0.539993656261957	0.210811670479574
-0.530722060695814	0.396428727449866
-0.605619090183142	0.610377405668554
-0.812563509469464	0.688915225713392
-0.282027273110772	0.171087757096025
-0.0493910811773431	0.0325723241620003
0.0183927346028027	0.00941519350168682
-0.25802246628106	0.183754947655116
-0.559011373366436	0.452325771289542
0.414445055998093	0.304952082977357
-0.742515082241636	0.263002039304592
-0.32117986227371	0.145149468602787
-1.53342097681294	0.552979410527908
0.127828703510112	0.0479833285058896
-0.492953856961492	0.243397340397585
-0.163450720813566	0.0618388623357549
-0.812654113016798	0.537717789328292
-0.788418523814027	0.367859720616813
-1.2306095237622	0.869372568345725
-0.108096040654721	0.0433536699833979
-1.0545279416626	0.418155888704423
-0.717620847318915	0.652598519376327
-0.410775091606826	0.236829951780063
-0.754836933405642	0.817907069479129
-0.594022488101747	0.427733427417495
-0.235863920944996	0.177682088885246
-0.114811768015421	0.0645275633127306
0.583125667277978	0.294550976975326
-0.961626916653013	0.587771359065259
0.823185162882425	0.702413592719512
0.144589758282915	0.0820552212688457
-0.498339159586545	0.265756982621852
-0.248811267133179	0.119037358439443
-0.414443281668145	0.233243207037568
0.535249337986891	0.309699230554119
-0.0612243758216773	0.0248774169454995
-0.503104536933122	0.276151241730531
-0.806310395756868	0.446030617129584
-0.15918965778507	0.057873340576379
-0.543208681646357	0.213507639679037
0.131119911696618	0.0516671031998715
0.138285476715139	0.064496473867891
-0.102049156447489	0.0627397002106862
-0.936078367937341	0.700807241835322
0.0307495277895243	0.0190884151436816
0.0192961112124368	0.011335757660572
0.0853733809250776	0.0704107868853879
0.152140968307734	0.105714332341212
-0.00757454614128715	0.00392248341367861
0.540482555717804	0.305681309916379
-0.161930230025888	0.0924754641758049
-0.0131103886921205	0.00672497476155157
-0.424806410950453	0.229080184947374
-0.347644788580955	0.208147151654223
0.321504061880508	0.175710427598009
0.137890709949604	0.0609115962737022
0.134633050745588	0.0566908623768157
-0.960042516074096	0.597379096276809
1.75768867868758	1.38424137014305
-0.205707130771082	0.11069696081272
-0.11894728601317	0.0474239942640318
-0.802468789649809	0.527841598526635
-0.534155277501038	0.214045732917314
-0.576046841276717	0.530981855273998
-0.206822875938861	0.142799461980734
-0.469617411782432	0.317990061235832
-0.493263357199546	0.253707896968136
-0.0726266734866235	0.0322265313834406
-0.109581370733934	0.0438713169333166
-1.43984303797816	1.87932935862846
-0.240810911572159	0.080438007970935
-1.3361228857993	0.828144591137239
-1.04039993779762	0.412918774533451
0.150575043964835	0.0398742802241122
0.137379333500041	0.0482491802202954
-0.161032020295803	0.059171138882061
-0.238969335753152	0.078263429619897
-0.496413977042592	0.252515034484557
-0.357198787678676	0.407714090923269
-2.4822945618219	1.4230881558581
1.31041866978774	0.610006844551424
-0.233830271346971	0.079880351732573
0.348292854285153	0.177442205603809
1.30936401123149	0.604419398142513
0.891642089087165	0.484001148117764
-2.4798913174898	1.38617102211329
-0.542330268299448	0.212299688420961
0.647798903761395	0.653079617069821
-0.285356729264097	0.288326421906667
-0.378002077795337	0.302666052421367
-0.29799824634161	0.27541741625054
-1.2518404969812	1.65884533108329
-0.39930769965627	0.382136807136918
-0.710852853093486	0.892297873915011
-0.147982642026482	0.137617238467408
0.155942505126669	0.0946418428774471
-0.549947582831324	0.199210257216418
-0.678267658465923	0.460598366582769
-0.0428615584637626	0.0209985823872268
-0.78475737674559	0.352205155272212
0.510424922813668	0.193438302922747
-1.14934954991944	0.361642569623747
-0.556496940500442	0.36595658572973
-0.704837643673179	0.576716794483813
-1.1868007926067	1.46491443170378
-0.742980541310455	0.78459630765935
-0.59837897875888	0.445468107059054
0.458097983938764	0.318479377584667
1.7656469767351	1.05949568864167
-0.510106028785955	0.264143057662634
-0.587480778770567	0.419947641878876
-0.559092696608824	0.348813353915601
0.346063768603307	0.169950357816375
-1.49290114125134	1.01906538161607
-0.613515401538614	0.301214947728155
0.425516076320697	0.171424260428382
-1.04943984763545	0.413578242222271
-0.166131237457726	0.0602466422322626
1.26082086026106	0.71277476751038
-1.11023426389199	0.771347784732005
-0.326827241009273	0.223839011686738
-0.603282548140124	0.610194366640144
-0.670357447546906	0.398062362328815
-0.620856830112681	0.310032209374323
-0.252961046476992	0.0766992959490975
-0.411894430982352	0.180404527974127
-0.165446184438452	0.0608324769381416
-2.09125689151582	0.988117202473143
0.129420045606031	0.0513312979752865
1.38108986576058	1.04320319200212
-0.317939659540549	0.147137868440352
-0.166273955314503	0.0941814687524548
0.913868137299107	0.994547742474598
-0.20340403756822	0.137158568867279
0.156612782674445	0.0958041914508103
-1.27578706527654	1.13235624716028
0.289097780272379	0.199816254430073
-1.19762133683975	1.14301015062151
-0.941973677131296	0.690755917937263
-1.68970061688011	0.984213343761052
-0.999274240725256	0.516767991607716
-0.20296045237156	0.106193803885864
-0.243796363156039	0.0832740997549207
-0.78475737674559	0.352205155272212
0.382351713233566	0.178124790051543
0.145325402146213	0.0698207273981315
-0.10726758139673	0.0433531632590504
-1.33922002452102	0.878000707347272
0.421039046682103	0.279811519787183
0.140142898224689	0.0616052967793107
-0.492316115411984	0.247155776727787
-0.974013682042492	0.576830959986958
-0.558499917588306	0.351708348354063
-0.934634924984797	0.658134666114976
-3.35072280828155	3.10571447923177
-0.93564157096471	0.709189783039237
-0.0890952776413728	0.054855190974739
-0.204692181211701	0.138369283291759
-0.477548364920451	0.289888105933098
0.0302917342664225	0.0176394697580881
-0.933060536536474	0.684972210204615
-0.0930783305480241	0.0560787749319392
-0.320802544967044	0.138209045063653
-0.788418523814027	0.367859720616813
0.69711784936071	0.468442024451169
-0.0210934461298563	0.0103632474723052
0.51033816211779	0.187496519895631
-1.33389621226034	0.804914704887304
-0.282567527347245	0.17358579246079
0.459498101138464	0.315198634493417
-1.50146816014262	0.797879294056104
-0.320020894524032	0.154507692714615
-0.686071803991231	0.495863053856761
-0.623432839267134	0.314137722768669
-2.30904119357835	1.17202362633673
-0.113810692848447	0.0466829997880982
-0.623679222433441	0.304232502737939
-0.182660694313975	0.127973644991347
-0.23779019895304	0.0816855379093685
-0.538945107973805	0.21472697029376
-0.105392064607884	0.0416798143345379
0.788223414795401	0.597504774788969
-0.712270446785364	0.55777282337645
-0.816536988625548	0.523146750252313
-0.14970206168761	0.0801892211509195
0.598281553735709	0.454533257795338
-0.957795678334245	0.597227396370121
-0.505026138899998	0.26967188040407
-0.619917114202732	0.299249687800619
-1.05251019161795	0.429734791833162
-0.691333777459842	0.493313449364408
-0.989874648216215	0.498974421602091
-0.234793744858454	0.0805021626074223
0.132574631061723	0.0528388050181693
-1.85351352608029	1.19743691232444
0.130232203016104	0.0459791364778521
0.428312840150197	0.179225286992604
-1.17576657184672	0.680196786072728
-1.18194482348413	0.701563021555117
-0.367513793917348	0.250969406213296
-1.28747950847418	0.599950543236542
0.891516882556506	0.486123856688083
-0.812300564212985	0.77729692571405
1.53343992910734	1.69204040151343
0.594148320438719	0.559459106288061
-0.809139468103952	0.639947558588175
-0.789219644713654	0.36761859012188
-0.0465435268624546	0.0206278702108465
0.154339399065016	0.0982869441998939
-0.354749419520068	0.24315466744289
0.144659863262719	0.0672054943023819
-0.534309365974146	0.21015497619132
0.0225402602326458	0.0132565050584818
-0.692856173016295	0.484358269663282
-1.83900812453972	0.78336625832403
1.26082086026106	0.71277476751038
-0.11090417647511	0.044846570540479
-0.00401108068757246	0.00182566809261435
0.30879486820408	0.184039279481645
-0.348773536689889	0.211761203289373
-0.416437285320486	0.176269162481311
-0.0328918403475199	0.0155672424317589
-0.0408775330257538	0.0191029877700643
0.784762500909194	0.456938574472229
-0.621797088871531	0.313923862316173
-0.412117277505505	0.234964246490665
0.29323034311058	0.173533942795204
-0.247311689588395	0.163899409194198
0.159892381887223	0.0892836365091774
0.139134060358204	0.049052385159294
-0.906542537269567	0.855629519085689
-1.26702991056606	1.1318810056329
1.26260441477674	0.70888947383478
-0.414443281668145	0.233243207037568
-1.03942248177119	0.428820497755674
-1.18226197496378	0.671528394813446
-0.16775181424563	0.0608747514497811
0.130875233975964	0.0534607698303288
-0.116619186744798	0.0464425655414395
-0.364710422394577	0.10867960623312
0.134445586868024	0.0452368881784986
-0.814967211315429	0.529698591038242
-0.809038963438272	0.620238335646442
0.52903148545763	0.275275243990657
1.01091342455058	0.367755228816798
0.134340411746671	0.0469180955319092
-0.115682478473263	0.0472140950734097
-0.690570942936649	0.4692529558323
-0.800414214827729	0.457652785092769
-0.505311667490971	0.267322835105481
-1.69117454881799	0.974809644847702
-0.413927963359192	0.233856542558039
-0.803577781755745	0.454080213630328
-0.249540048662114	0.167007925674591
-0.501845150329593	0.266946038037206
0.482352170196797	0.289207430895295
-0.402816454268243	0.275195734128294
-0.449134325929104	0.338477669603098
-0.49483837557409	0.256855780738108
0.493810534893095	0.302771894518287
-1.6951983114839	0.997679123029343
-0.196380828862783	0.107173556343685
1.76483963854357	1.01341838191559
-1.04360026686825	0.418948345293282
-0.183872083791837	0.128119957761884
-1.33903789842585	0.861681999614522
0.641660751597517	0.463465059736523
-0.664723352070766	0.382323874578019
-0.200967903404485	0.110895461187273
-1.23280570925565	0.924985621918522
-0.312933708029173	0.14352978750966
-0.421709871843147	0.238708938936295
0.777115620047289	0.46188258150868
-0.512313552556058	0.261203124093126
0.12444494228512	0.042239886532295
0.721573907109838	0.594780905398027
0.365801549323962	0.304216222354982
0.0103989562862585	0.00560747374792571
-0.209627972400214	0.144740949313019
-0.696608642610808	0.545502202136319
0.158122883400416	0.0964564146448022
-1.17866988170833	0.665432458487061
-0.778835784075945	0.353804879737585
-0.968306461731698	0.590540365500309
0.149353573311438	0.037500046284611
-0.164166861617839	0.0622091166961839
-1.49101983780872	0.990763382954475
-0.107158176462257	0.0439460290259027
0.13648734603823	0.0592052823758335
-0.0703848027748623	0.0315510424544167
-1.29943533778218	0.589726005890001
-1.05882511489753	0.824842010807041
-0.559771076759911	0.339396565356129
0.147298535161635	0.0299064650853773
-2.58389336218252	0.718322275969984
-0.638053781472973	0.159413989769262
-3.08638015821861	0.976947360312344
-1.48400405999876	1.03552463054954
-0.404821271147371	0.624242278095715
-0.397053105056809	0.576303084268108
-0.431567021545936	0.438909184273473
-0.563182813195555	0.553841605569395
-0.47807842003927	0.308765638271551
-0.238873496893652	0.0813017835792925
-2.58035413683893	0.741528858997695
-0.355736610515039	0.103418330314052
-0.250907378573158	0.157472527299562
-0.366862990219358	0.108975842075023
0.15045336866841	0.0380860428865526
-1.84011043275841	0.791356332498899
-1.79827108630004	0.44343860950155
0.93640634666493	0.254775499038721
-0.159525667147196	0.0605133567791143
-0.327033148548343	0.3681218221049
0.119626201700461	0.108229688982421
0.218729238371183	0.226300685158526
0.149437344912318	0.0387143285458533
-0.635536067431146	0.156838726108935
-0.635536067431146	0.156838726108935
0.936593763299916	0.259936987760241
-0.37108690028153	0.104516946275494
-1.79827108630004	0.44343860950155
0.884514254316746	0.489489962445676
0.351509266812592	0.377009884277779
0.135131526685483	0.0578687470931101
-0.759028373141732	0.91568196555631
-0.441015425422341	0.469093971175478
-0.480030016671915	0.317737594564067
-1.79827108630004	0.44343860950155
0.150575043964835	0.0398742802241122
0.147571338722617	0.0296534813215984
0.155347612608017	0.0390265755881082
0.150715901937816	0.0298994530276061
-2.57959143539798	0.718828611548918
-1.1503622450131	0.360685940099702
-0.3631673929264	0.107293544166728
-0.742159792951855	0.273560129045021
-0.638954644635542	0.163590857835517
1.31226702000546	0.59760797927366
-1.15166570632806	0.353848826311482
-0.412634832847966	0.182155909112211
-0.196941957403135	0.174142089190129
-0.480651190776036	0.450615240192542
-0.444502526762039	0.466802068261546
-0.119881183491514	0.0478933706673617
-0.502665663744228	0.556361110447319
-1.99917285615163	1.41104653182119
-2.57959143539798	0.718828611548918
-0.322063933508586	0.150704931328269
0.151714458282224	0.0388912867750066
-1.15441539366439	0.355848450407468
-1.04949077847767	0.435890454815377
-1.53556404729473	0.56605263232295
0.895393393932733	0.748338174925
-0.416526108848002	0.431173201685064
-0.90268583313698	0.885185685173835
-0.616763453143945	0.301993790965302
0.13807845482994	0.0420246516498512
-0.246836013925702	0.0809170107856392
1.44312568398976	0.495883856806621
0.14777015045699	0.0370196640723843
-0.742159792951855	0.273560129045021
-0.638954644635542	0.163590857835517
1.80979167355072	0.703228822066256
-1.14570986018397	0.345493804480113
0.80454431993714	0.352673554479773
0.950534665620848	0.626246278847583
0.244040983867346	0.188135309760944
-0.659108837591392	0.398534262190986
-0.511544719843305	0.525369186634608
-0.57295260149593	0.551040598385883
-0.927026687513777	0.751952359412506
-2.58035413683893	0.741528858997695
-1.52930838704928	0.565957082481742
-0.79021776225098	0.3568651355299
-3.09089977214389	0.979262507080299
-0.639151761544215	0.160758461567798
-1.51338207032799	0.770538028725537
-0.156583027486416	0.0534686246471839
-0.329349747629827	0.151360036380559
-0.998535088445235	0.52395959859642
0.373372958529307	0.310583806652854
-0.497047186163715	0.430392750795992
0.135967896116025	0.0521952574423513
0.654236796829969	0.213945380780958
-1.84979105325238	1.16899437363009
-0.533278904561969	0.214121651489417
-0.410334378298815	0.176796439525761
0.0632571188431132	0.0430581109468351
-3.09180216433298	1.00300677259101
-0.740023940193408	0.261682523765812
-0.742159792951855	0.273560129045021
-0.158531498351676	0.0600096959484779
2.34274529629067	1.21547823100226
-0.533432171362934	0.208229775442145
0.990728969037775	0.785085002081962
0.484030863466555	0.490337132010766
-0.123733391452033	0.0715147733259589
-0.148977103914154	0.105687043221146
-0.720804855397888	0.697461748455909
-1.1520359404828	1.2997540134831
0.167115964559708	0.116078951638048
-0.628624573930747	0.505402765708477
-3.05801219638684	2.22762670719167
-0.545914718693518	0.210318090533408
-1.53151586580405	0.574497786496295
-0.164166861617839	0.0622091166961839
0.133877035023476	0.0405706272598696
0.151714458282224	0.0388912867750066
-1.83284035639177	0.757627284997358
-0.0815287156511534	0.0350916966613476
-0.542031723753418	0.216602028573759
-1.69446448841575	0.994717052396487
-0.120815636416049	0.0479414592799296
-1.85044119014548	2.31547443585656
-0.164163287387071	0.090770677773089
-1.05887957054521	0.864526168790027
-0.111946542412961	0.0457055581230623
-0.409812701789317	0.179119254313499
0.597147551158744	0.304576437461424
0.135326007292791	0.0466970211987188
-0.234892206256004	0.0787477952299076
-1.51435938721817	0.721124927640378
0.13496858485838	0.0418758500593107
0.509454416060186	0.192400711673136
0.655364036119464	0.218674474525788
0.126355652838889	0.0473649798962732
-0.508241427583883	0.23350669758185
-0.25963739910553	0.131767253064294
-0.40568548913594	0.178088867438725
-0.17490818187308	0.113432288404355
-0.456966809571877	0.353647326031469
-0.289063337259822	0.176161280780522
-0.414520141079874	0.233909061183918
0.016231714218496	0.0089525630309457
-0.0457620561191992	0.0293840316969856
-0.0785361201056018	0.0511272141038279
0.935100096623318	0.622403146135069
-0.288682249332655	0.184294361795148
-0.89592695114304	0.809129892994703
-1.04445264019477	0.430927724065131
-0.409289124952208	0.172064645099649
-1.04436434295654	0.445800704702982
-0.799103126176912	0.447955808592392
0.652695912520095	0.213141993776578
0.682343756318941	0.317054964719613
-0.0471462255506993	0.0223223152867756
-2.30145717907553	1.22204244823093
-0.109246018379103	0.04508030741302
-1.06979506411905	0.803353452361417
-0.232867313716886	0.0776541147121743
-0.938792518682491	0.699757730772474
-1.4618376389507	1.30622470343111
-0.320738588413638	0.149570141217964
-0.132409645403742	0.0762064149347037
-1.23131729703276	1.40552587582871
-2.14555056955365	1.41700337947185
-0.566979957267275	0.342757445487377
0.993703676194482	0.77709138272257
-0.720743638024407	0.643064755150199
-0.937660285986479	0.68331670526784
-0.205423545700363	0.111415655138905
-0.073581336695183	0.0336062763419565
0.680359808271791	0.33604475628359
-0.235760769893683	0.0787471827495425
2.11089995408153	1.47141935881031
-0.03795036682382	0.0179824945143855
-0.346102304616789	0.200700738200369
-0.482128262295304	0.322067189902142
0.941811698629808	0.642614326143338
-0.068499714954297	0.0308801930553235
-0.195373172783323	0.105337605776745
-0.11385703011212	0.0662495999563767
-0.114985955778326	0.0458824202566723
0.327353043532385	0.184334427578231
0.3387878894822	0.165687951455942
-0.514551761710601	0.260080163826009
0.895030260184151	0.454160052894028
-0.622544072178535	0.522511139404268
-0.120815636416049	0.0479414592799296
-0.410775091606826	0.236829951780063
-0.34153473709713	0.207318276186562
-0.788078322517995	0.348834886481755
-0.204454766603734	0.139257895291174
-1.33837927192743	0.85771232704247
-1.34221390348992	0.85095440799452
0.85501913690875	0.597272040445649
0.385850742955159	0.17909991202721
-1.1733283910043	0.979333175311063
-0.353505764770612	0.203033599569456
-0.111958629612388	0.0436473083497864
-0.404204428069518	0.175254554424228
-0.621797088871531	0.313923862316173
-0.514870439434961	0.2585748470525
-0.164026957914141	0.0933481399015367
0.139995624127264	0.0685963548824501
-0.0365881456067335	0.0176452190886328
0.499116613774869	0.308349465479116
0.298372267208057	0.187045118554336
0.0327098994274227	0.0203368150309553
-0.159966724771925	0.0921242725526079
-0.0729502366368341	0.0332528905744433
-0.284786200965321	0.180241621614376
-1.57596651714799	1.2015350250592
-0.925149319228159	0.764105794381761
-0.154048231820502	0.0891806306189021
-0.360087695702863	0.10401491121416
-0.804514301745213	0.460033829477361
-0.116138584749906	0.0480086969068476
-0.168305493601458	0.0634965205349416
-0.624015728443226	0.297737688570949
-0.0040302589368375	0.00188029187950301
-0.317304933863509	0.150856014956897
-0.190067338672195	0.0986157778204449
-0.110662246806968	0.0459716754023376
-0.200528613087867	0.102628503021235
-0.163875783866493	0.0943827028669598
-0.0451916838233723	0.0216436701506503
-0.574949297168732	0.316504831805877
-0.599567518404513	0.427564691594584
0.139750042872507	0.0620535895618652
-1.33445928693218	0.80743302001653
-0.558515844413759	0.349713558380305
-0.963196152779699	0.561661303928399
-0.101660314637103	0.0643617900896588
-0.0908286768684959	0.0546297805056032
0.449523967938504	0.286120131138902
-0.341816766972091	0.189626968842461
0.373337754348874	0.16190979183226
-0.253775347622275	0.125873770579182
-0.40568548913594	0.178088867438725
-0.159525667147196	0.0605133567791143
1.34921825043001	1.19012632126171
1.22543970721083	0.953088569078646
-0.685192796376569	0.475070405373151
-0.419496307069357	0.283066412925692
-0.24315805089063	0.160942044958434
-0.25896025804168	0.121640185294816
-0.59517696801039	0.446501082215286
-0.560090995159429	0.35933056948979
-0.495784883531255	0.251849404295813
-1.10937074488188	0.779208599663148
-0.80324729908752	0.756744213070157
-0.161338251359858	0.093422377489753
-0.478511019834857	0.321010216354709
-0.41251204782309	0.240729532873112
-1.33689291399961	0.836282502894592
-1.05729007967189	0.853215088583615
-1.49350881005998	0.977382836493029
0.142818901860482	0.0698887171873766
-0.407549074935832	0.166298895716607
-0.531087382075294	0.382940967093452
0.773382693908521	0.458592332850662
-0.237914130507886	0.0793329028641972
-0.541155363870536	0.217914309576922
-0.0434542789759272	0.0211274222720482
0.594911879567149	0.319135717363168
-0.413883638680388	0.286197961941732
-1.29333870682938	0.608512248712021
-0.186344403015949	0.0925793387038974
-0.248204826780255	0.162309208799764
-1.16659902187065	1.52935392915839
0.351153987076742	0.179064238753709
0.827359426108544	0.848450919642631
-0.99273890761014	0.945655896171296
-0.107345511086936	0.0808276476611867
-0.474720199846728	0.308834648778294
-0.415318801109601	0.287125519797712
-1.74352593591493	1.40960223871428
-0.105392064607884	0.0416798143345379
-2.12202354307323	1.56428469232379
0.404675184638117	0.275879033857595
-0.0945576710778117	0.0580444762585417
-0.317748967895175	0.136670742646565
-0.228608842275676	0.137814028292822
-0.408617844426704	0.231773525126131
0.162546522383127	0.103724974426774
-0.288317773805922	0.188026640132813
-0.162794901330588	0.088927178093744
-0.802421109220494	0.722758706659783
-1.23921774281187	0.935166926681449
-0.993164199948441	0.515283271365812
-0.0261062067938515	0.0125439867690706
-2.48634691435857	1.4577659344989
-0.07900209105057	0.0334036616902895
0.150655495069941	0.0785066589833434
0.382691428720753	0.174399486386619
-0.406515057114226	0.288765205239342
-0.422846524710821	0.281403699938983
0.341689064537616	0.16958165054062
-0.470449860782023	0.306020152956319
-0.668114736517524	0.402310037247101
-0.211760545085412	0.14726551525458
0.0560199957849341	0.0355935155602492
-0.612574173252912	0.299952379178813
0.351493404475771	0.180586514380823
-0.502126254454496	0.253560358831381
-0.200545655582437	0.107347554530827
1.22080770000138	0.990430880681821
-0.408741634422394	0.179124317467852
-1.98981797829721	1.3571726141594
-0.622141311937767	0.303409227868259
-0.170102690414963	0.0621777638963027
-1.04349566692495	0.428711682497803
-0.242282327289227	0.277670457756512
0.658143770032959	0.896540650905104
-0.431741878065576	0.435282038960288
-0.812666851572419	0.850690582784523
0.14394296757226	0.0774132452348651
-0.106072865259644	0.107361888051295
-0.0479149268043589	0.0359863296558946
-0.689552579655097	0.775089913914786
-0.543059060231839	0.217923143403964
0.147571338722617	0.0296534813215984
0.147298535161635	0.0299064650853773
-0.365786309699024	0.111027187131026
0.146197123095659	0.0287159079027214
0.146530154194694	0.0296723933695664
-1.52938203058712	0.554835342168621
-0.0515858117832213	0.0475779512873301
-0.99707002371336	2.06108926675488
-0.0871083680996037	0.0632668331530357
0.937499190632754	0.261653783809326
-0.640051550461191	0.165024385486426
0.509367090253274	0.19233555776527
-0.830807653241133	1.35545358141246
-0.640051550461191	0.165024385486426
0.504239368729425	0.179923954923252
-0.245876093255682	0.079481957311825
-0.635536067431146	0.156838726108935
-0.359488922044695	0.107399144350341
-2.57959143539798	0.718828611548918
0.2172808824634	0.219446570824415
-0.905479310532718	1.42118002291935
-0.810606240174879	1.04176332022134
-0.27186861347155	0.208682427453054
0.530794780876563	0.298361255219108
-0.676940878721096	1.06633965784179
-0.290705028573272	0.246151734170161
-0.269195536241759	0.252179989213373
-0.311920292956904	0.224083275789317
-0.238853585534742	0.0799568001465923
-0.236822024487708	0.0793879419132553
0.155347612608017	0.0390265755881082
0.65649188754849	0.213828185787937
1.25912084256065	0.716241038125386
-0.331311845045862	0.416928187696567
0.00223041536898131	0.00207350361621394
-0.0109726106285073	0.00914127744907761
-0.534309365974146	0.21015497619132
-1.14934954991944	0.361642569623747
-1.24357960725703	1.40694626528032
-1.79827108630004	0.44343860950155
0.515269628401049	0.183892060228889
-0.640951987120562	0.160195969285506
0.651620019017489	0.218540697202247
0.137707331334772	0.0416744860624087
0.647466363634098	0.210236164771066
0.150715901937816	0.0298994530276061
-0.360560346528662	0.110506092787366
-0.535434333049519	0.213943313751671
0.226329123503068	0.199281207416236
0.629143803819047	0.710058560493981
-0.765784025797521	0.795990904064574
-0.242655663601241	0.159396670232474
0.726265357500543	0.576691996416529
0.0955698241224958	0.0812441781481869
1.21207038394819	1.48785132341978
-0.0628424656019804	0.0485646119408907
-0.907223170021797	0.786843342493285
-0.166323084199208	0.0624224519468323
0.141301354602922	0.0439626882643758
-0.54383563817481	0.204986466385714
0.987547110223573	1.19170204088383
-0.764429478090426	0.97238905720595
0.0872827003971502	0.0684169216424721
1.55823731537979	0.833067250464455
-0.742214024546646	0.265076593943061
0.14278047506627	0.0286976566342611
-0.903723201384158	0.906472718434757
-0.950013928741678	1.14951018713661
-0.636293140845471	0.271000540388773
-0.669892682791138	0.703545666391195
-0.919291540076994	0.793619192967202
-3.46306341772265	1.27024715811195
1.31833961279932	0.592281316130891
-1.15064167724211	0.346681243171548
0.148420534192756	0.0374024025336795
-0.535434333049519	0.213943313751671
1.80753895631949	0.735539281495884
-0.745316628206725	0.266605865355488
-1.1554350298159	0.363497790570843
-0.0177533715094021	0.00900699752284694
-0.487169634704132	0.445607985570742
0.313277867321615	0.295544921130447
0.161025815047233	0.136122454238321
0.286702943060047	0.195665158862145
-0.366569947123462	0.330697224174509
0.256273963640813	0.216933469144209
-0.398110486415639	0.308245999802019
-0.187036785233756	0.149257827247076
-0.413598053527282	0.181863090289465
-0.998993021989833	0.510959751285194
0.37977895104212	0.17685400068766
-0.809358660611022	0.546094622883409
-0.951039289762531	1.02110634097438
0.162138400064187	0.115148449560772
-1.45652946012862	1.57613411742145
-1.48017789273451	1.03748039864953
0.133924263595915	0.0407371768928001
0.13496858485838	0.0418758500593107
-0.742159792951855	0.273560129045021
-0.244307896729095	0.188346582910411
-0.461695049465304	0.370173823359689
-0.61882814573273	0.506749573407081
-1.69164645035375	0.995740845736888
-0.732052840502984	0.752979277701698
-0.344965001473027	0.198899250688243
-1.85008640469095	1.19181649971768
0.14343254477838	0.0422954895994488
-0.167502511317909	0.0629544677645849
-0.234892206256004	0.0787477952299076
-1.1744915553999	0.664407958569788
-1.53258394637612	0.568939892639774
0.587042862762292	0.308056217455339
-0.243850749159311	0.0797999116917586
-1.04350155286969	0.429872929116567
0.0517601692954913	0.0349489498042737
-0.269594377134345	0.201306282304479
-0.816165635979639	0.901085443594382
-0.0220841379987568	0.0108654804023024
-1.32181048093034	1.81914053305951
0.502505290317978	0.523373729437015
0.0353687371336315	0.0220018632345682
-0.817680860440826	0.6943357761552
-0.586926721895636	0.55330996955486
-1.50340944055895	0.711340334959693
1.01510997726077	0.389188379352661
-1.04746380174536	0.446251819108337
-0.0770708580042799	0.0344574463676292
0.140658832854058	0.0681017561758183
0.0365706390415766	0.0216425675376485
-1.01041348458702	0.868954430309809
-0.0707747167648416	0.0456025462067551
-0.629848245592832	0.515548871069059
-0.902355350555089	0.83465745534242
-0.253033674438962	0.125543279949175
0.266326723349003	0.201182680988693
-0.59684188172713	0.446757902675693
-0.359430665610289	0.106502760621845
-0.548910652111844	0.19814818398653
0.129289315904902	0.0545085559914147
-1.30086185886347	0.552616439718324
-0.0710625441528431	0.0319900719391581
0.389837689621277	0.168572717470339
0.674861872999053	0.330183863567836
-1.04746380174536	0.446251819108337
0.324970430648591	0.386473493784607
-0.411584956741931	0.386827666816645
0.0779877070718713	0.0603991519934838
-0.12708025806799	0.089020731436505
-0.355936351510356	0.257832756538921
-0.227196414536334	0.218536315807497
0.591187909992398	0.545989118611231
-0.18792840942898	0.14840311124775
0.0483581805019771	0.0311568330294889
-1.33997937645314	0.831330986708116
-1.53342097681294	0.552979410527908
-0.974641176269743	0.578695679967233
0.434736934993215	0.183785272890631
0.508395487354649	0.191306406455878
-0.636440752837538	0.160851189766091
0.13807845482994	0.0420246516498512
0.136892068419599	0.0529506532291669
0.656440753924413	0.213319986430999
-1.5288025806516	0.552844657042527
-0.962568855745366	0.593205988609784
-0.716916622723849	0.977560814222437
-0.299445013209461	0.305768316928791
-0.967725684338946	1.42529022470303
-2.58111733796692	0.714610945265779
-0.643902881320565	0.161368815571743
-0.683557199954109	0.737868188275594
-0.0146704001877469	0.0101887760188098
-0.650706387544708	0.588707421162392
0.527243045304011	0.297620833542938
-0.510868552125074	0.508667379840727
-2.15065172260407	2.73729867050271
-1.1503622450131	0.360685940099702
-0.638053781472973	0.159413989769262
-1.04038355317258	0.428241517084643
-0.636440752837538	0.160851189766091
-0.743552658833308	0.262807097727437
-1.29420827571634	0.607795325173268
-0.533278904561969	0.214121651489417
-0.410287326782977	0.289259132682032
0.426643980423158	0.306404248687662
-0.604936310196233	0.609839217008275
0.312509029998847	0.180207175719155
-1.4463744883274	1.925690976016
-0.470555367611061	0.365529895278002
-0.607916902058474	0.678142349162696
0.160168621488221	0.105886722307852
-0.807330088411858	0.70931547244083
-0.414309816953878	0.23290151800277
-0.619703945986622	0.307637553095681
-0.986705761404011	0.477557072989038
-1.68467043825533	0.982158599630518
-1.50307444338272	0.814556392712404
-0.155186326040078	0.0556752157065771
-0.116138584749906	0.0480086969068476
-0.470717293005275	0.317909863090088
-0.11448742130002	0.0866208605229766
-0.330222490890359	0.182811776368747
0.335958473255029	0.181096601860173
-0.469512879011318	0.312809372523787
0.346381894185733	0.164532219379186
-0.797641389444498	0.336735574854525
-1.33520857994292	0.828120447365994
-1.01354226393019	0.802524475476638
-0.816786433101691	0.836798062388795
0.484331418750909	0.29905556179303
-0.107922984895092	0.0643033414502378
0.71258199151508	0.582679480989638
-1.29030481486518	1.34555995348707
-0.257753943837742	0.132326045164316
-0.551185803902004	0.342339010244039
-0.937813249893043	0.671469126944942
-1.18636886760923	0.678216666377904
-0.786173474151281	0.357404743207727
-0.679185182807861	0.367495077894197
-0.251483115627869	0.127889475232773
-2.01075408086545	1.26495866380076
-0.976565001933491	0.549019110954033
0.151197275659085	0.0893214233670664
0.434745170232099	0.31661331093028
-0.315524154859511	0.231728418162494
-0.251652068516027	0.127116507295858
0.167304951108633	0.116234633344258
1.32561384254587	1.36916160855039
-0.404300787300731	0.271012112066706
0.8699495090724	0.869561655186986
-0.726097741964479	0.690725568836399
-0.0910800027139421	0.0567093561009639
-0.290305640447967	0.189076485366879
-0.0992485824652723	0.0596842304649114
-0.0500677627247681	0.0229725274488389
0.130158378213711	0.0567374185844572
-0.963825044831651	0.599849694489256
-0.469357080699112	0.298676733928702
0.534954954636111	0.293610435963579
-0.993497048060355	0.516919190277734
1.25550596231884	0.677005978540071
0.40914866612538	0.300417334303337
0.268355764994383	0.208941879014222
-0.583242008714799	0.54432546561725
-0.20271543959811	0.135211376254512
-0.203438587630121	0.139800418594593
0.147571338722617	0.0296534813215984
-1.84871015234926	1.17919374894645
-0.93565765794739	0.672499280557374
-1.23742428569958	0.891336418894701
-0.810682010170976	0.546335334685258
-0.416436228175603	0.328880445638556
-1.10000020580564	0.726197069888247
-1.34762596313054	0.863108955174434
-0.965425723999257	0.601756282991128
0.380472847073521	0.178583812279393
-0.410566717667865	0.166716555120204
-0.812654113016798	0.537717789328292
-0.241681728939409	0.0798132682576695
-0.202121724561355	0.107653244437157
-0.619703945986622	0.307637553095681
-0.520477097076457	0.402601821243789
-0.0673380832453074	0.0421439547109314
0.589245807878855	0.306915795163516
1.22009835897212	1.16811026365302
-0.614546330961065	0.296573771849214
-0.189699950082108	0.152311924764524
-0.337042710270874	0.140907836708965
0.558508316766524	0.439682504025752
-0.112290170395549	0.0468012113249199
0.969329572471324	1.03468227053335
0.644936073390987	0.450113362706779
-0.251796599306904	0.163956750871996
-0.112666087371758	0.0843152664850077
-0.810238260917254	0.638896022314888
0.0211937397809111	0.0120017829281115
0.139950315241095	0.0760698094928389
-1.3686217300555	1.04928611163228
-0.478453915842045	0.325330536984642
0.14257165141379	0.0829385027675568
-0.120133233122276	0.0711208046022534
-0.309842752231446	0.23334141159302
-0.534309365974146	0.21015497619132
0.460053786236106	0.316143911827096
-0.893468393627726	0.762468079091606
-0.347226817410879	0.211452287067465
0.325581509176317	0.177366069576695
0.300871423189913	0.19242623976363
0.139811040770081	0.0747750143157955
-1.85180208175179	1.61499597807237
-0.196653195111715	0.103960202063667
-0.177048669861349	0.123858497999497
-0.505657646573442	0.273559592529044
-0.562232762425616	0.350411966697588
-1.01555881164358	0.92537601519704
-0.717355212181413	0.549261006461748
-1.98981797829721	1.3571726141594
0.508189023133321	0.182658918043607
-1.1055500122466	0.748210538804692
-0.234793744858454	0.0805021626074223
-0.365786309699024	0.111027187131026
-0.699768650840698	0.774389495688883
-0.553382290160878	0.474098719892338
-0.082410708391612	0.0510916667110334
0.165030457683084	0.106677015923739
-0.175196890283494	0.123093118186438
0.161004806090289	0.121110023657206
-0.453334134121173	0.391101383956597
-0.310130440131798	0.229052623406353
0.393692627523819	0.307429255654139
-0.591982766855798	0.5312150846826
-0.942638665632415	0.674481421646851
0.538548484501822	0.302657929948463
-0.338978536085765	0.206498641068075
0.0753546240322451	0.0536139228018484
-0.0784843485528516	0.0505898596560011
0.135624812098816	0.0533801846509906
-0.510102525427528	0.267712960038421
-0.0395196989140114	0.0180446015993245
0.140942702613077	0.0681811135518664
-1.94910828340497	1.82729471625141
-0.973363807033474	0.571183495938606
-0.663541882458153	0.408872380460696
-0.173213897704712	0.120461986845706
-0.279986134610674	0.213100382641487
-1.61823813129112	1.19607206101409
0.465081472577226	0.309567956978644
-0.54579514912299	0.19653506400672
-0.652445200087962	0.584202747162008
-0.630017357790267	0.512691611320906
-0.678956621864037	0.456417883966447
-0.104208352489771	0.0417264715310166
-0.320294882205509	0.152394645374887
-0.414733772842545	0.175242837622414
-0.212964481606923	0.142217713329084
-0.29065912159285	0.184083212014459
0.166351370564912	0.139277826310636
0.0795668900848542	0.0599469561833098
-1.01496620764993	0.86958992801038
0.346589116150317	0.314751886507255
-0.644457539663587	0.594680875561546
1.34608384650826	1.24063708268344
-0.814093977305205	0.617427316634845
1.86658832768053	2.02701479735152
-0.581857235978067	0.537402357673745
-1.23940291159041	0.947429205937502
1.94980114249038	1.2510017412835
0.940190643956033	0.647106187378965
-1.15049600332665	0.365062590327348
-0.414282475154716	0.243107053649886
2.10381235080432	1.36792788835804
-1.29435503337495	0.604857472895685
-1.69477502369394	2.48625584994446
-0.455934287544158	0.404638055464918
0.776782668424158	0.831135312496664
-0.127691807507655	0.0748281148999548
-0.407134474247431	0.176504493108501
-0.640051550461191	0.165024385486426
-0.92932400640198	0.643572491558208
-0.461986787109548	0.400279254658709
-0.697177859265013	0.548847771260334
-0.807577671853715	0.534099795344424
-0.563250521081236	0.351372303439307
-0.157539074301719	0.0865907323824595
-0.947125801590081	0.662154038053746
-0.407356409147146	0.176542053810408
-0.781236075737214	0.357529181094586
-0.150001113707766	0.0826504104665673
0.459081628170747	0.318424574754038
0.021926329675222	0.0164450816283506
-0.411323659850051	0.331991340427126
-0.496095799264874	0.256882238690534
0.284410184399559	0.207976383602528
-1.76391021288726	2.22677538099308
0.268479290980131	0.202610455396267
-0.638455633335384	0.49820168179621
-0.717144852602434	0.645493091589783
-0.0909686584445357	0.055338318958987
-0.890178481054207	0.870329975290273
-1.21278340236924	1.24835569171863
-0.747993375999609	0.758176078078887
-0.410952476522188	0.179349783736269
-0.806597521506635	0.550831411793643
-0.404944822435181	0.177394552971478
-0.164313633260783	0.0938489588167633
-0.242583070837621	0.156514604336879
-0.344679947463687	0.19876132570661
-0.906626439808971	0.855424304912585
-0.582748320603723	0.527703075013097
-0.56267565326939	0.357792459017205
-0.475664760691214	0.327744978342359
-0.664158356150982	0.645435905466084
-1.23452671239081	1.47596838018351
-1.3532740796624	1.07504598297781
-1.12340774308315	1.08256819038778
-0.255232577386111	0.13337978286968
-0.326364923368938	0.154200921595521
0.13229248423556	0.0503781318484979
0.153260216440775	0.0909332020545715
-0.114103230555008	0.0835174963261166
-0.415432608365502	0.369941177852255
-1.02344602611809	1.21689536457414
-0.945263729535048	0.678248395701314
-0.047607053922284	0.0315697208622463
-0.347996733337448	0.275010511725912
-0.735662797075119	0.729101314217381
-0.65279699109527	0.585698184022725
-0.410665736086922	0.337131696103334
-0.328435840911555	0.276660218060765
-0.563603766565368	0.464159421442736
-0.637111054689598	0.73122820765664
-0.627416684086609	0.294287193305921
0.132574631061723	0.0528388050181693
0.775251810591851	0.463526894441116
-1.05739714589325	1.18581403037779
-0.0301353538108321	0.0209624075193816
-0.734956784430109	0.710389479106603
-0.728223278795454	0.724118258549038
-0.608287128352529	0.591044646206056
0.773774633290047	0.725118644277074
-0.617557496889529	0.498002452744189
-0.730788241235851	0.634883362473659
-0.990324727029857	0.998503455258124
-0.483354628330786	0.395985249842994
0.901874930273981	0.951694991294561
-0.631849356581336	0.534342140429167
-0.780885376987841	0.338303917274419
-1.18803373701568	1.49930583641215
-0.122043382079582	0.0888059347524982
-0.890820089831346	1.02738975260119
-0.734669996730281	0.767080738304274
0.0335765425660563	0.0206181485925539
-0.172813888397564	0.118591568421579
0.353217112099496	0.31220470615638
0.16967520618006	0.146386510972978
-0.0345120146979546	0.0223532866561497
-1.35350591567366	1.28524575529637
-0.806204783937288	0.555835932659515
-1.44145285196925	1.95382452458954
-0.865164021085941	1.12008320181151
-0.0808554352354624	0.0681925083457302
-0.111441605283589	0.102328956570147
-0.0651883947252766	0.0411724851401431
0.987847265064796	0.804980428026288
0.162409192227057	0.104032958884229
-0.167502511317909	0.0629544677645849
-0.416035114780769	0.236358302859867
-0.810489429358029	0.545091434047187
-1.10701787271339	0.714720049843262
-0.356145513361479	0.207142904196111
-0.674654502841588	0.387003550817232
-0.0935957396417869	0.0575899126858394
-0.226311085486273	0.198768105668832
0.0518446995842698	0.0449759344675238
-1.84471658581202	1.15866279682495
-0.669752175057326	0.39820957154708
0.596532063756739	0.530179041320117
0.0766592570082655	0.0547061586772708
-0.297776200575066	0.249323525985566
-0.0749938165490257	0.0462877744970918
-1.94026524912552	1.83868444105197
-0.0770819968829875	0.0500600740310594
-0.12336395548608	0.0867742852688915
0.885441416889082	0.495654317454105
-0.33157842269517	0.226836426784599
-1.36489997518142	1.07755811741824
-1.11493067543075	1.33247821751632
0.66900211346233	0.584179761201174
-0.711234104816514	0.575760172273923
0.696698879761259	0.445866020980687
-0.348892517354862	0.211096636943881
-1.269248676954	1.20608201672135
0.0455166897763604	0.0283541246446403
0.693297245943756	0.655435147320023
-0.242686186910057	0.115448711483492
-0.248308430923549	0.195018711331025
0.157327037542642	0.114312126436878
-0.887493463277185	0.947506841928289
-0.203548775572904	0.108871743797955
-0.730904895899638	0.698430794426186
0.525712505297699	0.432196393784816
0.458892687959384	0.460238515351172
-0.396570750639385	0.250858928708351
-0.212769714886461	0.145867717083098
-1.96611179514658	2.7666050770011
-0.946134853688389	0.662783757622502
-0.66036095242178	0.382848999015998
0.282046525452609	0.198571406737256
-0.0520913711974988	0.0343295836356725
-0.564867699068418	0.634334505040232
-0.0418858112571322	0.0280029991292619
-1.29405574177206	1.41435455706573
0.147598287274849	0.100914889813022
0.442216811402518	0.314516791456794
0.147946761621307	0.0783122560396031
0.707659104317694	0.456152480493808
-0.931913763882884	0.682744660897901
-0.793536703478149	0.613336704072959
-0.287777064305481	0.187435275252907
-0.0437501717537182	0.0296374723603993
-0.448015435770887	0.326296186649299
0.523514829426525	0.52771364625875
-0.0936140728287163	0.0751492024562127
-0.819335600540196	0.913796569216032
-0.408543387242501	0.167484040785472
-0.503104536933122	0.276151241730531
0.1651106884909	0.124387219114121
-0.53487114217914	0.504073758745463
0.490685816508821	0.411037050834967
-0.204623940294955	0.134593182447381
-0.395755244178489	0.304367621480731
0.35423921114914	0.284377791019466
-0.731382758013352	0.616213093831365
-0.178999474329033	0.140810544321056
-0.97612178376563	1.0728129908621
0.381534435027741	0.175006940382303
-0.746356613660589	0.273282091273725
0.139387824094096	0.0690167510035187
-0.451820479803275	0.39704899257957
-0.618650861528105	0.606138888331902
-0.0158588504973103	0.0106453915257413
0.163651922310981	0.106370659994268
-0.455609341877655	0.343536077481835
-0.806396248729938	0.720755275244618
0.0055795324929671	0.00414948275904227
-0.75234839680201	0.855813304554858
-0.35828952262333	0.246943891671834
-0.821118925509108	1.0641308975755
-0.470723265619802	0.520735296116233
-0.357625179662771	0.378782309953275
0.363487780849545	0.31258290510319
-0.868915167518007	1.23558703383869
-0.416914728989265	0.364496516727183
0.890818814789462	0.501768827727232
-0.537346054879039	0.217331390886752
0.591516037099681	0.31943401977949
0.373652014681645	0.29715097037896
0.0582804414423378	0.0387730287075788
0.260373776342987	0.203568916689972
0.73135864353692	0.926561945066666
0.0614501261515096	0.0421457541902441
-0.819553752847913	1.00888189101696
-0.331893709779569	0.346598185918157
-1.29315490185317	0.606275012467081
-2.24706193604908	1.8424154049597
-0.36702875952645	0.256107221037133
-0.414326142364518	0.374155376036027
-0.27871914023769	0.169544986708895
-0.162263928336945	0.0586037749912354
-0.315933011263099	0.146673879711977
-0.360210866841938	0.29157724222045
-1.50341174668907	2.00189354379046
-0.365117766641267	0.327696010962892
-0.974944142797485	1.03175617267088
-0.528997788324639	0.59977657679897
-0.526080207621019	0.609391863033707
0.0076858739237927	0.00525568683851241
-0.0622769654968654	0.0408481900789944
0.146344909082603	0.113393553314281
0.158987669754435	0.133609732762685
-0.743552658833308	0.262807097727437
-3.0872736676927	1.0096627055632
0.811350009630307	0.349040891447936
-0.614454971193876	0.492688705679184
0.168926316313942	0.144328473465108
-0.811996359087623	0.764542651019065
-0.253549591322563	0.243211245090177
-0.443089837241072	0.385043950856922
-0.0550150189228029	0.035053222222085
-0.934100989583236	1.21018460944842
-1.18011460175603	1.71054344576632
-0.885025172973128	1.05549927637373
0.0735546256722011	0.0565342658702796
-0.915652342940904	0.719013270377334
-1.85463754749605	1.22507038557656
-1.48430232762554	1.06924991805415
-0.586491902001237	0.415175491878861
-0.411812405564705	0.394166148463773
-0.467163728426332	0.522758377104856
-0.547995501694884	0.532121828683946
-0.215730470104391	0.190882305204367
-0.345892982322271	0.344404819268901
-0.474784272182201	0.440972409047546
-0.36371455511262	0.254313728356335
-0.0926104253126502	0.0559814175169118
-0.56936345907032	0.557010212155793
-0.251062385155763	0.192701510289196
-0.29487998418307	0.18541950698341
-0.0948949634024162	0.0341622489890041
-0.15939965633115	0.0560015269896821
-1.00745902744485	1.29517266061844
-0.545940106134814	0.441855497386165
-0.0383351102791716	0.025678648285872
0.162939700990223	0.126703540228798
-0.0226943597645178	0.0158838804713899
-0.408044467269129	0.430346645770114
-0.46117197750774	0.359848190956058
-0.450770908560157	0.373565331564517
-2.12492341711595	1.53646404017247
-1.00610415428629	0.483766860311607
-0.747450320790416	0.266309992258053
-0.692962317245537	0.482003540184567
-1.48845237346989	1.07802523492677
-0.897269164917024	0.929120431444247
-0.262746065369558	0.131366422905112
-0.0397237609390831	0.0190799933975847
-0.464262412757097	0.398125923944331
-0.806345875374655	0.941335267734505
-0.512514701873738	0.385255699236465
-0.663471297422828	0.624607219038533
-0.36502323658638	0.238529031167219
-0.41843307024216	0.285918116840129
0.250246859071065	0.216832478613683
-0.595903321979871	0.53659712395417
-0.11544232357717	0.0477900987833726
-0.364468808790796	0.299698461259588
-0.815950465675525	1.08067152916008
-0.208602463378763	0.140764747882275
-0.188973593394225	0.153600867079082
-0.543297968955435	0.437049344882046
-0.151230857824805	0.108412852677187
-0.373208617688958	0.33702071959587
-0.0385677598449616	0.0173892736546758
-0.217049127439725	0.172834830999283
-1.99541655114566	1.38741818655013
0.346736065557338	0.178639443030367
-1.51497304968674	0.741320796607461
-0.623185719810441	0.313737964384698
0.135448867544257	0.0520227526349437
0.483724697897372	0.277915292648101
-1.35371001119037	1.07908558874377
-0.254019852282702	0.132210274562203
-1.20226120056741	1.16912681117894
-1.27270539820276	1.19346364072224
-0.407074716041394	0.282245784396119
-0.899180853822157	0.835032874266242
-0.559230068986775	0.360889223221472
-1.373444105291	1.5476082568011
-1.36955076762396	1.33161553497857
-1.10374517939527	0.741971698051305
-0.123716695889697	0.0753707772287648
-0.161930230025888	0.0924754641758049
-0.640728798301627	0.583003223103393
0.162637339074282	0.124577148640832
-0.350435141213661	0.210143405511269
-0.474119493654572	0.328448833954396
-0.342747878152452	0.207366554474831
-0.422645791884402	0.169575204804844
-1.73554620311389	1.40439320777134
-0.5345541725529	0.208031050570915
-1.68858382895425	0.8898132903248
-1.11091478620541	1.07348873864291
-0.665090802867554	0.646792112869977
-0.807564574198473	0.710606854680444
-0.526300355616806	0.385834720958504
-0.448935555443637	0.398041621180046
-2.35972270135292	2.16373858922841
-0.156289269214745	0.089184800130153
-0.682615905169591	0.476334165452103
-0.248034038555346	0.166037085663366
-0.0177210661874169	0.00898249765729958
0.406540406709055	0.309402315595664
-0.640690892347226	0.582265999275617
-0.459028216743268	0.364315591909864
0.36102057986024	0.302896653310438
0.552022600001369	0.416832176609228
0.129636669733927	0.0509480082347208
-0.815324919106225	0.611510311654863
-1.07635465769956	1.08383900553949
-1.50280156163681	0.790316349450718
-1.26571777493844	1.11424515679543
-1.48911474138598	1.02190954109304
-1.16484590676155	0.965190187039672
-0.965755399532555	0.607391228022738
-0.00107803418162141	0.000420200201477508
-1.66804638101096	1.70453714373189
0.148454214349303	0.0948104326439697
-0.802149443794901	0.692801802252372
-0.600374439044541	0.438176129353757
-0.970100651818095	1.02646653375639
0.439849054166962	0.31248023163349
-0.106500348274191	0.0644406701333867
-1.02466413498185	0.927348956226293
0.316812148726686	0.188112890530011
-0.195652987160648	0.103554277889883
-1.34295608269194	0.844707917931313
-0.110766333180403	0.04553007265409
-0.416383893170559	0.29015210977275
-1.36286555014322	1.3236179099081
-1.51236858685688	0.795124800463189
-0.921093181862191	0.764306789586334
0.158557607011677	0.119718097490312
-0.205362399739634	0.142004385641688
-0.548456606702783	0.463761364926314
-0.251046929215874	0.127747077524687
-2.12840628025032	1.53924945324155
-1.28356141986998	0.557396342775295
-0.50215819186836	0.267512638728285
0.32600267451444	0.178143446860135
-0.807198956259035	0.527887938616222
0.151265866025809	0.0990177607267192
-1.46185678925271	1.53078350919652
-0.576420175024724	0.58906792630651
-0.481557173833109	0.454319324013782
0.519049189132645	0.426727488829241
-1.23711431650541	1.45445344505788
-0.265547395635768	0.226779715258245
-0.0324729664969547	0.0220738451801707
-0.307214579595645	0.285133621333438
-0.345858379160415	0.242570741684875
-1.04243230844476	0.442292931729212
-0.993667420075516	0.5081612900386
-1.5069290023678	0.825613110856424
-0.81089348057927	0.694360108880974
-0.119523908970901	0.12231670113086
-0.256519987334236	0.254794444044957
-0.450448860856391	0.472073764452674
-0.342693345055736	0.206940871668331
0.534745976015924	0.313639802305696
-1.180558788572	0.697825319044069
-0.238758896681001	0.0823215813233085
-0.80517290013829	0.459743308536561
-0.785367330303091	0.36215324024218
-0.255540528747243	0.127160124369566
-0.500546375047406	0.262176598850805
-0.517669908269848	0.630235489817674
0.320559091483987	0.183567165276836
0.011460160154369	0.00824887969085248
-0.524501969840732	0.396642357683827
-0.947320232074343	1.15649209213637
-0.277762066918148	0.16975785739251
-0.779635563806562	0.358041820883046
-0.248730027628968	0.161010113901167
-0.0778477340946765	0.0501668296477865
-0.781236075737214	0.357529181094586
-1.26634326879294	1.12363853736807
-0.870969094544788	1.14824976600933
0.0666869714565262	0.049327488757742
0.0561073326401797	0.0382018711753064
-0.459427920115971	0.366745350188534
-0.449225375264143	0.435143540821744
-0.968847638368524	1.11782961821507
-0.659013403426785	0.391125879942587
-0.099456652545652	0.0756302188434703
-0.533036862304846	0.200844728968691
-1.17739955226952	0.673508921789864
-0.74325556589109	0.266496707150431
-0.642514181161492	0.67131495895619
0.320709287111425	0.177636740578248
-0.57620690624507	0.837142295945294
-1.05371914928933	0.860335213726001
0.0269736194555302	0.0211644233924909
-0.62667388677646	0.67738041661606
-0.205268710543598	0.159248399645746
-0.162700055176363	0.162114623224307
-0.115921902611452	0.0451808743100786
0.144466272087169	0.0365666001718038
-0.403553380752071	0.355118657818813
-0.360618173117269	0.105206136413076
-1.04848810361579	0.41383247037589
-1.04446839481507	0.433758823456749
-1.15049600332665	0.365062590327348
-0.110707067203997	0.0937153226428843
-0.49668316865593	0.471981845336499
-0.0269310098973774	0.0186007928875031
-1.79885352006505	0.441851175328772
-1.84426205564365	0.755389897988905
-1.99459595702193	1.42308198170429
0.159833689313997	0.109406924854517
0.152732391175414	0.0382714049770349
0.138799006280562	0.0427246721841037
-0.235757734816455	0.0801423601127761
-0.740078450848074	0.264308426502421
-1.16865093624985	0.991426554706957
0.434039553686557	0.407285225070809
-0.160294125748386	0.129954121150985
-0.235658075463878	0.0763794046085018
0.653820669882355	0.212563455486324
0.518248258322399	0.183693346763262
0.147298535161635	0.0299064650853773
-0.641202061456385	0.157514466192046
-0.410365398394019	0.399445131446872
0.159310174363828	0.147582686259507
-0.142439029931976	0.115404498629639
-0.359488922044695	0.107399144350341
-1.79827108630004	0.44343860950155
-0.66036095242178	0.382848999015998
0.154202638323454	0.0388280986901736
-0.491065004532694	0.476231071108528
0.158301544151829	0.112304898771582
-0.478239526633524	0.318729172078313
-0.535434333049519	0.213943313751671
-0.643714364473613	0.160090454835933
-0.640051550461191	0.165024385486426
-0.0732395634712847	0.0316709969775477
0.140212750873762	0.0438266964952015
0.148340847278699	0.0298858287200156
0.149255455674746	0.137821579400321
-0.0109730826925075	0.00567619680856896
-0.00719235777075443	0.00333581838299267
-1.15150774848009	0.364078757050567
0.646344897352587	0.204467794280262
-0.232063934143952	0.145783044373403
-0.361689402338145	0.108124975750703
-2.57959143539798	0.718828611548918
0.147571338722617	0.0296534813215984
-1.80224057834231	0.435169887808059
-1.30204311905896	0.60348860230789
0.335223640470268	0.311414231072932
-0.473614422097128	0.301744337441933
-0.971133783136071	0.578939547039236
0.887525313620535	0.486248778521366
-0.412162670615026	0.288306598967952
0.511231798670519	0.181080654372711
-0.782950843207037	0.358360093569934
0.138846188220658	0.0590042205745551
1.76155093501475	1.02920586895316
-1.30135258499529	0.587385751724383
-1.04842602986207	0.44867035504741
-0.408741634422394	0.179124317467852
-0.408844840646204	0.179390817300938
0.0222861192736472	0.0126160319705657
-0.363007415227373	0.300778266730395
-0.130704510042201	0.0967876169808121
-0.302955094926084	0.257805282892022
-0.0202702088468207	0.0141746687921882
-0.197817294266899	0.106636294827604
0.15353573422832	0.10713033718218
0.034030994989447	0.0211638544785211
0.769002083396915	0.58462393900179
-0.421679167787946	0.169755719258666
0.135404926127882	0.0526729963319016
1.31842849270537	0.557161027550548
0.133170295037261	0.0471660602339594
-0.539121619563447	0.212020396153515
1.44095713729263	0.481289667170511
0.98645910995406	0.797587445303783
0.442216811402518	0.314516791456794
0.740787819274655	0.880427433880954
-0.211723302567293	0.143610881308648
-0.702260082899194	0.576388371993643
-0.803912964091561	0.628514848351029
-1.16812926549366	0.962290330859458
0.134732232980068	0.0589037968861403
-0.962246893267624	0.616198039999054
0.30777679750351	0.184332914640092
0.534494188724204	0.309734774980265
-0.199388347202155	0.104753658927205
-0.666160998916305	0.398871558254308
1.28892676892912	1.69310157087838
-0.648128465111831	0.556832702466584
-0.08824017365935	0.0685207686188266
-0.36097140960363	0.261592982446943
-0.664732144182921	0.392044331561844
-0.116138584749906	0.0480086969068476
0.535894538660702	0.31554183709674
-1.04243230844476	0.442292931729212
-0.743201468674383	0.27129411111425
-0.156194220218586	0.0569452858824899
0.147571338722617	0.0296534813215984
1.02307090575986	0.410762855321147
0.650543326706461	0.210772841656387
-0.410818351037325	0.286951973000466
-0.280440795022417	0.263744779048939
0.447095683405487	0.400915081752751
-0.50477896519501	0.548083702340178
-0.310674911159442	0.222708392794245
-1.18636886760923	0.678216666377904
-0.683592569212632	0.71271576876602
0.152732391175414	0.0382714049770349
0.807240202202844	0.360161473759661
-2.58389336218252	0.718322275969984
0.145109926730212	0.0440274092475298
-3.47147830554259	1.1872611917486
-1.83491490068662	0.788425903741666
-0.340803600231149	0.330591527494886
0.141256822258265	0.0430610911785714
-0.365786309699024	0.111027187131026
-2.57959143539798	0.718828611548918
-0.362090872388863	0.105121598450216
0.148209504221931	0.0373013479875106
-1.53556404729473	0.56605263232295
-2.58035413683893	0.741528858997695
-1.15645545358507	0.355419661653037
1.60684616645012	1.08615141846386
-0.281575661748904	0.174756360059569
-0.110444016051357	0.0981066599741405
-0.508903051836832	0.42657413681935
-0.74740246665099	1.05768861719129
-1.53670138265931	0.571696966677706
-0.538074231292965	0.21601761070454
-0.0770708580042799	0.0344574463676292
-0.403137650033688	0.267546476177354
1.76861751095917	0.962417167387821
1.43822645060161	0.4814693304651
0.144068782812675	0.0435979990015852
-0.234892206256004	0.0787477952299076
0.939102233359381	0.253860909335715
-1.79885352006505	0.441851175328772
-0.359430665610289	0.106502760621845
-1.05445776859406	1.89487201790805
-0.630286519514702	0.920616199289575
-0.245302491963775	0.230077889151947
-1.04339806761328	0.44647504020799
0.149557277841831	0.0384747021438069
0.932735384432011	0.254694662217943
-0.639151761544215	0.160758461567798
-2.57959143539798	0.718828611548918
0.150575043964835	0.0398742802241122
-0.36157626776178	0.103815865810189
0.148340847278699	0.0298858287200156
-0.0767614468246812	0.0344390811156773
-0.643820891728349	0.885381510192504
-0.590756190291447	0.421524107860145
-0.728132227914992	0.640618386252125
-0.12642615628148	0.0746395136916774
0.139380228170948	0.0664861829398389
-0.503413318177253	0.256638870066997
-0.359488922044695	0.107399144350341
0.135707479726926	0.059321869959707
-1.04832397868181	0.427518463663862
0.539307638332446	0.308978264359556
0.378262308662659	0.172549655424854
-2.08433664624426	0.991226153255542
-0.510736499834373	0.267296744797406
-0.153799507409564	0.0523185802110713
0.213025486937649	0.190332851856542
-0.440630239048192	0.487410170985697
-0.958393364986592	1.07315613699986
-1.84844945558539	1.18682979431634
-1.84011043275841	0.791356332498899
-0.234988763849419	0.0744587133976602
0.157975224367896	0.037921494795094
-0.165446184438452	0.0608324769381416
-0.106915794620885	0.0444299840185133
0.84444485932848	0.605201068533504
0.320698527204697	0.174181646368701
-0.549714938053486	0.593280684785091
-0.917294476900625	0.819802158219845
-0.312848460673422	0.247072449036239
-0.361374345410929	0.300361022938397
-0.959806781226965	1.07868031861445
-0.407627313772802	0.227862315839855
-0.413375506529076	0.182220227675705
-0.710460352841132	0.541666414724828
-0.273458673254666	0.206885510096203
-0.210798439897117	0.146135189207464
0.490651740262256	0.316673426870711
-0.720474215427003	0.644592879104353
-1.23989373222945	1.44919885525436
-0.316645071197373	0.149812795589409
-0.283490441532799	0.177657936402504
-1.07625731241394	1.16714926123773
-2.24404145359332	1.83222172354013
-0.811077879344726	0.546495060873195
-0.112740048751646	0.0466329394666573
-0.0694602446309492	0.0310018818964798
-0.58414775802903	0.539731573839068
-0.523729486015454	0.396349636467346
-0.818712253235564	0.766654507987044
-1.03982499808217	1.12622595301071
-0.733061329346175	0.69571934369741
-0.10400827289931	0.0636764726012135
-0.892563277136726	0.905160692420653
-0.885302177797602	0.879690356341466
-1.45751386391923	1.56775472062165
-0.645405562225069	0.596343357898936
-0.24855794040289	0.167486485745536
-0.525932254201026	0.360940813285698
0.135577503631228	0.0453116685379073
0.514540017454582	0.412335195572708
-0.604935529091681	0.591845135013832
0.780276888781493	0.458218123087641
-0.366912679142292	0.10867450197924
-0.333386387219177	0.146475194398339
-0.202121225178506	0.112576410011492
-0.119044366574978	0.0699296483519591
-0.157112524169665	0.0911222910154707
-0.210813163603128	0.143647323776789
-0.244978608400872	0.18494286630483
-1.33652186036233	0.83096372607772
-0.239422328515221	0.155044196631509
-0.714888958321785	0.646027719163768
0.161856361745601	0.112436564669534
-0.745316628206725	0.266605865355488
-0.639856157010912	0.158868155145205
-1.18731315025859	0.656284879260102
-0.644978456471622	0.570238774051876
-0.100314227972542	0.0748917378948274
-0.421135134886963	0.285870126004815
-0.341415900721465	0.203595746991878
-1.05213899728515	0.826209024896285
-0.313629635769037	0.212898751161659
-0.130073067506285	0.0786055324183778
0.00687582745038861	0.00378630290130793
-1.48940533223808	1.03659951281989
-0.345351315829839	0.2409736090564
-0.412871009645351	0.23062476385972
-0.620856830112681	0.310032209374323
-0.965751143193613	0.600271686289094
-0.236821861803662	0.079016271497548
-1.08409898704627	1.1433133555388
-0.347789342292597	0.213546337875659
-0.124163019542439	0.0747655028192008
-0.150367681137599	0.0846676186310998
0.150624150386526	0.101951688899411
0.296127237839053	0.201512778374718
-0.652826543790757	0.586697501646491
-0.410401331666493	0.2903298420775
-1.94328889552701	1.83314451269818
-0.25619107573072	0.1328425179206
-0.106915794620885	0.0444299840185133
-0.407821961596644	0.293044202653306
-0.246320149484098	0.191400006164978
-0.418276920783092	0.335646774161995
-0.731098623718496	0.744954983984559
-0.20785400711296	0.110720751906921
-0.347899119317162	0.213366421957395
0.352414087739542	0.173642409643571
-0.562242087169077	0.361760025254172
-0.667875718950247	0.405943923868413
-0.2001207766013	0.105377142457827
-0.156029940791892	0.0893007422575791
0.00701542782435344	0.00381632786016454
-0.406450772298582	0.325693995600002
-1.05633632558459	0.803934916696846
-0.643456960169653	0.599493943424371
-0.365470550428633	0.292036107027636
0.277896792661241	0.207269650657477
0.723160188567418	0.60522865289618
0.635447910295282	0.443749522770197
-0.354970147498056	0.231077757599326
0.593585135058305	0.32070803309802
-2.79531302691485	1.92238517222512
1.22356916513952	1.00617642221587
-0.805242726340264	0.829122042365736
-0.491235088700151	0.424809711723108
0.307940454387866	0.183760541958545
-0.3422636525105	0.203911471232469
-0.161376112353081	0.0913025515725045
-0.352270466419238	0.258153646520895
-0.148401160589834	0.108228467908272
-0.683075129850828	0.483580345975168
-0.503102742731858	0.265839599932557
-0.329852876783728	0.143005329698219
0.303723027437515	0.196655365712463
-1.45035121707886	1.73047732201699
0.2499261420113	0.195573301590476
-0.415058452084919	0.242845964526865
-1.05052605912608	0.414650692144383
-1.48842710892111	1.04573262019449
0.686674801141255	0.685951938903312
-0.36611826600407	0.26037754341677
0.132128287357648	0.0452941160400624
-0.159332626631703	0.0601996024108956
-0.615597064821035	0.307304396542219
-0.0182868448595049	0.00927472187114726
-1.34810870859138	0.80181573311731
-0.205824482915338	0.139989798454353
-0.421278022456597	0.234381467969682
-0.783277041851211	0.353190566145721
-0.352629316049609	0.240378413294282
-0.481702084809278	0.525674801596713
-0.602258875535104	0.620616703466406
0.325183927460373	0.309440270598917
0.00352148812271989	0.00195996510318786
0.775784236638675	0.590110704764182
-0.530927915505897	0.198410203563152
-0.128899524999042	0.0755222686038827
-0.557426824817421	0.564289806598491
-0.936214571580711	0.710545406657148
-0.331237883666369	0.180099341074673
-0.125674886118721	0.0760638670124688
0.53571157746934	0.314887890939185
-0.816519106830426	0.685747766929303
0.849924824853961	0.594854634774198
-0.411060138889673	0.29343624987963
-1.85561011367346	1.18467656559468
-2.3042447309387	1.22988692326726
1.55519292872702	0.812976909394855
-0.111247230202704	0.0450068009831044
-1.68541135968243	0.999039175542301
-1.73924202813538	1.45008562560592
-0.141445363090573	0.140329734143099
-0.0636450002412391	0.0558214447563085
-0.315215483518465	0.295373679487631
-0.553337306528154	0.354730170815381
-0.969239295410648	0.595081876801006
0.129947396672682	0.0498920568675774
-0.234892206256004	0.0787477952299076
-0.165172689480306	0.0612608335836151
-1.99158969444517	1.2944029170478
-0.401937947929173	0.214601104705192
0.884822563382807	0.449460669830434
-1.30030420723037	0.604645981500644
-0.984756856868153	1.24650805167345
0.222361241081478	0.216371864687964
-0.559224325426295	0.346479210325932
-0.808769023233644	0.543299454249639
-0.774917583321848	0.322129129734239
-0.62064926000217	0.299182462612839
-0.74325556589109	0.266496707150431
-0.788192548820667	0.387729391035952
-0.15673537945149	0.087845926221457
-0.807406769467097	0.598970340576592
0.591357206189578	0.312204307543045
-0.806846450537454	0.428788084436625
-1.04852745575138	0.433634927743835
-0.413598053527282	0.181863090289465
-0.364710422394577	0.10867960623312
-0.308669249008903	0.233993363252211
-2.58035413683893	0.741528858997695
0.379305139661651	0.176204013144254
-0.665714187345139	0.404380530181882
-0.688276735553853	0.486370956401007
-1.29654049727314	0.608082713307907
-0.414562162299593	0.177338418227925
-1.04650208354095	0.434292024849057
-0.742575339383304	0.257690711374951
-1.04350155286969	0.429872929116567
-0.670482987138201	0.388864349770464
-0.418161315368353	0.376222001701216
-1.00306387845827	0.502893451196626
-0.364710422394577	0.10867960623312
-0.811855356433347	0.598831811481759
0.279295317794828	0.188876296739206
0.429567266541526	0.308886439979023
-0.206419622128247	0.109255944115626
0.415317193378533	0.30497370840462
0.144371010985954	0.0750333048455101
-0.688771222069148	0.4951391442541
-0.0783378300613387	0.0349270099663494
-0.0416614575855361	0.0190500031868997
-0.704353014281971	0.548014233502328
-0.800336696141735	0.512412380703245
-0.740424042952503	0.254094839261628
-0.603159639816276	0.425924735768901
-0.254352982310472	0.16489801758103
-0.243028096748791	0.16031868829549
-0.417816048448768	0.284308151532515
-0.409798600568137	0.235607132313054
-0.161362717430359	0.0593626128917543
-0.517989037071662	0.40569060844435
-0.41699387645873	0.240599644737394
-0.805450216106339	0.518541192157454
-0.0825103785262022	0.0337977135778513
-1.49973937290429	0.779202075035729
-0.93967509626846	0.677438848401336
-0.999185238751906	0.98806862270171
-0.891698845557297	0.881770194591141
-1.46555336547117	1.29183554659044
-0.629049759176797	0.501573328593563
-0.0751565836287337	0.0339073294192099
0.878912576542678	0.873900759658858
1.11585491654446	1.14602986144847
-0.350588149724353	0.247406455038647
0.774379866260615	0.720460105038463
-0.813598118178177	0.886752729675794
1.5167657362751	1.25870517998737
-0.70402138293285	0.533581343707633
-0.810538526255721	0.542194475359821
-0.628930091305782	0.517365515618357
-0.967328665512071	0.587464249678032
-1.49036677407692	1.05023164253597
-1.11591543611623	1.11285756682014
-0.942548789245896	0.684509067848462
-0.0839827616957904	0.0632678869854214
-0.242705284385356	0.202069910579719
-0.123694507895829	0.0744192775037082
-0.407877856471502	0.177187027443363
0.78129456416259	0.467570346465663
-1.99158969444517	1.2944029170478
0.161266272164426	0.119288372019911
-0.238853585534742	0.0799568001465923
-0.23866359359719	0.0812703616337143
-1.1554350298159	0.363497790570843
-0.799758556197181	0.454703926470428
-0.420252074604804	0.537470248310569
0.169969886679152	0.198771643745529
-0.820025640098779	1.10973377120511
-0.369597123458123	0.437893974787466
0.148219514158029	0.0843194623449473
1.26355970920222	0.700784028439046
-0.0190920267616215	0.00931864615513875
0.133509556631254	0.063451623053579
-0.59168571188892	0.763927838297568
-1.83797106342136	0.779473339641524
-1.79827108630004	0.44343860950155
-1.79827108630004	0.44343860950155
-0.23779019895304	0.0816855379093685
0.0944202518722334	0.127317173215578
-0.215842509813963	0.327744644825784
-0.285106965457807	0.383222640499953
-0.639151761544215	0.160758461567798
-0.0901813007182853	0.068654414485013
-0.452458663326755	0.392834741188854
-0.203902317791015	0.139603854218006
-0.327394306421234	0.278760177868714
-0.287004632076914	0.178744509341651
-0.370788281559583	0.345025061705183
-0.909251048083352	0.839902844208662
-0.25115044200684	0.128869327927285
0.631363764757581	0.427504513336058
-0.253152994716816	0.161975574447175
-2.04834683260567	2.05571752322384
-0.78436471784088	0.36010773917603
-0.348773536689889	0.211761203289373
-0.245351097707141	0.166254073129278
1.08930101642079	1.55091048222396
-0.393533603439922	0.40539987094072
-0.472118255775105	0.447306987094271
-0.56016904510612	0.471983077690672
-1.849136944498	1.18909839352321
-0.238873496893652	0.0813017835792925
-0.114019695135913	0.0434500728891911
-2.09233286125289	0.997855640750428
-0.595809072641923	0.430266439027822
-1.1515117258773	1.23534895907034
-0.161221581622385	0.0855223329055709
-0.677177787175472	0.714844224284478
-0.319269344954362	0.230674215838069
-0.06851498128529	0.0303764415004815
-0.958116729063038	0.596828158740491
0.53212442313375	0.295841542134135
-0.801070102223374	0.457366498003975
-1.84701171233367	2.35053763858478
1.01708539891738	0.395796156285557
-0.406486000653276	0.324566353117336
-0.268134385920832	0.204324828323209
1.01074812309606	0.9630157056946
-0.473178340715948	0.306730515014358
0.156711812899835	0.0955397053824095
-0.636437678829865	0.562972342833857
-0.33895102536277	0.204328325179735
-0.253655224807827	0.132381862831199
-0.800414214827729	0.457652785092769
-0.0151602792166338	0.00757284275532418
-1.61641017218368	1.22952236552675
-0.873586533852707	1.0167054275504
-0.591692705097474	0.518552483118964
-0.944689232674661	0.687415741001475
0.276168591511904	0.203492870860478
0.53571157746934	0.314887890939185
-0.415318801109601	0.287125519797712
1.35372705775228	1.13482912186147
-0.706483683482104	0.581476761842788
0.283494774771163	0.199484164790269
0.51984628426804	0.266218199416294
0.0643560309736153	0.0424135496707074
-0.990020266966346	0.995455443678453
-0.699237046482934	0.470298993823486
0.704158710879499	0.463037560583877
-1.05059908618391	0.827768616555007
0.302748781669608	0.194374154185335
0.281969813797	0.193436029649637
-0.663092777252908	0.37032036666169
-0.352270466419238	0.258153646520895
-0.531192251747338	0.391310924357839
-0.344251755232683	0.208353067049165
0.162255931082418	0.111154226564971
-1.16587787536011	1.00987204168881
0.158560061817334	0.117189242166742
-0.236069573039056	0.179118173717984
0.285581429322125	0.173128835364498
-0.127000174820293	0.0915218018311328
-0.380006714597188	0.347969401621391
0.00543646984634446	0.0030355256428653
0.13307311710338	0.0548593553568813
-1.91503851631866	2.24115925300486
-0.500701769285095	0.419165720050614
-0.238120272564121	0.181064939591169
-0.25856235208069	0.131819246493234
-0.30399462857055	0.182216137590007
-0.622355662934464	0.507439001179058
-0.294300329030695	0.185125821430366
-0.0524214211562949	0.0333786085015751
-0.314063141693623	0.230105565815653
-0.739117581842029	0.779460760876709
0.462780642417438	0.402339044492145
-0.594994002584483	0.525992121053805
0.0551506835674674	0.0372913142176607
-0.590731673134891	0.435724980192218
-0.658502037428639	0.396551681243444
-0.632354157642201	0.503327821549911
-0.0662940348298002	0.0291354110126187
-0.408741634422394	0.179124317467852
0.595173954050796	0.322889015782444
-0.278122619934431	0.215384013452069
-0.325504960514839	0.272427092314377
-0.463225710902551	0.3649389358629
-0.701479369239087	0.568623976171182
-0.991024942290212	0.927778988358919
-0.0987078380435074	0.0613741470964686
-0.264177550963741	0.190469099821638
0.0307942931919187	0.0183366187698967
0.473024546895747	0.408668665286203
-0.198995667671384	0.132661111366188
-0.453711206812436	0.472624811610697
0.0255249950386873	0.0141327707047917
-0.0124570800837079	0.00617701291816184
-0.170330172167283	0.119350744233624
-1.84002225250387	2.50523602188457
-0.161362717430359	0.0593626128917543
-0.745316628206725	0.266605865355488
0.151592021674215	0.0391867731421967
-0.595474161141368	0.428795797808284
-0.408039864190813	0.335007761447011
-0.289764346406747	0.188484645252058
0.142818901860482	0.0698887171873766
0.277365237291141	0.187868235424029
0.142380052908029	0.07348747101823
-0.519033681672955	0.405386576313955
-0.805992438093787	0.907547911039109
0.0589698622205301	0.041090861064747
0.270181375957253	0.201261706581941
-0.492370954547351	0.459020526067185
0.703650961585521	0.773946278039073
-0.414136641213866	0.230671162438255
0.0620233316373172	0.041718957348773
-0.241906967551045	0.152881332447395
1.55247819558145	0.797130322649216
-1.53556404729473	0.56605263232295
1.56015095855892	0.795676917498899
-0.295883983529601	0.253852065971714
-0.414483339554743	0.375718467047546
-0.804834936292806	0.832530978156068
-0.205444853323708	0.140253635744321
-0.199388326068228	0.108503992757797
0.368089017040791	0.294628067951569
-0.456324275697902	0.428054246513531
-0.481027059024552	0.317978313799175
0.473892647214254	0.426080600653753
-0.348581355902346	0.31388298403583
-0.241877032941079	0.188721493104526
0.344470512529901	0.170498020060754
-0.713343154243855	0.630020367671515
0.278535001138937	0.202452707357132
-0.168305493601458	0.0634965205349416
1.07351822630408	0.631008208175124
0.0466464568442131	0.0301176814240876
-0.547729094110685	0.548400650437923
-0.0944562778545124	0.0563687444337329
-0.175845443608115	0.123906099177317
-0.286555999036034	0.18134268725332
0.0183306410250807	0.0106265681177236
-0.276358418549835	0.236313239704561
0.739013825692511	0.874260744121215
0.705536931537548	0.797465935861431
0.256531414699798	0.210678117865796
-0.890499126754994	0.999746023551057
0.169109947977087	0.130974819942965
0.586571082804369	0.537479898549466
-0.410203253640923	0.318985409933518
-0.187186631385457	0.142419093015449
-0.240793760433234	0.0799266182987665
0.139123744261362	0.0424510535879042
-1.00217968156138	0.478766738598127
-1.5156107607403	1.9807589178331
-0.582102928801539	0.552377643310269
-0.125285872327332	0.0902733593744443
-0.248743690633161	0.212475660449468
-0.556080929932533	0.467558741760871
0.141633319254329	0.0745325552753139
0.16250721544018	0.125661293939866
-0.189066012107335	0.152052488016268
-0.181691553158897	0.148200936346078
-0.266726418893259	0.2006276263505
0.0719579585069117	0.0544691398372928
0.713553789012875	0.58710463804434
0.764410306708854	0.90363308832862
1.23242769341727	0.866581911126244
-0.163576836546104	0.0591995024501948
-2.79626860558749	1.94082947891685
-1.14948503307875	0.354612480039932
-1.02728860111604	0.916459910628826
-0.651092475663726	0.604579066978793
-0.664131507705993	0.615587940351213
-0.0260443236369308	0.0177087785966145
0.0451938785021872	0.0285191437353061
-0.344814267924722	0.207832680503888
-0.562382012108936	0.359386903909528
-1.23867671596276	0.941748299714941
0.0503797517806325	0.0335155919301851
-0.00996912538603172	0.00706907173859163
0.547872394062089	0.542970812892258
0.427845342953891	0.404307767809349
-0.433571962696593	0.375018342680873
0.149062664651627	0.0888229086136924
-0.462047843567714	0.50708266244917
-0.357203497569434	0.198926586199023
-0.108306419331988	0.04486469338739
-0.167502511317909	0.0629544677645849
-1.29741646599058	0.613598296147199
-0.503967529377904	0.431991519946985
0.00954237091249058	0.00731332788840089
-0.213784881739218	0.16986739331349
-0.356579303693527	0.293605203157293
0.158463027703241	0.134412822954638
-0.0315932828320752	0.0210836167507338
0.2527093195365	0.2064024117246
0.165851288007322	0.14330634112282
-0.689175470867219	0.48560625966215
0.999142595886324	1.26591532741662
-1.15828361906121	1.33819255823544
0.12824503135614	0.049133014952737
-0.563933102257763	0.332471271020646
-0.807246572105583	0.434833514153595
-0.533278904561969	0.214121651489417
-0.809657657065738	0.702645796434489
-0.094293192019621	0.0715004184649477
-0.991085994949576	1.29005894258926
-0.188207892596587	0.147306264934844
0.235526811147016	0.21806884858972
-0.125170914041735	0.0913526489435969
0.459379127759326	0.30135773930383
-0.0919889698184977	0.0561729375017611
-0.164447948378672	0.061987630845636
-0.156738693770953	0.0575422969248991
-0.616763453143945	0.301993790965302
0.315834086558385	0.159575038786289
-0.364562256436991	0.292964996391022
0.0714719918735255	0.0537205227935175
-0.110290272868798	0.0822772926053871
-0.488373696921606	0.501817663130715
0.320355876592771	0.300450062806695
0.328565712497964	0.291177116585242
0.357247563172694	0.299311155248405
-0.399706186378786	0.313275442407568
1.21373761883229	1.29705004263593
-0.817386675657793	0.660224465781513
-1.34192716970556	0.829874530756699
-0.807346902454425	0.868970153269343
-1.53670138265931	0.571696966677706
0.684468458685776	0.326033182424658
1.8934038648627	1.63771562796357
-0.343527795641767	0.195870467230417
-0.473929227416186	0.275310549991848
-0.00840175881947759	0.00436285460598629
0.700619839755545	0.465309475910944
-0.112882760274123	0.0948633004097796
-0.0774254687632429	0.0474776334079672
0.389247172820929	0.390660379254656
-0.272522658580227	0.211037312983784
-0.404999618083998	0.288449265058974
-0.103115227352316	0.0782568306984959
-0.0302561663281169	0.0197484942467502
-0.315712222105413	0.149953061518513
-0.156194220218586	0.0569452858824899
-0.4136600367759	0.227920283096609
-0.3422636525105	0.203911471232469
0.24115889812169	0.208649944665661
-1.12303299699284	1.29509484415295
1.11133147166618	0.947674307498018
-0.0219274333264099	0.0102827357502729
-0.0000416317730160479	0.0000517890738181098
-0.800248914092554	0.814960527245009
-0.11576157090515	0.0865790197395562
-0.575542088110602	0.693257739066762
-0.973324722492858	1.0776790759236
0.597112517539784	0.562473948496789
-0.0608809208930734	0.0403423892367567
-0.739533239300537	0.768436201722637
-0.397656823392609	0.156062446358616
-0.640288352849143	0.157443795432995
-0.158723721967224	0.0597820347023464
-0.320857606490453	0.14977505253509
-0.111464639417467	0.0455964909740378
-0.407781336793036	0.178251750307308
-0.807558182785051	0.631306546011053
-0.315460433058166	0.239495998753916
0.569316553139022	0.676415611547324
-0.10802821099131	0.079008223013443
-0.260992806906088	0.216461563196048
-0.68465334375341	0.480567392973567
0.0413238525325467	0.026092790196277
-0.663017546326125	0.662192044796026
-1.00278531206733	0.491492916094687
-2.25220631828722	1.89353526194626
-0.33895102536277	0.204328325179735
0.0691507617683705	0.0503097685735919
-0.249637285713838	0.164003826821922
-1.10868087269255	0.99873624998761
0.165898668000997	0.123520495157422
-0.660444642088413	0.61256106204355
0.653797699130554	0.671891644963072
-0.783560026625646	0.361765598683855
-1.52666556475534	0.555316783803888
-1.29435503337495	0.604857472895685
-0.639856157010912	0.158868155145205
-0.621484409487472	0.513253877932391
-0.800202769521225	0.814536766103789
0.146211424317479	0.0914217863336587
0.42794235613319	0.17589359574513
-0.640051550461191	0.165024385486426
-0.619703945986622	0.307637553095681
-1.00329329124042	0.510726010383714
-0.414545264167821	0.291713064798122
-0.24115717476427	0.188329114489765
-0.619150601402305	0.507324964260117
0.137853002565412	0.0545076249019817
-0.522699669387928	0.410311486731738
-0.547011412715934	0.599240423663157
-1.14570986018397	0.345493804480113
-0.181677726151949	0.130018595915543
-0.615233986484076	0.297578487016732
0.51129779843421	0.188810595493325
0.140257143383385	0.0435197137411983
-0.0755338425452352	0.0592525774266082
-0.562876693271624	0.634316830786888
-1.15645545358507	0.355419661653037
-0.678515899635076	0.714891757725672
-0.817872449690304	0.60772345050086
0.149437344912318	0.0387143285458533
-0.398580717425688	0.310003758133911
-0.655820295247897	0.738854546401123
-0.40862151415492	0.176618300249805
-0.332056872392521	0.274387941796902
-0.175157066414924	0.159277930351672
-0.506132504565343	0.50015100168642
-0.538378292508879	0.211635476778743
-0.128774951750951	0.109479489293882
-0.190045169521356	0.153857722713702
-0.358631737992755	0.286923451620757
0.155686941736133	0.135480381737385
-0.494879740816526	0.464664992247543
-0.742214024546646	0.265076593943061
-0.626138701093585	0.516268567320631
-0.362111906711142	0.29944232015657
-0.409670736398224	0.336711841114623
-0.00587794813718673	0.00417142572414445
0.0683565403116425	0.0498382015071607
-0.509790014255005	0.268954968187144
-0.23188061267687	0.0753525131901608
-1.79827108630004	0.44343860950155
-2.13696585786545	1.60954099326496
-0.0560270976827045	0.0374892509686717
-0.528204299862727	0.48902477218634
-0.710244311048459	0.575827545439469
-0.285911147528559	0.287427490462913
-0.168889031237323	0.116976448088378
-0.116862307243491	0.08541653813064
-0.0529433117153534	0.0393370144160944
1.06127625797381	0.490332581233103
0.129755436365207	0.0498775668046992
-0.366862990219358	0.108975842075023
-0.271757551297632	0.230886843660647
-0.586295405139633	0.645299861943632
-0.360813455901745	0.318895237048832
-0.288152548369889	0.275287022660334
-0.405982263583233	0.324960944006173
0.261125100615898	0.205290972074865
-0.514506704972029	0.522271641383922
-0.320763592594524	0.269523015256366
-1.5085271959653	0.82341716190178
-0.533278904561969	0.214121651489417
-0.640951987120562	0.160195969285506
-0.452631780461532	0.347290241584391
-0.493146837490656	0.422263606697377
-0.46256630202539	0.43373605791334
0.14443724035692	0.0996247578868958
-0.0966587930739629	0.0722952152119678
-0.167795250072222	0.153839063694365
-0.254168707756175	0.193560651214915
-0.0657420309250557	0.0426226334226699
-0.531356719301607	0.492455445287855
-0.956303647967134	1.11774724077934
-1.9144928349796	2.11379601579398
-0.562395662149088	0.354775236260284
-0.120568795952182	0.0899515210690961
-0.551079655947249	0.467417786356597
0.966721601823573	1.03104717070668
0.155701798104772	0.105444231125083
-0.182004779390124	0.119091527274384
-0.691039740794765	0.708627201696166
-1.03952973450319	0.426155787261663
0.153459802294229	0.0938910229651256
-0.811670509772596	0.528600549293134
0.685502879456917	0.702043466219706
-0.613920693553945	0.469788432840749
-0.371064921436557	0.359813564098177
-0.529640999355704	0.500624653170053
-0.656572514619551	0.925323901649925
-0.633404167790198	0.805746117491639
0.329130941353491	0.177638502204114
-0.417328905142484	0.291938422638373
-0.331669075285739	0.354816005213109
-0.347988576019582	0.248151244849853
-0.991817596674874	0.50199336587149
-0.0444370091705125	0.021317573185278
-1.05045461324515	0.432727027587394
0.335958473255029	0.181096601860173
-0.969239295410648	0.595081876801006
-1.05251019161795	0.429734791833162
-0.317577903859858	0.146604855034709
-0.320020894524032	0.154507692714615
-0.330268544498934	0.402228482520059
-0.0700749865598544	0.0315942586245946
-1.54078306456226	0.53403404521053
-0.616321988451346	0.298765805176829
-2.08837784375891	0.993122169837964
0.135168405484837	0.0605413662146142
0.582202253604679	0.292800855994939
1.55302994366099	0.781077927548675
1.31930185533269	0.575374858990599
-0.619293884455475	0.499723893993051
-0.491653706241199	1.00654094668221
-0.159717781458242	0.0588954857128081
-1.03942248177119	0.428820497755674
-1.48463641301096	1.02679058030927
-0.938690048256385	1.20094548441213
-1.04232877406707	0.428449042358836
-0.5326061041626	0.512582087396051
-1.07703114043437	1.08190422712804
-0.902361182942932	0.863288644431206
-0.3008594237019	0.2553972130774
-0.136165883076572	0.11309137056069
-0.0038304366751977	0.00281763690373131
-0.363535946918741	0.298934097450725
-0.0361231047063932	0.0242985580292066
0.517465936073141	0.527887047129487
-0.402686246284909	0.356882572489418
-0.529668062101457	0.508557071565144
-0.18107352676916	0.143520941930725
-0.672790884689456	0.649949685603899
-1.26936447072353	1.08750723465446
0.0671259087526647	0.0494136751340035
-0.477351957095424	0.327360975163064
-1.20609720264197	1.18394234394461
-0.152454249793246	0.160992041851301
-0.437665146106852	0.40695100388667
-0.164176052174159	0.092166771236194
-0.704965568681248	0.569682682547469
-0.914556368282238	0.788964129604101
-0.0903253829340561	0.0556601988292591
-0.0130525456938976	0.00676841479265542
0.152879337103019	0.08764011858992
-0.606321422195967	0.422570389436405
-0.774509457827474	1.20000659464959
-0.222834120229174	0.247205093605381
-0.457281506789918	0.569861040969043
-0.0165950036882907	0.0138361874858173
-0.688661548152978	0.480004570265588
-0.811077879344726	0.546495060873195
-0.627564455565662	0.505404564322686
-0.808316689159636	0.68368367917124
-0.482408456658467	0.31973170747848
-0.150530458735845	0.108938870090082
-0.561002243071849	0.540883915842796
-1.1890054421001	1.8231616615516
-0.81753537116322	1.18447939708468
-0.69759716951824	0.841135956897539
-0.561544917440322	0.479150458129659
-0.404967087101668	0.362311338821661
-0.0574547776314051	0.0493493490550579
-0.813845154745635	0.701419088875366
-0.115702832634999	0.0840702708094612
0.741350273440002	0.856729849282602
-0.440542141802442	0.455058943385907
-0.623022056173568	0.576257006799738
0.157771719498592	0.110682685237511
-0.743100803837128	0.836224908951706
-0.441344302980596	0.457139497401617
-0.914338636207173	0.81209730664293
0.832427820619504	0.730067116932181
-0.1465697771678	0.101720840638727
-0.149547155493457	0.107235420569889
-0.166114980432762	0.0938035016080837
-0.142161690600733	0.0992329021973844
0.0697187237159822	0.0478289536502538
-0.313094257601833	0.230168632827095
-0.364654676001803	0.30530774175618
-0.215764414834314	0.140393019996817
-0.178589505824185	0.126706440106388
-0.488441060457428	0.470326723928315
-0.598717664642526	0.434636782441009
-0.410741963046658	0.287353842063443
-0.997806177727557	0.967147175730507
-0.751826024558854	0.746790362354453
-1.56893680597026	1.53336539358741
-0.878847085463752	1.03917708863999
-2.12677342372551	1.62081052074362
-0.508812356756006	0.265993747784792
-0.345675348865241	0.21324752201681
0.059574571544038	0.0420866642024468
-0.0844745906643366	0.0710604102807091
0.764637755700548	1.27374560579738
-0.0601201130508297	0.0573454659802967
-0.802262424904961	0.444638757536284
-1.23123480519928	0.891911278010156
-0.410547429321749	0.235981880471966
-0.618301726900161	0.287195306389174
-0.624374933454881	0.305268702576968
-0.320256375753372	0.297927944617894
-0.57824812737905	0.526641876205793
-0.319526069374808	0.428113089954667
-0.52505986460113	0.522625127478785
-0.705707075337589	0.515857199784037
-0.551986587517965	0.445844480827984
-0.502157498105078	0.276844929860409
-0.398389081244175	0.156618103471208
-1.2917122584357	0.599385545611948
-1.99851723962443	1.40448640762273
0.862080565394723	0.571881651916861
-0.283793600600412	0.179834326302022
-0.168334080884203	0.184432356131911
-0.201439511932081	0.220294754898242
-0.601207384235319	0.824486469794909
-0.268852232707025	0.202308584794816
-1.21002657312743	1.24443126272469
-0.248260198900465	0.123310004541266
-0.556361074801193	0.346313846410188
-0.411976505996911	0.227516050289186
-0.624693422912871	0.528775620095342
0.325193752054581	0.185223103065402
0.346102323237618	0.171207439456812
-1.34201649746328	0.876249895881018
-0.63206801469816	0.803337098951327
0.453314095403459	0.305415915402816
0.293044867059913	0.306850616623606
0.815233681289551	0.956685185238187
0.311535320586701	0.188011548758276
-0.208704903360167	0.100838902807253
1.31139150601033	0.591587161243202
1.05410581080761	0.50994389448146
-2.49077951291183	1.40248258078913
-0.360696184101703	0.287843055133839
-0.137611811322448	0.101185381136332
0.320488598569606	0.177104497897842
-1.02359975217932	0.919062443852776
0.284987235167339	0.180845753895254
-0.21714122794769	0.137173038515932
-0.0802027766263951	0.0508007616440333
0.421719104818421	0.409649737394914
-0.00205082072052224	0.0015082107498443
-0.284379843853867	0.207911829473813
-0.725193246785938	0.630737161412539
-0.453423761044275	0.347308032820279
-0.107635487047266	0.0804360034155181
-0.597659604238237	0.414556837547417
-1.11317955423453	0.744137758638233
-1.27317195394706	1.17324132148273
-1.01100607149617	0.886539130159271
0.35440145777872	0.296295344809364
-0.451233065073439	0.401405083722195
0.637205131395162	0.436536931133358
-0.622151829352661	0.498509212373562
-0.519733446325608	0.387299420649667
-0.692000715237252	0.785956807080689
-0.259001412711858	0.219258307997802
-0.179449651036411	0.143166655954396
-0.8914960699393	0.920703464907493
0.938901872499547	0.594658259885633
-0.566552628764327	0.353537845993547
-0.117352966226272	0.100178640818036
-0.221003257212596	0.194313728816851
-0.503808749701147	0.561027572798732
-0.75195224393738	0.857996970553149
-0.516034394447192	0.461954531949791
-0.0621667598704279	0.0489983329045866
0.170495451718147	0.137769230284294
0.245974888841226	0.231502809278687
-0.123922812480857	0.103699811518178
-0.214250333095931	0.187400234978984
-0.333719159409666	0.354844236434023
-1.2318216773149	0.891068612603539
-1.33827934262409	0.849674524551158
0.259037154701871	0.215120852390356
-1.46876814592708	1.32282249929789
0.127717035040268	0.049982003405911
-0.819692318818074	0.753734494454976
-0.421278022456597	0.234381467969682
-0.377118727070398	0.364590817612722
-0.597164450375732	0.37831068642216
-0.365470550428633	0.292036107027636
-0.954901764507992	1.18373451597516
-0.552474524500443	0.445710989449726
-0.580678859937267	0.546239387004897
-0.354761105258489	0.248960867574005
-0.566876128682156	0.46553579786154
-0.275585494586431	0.210217671781045
-1.03359640013235	1.51979470163497
0.584024266844334	0.290502270262876
1.44523431397943	0.890389393566842
-1.26477666174472	1.14329987759568
0.164706585584668	0.136966486236961
-0.316921340167234	0.238049504547975
-0.365557048682344	0.301421200761903
-0.276245992468465	0.212178935310665
-0.243087687732903	0.187811198573007
-0.24763675884904	0.19421912557011
-1.57736480204291	2.24849969503741
-0.550180372627932	0.474433582842709
-0.233679930589818	0.197871621709458
-0.33638669589911	0.279604854359451
-0.0287490889284803	0.0187863928031071
-1.62120811696678	1.24063807869159
-1.69898649732904	0.946473336893556
-0.552763965010692	0.352850943027436
-0.38500053611566	0.34179046314395
-0.698693476080039	0.54436193021558
-1.17376327508369	0.98233850435415
-0.526299646786477	0.498725488570377
-0.0155984589576696	0.00779229550024855
-0.435693911604688	0.410462760764983
0.040892540757149	0.0264010514063153
0.0749192736770083	0.0550155010935224
-1.42971326282545	1.83522251736364
-0.407322468896632	0.275298646931987
-1.25094753342984	1.62964536274349
-0.686411203997862	0.72002252519698
-0.453192361654434	0.382556240209355
0.268104379687377	0.206109622745514
-0.241587923538651	0.162745591386998
0.453191873473834	0.303600893622817
0.260611458611566	0.219394405501723
0.0494127770101277	0.0333735443734475
-0.820048064726711	1.04488117902672
-1.08829684933067	1.11171111844003
-0.209439471253406	0.109378855256188
-1.04787998771102	1.16826531607692
0.499755054744583	0.510808078690229
-1.04534991346737	1.13793017694982
-0.220588698411519	0.172355417133091
0.171511384897777	0.138710578586473
-0.00234025819837969	0.00133640690260185
0.159623380621599	0.115769761417024
0.408990423387102	0.298339075169513
-0.627163971284447	0.508946624985238
-0.283737150371056	0.17684996977272
-0.795454292422841	0.441755876165128
-1.94752910853514	1.91522870766501
-2.30511935213534	1.21086844976171
-0.502469866537371	0.263586692087269
-0.487645015289089	0.452609563379501
0.53263852267457	0.602313010851777
-0.177306093626169	0.135944135792449
-0.280919442984918	0.263762024491632
-0.650504972493761	0.787414416207359
-0.00840252379829051	0.00603369689103895
0.0618710125642297	0.0437581304718466
-0.640957282482456	0.810027555251968
-0.257733440942121	0.243333272491208
-0.965114993935036	0.608532993502877
-0.195806024586584	0.106068484458705
-0.159350384647537	0.089842494359899
0.937499190632754	0.261653783809326
-0.804894061938658	0.450425462499439
-3.25877105991829	2.93087044795024
-0.690436142370782	0.67916265752346
-0.523570028434633	0.475355413318455
-0.640807372911787	0.590076186861396
-0.0162097705505518	0.0115035831059724
-0.259677825099356	0.159602681160148
0.0225113645155271	0.0173246756648533
-0.288034977843219	0.238423678411107
-0.159258515841835	0.111630907680368
-0.247679782512125	0.162867491760329
-0.55132746923632	0.339733249845642
-1.24224895340403	1.41852884058739
-0.549792812352834	0.536422272282692
-0.881382769514678	1.05120689012781
-0.794538972062296	0.417702999621011
-0.025630564442146	0.0175713439162019
-2.45646531060567	2.09644188943885
-0.152779814595712	0.110233097917724
-0.292630160318113	0.187699131713181
-0.818214701651463	0.812357278070505
-0.622737887351569	0.313033677236779
-0.742105548070661	0.261052251426749
-0.805222185265731	0.548826333975141
-0.822459599569429	0.570408961129404
0.0175121104413834	0.00907879540098435
0.59521618265294	0.52693898101316
-0.732897438064832	0.749489842208238
-0.119368830899627	0.122973756455046
-0.246200502102832	0.190141832242081
0.855914376819875	1.22729269307169
-0.440835284148459	0.457553965788568
0.239169868655447	0.227051776145698
0.274383011589075	0.313580391260653
-0.584829636458551	0.642877152423026
0.578592175963429	0.63537180160094
-0.531665844366529	0.925769497773051
-0.118135835266071	0.101107701554779
-0.0442241314739515	0.0209211395415763
-0.499600652644239	0.268832723345288
-0.417395831749406	0.176029379159199
-1.29026588773255	0.599898838970873
-0.638954644635542	0.163590857835517
1.81396001099215	0.706924423007218
0.434736934993215	0.183785272890631
-0.323206223815434	0.273769974439499
-0.949322905306051	1.44797671158744
-0.106452979397792	0.0990880041232828
0.226515731919267	0.244975980954028
0.222212853621628	0.236022627704485
-0.751418428739538	0.840230545391083
-0.820855508733005	0.742796435098026
1.04687821456408	1.88617593680721
-0.703659289070623	0.568814770526616
-0.635536067431146	0.156838726108935
-0.738345263882528	0.263195045791167
-0.741064409528876	0.263067856897519
-0.237914130507886	0.0793329028641972
-1.62758709946795	1.20326540449
-0.246862456725383	0.120092993405532
-0.0580875713136228	0.0388350817784832
-0.766143709800545	1.01791371969582
-0.330185121561168	0.349313408238922
-0.0248032595354485	0.017102634443672
-0.3607299478646	0.257842590938382
-0.40824149149985	0.530190846834295
-0.579630798050467	0.525712199960463
-0.418250158757157	0.165142272861683
0.150575043964835	0.0398742802241122
-0.362037714226246	0.106823025127718
-0.936651501350609	0.70625020869975
-0.26285574836293	0.309033351422249
-0.410094426497077	0.334570167759631
0.985847507759344	0.805589442658604
-0.651355762108144	1.06944623036763
1.21631157463193	1.32556085553042
-1.1503622450131	0.360685940099702
-0.604018900341208	0.76033801972273
-0.168102096114847	0.0934526915377136
-0.368522039459206	0.539152392016559
-0.565400240577973	0.35814651222113
-0.640051550461191	0.165024385486426
-0.737364306567013	0.255513560750367
-0.364659322311828	0.107068546286918
-2.08433664624426	0.991226153255542
-0.635722199624551	0.531397431770166
-0.545965004376351	0.894313356175274
-0.773370521941321	1.11886093527215
-0.520429315534957	0.656890453458343
-0.742159792951855	0.273560129045021
-1.04243230844476	0.442292931729212
-0.242645197927369	0.0783968437264996
-0.806062075534399	0.528847687967406
-0.520779131343672	0.394310449630856
-0.160667665061399	0.11439926443965
0.303376332007017	0.171960457935016
-1.08306348473061	1.13441270863336
0.325635074800354	0.312625092361813
0.532413661574629	0.744504643794261
-0.720188087590314	0.629666219936083
0.0161593773568739	0.0134729057398606
-0.0260869850139925	0.0211042965499877
-0.387984308196882	0.403602245341033
-1.1284981324738	1.65922101855347
-1.05820098063761	0.837631444546449
-0.241881521580466	0.160225334602609
-0.961343048974747	1.13566219236813
-0.902655892969182	0.874787322958576
-0.462313908573549	0.450816758387938
-0.387138220374747	0.414989067932886
-0.595481549234254	0.78872980544627
-0.286197877545519	0.267859577269401
-0.85462569029194	1.39784978407135
-0.0123673043864988	0.00843001981916365
0.411864810369776	0.468763805169393
0.541759605760922	0.540273943051673
-0.174504534727498	0.120749845120535
-0.918554071078619	0.763041765357811
-0.898173061326921	0.794344851650362
-0.643287688212604	0.737243414343921
-0.701299884840172	0.52440790876028
-0.678870015149017	0.913124272637279
-0.811765141040981	0.858215919454369
-0.566085357607364	0.541341873072621
-1.7166633910204	2.52258807468606
-0.729381730186226	0.70988100287595
-0.251707764750267	0.248018952177198
-0.503749116758197	0.444519198865532
0.527627458213373	0.754833028091785
0.175743128618668	0.132553103423573
0.490369988275879	0.506220123123083
-0.121965665055705	0.0744241571959553
-0.321250720174867	0.268107188565429
0.311458145756344	0.185421498835467
0.149437344912318	0.0387143285458533
-0.94397675827043	0.683079416360525
-0.504229783943523	0.424593279691292
-0.260485616661047	0.162185142177393
-0.168776976954572	0.162809979585613
-0.521707514478769	0.599094324000295
0.447268477636341	0.494381648793437
0.162332843812744	0.127361431196209
2.25959975668564	1.72689698165496
-1.28939033825229	0.603038659621743
0.149525160219073	0.0788242875833728
0.648588432898613	0.209676886912635
-0.814967211315429	0.529698591038242
-0.184333519176978	0.126879241490415
-0.478466017984236	0.503703027953585
-0.103399174986103	0.0884263915170298
-0.414128431882427	0.365324535982705
-0.110998392730343	0.0947196396225722
-1.21046881584581	1.9162799297089
-0.285902145272845	0.267167588088106
-0.55483990898728	0.482766867206232
0.0694760926168161	0.050745401252425
-0.104590155970103	0.0417236585870206
-1.26531418102454	1.14443430056908
0.144279047086054	0.0860371902397944
1.04734034022067	0.519565145537656
-0.616422679297511	0.302939648356678
-0.257753943837742	0.132326045164316
-0.284873514767648	0.18389472607923
-0.238969335753152	0.078263429619897
-0.474948051202392	0.319525043944904
-0.224707590650866	0.177564663356737
0.395440239926892	0.314091150674315
-0.765284075450368	0.931380285174663
-0.487434922164971	0.465493033526719
0.0873954112577135	0.0718900121011867
-0.39450100147966	0.301345212874641
-1.07455685134148	1.83549051140578
-0.413266738180922	0.337950829397653
-0.00638360075190885	0.00336655587361813
-0.292088950735032	0.188627416089697
-0.074212656070036	0.0337294385625537
-0.194372814295467	0.103110799718278
0.130232203016104	0.0459791364778521
-0.994010926170791	0.516707923678894
-0.746299501605774	0.262727370636678
-0.809315997483067	0.666597570782618
-0.333206623222939	0.305169386291963
-0.0326480383343916	0.0253904983924433
-0.314389045882829	0.294868955867848
-0.0624238755826532	0.0487069757380412
-0.0756245763134201	0.0484779005820541
-0.455101899730079	0.39123423981364
-0.379169485276754	0.346624110725467
-0.343057502348048	0.309899458269135
-0.437026039218191	0.486040283006913
-0.734425829614182	0.779125470569217
-0.135751384813905	0.0998660094081367
-0.358631665400586	0.262394272937748
-0.154866105973399	0.0881956067630754
-1.68298726455755	0.96637146391094
-1.11843223194613	1.06522745882365
-1.29087404022719	1.46280455805457
-0.248035039951789	0.123558317322756
-0.445705253790144	0.418523513185405
-0.165489828583166	0.147364490511314
0.343400606173931	0.311335840215728
0.0534652968582831	0.0358959552736932
-0.131538783646772	0.0981049144728007
-0.471749495116445	0.48995951606399
-0.00828900407591004	0.00408372856062205
-0.0483221258328344	0.0320377546742045
-0.250874075895412	0.126681748487953
0.0598896342371365	0.0555166637645386
-0.680647867808318	0.904174382810202
-0.535965281302299	0.872267773678685
0.159589301960432	0.163206769775114
0.36661126055714	0.287957724603029
-0.558654729678573	0.365409902392689
-0.694573230022457	0.484572111106988
0.977299195978052	0.783094495469415
-0.121688942435621	0.0869558800149229
-0.171210233490809	0.167654578174258
-0.370579599762681	0.483611073134042
-1.85325463676006	1.2457739210264
-0.119881183491514	0.0478933706673617
-1.23584872628177	0.874188444158328
-0.497393798762814	0.266357398561333
-0.249043562975046	0.160888617247649
-0.534000239319619	0.206547149759897
-0.640144251058589	0.497975310578955
-0.353238962260274	0.259718582291629
0.373466703167766	0.300106160615619
0.0235731102121753	0.0132312765924147
-0.0415410886320962	0.032508337301057
0.156332224064759	0.137541323505989
-0.10400827289931	0.0636764726012135
0.00514446929801527	0.00280833748835056
0.0427618110364749	0.0258583635364614
-0.640051550461191	0.165024385486426
-0.365836989763007	0.106464687450847
-0.419093917385921	0.172953244552812
-0.3631673929264	0.107293544166728
-1.18404578822442	0.675833767516742
1.51616460740202	1.24299951303303
-0.210013493491258	0.111883914638148
-0.285389935133385	0.17771130077775
-0.963833244278018	0.587809446079738
-0.807571669338233	0.67155207560148
-0.807426136632389	0.526118263279171
-1.3641419145925	1.32777570360239
-0.959694791844282	0.58306290111589
-0.555206644078662	0.341307116163529
-0.36050307261752	0.106458318520891
-1.53976611515909	0.539160558684856
-1.53151586580405	0.574497786496295
0.146530154194694	0.0296723933695664
0.134196990054445	0.0476746060306298
1.31139150601033	0.591587161243202
-0.511681244439701	0.265825416226903
-0.74568997390292	0.257564704647922
-0.300385687438587	0.304988397691266
-0.232655018468965	0.204601473542937
-0.381850606939118	0.419154795109622
-1.53251321356938	0.545959643614202
-1.1724628938666	0.658968010586428
-0.967032538032264	0.569493680506158
0.701028802290823	0.464576325482982
-0.0818602165872742	0.0344145762308457
-0.518198646784431	0.376455250599871
-1.58615223300953	2.1407509156666
-0.805212682940657	0.918999160864715
-0.339032537367938	0.389183875553951
-0.197378740868262	0.195648036284153
0.152945267001517	0.145839251456376
-0.0437987074793301	0.0346434260995482
-0.463342515754364	0.711235320158065
-0.780435660943107	0.359162183101376
-0.350434552447323	0.249303823057647
0.0558793828954869	0.0374146629318657
0.640289254029791	0.448895824131773
-1.11967485387893	1.10238080869597
-0.364299421627403	0.413388067650712
-0.180475688640428	0.184692669481215
0.0803601236866588	0.0638187078881156
-0.145504519012858	0.143318634418744
-0.264438746531028	0.328704813847261
-0.0138569633737686	0.0114378897548847
-0.013221604516005	0.0109548924801053
-0.436842763640481	0.518944180656511
-0.409289124952208	0.172064645099649
0.30994240859827	0.195039170131674
-0.342155649119141	0.227755839187638
0.137853002565412	0.0545076249019817
-0.576120343283376	0.529215771097107
-0.974678138656433	1.00178526816865
-0.700536370081165	0.560564269057796
-0.520942043239026	0.40129430090547
-0.526011058275194	0.399974177754661
0.0515715549855308	0.0340715618528985
-0.203622967493841	0.136802376180939
0.10986537376361	0.100365905450837
-0.174983144348153	0.184181734576285
-0.514754081919232	0.69522626769111
-0.120050923932481	0.0879262692285066
-0.0616438757748257	0.0541139953035114
-0.169278803366796	0.137029724180208
-0.917354334224451	0.740699373846844
-0.695545512408829	0.708094911300357
-0.243440502838148	0.161156900003921
-0.125380018958281	0.116954024843225
-0.697579085597267	0.826829466513994
-0.161774352879403	0.110310975677531
-0.294545377831791	0.3470144986088
-0.51727559946897	0.611339231245408
-0.154321969474603	0.127878403594124
-0.331158808842493	0.35645839231716
0.0314158361038364	0.0249405421635173
-0.370708090916488	0.600895214613481
-0.138856039469792	0.114245327602513
-0.33076882919719	0.383021013528215
-0.435391426616259	0.482637060077859
-0.0254069245040363	0.0175820689175177
-0.04408848464735	0.0477182941923575
-0.0754245160052875	0.0576824807709791
-0.499551950123006	0.423509206930983
-0.724881373394503	0.632843746344011
-0.627849917480049	0.683677767280269
0.0705848554433993	0.0525447669991964
0.0818753380838256	0.0598150057515058
0.136275701880712	0.0459101795728611
-0.623517383472141	0.300585697411216
-1.61667151869736	1.2047163254536
-0.123361661211741	0.084910381519928
-0.107612197534726	0.0654094540882803
-0.0775080273321269	0.0493277417706195
-0.160520250444848	0.0928055738661629
-1.33586510598435	0.831796597696738
-0.504681206314093	0.269053632307605
-0.403016645237526	0.320584801606574
0.0582343863471524	0.040728153756428
-0.366465042641442	0.331941841851243
-0.310050177490909	0.282231936898148
-0.293442686640041	0.336968728270824
-0.334028803409362	0.356676453419688
-0.295620562424714	0.291940313304902
-1.47235262368052	1.26343050354698
-0.981916575185818	1.02151097740974
-0.245991168008202	0.180254192355449
-0.409837378305799	0.167417900851608
-0.960609447533134	1.07029439103549
-0.873582329791427	0.993907552702741
-0.0425046455048347	0.038397556230692
-0.952564947508995	1.40681817078102
-1.83242948419433	2.6439140174423
-0.444498199335544	0.392067743231067
-0.531435883444461	0.704414063767635
-0.77138195603846	1.00250807249456
-0.450935089312253	0.41387484442924
-0.596275370417797	0.987775797608329
-1.00705912156648	1.60340516710753
-0.533244343755367	0.672813725698987
-0.583694689409542	0.406448961373284
-0.246418383682086	0.213004030529365
-0.642136513139187	0.578228682846476
0.768796628744079	0.722399477971593
-0.372166641250756	0.344257687852731
-0.800634260168066	0.579361503439322
-0.377599409472015	0.5480099046863
-1.05965296551886	1.89250051777149
-0.0756249615402442	0.047849681872378
-0.11430999435101	0.13966996637334
-0.287049303896006	0.290512854049439
0.139168000229841	0.0433817694656445
-0.504063050802284	0.25461267732597
-0.613960190872813	0.30609307104906
0.670010681024635	0.313066035603277
1.05177013892091	0.53884759794265
-1.1055500122466	0.748210538804692
-3.76347428825905	1.54228488282602
-0.536158509385372	0.209215127726802
-1.28764041494988	0.594482024126847
-2.08933702320907	1.00224173182883
-0.746025075699277	1.90786764454265
-0.17805534357936	0.186975767759216
-1.08869780878219	1.11403809675846
-0.460958129244249	1.09063409642099
-0.615142427043817	0.594604007285304
-0.793267106067432	0.343591872395527
-0.366862990219358	0.108975842075023
0.135225117279186	0.0534481990359804
-0.784561510703363	0.363836867465963
-0.534155277501038	0.214045732917314
-1.1503622450131	0.360685940099702
-0.522933158822484	0.595273973358834
-0.492624217114868	0.428272732038165
-0.0953698542232907	0.111573247183087
0.437135924284173	0.458218018633121
1.25511405992928	0.69090002216808
-0.963520057523894	0.596423707973031
-1.83380790599731	0.7804545457661
-1.17777712596423	0.66218876346685
1.02691830817808	0.387716824616512
0.131749166732433	0.0575436673341548
1.04416835245619	0.509441035438466
-1.85368582639932	1.16746404163834
-0.593489320875904	0.755339686094996
-0.322631971507204	0.387898229365532
0.107680432122636	0.0999120509724017
-0.903038855836615	0.886087299983294
0.156260377691968	0.101898324830962
0.0146129280321686	0.00769033922740911
0.534346980412553	0.313332141160523
0.145366035294232	0.0787775202166477
-0.077302962585811	0.050040764775681
-0.906374135776632	0.791272499432924
-0.51601682686574	0.390837378951625
-0.554826910689171	0.704222538767844
0.123726065253417	0.119936730047997
-0.474156522962518	0.63368742869444
-0.494114071488748	0.421928850606823
-0.0613260545607172	0.0469653661233008
-0.177179384797759	0.119399867719986
-0.69524362701111	0.796233763016094
0.648446777520995	0.44969809554864
0.156816992142977	0.123163819405863
0.0220144497628686	0.0128491901604519
-1.8535912392938	1.91206857925212
-0.719308839039345	0.914703443672475
-0.50988938153779	0.663384689503643
-0.294820020100838	0.297473720493356
0.400143178657988	0.273591281550234
-0.177273988529672	0.168910381037502
-0.766078214381773	1.04426910958021
0.392910517495841	0.469429675836177
-0.244145463823359	0.234405466768482
-0.385361829771908	0.420623361323423
-0.126079792943076	0.117843955911403
-1.54102959584533	2.41523548736216
-0.519963304500915	0.661274562617737
-0.300805301308931	0.298231870623545
-0.57180881366938	0.640319529464325
-2.79669233812362	1.8806130583317
-0.405233614523662	0.362705166205928
-0.666321572470526	0.4054375575969
-0.877831584133638	1.00409881397927
0.0410392810215277	0.0347980649333568
0.549705725060641	0.652283738824652
-0.511617823496775	0.635597435458433
-0.305791765023888	0.345002451649377
-0.159120772530826	0.178163910924436
-0.408850530216154	0.456784486668335
-0.769134218169531	1.02843439782651
-0.964783234975737	0.585619410807023
-0.999396755901751	0.494509435912605
-0.874696438748367	1.01185645583346
0.551633013939313	0.438260250084808
-0.393455096441824	0.411946759196385
-0.876119172662437	1.1076833565173
-0.354580874841092	0.377986583997318
-0.244302618139716	0.246551766566652
-0.335014394555345	0.273768042948582
-0.313466570067556	0.278824706042171
-0.457963314553959	0.526916118042167
-2.00391975186629	1.28860025288126
-1.10650609832428	0.781810867649974
-0.944083024732964	1.11593616512697
-0.82584607722081	1.11630717323948
-0.723160530995501	0.968505153077374
-0.774453077934875	1.15486260539618
-0.245587123754393	0.297468688558199
-0.204383255923447	0.197924260894783
-0.614653568690414	0.305995519056028
-0.250691645809758	0.162383222654354
-0.302381471988914	0.272421854366081
-1.3309818169107	2.06060668388847
-1.14869624015692	1.71085924047668
-0.298992585948554	0.246201554803611
-0.703319619452281	0.57556551480985
-0.744243815324205	0.263503462495517
-0.445973392339756	0.42519394224531
