x	y
1.44312568398976	0.495883856806621
1.43834175748452	0.492373840580877
1.44198232062639	0.484943359002049
-1.04949077847767	0.435890454815377
0.650083594088129	0.20608635616193
0.646344897352587	0.204467794280262
-2.65322794508388	1.64190588816038
1.95000166153874	1.29653768955037
-1.50873066636728	0.800679377187348
-0.10213371602678	0.0406642191147243
0.379665372696353	0.172144767138991
-0.404719515662062	0.177211506147356
0.346435576722634	0.175015332848886
0.354993290646259	0.177686116676176
-0.686615325533716	0.473333985545034
1.07190343500219	0.673587049502609
-0.911123374023785	0.841721004696162
-1.04339806761328	0.44647504020799
-1.05774632429198	0.853940588912901
-0.207996975077835	0.110063376157589
-0.418025318927968	0.236728837184573
-1.24044080048425	0.930828788323208
-0.80247432789741	0.445937028208483
-0.995936964455833	0.95673565230344
-1.62097892117108	1.20164466530861
0.0406457452868016	0.0246054852730076
-0.268815284110148	0.20073267077993
1.61220426770725	1.10484526348279
-0.618781486153495	0.520495400502153
-0.802262424904961	0.444638757536284
-0.813762702147482	0.697186661188963
0.826240305612711	0.838073728986489
-0.478908261735331	0.44015443250425
-0.704717179037377	0.571045716530741
-0.594796568269271	0.416316207385107
0.16270763907866	0.115430798457582
0.282958496492038	0.191815578927772
-0.80508305524824	0.519966307782356
-1.48402316938655	0.99933347936807
0.0599248939123671	0.0413557859541387
-0.371796790706873	0.327928187908095
-0.343088765430445	0.213421303957526
-0.128308751793755	0.0929331246944753
0.456250815109403	0.305143088802487
-0.590348885399769	0.436191361528935
0.140658832854058	0.0681017561758183
-0.886765095735717	0.845204149663832
0.0654529598986063	0.0445006181938409
0.147712966160346	0.0971812364387345
-1.49257447272992	1.05377951218591
1.24510635921345	0.817327842223867
0.598984814383067	0.315210788650147
0.335199488641229	0.168372433565881
0.855847665789736	0.619769146501838
-0.0145940070875816	0.0073078004276662
-0.207564975554611	0.144392388445712
-0.0970357262654783	0.0608804586411154
-0.278300886915646	0.169902232969599
-0.589810743825184	0.438570145707303
-0.8026593520665	0.528132504984723
-0.0820900938070521	0.0519892128304357
0.152832700620118	0.0799399187289068
2.1075797319473	1.46960676175467
0.841050567790133	0.744055008790393
0.84110215094728	0.601044399651172
-0.41699765113963	0.226424736738667
-0.29056366400743	0.1859304764927
-0.16283288954292	0.0610599506391972
-0.212769714886461	0.145867717083098
0.66507767916216	0.767892477490156
0.000999427237629666	0.000646213812578024
0.0557724633724342	0.0352157520860898
-0.80172621853964	0.453881521619706
-0.195803884566654	0.105582818182785
-0.420747081330659	0.233237118554218
-0.59027184916527	0.440950832109823
0.0247848788618113	0.0144351975166687
0.14159819592744	0.0686691602684553
-0.0175367205874115	0.00856691053309907
-0.111464639417467	0.0455964909740378
-0.202121724561355	0.107653244437157
-0.166828120367569	0.0941333504882627
0.150907660687423	0.0820383023039329
-0.631876614293671	0.502050877456537
0.170108910536729	0.126980625076506
-0.203936754548206	0.140879110224393
-0.129512318079526	0.0765932959615404
-0.0767614468246812	0.0344390811156773
-0.158496380216965	0.0892071186365807
-1.36230069240141	1.13023526296841
-0.663201332748583	0.411317649981196
-0.558090115611243	0.348622050336237
-0.0490873168917187	0.0225590449780494
-0.422503541180804	0.225081372936094
-0.501213025972718	0.2662187782274
-0.563942007574447	0.352954941263162
-0.404946981083338	0.277249018635368
-0.80659111989236	0.436645201190808
-1.23832307014146	0.888342482249603
-0.0994771503822276	0.0625403889114929
-0.504056681828423	0.265215460951151
0.145218786283542	0.0721835862497261
-0.295740584545486	0.183686650751684
-0.418955588910622	0.240436411861604
-0.211950106502895	0.132747624923114
-0.889590176224729	0.995537578859701
-0.701975893358939	0.554572160844932
0.601021111310615	0.448006964284263
-0.0350545433713022	0.0226730647658171
-0.799062833598312	0.741205487301545
-0.363913824557274	0.304270603764205
0.0662618650524376	0.0470683606145396
-0.0748876277455464	0.0321260261322477
0.148683890726692	0.078537789169385
0.0382871464993426	0.0232710471929304
-0.582154760773861	0.635732293145654
-0.0451963321215674	0.021291176959872
-0.2167856486342	0.174433515556799
0.0188554922696927	0.0111237255326653
-0.924957844382565	0.754428776837913
-1.05627188564248	0.836933331227023
-0.88912620644038	0.910800952362412
0.459370963288944	0.308861695240099
-0.482172986668525	0.458172749746306
0.159458003019791	0.0994925900627498
-0.408576749996047	0.357175718468367
-0.459375276458925	0.277563218458916
-0.271128247898031	0.204441755858302
-0.36259633366252	0.298577133996713
-1.17435831672122	0.662808892774176
-0.453786071531489	0.398370713055327
-0.0659427026923323	0.0508630473255774
0.250248551656962	0.216771782305798
0.0443099403645408	0.026575977252892
-1.17229997508758	1.01291275043822
-0.208572783435053	0.109865923343353
-0.908322345548342	0.841722822908926
0.137150052833161	0.0411222576901011
0.268846101991625	0.215331210716139
-0.805962806402753	0.522380445520521
1.2584648924379	0.726561423807801
-0.473460195433867	0.34557744480478
0.490665946524694	0.302537265129217
0.309617635034411	0.191157778944474
0.137542761281778	0.0653404468548179
1.26375829011628	0.714520639631988
1.05610410519698	0.525928462584778
0.545039858278131	0.543616564450472
0.275359539581901	0.199811837750269
-0.824469691723158	0.629379349433837
-0.209282768401467	0.10844228922434
0.389650111253977	0.304869031516775
-0.349979681372756	0.248162769373837
0.486524518325884	0.293845571639171
0.780798433245143	0.704190786293772
0.313814477392779	0.28719435975583
0.508965682857875	0.436197717326014
-0.0808967301793628	0.0351391099382366
0.319517965445038	0.176412047602321
-1.00290770702916	0.48111015414329
-0.204275706560417	0.111114322726964
-0.682383731998009	0.476294405868292
-0.203136181838809	0.105836318947993
-0.552273988867627	0.564021978185216
0.157734441424847	0.104246414403726
2.54173628919396	1.38796600798865
-0.201385150652894	0.105671979417565
1.61429044404784	1.14172275863387
-0.920473286390699	0.762331290024734
-0.0206886676950866	0.01444765016218
-0.476105806138352	0.325397564748865
0.000149624538681798	0.000217609750024772
-0.163738325985791	0.0921092987713793
-0.294304206227981	0.248806500210697
0.528750578943087	0.299019590067923
-0.512313552556058	0.261203124093126
0.150614761362261	0.0817730605041335
0.605109546867364	0.492136863201767
-1.0201833433265	0.919480311801577
0.0403767464614283	0.0255799997398361
0.593809491968065	0.43184478897996
-0.129006084034818	0.0785536143898424
-0.519015075235093	0.382930697932086
0.538601458149788	0.524936914424008
-0.905609963143472	0.870129100744059
0.160812659899886	0.136823091866229
0.0429940029278951	0.0273751968483697
-0.413144890468677	0.288990892109228
0.0644444576025848	0.043040775064948
-1.34464535057132	0.872376838352857
-0.0393382328848487	0.0188058004058409
-1.23808907581615	0.934776819273056
-0.253433916204449	0.189466019385257
0.0712458262432856	0.0524620551203792
-0.422301390085657	0.237203978454098
-0.414739470728191	0.373349356917618
-0.1490731035231	0.104064873008217
-0.243796363156039	0.0832740997549207
0.933399298177523	0.922156022892369
-0.34576800281937	0.2030297779479
-0.135059940310121	0.0786069738412318
-0.046963205971387	0.0304375488445375
0.433490804697626	0.175275864890967
-0.331554632334971	0.278532073667272
-0.467814606221811	0.305351820261085
-0.288230291018972	0.187095872474139
-0.197229849484501	0.105931080692193
-0.810277931424615	0.870944674294246
-0.0226492145141061	0.0110909703819034
0.830418820242425	0.770380527361814
-0.112047201339618	0.0468130396329068
-1.02083279237498	0.913637421788763
-0.0691196355135856	0.0305140167293596
0.719738473133239	0.585835050212178
0.279848069366369	0.204680225095143
0.162407286491411	0.115469000094153
-0.56253420504395	0.482252323534887
0.0358904674600307	0.0216717364683401
-1.24236839633064	0.929925600757866
-0.564968023665357	0.356797687439901
0.840250940529656	0.589631980016355
0.418451117762577	0.312228766986958
-0.994559992109018	1.02259827718671
-1.20914258979456	1.14564656578733
0.778438559596115	0.608336714023458
1.21445568155964	1.44088072046849
0.63291516857556	0.543679050634696
-1.26451294729962	1.20613816321255
-0.0114955903058097	0.00593936826443769
-0.320738588413638	0.149570141217964
0.145366035294232	0.0787775202166477
0.132793947921269	0.052747475034437
0.140168353562376	0.0417587511082613
-0.134869978406074	0.0985366398802661
-0.151780458529801	0.0844159681460288
-0.399606439960013	0.269299219687154
-0.539261682125202	0.211573173204944
-0.201678630306175	0.107466900821889
1.22554234635371	1.02760759713745
-0.804235806351856	0.45380783907885
0.0266240938268012	0.0160246493654508
1.64427309443593	1.5327621501713
-1.20529615851596	1.22645206646396
-1.17296620144306	0.979507826678288
-0.812003149089671	0.763544796670446
0.0417647656153962	0.0257532206059397
-0.121066279614098	0.0721283733569324
-0.343651497146956	0.214693513624298
-0.807378946657792	0.671651533860967
-0.477405810527976	0.314309841856168
-0.0167409887046002	0.00848558763529206
0.460193422706755	0.31245876387768
0.648630140907818	0.447220812933061
0.160402269455767	0.097975339694317
0.150108693805459	0.091167516291622
0.620122630490132	0.345210450355468
0.247363377278807	0.192175078863377
0.493235660686116	0.312899587130119
-0.462503414295324	0.360043738015909
-0.0140279186705648	0.00701175803251639
0.162096972053788	0.124809725112952
-0.674049406040072	0.385666473505411
-0.234301083298647	0.178476923123549
0.019467911877642	0.0111189373582139
-0.302621528551666	0.21816957697059
-0.125858440781906	0.0893726966814587
-0.595669671106284	0.688874005120281
-0.80790597894108	0.891265475510781
0.161193834426998	0.104715089822249
0.455873650831602	0.424283961948469
-0.250073310706368	0.126227480564057
-0.559661906705828	0.362817281234449
-0.00166123098925153	0.000716155892107672
0.0148081185702088	0.00756027439062802
-0.123215899879438	0.0889842122278568
-0.727789086037315	0.707788114213765
-0.354004943018509	0.256484502299878
-0.242134282320083	0.158851250701616
1.03750362969831	1.0848193828574
1.04584379319203	1.17227432823056
-0.357413154041331	0.257562023846232
0.411884401975748	0.390109712934861
0.450467049063894	0.403186540941087
-0.158279412605547	0.0899368867461321
0.275528259864524	0.17721276737478
0.15573451466972	0.105473219638788
0.144221810065366	0.074295036869705
0.938234889205118	0.909503240825049
0.548738561620662	0.532340360353108
0.408372330267907	0.40222790697057
-0.203120797793032	0.109505217095742
-0.346882178182258	0.211229471920631
-0.409589471100648	0.178797735474755
-0.203695150171503	0.110858957083689
-1.17091466127441	1.00885890226599
-0.810265947769327	0.771855647304306
0.130424286684715	0.0573114008123404
-0.6819321532743	0.478476491274596
0.87671165576556	0.900471337179106
0.141632628922145	0.0748607896559724
-0.158531498351676	0.0600096959484779
0.502013393363483	0.421456174085885
0.308571323953886	0.295225088034627
-0.252021264788729	0.195968667379532
-0.463931217623086	0.358073262498502
-0.802615068854654	0.688803376225163
-0.363007415227373	0.300778266730395
0.0418492070467795	0.0254918629821698
-1.07036450668896	1.4111629941433
-0.750913143863799	0.847010411400422
-0.711142764372633	0.90099902826237
-0.660999243465013	0.386504891135404
0.2606595728891	0.202850280271925
1.38762622698527	1.03132490140873
0.027800797314148	0.0155659017670175
-0.509556351228743	0.359908657993473
-1.85724487861881	1.1609587265012
-0.464476393644926	0.367639110038355
1.22508729520068	1.01357921727869
-0.252092356115585	0.128383304942192
1.55805796238995	1.52587210165665
0.932938849541036	0.612644206507651
0.584752341093421	0.423134459447908
0.457438364152423	0.421649996416032
0.0705232306526901	0.0479077663036442
0.164284249786321	0.122488708477574
0.32883731766685	0.305377445422208
0.896362874338828	0.753797772325959
-0.410323184587077	0.220586615665873
-0.250816407892476	0.127883463905594
-0.994865097705126	0.509680765352785
0.682386133048501	0.306974155705427
-0.780435660943107	0.359162183101376
-0.746356613660589	0.273282091273725
-0.0720066932554538	0.0327645885480203
0.417751941193948	0.313335486084097
-0.731266698987885	0.723564877042882
-0.457691335477292	0.404290326355981
-0.64232164571593	0.735646623296985
-1.109632116302	0.764113429733103
-0.120529266587904	0.0853088937135751
-0.328889692960478	0.35011681777709
-0.822495922540123	1.08806003070846
-0.28134309003381	0.251589472368474
-1.16574001425977	0.975457791747443
-0.165710416226806	0.0611653083090566
-0.11135460074992	0.0465930303574055
-0.256202650422067	0.130020313186638
0.675505061732839	0.32539373588274
0.13807845482994	0.0420246516498512
0.13566406147233	0.0532567581614414
0.803323550143284	0.355193566985841
1.77278300168755	0.930376526328771
0.454596982221405	0.305800385294536
-0.261531269581633	0.129133121854427
1.46112083200461	1.39653206507822
0.504324074413475	0.188223232242347
0.550375908632807	0.624132962134781
-0.970805388010078	0.569211211654115
-0.501528454583301	0.274968870286129
-0.317965031289629	0.150970016931974
0.144464321414976	0.0463728843302575
0.491636413815281	0.312507756244554
-0.252683286370754	0.130221416168762
-0.000670867711224946	0.000208586938110856
0.351187411043721	0.181065865539684
-0.562099133833118	0.355930001727369
-0.347334639648729	0.241957012650734
-0.247091976152015	0.123540052552233
-0.814013398652716	0.624232927826535
-0.473125046584618	0.32515733005997
-0.64518946881588	0.579913845567494
-0.327763731549145	0.27795785117343
-0.127358555710507	0.106860632636429
-0.119881183491514	0.0478933706673617
-0.0380029633546133	0.0174811247470385
0.294802827800081	0.193298091427413
-0.539393472789055	0.580187546301165
-0.816193215349313	0.768669671579323
-0.164570261069881	0.150981053924476
0.249045731509293	0.208451297486577
-0.414320954019833	0.43245720842898
-0.28853048995054	0.239170420455261
-0.342747878152452	0.207366554474831
-1.10840684211209	0.761047476053682
-0.16651193383656	0.0628116432481694
-0.00274881069763572	0.00127081481179553
-1.50387806357019	0.813421648198263
0.509454416060186	0.192400711673136
0.139134060358204	0.049052385159294
0.534959225874198	0.315632439395873
-0.545044152126263	0.210265636844621
-0.787422566026612	0.365763236185906
0.427841024601788	0.173939591652273
0.51360776813795	0.396167819085655
0.372698650986178	0.302123447278094
0.370171882094985	0.378353032014903
-0.112875855088975	0.0652812965023745
-1.61208782789196	1.19633321192827
-0.811908603952175	0.543747243522337
1.76340414935572	2.40715707216384
1.11425713981194	1.11706696639899
1.5133495244815	2.14906111420645
-0.339961665176479	0.206386148617952
0.155265025953609	0.113824660219484
0.764976516881554	0.706101460232443
-0.0104885412210083	0.00542991831742547
-0.33583871185645	0.278652453054893
-0.0104829949469167	0.00742718313036728
-0.311029862815722	0.226202054545189
-0.299443542333645	0.213538795024945
-0.41877172119319	0.364317010442743
-1.18907953822407	1.45826649873318
-0.92648779206396	0.759147940372133
-0.917832969415301	0.774359505108523
-0.407150614050122	0.418744934076587
-0.118766616634501	0.0840932188488808
-0.994096558386406	0.978652009084601
-0.673420688070953	0.638160033525657
0.162244232767882	0.120366770480478
-0.202547185129728	0.111460168876577
-0.365161528160353	0.345747862120858
-0.30399462857055	0.182216137590007
-0.325675434639573	0.280497164642164
-0.0681727833335971	0.0533616455329648
-0.285986114930266	0.268884005439494
-1.05049647127924	0.840344154951914
-0.661145501551687	0.728448184743801
-0.443658715252164	0.415738094783387
-1.26951235885163	1.19448593376687
0.130193729425636	0.0558880881610967
-0.6017249026046	0.444235751721668
-0.50531406187064	0.258768783847615
-0.161890742547029	0.0933669920558991
0.606194561740717	0.554751222677911
0.712605967870661	0.597691735957548
-0.0383666929687489	0.018526449553062
1.54936436528172	0.782164195498418
-0.156980556282103	0.0837515118532067
0.135827993575283	0.0603732176782337
1.4700930508755	1.43388622645545
1.05131388288844	0.516273340937626
1.01551724826219	0.9509942956208
0.0512744229312388	0.0328750422024786
-0.16769668864182	0.113376527705578
0.149604060665256	0.0951148471896186
1.21094605009645	1.53344306212635
0.253594290444379	0.205609131437972
0.303833004820972	0.189566490732634
-0.0141466464411376	0.00986861820011985
-0.597936476538534	0.686396073140856
0.786219073398183	0.896475715575241
-1.15853524265336	1.70922712578108
-1.30830381732008	1.61403891343547
-0.168411074275138	0.138968892133306
-0.0214319201771042	0.0145432798652177
-0.465786890377713	0.510771277928887
0.10790408510824	0.0961424985152323
0.0789584728650105	0.0600420272544971
1.06831187486541	1.31532327001568
-1.46983148972748	1.22999225286011
-1.04428377509792	0.73967590258835
0.138988387902156	0.0479479922116786
-0.9603135418711	0.570397885345652
-0.814199291091377	0.62382853181787
-1.66277842797067	1.68563793272309
0.155371577645266	0.100807708867678
-0.0989143334301154	0.0624465881951314
0.714628772414887	0.590151162523203
-0.459305125163007	0.399674382623918
-0.0429028346134672	0.028755709954121
0.04543709554959	0.0295629533924971
-0.454321348362478	0.402759122454492
-0.322110948061957	0.142788067991318
0.0448505383779567	0.0280416280006322
-1.02136201217169	0.921449677971682
-1.2389456850256	1.44208964564214
-0.615569818275414	0.50434049437866
-0.41073190005663	0.374894652599709
0.145285129182944	0.0834856178555567
-0.2712114711966	0.237510780667882
-1.38984572825096	1.70715305433875
0.0432371610761757	0.0260126973056497
0.342214202496299	0.305840475688676
0.0446874323393208	0.0278227231131416
-0.0182627721284541	0.0126652313549013
-0.0397992002397626	0.0261080403901442
-0.607573835244425	0.57420708387452
-0.0916564199736142	0.069593307540995
-0.0691017787427702	0.0438080986394986
0.162413821122703	0.123928677871727
0.595844093465701	0.556333844974338
-0.127069318413103	0.0758010838999208
-0.903619004774262	0.858480102348473
0.0683815300346523	0.0496665504748652
-0.091398064089502	0.066877198492968
-1.00101252395995	1.59041873018689
-0.802276426624921	0.74031695022587
0.455711879257812	0.305335470611051
-0.377159336624724	0.342163183930634
-0.625168520684098	0.515474269405426
0.250358610092784	0.209817001556699
-1.15806810467653	1.23141935263186
1.39016007656535	1.59086544726557
0.445501145397926	0.4015264336142
0.443001150792117	0.422499354455752
0.253281559049334	0.190622780026008
-0.401301380236133	0.274215030996943
-0.187853874122802	0.130434299614232
0.773268663261811	0.44734413763333
-0.362449719829725	0.264759594498364
1.25796325773835	0.716128290121217
-1.50227114232337	0.809739230591547
-0.801350604854237	0.459557831674599
-0.588035863741143	0.538319656751972
-0.211359363568492	0.168624391228402
-0.425988421327689	0.232717053677886
0.266517619328716	0.207732843075897
-0.458444907795398	0.343902203910329
1.1094671080162	0.991684804514561
-0.123242774761773	0.0737463648577292
-0.410313446318598	0.374253999485155
-0.754120039377252	0.811462669189003
-0.254261348395864	0.132533659875258
-0.211760545085412	0.14726551525458
0.249914296929445	0.219615924241138
-0.402737601119702	0.27778214308326
1.21708621965126	1.12695926070264
0.678832544497818	0.680067543596968
0.237092255506535	0.210041320836184
0.15542241414447	0.116214596173586
0.00823089386492117	0.00448418082431649
-0.316434863870105	0.239600150758029
-0.717629261395244	0.969594869859397
0.285879292797838	0.192565268182919
0.625927533661987	0.648393433495121
-0.708915504024254	0.549414490018754
0.530065785217912	0.433197450784656
0.311161754055754	0.297988397706647
0.0566299852662184	0.0384138451482035
-0.24740582919121	0.19091895226578
0.0225402602326458	0.0132565050584818
-0.630254100327854	0.798035142377198
0.477192400663063	0.496697584243344
-0.0227580705550941	0.0158218438188345
0.000958507711956115	0.000612841044158238
-0.889665895090161	0.902563357027261
-0.319805633827254	0.150257257002701
-0.35044249213286	0.323687477109209
-0.183395838614462	0.127134919552232
0.779623771361765	0.80056683874582
0.904028137376252	1.03233184862185
-0.240111058336071	0.157069698509663
-0.636182850689705	0.576103813250578
0.459081628170747	0.318424574754038
0.306112758188016	0.197242751248732
0.383861265426819	0.173089784763543
-0.198960960313625	0.108106913644422
0.882299080968551	0.483497624585158
-0.744297778161955	0.26441049633475
-0.572528731860208	0.606069778053573
-0.178849507661699	0.123070747229046
-0.345376959742077	0.206035119573415
0.362030102494096	0.303185956082742
-0.31802183315744	0.234619744237868
-0.66032303020695	0.396059948503628
-1.11601883777992	0.706167141743742
-1.99728420260923	1.39428243994251
-1.16484590676155	0.965190187039672
-0.417612876087229	0.239031065716358
-0.106334348505311	0.0653177443189258
-0.377207477615722	0.345841731424078
-0.298174161102783	0.244338305632571
-0.102380509782943	0.0765681472168832
-0.137222668059741	0.0961085043036645
-0.0544360818577454	0.0351766961326649
-0.207960723102973	0.13744948076164
0.045882954632876	0.028067029181787
-0.173000069775657	0.122008523976088
-0.155918914036712	0.127777333496925
-0.342526213116646	0.210862415897383
-0.291973423679783	0.23739376158124
-0.104326200943838	0.0776092347888819
-0.731373127964837	0.631992615688907
0.0104162121521414	0.00526705294791054
-0.355129614657193	0.207373035050262
-0.00352265927415843	0.00239167465275709
-0.808231085721154	0.906177852393516
-0.27671778520878	0.214942263062634
-0.239758669030713	0.176655217400881
-0.41241219690874	0.179977237956668
-2.08726743331646	3.11301158439584
0.0213307427019353	0.0155721746953976
0.0903761011508647	0.0747863554101823
0.389708628795392	0.364148815754296
0.816890709279602	0.858986175700466
0.544864292754651	0.604828416280563
-0.416578343885677	0.424304730186265
0.156171886573443	0.106822702909497
0.0208724401792514	0.0120958216338318
0.350212915447765	0.178887565272165
-1.10589164279445	0.757342887047417
-0.179542495907546	0.127600370359689
-0.62138689544583	0.514452106479474
-0.242238180149673	0.187680767647566
-0.934190628120361	0.673882488474114
-0.82770021057077	0.797004821015206
-0.359488922044695	0.107399144350341
-0.409812701789317	0.179119254313499
-0.66415105636746	0.376365434358166
-0.807047011031792	0.443962418478548
-0.0125759094517312	0.00896057739021567
-0.535900783780783	0.489935035496743
-0.0490333677715459	0.0386714474918009
-0.368661896944752	0.380923802138815
0.357817256687124	0.295500178466537
-0.195958716037785	0.167035114493147
-0.210799717089892	0.166629923227749
-0.0225625492816269	0.0156142933547676
-0.0977381450649188	0.0740981818871651
-0.198904130516938	0.157048421756828
-0.549818773637923	0.549083215094293
0.102611679514089	0.0927402317181883
0.251410650762662	0.208045461214799
0.159989336412948	0.116696357184507
-0.102063047479251	0.063165748818207
-0.239092489010401	0.181966626274723
-0.36995589834257	0.299398732068146
-0.146090405286384	0.104739061128269
-0.87896123951827	1.02726854322091
-0.928930813628015	1.17811042994481
-0.734260588652094	0.730490329372022
-0.242977011055832	0.19064929630244
-0.181648981026004	0.146898927950053
-0.11801394712392	0.0465600652164695
-0.530198158103258	0.397593526589885
-0.474561569470814	0.327867000630791
-0.343509067191527	0.202625714256271
-0.0717498117473675	0.0466486597393947
-0.0596216678964787	0.0450973519483478
0.0209814932022333	0.0161477126014732
-0.0163209755020734	0.00838139578308799
-0.0642064665213969	0.03895593632637
0.360462847607229	0.309591685260798
0.357216997666691	0.305845809406096
-0.00739323676394486	0.00387689158503179
-0.500893629055731	0.261029734161065
-0.531374781703655	0.206653807081802
-0.268994200915858	0.231490731874622
-0.214426315856933	0.145117587725489
-0.522699669387928	0.410311486731738
-0.284758787306752	0.175519609542776
-0.355642224013226	0.282564756982487
0.16274281787055	0.112160884543494
0.158629779253301	0.103597533087188
-0.811359148697501	0.762909532405586
-0.738402569515017	0.262612241597063
-0.253775347622275	0.125873770579182
-0.725954041346714	0.657280265504735
-0.00766757936708343	0.00645275660877344
-0.817812352615606	0.913230102752554
0.0604821015537352	0.0427885039925177
-0.229729247629561	0.200747522402104
-0.48348655593545	0.461402381797748
0.216589184535446	0.181872254808811
0.00656024234156813	0.00469918154838631
0.277644010794706	0.203794971125904
-0.806724578206077	0.992262335780316
0.732150166769726	0.685076834579182
0.723375476943564	0.592456280338549
-0.583195070343063	0.546686571171779
-0.809914070292187	0.855825608131856
-1.08875504135612	1.11930087617596
-0.69591490134158	0.794359359755888
-0.118251694955302	0.0872822667680818
-0.249140370560641	0.192619547632999
-1.06896396028157	1.09896980605969
-1.22964572160544	0.877607860530557
-0.456819676784788	0.36033405066682
-0.584166117664892	0.554588400963737
-1.12015307374723	1.03559503378562
-0.957404787202565	1.07935105316953
0.421476221459794	0.479160091589486
-0.182638475835754	0.141864134721583
0.0273169801875469	0.0161660293636739
0.0687773638753155	0.0451650912570616
-0.266996350061078	0.193214769738019
-0.373232677188553	0.340819681734818
-0.0923765923587963	0.0565572517103613
-0.807246572105583	0.434833514153595
-0.612235200963396	0.279552386552645
-1.56415888471837	1.52346059509723
0.282712774928136	0.2070180382504
1.38482949365446	1.07293846681634
-0.204584781826578	0.136574500658891
-0.589896442480519	0.431188356177957
-0.743392288131046	0.73274301513947
-0.251340323407098	0.165080777083359
-0.418871393840372	0.176236139111823
0.150715901937816	0.0298994530276061
-1.00804594445278	0.472790256715632
0.163073782707894	0.116335911363388
-0.239755047140682	0.183013949515748
0.82715820122583	0.849932157710542
-0.124992859723125	0.0899816963070647
-0.0786390895891329	0.061433898439706
0.069063102891369	0.0489817592836769
-0.262846179611233	0.218139833560803
-0.621571027545624	0.517299800563471
-0.320395006069247	0.296699830980326
-0.471112965618772	0.528540013265054
0.060354056626097	0.041623783350323
0.566167111059413	0.620331341037907
0.15869489808768	0.105232779642596
0.639702618922891	0.615352017056895
0.383531183078634	0.317945783349493
-0.178559933721538	0.125621556294647
-0.458496674491436	0.369470673505939
0.1327070279694	0.056634828982456
-0.086030461996594	0.0536698065658202
0.640021583962629	0.456296039094417
-1.01608667971531	0.92881645618156
-0.275782604769851	0.212938537643164
-0.340951175441934	0.204688467172028
-0.0240120928897784	0.0112773276569475
0.963735990776328	0.978028309211008
-1.17033391694454	0.99262173815239
-0.594810493985529	0.67616385517488
0.329624664416295	0.291434048614541
-0.728151874338603	0.650498364850326
0.240326964959796	0.205528010732769
0.0389294123797019	0.023240310757849
-0.138323919145309	0.0960644330328224
-0.115131691046387	0.0627598331579122
0.0444859258797153	0.0289956568390999
-0.160520863239539	0.0595971805995578
-0.232299206139614	0.173993683513504
-0.0162464790107205	0.00813109337033938
-0.806934456074254	0.736114579184048
-0.504694692317447	0.430012038804242
-0.15375971512598	0.0877667533478011
0.149437344912318	0.0387143285458533
0.381999683963585	0.172785284621648
-0.537378738945584	0.205700046879411
-0.254924271944018	0.124163629832756
0.132179376634901	0.0628901576290038
-0.40442824679253	0.167059036720535
-0.296593473065785	0.177793909964452
-0.214754761636052	0.143544605121172
-0.0963327114422123	0.0743459413822614
-0.450991174019866	0.389919886178202
-0.495456657184291	0.625385898088941
0.653797699130554	0.671891644963072
0.26479506262507	0.218829678245226
-0.110102133819729	0.0662978385592819
-0.660429718138968	0.810373364021914
-0.0701836000497219	0.0542533069518574
-0.42981493232968	0.455203645471306
0.38035194596678	0.314659649578962
0.52036332651489	0.590858310299524
-0.174544731575009	0.14410684477401
0.154954882542389	0.108907734826945
-1.01613290811609	1.28235524122141
-0.343284736269021	0.393901334923566
-0.43686092803068	0.421995261665411
-0.459871808709007	0.347518912753017
-0.0534206996288223	0.0354455724192596
-0.179029272153976	0.159548551784513
-1.50146816014262	0.797879294056104
-0.708603468469017	0.573403052405276
0.0574969227849171	0.0370432254534239
-0.467372793611469	0.308550298468753
0.821905840431502	0.684066457600689
0.593342846993312	0.312620812026756
1.45939164923332	1.4522905105175
-0.555922485435501	0.363955452788879
0.826319754026446	0.736785698743613
-0.993667420075516	0.5081612900386
-0.309154925636618	0.234080612748031
-1.73829294902439	1.44764145891955
0.785829844921589	1.06764402316394
-0.0440830626973595	0.0291380311004578
0.370940592701932	0.312125177180659
0.253993114738926	0.191253366779563
0.485514721900051	0.30333028343409
0.172183364994568	0.127034382010472
-0.298007589572051	0.242710169355061
-1.36387738984982	1.36129273550717
0.128332143784253	0.045108714855862
0.138290920974107	0.0547733712679783
-0.243889020737946	0.0813578121095118
-0.810632148144466	0.701525386673239
-2.64469193214327	1.64383430676798
0.295107347005825	0.189328294776985
1.10353581667944	0.935873561675637
0.14343254477838	0.0422954895994488
-0.164447948378672	0.061987630845636
0.133117695391653	0.06406644299691
1.05330088718846	0.51530651407164
0.429826185812624	0.180790242437756
-0.800215443186663	0.447990710928664
0.14220669080621	0.0761442079136515
0.312724619460471	0.1860645987962
0.257334293721068	0.191697646702706
-0.408243861483107	0.354226864246043
0.677598483570911	0.658469034145803
0.157454090541438	0.115663436334215
0.770378663138502	0.929795211481219
0.477982449811626	0.41609960490329
-0.415649273426492	0.243606207569725
-0.454023537485096	0.404612893161041
-0.627447832489382	0.514407310261989
-0.404047332701796	0.281186388263664
-0.460021609499502	0.367641982221345
0.602126483473537	0.55772412570613
0.0695278659675598	0.0512590408980948
0.300286750480103	0.185984722333108
0.0584270647306224	0.0399627128280825
-0.103074866546627	0.0644804680678448
-0.405565884955699	0.363702754735314
-0.174013709780849	0.119034662854599
0.0450098761315795	0.02713136688079
-0.564255368679654	0.346841501834795
-0.745316628206725	0.266605865355488
-2.09141701158254	0.940684744914379
-1.16582090555143	0.965344086604478
-0.10597826310987	0.0437148352759639
-0.0998782273407177	0.0629005839828455
1.38611126445314	1.05924652695917
0.835465951635972	0.76538359880994
0.159020311668859	0.100943208999881
0.325012888225384	0.177242367097423
-0.52804076333158	0.487891676837236
-0.670726797134293	0.400065804416271
-0.551921232981747	0.636418121258906
-0.0219591175474523	0.0148624702032747
-0.274384170087333	0.209699978937961
-0.825638584793763	1.17448625166963
-0.807533503003406	0.832028161129989
0.711999523477654	0.641743952017807
1.22187896997086	1.16272368224792
0.250686799321608	0.209293874316864
-0.315933011263099	0.146673879711977
-0.998252725375349	0.504959742668425
-2.58035413683893	0.741528858997695
0.132451920953857	0.0466455087584858
-0.806458070803597	0.642706913040281
-0.605669102283234	0.42699292550078
-0.422334159535164	0.367800483576676
-0.0415128010432242	0.0196345437333904
-1.50713083767993	0.788834197195954
-0.686052604978355	0.471388175794835
-0.546086746024328	0.211494618807889
0.12642811455728	0.0425089420557311
0.153989420566837	0.0871834927393672
0.935501999577219	0.253169576056372
-0.260310209535207	0.126074835991675
-0.417910867367892	0.176474327648019
-0.173988299178603	0.12396629784644
-0.32887877939578	0.259093690537214
-0.245418020928697	0.165127444328319
-0.607238326578456	0.707790084004138
-0.696397944267403	0.706358232391711
0.449449896723818	0.416978354086048
-0.806453065863839	0.676812549887144
-0.690816105860718	0.781873885674733
0.299297463142713	0.290157234512404
-1.94441446686421	1.8472081586277
-0.0332842825398984	0.0224780537850707
1.21849769244933	1.48117449742276
0.158296679939051	0.143462582907696
-0.278122619934431	0.215384013452069
-0.240005550782921	0.221276297626863
1.33733918466586	1.8051770716442
0.305884945726535	0.180138473457673
0.475204045547102	0.419217227537503
-0.209351209848024	0.166520800556252
0.0630971523373044	0.0430000001113791
-0.320817691254477	0.320925022499138
0.172237599912009	0.128985692162218
-0.179119653166439	0.120452127448656
-0.217038553870753	0.18701066272062
-0.104454034831209	0.042075578550998
-1.83797106342136	0.779473339641524
0.429643680580781	0.178577238965615
-0.682493476480614	0.480511691000718
0.419993258264987	0.312482765896546
-0.166959366347951	0.060666006922478
-0.906113677179554	0.832372052409268
1.05510539675988	0.523195293978497
0.0574577196280633	0.0362775780756162
0.37430527894789	0.308889200960645
-0.661960325183517	0.388980193895325
0.702422126254187	0.496923391804733
0.263220961080825	0.207118504936665
-1.24394065352923	0.936811868743434
-0.489832997561133	0.462318602591358
-0.239437838648651	0.243984628529961
0.383092468391158	0.389009136902525
0.606835284767232	0.615242115749612
0.240295604637687	0.210085012162744
0.773272541691745	0.744545405365487
0.849889404327586	0.981802998203592
0.153134330336514	0.0812027871554779
0.768867069191321	0.592966570607519
-1.34129845106819	0.825244489003456
0.129535267370724	0.0543814163584952
-0.743201468674383	0.27129411111425
-0.433231914295344	0.403484980260321
-1.01713584247592	0.890133994371564
-0.922132973829514	0.761684504311655
-1.83803589260904	0.765742619743892
-0.24959965542876	0.127573603968611
-0.240718774819291	0.0796491220389895
0.352789703254735	0.177483320224794
0.164428736434498	0.107828747651978
-0.999504315887597	0.526867747572164
1.66562419651012	1.91101007133694
0.16766389760401	0.105087188124265
0.520603386579033	0.656354844347923
-0.141709730687789	0.0993210778979497
0.0941245659274445	0.079269960048073
1.47823497358045	1.9267627701065
0.574805952426765	0.770077084480281
-0.2912836999741	0.296118600407825
-0.616956405565422	0.466399018394995
-0.973642859022777	1.0523808041456
-0.0097469222964906	0.00674735717029408
-0.858325806359447	1.20853646440082
-0.80366113286377	0.770534831111603
0.0745914495051686	0.0558298369928178
-0.242358430491777	0.186046417504496
0.431865986717937	0.485007852884402
-0.213575084513251	0.187023293491383
-0.415250865580409	0.411120184197607
0.0336529829584506	0.0200566761500804
1.02767299168695	1.40685209996269
-0.0436729943882673	0.0353494811065801
0.0627289711967358	0.0440821070627614
-0.175551878850337	0.156665551574231
-0.0780125450510741	0.0345466149205094
-0.195373172783323	0.105337605776745
-0.50023120936243	0.26267483902847
-1.02406715995818	0.908169885164682
-0.24763675884904	0.19421912557011
1.65086073650479	1.47993102042622
1.1245277288743	1.23773042118068
0.0140684168571694	0.00812424079050372
0.151197275659085	0.0893214233670664
-0.124226437019388	0.0750409790037845
-0.417440525009554	0.226100148160487
0.137707331334772	0.0416744860624087
-0.403754435236836	0.172148519310821
-0.242831203844467	0.0831146567067306
-0.00257663273313372	0.00177424295628397
-0.33722601380431	0.288339670765972
-0.0926309209643864	0.0683603634784596
-0.370437279468424	0.336109678372001
0.15610950318764	0.111866006006596
-0.709604906214316	0.800104143512113
-0.0480100765081882	0.0325468179995556
-0.5633681910177	0.353029323277699
0.300092135331002	0.189711272710165
0.0430943433530824	0.0254688668584078
0.941698220984015	0.644079252565666
-0.660054342637754	0.39730551449366
-1.10241926466834	0.757715784252609
-0.61908370248901	0.311292101652633
-0.238873496893652	0.0813017835792925
-0.406306496797046	0.287646340616284
-0.204701706901494	0.11126525277876
0.153864008491322	0.088274413481272
0.351153987076742	0.179064238753709
-0.638954644635542	0.163590857835517
-0.347341334233313	0.200512134651531
1.7656469767351	1.05949568864167
-0.742159792951855	0.273560129045021
-0.320952959421538	0.154335715038355
-0.236727855931232	0.0810119912872077
-0.249837284138113	0.126642149513897
0.891978519270958	0.494318135038058
-0.0964722986019659	0.0605756549889296
0.0153241409223239	0.00872337646883539
0.165418313650276	0.119789371603152
-0.150806225421034	0.0853590446009033
0.0534421512762009	0.034340281921456
0.359829895393699	0.306651674965338
0.376814861960412	0.308481931801375
-0.723497769063658	0.645855662885336
0.422135393543486	0.398029851837657
-0.20625085239704	0.139574934032586
-0.151856185772791	0.109975110325382
-0.273045601764668	0.22316830457404
0.361510013520005	0.309885984527162
0.485904637904074	0.3937628229561
0.247055088357611	0.223778268680758
0.443325472733763	0.381130312999767
-0.713841665491394	0.629594092590431
0.161778494875621	0.129304565860463
-0.624886263742445	0.678905371278003
0.0604821015537352	0.0427885039925177
-0.321671519641238	0.146075151215232
-0.456731200338292	0.35305714435463
-1.1062319032332	0.748910868308239
0.155558723329684	0.102817009980131
-0.172842745130384	0.0919898958504218
-0.286696135020155	0.18325355929137
0.051297198089454	0.0343839416718042
0.987278788376682	0.79258622492953
0.146131010517507	0.0835273535930457
0.423764060932948	0.394858875745969
-0.0930103231551378	0.0578296455262739
0.138779808751349	0.0688678061642725
-0.203659412974741	0.155101937949604
-0.692382490656522	0.791861574624942
-0.672924979167798	0.696151307322424
-0.336326470172779	0.281639010651745
0.0742915913465338	0.0575451854753326
-0.459104951093734	0.430694411980499
-0.044516949977498	0.0296279306145758
0.159756539676455	0.0895328104092591
-0.20154339370226	0.107467096023076
-0.408619172997437	0.274410562905559
-0.0959595824396295	0.0603232646460389
0.605738071249853	0.556720288182831
-0.34832800620353	0.21213465140791
0.134196990054445	0.0476746060306298
1.75676019416064	1.39591295278871
1.04993532893428	0.521325928579868
-0.238777039511463	0.0793640368707419
0.426904367808697	0.160735003653339
-0.359014070766392	0.10669384643532
-1.33941319459293	0.850284416812875
0.557583533549391	0.439381812918563
0.032676566769892	0.0197233797924342
-0.151187337807805	0.108696294902213
0.152441087022986	0.107069046936832
-0.0537948835222797	0.0423843015284189
0.380710405837343	0.313965176637827
0.578921248661218	0.593063463233734
-0.126451211195467	0.106716512180649
0.471140453827782	0.422108461477603
-0.294562515800761	0.234702943710049
-0.348950995945112	0.313637876526701
0.167775489710965	0.137978309326352
-0.706998980008889	0.598062338901468
0.165704777687432	0.125498460648708
-0.00780060343308548	0.005467962175095
0.321399829585271	0.3002407400996
-0.144324655492682	0.116902902557111
-1.02089904529272	1.23874212763075
-0.625612775111577	0.673607551453042
-0.627063095738879	0.672549008007242
0.053419967628765	0.0355055748393638
0.150399317157757	0.102868559780809
0.80350049964755	0.936937680714271
0.269733482393588	0.191210957701293
-0.245224984136411	0.183558003058729
1.03919998494861	1.08651910840409
0.77785978441549	0.744224237859969
-1.07838524756546	1.17536001035569
-0.250165990299249	0.163696445895531
-0.561671832768382	0.361415056133216
-0.00849267931924775	0.00607704078868435
-1.01430828091534	0.903038380648463
-0.0267395541994833	0.0175239843451988
-0.739780782545441	0.771852424103285
-0.485912489899426	0.460464600298887
0.303614005717635	0.196942049498097
0.15856392926258	0.0961087924671876
-0.537346054879039	0.217331390886752
-0.663541882458153	0.408872380460696
-1.76257980257048	2.06961844923207
0.0444733509313971	0.0290052838011696
-0.0175965294433481	0.00874126215447071
0.136104373206364	0.04771177513027
0.292883144445571	0.181390670228616
0.779644870860812	0.471374698924353
-0.961940255910527	0.599220689975794
0.986111210550403	0.759549206874239
1.26247693296723	0.703973068283957
0.715944092868238	0.597892034198592
0.887860819379007	0.444382324455304
-0.0997308462364281	0.062457186274381
0.425733350869163	0.306342210785439
-0.0195150254254227	0.0137926962914935
0.896368654547273	0.957425861944118
0.260785103290761	0.210938910613078
-0.211095225888386	0.166803196215519
0.158981708958369	0.0978285095481827
0.14347848371936	0.0791938446091837
-0.0371631219468713	0.0249674017317611
-0.150775370582928	0.123231195238934
0.158083033675501	0.117953317276531
-0.0341885483072108	0.0225058764060493
-0.596810047936797	0.580816239973865
-0.36838906932751	0.300722031415796
0.165169333791404	0.0986428679175007
0.418940397082688	0.395016316009095
0.263217263199912	0.194575992592563
-0.406004498238429	0.345182089173416
-1.03194776584856	1.20080580598485
-0.628120482221036	0.684749205139495
-0.0548327372263024	0.0354799680138844
0.265330088337835	0.21595249067148
0.495775748134146	0.309683221288159
-0.54013035812644	0.210321639201863
0.561250797745918	0.435313717543388
-0.631415085589189	0.519800870548611
1.0734906102113	0.685860258004107
0.152350340653503	0.0980551550297758
-0.250945679044881	0.165243260202458
-1.84333728615557	1.63807480460865
-0.0150320571693531	0.00749439103497918
-0.55793918207882	0.348962828649305
0.144748710090965	0.0593584378952434
-0.33943187644761	0.205269820840877
-0.796768957596898	0.446579404993518
-1.04842602986207	0.44867035504741
-1.14948503307875	0.354612480039932
0.138071567979321	0.0552000006911784
0.434120899891324	0.181191130123039
1.38047222020289	1.04974449363578
0.137203934086858	0.067626149248098
-0.960345125251926	0.592439797185939
0.352139667823871	0.311501358054945
0.288158996273689	0.204744002763298
0.701798739556143	0.450318419686212
-0.907023776054022	0.835927862141894
0.0570947562726914	0.0370490025188214
0.561643568090747	0.429595423987801
0.167226887791273	0.128289629196394
0.165050321979205	0.131852677333666
-0.119334959330068	0.0686570008066395
-0.814611920216403	0.685793427055055
0.645088200915007	0.654948831827281
0.290433901318132	0.203667217772019
-0.417819897348686	0.241742618834443
-1.05473920561919	0.872302526191695
0.1462761648288	0.0912185597329835
1.89278908244001	1.6315083916212
0.0523924813713343	0.0334062817969799
0.1605336526228	0.110967854969224
0.410750333656578	0.396422127149805
0.639199950085656	0.440472638617932
-0.413692134121572	0.24380707076192
0.148340847278699	0.0298858287200156
0.432943824417258	0.183111816316685
-1.84566857215115	1.16127092582934
-0.128980057792485	0.0765773230422339
0.286613960868758	0.198208497647963
-0.356955457100538	0.261811033282761
-0.0987851636508795	0.0614404511067636
0.147275347783155	0.0806195685875991
0.158498537862468	0.113404389780452
-0.405376361100887	0.356262639836783
-0.0723357951871721	0.0301378359730994
0.147936258478303	0.0836702940661643
-0.118275535633956	0.0806886365374069
-0.413593350947615	0.287644163063415
-0.891414788905001	0.900410496417229
-0.410595812447101	0.334594026695786
-0.0104885412210083	0.00542991831742547
-0.407877856471502	0.177187027443363
-1.51615630342125	0.753196923060088
-1.14934954991944	0.361642569623747
0.0504228404460696	0.0307872753120151
-0.0826320966275292	0.0533195512435403
-0.0720066932554538	0.0327645885480203
-0.623432839267134	0.314137722768669
-0.15979272750732	0.0915066893012826
0.643798753699329	0.45797058293802
0.600143239353408	0.447552004837573
1.01439700679589	0.944268480243743
0.289703981152215	0.188267928769322
0.365245073551309	0.312409700280892
-0.44411887797148	0.434097695955658
0.349455997030176	0.30855000893724
0.362884652788493	0.389463398001271
0.9493773558631	1.20182190263527
-0.208860331136733	0.166121565646099
-0.230007383919644	0.170378713356099
-0.944114921948253	0.692164297829939
0.080935835563365	0.0610632363435123
-0.532789386524749	0.488790581768405
0.143881228667816	0.0806145935637766
-0.287163936330763	0.208692915928186
-0.0760027777523596	0.0466911002408214
-0.208280352243618	0.109154006856738
0.508129644675759	0.50388296736633
0.774628486646424	0.708530093765435
0.268960807992803	0.20153311547445
-0.730732523392421	0.684269297540745
0.348302291411858	0.30370668591306
-0.275310065198014	0.2090967491427
0.549186183173217	0.435460479937352
-0.415318801109601	0.287125519797712
-0.167502511317909	0.0629544677645849
-0.226456788689716	0.145564698463787
-1.08652282294462	1.15150936426646
0.838871638622182	0.751053603035859
-0.683506824768431	0.482818386101544
0.0476098408615158	0.0308845445936033
-0.252809795964684	0.165846287701724
-0.011831236359027	0.00831479137852242
-0.460057108206935	0.406120098043414
-1.26951235885163	1.19448593376687
-0.101260289400376	0.0629090173140989
0.0229939471629174	0.0133134783697548
0.523865894091352	0.436401938110789
-0.206701626607627	0.11076402789715
-0.407134474247431	0.176504493108501
0.877151367624125	0.4480248651813
1.51380690238583	1.23482532111639
-1.33772087563409	0.848414543560912
-0.669147112359163	0.395623696115102
-0.404204428069518	0.175254554424228
-0.0460046246965853	0.0220748320059608
0.305884945726535	0.180138473457673
-0.216452607271845	0.148561135704536
0.652695912520095	0.213141993776578
0.53844364433608	0.311671083252149
-0.576983663111306	0.540015959285688
0.0295832325124717	0.016969269562434
0.306563866136463	0.192650950834329
0.0699779628715508	0.0489313578358361
-0.697093422308773	0.476753089918636
0.0540494960186532	0.0336712555719932
-0.213464664860148	0.143694058433918
-0.50436915473035	0.265834944348772
-0.238673565822375	0.154051551863635
-0.553497196326531	0.450432416905003
2.12160441705978	2.04324416097984
-1.11393347321398	1.01068841739905
0.896177057746002	0.745873994240348
-0.0921001510170192	0.0564907824147752
0.0244994895472918	0.0141036471177311
0.0630496107294839	0.0419610230207776
0.310904763323054	0.190908612206536
-0.161621397540354	0.0904284244320299
-0.696575205142889	0.478495947554815
0.394725184995268	0.313264199479528
0.911276504209311	1.03412354779577
0.825364297973535	0.73970248330195
-0.708569761142092	0.599195897216232
-0.815196081389157	0.616541178672118
0.162033443248285	0.110065309471986
-0.174165060454286	0.118653884009878
0.324614154282702	0.176689168355648
-0.163782304655405	0.0575635330378861
0.149437344912318	0.0387143285458533
-0.534309365974146	0.21015497619132
-0.540279399151712	0.216641309156028
-0.257956396594726	0.131189601140396
-1.24363036919133	1.38833147661881
-0.179742087475763	0.127819268281285
-0.295963247857669	0.186663856132851
-0.715921029776657	0.535840055193681
0.0674911611685634	0.0478502452331872
-0.453089571129594	0.348389573253813
-0.321972462683638	0.147095863522384
-0.569440661588261	0.49961264529913
-0.933634201696817	0.681053059319385
-0.321401142264364	0.15058880115274
-0.412133553681066	0.372593763884749
0.159655810521653	0.105637766388704
0.154769435395296	0.103812938339044
-0.253643597734044	0.125385866433271
0.293335699481909	0.179642410298879
-0.682918816804257	0.467900552314888
-0.59472028054846	0.451276281736635
0.596761375183004	0.31887666419806
-1.29901069147107	0.6060243494284
-0.16062491277924	0.0893254023099473
-0.0428615584637626	0.0209985823872268
-0.704159646293303	0.564669103280393
-0.804860348636289	0.520086805927919
-0.258370655297617	0.162951418756331
-0.0720066932554538	0.0327645885480203
0.90760119039905	0.757250016020835
0.0253566346667132	0.0152534115550678
-0.262746065369558	0.131366422905112
0.157579501668929	0.109348775168485
0.551176587599477	0.433207265427911
0.430330320786293	0.315542471701838
-0.618062170451355	0.308574530477795
0.488680668053976	0.300930323204577
0.722532093839676	0.685428082014047
0.409442851457886	0.311119440654326
-0.705084246814932	0.447060992395012
-1.18125168417982	0.702285464960612
0.148389884037169	0.0875843917665169
-0.10594029736816	0.065538146938807
0.59506688702608	0.440053204441225
-0.0752024075862049	0.0461623768845513
-0.531641408799583	0.389033346269086
-0.723023272664236	0.65081620274933
-1.3634455924519	1.11432422362231
0.0124065593303708	0.00707239867846462
-0.800875574286339	0.449027063728235
1.10277676690861	0.949676358422677
-0.725907524447734	0.641137243001208
-0.0141810688205248	0.00739397283100972
-1.16500618502102	1.03922864603531
0.273717608494104	0.215555275305007
0.597874898021403	0.551159302702551
-0.802227720566047	0.614741299104073
-0.517525305063119	0.400916043298951
0.159713693880111	0.101867497424079
-1.36605146166327	1.30650559742379
1.22339215134504	0.990646815341661
-0.111007143782994	0.0456464183945631
-0.742105548070661	0.261052251426749
-0.414080744968636	0.244324197115955
0.413987156497729	0.294414756614676
-0.0151385535703531	0.00754168658955641
0.349008166283009	0.171092498097844
-0.0196560008453326	0.00954770492737049
-0.595642256213158	0.433551259002983
0.161473023451614	0.109171529109364
0.0258355789554719	0.0152137574774722
-0.962225953842474	0.585580162286054
0.291396527066176	0.203871968622549
-1.38084517013563	1.81788400819956
-0.34413670091176	0.204676145759848
-0.199965976771102	0.105974543916904
-0.411750540426935	0.235481861572385
-0.477902851499203	0.327304466455269
-0.257753943837742	0.132326045164316
-0.902681140431047	0.811195419863015
-0.80753475048153	0.521028480420435
-0.587523708275191	0.421134770443372
-0.345757868742312	0.211056197920686
-1.85767494285572	1.20929553874536
0.383983958798263	0.1806362076071
-0.208005392976152	0.136014611763047
0.336732600068354	0.176892235202141
-0.201477080638304	0.129620630231416
-0.66234285831377	0.38469169650158
-0.0403087422441268	0.0187813702404898
-0.408199717987128	0.276146289895936
0.632624993501198	0.56809762332471
0.0093152649200268	0.00509747789431404
0.428592149435002	0.30969835714624
-1.62401078659937	1.91207648106006
0.142338037020549	0.079792645173511
0.647245092996847	0.445348055031907
-0.782559551334625	0.348496830563135
-0.120024007244484	0.0713108148060761
0.310904763323054	0.190908612206536
-0.912355715478359	0.763898511494965
-0.561807168193212	0.363047273481699
-0.474720199846728	0.308834648778294
0.142389551136382	0.0429872390507154
0.594511039970933	0.321855053262453
0.141317963478494	0.0607980551818174
-0.810632148144466	0.701525386673239
0.32397646415538	0.183552938032585
-0.0131474187236177	0.00650530245494697
0.151255708613357	0.0795156622901861
0.136096718959155	0.060836657955062
-0.163168217025366	0.0910847808529607
0.0266809003991689	0.015225412043708
0.500263722591211	0.419611498382147
0.317025239807766	0.163694236468687
-0.970170458420656	0.542811459915257
0.636755266695618	0.56955409073883
-0.527286257284116	0.49687054853856
-0.802511381598134	0.529452597489609
-0.119920045624942	0.072456527722052
-0.673444518625702	0.381114820150085
0.780276888781493	0.458218123087641
-0.0812360307531928	0.0515804079652302
-0.251340323407098	0.165080777083359
-0.337424501261866	0.201500417881522
0.289471734381529	0.202270524843943
0.65279266471456	0.204111089684696
-0.312606150938776	0.229165170668318
0.154214403112875	0.100288025549527
0.143441141090086	0.0668378066523965
-0.00856457976153218	0.00441033873844804
-0.0416684098413572	0.0195662231109904
0.143980168619091	0.0598696488755061
-0.200688069242538	0.110731887841927
-0.551659671933531	0.460823901302446
0.563228216220703	0.441188306025034
0.521222902408447	0.409379022893578
0.146131010517507	0.0835273535930457
-0.421320591026956	0.235043144987339
-0.211580774846351	0.109426804542207
-0.62015387927838	0.302010284853268
-0.704159646293303	0.564669103280393
-1.01748084979041	0.92201797451234
-0.012157676122823	0.00621957399249298
-0.0999883046161651	0.0623405119024038
-0.0754675967867178	0.0333777756940245
0.71831631419394	0.610918362361932
-0.414824281075499	0.290945822109385
-0.627059495282972	0.502558014544659
-1.99328257535879	1.4113711040788
-0.0812360307531928	0.0515804079652302
-0.205277972634166	0.112172503211809
0.349893006581524	0.176145837038341
0.533721638391537	0.301761891890518
-0.933926474757454	0.659150720632637
0.768327920550044	0.721054469597118
0.671679273971374	0.545223213335033
1.51500161761903	1.28953056100348
0.161473023451614	0.109171529109364
0.0492723285608073	0.0315066791916835
-0.868240088423779	1.03588528394855
-1.61798360407107	1.27274693130997
1.06757820841802	0.647128255097853
1.0725901864782	0.65848535226194
1.08838333171412	0.806685662503776
-0.783756015091416	0.362696617831833
-0.409589471100648	0.178797735474755
-0.321129838482106	0.15140587991954
-0.0415015415225416	0.0201142157133612
-0.0493071507229684	0.0231110236336062
-1.85180208175179	1.61499597807237
-1.0615261490753	0.845322435873891
-0.540279399151712	0.216641309156028
0.680359808271791	0.33604475628359
-0.0595940353808209	0.0239979638778115
1.07152084767642	0.647487781499565
-0.239632246376981	0.0794112366879358
-0.710372427757822	0.566971590262991
0.159784960379802	0.10310151087794
-0.699679089212573	0.528117448930293
-0.91117325804385	0.758241206879364
0.294118521938369	0.19955841767588
-0.40947831393131	0.180867000069854
0.589555873863967	0.304267715065647
-0.357941234694998	0.106741196549995
0.802164814809265	0.343213505496025
-0.0729337977028532	0.0321775121310788
0.139088999585537	0.0614541670485855
-0.158690477850229	0.0886657060252619
-0.120215112177696	0.0710677686873838
0.155298129465898	0.0909079193298183
0.0297495970709681	0.0181031739367586
0.458956206733687	0.302022659463923
1.07651403847546	0.636651076386536
-0.363583236832059	0.104921900407143
-0.555068589888017	0.345373681166582
-0.0688314308536728	0.0306659041042157
-0.619333132084838	0.313923549999779
-0.122958724946161	0.0729941066154555
-0.560106128042463	0.474925000859984
0.158049056494163	0.0899386588649024
0.944491587480274	0.648321403567342
-1.34333046695704	0.88627291265112
-0.456261111127067	0.355258619841682
0.456806007877664	0.304731787238729
0.325595334512656	0.179410393668084
1.7656469767351	1.05949568864167
2.09914980513481	0.977847917859047
-0.806904614714283	0.637553861756425
0.015833537668054	0.00901918136170343
0.295623130051889	0.181140414475488
-0.937798324669862	0.704960497736425
0.284286900792815	0.190660371883025
0.293137391033374	0.187015887930549
0.0125016346373925	0.00712455699951812
1.36108277036412	1.13961917871313
-0.446946725571044	0.436874895828409
-0.805196884561198	0.598194861644609
-1.10181420852646	0.756456426196527
0.512356316055991	0.193576369588672
-1.52666556475534	0.555316783803888
-1.17620072106229	0.673654452245067
0.14777015045699	0.0370196640723843
-1.15150774848009	0.364078757050567
0.135168405484837	0.0605413662146142
-1.15049600332665	0.365062590327348
-0.164447948378672	0.061987630845636
-0.801070102223374	0.457366498003975
-0.638053781472973	0.159413989769262
-0.745316628206725	0.266605865355488
-0.999157148833924	0.505098527889264
-0.534309365974146	0.21015497619132
0.309457534993783	0.191146068841184
-0.204122760092197	0.110336784515828
-1.17422391750691	0.996357818935226
-0.785295260806664	0.355512129363445
-0.164447948378672	0.061987630845636
-1.37244463804499	1.35437931917038
-0.0436719852649855	0.0205038946691861
-0.242738510358594	0.0826009154088164
0.157975224367896	0.037921494795094
-1.15150774848009	0.364078757050567
-2.08933702320907	1.00224173182883
0.436279701315586	0.176928053029968
-0.622043182766338	0.309247822754828
0.136985745068062	0.046886519853878
-0.517486241189646	0.396665128002868
0.284811064621427	0.189963362581444
0.148937236236274	0.129655960600406
-0.24959965542876	0.127573603968611
-0.602956116409668	0.7750236095365
0.00747632782910357	0.00384939711300503
-0.0459090758741166	0.0300943814607439
0.146274095562439	0.0841212711099751
0.589032699681944	0.302115733457083
0.510424922813668	0.193438302922747
0.68131513784154	0.332430593054783
-0.746356613660589	0.273282091273725
-1.53151586580405	0.574497786496295
-2.58035413683893	0.741528858997695
-1.04232877406707	0.428449042358836
0.141508380059996	0.0471705822776449
-0.235760769893683	0.0787471827495425
-0.165522389989977	0.0618897901609697
-0.340588194289314	0.309932282569091
0.821243720239737	0.861669900376059
-0.100123773633631	0.0621999118039124
-1.83106616887212	0.764684666601112
-0.776305397515311	0.334957503329956
-1.04446839481507	0.433758823456749
0.154884621783184	0.0950967853976028
-0.11657579544667	0.0685555611036433
0.128332143784253	0.045108714855862
-0.538228232179672	0.217245564114017
0.328721758208908	0.18373680655548
-0.119187770670459	0.0474445980567986
0.67183918258775	0.809902320619563
0.30788563812063	0.188429852301157
-2.21327953372146	2.32567982300242
0.498174939520011	0.629271201033512
0.0666901922685305	0.0474350644719606
0.165569663973975	0.141568100667707
0.801900043222879	0.321725541271065
0.452347569801983	0.417879463064076
0.147686950621471	0.0776700478172545
0.146530154194694	0.0296723933695664
-0.236727855931232	0.0810119912872077
0.140212750873762	0.0438266964952015
-1.53151586580405	0.574497786496295
-0.744297778161955	0.26441049633475
-0.417748676191226	0.227369612131965
-0.58461515507984	0.396067275429596
-0.73898413920701	0.254674650396026
-0.0440086318417093	0.0208391210952466
-0.0566768224780795	0.0375833972945392
-2.20913340041221	2.2490900528583
-0.125946898237661	0.0732339529514912
-0.407781336793036	0.178251750307308
-0.102825015473532	0.0412985068088957
-0.16245450704869	0.0609199103035257
-0.243889020737946	0.0813578121095118
0.375460855663334	0.173258339098392
-0.040317668208709	0.0197222242853527
0.290914533803287	0.182356753350413
0.274727494091852	0.196891434428677
-0.364414477369499	0.294050527161181
0.135827993575283	0.0603732176782337
-0.966051803598764	0.60130431751029
-0.420150431687333	0.287126634981147
0.243654110362691	0.214462677216037
-0.491251988026007	0.417253399943088
-0.892120879528311	0.744049033393287
0.489238463069419	0.309115641519186
0.33163368276263	0.180470581175636
-1.17202640714662	0.672084004097316
-0.0764377040062844	0.0338539712877606
0.5912535246889	0.310025183221632
-0.260915280177411	0.127304975015893
1.04814102991466	0.534092901119916
-1.04360026686825	0.418948345293282
-0.789219644713654	0.36761859012188
-1.29419570464235	0.614604494623719
0.140490774653241	0.0541709345401764
0.00400147719648056	0.00221405409662627
0.141269772449626	0.0689145817368123
-0.158218066533869	0.0901177705547412
-0.71130375601704	0.575026590723198
-0.460729788553163	0.369413516916093
-0.457786343829914	0.359396913484262
0.938573156048231	0.931182157609285
-0.416916681103543	0.289423717695868
-0.163441011934829	0.113741910035306
0.290870063634324	0.203152234443237
-0.538077224413573	0.213765561523522
0.678446431994099	0.333060857815108
0.77402134264004	0.459923885130396
-0.908856351013486	0.864367592153983
-0.12487301449657	0.101110810644604
0.530639374447473	0.43013878553859
0.365694975660574	0.299648080308567
-0.823563349262007	0.656737908977839
0.436153054776908	0.310685785565307
0.148242265493325	0.0752403472407831
-0.808221624796467	0.525383881778641
0.0851361056787701	0.0640047302915339
0.152025047442287	0.0883816094625566
-0.0742029327306705	0.0328256208898549
-0.233830271346971	0.079880351732573
-0.162025852836289	0.0593285477593002
-1.15150774848009	0.364078757050567
-1.15530988395106	0.352240509442142
-1.1052845778529	0.752073309366968
1.26260441477674	0.70888947383478
-1.28443039053655	0.563353740410817
0.14851520092258	0.0798287144844501
-0.118856569383566	0.0697201595680197
-0.0508411261976636	0.0224703750627022
-1.85213055347441	1.16664164474289
-0.162025852836289	0.0593285477593002
-0.241866562043846	0.0810837692126153
0.144882213523173	0.0606248143743198
-1.29333870682938	0.608512248712021
1.23379339232201	0.824741967782903
-0.31821147979297	0.147322697281167
-0.0132276770054411	0.00675754645240482
-0.534155277501038	0.214045732917314
-0.115107356702257	0.046281644476415
-0.964468455414922	0.577374611026435
-0.787422566026612	0.365763236185906
-0.0130670184230031	0.00668191763449225
0.492215741863825	0.314784662239488
0.826253971193125	0.650663781305147
-0.496724834926008	0.254802213639289
0.295107347005825	0.189328294776985
0.591762166563481	0.310901308471022
0.886137572426419	0.706212586652351
0.153132406635255	0.088249094902035
0.563068611803432	0.447367677790844
-0.0780528899459399	0.0509525881653327
-0.509153816117355	0.263674942442765
0.134365677383912	0.0472680043000072
-0.239882722982383	0.0737756331196011
-0.622491280980172	0.315037369086305
0.388307185290476	0.176095375096409
0.15111919298816	0.100818767265428
0.138071567979321	0.0552000006911784
-0.114505939978878	0.0472997685623651
-0.615480457052859	0.292650344663182
-0.00895026168332508	0.00465638836447209
-0.538074231292965	0.21601761070454
-0.811270509735506	0.540460119417536
0.0252670672788269	0.0146029991146537
-1.16055273133362	0.940117202227996
0.530935844648001	0.315590827859201
0.644936073390987	0.450113362706779
-0.207668224933804	0.136806059961541
-0.332180125350502	0.141102976791143
0.13433428641029	0.0578137529997765
-0.619917114202732	0.299249687800619
-0.112646108852678	0.0460704963890369
0.338493302747496	0.176723647265281
-0.196237288020261	0.105003567001964
1.21218333699218	1.20709421051088
-0.000296866379419252	0.0000163806053025596
-0.810529356868492	0.767363071771537
-0.24336698371982	0.161518873028937
0.593706467681941	0.431040092876391
0.890711743554221	0.470608624968838
0.156812171621387	0.0895526133592172
0.0778365155054737	0.0582586378502579
0.28494864366562	0.194725264441588
-0.0434542789759272	0.0211274222720482
0.27980259101481	0.197408189258229
-0.31386756468381	0.144229679962519
-1.50387806357019	0.813421648198263
0.883441040427734	0.447941117716887
-1.2917122584357	0.599385545611948
-1.84707518664814	1.15650228970347
0.387459789745853	0.168951547310598
0.809139074291978	0.351636683981257
0.634007176472862	0.43269417012681
-0.257556967176662	0.164692634097538
-1.04640120529454	0.428382015905654
-0.0732681223860146	0.033240755688134
0.38141617923424	0.173153518744881
0.150575043964835	0.0398742802241122
-2.08348896116707	0.958171423138947
0.433747944643307	0.182639665997951
0.149437344912318	0.0387143285458533
0.349614441354503	0.1802967622363
-0.0393382328848487	0.0188058004058409
-0.351897856403558	0.210399030856151
-0.537195858607784	0.215909303617558
-0.481303761870774	0.321604537852156
-0.558090115611243	0.348622050336237
-0.967004080853478	0.603731162763283
-0.800414214827729	0.457652785092769
-0.56597634021976	0.35697185933526
1.44271427890989	0.919036142009243
-0.421679167787946	0.169755719258666
1.10696127619393	0.987756057386368
-0.201260442672739	0.107120219292025
-0.112532407953126	0.045522620867122
-0.36702875952645	0.256107221037133
-0.467923429654091	0.308535170083593
0.299113344035951	0.182151654932645
-0.194651655415225	0.102401274127808
1.3208443091548	1.3872664538078
1.22102125401992	0.982878923290676
-0.984228420768424	0.986330403336278
0.380370015963715	0.17255284298245
-0.411327056992591	0.273671986440738
1.85750211221997	1.95389130261317
-0.2551592627269	0.124171631430633
0.694141585668568	0.704360150073246
0.704320287253625	0.423722976135486
0.139054052268075	0.0729047287402227
-0.261520561750189	0.127471354466878
0.588606262548246	0.306767273196049
-0.288771129421369	0.188673699974045
-0.25582243999723	0.128256903017247
0.672356801468496	0.573216488791743
-0.551329284049632	0.335621732048394
-0.507239764476805	0.270663328162235
-0.046169475019599	0.0220720051957854
-0.0451916838233723	0.0216436701506503
0.126520364290565	0.0426927159266606
-0.501209845111433	0.273630088670148
-0.267468798731008	0.204671212332213
0.639149313644317	0.462324326924622
-0.349467381326425	0.249700772364823
-0.666052115669999	0.402610691035204
0.144942901751711	0.078308223681384
-0.521263792929562	0.402393164169805
0.525064079605386	0.4419656703366
-0.290305640447967	0.189076485366879
-0.200776795376745	0.136478233045292
-1.46294842304754	1.25848666266647
-0.00644861084567852	0.00338697242808253
0.137853002565412	0.0545076249019817
-1.29535280504812	0.606330543120908
-0.467264016974821	0.302596510411998
-0.639151761544215	0.160758461567798
-1.29386841335007	0.550230598371248
1.43440976802254	0.482086560282311
0.805592783265958	0.335391977511964
0.653840930445811	0.199952993047392
0.505461694858685	0.183334043835953
0.138122569437014	0.0418745640561529
1.55315959470591	0.816442546773927
-0.360560346528662	0.110506092787366
-0.538378292508879	0.211635476778743
0.139134060358204	0.049052385159294
0.341648760326536	0.168001515265635
0.136059592448409	0.0420203261091253
0.941200619880688	0.636001621394615
-0.107853873206155	0.044646605926324
-0.789219644713654	0.36761859012188
1.09127910063618	0.81862879683925
0.417568879386491	0.295911631762733
-0.0792959442837318	0.0344617657014447
0.429030066304893	0.306022615464155
-0.619581826867346	0.305267141338885
-0.712905252688059	0.636472018220412
-0.0418860505219444	0.0205613777746015
0.840664360666537	0.599089917680943
0.153459802294229	0.0938910229651256
-1.1778343974266	0.694231004335433
0.734069477958796	0.717393306220083
0.337810352867354	0.158958093244891
-0.803903600846842	0.51549705545746
0.322455210997273	0.174913387407818
1.25891668950697	0.720228398276574
0.140490774653241	0.0541709345401764
-0.534309365974146	0.21015497619132
-0.347763675843534	0.212049819177616
-0.477519714884928	0.321801344137315
-0.567526806140167	0.341703755566112
0.136200191606433	0.0510356324500684
1.38449398926951	1.08861963142493
0.14278047506627	0.0286976566342611
0.146899736595703	0.0705566980171249
0.331048516886932	0.182087828920382
0.590854925427333	0.32068872122329
-0.537027830114491	0.210403963867948
0.132240833348438	0.0621487907408079
-0.199388326068228	0.108503992757797
-0.41241219690874	0.179977237956668
1.31139150601033	0.591587161243202
-0.166323084199208	0.0624224519468323
-0.409252993453204	0.180047073526078
0.498119928013863	0.308339718295694
-1.73377326602054	1.42818207718667
-0.616541098148163	0.300069355968744
-0.287863146785449	0.185070696822413
0.585229073097882	0.422686985914789
-1.48845237346989	1.07802523492677
-0.0358105558233213	0.0167127897821133
-1.1554350298159	0.363497790570843
-0.365786309699024	0.111027187131026
0.148340847278699	0.0298858287200156
0.14234488743478	0.0432003227063061
-0.638954644635542	0.163590857835517
-0.738345263882528	0.263195045791167
-2.58389336218252	0.718322275969984
-3.0872736676927	1.0096627055632
-0.809505597222865	0.54708188240571
0.135237051724847	0.0466067120247348
-0.99498382527622	0.519562639486116
-0.502790501349678	0.257731525349883
-0.504711765543407	0.272222410646698
0.429901921405261	0.296184829014311
-1.17576657184672	0.680196786072728
0.384917628516908	0.180723051520225
0.295003338441749	0.187809542921287
0.824650265082847	0.843391885852194
0.261747888392705	0.203526880555221
-0.27656089744005	0.235179579520852
-0.158104159059116	0.0925865523495551
-0.151679513673175	0.0835881570566182
-0.259534854582744	0.131333249911758
0.506054527625524	0.42662196104426
-0.341116750885691	0.208997858484454
0.143786222535581	0.0779618340505276
2.14745232789189	2.66704427643196
0.326176829262744	0.175438224564488
0.141071417771418	0.0618950025556612
-0.248991579139253	0.126358380667811
-0.211016876681686	0.111111343144606
-0.356808855141014	0.106266364821167
-0.365786309699024	0.111027187131026
-0.339961665176479	0.206386148617952
-0.804894061938658	0.450425462499439
-0.991231863717289	0.483875318620648
-0.558515844413759	0.349713558380305
-0.619774738538724	0.307391487096517
-0.533278904561969	0.214121651489417
-1.04848810361579	0.41383247037589
0.140410848877903	0.0622219408217882
0.145790743045203	0.0782191790767115
0.374998000805284	0.167515379806009
-0.120133233122276	0.0711208046022534
-0.140183923129889	0.0979891047747445
-0.347763675843534	0.212049819177616
-0.559073689090728	0.358042502327083
-1.34762596313054	0.863108955174434
-0.41717394272444	0.177300143401009
-0.640051550461191	0.165024385486426
-1.14934954991944	0.361642569623747
-0.234793744858454	0.0805021626074223
-0.356808855141014	0.106266364821167
-0.805000880996366	0.446483065455506
-0.806204783937288	0.555835932659515
-0.114019695135913	0.0434500728891911
-0.0681971486657145	0.0294110092782556
-1.180558788572	0.697825319044069
-0.412634832847966	0.182155909112211
0.135222595560634	0.0475956627357811
-0.0739432708666783	0.0314184197929481
0.878385185602416	0.884994631300047
0.553417274164605	0.447335017837802
-0.38121558774591	0.29844744487709
-0.710880701190934	0.608239188959208
-1.24354345819979	0.946038024733379
-0.680937191688541	0.473293388254015
-0.893428390518161	0.797796298755972
0.142380052908029	0.07348747101823
0.148945851848871	0.0830762178881579
-0.077404553315336	0.0337661741434933
-0.41549464185431	0.234172018504333
-0.525716873569914	0.401360760974766
-0.533278904561969	0.214121651489417
0.140644212064714	0.0667388888067075
-0.160327934571026	0.0607030233359829
-0.339993322754157	0.207697774240887
-0.288317773805922	0.188026640132813
-0.0666052319715446	0.0288250422164207
0.775057061989998	0.60818616730718
0.149088793968524	0.095136859569211
-0.65564654013483	0.37947362112427
-0.958735659811447	0.583643894226027
-1.23610489643228	0.958816181635007
0.140212750873762	0.0438266964952015
0.145366035294232	0.0787775202166477
-0.235658075463878	0.0763794046085018
-0.0713763068435913	0.0321654163649073
-2.48330843767024	1.4366559741115
0.43081723961695	0.180762559764109
-0.205856370702769	0.111837591278917
0.152450929881029	0.0865067474049559
-0.34517706722598	0.206880750331092
-0.919053138862482	0.795308951908644
0.0680650675884181	0.0485854142776221
-0.739218997299609	0.788921013977469
-2.09530815133559	0.953015420147791
-1.80224057834231	0.435169887808059
-0.359014070766392	0.10669384643532
-0.357881887790908	0.106221041283411
-0.744243815324205	0.263503462495517
-0.694996794650518	0.486734863136575
-0.00807446962341349	0.00411314517230963
-1.50659223634215	0.75727910019049
0.778126667958144	0.476796714599176
-1.24668990472066	0.900349028279508
-0.551753898937521	0.348801650280747
-0.667604777316796	0.403196002164522
-1.1082203953653	0.713633469798998
0.140257143383385	0.0435197137411983
-0.782950843207037	0.358360093569934
0.147571338722617	0.0296534813215984
-0.163450720813566	0.0618388623357549
0.531900508947179	0.315523283662483
-0.598459185337295	0.449942075966391
-0.262731758252793	0.123802770928153
-0.502157498105078	0.276844929860409
-0.291547909073616	0.188508205789132
-0.487005279079418	0.471881855788573
-0.0204270055378707	0.0102021863030028
0.666317344627313	0.555457067957231
0.980436745758552	0.743963224178003
0.991666016861172	0.797342384707544
0.707659104317694	0.456152480493808
0.141301354602922	0.0439626882643758
0.144013731109022	0.0446680190904957
-0.412115563468762	0.175375394028768
-0.249377455708157	0.162003251261924
-0.253049313401629	0.131371961739369
0.443951171898457	0.307415607946413
0.702596379736273	0.460744039261876
-0.258355891690527	0.120523374024736
0.90062357808841	0.793623221784853
1.33198010550163	1.36742684794831
-0.406341665451369	0.272957259890956
-0.510732656205086	0.264590942552692
0.0050548367358069	0.00273184124877057
-0.159332626631703	0.0601996024108956
-0.356869186364459	0.103873748641222
0.939528422140387	0.629443558756191
-0.264491871164538	0.126234994412662
0.140832590069544	0.0606369716789648
-0.404493419960552	0.171627492685368
-0.789219644713654	0.36761859012188
-0.363928436477376	0.264798170654909
0.0268163576467618	0.0160165583593879
1.12343230921918	1.14719726066962
-0.126274206480974	0.0759134918084972
-1.53044856090243	0.571635312320433
1.02441970563916	0.356122095178785
-0.744297778161955	0.26441049633475
-1.33837927192743	0.85771232704247
-0.548458314548077	0.335737326453345
-1.37116527337321	1.26383532291247
-1.10925493558062	0.768125170133473
-0.62460406518049	0.299444018601871
-0.810338905207884	0.548745347961216
-0.74849187540897	0.266103695673645
0.388067746512885	0.177580324119649
-1.29259278429657	0.606451525305258
-0.0751565836287337	0.0339073294192099
0.438080983334306	0.178894506593044
-0.737306873905965	0.261799872953967
0.126507881129365	0.0530832020742602
-0.0227057843046656	0.0157086167685977
-0.0375895099238771	0.0236809874256382
0.309075229519381	0.194057633255302
0.154338938496581	0.0965795397391992
-0.801590570843019	0.822118839890183
-0.564381662909339	0.354695557077755
1.06127625797381	0.490332581233103
-0.412535373065432	0.171045859600734
-0.107512295166967	0.0432212941308047
-0.0371785925792855	0.0180038419790384
-0.163640254633394	0.0617987202008443
-0.298584853984637	0.181255346906718
-0.917633408764024	0.783897861219842
0.455821128895973	0.299248884588497
-0.415444153762787	0.234227798757279
-0.494209987256957	0.254726113305671
-0.110419588694467	0.0458532609050997
-0.0723181877970234	0.0318763236610429
0.1410358249944	0.0699282744118656
-0.659108837591392	0.398534262190986
0.774659761780953	0.455943437896577
-3.08906260092428	0.969898491163317
-0.687194236568572	0.500851204789271
0.682559046285773	0.326257337744423
-2.13375939250431	1.57119403654367
1.2381070950947	0.802312176233065
-0.795831188350362	0.43246223617219
-0.33895102536277	0.204328325179735
0.0280806121721237	0.0160876398277072
0.2876007927894	0.198460044937646
-0.348461862236573	0.211450361405682
-0.0335908468917275	0.0225760028115949
-0.40805570651062	0.279096262818555
-0.354466137719482	0.199530090735045
-1.53976611515909	0.539160558684856
-0.639151761544215	0.160758461567798
2.750998534728	0.856347257355128
-1.79827108630004	0.44343860950155
-0.541060782898817	0.204241476544647
0.151714458282224	0.0388912867750066
-1.16040951397383	0.344880717431235
0.320271294463257	0.187328234301896
0.12444494228512	0.042239886532295
-0.0465539109268985	0.0220001829941557
-0.552763965010692	0.352850943027436
-0.290305640447967	0.189076485366879
-0.93967509626846	0.677438848401336
0.150681115870816	0.0787983932952496
1.07164750225927	0.671109483706968
-0.40810048673	0.178693883932417
-1.04737202936464	0.415917962530664
0.149353573311438	0.037500046284611
-0.690637740936959	0.4739793958034
0.132677066537662	0.0580285908430117
-0.0736953398914283	0.0471665264990519
0.422198765939671	0.401664492477735
-0.64493149703832	0.596727477983527
-0.326402768737377	0.272664550304629
-1.36110052618581	1.40368421452775
-0.0364205147598571	0.0175428276500854
0.141591662037147	0.0520044464520251
-0.807630735566489	0.529693458787359
0.34834521047895	0.176101096104709
-0.321611269368514	0.155016575716993
-1.24452861942259	0.94162688056574
-0.474227396335682	0.321609641294297
0.162003883312982	0.0972878154093284
0.018942003886067	0.0110013613670842
2.33967441319828	1.22475614569601
0.15736594473437	0.0895584066738406
1.00509393771297	0.870867143219091
2.54547874178377	1.41865730224188
0.14120448075038	0.0757468800507972
0.847651612655787	0.575725599430094
-0.343509067191527	0.202625714256271
-0.937361128903188	0.701130554535301
-0.538228232179672	0.217245564114017
1.08603198411674	0.79962944166276
1.30642355803702	0.582529775776723
-0.323838093575658	0.154515838619816
-0.0209634491661468	0.0103552764736457
-0.292672796936196	0.186116337311345
0.170001708989558	0.131501499401949
-0.487284137199402	0.412382932625637
-0.0484515840299872	0.0327496907342824
-0.34463427388974	0.205349272471538
0.277270642349679	0.192113891225535
-0.640951987120562	0.160195969285506
-0.359014070766392	0.10669384643532
0.13496858485838	0.0418758500593107
-0.743612894131548	0.263815810758106
1.95189281079001	1.2592306899535
0.93640634666493	0.254775499038721
0.509367090253274	0.19233555776527
-0.0834563515057897	0.0345762605783408
2.10128954409288	0.977027276752701
-1.05306099568525	0.860609659516008
-0.203120797793032	0.109505217095742
-0.159531467798495	0.0934053437778059
0.130914688291819	0.0609637703873805
0.42874318379423	0.172384781729637
-0.409589471100648	0.178797735474755
-0.238969335753152	0.078263429619897
-1.68615255015219	1.00767428003693
-0.243956037056725	0.117052895589365
-0.316371512177172	0.151003354599471
-0.63734609269436	0.15632283929136
-0.408517031768176	0.17998006554347
-0.158379853369925	0.0871934804737816
-0.0123753004724393	0.00620977003789136
-0.24257012046417	0.162697996718067
-0.302888369180727	0.241342033902808
-0.505656899847428	0.267930866126125
-2.24706193604908	1.8424154049597
-0.165522389989977	0.0618897901609697
-0.160327934571026	0.0607030233359829
-0.114046005159814	0.0458684975333775
1.05143617289505	0.513690469544266
1.06206992991754	0.492124090992752
0.1327070279694	0.056634828982456
-0.259305809202047	0.132792692185611
-0.40821715848925	0.227923378861364
-0.251427732188825	0.160303247011478
-0.967645293076423	0.611931679071181
-1.16842333470046	1.01139997446308
0.144989867184437	0.0801177391697422
1.03022582204423	1.09693215135728
0.848374442560225	0.591050983921929
-0.117562249300671	0.0458098638918447
-0.0960155791854592	0.0598083307898681
-0.316645071197373	0.149812795589409
-0.808140385590828	0.636859747457771
-0.248993004629122	0.117250029913586
0.504396132104696	0.178332457221255
-1.49834857911922	0.766850978093335
-0.0338680633320828	0.0161770654495632
2.3377309796946	1.2116025272964
-0.996828840245376	0.505871843374307
-0.409589471100648	0.178797735474755
-0.0405247995367916	0.019309024204391
0.851136275047562	0.622324125409276
0.261336194431142	0.204969740938491
0.903772892912242	0.993172950560127
0.0581449565966489	0.039552639751447
-0.192081269553025	0.151628772707265
0.258451771783393	0.20942789849531
0.139811040770081	0.0747750143157955
-0.140168464913015	0.100979077106197
0.0561953563875855	0.0383415835663801
-0.338584747156877	0.198447943843022
0.506342768935983	0.185936116630899
-1.83624240889866	0.767448290571994
-1.8610372408965	1.05211784783751
0.00647374997451698	0.00353655145958408
-1.17435831672122	0.662808892774176
-0.411750540426935	0.235481861572385
0.604816169912123	0.554383129237178
0.592921400577068	0.316170213683344
-0.60750734669043	0.415722038326046
0.13321040140253	0.0527268216424054
-0.207858837634419	0.11113217965614
-0.61875915674878	0.308472532919217
-0.0183175187597453	0.00933187026574035
-0.935335909214035	0.66570368105841
-1.8442872021741	1.14430786970059
-0.808409742163259	0.606013693352377
0.137110549029241	0.0546226179279203
-0.804235806351856	0.45380783907885
1.01813365856446	0.385383912578092
-0.627615843131309	0.302856881048043
1.02088548899468	0.400936027164983
-0.810338905207884	0.548745347961216
0.456396049356915	0.30335356441693
0.245324946563803	0.209379547657285
0.275178278466611	0.195621761674463
0.155199967323961	0.0937484376232036
-0.0361792811594524	0.0246741650637943
-0.0799935400338483	0.0520148855143156
-0.690448888954981	0.468338474649386
0.330479380041685	0.180311751371457
0.152822672041374	0.0909808057093694
0.287680042783685	0.201320497283415
1.6064273031146	1.11467511764197
-0.811413330960187	0.619873611977748
0.323844052436691	0.183473579087782
0.129733769397064	0.0384119057234496
0.152386299160036	0.095254818589616
0.509328234383416	0.19034954966172
-0.110308586956322	0.0449411156189201
0.527746826152291	0.30519102885702
-1.23597068963811	0.911126536335659
-0.936663290502619	0.675737035862366
0.330076662089179	0.181198275222544
-0.14701978831398	0.106537524842665
0.0830012104935426	0.0626309912898315
-1.23131729703276	1.40552587582871
-0.391862843204874	0.383907107708143
0.323822031836558	0.298335401693484
-0.0224049310843536	0.0151380331884012
0.0466610908469557	0.0305913439518731
-1.15064167724211	0.346681243171548
0.150575043964835	0.0398742802241122
-1.83520804017314	0.763725541227743
0.153182251472494	0.0394690006724594
-1.1554350298159	0.363497790570843
-0.3631673929264	0.107293544166728
1.95669114496977	0.512659458057214
-0.538228232179672	0.217245564114017
-1.15049600332665	0.365062590327348
0.504396132104696	0.178332457221255
-0.10597826310987	0.0437148352759639
-0.665714187345139	0.404380530181882
-0.109129953493908	0.0442891364499192
-0.151230857824805	0.108412852677187
0.637225805581032	0.569091363191534
0.535894538660702	0.31554183709674
-0.318899008657922	0.147712976083618
0.597147551158744	0.304576437461424
1.44170934848382	0.849339525659397
0.812389299369663	0.348842745446089
1.01272054557281	0.945979781304295
-0.667267653186467	0.407370342048534
0.131353343885289	0.0577996815588159
-1.04938876843792	0.445225820250445
-1.18125168417982	0.702285464960612
-0.317577903859858	0.146604855034709
-0.261167748194526	0.130429957046138
-0.240890791537841	0.0803115391508017
-0.542181473756869	0.219256936703721
1.55128984799298	0.768719477013773
-0.407549074935832	0.166298895716607
-0.233830271346971	0.079880351732573
-0.409121920706972	0.331479741808559
0.394237744867621	0.312074029591572
-0.62739724905506	0.514488876773717
0.0317513962426822	0.0197506761386818
0.406420227551462	0.308188741979242
-0.195662540411388	0.101597488620288
-0.016165044700111	0.00805710250115502
0.30777679750351	0.184332914640092
-0.942529428391389	0.689381399473152
-0.681496587189641	0.476839147422427
-0.722705472503713	0.648379012928331
-0.626232407436239	0.305709852860152
0.675294437507836	0.327902117067603
0.510424922813668	0.193438302922747
-0.4079091252497	0.170907562412018
-0.160134076048543	0.0598641146791036
-0.509160037507865	0.265740632668973
-0.068499714954297	0.0308801930553235
-0.968287068160451	0.572569183992331
0.668306290284882	0.591423285999888
-0.0656632501328323	0.0281481615722742
0.04398614111692	0.0284215220907566
-0.62567967000801	0.671071400891073
0.599174605177275	0.454221958977534
-1.00194731734166	0.994367741295023
-2.57959143539798	0.718828611548918
0.141301354602922	0.0439626882643758
-0.539403829235459	0.211176894004214
-0.640051550461191	0.165024385486426
0.651620019017489	0.218540697202247
0.154326265881988	0.0396696710594312
0.512356316055991	0.193576369588672
0.645264698888691	0.20390668467085
2.33983247855726	1.18349430614065
0.150575043964835	0.0398742802241122
-0.167166427486358	0.0598171332658024
0.43081723961695	0.180762559764109
0.787899895490512	0.458382081413519
0.0121653204472673	0.00650577216291095
-0.415649273426492	0.243606207569725
-1.12658508452102	0.659265013180924
-0.663178153879242	0.395074969979815
-1.36832441656401	1.53564791544094
-0.0884626660173947	0.0535101492980056
1.31096054009506	1.54784880746033
0.282954567743196	0.206356665402152
0.316306694746834	0.167721233519545
1.26069214833827	0.703304099518684
0.931122086140564	0.590427493535636
-0.806310395756868	0.446030617129584
-0.56541434981938	0.460602988346487
-1.85450771719767	1.15929651256338
0.129353817157867	0.0456019081276057
0.348615425421936	0.178941795150884
0.349614441354503	0.1802967622363
-1.04146706489408	0.429278291239433
-0.639151761544215	0.160758461567798
0.139168000229841	0.0433817694656445
-0.808401674620859	0.509684454402548
1.31332125956616	0.614983346052817
0.139387824094096	0.0690167510035187
1.0359835948219	1.03637781371871
-0.513737421382381	0.386020010974289
-0.0235392251598453	0.0164681387956646
0.90166782618989	1.01498641302626
0.0236642618058239	0.0137455638395098
-0.350435141213661	0.210143405511269
-0.110662246806968	0.0459716754023376
-0.788418523814027	0.367859720616813
-0.502157498105078	0.276844929860409
-0.247610413646304	0.162971730326326
0.160446719596425	0.111582417602084
0.403203626826065	0.402491064669993
-0.918015364073362	0.765559297820188
-0.260938402953759	0.219602633500491
-0.684091836705175	0.715933867366187
-1.52559822113342	0.539640927704177
0.144013731109022	0.0446680190904957
-0.639856157010912	0.158868155145205
-0.636440752837538	0.160851189766091
0.147571338722617	0.0296534813215984
0.147298535161635	0.0299064650853773
0.130232203016104	0.0459791364778521
-0.635536067431146	0.156838726108935
0.134601351828153	0.0395123696047699
-1.52938203058712	0.554835342168621
1.95000166153874	1.29653768955037
0.683514211941685	0.328082611191334
-0.248939336762165	0.0799558830581214
0.128332143784253	0.045108714855862
0.897210446747424	0.757465270428862
1.85577180747251	2.23940598560201
0.847399200068947	0.628683302999867
-0.0904505657632111	0.055731174640695
0.287680042783685	0.201320497283415
0.338315978351014	0.309293740560643
-0.465828876004139	0.364050804995254
1.12306257147533	1.12361153768041
-0.59092621670834	0.419034330742046
0.0295265899295625	0.0171113396318277
-0.800141051875849	0.501046365689772
0.699064971348292	0.428668927664199
-0.937361128903188	0.701130554535301
0.0127063980788448	0.00676765492499578
-1.29725923227955	0.632325434039655
-0.994468883259545	0.500869651939237
0.132285669375004	0.0464856542526071
-0.742105548070661	0.261052251426749
0.134921319481391	0.040180506982846
-0.0125015288488272	0.00641193536423505
-0.410440500390786	0.177046198413987
-0.353076562546599	0.251556394065107
-0.0443297106070391	0.0302633020644742
0.024044951458728	0.0140708621017698
0.0521487290450297	0.0322694600864669
-0.627447832489382	0.514407310261989
-0.0414677599356828	0.0195554814504187
0.310338588949606	0.188890407272259
-0.804235806351856	0.45380783907885
-0.939393947042235	0.658936457580038
0.281543640979994	0.186450571505976
-0.805280899250867	0.430168031530829
-0.160039205055464	0.0583177485098436
-1.16574001425977	0.975457791747443
-0.662569139910645	0.393153443692109
-0.419936513027865	0.233578746438101
-0.89908471718311	0.911080015764387
0.153739915004172	0.0870919332869416
0.652695912520095	0.213141993776578
0.140257143383385	0.0435197137411983
0.146530154194694	0.0296723933695664
0.146530154194694	0.0296723933695664
-0.0403152939590563	0.0192213336714503
-3.08816781498671	1.00619496834741
-0.359014070766392	0.10669384643532
1.44095713729263	0.481289667170511
-1.15530988395106	0.352240509442142
1.43702700758144	0.471523509137131
-0.747741267964106	0.254190452563403
-1.48809542927181	1.0006514654114
-1.15823353742313	0.341514732148491
-1.50227114232337	0.809739230591547
-0.803513490163042	0.499575566143752
0.133802443644579	0.0579581911641401
0.690671452734584	0.43582665461174
1.11044611959392	0.99661932016204
0.353097273867133	0.178034901859058
0.139624924553683	0.0736155690486923
-0.47934199676987	0.324383436581512
1.09849420644792	0.804592976104319
-0.40325875651369	0.166171340434489
0.803187443740692	0.353530389589045
-0.112983538426825	0.0470207233563561
-0.155397965070696	0.0567555369850156
-1.29419570464235	0.614604494623719
-1.15049600332665	0.365062590327348
-0.999504315887597	0.526867747572164
0.493214958768704	0.31711183157013
0.351820974358011	0.179393820966505
0.885672288383603	0.495760196887428
-0.23866359359719	0.0812703616337143
-0.662569139910645	0.393153443692109
-0.81634424691623	0.514384242186452
0.134508581599029	0.0601616800894901
-1.05740527093474	0.808736407144728
0.530582705498157	0.314315811308038
1.55023153785943	0.750898319852019
0.524318264682546	0.428751426806026
0.147686950621471	0.0776700478172545
0.132436901408979	0.056875403771735
-0.0440550771556004	0.0209423133902724
0.149029687008867	0.0795737484930992
0.143757883292861	0.0699639138816074
-1.99591024666536	1.40371427802486
-0.203271976329759	0.109550656631737
-0.114175645192079	0.0455857792366855
0.889183093453526	0.446688709415097
0.935766297527024	0.621373792823044
-0.235856775008958	0.0793489852912384
0.0403072135418982	0.0247642770066832
-0.0786652622836895	0.0345073653529624
1.35593613542146	1.21139903724125
-0.203698156393539	0.110627401773596
-0.978496064195141	1.04689721746199
-1.05525254772745	0.801128039223828
0.514288493614109	0.189673710275625
-0.161362717430359	0.0593626128917543
-0.237600116527323	0.0785200121805127
-0.359488922044695	0.107399144350341
1.56119572521903	0.778152824659933
-0.241819442317932	0.0765182236441256
-0.404944822435181	0.177394552971478
0.129353817157867	0.0456019081276057
-0.356869186364459	0.103873748641222
-0.365786309699024	0.111027187131026
-0.364710422394577	0.10867960623312
-0.247428032435528	0.123085898723167
-0.0420581866411265	0.0198686505170751
0.323061864860622	0.174021592043463
-0.559943795890982	0.348657457441661
-0.15755134974571	0.092374409156111
-0.150080642565609	0.108724510043394
0.41560615817181	0.307838182714999
0.281988225181905	0.199666523194124
0.651147150270119	0.429761109306355
0.886974923993717	0.489672025187982
0.586521339626315	0.308031482997133
-0.338501875049198	0.201016514989937
0.149525160219073	0.0788242875833728
0.131272533789914	0.0618083910649424
-0.749534100264148	0.259943935522565
-0.94898219516753	0.653081563847842
0.803187443740692	0.353530389589045
0.141228797103487	0.054538461217217
-0.171322104420962	0.120588551493493
-0.322470050456013	0.145714222775484
0.537728578933911	0.302466888695202
-1.10146913633205	0.731141085418582
-0.966695057214974	0.614432452222438
-0.511367187887758	0.268281952411548
-0.499603517867837	0.264347926416818
-1.19013768835937	0.57871298591123
0.00890166678641759	0.00451711890389512
0.161702792568152	0.096777281778304
0.160989998997195	0.125128710533545
-1.26951235885163	1.19448593376687
0.403226756869843	0.31509848691956
-0.0436719852649855	0.0205038946691861
-0.198684427934167	0.10135942117629
-0.511681244439701	0.265825416226903
-0.00743871129165563	0.00387443340380369
1.10355659749278	0.772235555451754
-0.261774905821728	0.131042010034343
-0.920831335464972	0.785427605356846
0.454781621651004	0.412989163272532
0.133094075492217	0.0559947976523137
-1.5091821101968	0.764793081497614
0.886658357372337	0.696500194972185
0.380600174084979	0.174295485206965
-0.00929262470496913	0.00464010940727882
-0.16600396490949	0.0929854452379363
-0.0752005487151611	0.0328688935199443
1.00783787183012	0.940504120498678
0.292885551640492	0.202443476170808
-0.326052286025665	0.275610672308812
0.30185480657084	0.199162324878559
-0.214623573893504	0.143839343517022
-0.342693345055736	0.206940871668331
-0.658774332568906	0.649681445467875
0.170125070593638	0.129747396724187
-0.59837897875888	0.445468107059054
-0.175015430528639	0.116981868209757
-0.184850786463412	0.126022860756077
0.140212750873762	0.0438266964952015
-1.53455870577663	0.558314589078715
-0.3699630525765	0.106547264902756
-0.168115933001125	0.0632126351774387
-0.791354448393962	0.411551223354181
-0.53152734607241	0.206264871827228
0.14188067506036	0.0431347266598017
1.02307090575986	0.410762855321147
0.434736934993215	0.183785272890631
0.13644605155755	0.0456625482119665
0.153182251472494	0.0394690006724594
-0.635536067431146	0.156838726108935
-0.343651497146956	0.214693513624298
0.281304129268	0.205624116345523
0.347405639126146	0.173836906926288
0.138063457715384	0.0668714019842493
0.0235914070368542	0.0138984665844201
-0.20154339370226	0.107467096023076
-0.611934635471362	0.474707732601095
0.385846568971002	0.318819538470522
-0.130630214732821	0.0771617914103146
0.303681526134343	0.177554335870618
-0.0761713287387538	0.0313904571028486
-0.517929595522062	0.400246994440533
0.321296399098818	0.166096000586204
-0.0451916838233723	0.0216436701506503
1.08796337524686	0.78012907010184
0.462458118518917	0.310975594624715
-0.237695463640661	0.0816413996844845
-0.319143886592702	0.148140292556665
-0.501525800844406	0.265217028429327
-0.560236541015357	0.357685565711538
-0.198968381027641	0.108218340859036
0.135681887462622	0.0613172890892045
0.345162795706115	0.171055807225167
0.546461533890176	0.420585365894558
-1.05360956424369	0.822324959105216
-0.40878113935882	0.229209271816851
-0.414545264167821	0.291713064798122
-0.232867313716886	0.0776541147121743
-0.195947843661564	0.105810237644017
0.150575043964835	0.0398742802241122
1.05630310382527	0.503914516666036
-1.46866560607407	1.31931684545371
0.412865428047506	0.313164388860714
0.146849058735638	0.0793096083810496
0.285002722084905	0.20433115498761
-0.722653809425175	0.636372604583428
0.489491668279776	0.314789911568136
0.37860995137983	0.176666427288887
0.27352528451036	0.193898856627713
0.769822366566375	0.447175215526962
0.594911879567149	0.319135717363168
-0.116672432182443	0.0689452562240344
0.460920864717742	0.311420102482645
1.11490396126677	1.14853219007555
-0.282112327900326	0.176580658082047
0.532437840560476	0.438536671570569
0.378847012350479	0.176755527607226
0.141206907740401	0.0746805172166955
-1.56545207782496	1.46225225634141
0.125095213750579	0.0466813713208212
0.1486585953319	0.0841075131276713
0.588579018555436	0.305965356575519
0.805478194992229	0.345963265475288
-0.893074828651126	0.856694226882015
0.0243393020674903	0.0142882219923009
-0.413803500924778	0.282522333977104
0.488741218280367	0.478014944367564
0.778997851157829	0.599748023260524
-0.533038724778763	0.389576844971111
0.165484900221762	0.119544152333716
-0.911817579907068	0.76116080574902
0.0286349598162053	0.0172889418897133
-0.165451722047475	0.0914943331739054
0.509239732860762	0.187057893990434
0.596737822867102	0.313670705231618
-0.242174467903685	0.15980655372544
-0.19838373196457	0.107920719055338
0.123866944877574	0.0398007593951673
-0.541304284053491	0.217969795952729
0.335166253930322	0.177157077249071
-0.739441498561663	0.264013986697631
-0.537195858607784	0.215909303617558
0.650127101433945	0.209819347976318
0.781542889852785	0.456730916033025
-0.23781827160113	0.0791998782498475
0.168964073775283	0.118552028732218
0.374527749043558	0.171087696590688
0.71613777639994	0.583367355697326
0.531851494733982	0.30545629379829
-0.558654729678573	0.365409902392689
0.0178034179519811	0.0104428880570539
-1.17714488224438	0.694928277313394
-0.641409111086336	0.569649731377058
0.296373035421917	0.19299365715667
-2.64395253885216	1.63694890622559
-0.0491012526173693	0.0316204881063789
0.703937520339668	0.460126798921915
-0.96798377821523	0.591744886924242
0.163558215160798	0.104811460182008
0.546116417035847	0.41296712849126
-0.0852392996515445	0.0504091773650021
-0.0197341612707669	0.0099195296534142
0.281456463093125	0.202623396043848
-0.411527778140547	0.235587304433229
-0.915277956536939	0.745284786253935
0.905623809895198	0.758994096045347
-0.917751619400295	0.786124062635092
-0.250883044582671	0.164492528900753
0.335157008099749	0.179532900279586
0.884131925914395	0.457076648382017
0.936767411258741	0.900149085039636
1.34227825871142	1.11066612638194
-0.577759713157349	0.534779207273261
0.982945072045324	0.800588663240458
0.132550428533863	0.056701942863341
-1.05362022462843	0.869413303515477
-1.33997937645314	0.831330986708116
0.889147494704232	0.711570687149245
-0.801127917243649	0.615636108181903
0.00337437710145099	0.00123316282298558
0.141032148567775	0.0474425449763635
-0.256763657504754	0.12747327713339
0.597112343775084	0.450871173192024
-0.598754838984333	0.43516526418716
-0.312055072593494	0.233179506603732
0.139995624127264	0.0685963548824501
-0.80852070484796	0.540394890877351
0.433772509327067	0.312665500838501
-0.196100765780352	0.0997030511536044
0.426141681962486	0.176913371470762
-0.206279784397439	0.112055715717179
1.11244920146082	0.932248489491283
-0.344100936952711	0.213770199529974
1.84339911769438	2.35238292207254
-0.72032561238939	0.542937911784361
0.455419948313142	0.291876532681117
-0.0094091687899565	0.00480993513956578
0.149080411884333	0.069742790919064
0.140803805023584	0.0603206425211732
0.817692212057594	0.874587071913334
0.150189318722239	0.0982108930761541
0.159274693430233	0.103352551694806
0.458534528713282	0.299299708578326
0.764391323323608	0.56294192618772
-0.260141370368669	0.131029387867171
-1.49419446759049	0.997577713775474
1.09715691450156	0.813157609776012
0.883477478612773	0.475197660234946
1.76250820087245	1.77825400452502
0.546418247700292	0.298472117238414
0.979805907870863	0.809666088288482
0.275138374451788	0.209930239024437
0.807451596743792	0.932181414092568
0.534959225874198	0.315632439395873
0.140628214073296	0.0744722054524719
-0.326409657772497	0.141266095002294
-0.202622502658466	0.136929793140645
0.447297509695674	0.394226886228755
-0.0163209755020734	0.00838139578308799
0.160387038100405	0.115347900973439
-0.292764918024145	0.18573926205295
-0.959731149747094	0.582409531042717
-0.205423545700363	0.111415655138905
0.15540270443337	0.0886449222001565
-0.407877856471502	0.177187027443363
0.0545388596380758	0.0363683350469932
0.138849529120137	0.0410428996828527
-1.10469502488068	0.769472947294151
-0.40906737712132	0.178426595528026
1.63362500032141	1.33467873911456
-0.325263920356029	0.151657648621641
-1.44410974055786	1.87015044794558
0.389792048919251	0.309362543540465
-0.293738680624103	0.275666797527041
-0.0420040616192975	0.0285858585013395
-0.432927765514556	0.442450989153334
-0.278392256636012	0.214455378699878
0.00508272078505197	0.00343843255724974
-0.544209740498519	0.530082287691452
1.26637269376695	0.718386534443841
0.155955268761772	0.089339836076332
-0.806204783937288	0.555835932659515
-0.532402927540024	0.212099126912434
-0.6819321532743	0.478476491274596
-0.477351957095424	0.327360975163064
0.305497411321874	0.173489192580168
0.156390487849499	0.102568633505539
0.164158695121564	0.160193302170458
-0.485829277555441	0.492323888419667
0.15808259317862	0.12908568543115
0.655552297325526	0.83182603621662
-0.124469657340119	0.0728061497335459
0.13499828237977	0.0588178574530053
0.0203604049943248	0.0116953557055253
0.130691125507604	0.0569396848490252
0.846195311916098	0.576794521775847
-0.0786464126013265	0.0348931719475828
0.15367736938949	0.0687929694405283
1.08975327316648	0.803500902868068
-0.0594064932852709	0.0455375766154523
0.1634372231802	0.105453375147435
1.05257611223843	0.521964256157144
-0.10761098202984	0.0447976337386229
0.641951302156574	0.435285041064477
-0.556018856318922	0.464329882259204
0.283828893513874	0.270214709517855
-0.0962202191826919	0.0585554390335121
0.0722476177745849	0.0558367864299696
0.385518909492842	0.38579286275121
-0.499099725583048	0.441250630340132
-0.476129647190843	0.486198743241533
0.854687892373564	0.958975551575217
-0.000104623183836036	0.0000815029433890078
-0.451170687863586	0.346006667767778
-1.23459872717788	0.89966888865133
-0.536612727798915	0.204129359163211
-0.410781435424327	0.174720746641606
-0.800215443186663	0.447990710928664
-0.164166861617839	0.0622091166961839
-0.539121619563447	0.212020396153515
-0.61138880836501	0.274019318312582
-0.793852259394928	0.352903252555738
-0.802673111245175	0.619523566448928
0.128332143784253	0.045108714855862
-0.538945107973805	0.21472697029376
0.150575043964835	0.0398742802241122
-0.742105548070661	0.261052251426749
-0.105284085166084	0.0430284369426379
0.317405717147536	0.15734925360244
-0.234793744858454	0.0805021626074223
0.145604005884882	0.0376220306325241
-1.04746380174536	0.446251819108337
1.04981981422376	0.527678543376998
0.145520951173973	0.0776090646573485
0.14436465891382	0.0783930864404833
-0.804081439537127	0.531405958255488
0.133604975034493	0.0581157200841905
-0.191496348948003	0.0995014644552951
0.13762359050601	0.0592345996651613
-2.12997167506144	1.69786408761997
-0.0602510501900828	0.0251618025206699
-0.586068955396084	0.422782677449477
-0.0716886938715017	0.0315630345703865
0.384810995734881	0.169336910218924
0.655364036119464	0.218674474525788
0.00779390263384382	0.00425985803656026
0.146934985897669	0.0787172622450281
0.489074090449235	0.316155112910806
0.346134172674001	0.173725319335176
-0.689785593610551	0.479498803417218
-0.523270266979208	0.399298209542907
-0.970833751575957	0.57826810592293
-0.158279412605547	0.0899368867461321
-0.509965504647631	0.377136261136873
-0.412122190625209	0.239119226074985
-0.804514301745213	0.460033829477361
-0.251340323407098	0.165080777083359
-0.783560026625646	0.361765598683855
-1.11031924022944	0.77572281644483
-1.23496433977794	0.913156599238965
-0.61149059348365	0.291581679202929
-0.116379252180665	0.047831211586304
-2.48250592654427	1.43446474052009
0.672244335520335	0.315531675950034
-1.29638408971697	0.633152599982418
0.505461694858685	0.183334043835953
0.142785643608113	0.0770639826962519
-0.346211964757659	0.211104008402479
1.11384654964283	0.974213729996144
0.382468152448536	0.174449416586912
-0.162644160110906	0.0616497483092917
0.896726307142879	0.741540968529402
0.454596982221405	0.305800385294536
-0.412634832847966	0.182155909112211
0.138622758441712	0.0722148058262713
-0.320195720304142	0.150561236115534
-1.01424594586287	0.920971265741306
-0.557086403436755	0.345413130321413
-0.0323011870057196	0.0152814140397289
-0.700950127446167	0.570387884121079
-0.111597049803753	0.0461813318744089
-0.689223482081545	0.480988256268453
0.981806366705086	0.807137327301009
2.25212974446512	1.65174471952558
-0.112875621719182	0.0457903719717664
-0.0735682538252152	0.0325924065414276
0.136894035451817	0.0645975657435859
0.144730424077238	0.0825029998078385
0.134196990054445	0.0476746060306298
-0.512974372711179	0.258870070118461
-0.205423545700363	0.111415655138905
-0.706236044957265	0.563144314537873
-0.640951987120562	0.160195969285506
1.01708539891738	0.395796156285557
-0.808678939693949	0.504704947210866
0.141256822258265	0.0430610911785714
0.139772181540016	0.055037519240423
1.04677193195308	0.509105651492105
0.940775374575219	0.622714179642627
-0.211580774846351	0.109426804542207
-0.813097777907872	0.624765526515047
-0.472073488088934	0.296002870964876
-0.0782667349956509	0.0443073891384743
0.669776119766353	0.597780036077454
0.63677775967686	0.558808612223426
-1.05417055913973	0.823436358283011
-0.889115535679256	0.982844325788614
-0.706483683482104	0.581476761842788
-0.209321067239394	0.139041398356256
0.277836455990853	0.190115696376489
-0.542031723753418	0.216602028573759
0.493617744158536	0.29078031328506
-0.126274206480974	0.0759134918084972
-0.704764173577251	0.583280462007309
1.26933175197509	0.689967993695177
0.410838229123287	0.315720922466207
0.771187955166121	0.830947655517406
-0.801401163393397	0.618927721902691
-0.00474469805442547	0.00341159503017173
-0.397418887207055	0.266539422416875
-0.0178688233611209	0.00907615486993789
-0.352049931309821	0.246355052501628
-0.40507546022158	0.284184031284529
0.140594744543348	0.0657277587309148
0.0353593336159624	0.0196420007007308
0.130424286684715	0.0573114008123404
-0.348209072228604	0.210556885941595
0.302093572244906	0.192802024514262
-0.797706703641326	0.448408634332449
0.408151083614049	0.301707289323233
-0.0631893077199915	0.0392983580172673
-1.01073892214534	0.866740923153106
1.52575278061619	1.26594894213995
0.153892172577175	0.0990045480554305
0.142181082306123	0.0658347311422316
-0.135507084004141	0.078113446736427
0.260162923183199	0.213624721645625
-0.405910709671457	0.17371470468319
0.524604254071957	0.415361623739908
1.22302188952936	1.17004883201385
0.275871840000237	0.189101981326778
0.130502849880141	0.0436356331167177
-0.048121937099159	0.0222163875037036
-0.413301993918686	0.239202002982532
-0.409869253348774	0.293278245279786
-0.236709453562989	0.175498704841884
0.697896834114075	0.441691678620005
0.155429072159398	0.102157263023916
-1.45383194999511	1.59569667433275
-1.3674282950857	1.50909607841588
0.896300041267186	0.725908186705488
0.150799218665428	0.0598662410789818
0.284459652377721	0.192537129422196
-0.0420806005581274	0.0282690371839162
-0.691763264159518	0.483959999473215
0.277644010794706	0.203794971125904
-0.940377993006559	0.700677899984716
-0.107809888830439	0.0654829327652175
-1.52930838704928	0.565957082481742
0.650496067935128	0.212216670317608
-0.167502511317909	0.0629544677645849
-0.24177445301126	0.0824405666747071
1.25626556850794	0.700480241599344
1.77297717820329	0.983813465991918
-0.360618173117269	0.105206136413076
-0.0338680633320828	0.0161770654495632
-0.355160646920851	0.193418037812542
-0.477245533285219	0.321775019590781
-0.0146264176551256	0.00762658562548756
0.292169756918524	0.197993489642205
-0.939956900581045	0.693581016154905
0.284624805680726	0.202951497299964
0.15390493087251	0.0949669015125741
-0.425597652164845	0.231708417158778
-0.670482987138201	0.388864349770464
0.142971955096055	0.0442241383996475
0.141212719983855	0.0747624364770784
0.132356113122867	0.0513871545697197
-1.49580667684266	0.730446668459255
-0.503104536933122	0.276151241730531
0.184135723881147	0.166268594993304
0.137228514118183	0.0603223305487272
-0.589000112178296	0.545385973416196
0.370403561418244	0.304548863498459
-0.181694558275855	0.128619074366171
-0.286282924128274	0.17688751762122
0.723264341711845	0.713113622846473
-0.189923901422958	0.0970740774786278
-0.662172195631943	0.379154107979407
-0.511188686809476	0.360451010057342
-0.239728118249616	0.0819409426429614
-0.658502037428639	0.396551681243444
0.983880096074996	0.81344079925672
0.14221024906256	0.074999548676887
0.170569269299332	0.111505982525908
0.517767576908182	0.432545969295367
1.10245939666865	0.914016904527652
0.155850755264702	0.0964346923934346
-0.929662014902894	0.740109258221981
-0.283107944824023	0.175232328091951
0.776824425311227	0.463097105312709
-1.26350886245516	1.1887572423945
0.679190959587267	0.331765126245605
0.996639744831215	0.773907810880895
0.281757427835651	0.207345231293394
-1.5183407699875	0.670860374407647
-0.986612372439708	1.01258154275798
0.352464824301301	0.175278053953199
0.146131010517507	0.0835273535930457
0.988451954241824	1.19512544041815
-0.677413514069058	0.717947886787189
-0.59227232941225	0.51440328113152
-0.264943488218974	0.198188583553902
0.00068152727409231	0.000495152942227253
-0.205861295319803	0.143105272417613
0.0515973339068007	0.0338854112624198
-0.236822024487708	0.0793879419132553
0.132128287357648	0.0452941160400624
-0.755739385861911	0.24049072655465
-0.738345263882528	0.263195045791167
-1.79827108630004	0.44343860950155
-2.09339649450036	0.955662000327628
0.135880039498904	0.0531326920088297
2.26023927747437	1.77047718164671
0.426944553046452	0.177586142190806
0.46330544596492	0.311051028356813
-0.0448043328633581	0.0212488752825528
-0.411922302303035	0.236564740041191
0.00940077579086134	0.00499874558326716
-0.80165205191056	0.486776506121926
-0.246821223667434	0.121953532157346
0.134667946192871	0.0653953793596159
1.08188498711782	0.641154036390992
0.500773633826179	0.42752143297279
0.323244885280908	0.176419915908749
-0.319534070569924	0.150445648067453
-0.238758896681001	0.0823215813233085
-0.412462217089746	0.285288590869928
-0.338538609176524	0.181145573714002
-1.36446602267112	1.46019436458933
-0.0414507496638756	0.0272799688914383
0.160045542223466	0.109434691071061
-1.16474368738628	0.984858778942829
0.0567267165669421	0.0397466489762666
0.331254271790856	0.177573768600768
-0.356872866658135	0.246473288129696
-0.373161430249421	0.341697997930304
-0.969884384438013	0.59718089001736
0.142538860007038	0.0667968597692486
-1.04136409890739	0.424665264099882
-0.410781435424327	0.174720746641606
0.142671775972764	0.0596531286170179
0.943267336100273	0.636482551007561
1.09114802400186	0.82283297883586
-0.00845133364674374	0.0043379651048949
0.780929489768204	0.611565248435376
-0.562050283017771	0.481305125741172
0.156812171621387	0.0895526133592172
0.317816374149848	0.189624153711364
0.508364883762075	0.173578239248374
-0.799758556197181	0.454703926470428
-1.05764021242011	0.824398355355768
0.15146806113938	0.0842811660191528
0.146947748346057	0.0779338617494533
-0.661629134470798	0.405289725886276
-0.501525800844406	0.265217028429327
-0.0795391499293094	0.0485248501287768
-0.408387532342534	0.277642205454992
-0.410980153442178	0.234492533122071
-0.25181443162678	0.123930763741819
0.569070329435753	0.536206478099004
-0.961726738665075	0.982497287108618
-0.702760008019625	0.542076131012983
-0.501426035771305	0.443146484380774
-0.478762744209692	0.314141943496076
-0.111946542412961	0.0457055581230623
0.678998404401929	0.322401707789424
-1.29463497690841	0.608966148079449
0.43081723961695	0.180762559764109
0.147298535161635	0.0299064650853773
1.80533336069978	0.726003060724617
-0.257476895766683	0.129696995203307
1.22493286422573	1.02402124427318
-0.407290595466495	0.291605231390828
-0.24715489473841	0.162709762532409
-0.179460728241201	0.125500941425348
-0.168442225892375	0.115768894690088
0.157882336175356	0.107762559751684
0.459562301590608	0.413204051300054
-0.0403087422441268	0.0187813702404898
0.456806007877664	0.304731787238729
0.396918670798927	0.162023498811861
-0.161495996209788	0.0925943809501774
-0.157988901434447	0.092516698425685
-0.425988421327689	0.232717053677886
-0.360560346528662	0.110506092787366
-0.364661648849887	0.297477591653059
-0.603371830088137	0.421115682172937
1.20262003157812	1.82992345398606
-0.269937248238582	0.234896398382641
0.719635902553538	0.589388581678711
0.26677851954918	0.194280100486698
-0.127684341470238	0.0891830218556997
-0.456439279646819	0.343981591707452
0.032209397053688	0.0200500302704606
-0.0592068223024416	0.0386465355879465
-0.157141016546113	0.111600524751024
-0.341559813948746	0.273327729450601
-0.120428998107181	0.0711465751817216
-0.240793683980085	0.0802221353379919
0.327353813370537	0.182301202029362
0.336340224976797	0.181878956864421
0.765727357283604	0.955425169356151
-0.308183688367071	0.232931817462993
-0.513499405243214	0.385488313100208
-0.800067372871212	0.65843288634272
-0.0164127013230338	0.00810202511357388
0.45894223861262	0.311871837809795
0.128770617547997	0.0519335286133727
1.46481979849256	1.46135110631858
-0.204275706560417	0.111114322726964
0.159322731343838	0.0881088957756785
-0.702383370731906	0.538356397169404
-0.915277956536939	0.745284786253935
-0.238777039511463	0.0793640368707419
0.148371590541006	0.0846107618916499
0.0110723745911318	0.0058125660253337
1.10969689540175	1.1016565848213
-0.106349420012404	0.0649118426032533
-0.735640862168782	0.713817853669745
-0.402262693789203	0.316960326351342
-0.0744410464466158	0.0486116048141042
-0.743384420523218	0.756610137465272
0.334204590743607	0.30212740585451
0.562634247266232	0.442545060887787
-0.520928934704217	0.398565276754184
-0.239929807807847	0.0801483748366031
-0.366912679142292	0.10867450197924
-0.664754309898165	0.408489885216972
-0.78275565804705	0.360636315462875
-1.29638408971697	0.633152599982418
0.145604005884882	0.0376220306325241
0.139031688439482	0.0551553886440224
-0.613515401538614	0.301214947728155
-0.121268751251617	0.0471433322741165
-0.421339953913337	0.232670554934619
-0.413217602555272	0.368054397277771
0.134067903274327	0.0583330051587697
-0.414671226994162	0.245095889616467
0.00534157282241143	0.00296497720582751
0.350843574765857	0.177750529399185
0.0093234828103343	0.0049688193752394
0.133403803633282	0.06363886714219
0.149437344912318	0.0387143285458533
-0.366006085993853	0.303508710499084
0.306881473708799	0.184905371351671
-1.2299836842993	1.47387366723178
-0.299495962615112	0.176902839060313
0.285270056918202	0.162153269394202
-1.10937074488188	0.779208599663148
-0.0672048823882293	0.028948622627542
0.132542030689311	0.0614310426520011
-0.34733655550247	0.213932298303163
-0.556929841092022	0.365778837103748
-0.261409712976231	0.129466758681466
0.129527080939307	0.0487602011556655
-0.237695463640661	0.0816413996844845
-0.504063050802284	0.25461267732597
-0.0426420357076068	0.0200306377204726
-0.0120607652208468	0.00621051539888992
-0.627654317518069	0.523969817404799
0.0132473065792875	0.00699162761646734
0.412418632413712	0.313056005467845
0.152733884871513	0.0935705516186197
-1.46343456029598	1.21032347442067
-0.165562695651732	0.093594135309757
-0.670357447546906	0.398062362328815
-1.02439692072095	0.877390829996663
-0.128582383129777	0.0769993925416707
0.134341149372325	0.0648288703239511
-0.274189186804145	0.213139020930469
-0.0432431703046194	0.0210040751197008
-0.239728118249616	0.0819409426429614
-0.80639902998666	0.544825413383941
-0.0802649643551875	0.03490811358756
0.158786195614318	0.0897467181913394
-0.156399982133349	0.0562880886391927
-1.1710050323521	1.02367014154471
-0.280934610365311	0.206845382219458
-1.46193745221323	1.21571919173177
0.28985498554111	0.197977416523544
0.310067947755785	0.182400712672438
-0.130095369926548	0.0774607178512623
0.136059592448409	0.0420203261091253
-1.14934954991944	0.361642569623747
-0.36050307261752	0.106458318520891
-0.236896873441439	0.0763227255443698
1.56448003178871	0.765062254391552
-0.537495307858972	0.209701019088875
0.304593043481628	0.193682767433612
1.3870376179199	0.960624481009292
0.777461366834448	0.459064566471148
-0.423911398150172	0.281473605055506
-0.670726797134293	0.400065804416271
0.852711156974455	0.628452708360506
-0.558054581714682	0.332383315997971
-1.30099340320899	0.579883703395348
-0.0694425614468864	0.0313575716693679
0.136591858122189	0.0594721514476853
-0.81304835330196	0.6652317367671
1.48345627447824	1.80199611011442
0.27372563787668	0.195315758747727
0.334963364556935	0.177236505315962
0.560464029579952	0.443872561641427
1.12362022011588	1.12864930489927
-0.0387452536300289	0.0184121757970199
-0.709783204671656	0.571391098102607
0.0055060950696365	0.00291975321912857
0.832812615636343	0.724773798091438
0.770406774396213	0.595421575736112
2.01099293869466	1.78557405438132
-0.108062291211505	0.0438961405034119
0.322455210997273	0.174913387407818
0.15466230015434	0.0959060966628778
-1.29725923227955	0.632325434039655
-0.0415128010432242	0.0196345437333904
0.138071567979321	0.0552000006911784
0.833813887986886	0.761512517859769
-1.07264789293323	1.03357009224655
0.55711582606174	0.451667383755416
0.306468170494274	0.193699277914046
-0.682746493614501	0.454058867572075
0.130904708044032	0.0505828968693068
-0.352426173173925	0.244022873077236
0.157497139209889	0.0902755471947727
0.159068386940457	0.104842807907436
-0.162573005822837	0.0600521861408651
-0.938350898304438	0.694438434740759
-0.259582607913374	0.130172848749729
-0.362761418010383	0.108072109203298
-0.685510853129428	0.488828326690439
-0.310063470370509	0.230100584051497
-0.0984007432578592	0.0624651224892403
-0.311659497541215	0.222947285075303
-0.353185320204434	0.259135092773135
-0.0428692388099025	0.0203237814729937
0.0413929170882469	0.0251319683700981
-0.0457835112583331	0.0218224451644131
1.23453870556852	0.970661272127454
0.420436288103755	0.314046402756231
-0.557513579100195	0.349524491266295
-0.256811318886723	0.130988323134341
-0.255916626386871	0.128678763609706
-0.78275565804705	0.360636315462875
-2.58389336218252	0.718322275969984
0.508395487354649	0.191306406455878
-0.413335986137216	0.232637244406755
1.23492985851004	0.866255220541524
0.139268803305247	0.0581862704272406
-1.85256354163673	1.24329327350862
-0.914883305577662	0.764507800419289
-1.73360413720815	1.33788724053017
0.0462362004227204	0.0296604413162391
-0.289135120286771	0.184319073054266
-0.485234448486784	0.46366202509151
-0.501525800844406	0.265217028429327
-0.0761285642210919	0.0340897444121235
-0.345675348865241	0.21324752201681
-0.412724948736956	0.229456951913025
0.379899530437914	0.175385859022461
0.640392645700279	0.566491979417913
0.379541680521166	0.178490884337522
0.140410848877903	0.0622219408217882
-1.34433525426707	0.950650688924596
-1.51836623703532	1.97542806061725
0.491904141069286	0.419767757641415
-0.0937747521747347	0.058986188957242
-0.372300085089106	0.364858291549729
0.1554490969975	0.115136965158695
-0.0739018505948486	0.0477013702366714
1.22513983651471	1.02318333847538
-0.0931472768652316	0.0574237653262893
-0.41136610494922	0.236873881974617
-0.0122862862902985	0.00615200115520722
-0.285023271467712	0.180554491785715
0.0460970945743496	0.0286481653397504
-0.0079484469826362	0.00377499658729903
0.676042685626354	0.326663893187816
-0.414902129018213	0.234119346193521
-0.415426253363524	0.232880804883837
0.60003673828337	0.45105030030549
0.0726186522998092	0.0456624506840628
-0.103137173804271	0.0649082484561843
-0.305079442064846	0.178830658545525
0.135928676662948	0.0589021149059545
-0.0710510061502885	0.031235855566258
-0.0418860505219444	0.0205613777746015
0.250456044472188	0.183772301677436
-0.0757886178431598	0.0337744026988381
0.561434593930185	0.444764375472263
0.307503550133513	0.181396183492652
-0.950530381160472	0.64429032929367
-0.342098469895761	0.206924726577049
0.885174836048487	0.844943250042013
-0.566962694994296	0.346583723844547
-0.291516390964005	0.181613777495779
-0.284403802459968	0.239496935667255
0.157925105846109	0.103021416455753
-0.248660486807871	0.16401171857444
-1.34210510314315	0.83934569574153
-0.700080295170765	0.552381074443423
0.287367060930469	0.189410583323918
-0.686177914229451	0.498379823856723
-0.411917437873442	0.229503131111893
-0.343538068770887	0.211213976708567
-1.24236839633064	0.929925600757866
-1.74022993182739	1.45920168782969
-2.30337049707962	1.23732083473153
0.154202638323454	0.0388280986901736
-0.537203750818899	0.214759074339169
0.502461328595523	0.171776642280453
1.05143617289505	0.513690469544266
0.679403571491979	0.336288097244498
-0.23779019895304	0.0816855379093685
-0.162644160110906	0.0616497483092917
1.31534198003685	0.599148545689121
-0.00951300086622622	0.00496619333868018
0.0268044289546671	0.015390989161027
0.381630280188632	0.285786331906387
-1.54254098043615	1.72696564427822
0.0206591271891214	0.0120994174772367
0.49337381148968	0.310856132234815
1.1094671080162	0.991684804514561
1.07912002256121	0.642917111951158
0.297839460857248	0.191083120420163
0.137329818726853	0.0548139237565338
0.7019873239412	0.433633797385059
-0.683506824768431	0.482818386101544
-0.623340861868738	0.494648084677107
-0.555056583709391	0.330068693743525
-0.0161475698003304	0.00811055381889118
-0.180292833851854	0.125254554001355
1.466689211527	1.42551587551033
0.034030994989447	0.0211638544785211
0.145949850274653	0.0770638553505644
-0.0109305981676842	0.00564207720441866
-0.165710416226806	0.0611653083090566
-0.0379866274945986	0.0183964636646367
-0.104917586168947	0.0653869308348278
-0.722448245981407	0.627464167829964
-0.0320900740193424	0.0146007842708001
-0.165255971050022	0.0616364801705634
1.46661903691051	1.44314264219983
-0.446682374392865	0.391718718097615
-0.498027745378502	0.263268965595129
0.0289803341052177	0.0175879680766393
-1.61988863650925	1.22894868309687
-0.0697521086662472	0.0311362531816573
-0.805450797110556	0.458380260555257
0.681102365092073	0.334715915734849
-0.170335978132361	0.0609054662337549
0.299984792302456	0.191159456047138
0.926670307389544	0.859771715344553
0.714566602021232	0.571681815785645
0.30879486820408	0.184039279481645
0.827722654783492	0.71705603153243
0.0380307480710585	0.0222760300900988
-1.56725833047395	1.47835601879002
-1.46499504350416	1.29024708047176
0.429017423066285	0.178826290408482
-0.0704177480170187	0.03062571843704
-0.938350898304438	0.694438434740759
-0.328145146112585	0.151355459499768
-0.471862491409335	0.299100645652756
-0.806670612514791	0.595002060476624
-1.11365887747341	1.08198511485169
-0.553337306528154	0.354730170815381
-0.343127266794221	0.205651706901454
0.671500064220088	0.323014901190993
0.136369449686343	0.0485426932643389
0.140289088336557	0.0472119888416851
0.141301354602922	0.0439626882643758
0.980606943330441	0.774023285272894
-0.111111421131642	0.0460725453839423
-0.401556586098629	0.168893572814238
-1.49227382919818	1.01692028087133
0.675505061732839	0.32539373588274
-0.0532012465729459	0.0239692738504917
-0.207065042928263	0.143283560216445
-0.306714326421924	0.226387047501929
-1.98916405543695	1.34829829667692
-0.502157498105078	0.276844929860409
-0.249232778077017	0.124767661134382
0.988104661865839	1.11986448761134
1.06942167662331	0.663632164201631
0.988667438280514	0.773507496521624
-1.06097253153868	0.849461598271536
-0.453619461939353	0.331975842170317
-0.994542149078045	1.00443780799257
-0.0795651225628538	0.0506937849270225
0.144931895359697	0.074805015947429
-0.725479653809709	0.657716784568566
-0.133144343294376	0.0961519372813819
-0.689285302107607	0.485508661610153
-1.16032294436858	0.984769009012567
-0.12338046938623	0.0725460378325495
0.652759056664063	0.199420190412166
-0.256933766682256	0.123926088526757
-0.719426585820924	0.612447193399195
-1.0799528494555	1.12766828811537
-2.25821189129153	1.68476799836136
0.13448836973788	0.0533754701933147
-0.626466976006803	0.509967705208926
-0.284482099473289	0.178803830025098
0.977870221637604	0.775075532369663
-0.160506619396728	0.0915198237459531
0.135476444646195	0.069545511202276
0.144475806647455	0.0589385456851594
0.714113253892403	0.605250333841727
0.481609140844365	0.261853119110961
-0.29487998418307	0.18541950698341
0.148105370653579	0.0787793494444962
-0.24292175785089	0.116244852178421
-1.50307444338272	0.814556392712404
-0.284430006246045	0.182514617206927
-0.00462728073124421	0.00213372751762752
-0.718807041971766	0.64231513545979
-0.974316657896639	0.578198916304411
-0.502475001265479	0.274292374439315
0.30182124704196	0.167176796035557
0.438520518759026	0.316654176769221
0.146938326217669	0.0757340357370596
0.354054480519283	0.175887212330909
-0.936517945611208	0.661382060885788
-0.205277972634166	0.112172503211809
0.722648862904246	0.597940464427244
0.30837618386662	0.180982421327897
-2.04512879896749	2.10314354822627
1.93889891432835	2.55301813885252
-0.298145366740705	0.255440639198738
-0.292724109746785	0.178678758247688
-0.685451512391193	0.445127556496448
-1.61803476810465	1.19807130471323
-1.61663562842584	1.96872676788771
-0.673022823054817	0.699719737724507
0.15424736332014	0.105451195764548
0.943157063942265	0.889345308355756
0.15229367779353	0.0994603485532936
-0.21591079580538	0.144641857904692
0.00479867911232992	0.00264625923858589
-0.287885014513392	0.234062043178349
-0.0579685013089339	0.045901555630487
-0.000405479649603493	0.0000717093824834616
-0.101660314637103	0.0643617900896588
0.00220363778575958	0.00129826518371636
-0.0678680006091343	0.0304665276410307
1.07441215632118	0.684912401894024
-0.255474232689399	0.130141719992535
0.159142863132768	0.104874816220844
-0.439779162441194	0.371947728858379
-0.809867554125985	0.627816016437715
0.145366035294232	0.0787775202166477
0.476841665035119	0.4322430985666
0.372139782552203	0.29665109708303
1.35013826434486	1.24903176990542
0.153592863729208	0.093418895821437
1.10645307253517	0.983821932605185
0.905197678618898	0.771682214168678
-0.416834004299911	0.335796245457022
-0.80181339518779	0.447493264163654
-0.501845150329593	0.266946038037206
-1.69898649732904	0.946473336893556
0.143428950207078	0.0698574269952379
-0.19422549688586	0.104000945346189
-0.0449754428058635	0.0203803941252107
-1.24570513305066	0.933869685266326
1.26372870069523	0.686099967889348
-0.538378292508879	0.211635476778743
0.143792566802053	0.0744592490254435
-1.68750690868971	0.988536633156715
0.649711104995446	0.20356695590215
0.134732232980068	0.0589037968861403
-1.26558476751655	1.2214615525668
-0.471997117777627	0.305462002067479
-0.0942055463194737	0.0709027573756662
-0.457257310306044	0.359741877688919
-0.41532132810714	0.224601289536462
0.284905009979931	0.193174085993516
0.641027562670356	0.450292323337857
-1.94795483215328	1.82408299580657
-1.16464010722484	0.973187614953254
-0.0415128010432242	0.0196345437333904
-0.916411416935964	0.764906760741489
0.323626969361225	0.183645842574616
-0.711718839858762	0.627707352488618
-0.0162933750657362	0.00799423023391771
0.152616874311718	0.0979236700202278
-0.0770791954685912	0.0497642193659862
0.28654578658467	0.19094182023595
-0.321278115700673	0.23470719011908
-1.15726268575032	1.21044671401366
-0.282112327900326	0.176580658082047
-0.335960171896091	0.196885461949079
0.405642486587164	0.301096045736746
0.0220144497628686	0.0128491901604519
-0.561819211632031	0.359026183876092
0.582566683938868	0.401935243534212
0.526814192575751	0.44349077244438
-0.412361114181951	0.230495069820497
-0.309420537073474	0.232285524638756
-0.793055962623091	0.355033279258479
-1.23966030252399	0.956007384859398
-1.2318216773149	0.891068612603539
-0.742159792951855	0.273560129045021
-0.965755399532555	0.607391228022738
-0.100294337205448	0.0619645653520659
-0.614653568690414	0.305995519056028
-0.961923541884387	0.61508237326934
0.00973284328075233	0.00517874639077294
0.319740362662268	0.17588226266622
-0.409225757869937	0.289248401370642
0.54159065280825	0.308283609538603
0.377537432460797	0.310664893518165
0.953722265393239	0.604086867887016
-0.354558210965434	0.257217009214821
-0.518511282620589	0.406500352555612
-0.0391887662709624	0.0181383556400757
0.144761939192196	0.0715348016143609
0.00985719551404332	0.00536841799115158
0.146560937628705	0.0832521378500186
-0.666321572470526	0.4054375575969
0.320316895738071	0.176230299399414
0.410183289686958	0.312385281792785
-0.320302346414451	0.233095165635448
0.0307933468441821	0.0190755834667642
-0.595558893270286	0.437547606425502
-0.418957080742319	0.231473940348676
0.298068518333871	0.185868999193606
0.278788380198266	0.1915120987022
0.518750203916932	0.420505479163416
-0.125849891363395	0.0763092291108519
0.715977842381274	0.576327956793576
1.11091735199117	0.988496939678341
-0.100750952201093	0.062339150176458
-0.00355157031752795	0.00254821209520044
-1.37205997872799	1.61806002696368
0.265916011782815	0.207765419561887
-1.69744240634912	2.11351565259878
-0.474670879105926	0.327513549403794
0.319144463952103	0.175945511590803
0.153897191031215	0.0961446033372177
-0.0938347630852399	0.0582143219109032
0.289011061796929	0.187878442996941
-0.246676492550171	0.191446099181407
0.417679298330416	0.309025792325015
-0.421670955118557	0.230329703789162
-0.789219644713654	0.36761859012188
-0.618641818736229	0.312809232787594
-1.15064167724211	0.346681243171548
-0.785685544650303	0.328604778906266
-0.640051550461191	0.165024385486426
-0.0130226715001813	0.00649689428809413
-2.24837330702485	1.82938740589888
-0.0161999914359662	0.00840031768673191
0.379899530437914	0.175385859022461
0.805337352275825	0.348864312610924
-0.742159792951855	0.273560129045021
0.153182251472494	0.0394690006724594
1.02411493668956	0.399362526920863
0.512310366968245	0.184277267061848
-1.14934954991944	0.361642569623747
0.132076406155437	0.051462651894866
-0.555488125299035	0.359819372349722
-1.35485534931732	1.09773418998762
-0.500231725915787	0.268069118666385
-0.338523610370288	0.204326778451274
-0.61882814573273	0.506749573407081
0.139216403778349	0.0731787046740076
0.0537915758177825	0.0364495148459507
0.16975279266963	0.113458436411416
-0.203120797793032	0.109505217095742
-0.069451253419732	0.030298479070074
-1.27025315249013	1.16195456490984
0.142704028000472	0.053465376174023
2.26176278562851	1.66047361444524
0.601466457680956	0.447719093354865
-1.61572040179484	1.20743758273984
0.134365677383912	0.0472680043000072
-0.412396855861973	0.405377611880085
-0.0173305147049511	0.00885211558637904
-0.886392684944121	0.882149695956536
-0.474670879105926	0.327513549403794
-1.99888382445346	1.46573361187108
0.324221202543553	0.185038731442792
1.23312843323289	0.843387445119877
-0.994010926170791	0.516707923678894
-0.547130328461144	0.206383992222033
-1.04329396383084	0.427873668991277
-0.640051550461191	0.165024385486426
0.651667690961163	0.21021458917332
-0.63734609269436	0.15632283929136
0.387134911567989	0.176446710897579
-0.0426505130764811	0.0206255224607291
-1.52938203058712	0.554835342168621
0.505291605949816	0.184911668876781
0.799361276514942	0.350100638307926
-0.639151761544215	0.160758461567798
0.653820669882355	0.212563455486324
-0.785876847996687	0.35917099349795
0.134240095409022	0.0596930019145368
0.848959941632114	0.632931434936523
-0.209565973201331	0.142616299792891
0.306219331135395	0.197299761320486
-0.522699669387928	0.410311486731738
0.820894694796715	0.865926119930201
-0.409289124952208	0.172064645099649
0.148140691891128	0.0963860526535652
0.300414424973419	0.169759482702076
0.138328265827667	0.0693254650967539
-1.10780199349632	0.761750698680263
0.135222595560634	0.0475956627357811
-0.0319090108855232	0.0146980394428362
0.638434068397697	0.444148468877038
-0.249309507838654	0.160333438652724
-1.54608451597361	0.512988149662245
-1.08827411991209	1.12046576922603
0.502257331017631	0.304834293566433
-0.169298241626553	0.0622982259026902
-0.24855794040289	0.167486485745536
0.1436804974979	0.0412613153990296
1.55404703372891	0.790235868623946
0.135967896116025	0.0521952574423513
0.775711406114072	0.591100661976274
-0.917295521265679	0.775082987369217
-0.316645071197373	0.149812795589409
-0.960991093728065	0.591353630501703
-0.159717781458242	0.0588954857128081
1.0171224865836	0.392494664405753
0.350579495935047	0.171704340101328
-0.242831203844467	0.0831146567067306
-0.064688578016231	0.0284546730798661
-1.23515647150916	0.872429812392543
-0.283941091340834	0.176141343697098
-0.290215796876081	0.185583526041806
-1.04446839481507	0.433758823456749
-1.52824166271591	0.549555586451851
0.532477120765563	0.306512830232798
0.150352558804264	0.0833522533821892
-0.25595959090603	0.126226273863308
0.478532785016449	0.413973826611986
-0.475522763128551	0.488641267729239
-0.235317946908882	0.197217552290723
0.637866336149173	0.442995666735751
-0.328571889341922	0.26908141545544
-0.136183123906114	0.0991823159034286
-0.728132227914992	0.640618386252125
0.158085434213518	0.126650182350343
0.160435260143426	0.118001301024009
0.0268857022786614	0.0157207714988276
0.142462644464774	0.0793576613620451
0.133170295037261	0.0471660602339594
-0.510106028785955	0.264143057662634
-0.408515038059913	0.33430482101747
-0.0410781292394603	0.019380611561972
-0.998252725375349	0.504959742668425
-0.88280369535118	1.03494771840528
0.649450113807629	0.452809186580007
-0.272803097489537	0.210093595992895
-0.212965776040693	0.167716919553839
-0.683506824768431	0.482818386101544
-0.0402030694592703	0.0272623427366749
0.0354598302539393	0.0207493113358437
0.152166503360696	0.0972301875594419
-1.02170495987826	0.905076932967175
0.303190739973187	0.19393138930715
0.486597275486684	0.399225871877457
0.299108878595232	0.166321465354603
-0.016165044700111	0.00805710250115502
-0.45639992425117	0.337924842279762
-0.242831203844467	0.0831146567067306
-0.619863993180458	0.488686418381453
0.382351713233566	0.178124790051543
-1.52773368423247	0.557998868810911
-2.09141701158254	0.940684744914379
0.331856790244064	0.183067065842784
1.44209953569596	0.49202318700838
-0.5335265215202	0.201163362942796
-0.626924003455925	0.305663071815181
-0.0783378300613387	0.0349270099663494
0.264275858978548	0.208579217614588
0.322478544206057	0.175923456718743
-0.0387491303076316	0.0186321804240422
-0.0783378300613387	0.0349270099663494
-0.162644160110906	0.0616497483092917
0.139134060358204	0.049052385159294
0.346381894185733	0.164532219379186
0.132899572299758	0.0652259297815527
0.00642686239075	0.00356847174506999
-0.245319045487789	0.191066316683566
0.280747070230115	0.203678584178607
-1.29243507279778	0.627236410714804
0.315122515539027	0.192336264093351
-0.149072629793803	0.106963381739737
0.420597637620606	0.27982369485298
0.169229339933961	0.125473345902828
-0.0319892786278954	0.0217278540122032
-0.130073067506285	0.0786055324183778
-0.813890976091017	0.711607409358876
-0.938372820745945	0.683327544543985
0.272586769088281	0.205536295959775
-0.962571578858487	0.558354089443815
-1.10650609832428	0.781810867649974
-0.809316573190493	0.625097523221485
0.161523495660434	0.120446055352556
0.826587661509942	0.745667812143831
0.681777250021006	0.690826703259031
-0.0811752822690655	0.052288942713401
0.036314398718459	0.0218019117272583
-0.905568513561907	0.867087891023906
-0.815324919106225	0.611510311654863
-1.3618317163433	1.10580724238984
-0.284706625318388	0.176819736531504
0.938835028226442	0.890196808452307
-0.0100449244974238	0.00516216413927523
-0.195804330763862	0.103984305407789
1.57965467799281	1.63472348563503
0.0241172882451491	0.0137139073276054
0.319517965445038	0.176412047602321
-0.255107671402733	0.124596997145217
0.252605737292478	0.202129819532742
-0.125130586389486	0.0882061267731903
-0.696830699542492	0.468997940112735
-0.800028787093721	0.604923631063315
-0.36326692428943	0.294563230279794
-0.962571035662845	0.598748930615882
0.139839576504768	0.0422767122881245
-1.34380579159057	0.834570655015292
-0.111946542412961	0.0457055581230623
1.02030315476189	0.398507228508527
-0.542181473756869	0.219256936703721
-1.33950570326666	0.852887130328233
0.15570674948052	0.110165996334057
-1.26658855448867	1.21531457795114
-0.0992990822913723	0.062232604830588
-0.582695222643439	0.401978043903383
1.07164769142064	0.643486005281414
-0.311343604380467	0.139792936621516
0.691824845248052	0.44451543201567
-0.315438074808422	0.149262113607832
-0.321336590229775	0.154742262725982
-0.12098416975052	0.0736211799698274
0.851136275047562	0.622324125409276
0.0929637993500704	0.0742605790501795
0.0048936143053537	0.00274157537122439
0.0197378097946447	0.011434971608428
-0.178113177260322	0.125507292584474
-0.322903414639943	0.254265460168733
-0.529240945184681	0.509748170592013
0.825522013444879	0.833484628634208
0.497129966362987	0.400641323724092
-0.720572893146339	0.631875086463746
-0.455389637302715	0.358004195118412
-0.990552255718125	0.960432315323697
-1.46462612850761	1.31546620195902
-0.53479432494183	0.378088428811818
0.588392991379877	0.54749756137814
0.263187774702453	0.193704728857643
0.143786222535581	0.0779618340505276
1.34761077302294	1.92567140104835
1.30561999061317	1.47126302306144
0.360908952627557	0.309763700764734
-0.632364795085557	0.661918798057382
-0.250021492232382	0.158987189231893
0.520429438489493	0.409782524239384
0.311504884785846	0.181852511950255
0.415436875280618	0.315976623610606
0.62532959654895	0.560533302102346
0.0552838414751864	0.0352640793572591
-0.40739426620142	0.173840657873106
-0.414545264167821	0.291713064798122
-0.563392233219514	0.356955908799482
0.780396961545627	0.613438868630965
-0.205376066109378	0.135828994943655
-0.459927474333307	0.368268674201596
0.165599230850732	0.10468751763901
0.0121130235503508	0.0069541101406081
0.599514946927111	0.313511193043823
-0.94024946157064	0.686798353698228
1.64675302506483	1.5082315021447
1.07034341340939	0.664823853952917
-0.249837284138113	0.126642149513897
-1.62362166348803	1.25102770682715
-1.72948482574909	1.42555769474269
0.0138895049420054	0.0070331616583879
-0.319109338874483	0.14510934655405
-0.919015340630853	0.773510740839225
-1.05683521185938	0.856595755233154
-0.728389445498159	0.622103713420198
0.606469768773569	0.295819478272716
-0.160941999973852	0.0919219252966659
0.148919165380737	0.081231926423114
0.542198615814844	0.305111589752173
-1.24570513305066	0.933869685266326
0.141071417771418	0.0618950025556612
0.595575831368717	0.567516208934764
0.690894752759798	0.430653962776544
-0.554782656999712	0.3388912115122
-0.473676136314887	0.324249971757736
-0.911823038767233	0.842201336030036
0.386508929379364	0.313959096273884
-0.441034848931875	0.428720813812365
-0.174421559864491	0.119762473914854
0.388650549764305	0.308256270515068
-0.14698556548197	0.102949636996842
0.287502740708997	0.208531323650869
0.504324074413475	0.188223232242347
-0.161130524501154	0.0603604971354402
-0.0666122044633469	0.0289566297943592
-0.805591345486694	0.595953969078843
0.0734959237697033	0.0505299523268389
-0.748178191267247	1.11611543611701
-0.413172461134798	0.435417936694233
-0.286405548450195	0.184879066623523
0.227675747490293	0.198808713573582
0.236511545072355	0.193098371971729
0.59118292893286	0.726763201772047
-1.45056468719266	1.90943744807789
0.382884313041805	0.398264187921527
0.0834593285688996	0.0666757589859657
0.173449760146648	0.154196222687481
0.997998809561947	1.12671755701125
0.151678331057437	0.0799758362623462
0.328721758208908	0.18373680655548
0.983581266761895	0.765429733007454
-0.620169900704925	0.684217476838819
0.579079379927227	0.67190448525137
0.159546319689246	0.13825309045695
-1.08333327424643	1.13706115816002
-0.758445781786957	0.849384844501923
0.0238858529605686	0.0139846855000336
0.411728611582529	0.392479771355096
-0.107798361569194	0.0793571789256624
0.431404089228838	0.317482864137932
0.700802957176831	0.431588001001236
0.141301354602922	0.0439626882643758
0.128898230017804	0.0535705714833082
-2.79324583398321	1.89508514165419
-0.342543451163777	0.205705047702103
-0.747397259241041	0.273041275511744
0.158588734506785	0.123422316512045
0.248505363975264	0.315002433823683
-1.30296685395727	1.60400575851552
-0.241414558063104	0.232563333467199
-0.458674799477273	0.499792708694204
-0.162644160110906	0.0616497483092917
0.672247604306137	0.835920048758825
0.560293636956898	0.528509825923353
0.499568154722527	0.431855252960806
-0.401438723527663	0.27164527459841
0.308890906631403	0.190470834411674
-0.620063056420349	0.476851929883151
-0.360658976369313	0.385642716596163
-0.827579939010947	1.16829418998875
0.28985498554111	0.197977416523544
0.909908785645858	1.03390464733895
-0.0773211688997267	0.0597537026028702
-0.168411074275138	0.138968892133306
0.259257991617293	0.212491032691194
0.00774811059352034	0.00595496649232639
0.153798252141471	0.104596281042803
-0.411613409387018	0.338553577132247
-0.463713015016935	0.365917650714098
0.287850941281103	0.178288987499767
0.332234791406252	0.184566015768962
-0.288245685508395	0.183256221617142
-0.593785665733862	0.426173850618509
0.102713623328207	0.0835146266246632
1.13006007679744	1.5806993349134
-0.31082369210192	0.231843275839769
0.491656147332376	0.510797407533617
0.774210153044354	0.620091223963466
0.414807564158214	0.311511593591014
1.55227173597449	0.783026833489421
0.0205697193062886	0.0115475901470024
0.285650326649013	0.198000631951039
-0.27971272503342	0.209855628395679
-0.111577694551991	0.118503315735439
-0.4472896485167	0.436652041397678
-0.116036529116567	0.0979064224313072
-0.812475940539535	0.851193026508445
1.06325937501055	0.637359462957738
2.05285543006313	2.51080290492747
-0.026322071931489	0.018263209775922
-0.665517081063261	0.639810178263055
0.408012595823663	0.307785402691678
0.900076531175189	0.795731092401836
-0.128980057792485	0.0765773230422339
1.09604029777031	0.905924770715103
0.305203889765814	0.193930618640916
0.769482614256552	0.698091899044375
0.812685156229696	0.316545958127247
-0.0475720871217079	0.0225665414753386
-0.508227812178126	0.428043534187698
0.379305139661651	0.176204013144254
0.146934985897669	0.0787172622450281
-0.229367641459542	0.17008661727852
0.256955627203968	0.199545574214777
-0.316699303533418	0.228097392464112
0.00696925844078467	0.00384541305627638
0.157147886362906	0.0960584577394922
-0.258688849062589	0.123205584417236
0.308890906631403	0.190470834411674
1.21094196149904	1.12416084988776
0.552147203183081	0.431958486498954
0.13924822253575	0.0608077937182835
-0.0389302775212455	0.0178566862021647
0.0186301048295426	0.0107486814978842
0.641093590676229	0.460020350516595
0.429017423066285	0.178826290408482
-0.0719927052654385	0.0318129297296247
0.500490924788611	0.306011818247547
-0.722972676641485	0.638571087923912
0.00154363341957593	0.000929454182916438
-0.625452957775674	0.671812592915798
-0.355527680886749	0.26078223917019
-0.550190450492643	0.473391210905069
-0.813636656775223	0.54025451262361
-0.695970538434505	0.471073278562242
-0.706987785960473	0.963375869057569
-0.333672946537583	0.376218290048382
-0.36400525526182	0.188216922912954
-0.697758796168972	0.793004205148789
-0.00131744305249454	0.000957275876196831
0.239297020403861	0.230188956817518
0.0325350416441518	0.0260213906827332
-0.0269215295600877	0.0221937754897438
0.248236061530085	0.199836239813423
-0.0174824349545858	0.0119557312070175
0.0890206275410523	0.0734362231281388
1.04109561464161	1.1866605265415
0.477050273326177	0.430643952067919
0.151619150068051	0.0912585237133838
-0.517920022133246	0.535807610206439
0.298334113178657	0.277895197163867
0.158087825368085	0.133735133700287
-0.496762569269058	0.429115272615258
-0.344337580158523	0.23445566385847
-0.898599887810502	0.831567209154449
0.0783651352117407	0.059174403922388
0.02705814375171	0.0165668243303025
0.151592021674215	0.0391867731421967
0.531827364193081	0.290170721342887
-0.16283288954292	0.0610599506391972
-0.467470376510692	0.383115809536192
-0.202121724561355	0.107653244437157
0.256306607276095	0.203907285773203
-0.0500677627247681	0.0229725274488389
-0.73264203964594	0.716979668670382
0.165717544152804	0.1797947171004
-0.807429614664281	0.608183891168322
-0.159525667147196	0.0605133567791143
-0.537495307858972	0.209701019088875
-1.04500975946744	1.18821293873549
-0.031110182908256	0.0209005356007046
-0.360885979532894	0.443145777446688
-0.0982467446565561	0.0948327469284613
0.564714431625745	0.442090699986481
-0.475565781567509	0.502910160649327
0.168539687660616	0.141981903741263
-1.03719713243613	1.57920107060074
0.165343926439487	0.138571799861625
-0.710047467785631	1.06973957572829
0.342073128508024	0.380016861240697
-0.466047572538372	0.514547205073429
-0.0595225945835133	0.0466893277722579
-0.219154338024978	0.146502044355007
0.985455721743576	0.780385693221478
-1.18446904441746	1.46877130917052
0.160982161838279	0.108890481901251
0.0541642334032112	0.0481251719137121
-0.620174914041735	0.876854705603265
0.16495334367765	0.119093283700745
-0.478293043286241	0.443931666726073
-0.511926090264807	0.530390227693026
0.166197572943792	0.151218441562511
0.648576966312157	0.189596790545929
2.1136607852984	1.47814496126981
0.145109926730212	0.0440274092475298
0.46369859045588	0.406334337933664
0.447268852049141	0.371089056440389
-0.432126463893792	0.622397574967955
-0.127027831573999	0.105696498895125
0.132943811608727	0.0582540000971299
-0.363913824557274	0.304270603764205
0.183137483537181	0.20842243137224
-0.0661910893067973	0.041642126345046
-0.0764609081254659	0.0335863898369428
-0.363583236832059	0.104921900407143
0.139134060358204	0.049052385159294
-1.50793059475502	0.798417415156676
-1.17330060171219	1.00290012997957
-0.0274232924506685	0.0179578859371438
-0.418077023530893	0.460454400863196
-0.860230311097709	1.08974115672465
-0.525541026422166	0.390248955131889
-0.702602028323153	0.553814403656925
-0.188133597328516	0.140478078722585
-0.0975391642528133	0.0741249359761152
-0.964736555234859	1.12246939266362
0.397830422119863	0.312096569051861
0.41489146741334	0.381545400616064
-0.202354612119264	0.181501580233683
-0.229391508066056	0.141147529787661
0.301667446794519	0.176158175599602
-0.287689616009152	0.184448430543142
-0.928104970013827	0.722400123005337
-0.587066216127987	0.424819711164922
-0.669814406495663	0.690879751913016
-0.761696106196489	0.83809593174357
-0.708531795576852	0.583703317085992
-0.477342659573697	0.447240351471188
1.31041866978774	0.610006844551424
-0.618301726900161	0.287195306389174
0.421348380718681	0.168251792743326
1.55544011731145	0.751130639606141
0.142971955096055	0.0442241383996475
0.593323303827582	0.317670702793361
-0.0713489596619476	0.0310461603808524
0.680661230337476	0.686635842535174
-0.108306419331988	0.04486469338739
0.224908023147492	0.195956846244999
-0.549407595047139	0.48862828909556
-0.80517290013829	0.459743308536561
0.15988443731391	0.0894657336898201
-0.369914703811329	0.408218590010472
0.455839140432577	0.423474768679798
0.0415935500857672	0.0269606276248156
0.143213509029661	0.0747034301337505
-0.68465334375341	0.480567392973567
-0.69641492117754	0.778818074905419
-0.807121382706982	0.85134851506546
-0.163572752272623	0.0914089258348334
0.150209318148833	0.0858417065760607
-1.47132589747365	1.30784949383853
0.31617212085585	0.188034552207681
0.141269772449626	0.0689145817368123
0.130162514743492	0.0514144690052577
0.137110549029241	0.0546226179279203
-0.614209042574623	0.30549582696611
-1.34156153960656	0.838124907214159
-0.797985837206188	0.435856838553171
0.159911650170899	0.115197090325531
-0.584077445441131	0.393814843761563
0.141792082339344	0.0747063860257429
-1.0257228131642	0.916056479249773
-0.286106107413779	0.181608891263785
-0.957167346700645	0.594403039652802
-0.240111058336071	0.157069698509663
0.374961136067165	0.30498336068001
-0.408716853475451	0.372605955913137
-0.170889998258417	0.0926358698973737
0.842268568450555	0.611448365060522
-0.257420187526262	0.131143168549165
-0.321862152071355	0.269834557331775
-0.411097648464198	0.286928552685972
0.29420452717154	0.190926602711206
-0.5973370919749	0.434704659741728
-0.595970040378624	0.420881583638509
-0.184348439719133	0.128577450767583
-1.26191990518347	1.15438356006314
-1.45120750217828	1.78122947370017
-0.644853475042055	0.724931317701645
0.583363387228691	0.499149608532267
-0.310479377599548	0.291113801486968
0.043499935473012	0.0275889466943761
-1.45659398620502	1.54485019073557
-0.972889463829352	1.06574678131735
-1.17341033952909	0.679193888659246
-0.414282475154716	0.243107053649886
-0.210592207357115	0.109753913076836
0.276764463926179	0.190644920710175
0.262911165921334	0.201932863895191
1.05757730298793	1.22636110007085
-0.324332634971372	0.151801021777346
0.802310396223514	0.337295918072689
0.714651781217618	0.601598665049974
2.26231304581539	1.69540637563102
0.678262841570184	0.313622714867927
-0.78275565804705	0.360636315462875
0.152902861654644	0.108478323459277
-0.522262384252748	0.398347898909214
0.2675419346914	0.194153579961345
0.328326802891767	0.185264266083153
0.876922627626074	0.454783559551492
-0.534309365974146	0.21015497619132
0.151507601808853	0.106214004572175
0.262537320571349	0.209075987951528
-0.123702885533179	0.0882455886006247
0.0274105478372016	0.0158520639001519
-0.886221427050012	0.973806072352258
-0.350437151758623	0.23878907313058
-0.0646206594298054	0.0417395729780603
-0.0935863436819876	0.0564465211625475
-0.0840894125958365	0.0538449931302126
-1.69090794020172	0.989770385521634
0.0429940029278951	0.0273751968483697
0.0285040227163979	0.0174881700001955
0.947519310690379	0.886076750708937
1.0529354730127	0.540888228582563
0.0621254110819253	0.041083203940562
0.991543836684595	0.752801790599365
-0.686205952513126	0.471585470863695
0.523978835659348	0.427645710758074
0.0331731836847222	0.0201416398641356
0.148162417771059	0.0904388009914812
-0.0574430817661349	0.0378897161724664
-0.36159750466634	0.299467150276272
0.808522660980996	0.952874926053183
0.343261644249342	0.168042508251498
-0.533432171362934	0.208229775442145
-0.506920479931383	0.275369470261672
0.514288493614109	0.189673710275625
0.133170295037261	0.0471660602339594
-0.515433916065477	0.373785869359625
1.01543546398245	0.920237168550216
-0.66406005076469	0.386528297253203
-1.10865313297803	0.760952172039257
-0.0493071507229684	0.0231110236336062
-0.116379252180665	0.047831211586304
0.0623294486522825	0.0423164049103388
0.91842251058481	1.28732354571196
-1.00436951046695	0.967538831221209
0.23739595541384	0.209585147918879
-0.060349029944376	0.0460910250267712
-0.306519191589392	0.223166168716693
0.262358505659335	0.19676555461451
-0.0151602792166338	0.00757284275532418
-0.311301647472474	0.236264341367022
-0.471310339385722	0.299090963781044
0.936509940552595	0.898002172719837
-1.84883782973159	1.21225136128457
-0.193230420966362	0.102327252835653
-0.707404599746699	0.88545693486446
0.283786415106155	0.191358171036089
-0.0132572912714626	0.00641545149788367
-0.52531902675407	0.533569388587408
-1.11587114671122	1.10395469264785
-0.0972940795652069	0.0596589612270497
0.0709407426896656	0.0529047074920104
-0.411097648464198	0.286928552685972
-0.472050046569473	0.306582340563296
0.505376343959059	0.189291473365939
0.302043223820492	0.191444793313517
0.274754764152274	0.206493369710417
0.157623067445754	0.12474461583663
0.154404608229458	0.100618779362474
-0.0796334180288095	0.034401089430153
-0.158723721967224	0.0597820347023464
0.535354693767711	0.311158152744437
-0.0697521086662472	0.0311362531816573
-0.74325556589109	0.266496707150431
-1.8390728329627	0.787375095703056
-0.965435889559724	0.615458717111082
-0.684028462542616	0.45795870827175
-0.625680724620102	0.512950262535204
0.687798546254122	0.289824071534599
-0.113328786016865	0.0449910564345374
0.558871158936438	0.447840319364108
0.160536212538948	0.136167855385273
-1.38524248481502	1.74886792848984
-0.803245737136002	0.672472502385977
-0.704749262730238	0.836934003371933
0.578968092836582	0.635373138661835
-0.353238962260274	0.259718582291629
-0.564526868111603	0.546313897172758
-0.0124026176080259	0.00614116042069619
0.138631721404112	0.0524027687155143
0.135606958078081	0.0657207722766274
-0.151795676053616	0.0858136453769949
-0.319363395011397	0.152551632801927
-0.457302038007878	0.403101154343598
0.0459125138488715	0.0296488011888123
0.0184159512284636	0.010802951640525
0.0355479742835548	0.028248726081473
0.0753154806896018	0.0568092304251108
-0.759976514760149	0.227211877500544
-0.160327934571026	0.0607030233359829
-0.0767614468246812	0.0344390811156773
0.655364036119464	0.218674474525788
0.798344741313823	0.346915704408962
0.485331049502855	0.301900018128007
0.402282388513759	0.303287630772105
0.156617140216293	0.0979123251778994
-0.563603766565368	0.464159421442736
-0.287611043310166	0.181690062918135
0.722047459952069	0.704821559480049
-0.0794015060555701	0.0497651450136494
-0.156738693770953	0.0575422969248991
-0.534155277501038	0.214045732917314
0.533721638391537	0.301761891890518
1.02088548899468	0.400936027164983
-0.742515082241636	0.263002039304592
0.139890125584089	0.0421379266435953
0.512356316055991	0.193576369588672
-1.53044856090243	0.571635312320433
0.430009617159582	0.178807947718548
-0.0516295713552821	0.0232495618097434
-0.153336919002417	0.0859312314879322
-0.668347178629353	0.39427216676664
-0.31802183315744	0.234619744237868
-1.05251019161795	0.429734791833162
0.407195586900151	0.303801231176771
0.157793503345732	0.101054796261255
0.154973474596866	0.114424485158206
-0.500311777926948	0.428981995535407
-0.464864192213365	0.364279137237333
0.542151969341696	0.545474296200005
1.23180303525814	1.00646130535586
-1.56227993170592	1.44357319802102
-0.811519445008644	0.544798354353741
-2.0944635604298	0.964595427007002
-1.05188810720627	1.18585076296213
-0.194372814295467	0.103110799718278
-0.459494962568474	0.364413152930068
-0.277810712915592	0.252674532638141
0.347078102938343	0.300708895734678
0.385490115260098	0.306085145208747
0.987164138069824	0.799671732180077
-0.399349438923356	0.161999234386279
-1.52824166271591	0.549555586451851
-0.361632557745294	0.110435934225015
0.136104373206364	0.04771177513027
0.336273875267571	0.160805442784103
-0.362090872388863	0.105121598450216
-1.29741646599058	0.613598296147199
0.887988729097762	0.481702822970127
0.540505092752546	0.518352159743935
0.598125674524367	0.443186684028545
0.00616587471783938	0.00327890633569341
0.388198723060816	0.302840183412093
-0.202303374799584	0.161763064330733
0.147291150035957	0.103495323769437
-0.09039804596806	0.0673716653546162
0.783470140500961	0.713406302159256
-0.779436081678228	0.349411153020909
0.129211761323748	0.0454838458550426
-1.36331441453634	1.12468430133954
0.134196990054445	0.0476746060306298
0.935501999577219	0.253169576056372
-0.361632557745294	0.110435934225015
1.01929332343342	0.390669452864843
0.933830389707498	0.246593574724796
0.808259912764455	0.362129795118185
0.138155455403761	0.0661087913927171
-1.16945307229778	1.00781645022855
0.523294746392721	0.279123353487376
1.7532296067742	1.67957940168927
-0.998535088445235	0.52395959859642
0.348979938040292	0.17895470389172
0.145054840241155	0.0438901419175188
0.166795953258082	0.128652643254057
0.317482740498676	0.278595317678363
0.0954895105473679	0.0825835313135958
0.153636997653798	0.120517898619449
-0.870720902968929	0.850369433667111
-0.81036325687437	0.860402386870819
-0.888587612832749	0.967628964194969
-0.598669121704382	0.437603943407294
-0.538074231292965	0.21601761070454
-0.23866359359719	0.0812703616337143
-0.238758896681001	0.0823215813233085
0.128475030179861	0.0442979785747231
-0.744243815324205	0.263503462495517
0.136591858122189	0.0594721514476853
-1.1554350298159	0.363497790570843
-0.11135460074992	0.0465930303574055
0.513322666607543	0.19461455271516
-0.208005392976152	0.136014611763047
0.433356019984172	0.300270574476862
-0.0183338040622834	0.0126442989204776
0.28603718690969	0.1902839995921
-0.461559671268782	0.343828020633595
0.569473252388819	0.536670680007163
-0.815411253221595	0.694567461173124
0.162536958868342	0.097353854180842
-0.0318991797815857	0.0213405962444315
-0.117316722682234	0.0470321179497992
0.652744579969079	0.217901190867539
0.135396322169702	0.0590782306601848
-0.360618173117269	0.105206136413076
-1.15326790235359	0.352650907315544
0.15045336866841	0.0380860428865526
0.146629727735194	0.037888595860908
0.485751956330418	0.298839551638017
-1.46081990937067	1.54253508915332
-0.359430665610289	0.106502760621845
0.512356316055991	0.193576369588672
1.25436869103709	0.707605310543544
-0.640051550461191	0.165024385486426
0.138110400502716	0.0488174440941719
0.653200247922724	0.652595435133461
0.730438007009564	0.714102022212339
-0.661453218872719	0.668304159130924
-0.538077224413573	0.213765561523522
-1.1849880029854	0.679414140508813
-0.240718774819291	0.0796491220389895
0.932735384432011	0.254694662217943
0.590854925427333	0.32068872122329
-1.29638408971697	0.633152599982418
-0.235757734816455	0.0801423601127761
0.439082847305611	0.17545380333929
-0.129338339029788	0.0886217484388201
-0.434721606910789	0.436257344093415
0.244234283273672	0.210007983361271
-0.360931497491195	0.256782658126428
-0.0628510002006996	0.0501746102922984
-1.43867065131865	1.65141034856746
0.627299256184234	0.574460668844548
0.00741809535755083	0.00408059497253666
0.13203010528814	0.0507517800665505
0.654236796829969	0.213945380780958
-0.168753019091489	0.0613575766485764
-0.639856157010912	0.158868155145205
0.152732391175414	0.0382714049770349
-0.640951987120562	0.160195969285506
-0.360618173117269	0.105206136413076
1.01889764766	0.394556712565599
-0.24291843314639	0.160603770544453
0.429462099344349	0.169565958130054
1.55911671558024	0.805629943872835
-0.0643713577746089	0.0272409591433355
0.651620019017489	0.218540697202247
1.05568533244051	0.482644830086616
-1.04640363250161	0.428229873657116
-0.357881887790908	0.106221041283411
0.140493034970826	0.0342398905106337
1.43936351386259	0.496241204441374
0.805229425731261	0.356296725909699
-0.998024863222367	0.527784975096114
0.43529846287713	0.296338685686362
0.0555671772075669	0.0355337141899711
-1.0340821741307	0.882594206025714
-0.151926006180839	0.109261573745032
0.322496584217467	0.293804281174309
0.0160925559342003	0.00824040456762934
1.43558163176237	1.54511494191493
0.151848073507033	0.0976966920484915
0.151714458282224	0.0388912867750066
-1.04049138621827	0.429986031003074
0.151714458282224	0.0388912867750066
-1.51637398118744	0.728482599154869
0.935501999577219	0.253169576056372
0.647507836497191	0.209092823294752
0.155347612608017	0.0390265755881082
0.150575043964835	0.0398742802241122
1.81130611619926	0.736870138681857
-0.242738510358594	0.0826009154088164
-0.537195858607784	0.215909303617558
0.137757770720069	0.041579069241824
-1.79827108630004	0.44343860950155
-0.745259487398754	0.262919870951982
0.652744579969079	0.217901190867539
0.149557277841831	0.0384747021438069
-0.234793744858454	0.0805021626074223
0.429826185812624	0.180790242437756
-0.0432391153193899	0.0293419708835379
-0.719825123696613	0.635539112543575
0.148129212473373	0.094321678084103
0.376350326665823	0.310193656863643
-0.833452677250511	0.974541087520667
-0.148146253886873	0.104024028079932
0.892701400649765	0.71997079091624
0.412930361411653	0.310711498515657
0.756812568357326	0.852174496610301
0.548656768323064	0.430748524240804
0.138799006280562	0.0427246721841037
0.147571338722617	0.0296534813215984
2.75454479012304	0.83106470770351
0.509542351137102	0.184692518168132
2.752067120414	0.822295230137003
1.30936401123149	0.604419398142513
-0.0742029327306705	0.0328256208898549
-0.501525800844406	0.265217028429327
-1.04938876843792	0.445225820250445
1.43936351386259	0.496241204441374
0.140257143383385	0.0435197137411983
0.150575043964835	0.0398742802241122
0.136012236058411	0.0414376999459869
0.651620019017489	0.218540697202247
0.650543326706461	0.210772841656387
0.153182251472494	0.0394690006724594
-0.247887130963356	0.0815456162678456
-0.111247230202704	0.0450068009831044
-0.528495904875188	0.484945355511032
-0.825015963874394	0.874335591371165
-0.113791817529795	0.0855127762061854
-0.290756386237354	0.184693842679958
-0.375206433987579	0.297585776386365
-0.30434823215965	0.216277102444505
-1.1503622450131	0.360685940099702
-1.15049600332665	0.365062590327348
1.43947956386862	0.490388133177384
-3.46507433970427	1.26259049613637
-0.618986481023563	0.289646715308403
0.80509400179343	0.346665673867429
0.942946333153844	0.649421372059706
0.133027950116607	0.0458225118639418
0.588606262548246	0.306767273196049
0.139168000229841	0.0433817694656445
0.147298535161635	0.0299064650853773
-0.316645071197373	0.149812795589409
-0.144285072540798	0.0992795183162956
-1.54250770323154	1.71961932111571
-0.752628261787493	0.817370054183355
0.494280487144952	0.493912196146
0.0487946294962976	0.0314018206974692
0.0406931202034193	0.0244329785920573
-0.162604510243692	0.0925536757827947
0.695002583766342	0.441692227632542
-0.644811631848036	0.161435053009276
0.147571338722617	0.0296534813215984
0.137757770720069	0.041579069241824
0.140490774653241	0.0541709345401764
-1.51056294133632	0.762861907578392
-0.241866562043846	0.0810837692126153
-1.18593075932941	0.657335959071953
0.148340847278699	0.0298858287200156
-1.79827108630004	0.44343860950155
-0.167313772674373	0.0633554015250668
-1.53976611515909	0.539160558684856
-0.418411755537771	0.241081103358475
0.335314681304891	0.304967776330702
0.286201718992726	0.202923620998988
0.00232054575082611	0.0015599626335216
-0.190910821727121	0.153439169284399
0.155244760956487	0.111047408197323
-0.35054692528947	0.205260732809199
0.158662981776694	0.0984693373724131
-1.66549289193753	1.60320209514159
0.46048226460737	0.318427458278066
-0.360560346528662	0.110506092787366
0.509367090253274	0.19233555776527
0.652695912520095	0.213141993776578
0.800554912425586	0.337045397413382
-0.0684673911996779	0.0292530010297741
-0.958116729063038	0.596828158740491
-0.111464639417467	0.0455964909740378
-0.536314894943915	0.215990413651433
-1.79827108630004	0.44343860950155
-1.05155207424783	0.420495589182693
-1.14774125887734	0.354368830637343
-1.53151586580405	0.574497786496295
-0.25521125440984	0.128432668506588
-0.130316795711068	0.0955192360196651
0.293773434195795	0.188949604784266
0.868226490561018	0.853236748651068
0.0694465156264344	0.0458699271943547
-0.00774048410658766	0.00538406579431489
-0.0989082532400366	0.0615559533982422
0.267349928665788	0.21299462516558
-1.23875708247847	1.47500357798303
0.278092566545656	0.195319699639195
2.750998534728	0.856347257355128
0.151714458282224	0.0388912867750066
0.153182251472494	0.0394690006724594
-1.66224303768315	1.68413519059796
0.893034718722445	0.487057509215898
-1.04339806761328	0.44647504020799
0.377090737613237	0.173539421395498
1.31623526001581	0.579547723010784
-0.997285540070264	0.521265643213589
-2.08837784375891	0.993122169837964
-0.273801202861951	0.201001826115537
-0.270929807219213	0.209391485705058
-0.0799038780465376	0.0587890068521859
-0.0974906463649899	0.0614421854676261
-0.816972321017535	0.774464622205287
0.293591885027077	0.19739792672275
1.38356662979208	1.08363651938792
0.143786222535581	0.0779618340505276
0.782703327255616	0.573899884149733
1.32335515816593	0.537988107439316
-1.04746380174536	0.446251819108337
0.145109926730212	0.0440274092475298
-0.168115933001125	0.0632126351774387
0.13921438656404	0.0607715800003572
0.382468152448536	0.174449416586912
-0.784561510703363	0.363836867465963
-0.779635563806562	0.358041820883046
-0.0775686417463892	0.0503198760642948
0.0302921089949593	0.0187889819901587
0.019606607744854	0.0114691996932379
0.36093272660582	0.308636882210163
0.507042238737435	0.425759876817806
0.446204421294148	0.296378558975099
0.408926484054794	0.314207379342816
-0.245876093255682	0.079481957311825
-0.358359045617402	0.103670335208107
1.02030315476189	0.398507228508527
-1.04551591152477	0.432093044759573
-1.04436434295654	0.445800704702982
0.804208982721108	0.356831466117133
-1.15428849861567	0.360128618139807
-0.163369768622376	0.0616716443076173
0.241396935058852	0.214726296771209
0.14135756531899	0.0747552608181931
0.155043747302592	0.102563962101044
-0.0914199637019517	0.0699902551458123
0.389877127739924	0.299215009274655
0.393748306520912	0.315845273706529
-1.79827108630004	0.44343860950155
0.150715901937816	0.0298994530276061
2.74993176721948	0.830491289829378
0.652695912520095	0.213141993776578
-0.325703658751924	0.154626417865869
0.138256897045276	0.0489434757541236
-0.234892206256004	0.0787477952299076
-1.15859810652601	1.51252916113768
-0.400455693426559	0.351522035042666
0.0416037783961599	0.0249618927518242
-0.302842392917865	0.21744507513885
0.150575043964835	0.0398742802241122
0.652744579969079	0.217901190867539
-0.521752036047655	0.491121857445033
-1.61391265234813	2.30531728499617
0.147571338722617	0.0296534813215984
-0.617621863675789	0.57010283142693
-0.0338362635535285	0.0230890943867285
1.3203512677787	0.562215820690454
1.31719972913054	0.563532709904846
-2.2135182327916	2.55513355833183
-1.29676265332159	1.38320588670616
0.805229425731261	0.356296725909699
0.351465774193417	0.176972980936233
