x	y	clickSelects
0.00656658929516008	0.715595797254537	465
-0.02251867767662	1.03545007703282	14
0.06226702000546	0.59760797927366	6
0.00825690538169011	0.7068864775383	188
0.06542650623628	0.612599401820178	188
0.05739171964478	0.583685732032452	2147
0.06041866978774	0.610006844551424	35
0.0124769329672301	0.703973068283957	1392
0.0593640112314899	0.604419398142513	241
-0.01663934491576	0.868167095168477	83
0.06542650623628	0.612599401820178	837
0.0625247926286401	0.600435015177839	2963
0.0191111616956501	0.653376445251991	2963
0.000570328856529967	0.65864500688675	134
0.06147226574384	0.608565543854246	6
0.0998053175260101	1.23387486526889	188
0.0643744238203801	0.618123110095228	35
0.06623526001581	0.579547723010784	32
0.00796325773834994	0.716128290121217	639
-0.0270493532098099	1.02762343487307	783
-0.03291378034874	1.12695926070264	241
0.0633212595661601	0.614983346052817	241
-0.0159414667494899	0.84703458211232	4559
0.10225421058858	1.19727297342104	6500
0.0592466517154899	0.589487289204729	191
0.00646225708653003	0.686356485498824	134
-0.12354357457322	1.29326032177086	1266
0.0180614897467899	0.71272459725209	6
-0.0341396678294199	1.48293523027592	6
0.06728798377865	0.593090078305361	6
0.00741766206990002	0.690083942857657	171
0.06244399995416	0.590281494815779	744
0.06147226574384	0.608565543854246	35
0.0663241035881701	0.570725623555877	1731
0.06534198003685	0.599148545689121	1391
-0.0289279347846601	1.17484567333142	565
-0.0235617532645001	1.16361298221278	565
0.00891668950697011	0.720228398276574	783
0.06349542356393	0.582800490172654	364
0.00772440077893011	0.705767625382144	837
0.01346654335764	0.65689660489076	289
0.06147226574384	0.608565543854246	289
-0.0134147775901201	0.879582006178494	410
0.06728798377865	0.593090078305361	939
-0.0185263885359701	0.816338476136324	639
-0.0172305839975	0.835349391380639	241
0.0563447856430099	0.584947989934065	83
0.06728798377865	0.593090078305361	142
0.00816731990536002	0.717381511893217	328
0.01711256773879	0.721174543860265	35
-0.00778804237730002	0.807657429921869	1391
-0.0383391654015801	1.31207354489846	83
0.08227149365362	1.28755883977345	2113
-0.0159414667494899	0.84703458211232	83
-0.02920735067384	1.01505246641426	1320
-0.11151413984442	1.46828024311138	83
0.08257585026866	1.38489264812736	289
0.06041866978774	0.610006844551424	1595
0.06542650623628	0.612599401820178	6
-0.01604260555278	1.00741119839531	328
0.06623526001581	0.579547723010784	328
0.00837217285402003	0.689089882655618	171
0.07942395039422	1.33415811594438	87
0.05642355803702	0.582529775776723	483
-0.0236915248249601	0.973913610478263	35
0.0552967655608001	0.579872912778297	64
0.0625247926286401	0.600435015177839	32
0.0593640112314899	0.604419398142513	48
0.0684243358808501	1.31644527157688	465
-0.0265968643074601	1.18359004974459	1982
-0.0254995781712599	1.16187314074911	241
0.10213439746642	1.21817807754947	142
-0.0333974078695301	1.48070785151131	142
0.0154222312500101	0.719341038461645	748
-0.0250352402743099	0.986801434252291	398
0.00721290209143	0.713310891105617	410
0.0113168370686501	0.734779276206035	6
0.0967326707174601	1.19208645297206	328
0.0572329133468601	0.572662928255205	276
0.0128078053115701	0.712620596991427	87
-0.0232892560524001	1.01863844473801	1637
-0.01751161688281	0.848254418472306	35
-0.0326605206522399	1.13081854378128	483
0.06542650623628	0.612599401820178	35
0.0150039807559601	0.673432871170342	35
0.06534198003685	0.599148545689121	1269
0.0625247926286401	0.600435015177839	64
0.05537550987805	0.583784270938947	416
0.0543263769195901	0.578725673235048	639
0.06728798377865	0.593090078305361	1391
-0.12145592345651	1.37310911877687	728
0.0773805035716899	1.39154435327908	728
-0.0391186824012799	1.22701529129494	83
-0.0244576536462899	1.02760759713745	2963
-0.10473782379956	1.35053632429128	140
0.02973045158431	1.65400735689728	142
-0.00838700233281009	0.872450793127639	748
-0.03541143678693	1.09450669156823	289
-0.01370770621658	0.866401773172136	1595
-0.0143459678033699	0.871618952378667	6
0.0993863885293	1.20772616128883	328
0.00267223597606003	0.684284668862338	2609
-0.02642907650606	1.15216434608769	2609
0.0615536276722599	0.577202155580126	87
0.0633212595661601	0.614983346052817	32
-0.0369809493892701	1.483007186292	565
-0.02799666172836	1.1497324732484	241
-0.0124830066003701	0.881181970125057	241
-0.12033652222286	1.3165554152722	83
-0.0248101393447799	1.27281872029283	83
-0.0231009177524	1.02378211757681	2963
0.06147226574384	0.608565543854246	142
0.0713181544619499	1.31896103833293	398
0.06892446556901	1.24039601267831	398
-0.03264459967217	1.31456921127065	6
0.0633212595661601	0.614983346052817	276
-0.0325699264355099	1.33869288655034	2609
0.00966577110509004	0.696480830505913	35
0.06147226574384	0.608565543854246	64
0.0128078053115701	0.712620596991427	32
0.06825134024419	0.57610225589685	639
0.0552967655608001	0.579872912778297	639
0.0613915060103301	0.591587161243202	236
0.0624284221839799	0.570932185202452	639
0.05928333299222	0.56931930957308	2546
0.06623526001581	0.579547723010784	33
0.0974340366675299	1.84780050744614	728
-0.04100480010708	1.68918094839953	241
-0.0300277160589799	1.16865018936472	1982
0.08745301430962	1.01669967593676	1982
-0.12124594718501	1.11364561578221	83
0.10570489715545	1.8188110228995	364
0.0675815564441	1.30898629248899	364
-0.0313797516154299	1.1233877044142	364
-0.03765252134206	1.34045647449936	289
-0.0298876343039001	1.2032756347643	185
-0.0286229852408699	1.0265962393165	1595
0.01375829011628	0.714520639631988	6
-0.01623174917655	0.814760401061963	6
-0.04226056138024	1.46473097067451	1597
-0.0244576536462899	1.02760759713745	171
-0.03274191131812	0.985608153905504	2609
0.01711256773879	0.721174543860265	939
-0.00904843088710994	0.843659845616168	3457
-0.01751161688281	0.848254418472306	87
0.0633212595661601	0.614983346052817	64
0.01238578444438	0.693109434251133	64
0.0156325421491701	0.691331897183166	32
0.0593640112314899	0.604419398142513	32
-0.0374874809354899	1.24589427554119	1982
0.0821531597805601	1.37572027953699	1320
0.0798481953912	1.39334082197397	2963
-0.11210545826835	1.51562768128476	2963
-0.10891703035949	1.41398640479932	2963
0.05642355803702	0.582529775776723	289
-0.02447662244325	1.1245763981687	6
-0.0347956916568499	1.30640551059019	35
-0.0270493532098099	1.02762343487307	35
0.0122693029330201	0.736813272833165	35
0.0602931171537799	0.592350106122282	272
0.00912084256064993	0.716241038125386	416
0.0593640112314899	0.604419398142513	1162
-0.11823268773197	1.26941061731812	241
-0.1208981283934	1.32619116666591	241
0.05629892026185	1.54123225220419	364
0.09765092807362	1.23682441558024	2963
0.01372870069523	0.686099967889348	1733
-0.02605879162875	1.02880513211553	3584
0.0067734472521499	0.70388519955026	171
0.05928333299222	0.56931930957308	64
0.0643744238203801	0.618123110095228	416
-0.0184416293699701	0.839144666943167	416
0.06445953054409	0.588277566697379	416
0.05327616568146	0.562053500103028	32
0.06147226574384	0.608565543854246	2969
-0.02990278510723	1.34375614276589	728
-0.0264424359330899	1.18139134992808	728
-0.04162125603166	1.57000984088837	241
0.11744114707348	1.72870869670482	241
-0.0323844936975199	1.29147579621593	1982
-0.11340545044974	1.48444774982429	83
-0.03995601203777	1.51356146429407	2963
-0.01858744452893	0.983322427527295	2963
0.07121393287592	1.32723532987442	140
-0.0327534316002101	1.28162783824271	142
-0.02740848909662	1.19066498097491	3707
0.02028936436462	0.693455396423081	6
0.0979310933729201	1.17160052948556	6
0.00912084256064993	0.716241038125386	276
-0.01209250164052	0.995122707692769	1637
0.0130139378829	0.73980439910164	35
0.01164856006249	0.709785768416903	35
0.00816731990536002	0.717381511893217	35
0.05838953532209	0.580688152007467	416
0.06041866978774	0.610006844551424	32
0.06341166721421	0.568130784041491	32
0.05838953532209	0.580688152007467	32
0.0173236050998	1.93862015414524	728
0.0492135861743499	1.60029461819553	241
-0.0254957281030399	1.01979513386517	1982
0.0946686605504801	1.20120357340157	2113
-0.0200274692364999	0.943488894712077	2963
0.0495853956860199	1.62984678797593	134
0.06244399995416	0.590281494815779	289
0.05739171964478	0.583685732032452	6
0.0594452962677301	0.585760739970461	6
-0.0261156867158701	0.781848636032944	6
0.00751531590035004	0.724568028643485	35
0.06147226574384	0.608565543854246	64
0.06033794820574	0.586411525643316	416
0.06349542356393	0.582800490172654	543
0.06349542356393	0.582800490172654	160
0.06033794820574	0.586411525643316	76
-0.0141133755020599	0.963701884732637	728
-0.02609422136082	1.19973919873476	241
-0.00679462798724995	0.840741428522125	241
-0.0108884597290799	0.857829479902875	140
0.0113168370686501	0.734779276206035	3769
-0.04696046594503	1.2261396454288	3584
-0.0252734324646799	0.962818151058391	6
0.06744283804034	0.577190342118938	6
0.00700893426886995	0.705779180003894	171
0.06226702000546	0.59760797927366	939
-0.0188691387255699	0.832520825440962	35
0.06825134024419	0.57610225589685	696
0.0552967655608001	0.579872912778297	696
0.05838953532209	0.580688152007467	323
-0.10848086266327	1.36686237667809	783
0.0567368651987099	1.59236768198517	241
-0.12413389435314	1.1388249346274	241
-0.01184573882794	0.875821973022754	2113
0.0578176463156399	1.52296815957769	2963
-0.01857278858722	0.795742744218345	2963
-0.00875897150997007	0.843683490369616	2963
-0.01850468694316	0.858828726660974	140
-0.02251867767662	1.03545007703282	289
-0.1228119859456	1.28361270104152	3769
0.07540012562119	1.32801757919131	6
0.0180614897467899	0.71272459725209	6
0.0113168370686501	0.734779276206035	700
-0.0189992815872699	1.16571952013787	2198
-0.01277701268411	0.874242019353507	2198
0.06340633790752	0.593211047439799	87
-0.0211468726134501	1.0047963404023	35
0.0955117385417099	1.22616058246441	483
0.0593640112314899	0.604419398142513	1026
-0.0108884597290799	0.857829479902875	35
0.00416524821400999	0.687150071443609	3665
0.0593640112314899	0.604419398142513	32
-0.0134147775901201	0.879582006178494	1975
-0.03332773853717	0.975069629234888	1982
-0.0194791277791599	1.15935986060837	2113
0.0378486724254901	1.76987381216671	2113
0.10329614478442	1.23830645032007	2963
0.10168319832988	1.24197406436066	2469
0.01711256773879	0.721174543860265	289
0.10111199339495	1.25028945836862	289
-0.0128461182542201	0.863522371306864	6
0.0820357316197999	1.37340458101976	6
0.0142614019570899	0.694963439427548	6
0.06041866978774	0.610006844551424	188
-0.0160031823870099	0.870501626042483	6
0.0134285662598601	0.693895200085826	110
-0.00995561927904998	0.863242779113681	171
0.06825134024419	0.57610225589685	171
0.0161631014020001	0.722145016404697	87
0.08987241264627	1.1257648263743	1026
0.06147226574384	0.608565543854246	3665
0.00721290209143	0.713310891105617	32
0.10659842321668	1.89911298583329	783
-0.12009328396262	1.24835070811367	728
0.0609989431868601	1.50091836023473	1975
0.0503274618637799	1.53107330249922	83
0.0518502844150399	1.51710730943066	2113
-0.0289697230825801	1.12093771808708	1789
-0.03815158775817	1.54627491057927	844
-0.0275945898818299	0.992251367320339	3206
-0.0289787459800801	0.982878923290676	3194
-0.0385065756140299	1.12691398458413	6
-0.0160031823870099	0.870501626042483	2250
-0.0317546798698201	0.994447688336457	6
-0.0212796819255501	1.17781942673985	87
-0.04428895418885	1.26534383295767	1722
0.0163726937669499	0.718386534443841	1679
0.06147226574384	0.608565543854246	35
-0.0115248849046701	0.824689110750177	35
0.0593640112314899	0.604419398142513	35
0.06534198003685	0.599148545689121	648
0.0593640112314899	0.604419398142513	32
-0.0551934024219001	1.67105119586541	783
0.10530294544961	1.11354480400852	1975
0.0613915060103301	0.591587161243202	1975
0.0626456195867999	1.53330881192393	83
0.0830579121408701	1.39435638806979	2113
-0.0193446013481799	1.02868610658457	1789
-0.02423561944555	1.16427111947559	231
0.0955117385417099	1.22616058246441	2963
-0.00715361938354997	0.838861883077601	3206
0.12480809656134	1.74427909881088	3206
0.00986922515735	0.719070043588214	289
0.0124769329672301	0.703973068283957	6
0.0582815960188201	0.588315347493659	6
0.06041866978774	0.610006844551424	6
-0.00875897150997007	0.843683490369616	6
0.0783441417511499	1.40566281383911	276
-0.02213373370392	0.984146850918856	110
0.00646225708653003	0.686356485498824	6417
0.0266302052444301	1.75329587166525	87
0.00912084256064993	0.716241038125386	35
0.06737684818267	0.570027814694718	272
-0.01876208046494	1.03160073353127	1976
-0.0310020144402201	1.16197915224673	1976
0.0997196782835099	1.23161654327267	231
0.0534092081475099	1.45260179157993	140
-0.0374580067655099	1.40733009440396	282
0.0111100807153	0.728454130006173	371
0.0130139378829	0.73980439910164	6
0.0132208576757	0.732496897024723	6
-0.01687156676711	0.843387445119877	6
-0.0416940295063399	1.28229076729516	6417
0.00825690538169011	0.7068864775383	6417
0.0132208576757	0.732496897024723	35
-0.0143459678033699	0.871618952378667	35
0.0111100807153	0.728454130006173	5487
0.06033794820574	0.586411525643316	32
0.0986471751173601	1.23434515630165	241
-0.0162992063699301	0.842588933779108	1976
0.00646225708653003	0.686356485498824	3951
0.0152127113051601	0.715455757589842	231
-0.0988254324720099	1.55934594654309	83
-0.01091388420476	0.871513378100749	1102
0.06542650623628	0.612599401820178	1102
-0.000384889344309913	0.655257141533639	1733
-0.03368184732951	1.19056896709161	6
-0.00586066213306991	0.843259582113316	298
0.0122693029330201	0.736813272833165	298
0.0132208576757	0.732496897024723	171
0.0130139378829	0.73980439910164	171
-0.01751161688281	0.848254418472306	1722
0.10253774689903	1.21919991445121	35
-0.0149844603387099	0.861078177864688	35
0.06244399995416	0.590281494815779	3665
0.0593291809974199	0.591170142954943	3665
0.0604999958741099	0.584499872770367	696
0.0469442361037999	2.09625193738379	728
0.0124769329672301	0.703973068283957	1975
-0.11917650523838	1.0866329565904	2113
-0.0181969647418601	1.00646130535586	231
-0.0134147775901201	0.879582006178494	83
0.0226957253731099	1.74978542695036	83
-0.12436760033732	1.10492237878518	140
-0.01091388420476	0.871513378100749	282
0.0120624631094199	0.737759376900683	1733
0.0130139378829	0.73980439910164	3194
-0.0178010848118499	0.834412285839855	6
0.000428408311909934	0.810005688923865	298
0.0625247926286401	0.600435015177839	87
-0.00902219935845006	0.861990204602521	35
0.06623526001581	0.579547723010784	696
-0.0975646600150699	1.98716752259609	728
-0.03792737889594	1.46769142642369	187
-0.01441397877801	0.855816851078963	6357
-0.0149844603387099	0.861078177864688	603
0.0408116325565799	1.58817627347905	1102
0.11091748725522	1.20824301151438	844
-0.01127891318906	0.836637668464578	844
0.0398126335200499	1.63691972546253	282
-0.11604060968038	1.23048650619558	3206
-0.01564984418189	0.85068748787667	6
0.0991488975849899	1.23977598388121	6034
0.12253972113385	1.80057148220427	865
-0.00715361938354997	0.838861883077601	1722
-0.0213130193444999	1.01510261448612	35
-0.01501078430284	0.845793849672636	1652
-0.0146378198692401	0.850997308734229	32
-0.10734579876653	1.4880058471879	565
-0.0481841567725101	1.68001627556056	728
-0.0264729844995	1.30910103668667	728
0.00825690538169011	0.7068864775383	1062
-0.01443470950103	0.840203630122309	1062
-0.01986154046188	0.795539701271156	1975
-0.0165547877214001	0.813607872681756	1975
0.04072261629034	1.63273503067301	31
-0.0234694323095399	1.02875523287468	2952
-0.01308726115326	0.996694095156682	83
-0.0266423011158701	1.03528142341432	83
-0.11040097614892	1.35494635516279	844
-0.11635875494172	1.42381451534773	1389
-0.0419693084245101	1.3859514162593	1266
-0.11271873262563	1.34957434593289	1266
-0.0121876541334001	0.8661517415593	1266
0.0613915060103301	0.591587161243202	371
0.07205102499603	2.04759768407078	289
0.0120624631094199	0.737759376900683	6
0.06728798377865	0.593090078305361	6
-0.01687156676711	0.843387445119877	298
0.00942153846578009	0.722401275607434	276
0.0593640112314899	0.604419398142513	865
-0.02465723871959	1.01943800019152	277
0.0594452962677301	0.585760739970461	644
-0.0165810219722899	0.851953455829327	644
0.0625247926286401	0.600435015177839	33
0.0594452962677301	0.585760739970461	160
-0.11948716386052	1.3391292261379	728
-0.04151157732818	1.53309796228751	783
0.0760459096884201	1.33122441436981	1975
-0.01876208046494	1.03160073353127	1975
-0.04708158675869	1.36032151136176	2952
0.10585818885425	1.23678052857829	2113
-0.12229014684974	1.28926859582679	6357
-0.0257554760752401	1.26081683045472	5233
0.05911723224998	1.50822456186718	231
0.05838953532209	0.580688152007467	6
0.00966577110509004	0.696480830505913	6
-0.0106177205173901	0.866257249525985	6
-0.00961629591099999	0.863059469626353	6
-0.0124830066003701	0.881181970125057	87
-0.0305542623414199	1.46964516457815	35
0.0132208576757	0.732496897024723	35
-0.0380108462519999	1.20563992605695	644
0.0594452962677301	0.585760739970461	696
-0.0282343614945599	0.941350420589116	1976
0.0106173208729501	0.695449529793129	1975
-0.0125463663680101	0.860010083167144	1975
-0.04350614272013	1.18323045141175	31
0.02839497886305	1.74249824052511	31
-0.11106027433635	1.60226543526857	2952
-0.02763318954915	1.03408940864849	524
-0.00845578187917995	0.83689516514321	5752
0.00565624577578006	0.671379621742576	83
-0.00838700233281009	0.872450793127639	231
0.0122693029330201	0.736813272833165	231
-0.12495664024817	1.2896734389779	231
0.0980875088241799	1.15777636916689	3449
-0.11262910542804	1.37533151538694	282
0.0130139378829	0.73980439910164	185
0.0205109069616301	0.686151965880946	3206
-0.0244506643259299	0.976130106703024	6
0.0626061851717501	0.559699367743339	171
0.06534198003685	0.599148545689121	171
-0.0159414667494899	0.84703458211232	277
0.05739171964478	0.583685732032452	35
0.07227729757489	1.32485303999279	35
0.06226702000546	0.59760797927366	644
0.06534198003685	0.599148545689121	644
-0.0143459678033699	0.871618952378667	728
0.0126044147767399	0.70888947383478	728
0.00912084256064993	0.716241038125386	1976
-0.01751161688281	0.848254418472306	1976
0.00416524821400999	0.687150071443609	1976
0.07748535483566	1.40731517204629	31
-0.0504857136418599	1.45520412330297	31
-0.01501078430284	0.845793849672636	2952
0.06647750026025	0.594280815081964	2952
0.06728798377865	0.593090078305361	524
-0.0140795189715299	0.839743579662834	140
0.02340888800984	1.87094529499638	3206
-0.0366008813432599	1.12399110047799	3194
0.0111100807153	0.728454130006173	6
0.06041866978774	0.610006844551424	298
0.0187997063066001	0.689877109506769	298
0.05739171964478	0.583685732032452	2095
0.0593291809974199	0.591170142954943	966
0.0592466517154899	0.589487289204729	1980
0.09515325861455	1.15032905142476	728
-0.0468205610975201	1.38472062294084	728
0.0764728495581499	1.33680601529372	728
-0.00802593776731997	0.813076386523215	1062
-0.0357888483690401	1.36855532963913	2952
-0.03223360665996	1.11322217903885	2952
-0.12372936596603	1.21153586251118	140
0.10079785495677	1.23821972411895	185
0.0731524572506099	1.34470943850863	185
-0.03592790506344	1.35277338440793	185
-0.0122120009231099	0.83775650205616	6
0.0592466517154899	0.589487289204729	1620
0.0067734472521499	0.70388519955026	298
0.0643744238203801	0.618123110095228	966
-0.1128814052776	1.23560236947639	1722
0.0163726937669499	0.718386534443841	35
0.0722791748777001	0.546219501118653	35
0.0683396127993201	0.592281316130891	35
0.06147226574384	0.608565543854246	1334
0.06041866978774	0.610006844551424	3574
0.06033794820574	0.586411525643316	32
0.00700893426886995	0.705779180003894	1341
-0.0471276718926901	1.84120514394384	565
0.0989376647509199	1.94181969960853	783
-0.03821010154317	1.38466338555551	3279
-0.03904296462438	1.10582405928842	783
0.00511405992928005	0.69090002216808	1062
-0.0342005268576699	1.04942756919334	1062
-0.0209679773306699	1.01147320141522	31
-0.0286368797812999	1.12446113170989	31
-0.0352376844123701	1.59034045740718	2952
0.06623526001581	0.579547723010784	185
0.06728798377865	0.593090078305361	6
0.06340633790752	0.593211047439799	298
0.05537550987805	0.583784270938947	2950
-0.01449259412809	0.976933353571924	276
0.00436869103708992	0.707605310543544	865
0.0122693029330201	0.736813272833165	966
0.0563447856430099	0.584947989934065	110
-0.0125463663680101	0.860010083167144	1722
0.0652702655347701	0.558410965108669	35
0.06349542356393	0.582800490172654	32
0.0643744238203801	0.618123110095228	33
-0.0129244515014999	0.795511584986129	31
-0.03753333608786	1.14147051982205	2923
0.00700893426886995	0.705779180003894	231
-0.0248601634852901	1.02318333847538	132
0.10792780070306	1.23212411929816	185
-0.00995561927904998	0.863242779113681	185
-0.0380776169338199	1.33610775268127	185
-0.02609422136082	1.19973919873476	185
0.0642899230904901	0.596233798709692	185
0.0934350915960001	1.1852521161127	3206
-0.0422933226516	1.19959201472795	210
-0.0201589246348799	1.01672392057771	298
0.00837217285402003	0.689089882655618	276
0.01470786186503	0.710564081401421	483
0.02124641758142	0.688633339705387	35
-0.00335861473084997	0.835445689428394	35
0.06244399995416	0.590281494815779	33
0.04682614939663	1.66796506240076	728
0.0699306445903201	1.32792831072242	1062
-0.0329426388155101	0.937556112389731	31
0.00912084256064993	0.716241038125386	31
0.06825561095731	1.50574893092437	31
0.10236304253229	1.22077073151746	31
-0.0243054703150301	1.16194627457862	83
0.0114301635824301	0.686996395524903	524
0.0103634645494499	0.72555161132246	2923
-0.0383821530720301	1.41206912226528	231
0.10486211019767	1.24306813336637	231
-0.0327184212018701	1.19765293216368	14
-0.01306967540884	0.835918222194879	14
0.0154222312500101	0.719341038461645	4988
-0.0185763233696401	0.789136051169928	3206
-0.00838700233281009	0.872450793127639	210
0.0146810823290899	0.692158511839575	277
0.0150039807559601	0.673432871170342	35
0.0633212595661601	0.614983346052817	35
0.00796325773834994	0.716128290121217	35
0.06825134024419	0.57610225589685	35
0.0105709269644401	0.70595301906272	696
0.11091748725522	1.20824301151438	728
0.00942153846578009	0.722401275607434	1062
-0.02902720085014	1.00605077361767	31
-0.12191294405903	1.38345310025392	2952
-0.0346991510921	1.13094748338848	5281
0.07239991898642	0.551984490793761	2194
-0.02387335348886	1.03054455865247	231
-0.12135110065846	1.26093525048775	132
0.05838953532209	0.580688152007467	282
0.01375829011628	0.714520639631988	185
0.0118564119201701	0.704081058345987	4988
0.0132208576757	0.732496897024723	276
0.00986922515735	0.719070043588214	277
0.06041866978774	0.610006844551424	644
0.06041866978774	0.610006844551424	35
0.0652702655347701	0.558410965108669	5067
-0.10605012339326	1.31662978145077	783
0.0526829179950601	1.49262225692288	728
0.01690369300297	0.698462264048351	31
0.0643744238203801	0.618123110095228	2194
0.01470786186503	0.710564081401421	231
-0.0486007975399301	1.68949549571149	132
-0.0096930896507299	0.841139009605872	140
0.06647750026025	0.594280815081964	4988
-0.0121876541334001	0.8661517415593	276
0.0113168370686501	0.734779276206035	276
0.00868183613009999	0.701931062377126	277
-0.0198021059629201	0.838457210211734	2633
0.10792780070306	1.23212411929816	35
0.0604999958741099	0.584499872770367	340
0.0643744238203801	0.618123110095228	4408
-0.0294716890086699	1.20460173231081	187
0.11042354603174	1.17581831160564	31
0.10443788252598	1.22674810379152	83
0.10593613542146	1.21139903724125	524
0.0180614897467899	0.71272459725209	83
0.09059482098624	1.05471945183235	2194
-0.0301813862584399	0.992013794701377	231
-0.11973773338266	1.28951454298027	83
0.04291983040033	1.61416836042304	1102
-0.0199273235404001	1.01146526695441	185
-0.0171885412108801	1.01151495562927	289
0.0615536276722599	0.577202155580126	6
-0.0153568784468201	0.834768791514554	276
0.06033794820574	0.586411525643316	276
0.06349542356393	0.582800490172654	276
0.10278615760693	1.22645010112132	110
0.0995014837114601	1.20302916829886	35
0.00986922515735	0.719070043588214	35
0.00986922515735	0.719070043588214	35
0.0633212595661601	0.614983346052817	32
0.06719972913054	0.563532709904846	123
0.0683396127993201	0.592281316130891	454
0.06340633790752	0.593211047439799	2786
0.06147226574384	0.608565543854246	160
-0.00573190312756999	2.1933316757429	1308
0.04729496718536	1.65490829872968	728
0.0122693029330201	0.736813272833165	1062
0.00846489243790005	0.726561423807801	31
-0.0301510896697701	0.964630239736668	2952
-0.0153469161939901	0.842548152527917	2952
0.0642899230904901	0.596233798709692	83
0.0152127113051601	0.715455757589842	524
0.0130139378829	0.73980439910164	1102
-0.0341506663628499	1.44706173360057	1102
-0.11772712863388	1.26119102147638	185
0.06639295387207	0.594083958118044	921
0.0581990872926701	0.57377829641248	921
0.0593291809974199	0.591170142954943	2938
0.0623520647057301	0.590348047090132	277
0.00700893426886995	0.705779180003894	277
0.0941794498344699	1.16976483537795	87
0.06147226574384	0.608565543854246	1784
-0.03959370822715	1.41273318979377	728
-0.11332645644474	1.33676424874473	31
-0.03059942806353	1.57687932089237	187
-0.12082197416766	1.11537443367759	231
-0.0372627201812401	1.37353484328078	1102
-0.02231366231832	1.01341395534518	185
-0.0288592313079401	1.28974275962964	185
0.05517848432063	1.50151103242683	210
-0.0194791277791599	1.15935986060837	277
-0.01091388420476	0.871513378100749	35
-0.0286229852408699	1.0265962393165	35
0.06454577034486	0.564893317260615	32
0.0593640112314899	0.604419398142513	32
0.0613915060103301	0.591587161243202	1784
0.0652702655347701	0.558410965108669	679
0.06041866978774	0.610006844551424	679
-0.0325008851591899	1.12048239015625	728
0.08439818263752	1.35765919903821	2952
-0.0197234181374799	0.798571531285485	83
0.0106173208729501	0.695449529793129	132
-0.000506221680460106	0.819247389448023	185
-0.0134906104936701	0.806734309044842	6388
-0.0919312134016299	2.04956552302913	1102
-0.04522521976647	1.35239687925567	14
-0.12446338029207	1.26486181254443	185
0.0552967655608001	0.579872912778297	921
0.0642899230904901	0.596233798709692	276
0.00374635473231	1.98352380919846	110
-0.11701072515115	1.3637071861215	277
0.0625247926286401	0.600435015177839	35
0.00868183613009999	0.701931062377126	726
0.10849712421572	1.21741316783312	3101
0.10221471033433	1.22301254065526	187
-0.0137791308422199	0.858067756419343	132
-0.0341498395617601	1.12425334758645	140
-0.04143444407457	1.59351391307679	1307
-0.0252561219407399	1.17188570651644	1596
-0.02131879117376	0.805717318850473	653
-0.01786752075732	0.861118177611617	277
0.0643744238203801	0.618123110095228	277
-0.0295648156211601	0.980202776901861	619
0.0103776339676001	0.711572614975651	35
-0.0150701414899601	0.866255220541524	35
0.0154222312500101	0.719341038461645	2954
-0.0298817473913999	1.28740462775488	2120
-0.01876208046494	1.03160073353127	2120
-0.0255899825416499	1.22926915028727	83
0.07594204191822	1.33874263887772	83
0.04635722265332	1.6641083454018	231
-0.0398259253172	1.20837043711093	83
-0.02251867767662	1.03545007703282	921
-0.12131583537143	1.39171359456011	210
0.05642355803702	0.582529775776723	334
-0.0209063914153	1.01602723506452	35
0.06542650623628	0.612599401820178	670
0.0113168370686501	0.734779276206035	32
0.0643744238203801	0.618123110095228	687
0.06041866978774	0.610006844551424	1685
0.0873565387940301	1.79650919223184	1187
-0.12449697235375	1.29949152570986	2120
-0.0395086144389001	1.03164784221094	2952
0.0584375610224099	0.576382220207233	159
0.0633212595661601	0.614983346052817	159
-0.06144343957063	1.51338063215904	185
-0.0381729905857	1.32943825444216	629
-0.02383570782502	1.40338400373678	210
0.0633212595661601	0.614983346052817	276
0.06147226574384	0.608565543854246	334
-0.02917600591985	1.09214547197186	598
0.1006477381089	1.21084025983088	35
-0.0296024723445001	1.145604398338	35
0.06737684818267	0.570027814694718	670
-0.00681903344092993	0.859328366175118	3955
0.06033794820574	0.586411525643316	123
0.00891668950697011	0.720228398276574	436
0.00891668950697011	0.720228398276574	679
0.0632367895670101	0.580180307340911	679
0.01268712408549	1.93929799065442	1062
-0.02655400314586	1.31288414241669	673
-0.0171885412108801	1.01151495562927	231
-0.05143657475147	1.66611910526923	132
0.06147226574384	0.608565543854246	395
0.11206055526353	1.78964551769901	629
-0.0243054703150301	1.16194627457862	921
0.01152438504328	0.707831083168717	210
-0.0296024723445001	1.145604398338	110
-0.03990193117057	1.57768909430037	1622
-0.02351212327907	1.0372956124035	35
-0.0196583768110601	0.789576941932736	3955
0.0154222312500101	0.719341038461645	687
0.06147226574384	0.608565543854246	160
-0.11645207698506	1.4705067606116	1062
0.07790987980082	1.38886128189909	1062
-0.0498533543225399	1.50132991005832	2120
-0.11682656720638	1.5175324984243	2952
-0.03437222026979	1.30316171679301	185
0.11973959548258	1.83461043328008	298
0.0141714968190401	0.721315132965811	334
0.0594452962677301	0.585760739970461	598
0.0951687612793899	1.18236936234043	35
0.0643744238203801	0.618123110095228	32
-0.03847400562384	1.42606978152843	728
-0.0510172111680101	1.68279847965445	728
-0.00747829496150998	0.786033972713996	1062
-0.12191798872	1.37325977569052	2120
0.08972287500794	2.4129613439026	231
-0.0333677970946	1.43514740332139	298
0.0812897253224301	1.37744051241394	298
-0.03959370822715	1.41273318979377	276
-0.11498520756594	1.61754343240988	1622
0.00246817160474011	0.693650648960579	334
0.04191971577386	1.61750813486115	334
-0.0189992815872699	1.16571952013787	2820
0.0989689761036101	1.14398877428555	35
-0.0191641321219	0.840637391160984	35
0.10792780070306	1.23212411929816	35
-0.0200960151910401	0.841844452595814	32
0.0103634645494499	0.72555161132246	606
0.06147226574384	0.608565543854246	160
0.0623520647057301	0.590348047090132	1062
0.06639295387207	0.594083958118044	83
-0.12466116761531	1.14222309289276	231
0.11931656164829	1.77250123876119	185
-0.03668424756163	1.2879258131359	276
0.00550596231884004	0.677005978540071	2666
-0.03274265276899	1.34197814323845	110
-0.11604060968038	1.23048650619558	1622
0.09360508959338	1.15070078769147	1622
0.01007346563013	0.7100092467473	334
0.06041866978774	0.610006844551424	334
0.0130139378829	0.73980439910164	32
-0.00679214302275999	0.585081335788723	32
0.05733271948467	0.563962076176424	330
0.0643744238203801	0.618123110095228	160
0.0602931171537799	0.592350106122282	201
-0.12061254038306	1.54038133951457	1062
-0.03970841385014	1.25695837692935	2120
-0.11036929730157	1.48406492517791	231
0.12199524058024	1.87194040323135	231
-0.0550673859372599	1.74431961009158	231
-0.12065255431255	1.41064408145566	231
-0.11918328473174	1.35897832937581	231
-0.0118207211399	0.844570443763233	83
-0.02867040933041	1.1394347977174	132
0.06534198003685	0.599148545689121	395
0.0613915060103301	0.591587161243202	159
0.06041866978774	0.610006844551424	159
0.0643744238203801	0.618123110095228	276
-0.02518374995371	0.789626791580619	2666
0.06728798377865	0.593090078305361	35
-0.0369777184111599	1.12302546868652	35
0.0132208576757	0.732496897024723	97
0.0130139378829	0.73980439910164	97
0.0615536276722599	0.577202155580126	123
0.0625247926286401	0.600435015177839	123
0.06147226574384	0.608565543854246	606
0.06939014046272	0.578064425928216	606
0.0593640112314899	0.604419398142513	2841
-0.11960034476398	1.60856070180322	1187
-0.0096930896507299	0.841139009605872	83
0.03396958368534	1.81304114893303	3514
-0.0336600833990901	1.47157953534644	231
0.06534198003685	0.599148545689121	395
0.01152438504328	0.707831083168717	159
0.0683396127993201	0.592281316130891	159
-0.03037365067152	1.60979306759565	185
-0.0198021059629201	0.838457210211734	185
-0.0258458878302901	1.00899196718152	298
0.00966577110509004	0.696480830505913	276
-0.03791313996604	1.26086817139395	87
-0.0143459678033699	0.871618952378667	35
0.0969967667334799	1.11795486924901	35
0.0632367895670101	0.580180307340911	35
-0.01306967540884	0.835918222194879	35
-0.03245002275828	1.48491716868001	35
0.0615536276722599	0.577202155580126	32
0.0593640112314899	0.604419398142513	32
0.0623520647057301	0.590348047090132	606
-0.0284234786683	1.13355230064602	2120
0.0626414280736001	2.07715410950438	2120
0.0436578589754599	1.66569099813474	2955
-0.11864405223622	1.44008938589552	3514
0.05629892026185	1.54123225220419	231
-0.0352786284322899	1.41447451005567	132
0.0613199218271001	1.49836002659926	2213
0.05817700317048	1.50111129771073	185
0.10386710993661	1.24182928405249	445
-0.0239768490829999	1.11979367514229	445
0.1024517520866	1.20079905067123	2667
0.0580918238861801	1.534662599577	276
0.06534198003685	0.599148545689121	1622
0.10571515683651	1.19885014109134	1622
-0.02722601260271	1.02353955408944	35
-0.0105475599010001	0.849632814378228	35
0.0643744238203801	0.618123110095228	35
0.0122693029330201	0.736813272833165	330
-0.034370586841	1.27199161450398	27
-0.1177253422132	1.42357332719608	187
-0.0305895978190001	1.71086420927757	58
-0.0232085830291999	1.16799743525632	83
-0.03587296352912	1.58656577102921	140
-0.00931992240088997	0.873757613729707	2213
-0.0404851055911299	1.93921070186226	185
0.08257585026866	1.38489264812736	110
0.0132208576757	0.732496897024723	110
0.00396526639985995	0.674449048860553	334
-0.0260227464423599	0.99337047960623	35
0.00816731990536002	0.717381511893217	2318
0.06340633790752	0.593211047439799	32
0.06244399995416	0.590281494815779	86
0.0252983560242901	1.72018760537403	1187
-0.05489303138532	1.77843482917373	58
0.09615914349223	1.18881891679095	2984
0.0332296168019599	1.71025725396241	140
-0.1193500672142	1.49511410299127	185
-0.01312050439387	0.870391117081159	445
0.0161631014020001	0.722145016404697	445
0.00891668950697011	0.720228398276574	445
-0.01219312572128	0.802502030663273	2667
0.10344427999633	1.21794170027819	276
-0.0286229852408699	1.0265962393165	2666
0.0161631014020001	0.722145016404697	1622
-0.11907546289294	1.10377531573188	501
0.10534938792931	1.17339401926042	35
0.0670928081219999	1.32882342227782	35
0.01152438504328	0.707831083168717	35
-0.01564984418189	0.85068748787667	32
0.0642899230904901	0.596233798709692	330
0.06639295387207	0.594083958118044	606
0.05645007486119	0.552301612092576	679
-0.0429653402608201	1.47461377274932	1062
-0.0458690753687401	1.42238134425037	1062
-0.12424369642758	1.23922370204516	2330
-0.03646335549914	1.68554833199114	187
-0.0130645942132399	0.991632321919777	187
-0.0347849528589299	1.57996920565131	58
0.0959994294429001	1.18270185921782	3421
-0.11821965362386	1.25315190021635	298
0.08396392871645	1.35939717922429	334
0.07956941439238	1.32776430576757	334
-0.00719299474936008	0.815214818552142	35
0.0643744238203801	0.618123110095228	35
0.00267223597606003	0.684284668862338	32
0.06639295387207	0.594083958118044	330
0.01007346563013	0.7100092467473	86
0.0593640112314899	0.604419398142513	606
0.0144708459462799	0.712703450377961	436
0.0613915060103301	0.591587161243202	201
0.06147226574384	0.608565543854246	679
-0.12048828926123	1.38024494580118	728
-0.03175584883512	1.38997017109083	1187
-0.11596949765937	1.29973615423027	231
0.00552191139995006	0.681427830541802	132
-0.0140795189715299	0.839743579662834	276
-0.0247206197154901	1.1543751619155	276
0.06147226574384	0.608565543854246	334
-0.0250421566644501	1.01029090927979	334
-0.02981174012883	0.971424103034975	87
0.0146810823290899	0.692158511839575	35
-0.000171105095339907	0.658318392108053	35
0.01470786186503	0.710564081401421	35
0.00912084256064993	0.716241038125386	2318
0.0111100807153	0.728454130006173	206
0.0128078053115701	0.712620596991427	206
0.06033794820574	0.586411525643316	201
0.0632367895670101	0.580180307340911	973
-0.0217549194473501	1.17115693616472	728
0.0791938355870101	2.02363484947431	1187
0.0297311569341301	1.76686388200077	27
0.10079785495677	1.23821972411895	673
-0.0396196737329499	1.48334727771563	58
-0.0516583747617101	1.8629224543901	3514
0.0268169964895399	1.77852636707986	1790
0.06534198003685	0.599148545689121	634
0.0593640112314899	0.604419398142513	132
-0.0271457705994	1.17390340785888	185
0.0623520647057301	0.590348047090132	724
-0.0189992815872699	1.16571952013787	342
0.10037753262862	1.2189559431081	276
-0.0291187841079401	1.27136632387311	276
0.0615536276722599	0.577202155580126	276
0.0122693029330201	0.736813272833165	2666
-0.03215781632756	1.40454952854045	2197
0.0582459098324799	1.48128845781756	334
-0.0144240368194299	0.823784598220202	334
0.0100517692923501	1.90698629128148	35
0.0504012884638501	1.50448068782874	2318
0.06129671746841	0.574642001655142	32
-0.01751161688281	0.848254418472306	330
0.06244399995416	0.590281494815779	201
0.06340633790752	0.593211047439799	679
0.0299285628742501	1.77155722185176	2120
0.0593640112314899	0.604419398142513	159
-0.03469623122508	1.26760477714088	185
-0.11569353250419	1.33245644207453	445
0.00816731990536002	0.717381511893217	5967
-0.03413326060275	1.41875696520802	342
-0.00902219935845006	0.861990204602521	334
0.00552191139995006	0.681427830541802	1494
-0.0147180830556299	0.84453686005397	2318
0.0632367895670101	0.580180307340911	32
0.0642899230904901	0.596233798709692	606
0.06534198003685	0.599148545689121	3228
-0.12039787159893	1.25523183451173	673
0.0683396127993201	0.592281316130891	187
-0.02498336803638	1.28862901087663	615
-0.10564282761904	1.28072068734983	83
-0.11503982291651	1.61583019655844	140
-0.02387335348886	1.03054455865247	185
-0.0137857381381199	0.833222449540678	185
-0.03679420376936	1.54837567578743	342
0.0574705148550201	0.575256772311635	276
0.0152127113051601	0.715455757589842	276
-0.02995646386289	1.14078841429048	276
0.06445953054409	0.588277566697379	334
-0.0269907773220599	1.19552455498907	867
0.06639295387207	0.594083958118044	1494
0.06647750026025	0.594280815081964	6303
-0.0172208094286499	0.841944511622497	32
0.05327616568146	0.562053500103028	32
0.0144708459462799	0.712703450377961	2162
0.00646225708653003	0.686356485498824	3585
-0.11222988097731	2.07113903922259	27
-0.02722601260271	1.02353955408944	58
0.0469411676912199	2.06624617296834	231
-0.11782418978041	1.44065531623165	231
-0.03274265276899	1.34197814323845	231
0.10585818885425	1.23678052857829	615
-0.10995244035397	1.52485640842458	615
0.05023107210176	1.65781007219095	185
-0.0234623917092101	0.96483823821578	276
0.00986922515735	0.719070043588214	334
0.03786616364245	1.58355406149088	35
0.00721290209143	0.713310891105617	35
-0.0265968643074601	1.18359004974459	5613
-0.0150701414899601	0.866255220541524	32
0.01859466540888	0.687464060361728	606
-0.00688900362353007	0.826461442860616	201
-0.0291225036929501	1.15094292489794	1062
-0.0224801213950201	1.02396222029549	231
0.06129671746841	0.574642001655142	615
0.06542650623628	0.612599401820178	185
-0.0224801213950201	1.02396222029549	210
0.0683396127993201	0.592281316130891	276
0.05739171964478	0.583685732032452	276
0.06041866978774	0.610006844551424	334
-0.0244576536462899	1.02760759713745	28
0.0924406779756399	1.18456789384078	35
0.05739171964478	0.583685732032452	5613
0.0613915060103301	0.591587161243202	32
0.00816731990536002	0.717381511893217	86
0.10660461787666	1.21809191563936	27
0.0440561954982901	2.11907656393584	27
0.11286729208332	1.20361487274146	1062
0.0956316686158101	1.28450110579104	673
-0.12066421151937	1.40982492457582	58
-0.0298876343039001	1.2032756347643	893
0.0613915060103301	0.591587161243202	132
-0.11436737189679	1.22176209310783	185
-0.0169356419967901	0.868911793806971	185
0.0574185172948201	1.4873006222322	298
0.06041866978774	0.610006844551424	276
0.0602931171537799	0.592350106122282	787
-0.01623174917655	0.814760401061963	787
0.0155681711179601	0.66417446083955	35
0.0114301635824301	0.686996395524903	32
-0.01564984418189	0.85068748787667	256
0.0604999958741099	0.584499872770367	201
-0.03423219224243	1.1875044766401	673
0.05838953532209	0.580688152007467	58
-0.0312473219001801	1.30864137654001	58
-0.12202052620629	1.4012141195242	83
0.0144708459462799	0.712703450377961	101
0.0144708459462799	0.712703450377961	342
-0.04974702987536	1.48963533692627	210
-0.04274760499328	1.43539282053892	210
-0.0124830066003701	0.881181970125057	2876
-0.01091388420476	0.871513378100749	334
0.10236304253229	1.22077073151746	334
0.0613915060103301	0.591587161243202	35
0.0633212595661601	0.614983346052817	201
-0.04133426181705	1.43986132353941	27
-0.0350805896464299	1.42825938642339	1062
-0.0350805896464299	1.42825938642339	187
0.0164843141209201	1.84465496833477	58
-0.0377028963485799	1.41779010215236	231
0.0163726937669499	0.718386534443841	893
0.06033794820574	0.586411525643316	2876
-0.01570580150387	0.863949742631649	867
0.0604999958741099	0.584499872770367	867
0.10037753262862	1.2189559431081	35
0.0187997063066001	0.689877109506769	2070
-0.0213250652205601	1.02561162310489	32
0.06041866978774	0.610006844551424	206
0.06147226574384	0.608565543854246	226
0.0156325421491701	0.691331897183166	58
-0.10721387034607	1.36801082182824	187
0.0130139378829	0.73980439910164	132
-0.03065902120464	1.3120161122224	185
0.04083162842904	1.58689360923698	210
-0.0335602484850099	0.89654060288894	298
0.0584375610224099	0.576382220207233	276
0.01069214833827	0.703304099518684	110
-0.0312725516357599	1.29933958301094	110
0.06719972913054	0.563532709904846	334
0.0106173208729501	0.695449529793129	1322
0.0633212595661601	0.614983346052817	206
0.0633212595661601	0.614983346052817	201
0.0643744238203801	0.618123110095228	2217
-0.06005179945926	1.9040934724143	27
-0.04643904230709	1.83002112916705	27
-0.01370770621658	0.866401773172136	673
-0.10974977191014	1.52374531079204	615
0.10136975004656	1.22318900041811	185
-0.05446973191307	1.56068489104455	210
-0.0302401009578299	1.1784304339931	210
0.10335741183776	1.21181362273647	298
0.0623520647057301	0.590348047090132	110
0.0122693029330201	0.736813272833165	35
0.05642355803702	0.582529775776723	1322
-0.0232892560524001	1.01863844473801	32
0.0625247926286401	0.600435015177839	240
0.00868183613009999	0.701931062377126	1632
0.0593640112314899	0.604419398142513	3228
-0.0302643529942599	1.43569411854122	1853
-0.12257178941434	1.1063079376153	27
0.01409939638779	0.661582110560098	1062
0.01091104111603	0.69025837488413	673
-0.0106177205173901	0.866257249525985	187
0.0652702655347701	0.558410965108669	893
0.0612628663471699	0.556505185692855	132
0.0722258652222101	1.39863255743582	132
-0.02032326567541	1.00459538416043	140
-0.03884467242142	1.0902230677908	185
-0.0188762506890801	0.795841541346293	185
0.10196695411513	1.17208633268634	342
0.0663241035881701	0.570725623555877	110
0.0604999958741099	0.584499872770367	110
0.0105709269644401	0.70595301906272	1672
0.0604999958741099	0.584499872770367	334
0.06041866978774	0.610006844551424	87
0.01091104111603	0.69025837488413	35
-0.0184416293699701	0.839144666943167	35
-0.0147180830556299	0.84453686005397	5091
0.0205109069616301	0.686151965880946	32
0.10891421935857	2.26176332786328	27
0.0144708459462799	0.712703450377961	27
-0.11644763579338	1.69482552427997	27
0.0703512677786999	0.562215820690454	3053
0.0633212595661601	0.614983346052817	673
-0.03172170099966	0.914541122406405	187
-0.00560962920350994	0.816078216795097	849
-0.02609422136082	1.19973919873476	897
-0.0147716759093199	0.853762610890154	185
0.01785216428114	0.697602301681372	210
0.0582815960188201	0.588315347493659	2452
-0.0165810219722899	0.851953455829327	210
0.0340394312007899	2.33442690014575	110
-0.0218964692744501	1.0268660615844	334
-0.0920769500207499	1.61922554926853	1322
0.0210253696929401	0.672212767105148	5415
0.0130139378829	0.73980439910164	32
0.06147226574384	0.608565543854246	530
0.0113168370686501	0.734779276206035	27
0.00920508624076	0.708776960505162	673
-0.0302401009578299	1.1784304339931	673
-0.01125422175615	0.855937024969947	673
0.00986922515735	0.719070043588214	187
-0.01591129905407	0.921104209052319	132
0.0993863885293	1.20772616128883	897
-0.0494738140458	1.34859203538446	210
0.0106173208729501	0.695449529793129	298
-0.02031422477509	1.17179904646909	276
-0.01980533435365	1.01654139867352	110
-0.0191641321219	0.840637391160984	32
-0.11837744301422	1.40036788247901	1853
0.00891668950697011	0.720228398276574	27
-0.04438151841421	1.18851264579317	673
0.00267223597606003	0.684284668862338	1665
0.0951687612793899	1.18236936234043	187
0.0765211741002201	1.41455284259484	849
-0.0160483860490099	1.11123938486512	849
0.01186768834106	0.689451119463823	132
0.0717093265458599	1.23884936974613	342
-0.03326852778109	1.19455489694033	342
0.0997196782835099	1.23161654327267	342
0.0582815960188201	0.588315347493659	110
-0.01312050439387	0.870391117081159	2458
0.0124769329672301	0.703973068283957	87
0.06147226574384	0.608565543854246	35
0.0643744238203801	0.618123110095228	35
0.0180614897467899	0.71272459725209	35
0.0158628717443601	0.700033235085568	1322
0.00932578501292003	0.683477752428579	1516
-0.0962359495185301	2.15899061385912	27
-0.02231366231832	1.01341395534518	187
-0.1146091158848	1.24895270358067	849
-0.0441559530165101	1.34911863117366	185
0.0606338280257599	1.47803730140966	342
0.0750717169946999	1.37338894065832	342
0.10192016845378	1.1689224793363	342
-0.01720582876544	1.01603257104226	342
-0.00868445379130001	0.868535834989675	298
-0.0106177205173901	0.866257249525985	290
0.0562977971816601	1.46388143666706	110
0.10892154314186	1.22966768277732	5319
0.01082086026106	0.71277476751038	240
0.06147226574384	0.608565543854246	4262
0.06728798377865	0.593090078305361	1404
0.00816731990536002	0.717381511893217	132
0.0613915060103301	0.591587161243202	132
-0.0243054703150301	1.16194627457862	185
0.06534198003685	0.599148545689121	185
0.01672476956517	1.78633392049577	1164
-0.0159824953757	0.815179881609037	1164
0.06147226574384	0.608565543854246	210
-0.11847606165512	1.26402622806003	342
-0.03558444248193	1.15327034050463	342
0.00646225708653003	0.686356485498824	110
0.0695561274417	1.33163658363104	6387
0.10164306989025	1.20205530221197	35
0.00796325773834994	0.716128290121217	35
0.00700893426886995	0.705779180003894	3
-0.00918982256541989	2.08847348712705	588
0.05432539034011	2.15088649531067	342
-0.10785520742024	1.56455331236737	342
-0.0228854560249401	1.03169402630938	35
-0.01125422175615	0.855937024969947	1322
-0.03765252134206	1.34045647449936	824
-0.0141365188682501	0.856005211393035	240
0.06340633790752	0.593211047439799	3
0.06534198003685	0.599148545689121	1404
0.0605085379586901	1.52587639622465	27
0.0643744238203801	0.618123110095228	849
0.0979910120330501	1.1088175439853	185
-0.02562324024977	1.18785896044529	1164
-0.0313391790656701	1.18949477584924	1164
-0.01536724835033	0.844093172719436	342
-0.0121394780940101	0.843107129542291	342
0.0156325421491701	0.691331897183166	298
0.08161297944611	1.37997069308568	298
0.00500275856784005	2.13942731616985	110
0.0626941290716701	1.51073227868591	2582
-0.12138604838612	1.22895359312526	35
-0.04106013654952	1.53824521466356	35
-0.04101022488471	1.3100269951295	519
0.0253886496043001	0.644841172710384	824
-0.10135276083016	1.33088162317593	240
0.10116126876591	1.19183599030353	27
-0.0259586368628	1.28896115415929	27
-0.0180892162405699	0.792207966388193	58
0.06623526001581	0.579547723010784	2209
0.0633212595661601	0.614983346052817	849
-0.10701376202042	1.64956055165905	3082
0.0642899230904901	0.596233798709692	210
0.0563447856430099	0.584947989934065	2505
-0.0232892560524001	1.01863844473801	342
0.06534198003685	0.599148545689121	1064
-0.0183527309349201	1.02024223001149	110
0.0126044147767399	0.70888947383478	290
0.0760985142064601	1.39634157043602	334
0.0613915060103301	0.591587161243202	35
0.06340633790752	0.593211047439799	35
0.06542650623628	0.612599401820178	226
-0.12317202675695	1.29465743113605	27
0.03835554106644	1.50963025444203	27
0.0643744238203801	0.618123110095228	27
0.06340633790752	0.593211047439799	27
0.0633212595661601	0.614983346052817	58
0.0593640112314899	0.604419398142513	58
0.00796325773834994	0.716128290121217	615
-0.0125463663680101	0.860010083167144	132
0.06825134024419	0.57610225589685	101
0.0613915060103301	0.591587161243202	1215
0.01004061868738	1.89768051866995	110
-0.11647426503377	1.24645115464637	290
-0.01161169052378	0.852218104211741	334
-0.04412557946722	1.34287594704746	519
-0.01002322057653	0.814492095885549	32
0.0163726937669499	0.718386534443841	3
0.0727085272729	2.01405462813396	27
-0.0235964331398699	2.07908510232164	27
-0.0350805896464299	1.42825938642339	673
0.01047398822108	0.668346122907469	849
0.0572329133468601	0.572662928255205	897
-0.02079880014545	1.00689298789336	101
-0.02850583074816	1.20199436381601	185
0.0132208576757	0.732496897024723	210
0.01933175197509	0.689967993695177	210
0.0120624631094199	0.737759376900683	1215
-0.0125463663680101	0.860010083167144	745
0.00511405992928005	0.69090002216808	5717
-0.0137791308422199	0.858067756419343	270
0.06041866978774	0.610006844551424	334
0.00751531590035004	0.724568028643485	35
0.05739171964478	0.583685732032452	957
0.06349542356393	0.582800490172654	240
0.05928333299222	0.56931930957308	3
0.0148339293876401	0.678981256473296	1604
-0.11974474473459	1.41638464458405	3013
0.06728798377865	0.593090078305361	4636
-0.01540706067341	0.825516591130795	4636
0.10176966697767	1.16080377153318	673
0.0750717169946999	1.37338894065832	58
-0.0239217771917	1.02586093526657	187
-0.0228854560249401	1.03169402630938	893
0.0163726937669499	0.718386534443841	897
0.06147226574384	0.608565543854246	1387
0.01470786186503	0.710564081401421	1164
-0.0329775287609899	0.880867244926935	1164
0.0593291809974199	0.591170142954943	342
-0.0205102471799801	0.970218293944444	334
-0.03368184732951	1.19056896709161	334
0.06534198003685	0.599148545689121	35
0.06542650623628	0.612599401820178	32
0.06033794820574	0.586411525643316	240
0.0652702655347701	0.558410965108669	3
0.0703512677786999	0.562215820690454	3257
0.00825690538169011	0.7068864775383	73
-0.0394561330850101	1.09805013899166	673
0.01785216428114	0.697602301681372	849
-0.0235374104089101	0.948139549748463	849
0.0128237760402501	0.681921092378885	893
-0.0288373440018299	1.43709993704977	326
0.06147226574384	0.608565543854246	83
0.0152127113051601	0.715455757589842	1387
0.0130139378829	0.73980439910164	1387
0.0955117385417099	1.22616058246441	185
-0.11871047053571	1.50628365320392	210
0.0613915060103301	0.591587161243202	745
0.0947536146297601	1.17293083509631	87
-0.0109783556035301	0.854435444825354	35
0.06129671746841	0.574642001655142	35
0.00942153846578009	0.722401275607434	35
0.0642899230904901	0.596233798709692	957
0.06542650623628	0.612599401820178	957
0.06340633790752	0.593211047439799	962
0.00700893426886995	0.705779180003894	408
0.0593640112314899	0.604419398142513	631
-0.0191784511916	1.09014901000079	673
-0.0281210300291399	1.16272368224792	673
-0.0355890005072499	1.68125393707768	2403
0.02127475512511	1.83499541465326	1387
-0.0187792034747201	0.99015641319243	185
0.12449894433791	1.01563081224249	185
0.0574705148550201	0.575256772311635	1164
0.0403250860676501	1.5445738119806	1164
0.06728798377865	0.593090078305361	342
0.0563447856430099	0.584947989934065	745
-0.02190843820544	1.00846166823389	1115
-0.0143459678033699	0.871618952378667	270
-0.11635886432646	1.66395747964092	298
-0.0169356419967901	0.868911793806971	290
0.06623526001581	0.579547723010784	290
0.00416524821400999	0.687150071443609	110
-0.0346532652712099	1.17662160648688	35
-0.02296052091317	0.796380666153606	35
0.05733271948467	0.563962076176424	3
0.06340633790752	0.593211047439799	3
0.06349542356393	0.582800490172654	2626
0.0122693029330201	0.736813272833165	27
0.00816731990536002	0.717381511893217	27
0.06542650623628	0.612599401820178	58
0.00846489243790005	0.726561423807801	58
-0.01277701268411	0.874242019353507	897
0.05825540046054	1.47934096780748	1387
-0.0124830066003701	0.881181970125057	1164
0.06147226574384	0.608565543854246	1164
0.06639295387207	0.594083958118044	745
0.0154222312500101	0.719341038461645	1056
0.06041866978774	0.610006844551424	290
-0.00965762435429007	0.828548175470061	290
-0.0232892560524001	1.01863844473801	87
0.0142953495725799	0.684689631348532	807
0.06147226574384	0.608565543854246	957
0.0625247926286401	0.600435015177839	3013
0.0602931171537799	0.592350106122282	673
0.0676003753776999	1.46703913327533	58
-0.0122120009231099	0.83775650205616	58
0.0633212595661601	0.614983346052817	5359
0.0543263769195901	0.578725673235048	5359
-0.00742874352305001	0.80938293194667	2403
-0.10857176910483	1.44016868993163	1387
0.06357624394956	0.58106390152894	210
0.06639295387207	0.594083958118044	342
-0.02485315229418	0.947473159208595	210
0.06340633790752	0.593211047439799	270
0.06147226574384	0.608565543854246	270
0.0644844430780101	0.555327372148863	270
0.0703512677786999	0.562215820690454	290
0.0771159450111001	1.35088662205647	35
-0.0166241169517001	1.01885681329405	27
-0.0264083973278999	0.754166028225115	58
0.01674343174545	0.677733684606275	187
0.09217614501787	1.1318818510109	83
0.06639295387207	0.594083958118044	897
0.0735692221881501	1.35155104976525	185
-0.02193663830246	1.02900749322418	185
-0.00237375803087003	0.812614973494156	342
0.06041866978774	0.610006844551424	342
-0.02387335348886	1.03054455865247	342
-0.02173016648198	1.01625064345201	745
-0.01184573882794	0.875821973022754	1056
0.0593291809974199	0.591170142954943	1056
-0.01623174917655	0.814760401061963	1056
0.06623526001581	0.579547723010784	270
0.0613915060103301	0.591587161243202	2894
-0.01636570403531	0.981091184506146	87
-0.11985563610869	1.35265457321391	87
0.00825690538169011	0.7068864775383	35
0.0572329133468601	0.572662928255205	408
0.06728798377865	0.593090078305361	32
0.0103634645494499	0.72555161132246	3
0.06226702000546	0.59760797927366	1875
0.0919312292479599	1.15258394270873	5359
-0.04117995203424	1.64771790265145	326
0.0972274825484201	1.18826063529835	83
-0.0305741286368499	1.42991726225722	1387
0.08686497830723	1.36488757822884	101
-0.0117619958109301	1.98825237939131	185
-0.01623174917655	0.814760401061963	342
-0.0169356419967901	0.868911793806971	342
-0.02387335348886	1.03054455865247	745
0.0148339293876401	0.678981256473296	270
-0.0216662891196699	0.836033029036712	298
0.0513052597392201	0.549867316455028	290
0.10636159159412	1.22285817135637	347
0.00772440077893011	0.705767625382144	240
0.00986922515735	0.719070043588214	1006
0.04009565195186	1.61827530923531	27
0.0106265554441201	1.87544538038471	284
-0.0293862711542801	1.32217369671635	187
0.10196507541059	1.94988093511796	849
-0.08899959005115	1.83506697370854	893
-0.00775203311127992	0.867255792580533	463
-0.02387335348886	1.03054455865247	897
0.0779555611773599	1.36415553756488	897
0.06244399995416	0.590281494815779	101
0.06534198003685	0.599148545689121	1387
0.0633212595661601	0.614983346052817	2593
0.0513052597392201	0.549867316455028	35
0.0592466517154899	0.589487289204729	35
0.00721290209143	0.713310891105617	32
0.0234767672938501	0.658542397825084	240
0.05838953532209	0.580688152007467	1549
0.10543256142262	1.22796939608725	27
0.0594452962677301	0.585760739970461	3033
-0.05534933941882	1.6111095792329	284
-0.11590728196946	1.4230325582515	58
0.0111100807153	0.728454130006173	58
-0.0305960402754799	1.32579741714799	187
0.0939443790671599	1.16744681078475	325
0.00341888433818993	0.703635927071053	298
0.00552191139995006	0.681427830541802	270
0.00587295070286009	0.662085739092427	347
0.0623520647057301	0.590348047090132	35
0.06041866978774	0.610006844551424	75
0.00986922515735	0.719070043588214	32
0.0543263769195901	0.578725673235048	987
0.06349542356393	0.582800490172654	5055
0.00531758724835996	0.706515306091219	893
0.06534198003685	0.599148545689121	463
0.00825690538169011	0.7068864775383	463
-0.0247082945635799	1.19158627677469	5585
0.0105709269644401	0.70595301906272	1387
0.0633212595661601	0.614983346052817	210
0.00721290209143	0.713310891105617	342
-0.0278099262282201	0.984660181473849	342
-0.01443470950103	0.840203630122309	342
0.0821531597805601	1.37572027953699	298
0.11157146767146	1.81454348098206	87
0.0111100807153	0.728454130006173	35
0.05642355803702	0.582529775776723	3
0.0613915060103301	0.591587161243202	1549
0.0583082965247199	0.585951608020247	124
-0.02763318954915	1.03408940864849	187
0.01711256773879	0.721174543860265	5585
-0.00902219935845006	0.861990204602521	185
0.06542650623628	0.612599401820178	342
0.00751531590035004	0.724568028643485	1265
0.0105709269644401	0.70595301906272	2593
0.0643744238203801	0.618123110095228	35
0.0625247926286401	0.600435015177839	35
0.0594452962677301	0.585760739970461	35
0.06825134024419	0.57610225589685	408
0.0643744238203801	0.618123110095228	557
0.0643744238203801	0.618123110095228	3
0.00846489243790005	0.726561423807801	3
0.06542650623628	0.612599401820178	1684
0.0849375025324599	1.35360345115569	27
0.04600694863178	1.57987883458407	58
-0.02547548400254	0.993378644275831	187
-0.0311348999758301	0.9506508292393	83
0.0161631014020001	0.722145016404697	897
0.06728798377865	0.593090078305361	1387
0.0124769329672301	0.703973068283957	185
-0.02602961408982	1.00323980622714	342
0.0219816354383799	0.667793259777991	1265
0.0113168370686501	0.734779276206035	361
0.00796325773834994	0.716128290121217	4441
0.06135620446135	0.587426231279741	87
0.01785216428114	0.697602301681372	3042
0.06041866978774	0.610006844551424	240
-0.01002322057653	0.814492095885549	27
-0.0213250652205601	1.02561162310489	326
0.0643744238203801	0.618123110095228	1387
-0.01277701268411	0.874242019353507	342
-0.03142493884234	1.1581554616232	361
0.0643744238203801	0.618123110095228	361
0.0663241035881701	0.570725623555877	361
0.00625759353500999	0.703046683170568	298
-0.0210273152435501	0.838208123154638	942
0.0633212595661601	0.614983346052817	3196
0.00700894451518996	0.6842470825018	34
0.0594452962677301	0.585760739970461	35
0.0594452962677301	0.585760739970461	280
0.0130139378829	0.73980439910164	27
-0.0266423011158701	1.03528142341432	548
-0.11260966162996	1.3232361641582	58
0.0934350915960001	1.1852521161127	185
0.01711256773879	0.721174543860265	1164
-0.03264459967217	1.31456921127065	342
0.0113168370686501	0.734779276206035	361
0.0111100807153	0.728454130006173	298
0.01470786186503	0.710564081401421	1675
0.05424766592018	0.563140778604807	2593
0.0633212595661601	0.614983346052817	35
0.0120624631094199	0.737759376900683	35
0.00636053181143992	0.677448473829016	35
0.0593291809974199	0.591170142954943	35
0.0604999958741099	0.584499872770367	220
0.0633212595661601	0.614983346052817	3
0.0563447856430099	0.584947989934065	2527
-0.12466116761531	1.14222309289276	548
0.0798481953912	1.39334082197397	548
-0.11454087358753	1.41016713345285	83
-0.03326852778109	1.19455489694033	83
-0.01522027726646	1.01261464643353	185
0.00796325773834994	0.716128290121217	270
0.00626556850794002	0.700480241599344	1675
0.05928333299222	0.56931930957308	1675
-0.0121876541334001	0.8661517415593	35
-0.0394561330850101	1.09805013899166	35
0.00775998475371997	0.683168445359505	240
0.06534198003685	0.599148545689121	451
-0.02173016648198	1.01625064345201	548
0.10092030172355	2.28554896425661	548
0.06340633790752	0.593211047439799	27
-0.0413144262812499	1.46424933485347	326
0.06244399995416	0.590281494815779	6646
0.0604999958741099	0.584499872770367	316
0.06842849270537	0.557161027550548	35
-0.10690158537842	1.46622118994016	35
-0.0096930896507299	0.841139009605872	27
0.0642899230904901	0.596233798709692	58
0.0593640112314899	0.604419398142513	326
-0.0162383129333901	0.967741983131625	848
0.0642899230904901	0.596233798709692	5877
-0.0319755098206	1.14887533469316	5877
0.00741766206990002	0.690083942857657	298
-0.0182316655854999	0.834663597647303	2826
-0.0370970792899501	1.63194552807975	87
0.06825134024419	0.57610225589685	5387
0.10277862990072	1.13242757923599	548
0.0743224105687399	1.30112008120905	2587
0.0163726937669499	0.718386534443841	58
-0.00995561927904998	0.863242779113681	67
-0.0282172281558499	1.02236130974966	2708
0.01007346563013	0.7100092467473	83
-0.0150701414899601	0.866255220541524	1387
0.06244399995416	0.590281494815779	1164
0.0643744238203801	0.618123110095228	361
-0.0132023140851001	0.838689615976944	298
0.0115679691331001	0.689706297063665	1675
0.0124769329672301	0.703973068283957	209
0.0144708459462799	0.712703450377961	209
0.06534198003685	0.599148545689121	35
0.06147226574384	0.608565543854246	3
-0.0378905724516101	1.24722210703563	187
-0.0115248849046701	0.824689110750177	58
-0.117652711855	1.44727568195805	58
-0.01501078430284	0.845793849672636	58
0.0580918238861801	1.534662599577	83
0.00279459367242008	0.665503470706135	185
0.00846489243790005	0.726561423807801	1387
-0.11883710864663	1.09164606853407	185
0.00606196018478	0.689897599948616	4363
0.05739171964478	0.583685732032452	632
0.05838953532209	0.580688152007467	1484
0.0187997063066001	0.689877109506769	861
0.00246817160474011	0.693650648960579	298
0.0788841329098	1.38830061658125	298
-0.02249201317018	0.967387901312681	35
0.05928333299222	0.56931930957308	35
0.0643744238203801	0.618123110095228	209
0.06033794820574	0.586411525643316	35
0.0132208576757	0.732496897024723	75
0.01082086026106	0.71277476751038	1478
0.0582815960188201	0.588315347493659	75
-0.0162136002133499	1.01793809190079	27
0.06728798377865	0.593090078305361	795
0.0120624631094199	0.737759376900683	326
0.06728798377865	0.593090078305361	326
-0.09850496303322	1.60983773315163	326
0.10835129383662	1.22624937657306	6646
0.0643744238203801	0.618123110095228	185
0.06147226574384	0.608565543854246	361
0.0161631014020001	0.722145016404697	861
0.05537550987805	0.583784270938947	35
0.0144708459462799	0.712703450377961	220
0.0643744238203801	0.618123110095228	548
0.06073052494817	1.52343541021496	548
-0.0884362475538101	2.05359053421386	1874
0.10835129383662	1.22624937657306	3382
-0.12135713715132	1.25312008898175	1387
0.0613199218271001	1.49836002659926	1387
0.0593640112314899	0.604419398142513	342
0.00986922515735	0.719070043588214	4970
-0.02210659300941	0.737724293833264	35
0.0785435858367201	1.28165369121941	35
-0.0193446013481799	1.02868610658457	27
-0.0250352402743099	0.986801434252291	4703
0.0643744238203801	0.618123110095228	548
-0.02765298222952	1.29482896267786	187
-0.0469107490785601	1.45111264443831	58
-0.03676890860139	1.59817772603079	83
-0.03766120491031	1.1289237426587	83
-0.03037349329969	1.1776145759622	83
0.06135620446135	0.587426231279741	185
0.0583082965247199	0.585951608020247	1387
0.0958277205822999	1.15668018766819	185
0.06033794820574	0.586411525643316	4963
0.06623526001581	0.579547723010784	342
0.01711256773879	0.721174543860265	35
0.0602931171537799	0.592350106122282	35
0.06340633790752	0.593211047439799	35
0.06147226574384	0.608565543854246	709
0.0594452962677301	0.585760739970461	124
0.0407586628902501	1.32215177878104	27
-0.02506713577427	1.02402124427318	4703
-0.02224446776142	1.17664602907314	548
-0.03388710225283	1.12400273016306	3409
-0.02506713577427	1.02402124427318	326
0.00751531590035004	0.724568028643485	12
-0.0235638091564701	0.961637293068962	3086
0.05537550987805	0.583784270938947	2640
0.0602931171537799	0.592350106122282	342
-0.0313797516154299	1.1233877044142	298
0.0138783262511399	0.66266958439526	316
0.00995383764308011	0.684190119535143	2632
-0.0154265036654899	1.09062063981977	35
0.06041866978774	0.610006844551424	209
0.06244399995416	0.590281494815779	209
0.0643744238203801	0.618123110095228	35
0.0572329133468601	0.572662928255205	35
0.0626061851717501	0.559699367743339	709
0.0351352019290401	1.59506544361046	27
0.10660461787666	1.21809191563936	2351
-0.10559439855991	1.28814512361081	548
0.06534198003685	0.599148545689121	58
-0.0394614551407999	1.23828943494379	58
-0.01370770621658	0.866401773172136	326
0.05537550987805	0.583784270938947	326
0.06146822434994	0.569839622991961	185
-0.0332604491401101	1.34634999519112	185
0.0624284221839799	0.570932185202452	342
-0.0153568784468201	0.834768791514554	861
-0.00649427553926008	0.811714137659835	298
0.0113168370686501	0.734779276206035	316
0.1036325115569	1.22180452509349	87
0.0130139378829	0.73980439910164	34
-0.0181518996951699	0.838335678201585	35
0.06147226574384	0.608565543854246	35
-0.01757230658273	0.866581911126244	85
0.0481909655787201	1.45710362889639	27
0.0817310077878399	1.29649623264594	548
-0.01536724835033	0.844093172719436	187
0.0593640112314899	0.604419398142513	185
-0.0199727552498901	1.01340491945793	342
0.01082086026106	0.71277476751038	342
0.00700893426886995	0.705779180003894	65
0.0643744238203801	0.618123110095228	361
-0.01161169052378	0.852218104211741	298
0.05928333299222	0.56931930957308	209
0.0604999958741099	0.584499872770367	35
0.0604999958741099	0.584499872770367	220
0.06340633790752	0.593211047439799	220
0.0759803792992499	1.41089887930497	4703
-0.00995561927904998	0.863242779113681	4703
0.09986121012677	1.13075311425272	795
-0.0153469161939901	0.842548152527917	326
-0.0213338132840399	1.18241453032141	326
0.0552967655608001	0.579872912778297	185
0.0633212595661601	0.614983346052817	185
0.06586659548548	1.50355902948944	361
0.00436869103708992	0.707605310543544	361
0.00891668950697011	0.720228398276574	298
0.0750717169946999	1.37338894065832	298
0.00625759353500999	0.703046683170568	316
-0.01312050439387	0.870391117081159	317
0.03302876024315	1.77580057874188	6270
0.0604999958741099	0.584499872770367	209
0.0139645005676701	0.73544006362145	220
0.0593640112314899	0.604419398142513	85
0.06135620446135	0.587426231279741	27
0.00920508624076	0.708776960505162	548
-0.0269781104706399	1.17004883201385	548
-0.0294716890086699	1.20460173231081	326
0.06728798377865	0.593090078305361	185
0.05424766592018	0.563140778604807	185
-0.03728393397188	1.43572894801863	342
-0.0134804623111799	0.861244936573013	342
-0.01564984418189	0.85068748787667	298
0.06825134024419	0.57610225589685	298
-0.0279128898712699	1.09405409576079	316
0.0643744238203801	0.618123110095228	317
0.06147226574384	0.608565543854246	35
0.0623378061557101	0.568801504130337	35
0.0981431272203499	1.1844698156139	795
-0.0147944597468801	0.783937177502635	326
0.05739171964478	0.583685732032452	1550
0.0625247926286401	0.600435015177839	298
0.06534198003685	0.599148545689121	316
-0.11516826411154	1.65929249927153	317
0.0451935282479401	2.00304445116789	317
0.06340633790752	0.593211047439799	87
0.0114301635824301	0.686996395524903	5226
-0.01277701268411	0.874242019353507	220
0.0604999958741099	0.584499872770367	1673
0.00721290209143	0.713310891105617	1020
0.0683396127993201	0.592281316130891	185
0.0613915060103301	0.591587161243202	1386
-0.00782427630432991	0.839011204606858	87
0.0604999958741099	0.584499872770367	1230
0.09566167254346	1.22081773819973	34
-0.11252939213965	1.4719574655456	27
0.0506570682404399	1.5957550647618	614
-0.0358869874052601	1.39995189171436	614
0.0456960242095501	1.41935911793449	187
0.10070977701021	1.24072729047705	187
0.0406872140883501	1.63084030929055	58
0.0122693029330201	0.736813272833165	326
-0.02251867767662	1.03545007703282	326
0.00730917789754004	0.698449956448178	185
0.09459471994126	1.16283850492447	342
0.01164856006249	0.709785768416903	342
0.00920508624076	0.708776960505162	859
-0.0266078486549599	0.990646815341661	298
-0.04644645433013	1.56907739947632	317
0.0702443557948	0.552125753392425	87
0.10761937561174	1.20754208459641	1809
0.0594452962677301	0.585760739970461	35
-0.01850468694316	0.858828726660974	35
0.00883502706549999	0.660393972857471	35
0.10115874785745	1.15714533137176	35
0.0604999958741099	0.584499872770367	35
0.0613915060103301	0.591587161243202	220
0.01470786186503	0.710564081401421	27
-0.01514646972208	0.929592847162621	1561
-0.0128461182542201	0.863522371306864	326
-0.0356665504373901	1.30862606775051	326
0.0643744238203801	0.618123110095228	118
-0.0124830066003701	0.881181970125057	342
0.12303473461924	0.97586621874094	65
0.0582815960188201	0.588315347493659	1386
0.06739007766368	0.540705452991664	859
-0.0159414667494899	0.84703458211232	40
0.00436869103708992	0.707605310543544	316
-0.0231009177524	1.02378211757681	87
-0.00745350281898993	0.864389733377017	35
-0.0301510896697701	0.964630239736668	35
0.0633212595661601	0.614983346052817	35
0.06147226574384	0.608565543854246	1425
0.05537550987805	0.583784270938947	5910
-0.0473984404716501	1.78575268609944	27
-0.0492312742765899	1.76720362195732	548
0.0269245125708799	1.79926910759421	548
0.0402494252660099	1.64545439379912	1561
-0.03082623767378	1.26379419108675	326
-0.0362507600942501	1.42659447316589	185
-0.01411503325828	0.832445190378866	185
-0.0451653656922499	1.00788929388013	2640
-0.00868445379130001	0.868535834989675	298
0.05817700317048	1.50111129771073	2684
0.10543256142262	1.22796939608725	175
-0.00176813037559009	0.814679010947717	175
0.0663241035881701	0.570725623555877	712
0.07543188769162	0.521158709314185	4347
0.06341166721421	0.568130784041491	35
-0.0124830066003701	0.881181970125057	35
0.0582815960188201	0.588315347493659	1816
-0.0267900408698201	1.29265235271396	548
0.07845457061138	1.97094951562597	1561
0.06244399995416	0.590281494815779	118
0.05424766592018	0.563140778604807	118
0.0855018709201101	1.0192468233019	118
0.1134767761665	1.14277092460217	118
-0.1172708954105	1.23143667876313	185
0.00912084256064993	0.716241038125386	1386
-0.0248885913649699	0.775179821526213	2027
-0.12113391176276	1.44735842740119	1
0.06033794820574	0.586411525643316	1
0.00796325773834994	0.716128290121217	1004
-0.0124830066003701	0.881181970125057	35
0.06041866978774	0.610006844551424	35
-0.0295648156211601	0.980202776901861	35
0.00775998475371997	0.683168445359505	35
0.0593291809974199	0.591170142954943	35
0.0633212595661601	0.614983346052817	102
-0.12211524602205	1.37766911527243	326
0.05642355803702	0.582529775776723	118
0.0643744238203801	0.618123110095228	83
-0.12065255431255	1.41064408145566	83
-0.00489364078655008	0.817327842223867	23
-0.11049555814303	1.39902357307203	139
-0.0342066010154101	1.32979413428367	2027
0.0103634645494499	0.72555161132246	87
0.0113168370686501	0.734779276206035	35
0.0575171258485701	0.538177821019692	1425
0.06445953054409	0.588277566697379	4039
-0.02387335348886	1.03054455865247	342
0.0122693029330201	0.736813272833165	342
-0.0454270556769201	1.37060457497362	1386
-0.12136612035043	1.29645356988307	2027
-0.0281802187386	0.976261055843267	2027
0.0113168370686501	0.734779276206035	1621
0.11151366205329	1.74192561275372	40
-0.0162992063699301	0.842588933779108	35
0.06041866978774	0.610006844551424	220
0.06445953054409	0.588277566697379	411
0.0623520647057301	0.590348047090132	404
0.0633212595661601	0.614983346052817	404
-0.11785140830931	1.44945188915269	614
-0.10695178875016	1.7037853992127	614
0.0488021910408401	1.42255011594475	1561
-0.11820832069829	1.29454768455945	161
0.0594452962677301	0.585760739970461	83
0.00721290209143	0.713310891105617	1443
-0.11049555814303	1.39902357307203	185
-0.01698048388846	0.974133540789804	139
0.0982968197266201	1.17899176931382	342
0.00891668950697011	0.720228398276574	3950
0.06542650623628	0.612599401820178	1621
-0.02405361118945	1.01141874869255	175
0.0633212595661601	0.614983346052817	317
0.064368383938	0.569210663601677	87
0.00511405992928005	0.69090002216808	35
0.0779555611773599	1.36415553756488	35
-0.00237375803087003	0.812614973494156	35
0.0132208576757	0.732496897024723	411
0.06147226574384	0.608565543854246	220
0.06041866978774	0.610006844551424	1013
0.0141714968190401	0.721315132965811	1013
0.0594452962677301	0.585760739970461	1013
-0.03792153865115	1.50347241721206	614
0.11034802977992	1.20496537070404	83
0.06534198003685	0.599148545689121	83
0.0067734472521499	0.70388519955026	1157
0.0633212595661601	0.614983346052817	1621
-0.0134147775901201	0.879582006178494	1
-0.0240466445755001	0.975174005174348	1004
0.00912084256064993	0.716241038125386	1004
0.0615536276722599	0.577202155580126	35
-0.0217181106839299	0.981559150844907	35
0.06147226574384	0.608565543854246	35
0.0563447856430099	0.584947989934065	35
0.0625247926286401	0.600435015177839	1332
0.06534198003685	0.599148545689121	411
0.06041866978774	0.610006844551424	102
0.0613915060103301	0.591587161243202	605
0.01863467029218	1.91361297001492	548
-0.0417833104930501	1.22016743438636	168
-0.0299880085580699	1.3228411455357	326
0.0891764676598099	1.92714108016867	161
-0.0213250652205601	1.02561162310489	118
-0.0227925838552101	1.18006895435238	83
-0.0390226074981199	1.32966194875206	139
0.06728798377865	0.593090078305361	342
-0.0247082945635799	1.19158627677469	298
-0.02508736967303	1.02065087181448	87
0.12112243784826	0.958399667477028	1
0.0149141466848399	0.72414860286446	1004
0.0148339293876401	0.678981256473296	35
0.08933329837267	1.32147522138532	795
0.0826310642707	1.37616767107232	168
-0.0429614903559199	1.55752895266923	83
-0.0203353788363301	1.03051223009118	365
-0.10832036392269	1.32263352055495	2027
-0.00995561927904998	0.863242779113681	1621
0.0485614509010801	1.38769548594991	1
0.0154222312500101	0.719341038461645	1656
-0.0261723977475401	1.17810493940108	1004
0.10392847315648	1.16524716686437	34
0.0914473419322199	1.17810053540397	35
-0.0108884597290799	0.857829479902875	654
0.0623520647057301	0.590348047090132	1319
-0.0933562155160801	2.20380737986316	27
0.01238578444438	0.693109434251133	1561
-0.03117888696813	1.32146337873831	326
0.0257754533607599	1.8623850448101	326
-0.0465767566956401	1.55727348773928	83
-0.1138225798452	1.56978811334992	185
0.07186136312194	1.31515436318161	185
-0.02405361118945	1.01141874869255	185
0.05245230510657	1.43312284980963	365
0.00846489243790005	0.726561423807801	23
0.01375829011628	0.714520639631988	23
0.05487053401082	1.48831869121749	1386
0.01470786186503	0.710564081401421	1004
0.0613915060103301	0.591587161243202	1252
-0.00875897150997007	0.843683490369616	35
0.05537550987805	0.583784270938947	35
0.00868183613009999	0.701931062377126	1013
0.05739171964478	0.583685732032452	3537
0.0582815960188201	0.588315347493659	102
0.0113168370686501	0.734779276206035	102
0.0703495110610199	2.12962149171063	548
-0.11799020858095	1.64940265720381	548
-0.03819136758655	1.47500702083877	1561
-0.0393550910912901	1.44071136959352	326
-0.10787954607665	1.97526497881747	326
0.0111100807153	0.728454130006173	161
0.0139645005676701	0.73544006362145	2
-0.01127891318906	0.836637668464578	2
-0.0182921934970799	0.805491291720053	185
-0.0243198085090901	0.74570832808213	139
-0.0210273152435501	0.838208123154638	1656
-0.0468345315282299	1.38314550161352	1
0.0732607589357399	1.33383469571265	35
0.0624284221839799	0.570932185202452	35
0.0642899230904901	0.596233798709692	220
0.0543263769195901	0.578725673235048	1319
0.0398920419186199	1.61847259992146	548
0.04139795914719	1.65477815224806	326
0.04053866742708	1.58841514663195	392
-0.01269509258225	0.967724332575692	161
0.10054059565431	1.23565351484618	2
0.0593640112314899	0.604419398142513	2
-0.12092514639712	1.08767975808136	342
0.0643744238203801	0.618123110095228	2314
-0.03583455919281	1.31576831849429	40
0.0545961522191401	1.48565730956442	175
-0.00459411379233998	0.848237249223963	1453
0.0592466517154899	0.589487289204729	35
-0.01751161688281	0.848254418472306	411
0.06623526001581	0.579547723010784	411
0.06357624394956	0.58106390152894	247
0.0592466517154899	0.589487289204729	3537
0.0335579810800299	2.32549837089234	548
0.0604999958741099	0.584499872770367	795
0.0604999958741099	0.584499872770367	118
0.06041866978774	0.610006844551424	83
-0.0113584848927699	0.776490401567353	2
-0.0355443184403601	1.44088072046849	23
-0.0244576536462899	1.02760759713745	23
-0.0445480224633801	1.23904327340864	87
0.00646225708653003	0.686356485498824	1453
-0.00176813037559009	0.814679010947717	35
0.06033794820574	0.586411525643316	118
-0.03980444496716	1.28216674784248	365
-0.0401554873076699	1.28789249501704	139
-0.0515281010856301	1.73150474350901	139
-0.02224446776142	1.17664602907314	342
-0.02190843820544	1.00846166823389	2171
-0.0218275601568401	1.18124711145167	1
0.0592466517154899	0.589487289204729	2892
-0.01184573882794	0.875821973022754	1453
0.0642899230904901	0.596233798709692	35
0.06041866978774	0.610006844551424	411
0.0139645005676701	0.73544006362145	1319
0.0543263769195901	0.578725673235048	102
0.06534198003685	0.599148545689121	751
0.06410066099294	2.14931893167308	795
0.01021021427802	1.95338262188903	1561
0.00633202356252993	2.04969637691695	161
-0.0291922999986201	0.990430880681821	2
0.06320075332761	1.51446511121933	2
0.00166271862952994	1.5181947791192	448
0.08450357526672	1.37057870475652	448
-0.00179191712692006	1.83058862491179	448
0.0772636379718901	1.37802994204869	139
-0.02073448927729	0.839653253078016	342
-0.0249127047993201	1.01357921727869	23
-0.02799449747653	0.991580713338164	40
-0.0121876541334001	0.8661517415593	1255
-0.0169356419967901	0.868911793806971	35
-0.0178608292897899	0.809985876761294	411
0.0113168370686501	0.734779276206035	411
-0.01764161190701	0.793662838531246	411
-0.0258458878302901	1.00899196718152	326
-0.0159959053152301	0.80355926467397	326
-0.0385016765027599	1.30835189329807	161
0.10543256142262	1.22796939608725	448
0.01186768834106	0.689451119463823	448
-0.0143719560236999	0.81703842312637	448
-0.11950048190868	1.09142220336722	1169
-0.02763318954915	1.03408940864849	87
-0.02465905352168	1.18534742029724	1
-0.03720681866572	1.28472380786662	1004
0.0581990872926701	0.57377829641248	35
-0.00838700233281009	0.872450793127639	582
-0.0390226074981199	1.32966194875206	411
0.05537550987805	0.583784270938947	1319
0.0625247926286401	0.600435015177839	102
-0.0266078486549599	0.990646815341661	83
-0.04017974849488	1.68325171246908	83
0.06041866978774	0.610006844551424	1
-0.0143459678033699	0.871618952378667	87
-0.0303329390581699	1.32885837725362	291
-0.01980533435365	1.01654139867352	1
-0.00868445379130001	0.868535834989675	1004
0.06147226574384	0.608565543854246	411
0.10443788252598	1.22674810379152	411
0.06939014046272	0.578064425928216	102
0.00605372350443001	0.68296731901258	102
0.06534198003685	0.599148545689121	836
0.00751531590035004	0.724568028643485	3150
-0.0236630610964901	1.00195718397653	2
-0.01757230658273	0.866581911126244	139
-0.03905394990355	1.53344306212635	23
-0.0328542392187099	1.17507578800118	2618
0.04250172942731	1.69673634256258	291
-0.02190843820544	1.00846166823389	87
-0.01850468694316	0.858828726660974	1
0.05949924159217	1.55719497738257	1004
-0.0165810219722899	0.851953455829327	1004
0.06226702000546	0.59760797927366	35
-0.01025226345357	0.868198299257083	35
-0.0194364864360701	0.843621618648153	411
-0.0172986151318599	0.82364642813815	411
0.0643744238203801	0.618123110095228	359
-0.11997525449145	1.58606811130018	298
0.0986699942270901	1.84529953522328	298
-0.01636570403531	0.981091184506146	1
-0.0224801213950201	1.02396222029549	1004
-0.0405824810492099	1.25625165482803	35
-0.0089805569344501	0.833041378842971	35
0.06041866978774	0.610006844551424	411
0.064368383938	0.569210663601677	411
-0.01501078430284	0.845793849672636	1319
0.00825690538169011	0.7068864775383	102
0.06041866978774	0.610006844551424	112
-0.10891282068143	1.69654220531098	2112
0.02687689356547	1.72646617344486	421
-0.0014402769938	0.82015550155023	3070
0.0613915060103301	0.591587161243202	83
0.0176357102945399	0.670736836395373	83
0.01069214833827	0.703304099518684	83
0.00796325773834994	0.716128290121217	23
-0.03291378034874	1.12695926070264	23
-0.02581834214501	1.1229087272491	65
0.0592466517154899	0.589487289204729	291
0.0652702655347701	0.558410965108669	1
-0.0241606462063	1.19461908384902	152
-0.01564984418189	0.85068748787667	35
0.000428408311909934	0.810005688923865	35
0.01375829011628	0.714520639631988	35
0.09667717000945	1.17929388385141	411
-0.01850468694316	0.858828726660974	411
0.06737684818267	0.570027814694718	102
0.0604999958741099	0.584499872770367	102
-0.0106177205173901	0.866257249525985	5626
0.00796325773834994	0.716128290121217	102
0.0552967655608001	0.579872912778297	102
-0.00299373552595994	1.96200524907708	421
-0.12013030016539	1.0887345781094	392
0.00552191139995006	0.681427830541802	161
0.10994381597136	1.19679493813252	3070
-0.02432988286336	0.979485563119148	1537
-0.0304517394100501	1.17149692703154	40
0.0328807758959599	1.52502242814961	1
-0.0454718562593299	1.73163873595087	87
0.0122693029330201	0.736813272833165	1004
0.05596823518682	1.47285873736479	582
-0.02190843820544	1.00846166823389	1515
0.0165224125541601	0.667390791365577	411
0.00301058547172994	0.672719857166983	411
0.0563447856430099	0.584947989934065	102
0.0132208576757	0.732496897024723	102
0.01082086026106	0.71277476751038	102
0.01785216428114	0.697602301681372	102
0.05733271948467	0.563962076176424	2529
-0.0103452464736999	0.829412361487659	1561
0.0113168370686501	0.734779276206035	1524
0.09881385369149	1.22231689027732	2
0.11644282910979	1.81356808725623	2
0.0130139378829	0.73980439910164	1537
-0.02520797376242	1.17565679926959	139
0.06033794820574	0.586411525643316	298
-0.0379195289999199	1.2161784496341	87
0.05739171964478	0.583685732032452	291
0.0594452962677301	0.585760739970461	291
-0.0165810219722899	0.851953455829327	1
-0.11769526701479	1.24907078091766	1
-0.0288454622635901	0.937964997528556	35
0.05271229189539	1.52290902052979	35
-0.0208618649511201	1.17517363502769	35
0.08016270567234	1.3615270635753	75
0.06534198003685	0.599148545689121	411
-0.0135015893849699	0.830754722844189	359
0.00741766206990002	0.690083942857657	359
0.00912084256064993	0.716241038125386	2529
-0.00459411379233998	0.848237249223963	1561
0.0683396127993201	0.592281316130891	1524
-0.0232892560524001	1.01863844473801	1537
0.05441802243358	1.47977386519816	1977
0.0161631014020001	0.722145016404697	714
-0.00191998969856999	1.56569928869548	1
0.00788252482656993	0.661083820709603	87
-0.0231009177524	1.02378211757681	35
0.00912084256064993	0.716241038125386	411
0.0111100807153	0.728454130006173	102
0.0663241035881701	0.570725623555877	671
0.0158628717443601	0.700033235085568	1561
0.00740484250592011	1.93579920243998	1561
-0.0506593124399599	1.58015545025679	1561
0.08954435818498	1.9397236486346	392
0.0613915060103301	0.591587161243202	2638
0.05838953532209	0.580688152007467	876
-0.0178010848118499	0.834412285839855	161
0.0152127113051601	0.715455757589842	114
0.0613915060103301	0.591587161243202	139
0.0719058821589	1.91162055099221	342
-0.0121876541334001	0.8661517415593	1196
0.0967326707174601	1.19208645297206	1
0.05739171964478	0.583685732032452	1004
-0.0298241028815101	1.18060495952277	582
-0.10148210700035	2.04361169135605	5909
0.04581459858004	1.37270670868578	65
-0.0394021416269601	1.41888794119998	211
-0.02604813353502	1.18012165449572	1
0.06147226574384	0.608565543854246	1004
0.0643744238203801	0.618123110095228	1004
-0.0137857381381199	0.833222449540678	34
0.07276776109098	1.40224366667844	3866
0.00816731990536002	0.717381511893217	3311
0.10386710993661	1.24182928405249	411
0.0633212595661601	0.614983346052817	411
-0.0106177205173901	0.866257249525985	2624
-0.02704572770803	1.31080224187212	652
0.106082305922	1.12928838455864	5909
-0.00522727493878006	0.85311202035104	1561
-0.0382625090326101	1.30171454301865	392
-0.02993933045107	1.13911728119497	161
0.0128078053115701	0.712620596991427	83
-0.00808819953663997	0.854178288282848	139
0.0444159919315299	1.61618099841674	3612
-0.0265968643074601	1.18359004974459	1594
-0.027527320283	1.17343774523139	1
0.06041866978774	0.610006844551424	5514
-0.0172208094286499	0.841944511622497	1004
0.0126044147767399	0.70888947383478	582
0.0113168370686501	0.734779276206035	582
-0.0343692841932599	1.12568443186521	1342
0.0625247926286401	0.600435015177839	627
-0.0338498320256999	1.43768229840465	392
0.0130139378829	0.73980439910164	161
0.00912084256064993	0.716241038125386	1524
0.0581990872926701	0.57377829641248	114
0.06135620446135	0.587426231279741	114
-0.0291922999986201	0.990430880681821	1142
-0.00902219935845006	0.861990204602521	1142
-0.0281210300291399	1.16272368224792	23
-0.03150230755067	1.48117449742276	23
0.08733918466586	1.8051770716442	23
0.06041866978774	0.610006844551424	803
-0.0143459678033699	0.871618952378667	40
0.00891668950697011	0.720228398276574	87
0.0156325421491701	0.691331897183166	291
-0.0516626091252601	1.70654968730264	1
-0.0281210300291399	1.16272368224792	1004
-0.02498336803638	1.28862901087663	35
0.0114301635824301	0.686996395524903	411
0.00846489243790005	0.726561423807801	102
0.0643744238203801	0.618123110095228	112
0.06737684818267	0.570027814694718	515
0.05116458836173	1.61292843613253	161
0.0120624631094199	0.737759376900683	1524
0.06244399995416	0.590281494815779	83
0.06542650623628	0.612599401820178	6606
0.0615536276722599	0.577202155580126	291
0.07828862322439	1.32444913860615	1
-0.0281210300291399	1.16272368224792	34
-0.0285233100828399	1.3113828593261	1342
-0.0271457705994	1.17390340785888	1342
-0.0211468726134501	1.0047963404023	1561
0.0593640112314899	0.604419398142513	161
0.05739171964478	0.583685732032452	1
-0.0275392983493199	1.19247020808966	35
0.00816731990536002	0.717381511893217	1342
0.0111100807153	0.728454130006173	411
-0.00808819953663997	0.854178288282848	652
0.06033794820574	0.586411525643316	102
0.00942153846578009	0.722401275607434	627
0.0625247926286401	0.600435015177839	112
-0.03770266680637	1.53829346502889	161
0.00846489243790005	0.726561423807801	161
-0.02202801818879	0.809626299786888	161
0.00846489243790005	0.726561423807801	114
0.0643744238203801	0.618123110095228	2
-0.0141365188682501	0.856005211393035	2
0.09564119624604	1.89202204970614	432
-0.0296544384634501	1.25840618866408	1
-0.11503982291651	1.61583019655844	1
0.01069214833827	0.703304099518684	1
0.12480864322668	0.994033447345733	1
-0.0228854560249401	1.03169402630938	1
0.0625247926286401	0.600435015177839	1004
0.0756138425458699	1.36916160855039	35
-0.0432597270931301	1.19746084582076	35
-0.0153568784468201	0.834768791514554	831
0.00362303878734993	0.688009958981519	582
-0.1127746401285	1.53011992348216	1342
0.06147226574384	0.608565543854246	411
0.12419058398808	0.997101635515712	652
-0.0250421566644501	1.01029090927979	421
-0.0501890358805801	1.77993848310531	681
-0.00557491300959989	1.92593755841882	392
-0.0171607732413499	0.806505506096141	432
0.0577619107885701	1.54646758631286	432
-0.0248601634852901	1.02318333847538	139
0.0625247926286401	0.600435015177839	139
0.0124769329672301	0.703973068283957	23
-0.0256702162875899	1.30006915481532	804
0.0566572020362499	1.39973011306366	803
0.00846489243790005	0.726561423807801	1594
0.10079785495677	1.23821972411895	1594
-0.12278202410855	1.29897937757413	34
-0.0381731685656199	1.23617887527765	582
-0.0137791308422199	0.858067756419343	1342
0.0583082965247199	0.585951608020247	314
0.0103634645494499	0.72555161132246	102
0.06041866978774	0.610006844551424	627
0.06737684818267	0.570027814694718	627
0.0594452962677301	0.585760739970461	112
0.00891668950697011	0.720228398276574	1561
-0.0546623947695699	1.88521107432108	681
0.04036188990581	1.61287871775225	392
-0.11281031622897	1.50432633910204	392
-0.0280388223428101	1.02024374174237	1142
0.06639295387207	0.594083958118044	496
0.1002257663117	1.23469852306503	2
0.00511405992928005	0.69090002216808	139
0.0574185172948201	1.4873006222322	139
-0.0134147775901201	0.879582006178494	139
-0.11430002490681	1.22663931701191	804
0.0161631014020001	0.722145016404697	40
0.06147226574384	0.608565543854246	40
0.01152438504328	0.707831083168717	1
-0.01939166346246	1.02472719901873	34
-0.02763318954915	1.03408940864849	35
-0.01757230658273	0.866581911126244	550
0.0613915060103301	0.591587161243202	314
0.0613915060103301	0.591587161243202	102
0.0594452962677301	0.585760739970461	102
0.0594452962677301	0.585760739970461	102
0.06147226574384	0.608565543854246	112
-0.0378010877696999	1.6613065327547	392
0.10079785495677	1.23821972411895	161
0.0149141466848399	0.72414860286446	114
0.06728798377865	0.593090078305361	2
-0.12328461397434	1.33266466051369	211
0.0947536146297601	1.17293083509631	211
0.0714914034046501	0.504383314388131	1122
-0.0376975550152501	1.54893146633621	35
-0.0121876541334001	0.8661517415593	831
0.00920508624076	0.708776960505162	1342
0.06041866978774	0.610006844551424	102
0.0643744238203801	0.618123110095228	102
0.05838953532209	0.580688152007467	627
0.0583082965247199	0.585951608020247	112
-0.12462988913916	1.09551999485325	1146
0.1040831198958	1.23929397903551	161
0.00871332425912996	0.692693294174532	114
0.0543263769195901	0.578725673235048	83
0.05998315369168	1.4483988483535	298
-0.00745350281898993	0.864389733377017	298
-0.0235617532645001	1.16361298221278	1
0.06357624394956	0.58106390152894	991
0.0642899230904901	0.596233798709692	1004
0.00721263034107	0.688803879780654	550
0.0574705148550201	0.575256772311635	1342
0.0615536276722599	0.577202155580126	652
0.01334084753432	0.692288956764171	652
0.06147226574384	0.608565543854246	80
-0.06505877655272	1.78573772570597	2112
-0.0223756177758501	1.17168008624665	1146
0.06135620446135	0.587426231279741	114
0.01082086026106	0.71277476751038	2
-0.0266078486549599	0.990646815341661	23
-0.0178010848118499	0.834412285839855	1594
-0.01989549749093	1.16182232751598	298
0.0563447856430099	0.584947989934065	298
-0.01184573882794	0.875821973022754	1
0.0563447856430099	0.584947989934065	1122
-0.0231456920122699	1.17279731950256	1004
-0.0172208094286499	0.841944511622497	831
-0.0134411860246	0.811538148843013	1347
0.0604999958741099	0.584499872770367	121
0.05537550987805	0.583784270938947	627
0.0149141466848399	0.72414860286446	627
0.11826352167519	1.78404544805624	421
0.0731506351379001	1.29293059930506	1146
0.0132208576757	0.732496897024723	447
0.0593291809974199	0.591170142954943	2042
-0.0232892560524001	1.01863844473801	2042
0.00267223597606003	0.684284668862338	139
-0.02675405708332	0.764744242010449	804
-0.0392983647362399	1.27776209954779	804
0.09765092807362	1.23682441558024	211
-0.0172757361028899	0.838658573996053	211
-0.01908240708773	0.829468429580427	298
-0.01634168970852	0.834831117227316	6321
-0.01002322057653	0.814492095885549	1
0.06135620446135	0.587426231279741	1
-0.0311843238921601	0.978610550580258	1
0.00868183613009999	0.701931062377126	34
0.01375829011628	0.714520639631988	35
0.0633212595661601	0.614983346052817	1347
-0.0166241169517001	1.01885681329405	582
0.0643744238203801	0.618123110095228	121
0.0594452962677301	0.585760739970461	359
0.0563447856430099	0.584947989934065	652
0.06728798377865	0.593090078305361	102
0.00511405992928005	0.69090002216808	627
-0.02762774226547	1.41619425843979	421
0.02693289253117	1.83220633952856	421
-0.0159414667494899	0.84703458211232	114
0.0835393819707799	1.38171196150145	2
0.0122693029330201	0.736813272833165	2
0.07375403731675	1.29534881272132	2
0.00152500115165011	0.657802997261111	139
-0.01184573882794	0.875821973022754	298
-0.0227286635592101	1.16028965748161	645
-0.0156231839923	0.827426846915344	991
-0.0131804325085001	0.831351185821783	1004
-0.0105475599010001	0.849632814378228	1004
0.00246817160474011	0.693650648960579	1004
0.0603947449325399	0.586269149131321	831
0.0623520647057301	0.590348047090132	1347
0.00891668950697011	0.720228398276574	4986
0.00846489243790005	0.726561423807801	582
0.0643744238203801	0.618123110095228	121
0.0594452962677301	0.585760739970461	411
0.06542650623628	0.612599401820178	102
-0.10552765152549	1.49350814810764	421
0.00721290209143	0.713310891105617	681
0.0633212595661601	0.614983346052817	227
0.0132208576757	0.732496897024723	227
0.11108277036412	1.13961917871313	23
-0.0298817473913999	1.28740462775488	645
0.06534198003685	0.599148545689121	645
-0.0129199778033799	0.982225014916203	298
0.06340633790752	0.593211047439799	298
0.0103634645494499	0.72555161132246	1
0.0625247926286401	0.600435015177839	1
-0.00645946351178006	0.834988949627698	1
0.00619400329934994	0.655272147432118	1004
0.0111100807153	0.728454130006173	1004
0.05537550987805	0.583784270938947	35
0.0633212595661601	0.614983346052817	35
0.00436869103708992	0.707605310543544	119
0.0642899230904901	0.596233798709692	582
0.0613915060103301	0.591587161243202	121
0.06041866978774	0.610006844551424	36
0.06244399995416	0.590281494815779	411
0.06147226574384	0.608565543854246	55
-0.0146378198692401	0.850997308734229	269
0.06357624394956	0.58106390152894	5909
0.0806995813778799	1.39227641520129	421
0.00721290209143	0.713310891105617	681
0.0602931171537799	0.592350106122282	681
-0.0261194866418899	1.28788776196402	392
-0.0192270226043301	0.814250054111255	114
-0.0240946918941101	1.02555916971746	114
0.0593640112314899	0.604419398142513	250
0.00966577110509004	0.696480830505913	432
0.0722791748777001	0.546219501118653	432
0.0625247926286401	0.600435015177839	427
0.0122693029330201	0.736813272833165	804
0.01711256773879	0.721174543860265	804
0.06534198003685	0.599148545689121	804
0.00986922515735	0.719070043588214	211
-0.0312961343959699	1.11771750026163	211
0.0844447132099599	1.33124360980437	645
0.0613915060103301	0.591587161243202	645
0.00374903438885998	0.673046615620633	2341
0.00552191139995006	0.681427830541802	1
0.00751531590035004	0.724568028643485	1
0.06639295387207	0.594083958118044	4411
0.06534198003685	0.599148545689121	35
0.0633212595661601	0.614983346052817	4986
-0.0183698403511801	0.950078942200727	5909
-0.0186044003821999	0.907602389611569	3539
0.10900445748324	1.21055345713366	392
-0.00616073912891002	0.85053663111909	114
0.0962773656967499	1.16799859434758	2042
-0.00623980664061996	0.814095706555699	139
-0.11946285281545	1.15762753352346	645
0.06534198003685	0.599148545689121	645
0.0577463654406101	1.490137724457	298
-0.03030260909006	1.17728639069459	1
0.06737684818267	0.570027814694718	1
0.01690369300297	0.698462264048351	1004
0.0615536276722599	0.577202155580126	589
0.10807052958825	1.16540411679481	152
0.0663241035881701	0.570725623555877	55
0.0683396127993201	0.592281316130891	2009
-0.0460828272984	1.45265210409059	5909
-0.01530214358926	0.818135047384821	5521
0.08504304827244	1.36642112472778	3539
0.0126044147767399	0.70888947383478	392
-0.01786752075732	0.861118177611617	447
0.00868183613009999	0.701931062377126	114
0.05024068568686	0.545454871384581	114
0.0126044147767399	0.70888947383478	23
0.00871332425912996	0.692693294174532	2042
-0.0162066076779901	0.824741967782903	23
0.0651108676096901	1.50754169970509	227
-0.01155065439049	0.876796197105522	432
-0.0378166630078201	1.20709421051088	23
0.05537550987805	0.583784270938947	427
0.10322814731796	1.19157995909052	804
-0.02508736967303	1.02065087181448	65
-0.0200960151910401	0.841844452595814	211
-0.0266854155365199	0.973625972114907	211
0.00816731990536002	0.717381511893217	645
0.00751531590035004	0.724568028643485	645
0.06244399995416	0.590281494815779	1
0.0623520647057301	0.590348047090132	5278
-0.01469258699146	0.995858945423304	5278
0.01409939638779	0.661582110560098	1
0.0604999958741099	0.584499872770367	1
-0.0036605741214899	0.843509532767132	1
0.06147226574384	0.608565543854246	589
0.00912084256064993	0.716241038125386	589
0.0139645005676701	0.73544006362145	119
0.0156325421491701	0.691331897183166	4986
0.0643744238203801	0.618123110095228	36
-0.0156896799022701	0.997413914981403	421
0.0779555611773599	1.36415553756488	421
-0.0172347461323401	0.979453917585543	421
-0.0281210300291399	1.16272368224792	392
0.0835393819707799	1.38171196150145	5521
-0.01167643301851	0.970309979709422	392
0.0708443091547999	1.3872664538078	23
-0.0289787459800801	0.982878923290676	23
0.00920508624076	0.708776960505162	645
0.0244329946520001	0.658115138730847	645
-0.02506713577427	1.02402124427318	1
0.00986922515735	0.719070043588214	1004
0.00891668950697011	0.720228398276574	1016
0.06033794820574	0.586411525643316	152
0.06041866978774	0.610006844551424	119
0.06534198003685	0.599148545689121	152
0.0581990872926701	0.57377829641248	1347
0.06041866978774	0.610006844551424	1021
0.0633212595661601	0.614983346052817	582
0.0683396127993201	0.592281316130891	80
0.0602931171537799	0.592350106122282	80
0.0759803792992499	1.41089887930497	421
0.00511405992928005	0.69090002216808	161
0.05739171964478	0.583685732032452	1190
0.0676509928156599	1.4072181507032	227
0.06041866978774	0.610006844551424	227
0.00891668950697011	0.720228398276574	23
0.0613915060103301	0.591587161243202	23
0.12287164930311	0.913477322087338	804
0.0103634645494499	0.72555161132246	645
-0.02428759591078	0.952782707378183	1
-0.01161169052378	0.852218104211741	1
0.06542650623628	0.612599401820178	1
0.06739007766368	0.540705452991664	5278
-0.0147180830556299	0.84453686005397	1
0.05733271948467	0.563962076176424	1
0.00721290209143	0.713310891105617	1
-0.00616073912891002	0.85053663111909	307
0.0141714968190401	0.721315132965811	1004
0.06135620446135	0.587426231279741	119
0.0132208576757	0.732496897024723	1021
0.00891668950697011	0.720228398276574	582
0.01082086026106	0.71277476751038	121
0.0643744238203801	0.618123110095228	80
0.06041866978774	0.610006844551424	55
0.0602931171537799	0.592350106122282	1935
0.0398596765464201	1.55486958516238	421
0.04951773927578	1.39393017966434	681
0.0189555638830801	1.85380005537349	681
0.0663241035881701	0.570725623555877	392
-0.00868445379130001	0.868535834989675	392
0.06041866978774	0.610006844551424	447
0.06445953054409	0.588277566697379	114
0.01186768834106	0.689451119463823	250
-0.0209874857177501	0.933702477263127	227
0.00891668950697011	0.720228398276574	227
-0.01184573882794	0.875821973022754	229
0.00816731990536002	0.717381511893217	229
-0.0089805569344501	0.833041378842971	645
0.0120624631094199	0.737759376900683	645
0.0820357316197999	1.37340458101976	1
0.06728798377865	0.593090078305361	1
0.0563447856430099	0.584947989934065	119
0.06147226574384	0.608565543854246	80
0.01082086026106	0.71277476751038	55
0.06147226574384	0.608565543854246	55
0.0625247926286401	0.600435015177839	55
-0.0436977496600699	1.3371091530587	421
0.11041511341509	1.10551972449751	392
0.0583082965247199	0.585951608020247	250
0.06357624394956	0.58106390152894	1190
-0.03035861126371	1.12425670152585	227
-0.12453630771186	1.21835762867368	804
0.09459471994126	1.16283850492447	65
0.01690369300297	0.698462264048351	211
-0.03531751508278	1.30311911549434	645
-0.0124830066003701	0.881181970125057	1
0.0101609438313099	0.704900153505215	1578
-0.0146392185331701	1.01540819023052	307
0.06445953054409	0.588277566697379	119
0.0583082965247199	0.585951608020247	36
0.06033794820574	0.586411525643316	36
0.0633212595661601	0.614983346052817	55
0.0843252768996601	1.90996600484506	5909
0.0667564280152599	2.09661678129764	5909
-0.0229297556338699	1.0308135083012	114
-0.02925713402727	0.956339548167571	432
0.0819801055016301	1.36742684794831	23
-0.0109783556035301	0.854435444825354	211
-0.03878036494562	1.29866417972332	211
0.06340633790752	0.593211047439799	645
0.05538192918824	0.556454802265832	3823
0.06147226574384	0.608565543854246	152
0.0149141466848399	0.72414860286446	119
-0.02238443889841	0.786751819702974	36
0.06244399995416	0.590281494815779	36
0.06244399995416	0.590281494815779	1323
0.00891668950697011	0.720228398276574	338
0.01704354130398	1.7565743893046	421
-0.00745350281898993	0.864389733377017	421
-0.1038237024691	1.32969737301611	681
-0.0293385749236199	1.18884736476962	392
0.05962566361768	1.51197493481974	5521
0.0018396006205601	0.646746643142073	141
-0.0313515351582301	0.98710277003586	250
-0.01663934491576	0.868167095168477	227
-0.0351801495627999	1.12014416859731	432
-0.0118929049053	0.802312176233065	23
0.00796325773834994	0.716128290121217	427
-0.0309230642037801	1.15828817676569	427
0.10401518098113	1.17080649722045	804
0.0722258652222101	1.39863255743582	1
0.01859466540888	0.687464060361728	35
0.0139645005676701	0.73544006362145	36
0.0152127113051601	0.715455757589842	102
0.00796325773834994	0.716128290121217	102
-0.0232372109766401	0.80071894604851	80
0.0643744238203801	0.618123110095228	55
-0.03245002275828	1.48491716868001	392
0.0593291809974199	0.591170142954943	392
-0.02259750594157	0.827162971572252	392
-0.00679462798724995	0.840741428522125	447
0.00721290209143	0.713310891105617	447
0.0633212595661601	0.614983346052817	139
0.05642355803702	0.582529775776723	23
0.06855716273593	1.48155231809635	211
0.10128109674922	1.19607609541148	645
0.06825134024419	0.57610225589685	645
-0.0150701414899601	0.866255220541524	1
0.0633212595661601	0.614983346052817	1
0.06041866978774	0.610006844551424	1
0.01711256773879	0.721174543860265	1496
0.0683396127993201	0.592281316130891	119
-0.0213250652205601	1.02561162310489	119
0.0552967655608001	0.579872912778297	1323
0.06041866978774	0.610006844551424	338
0.00891668950697011	0.720228398276574	55
-0.11680258501622	1.21167812063725	5909
-0.0553888004744401	1.5860854673907	392
0.0111100807153	0.728454130006173	432
-0.11601235749329	1.25597119411188	432
-0.0323973365685	1.13751974062381	211
-0.02193663830246	1.02900749322418	645
0.0604999958741099	0.584499872770367	1
0.0613915060103301	0.591587161243202	1
0.0135185423633599	0.69238075938194	309
-0.02506713577427	1.02402124427318	309
0.0604999958741099	0.584499872770367	1
0.00341888433818993	0.703635927071053	1
0.00846489243790005	0.726561423807801	1
-0.0159414667494899	0.84703458211232	1496
-0.02074189407659	1.02851781467948	35
0.0111100807153	0.728454130006173	36
0.06244399995416	0.590281494815779	1805
-0.0143459678033699	0.871618952378667	102
0.0132208576757	0.732496897024723	338
0.06147226574384	0.608565543854246	55
0.0643744238203801	0.618123110095228	141
0.0633212595661601	0.614983346052817	141
0.00816731990536002	0.717381511893217	3905
-0.0271931544806401	0.974743760857918	1579
0.0593640112314899	0.604419398142513	432
0.00436869103708992	0.707605310543544	432
-0.117164498694	1.38895637090335	432
-0.10380451594043	1.50349789205743	432
0.0535866265024001	1.45823759525638	804
-0.12257626515243	1.3140461810985	211
-0.01025226345357	0.868198299257083	128
-0.0365592920656499	1.15013989760317	1
-0.02602961408982	1.00323980622714	36
-0.0124830066003701	0.881181970125057	2073
0.01658425151844	0.683775792428837	338
0.06329578909097	0.569886712575052	338
-0.0385983174176401	1.34044968171378	421
-0.0198021059629201	0.838457210211734	421
0.0642899230904901	0.596233798709692	141
0.06825134024419	0.57610225589685	3905
0.01082086026106	0.71277476751038	1579
0.0613915060103301	0.591587161243202	1579
-0.11476117173618	1.4764524179734	804
0.04828765249033	1.33302000648373	804
-0.0363540430659399	1.3372987685983	804
0.07903823287989	1.33868991763239	804
-0.12289025701214	1.31934479934397	804
-0.12257943813987	1.36250182874522	804
0.09766820167957	1.19797289591978	645
-0.03314210698138	0.965290612149198	2243
-0.0121394780940101	0.843107129542291	1
0.0624284221839799	0.570932185202452	6385
-0.0248601634852901	1.02318333847538	35
-0.01564984418189	0.85068748787667	36
0.00837217285402003	0.689089882655618	36
0.06454577034486	0.564893317260615	36
0.06340633790752	0.593211047439799	36
0.06445953054409	0.588277566697379	2073
0.0644844430780101	0.555327372148863	184
-0.01757230658273	0.866581911126244	55
0.0613915060103301	0.591587161243202	235
0.01233206123829	1.76598680213074	421
-0.11975457735377	1.62143294726424	6279
-0.11322300250627	1.60428211903999	443
0.01334084753432	0.692288956764171	681
-0.0106177205173901	0.866257249525985	1579
0.0609605400950599	1.54784880746033	23
0.01069214833827	0.703304099518684	23
-0.12495664024817	1.2896734389779	432
0.0633212595661601	0.614983346052817	23
-0.12133713734207	1.29297501369896	804
-0.0315337620677001	1.26822729878572	1
0.0643744238203801	0.618123110095228	309
-0.0149844603387099	0.861078177864688	309
0.00963872171356006	0.691884552219216	1
-0.0266078486549599	0.990646815341661	1
0.00891668950697011	0.720228398276574	36
-0.01687156676711	0.843387445119877	36
0.00321552949326009	0.677741707302397	36
0.06041866978774	0.610006844551424	338
-0.0240743838180699	1.01323729210092	55
0.0625247926286401	0.600435015177839	55
-0.0279570700098399	1.20510598107579	421
0.0583082965247199	0.585951608020247	392
-0.01184573882794	0.875821973022754	447
0.0122693029330201	0.736813272833165	1506
0.0613915060103301	0.591587161243202	250
0.0612628663471699	0.556505185692855	432
-0.0172208094286499	0.841944511622497	432
-0.03524615027654	1.43903015236015	804
-0.11277041113469	1.47251072452	65
-0.04056459494798	1.4061817159516	645
0.06542650623628	0.612599401820178	1
-0.0307663590612699	0.997925882606531	119
0.06147226574384	0.608565543854246	1653
0.0594452962677301	0.585760739970461	80
0.06825134024419	0.57610225589685	338
0.06639295387207	0.594083958118044	55
0.0571658549117899	2.1553222248271	5909
-0.0579734016848401	2.1034436272723	2361
-0.0367636093858099	1.44256148467722	421
0.10735828588009	1.22868681412814	681
-0.1186807060292	1.26401763629096	681
0.00837217285402003	0.689089882655618	945
0.00362303878734993	0.688009958981519	945
0.00341888433818993	0.703635927071053	447
0.06340633790752	0.593211047439799	432
0.00700893426886995	0.705779180003894	432
0.07849698454626	1.36001977840292	432
0.10179146773305	1.23570527553671	432
0.10989582393667	1.219010465145	329
0.10593613542146	1.21139903724125	23
-0.0466191804482601	1.20330133462326	65
0.0683396127993201	0.592281316130891	3390
0.000450054358769991	0.781374110842172	1226
0.0122693029330201	0.736813272833165	645
0.06041866978774	0.610006844551424	645
-0.0122452513976701	0.824229837560573	1
0.10728364784187	1.0844384080551	1496
0.06639295387207	0.594083958118044	1426
0.0945807302700299	1.1911086264519	36
0.0632367895670101	0.580180307340911	4041
0.06041866978774	0.610006844551424	5289
0.05739171964478	0.583685732032452	338
0.00986922515735	0.719070043588214	338
-0.0182142759236601	2.1030416301429	2361
0.12399241196095	0.976905791186453	3959
0.0582815960188201	0.588315347493659	141
0.0130139378829	0.73980439910164	447
0.0581990872926701	0.57377829641248	6630
-0.03111251948131	1.31519589312398	6629
-0.0191641321219	0.840637391160984	432
-0.04221654989197	1.28618742219285	432
-0.0401554873076699	1.28789249501704	65
0.0743224105687399	1.30112008120905	211
-0.01803276411835	1.1633680681856	1
0.01785216428114	0.697602301681372	1496
0.06147226574384	0.608565543854246	1496
0.00846489243790005	0.726561423807801	38
0.00837217285402003	0.689089882655618	119
0.09566167254346	1.22081773819973	36
0.0643744238203801	0.618123110095228	2096
-0.02948342400878	0.808977422084237	141
-0.0209063914153	1.01602723506452	945
-0.0327845943883001	1.12974642895871	945
0.0156325421491701	0.691331897183166	945
0.00891668950697011	0.720228398276574	183
0.05642355803702	0.582529775776723	1506
-0.0298162614615101	1.42121459730895	432
0.11479479826826	1.81298504723943	804
-0.01312050439387	0.870391117081159	65
-0.0309647234375701	1.117858891825	211
0.01375829011628	0.714520639631988	2243
-0.0250352402743099	0.986801434252291	309
0.02028936436462	0.693455396423081	309
0.0163726937669499	0.718386534443841	309
0.06329578909097	0.569886712575052	38
-0.01757230658273	0.866581911126244	1104
-0.0149844603387099	0.861078177864688	119
0.0144708459462799	0.712703450377961	119
0.01375829011628	0.714520639631988	36
0.06129671746841	0.574642001655142	80
-0.11319877712019	1.52681898606453	2361
-0.02739331302076	1.27029676525809	681
0.0606421113412201	1.47223842078475	681
-0.02722601260271	1.02353955408944	945
0.0633212595661601	0.614983346052817	945
-0.00719299474936008	0.815214818552142	447
-0.00868445379130001	0.868535834989675	660
0.06041866978774	0.610006844551424	6630
0.0922782587114199	1.11066612638194	23
0.10344427999633	1.21794170027819	1802
0.00986922515735	0.719070043588214	2243
0.00625759353500999	0.703046683170568	1
0.0934350915960001	1.1852521161127	225
0.0593640112314899	0.604419398142513	3438
0.06147226574384	0.608565543854246	38
-0.0152765776843899	0.855972009780277	119
0.0633212595661601	0.614983346052817	119
0.06534198003685	0.599148545689121	36
0.0584375610224099	0.576382220207233	21
-0.0224801213950201	1.02396222029549	681
0.10111199339495	1.25028945836862	681
0.06041866978774	0.610006844551424	251
-0.10671443317017	1.57901168305128	251
0.0163726937669499	0.718386534443841	23
-0.04377749342902	1.20424014597267	432
0.00966577110509004	0.696480830505913	2688
-0.0212094914426699	0.956121917081168	65
0.0633212595661601	0.614983346052817	65
0.0111100807153	0.728454130006173	4124
0.0593291809974199	0.591170142954943	3317
-0.0150701414899601	0.866255220541524	13
-0.01916988795363	1.02152216086375	13
-0.0128461182542201	0.863522371306864	1496
0.10236304253229	1.22077073151746	38
0.06349542356393	0.582800490172654	3121
-0.0140527729809701	0.868822189583474	119
-0.11590114637822	1.40811346951898	119
0.00986922515735	0.719070043588214	36
0.0135185423633599	0.69238075938194	36
0.06534198003685	0.599148545689121	55
-0.0211468726134501	1.0047963404023	55
-0.0290954864551301	1.14382861819864	681
0.04530860300618	1.32551987613906	681
-0.01850468694316	0.858828726660974	1807
0.0788841329098	1.38830061658125	4915
0.0114301635824301	0.686996395524903	447
0.0633212595661601	0.614983346052817	1694
-0.01687156676711	0.843387445119877	432
-0.0229551298867701	0.983195530417005	432
0.0722258652222101	1.39863255743582	1921
-0.04185501064447	1.26824929688356	65
0.10386710993661	1.24182928405249	1
0.000570328856529967	0.65864500688675	1182
-0.0268021457021199	0.960605181310802	3317
-0.0338188154058801	1.17446709318558	13
-0.0159414667494899	0.84703458211232	13
0.00646225708653003	0.686356485498824	119
0.0633212595661601	0.614983346052817	36
0.06639295387207	0.594083958118044	36
0.06534198003685	0.599148545689121	184
0.06825134024419	0.57610225589685	338
0.06147226574384	0.608565543854246	55
0.0259928314145399	1.61651589505661	421
-0.11820403992988	1.5855253263046	443
-0.02609422136082	1.19973919873476	681
-0.0228487685004499	1.18191233656908	681
0.10386710993661	1.24182928405249	4915
0.00796325773834994	0.716128290121217	447
-0.03765252134206	1.34045647449936	1582
0.0120624631094199	0.737759376900683	6632
0.01933175197509	0.689967993695177	23
-0.1186807060292	1.26401763629096	432
-0.11319877712019	1.52681898606453	432
-0.0276859149545401	0.751990680552334	432
-0.0269781104706399	1.17004883201385	23
-0.04195266794834	1.15761626629194	804
-0.0134752642934399	1.08756327306436	211
-0.02920735067384	1.01505246641426	1213
0.10121969963525	1.2322054623363	1
-0.0159414667494899	0.84703458211232	2243
0.06340633790752	0.593211047439799	1182
0.06341166721421	0.568130784041491	1182
0.01512121587424	0.697417305466805	1496
0.0642899230904901	0.596233798709692	1104
-0.0245461136915399	0.774401169115661	36
0.01152438504328	0.707831083168717	327
0.0139645005676701	0.73544006362145	55
0.0149341627571	1.76912705300307	443
0.0279670827868499	1.760420376118	681
-0.05787028075695	1.66732221932703	681
0.00942153846578009	0.722401275607434	447
-0.11218144110916	1.36273410126305	251
0.0683396127993201	0.592281316130891	251
0.00891668950697011	0.720228398276574	447
0.00626556850794002	0.700480241599344	23
0.0992182504300101	1.19012632126171	1921
0.0664381280299899	0.53973442783047	65
-0.02604813353502	1.18012165449572	1
0.0868059162849899	1.36761016018013	1
-0.00961629591099999	0.863059469626353	13
0.09615914349223	1.18881891679095	1496
-0.0272108474945501	0.972340639367537	13
-0.02049822354049	0.996041445909438	13
0.0594823032107401	0.558866590185223	36
0.0592466517154899	0.589487289204729	1452
0.0642899230904901	0.596233798709692	21
-0.0290284850946101	1.3163610800822	5909
-0.02210604542053	1.01542631901948	421
0.0508336432510199	1.61117805865644	681
-0.0435818947353599	1.26023832196242	681
0.06135620446135	0.587426231279741	681
-0.00616073912891002	0.85053663111909	447
0.0336814481238299	1.77189870158678	2148
0.0543263769195901	0.578725673235048	1
-0.02799449747653	0.991580713338164	1
0.0113168370686501	0.734779276206035	1496
-0.0193446013481799	1.02868610658457	1496
0.0613915060103301	0.591587161243202	36
0.06534198003685	0.599148545689121	55
-0.1156009269792	1.43824481215185	681
0.01108833407017	1.87598953528573	681
-0.00625822869578996	0.803583580220911	4915
0.0120624631094199	0.737759376900683	447
-0.02506713577427	1.02402124427318	23
-0.0473799684218801	1.82992345398606	23
-0.0304932579766499	1.26275356437186	1921
0.00891668950697011	0.720228398276574	2688
-0.0267003899611	1.24045314468223	2148
0.0693018553326901	0.575374858990599	4987
-0.0447715907564701	1.58222927411231	1
0.0163726937669499	0.718386534443841	1
0.06357624394956	0.58106390152894	309
-0.01501078430284	0.845793849672636	1496
-0.02700916490302	0.99498953402915	13
-0.01536724835033	0.844093172719436	749
0.00891668950697011	0.720228398276574	749
0.0643744238203801	0.618123110095228	36
0.0642899230904901	0.596233798709692	527
-0.0134147775901201	0.879582006178494	1452
0.06041866978774	0.610006844551424	338
0.07361084473568	1.36172266511034	421
0.06147226574384	0.608565543854246	681
0.01334084753432	0.692288956764171	162
0.01711256773879	0.721174543860265	1694
0.06542650623628	0.612599401820178	804
0.00891668950697011	0.720228398276574	1
0.0643744238203801	0.618123110095228	656
0.0740535328584999	1.40188581815119	13
0.0101567951574399	0.705280857825729	13
-0.02541417726318	1.30685396873525	13
0.01007346563013	0.7100092467473	103
0.0195530653925999	0.690928445934762	36
0.0130139378829	0.73980439910164	1078
0.0113168370686501	0.734779276206035	327
0.0625247926286401	0.600435015177839	327
0.00796325773834994	0.716128290121217	327
0.06147226574384	0.608565543854246	5743
-0.0327845943883001	1.12974642895871	21
0.0633212595661601	0.614983346052817	338
-0.09117765940255	2.18222418553125	2361
0.06908747768012	2.04393947674189	443
0.11973959548258	1.83461043328008	681
-0.0338313859196	1.40641309221898	681
0.10473475392864	1.14464435354462	681
0.04112600137878	1.59438235063674	681
0.06534198003685	0.599148545689121	447
-0.03231387211863	1.35467143351763	1582
0.00721290209143	0.713310891105617	1694
-0.0183527309349201	1.02024223001149	1694
-0.01546129443148	0.970661272127454	23
-0.0316827962505699	1.07148012512233	2333
0.0643744238203801	0.618123110095228	1213
-0.0199273235404001	1.01146526695441	1
-0.0165810219722899	0.851953455829327	656
0.06329578909097	0.569886712575052	38
-0.0447434717914399	1.51131567149791	13
0.05928333299222	0.56931930957308	119
-0.0200960151910401	0.841844452595814	1078
0.0205109069616301	0.686151965880946	338
0.0613915060103301	0.591587161243202	55
-0.00995561927904998	0.863242779113681	681
-0.11234268582084	1.47083474455802	162
-0.0236915248249601	0.973913610478263	162
-0.11918174461406	1.24396644644054	251
0.06647750026025	0.594280815081964	447
-0.0137791308422199	0.858067756419343	447
-0.0150701414899601	0.866255220541524	23
-0.0248601634852901	1.02318333847538	23
0.04909388512913	1.66351277778969	1
-0.0233408795222401	1.17050946910843	1
-0.0404116637818099	1.27182372092288	804
-0.0109583515293601	0.812119407585469	65
0.0594452962677301	0.585760739970461	309
-0.03478271838731	1.16766822036184	309
-0.0134147775901201	0.879582006178494	656
-0.0137791308422199	0.858067756419343	656
0.0694650254561799	1.24278492606928	13
0.0157889656574599	0.682370479821312	13
-0.12485543518827	1.07460546948541	1134
-0.0146378198692401	0.850997308734229	1496
-0.0149844603387099	0.861078177864688	103
-0.0294510112248201	1.407302226564	103
0.0625247926286401	0.600435015177839	119
0.0985779245476499	1.22538979618855	36
0.00741766206990002	0.690083942857657	1726
0.0132208576757	0.732496897024723	5743
-0.01784601346082	0.986124858314905	421
-0.03785667168795	1.53976827750868	681
-0.1151714882456	1.44574686246065	681
0.0615536276722599	0.577202155580126	447
0.06728798377865	0.593090078305361	447
0.06534198003685	0.599148545689121	23
-0.0321562879272299	0.97987102494436	804
0.10543256142262	1.22796939608725	65
0.06349542356393	0.582800490172654	1078
0.0683396127993201	0.592281316130891	378
0.06041866978774	0.610006844551424	729
0.0643744238203801	0.618123110095228	55
-0.0138527847341701	0.9632201466774	162
0.10840089274535	1.17101589619681	5651
0.0157889656574599	0.682370479821312	447
-0.01570580150387	0.863949742631649	4698
0.0821531597805601	1.37572027953699	1
0.0543263769195901	0.578725673235048	65
0.00626556850794002	0.700480241599344	656
0.0722791748777001	0.546219501118653	2800
0.10013826434486	1.24903176990542	1496
0.01082086026106	0.71277476751038	152
0.0113168370686501	0.734779276206035	6554
0.0602931171537799	0.592350106122282	378
-0.05947797811378	2.07475627821427	421
-0.0118207211399	0.844570443763233	681
0.00390686518810002	1.66147345044271	681
0.08063137607881	1.32871482747674	443
-0.0615122705548901	1.47172505915288	162
0.00751531590035004	0.724568028643485	1178
-0.11907546289294	1.10377531573188	1582
-0.01025226345357	0.868198299257083	1694
0.10013826434486	1.24903176990542	23
0.0775352758247301	1.36968180739077	1
-0.0244576536462899	1.02760759713745	2429
0.0130139378829	0.73980439910164	1
-0.0326838240499701	1.03030941973545	1
-0.01256788756572	0.814737222652277	1496
-0.01803276411835	1.1633680681856	38
0.06244399995416	0.590281494815779	13
0.0592466517154899	0.589487289204729	36
0.0683396127993201	0.592281316130891	21
0.01372870069523	0.686099967889348	23
0.00816731990536002	0.717381511893217	1
-0.00775203311127992	0.867255792580533	65
0.07936536766601	1.38376554371475	656
0.06825134024419	0.57610225589685	13
-0.0279534249525599	1.17543347164951	13
0.0113168370686501	0.734779276206035	13
0.0106173208729501	0.695449529793129	616
0.00436869103708992	0.707605310543544	378
0.06340633790752	0.593211047439799	21
-0.0125463663680101	0.860010083167144	447
-0.0089805569344501	0.833041378842971	1
-0.02604813353502	1.18012165449572	1605
-0.01277701268411	0.874242019353507	998
-0.0286229852408699	1.0265962393165	1
-0.0172208094286499	0.841944511622497	207
0.00816731990536002	0.717381511893217	13
-0.0182092002946199	0.837164003089588	38
0.0642899230904901	0.596233798709692	13
0.06147226574384	0.608565543854246	13
0.0652702655347701	0.558410965108669	36
0.06357624394956	0.58106390152894	36
0.06349542356393	0.582800490172654	55
0.00242481317784993	0.608490612846607	1178
0.0769447974328401	1.40370633026721	4698
-0.01687156676711	0.843387445119877	23
0.0986471751173601	1.23434515630165	1
-0.0250421566644501	1.01029090927979	1
0.00891668950697011	0.720228398276574	1605
-0.0373064439042301	0.873951836367647	1
0.05733271948467	0.563962076176424	1
-0.0341107822203901	1.28867262423354	998
-0.0121532568571101	0.976723352492481	2813
0.0623520647057301	0.590348047090132	4657
-0.0197525326766701	1.03344341480425	13
0.10344427999633	1.21794170027819	13
0.05537550987805	0.583784270938947	13
-0.0198021059629201	0.838457210211734	36
0.06534198003685	0.599148545689121	378
0.00606196018478	0.689897599948616	2459
0.0103634645494499	0.72555161132246	378
-0.12308218956028	1.27774679857726	443
-0.0257762377967099	1.30498180755392	162
-0.03150230755067	1.48117449742276	162
-0.0244576536462899	1.02760759713745	1
-0.0136943918275501	0.986344109134617	998
0.0130139378829	0.73980439910164	656
0.06534198003685	0.599148545689121	3551
-0.0197234181374799	0.798571531285485	633
0.10261206127008	1.86119942089076	421
0.00416524821400999	0.687150071443609	447
0.0402945421532399	1.52403624901548	2021
0.00170932384795996	0.785517802810606	2021
0.0756198073190599	1.30284888037986	1
0.10528786722396	1.23330042999176	804
-0.01267261853019	0.979410648117295	1
-0.0350805896464299	1.42825938642339	1605
0.01711256773879	0.721174543860265	65
-0.0258458878302901	1.00899196718152	309
0.00891668950697011	0.720228398276574	656
-0.0134804623111799	0.861244936573013	13
-0.02642394366134	0.984057360859523	616
-0.03551080115812	0.933783399890065	633
0.0122693029330201	0.736813272833165	378
0.06719972913054	0.563532709904846	1729
0.0152127113051601	0.715455757589842	378
-0.0162992063699301	0.842588933779108	378
0.06041866978774	0.610006844551424	729
0.0132208576757	0.732496897024723	729
0.0835393819707799	1.38171196150145	162
-0.00836263387282998	0.799719255949544	162
-0.0317546798698201	0.994447688336457	3863
0.0807491575677299	1.38170771956301	2021
0.0180614897467899	0.71272459725209	65
0.01082086026106	0.71277476751038	998
-0.02506713577427	1.02402124427318	13
0.06647750026025	0.594280815081964	13
0.05838953532209	0.580688152007467	13
0.0633212595661601	0.614983346052817	4207
0.0623520647057301	0.590348047090132	616
0.06534198003685	0.599148545689121	36
0.00796325773834994	0.716128290121217	729
0.00891668950697011	0.720228398276574	729
0.06041866978774	0.610006844551424	1435
0.00721290209143	0.713310891105617	55
0.00986922515735	0.719070043588214	421
-0.0201589246348799	1.01672392057771	447
0.0976107730229401	1.92567140104835	23
0.05561999061317	1.47126302306144	23
-0.02861732685626	1.31388878557641	2021
-0.03980870045284	1.08737086428593	2021
-0.0264657189987101	0.992245010461773	1609
0.0210253696929401	0.672212767105148	1
-0.0143719560236999	0.81703842312637	65
0.01082086026106	0.71277476751038	990
0.0755576566943901	1.41402606055875	207
0.0623378061557101	0.568801504130337	13
0.03549780941306	1.56623709244237	5636
-0.00961629591099999	0.863059469626353	633
0.05990691271392	1.15075429203243	421
0.05537550987805	0.583784270938947	2021
-0.10754373066785	1.48235529169519	1
0.00891668950697011	0.720228398276574	1
0.0613915060103301	0.591587161243202	1
-0.01025226345357	0.868198299257083	1
0.0625247926286401	0.600435015177839	13
0.0683396127993201	0.592281316130891	13
0.0615536276722599	0.577202155580126	13
0.0683396127993201	0.592281316130891	103
0.0882788282184599	2.39625908293138	421
0.06825134024419	0.57610225589685	1609
-0.01209250164052	0.995122707692769	1
-0.0282172281558499	1.02236130974966	309
-0.0160736425304	0.811187390482568	13
-0.0331316835314699	1.1764415713171	13
0.00721290209143	0.713310891105617	3926
0.0604999958741099	0.584499872770367	729
0.0120624631094199	0.737759376900683	421
-0.0333357595483199	1.13284203701523	447
-0.11993992320256	1.5806993349134	23
0.0126044147767399	0.70888947383478	3863
-0.0209184265709701	1.01319063869072	430
-0.01564984418189	0.85068748787667	1
0.0642899230904901	0.596233798709692	1075
-0.1097384284425	1.46593323683251	13
0.07132267595009	0.560831226713624	13
0.05537550987805	0.583784270938947	3551
-0.0089805569344501	0.833041378842971	421
0.02259709873071	1.87792505433845	162
-0.03905803850096	1.12416084988776	23
0.00788252482656993	0.661083820709603	143
0.06147226574384	0.608565543854246	1930
0.05838953532209	0.580688152007467	5463
-0.0218156744696201	0.73647703746567	1350
0.04581459858004	1.37270670868578	13
0.06534198003685	0.599148545689121	13
-0.12309116918949	1.22755182639579	5909
0.0594452962677301	0.585760739970461	421
0.0642899230904901	0.596233798709692	421
0.0623378061557101	0.568801504130337	447
0.06744283804034	0.577190342118938	447
0.0130139378829	0.73980439910164	1
0.0613915060103301	0.591587161243202	2702
0.06623526001581	0.579547723010784	13
-0.0380776169338199	1.33610775268127	38
0.0582815960188201	0.588315347493659	616
0.0658388095223299	1.52751540208775	443
0.00341888433818993	0.703635927071053	2805
0.0613915060103301	0.591587161243202	162
0.01238578444438	0.693109434251133	447
0.06244399995416	0.590281494815779	143
0.0594452962677301	0.585760739970461	896
0.0633212595661601	0.614983346052817	1075
0.06147226574384	0.608565543854246	5065
-0.01277701268411	0.874242019353507	38
0.0615536276722599	0.577202155580126	13
0.06041866978774	0.610006844551424	23
0.0831157950113299	1.38060670709712	990
-0.03142493884234	1.1581554616232	13
0.0593291809974199	0.591170142954943	3483
0.0643744238203801	0.618123110095228	103
0.0582815960188201	0.588315347493659	55
0.06147226574384	0.608565543854246	55
-0.0134147775901201	0.879582006178494	5280
-0.12107391636775	1.56044046682848	162
-0.12181090325281	1.32528042395973	162
0.10998273180886	1.19448016194585	447
-0.01501078430284	0.845793849672636	447
-0.02507426305057	1.18436132021346	1236
-0.0423968534574499	1.28346178819139	990
0.07936536766601	1.38376554371475	1328
-0.12367856061393	1.11167540412193	309
0.0146810823290899	0.692158511839575	13
0.0722258652222101	1.39863255743582	13
0.06147226574384	0.608565543854246	103
0.00606196018478	0.689897599948616	36
0.07132267595009	0.560831226713624	36
0.0643744238203801	0.618123110095228	1437
0.00267223597606003	0.684284668862338	425
0.06639295387207	0.594083958118044	55
-0.04405952502111	1.69427724079449	4031
-0.0280388223428101	1.02024374174237	443
0.09839494175785	1.13847237452904	447
0.10386710993661	1.24182928405249	143
0.0633212595661601	0.614983346052817	65
-0.0286744013242199	0.958377001799499	65
-0.0165810219722899	0.851953455829327	1
-0.01091388420476	0.871513378100749	1328
0.06341166721421	0.568130784041491	36
0.06349542356393	0.582800490172654	4743
0.00606196018478	0.689897599948616	109
0.06147226574384	0.608565543854246	333
0.06041866978774	0.610006844551424	1990
0.0154222312500101	0.719341038461645	447
0.06728798377865	0.593090078305361	447
-0.12367856061393	1.11167540412193	447
0.0067734472521499	0.70388519955026	1050
0.0642899230904901	0.596233798709692	1050
-0.0391191641301201	1.32941341672416	1930
0.0163726937669499	0.718386534443841	1
0.0563447856430099	0.584947989934065	4647
0.0582815960188201	0.588315347493659	333
0.00912084256064993	0.716241038125386	333
0.0188164725342099	0.666484388399147	21
0.0574705148550201	0.575256772311635	1798
0.0582815960188201	0.588315347493659	1236
0.05928333299222	0.56931930957308	1236
-0.02605879162875	1.02880513211553	1
0.00846489243790005	0.726561423807801	1
-0.0287258630374001	1.12361241157504	1968
0.0633212595661601	0.614983346052817	283
0.01152438504328	0.707831083168717	447
-0.0181969647418601	1.00646130535586	23
-0.00399099722447005	0.8261114051121	1
0.00966577110509004	0.696480830505913	1
-0.11759562504714	1.09447357430171	1
0.0945170039126699	1.21466015686613	1
0.0582815960188201	0.588315347493659	990
0.0908691698033	1.12647240231439	13
-0.0193446013481799	1.02868610658457	207
-0.0299016410278801	1.16811026365302	13
0.0987160157679301	1.18770052290586	1906
0.0593640112314899	0.604419398142513	109
-0.00552707678346009	0.845696021472765	2061
0.06147226574384	0.608565543854246	333
0.0552967655608001	0.579872912778297	333
0.06135620446135	0.587426231279741	21
0.0180614897467899	0.71272459725209	336
-0.11846640891229	1.48868762543078	6275
0.0940961004249301	1.20889852083427	162
0.0816662342695	1.36581735725814	162
0.0210253696929401	0.672212767105148	162
0.0563447856430099	0.584947989934065	447
0.0593640112314899	0.604419398142513	1236
-0.00586066213306991	0.843259582113316	13
-0.0181518996951699	0.838335678201585	109
0.01470786186503	0.710564081401421	205
-0.1134523258469	1.51102889970014	6275
0.06033794820574	0.586411525643316	447
0.00436869103708992	0.707605310543544	23
0.06534198003685	0.599148545689121	1
-0.0342066010154101	1.32979413428367	1
-0.01155065439049	0.876796197105522	1
-0.02073448927729	0.839653253078016	379
-0.12180932282433	1.25874851312177	379
0.0625247926286401	0.600435015177839	2061
-0.000384889344309913	0.655257141533639	205
-0.0373922706102501	1.24221742796689	2122
0.01699594235955	1.85725075531347	3186
-0.0922157339348399	1.70830638842337	1
0.06147226574384	0.608565543854246	1
-0.03874955237185	1.59232086425247	638
-0.03127918207006	1.32833042705703	13
-0.0291661965291401	0.972975016292272	2772
0.06542650623628	0.612599401820178	4788
0.06551163606404	0.571774247791024	21
0.0113168370686501	0.734779276206035	336
-0.0169356419967901	0.868911793806971	443
0.05538192918824	0.556454802265832	1236
-0.11262910542804	1.37533151538694	65
-0.0276492570285201	1.12996869549009	1
0.08371967541113	1.99924473463223	207
-0.02248729131065	1.2877457064742	13
-0.0271906591281801	1.17670654901495	13
-0.02073448927729	0.839653253078016	1933
0.00846489243790005	0.726561423807801	109
-0.04387326925566	1.58938429836964	5280
0.0197561787639899	0.670211231584612	6631
0.0613915060103301	0.591587161243202	447
0.0593640112314899	0.604419398142513	23
0.10037753262862	1.2189559431081	3186
0.08803282047391	1.3092958912636	2257
0.0686441290990301	1.2590377955809	2257
0.0142614019570899	0.694963439427548	1
0.0604999958741099	0.584499872770367	131
0.0593291809974199	0.591170142954943	379
0.00912084256064993	0.716241038125386	379
0.10079785495677	1.23821972411895	6514
0.0106173208729501	0.695449529793129	21
0.0625247926286401	0.600435015177839	336
0.06041866978774	0.610006844551424	6844
-0.0288490823265799	1.42715731612253	2122
-0.11507074820057	1.6147950570351	1
0.06542650623628	0.612599401820178	1
0.06340633790752	0.593211047439799	379
-0.0134147775901201	0.879582006178494	379
0.0751963000345901	1.33722559266632	2183
-0.0329657855440499	0.932740897995053	207
0.0722791748777001	0.546219501118653	350
0.00846489243790005	0.726561423807801	13
0.0633212595661601	0.614983346052817	2772
0.10650610354022	1.19726306523478	616
0.0594452962677301	0.585760739970461	2398
0.00932578501292003	0.683477752428579	21
0.05642355803702	0.582529775776723	336
-0.03746180006141	1.47946058736461	3186
-0.03911055613951	1.6869657239346	1
-0.1150323194769	1.55876007371085	1
0.00986922515735	0.719070043588214	3215
0.00796325773834994	0.716128290121217	379
0.05537550987805	0.583784270938947	2468
-0.03078954973376	1.19255468403428	13
-0.0234694323095399	1.02875523287468	13
-0.0413233528356201	1.08574404074986	13
-0.0289226887531799	1.20773298010395	103
0.00825690538169011	0.7068864775383	109
0.0633212595661601	0.614983346052817	21
0.05739171964478	0.583685732032452	367
0.0437460977819799	1.60560067540979	322
0.00846489243790005	0.726561423807801	1559
0.0592466517154899	0.589487289204729	1554
0.0625247926286401	0.600435015177839	430
-0.0143719560236999	0.81703842312637	2265
0.0366508784418	1.55613267720596	1
0.06534198003685	0.599148545689121	2468
-0.0231009177524	1.02378211757681	350
-0.0233181264907301	0.791855414452372	6305
0.0722258652222101	1.39863255743582	3018
0.0113168370686501	0.734779276206035	287
0.10351282836025	1.22502469325531	283
0.00226490820989	0.656994770399657	109
-0.01751161688281	0.848254418472306	367
0.06542650623628	0.612599401820178	21
0.0124674716839199	1.99996388271688	5909
0.0642899230904901	0.596233798709692	6844
0.06147226574384	0.608565543854246	1559
0.0613915060103301	0.591587161243202	1554
0.0623378061557101	0.568801504130337	447
0.06623526001581	0.579547723010784	23
0.0154222312500101	0.719341038461645	1236
0.05838953532209	0.580688152007467	430
0.0629668512150601	1.47996428009838	430
-0.0355007285521101	1.34529395639401	2265
-0.02769485252175	1.15011160535655	1
-0.0242757427320699	1.01147621048459	1
-0.11936460936178	1.20340248993196	1
0.0154222312500101	0.719341038461645	1
0.00511405992928005	0.69090002216808	96
0.0755576566943901	1.41402606055875	1
-0.03700137439297	1.59299017510686	656
0.10121969963525	1.2322054623363	2772
0.00942153846578009	0.722401275607434	109
0.0643744238203801	0.618123110095228	1401
-0.12166430129486	1.38189130772058	443
0.07335515816593	0.537988107439316	23
0.0643744238203801	0.618123110095228	1236
0.00247912430905006	0.652818662215267	1236
-0.0156896799022701	0.997413914981403	42
-0.0988685950422701	1.29232728940676	1
-0.02508736967303	1.02065087181448	1
0.0457725824859401	1.58129336376564	13
-0.01604260555278	1.00741119839531	13
0.05739171964478	0.583685732032452	287
0.0582815960188201	0.588315347493659	1120
0.00796325773834994	0.716128290121217	1548
-0.0281802187386	0.976261055843267	367
0.0594452962677301	0.585760739970461	336
0.06147226574384	0.608565543854246	336
-0.00061688897837997	2.17422794722851	322
-0.0314013861215301	1.18832684733516	622
-0.00681903344092993	0.859328366175118	3186
0.0122693029330201	0.736813272833165	1367
-0.0165810219722899	0.851953455829327	1367
-0.0341107822203901	1.28867262423354	1
-0.01191252664945	0.862275984614568	3215
-0.02074189407659	1.02851781467948	1
0.00470291951221991	0.674775557473468	1
0.11327489295081	1.18467997113278	656
0.00891668950697011	0.720228398276574	13
0.0985024229059499	1.21895077558924	1096
0.10272498694023	1.21675411806408	13
-0.0136677061197701	0.98089744596314	13
-0.03368184732951	1.19056896709161	13
-0.0407494522227601	1.28491901367994	2772
-0.11410419234968	1.25045074855415	2772
0.01375829011628	0.714520639631988	3018
-0.01720582876544	1.01603257104226	109
0.06244399995416	0.590281494815779	109
0.00436869103708992	0.707605310543544	1548
-0.0462728966232799	1.8037502263333	322
0.01690369300297	0.698462264048351	162
0.0998053175260101	1.23387486526889	125
-0.11213099678697	1.42331191818404	3186
0.0619404252857501	1.48678125624806	430
-0.11837744301422	1.40036788247901	2257
-0.12449697235375	1.29949152570986	1
0.0603947449325399	0.586269149131321	3215
-0.01155065439049	0.876796197105522	1
0.00721290209143	0.713310891105617	656
-0.0346532652712099	1.17662160648688	103
0.09772380624705	1.19273039416187	2772
0.00891668950697011	0.720228398276574	109
0.0613915060103301	0.591587161243202	1548
0.00891668950697011	0.720228398276574	367
0.06639295387207	0.594083958118044	4925
-0.0124830066003701	0.881181970125057	336
0.05838953532209	0.580688152007467	125
0.06135620446135	0.587426231279741	46
0.08626821441476	1.36427033951726	42
0.0472691368092799	1.6724002367467	2265
0.03018134731797	1.76249565264693	1
0.0124769329672301	0.703973068283957	439
0.0543263769195901	0.578725673235048	2125
0.0103634645494499	0.72555161132246	2712
0.0643744238203801	0.618123110095228	719
0.0820086895254999	2.01716063541431	443
-0.00934540515221993	0.831283459465917	657
0.05928333299222	0.56931930957308	1236
-0.10438676949649	1.65606195789448	3186
0.0582677614687499	1.54117101667516	1
0.06445953054409	0.588277566697379	5479
-0.0182921934970799	0.805491291720053	1
-0.0227053611973	0.980474780647248	1
0.0642899230904901	0.596233798709692	3357
0.0783441417511499	1.40566281383911	59
0.0594452962677301	0.585760739970461	2125
-0.0225662230305199	0.963436976840153	109
0.0794192130203599	0.475329674100478	657
0.0584375610224099	0.576382220207233	125
0.0703512677786999	0.562215820690454	23
0.06719972913054	0.563532709904846	23
-0.0383030652708001	1.57460344711231	3186
0.06033794820574	0.586411525643316	42
0.0470402176861999	1.62199329459806	1
0.10344427999633	1.21794170027819	1
-0.01957615675687	0.978908253647372	279
0.0120624631094199	0.737759376900683	5479
-0.0172208094286499	0.841944511622497	1
-0.0223016821961901	1.0197714007115	248
-0.02465723871959	1.01943800019152	5251
-0.0177705356203599	1.02309992140777	59
0.06226702000546	0.59760797927366	2125
0.0117715903790101	0.700628147265596	1007
0.01375829011628	0.714520639631988	109
-0.0105915445923801	0.829635781970656	21
0.06147226574384	0.608565543854246	367
-0.00709362659925006	0.839669590399895	125
0.06005787888182	1.50810088841652	430
0.10536597547722	1.20807411716531	430
-0.0123846680353401	1.11605814666114	1
-0.01881077134367	1.01848462844264	1
0.06445953054409	0.588277566697379	1
0.0981431272203499	1.1844698156139	1
-0.01191252664945	0.862275984614568	5479
-0.02763318954915	1.03408940864849	5479
0.0161631014020001	0.722145016404697	1
-0.0181797607526	1.01975097016505	156
-0.0293999499305799	0.965276241080811	263
-0.11660786337644	1.37541153240632	248
-0.01501078430284	0.845793849672636	59
0.05739171964478	0.583685732032452	1007
0.06728798377865	0.593090078305361	336
-0.01881077134367	1.01848462844264	443
0.00516795378973001	2.04265518613432	622
-0.0391910347947599	1.55400711131749	657
-0.0129199778033799	0.982225014916203	1
0.0128078053115701	0.712620596991427	1
0.0643744238203801	0.618123110095228	13
-0.0340350899145101	1.35327253939511	1007
-0.0219580327305999	0.829292706585017	109
0.0625247926286401	0.600435015177839	109
0.01102518467588	0.697975897214114	1548
-0.12087489098634	1.29962422403253	443
0.00700894451518996	0.6842470825018	165
0.0965075520799299	1.23051536105129	397
0.06226702000546	0.59760797927366	1
0.0130139378829	0.73980439910164	279
0.0702443557948	0.552125753392425	1
0.00491209246997992	1.88435666460059	207
0.0633212595661601	0.614983346052817	59
0.0643744238203801	0.618123110095228	21
0.00730917789754004	0.698449956448178	622
-0.02394706400346	0.945988025332494	125
-0.01025226345357	0.868198299257083	46
-0.0321791962426801	1.40324291773953	42
-0.0159414667494899	0.84703458211232	1
0.06647750026025	0.594280815081964	1
0.0604999958741099	0.584499872770367	716
-0.01277701268411	0.874242019353507	59
0.07144417841326	0.533464174975927	103
-0.0146392185331701	1.01540819023052	622
-0.0630209480601101	1.7644410449796	125
0.0971505982221399	1.18946457412137	46
-0.0312141298579201	0.937877128684319	594
-0.0389858950195401	1.50089926392042	1
0.0132208576757	0.732496897024723	999
0.06041866978774	0.610006844551424	999
-0.10311246864928	1.89616656429207	279
-0.11705652858103	1.21900967413963	156
0.0594452962677301	0.585760739970461	1427
0.0683396127993201	0.592281316130891	59
0.07435534367499	0.520742564784402	1548
0.0593640112314899	0.604419398142513	336
-0.02452546603369	1.16597654091196	295
-0.02238443889841	0.786751819702974	622
-0.0367793064314399	1.47221705034953	657
0.0113168370686501	0.734779276206035	594
0.06639295387207	0.594083958118044	1
0.00700893426886995	0.705779180003894	1
0.00561694506520993	0.693268405678059	1
-0.01980533435365	1.01654139867352	13
-0.0473234808798499	1.76502173544186	5909
0.01767581675386	1.75774246013231	657
0.0365964077840999	1.53794630311423	594
0.0592466517154899	0.589487289204729	42
0.06639295387207	0.594083958118044	192
0.01007346563013	0.7100092467473	192
0.06825134024419	0.57610225589685	4621
0.0625247926286401	0.600435015177839	1233
0.05739171964478	0.583685732032452	207
0.0630462203195401	2.14917350919939	1548
0.0613915060103301	0.591587161243202	295
0.0613915060103301	0.591587161243202	3591
-0.04564234222257	1.56056854086071	3310
0.01375829011628	0.714520639631988	622
0.0643744238203801	0.618123110095228	165
0.0643744238203801	0.618123110095228	165
-0.04792994839448	1.51325516234955	397
0.0945807302700299	1.1911086264519	594
0.0625247926286401	0.600435015177839	594
0.0712021130359299	0.538084495000004	2531
0.0128078053115701	0.712620596991427	4300
-0.0288919302613999	1.27144099596716	1
-0.11316203698568	1.0429060665489	13
0.06542650623628	0.612599401820178	366
0.00362303878734993	0.688009958981519	1027
0.0144708459462799	0.712703450377961	336
-0.0105475599010001	0.849632814378228	1275
-0.04405971925124	1.66678106786502	622
0.095089435028	1.22883337848987	1
0.0622221140507899	0.557548707435577	192
0.00741766206990002	0.690083942857657	1
0.06737684818267	0.570027814694718	1233
0.0593640112314899	0.604419398142513	2910
0.01933175197509	0.689967993695177	3078
0.0954242140871699	1.13176326877254	1678
-0.11707070701583	1.37052190986574	207
0.06647750026025	0.594280815081964	109
0.06033794820574	0.586411525643316	336
-0.0298876343039001	1.2032756347643	125
-0.04830698141521	1.81641341427857	165
-0.02465905352168	1.18534742029724	1
-0.02011299886415	0.976574361978433	430
-0.0304517394100501	1.17149692703154	430
0.10351282836025	1.22502469325531	999
0.00511405992928005	0.69090002216808	999
-0.01370770621658	0.866401773172136	999
0.0604999958741099	0.584499872770367	1
-0.02403524878774	1.2785265983214	1
0.0911859226241001	1.11377219637721	1857
0.00772440077893011	0.705767625382144	964
0.06226702000546	0.59760797927366	2055
0.05739171964478	0.583685732032452	336
0.11859946643377	2.14138521130968	295
-0.00709362659925006	0.839669590399895	622
-0.01916988795363	1.02152216086375	443
-0.12219776081916	1.11251128715034	165
-0.0231928476102301	1.18064904149655	594
0.0769936182114901	1.37390287030357	1
0.06340633790752	0.593211047439799	999
-0.0146378198692401	0.850997308734229	999
0.11614039750875	1.83176091992649	743
0.06728798377865	0.593090078305361	1
0.0981531045306101	1.22175949168081	1
-0.0141365188682501	0.856005211393035	1233
-0.0269907773220599	1.19552455498907	1857
0.10607458530223	1.20351482583739	13
0.0683396127993201	0.592281316130891	26
0.0643744238203801	0.618123110095228	109
0.01470786186503	0.710564081401421	336
-0.11570425938865	1.40586844108502	657
0.06340633790752	0.593211047439799	1
0.00846489243790005	0.726561423807801	1
-0.01751161688281	0.848254418472306	1
0.0613915060103301	0.591587161243202	13
0.10121969963525	1.2322054623363	26
0.05733271948467	0.563962076176424	109
0.0594452962677301	0.585760739970461	1027
-0.0317546798698201	0.994447688336457	336
0.05400033617095	1.60408689492523	594
-0.05343942381613	1.66249360635333	4300
-0.02675405708332	0.764744242010449	999
0.10386710993661	1.24182928405249	1
-0.0366301277389101	1.27669748967781	13
-0.00868445379130001	0.868535834989675	1503
0.06647750026025	0.594280815081964	666
-0.0298928006628301	1.44801231529376	1663
0.01102518467588	0.697975897214114	109
0.01690369300297	0.698462264048351	370
0.00751531590035004	0.724568028643485	602
0.06041866978774	0.610006844551424	336
0.0633212595661601	0.614983346052817	336
0.06349542356393	0.582800490172654	125
0.0633212595661601	0.614983346052817	397
-0.03291378034874	1.12695926070264	1
0.02646939887227	1.78313361127273	1
-0.11987362249829	1.33916728471805	999
-0.00588545435089993	0.843799747246106	999
-0.03592790506344	1.35277338440793	1
-0.0115248849046701	0.824689110750177	1
0.0184972957384499	1.86297975955697	1
0.05854261056253	1.55286175709315	1
0.0266243893806899	1.73518390986548	1
0.0372759804268901	1.57163111084919	1
0.10748074797996	1.89419094859274	1
0.0975044462821699	1.22807361181193	666
-0.0345194560703701	0.93687533524744	370
0.00751531590035004	0.724568028643485	336
-0.0210949345179301	0.816395770777626	657
-0.0197525326766701	1.03344341480425	165
0.0299364265473501	1.66003293753224	4300
0.10378192633317	1.21033813061094	1
-0.12485543518827	1.07460546948541	192
-0.0227053611973	0.980474780647248	1503
0.0966557611338601	1.23243272205015	1663
0.0154222312500101	0.719341038461645	109
0.0593291809974199	0.591170142954943	336
0.0106173208729501	0.695449529793129	422
0.0625247926286401	0.600435015177839	422
0.0643744238203801	0.618123110095228	165
-0.0568505508226	1.55179024024739	999
-0.0400790904680299	1.41516158804717	1
0.0118564119201701	0.704081058345987	738
-0.1232559880002	1.1171785631588	156
0.06719972913054	0.563532709904846	248
-0.0245044728133701	1.03226994790639	1503
0.0486494787379601	1.67600918129839	1503
0.0103634645494499	0.72555161132246	1098
0.0594452962677301	0.585760739970461	1027
0.0622221140507899	0.557548707435577	422
0.0615536276722599	0.577202155580126	766
-0.0459596031395899	1.75427214364275	125
-0.09411624570328	1.84316789363595	165
0.0081587682617601	0.666109297183539	165
-0.0121394780940101	0.843107129542291	165
0.00891668950697011	0.720228398276574	595
-0.04618069207487	1.66449730364546	594
-0.0382006371327599	1.63069028763554	594
-0.0499165925176599	1.87660106277867	594
0.0163726937669499	0.718386534443841	1
0.10551220787333	1.17213082807436	1
0.11861576826119	1.86326594194975	13
-0.00995561927904998	0.863242779113681	666
-0.02769485252175	1.15011160535655	103
-0.02198584342723	0.937928720692799	26
0.01711256773879	0.721174543860265	1027
0.0603947449325399	0.586269149131321	1796
0.0139645005676701	0.73544006362145	336
0.0122693029330201	0.736813272833165	766
0.00772440077893011	0.705767625382144	165
0.10208654585993	1.24387323790823	4928
-0.0109783556035301	0.854435444825354	1503
0.05838953532209	0.580688152007467	109
0.0643744238203801	0.618123110095228	422
-0.11106027433635	1.60226543526857	443
-0.02465905352168	1.18534742029724	165
0.0618779061638399	2.03784592245772	125
0.01933175197509	0.689967993695177	4485
-0.03905803850096	1.12416084988776	165
0.00772440077893011	0.705767625382144	594
-0.00429323361160994	0.848305218470215	1
0.1040831198958	1.23929397903551	430
0.10070977701021	1.24072729047705	1
-0.01570580150387	0.863949742631649	1
0.10543256142262	1.22796939608725	1
0.06033794820574	0.586411525643316	1
0.0505935873344801	1.4038717687801	248
0.10536597547722	1.20807411716531	13
0.00912084256064993	0.716241038125386	109
0.06244399995416	0.590281494815779	109
0.0543263769195901	0.578725673235048	1923
0.06542650623628	0.612599401820178	422
-0.0329915243260199	1.55652844322032	443
0.00920508624076	0.708776960505162	4485
-0.00999383247218999	0.807203859913602	595
0.07603233705813	1.37702266335217	1
-0.00931992240088997	0.873757613729707	13
0.10329614478442	1.23830645032007	899
-0.02311279888856	0.926679021805488	1503
-0.0232892560524001	1.01863844473801	444
0.0594452962677301	0.585760739970461	109
0.0722791748777001	0.546219501118653	782
0.0708443091547999	1.3872664538078	430
-0.11711885916161	1.37045151703438	1
-0.03409070681678	1.50854295429703	640
-0.11671017037198	1.39204926200481	1
-0.11771701163625	1.39552078761751	1
-0.02947773721261	1.17828237123562	1
0.0642899230904901	0.596233798709692	88
-0.0347940529052	1.58707537680462	13
0.00656658929516008	0.715595797254537	13
0.10685534765838	1.22293399311921	103
-0.0146909990258499	0.834475088751009	440
-0.00711729152801	0.836952279784297	26
0.0120624631094199	0.737759376900683	1098
0.0141714968190401	0.721315132965811	336
0.06340633790752	0.593211047439799	336
0.06825134024419	0.57610225589685	179
-0.03792737889594	1.46769142642369	165
-0.02602961408982	1.00323980622714	1193
-0.0316827962505699	1.07148012512233	1
-0.0159414667494899	0.84703458211232	1
-0.0410670898960099	1.42644076585285	878
-0.03385077105805	1.3064418139765	109
0.00920508624076	0.708776960505162	1129
-0.0954211117586401	1.64213836747085	1165
-0.10371597010825	1.69336517163763	1
-0.01125422175615	0.855937024969947	156
0.00436869103708992	0.707605310543544	623
0.06542650623628	0.612599401820178	2211
0.0593640112314899	0.604419398142513	964
-0.04492236328913	1.42203334278718	370
-0.04148317286454	1.38366193164619	1098
0.0683396127993201	0.592281316130891	1098
-0.0327845943883001	1.12974642895871	336
-0.01687156676711	0.843387445119877	165
-0.03179781311293	0.963757126110761	1193
-0.0511284963671299	1.52462081673969	39
-0.01879241537595	0.806667452801076	5
0.11860011605058	1.83079746500689	1027
0.00966577110509004	0.696480830505913	336
0.0154222312500101	0.719341038461645	595
0.09782419953943	1.1717092698966	1165
0.00511405992928005	0.69090002216808	1
0.00700893426886995	0.705779180003894	1
-0.10578815429672	1.6303463027299	1471
-0.0261723977475401	1.17810493940108	899
-0.12057874205679	1.26080374879647	1503
0.06534198003685	0.599148545689121	336
-0.01025226345357	0.868198299257083	397
0.06939014046272	0.578064425928216	595
0.0892205043324901	1.31587248399514	1165
-0.0257236159804299	1.11314813907663	1165
0.06357624394956	0.58106390152894	3218
0.0440002870037299	1.69012788233613	1
0.00966577110509004	0.696480830505913	180
-0.00717493463262997	0.806617892779843	3605
-0.0232892560524001	1.01863844473801	13
0.00751531590035004	0.724568028643485	1503
-0.02602961408982	1.00323980622714	26
0.00986922515735	0.719070043588214	964
0.01375829011628	0.714520639631988	964
-0.0165810219722899	0.851953455829327	1098
0.0991488975849899	1.23977598388121	1098
-0.0304517394100501	1.17149692703154	165
-0.0166241169517001	1.01885681329405	1
0.0841841972925701	2.0372262466072	1471
0.05237519472195	0.548854082704878	88
-0.000171105095339907	0.658318392108053	13
0.0149141466848399	0.72414860286446	899
-0.02210604542053	1.01542631901948	1500
-0.00995561927904998	0.863242779113681	878
-0.1163154309063	1.62240403117427	1503
0.0996534839810901	1.21319944308601	165
-0.10619672247462	1.57259464465034	1
0.06033794820574	0.586411525643316	156
0.06041866978774	0.610006844551424	180
0.0757587729956299	1.30723538274576	878
0.0139645005676701	0.73544006362145	103
-0.0327184212018701	1.19765293216368	26
-0.0140527729809701	0.868822189583474	336
0.06041866978774	0.610006844551424	4497
-0.12041165459139	1.2866485968232	1165
0.11030129115428	1.19653445217322	3218
-0.0049023758812401	2.19477532030358	1
-0.0140809248582201	0.99023753712288	819
0.02949146747103	1.76003370782397	1
-0.11691129732527	1.68840660180345	1
-0.02465723871959	1.01943800019152	1
0.0642899230904901	0.596233798709692	415
-0.0260227464423599	0.99337047960623	878
0.0643744238203801	0.618123110095228	336
0.0642899230904901	0.596233798709692	165
-0.03964015715259	1.30183601811284	165
0.06129671746841	0.574642001655142	69
0.06647750026025	0.594280815081964	69
-0.02897118413808	1.14033521574419	1
-0.0258439495730201	1.30538959627365	1
0.0581990872926701	0.57377829641248	1
0.09872420920357	1.21389131009168	1
0.0623520647057301	0.590348047090132	13
-0.0258458878302901	1.00899196718152	878
-0.02602961408982	1.00323980622714	878
0.00772440077893011	0.705767625382144	757
-0.0246311003847799	0.972566359053235	26
0.10293442416288	1.17330550933703	336
0.0626456195867999	1.53330881192393	165
-0.01757230658273	0.866581911126244	1
0.0176200355793701	2.12645526605093	1
-0.10210132257333	1.6674042259053	1
0.0654398921447401	0.556358479245112	2156
0.06041866978774	0.610006844551424	13
0.00656658929516008	0.715595797254537	878
0.10236304253229	1.22077073151746	878
0.06842849270537	0.557161027550548	26
0.0644591744871501	1.46635859335921	336
0.06639295387207	0.594083958118044	133
0.01007346563013	0.7100092467473	133
0.00942153846578009	0.722401275607434	133
0.0613915060103301	0.591587161243202	133
0.11796864468999	1.77347475996818	165
0.06147226574384	0.608565543854246	69
-0.0459995319156601	1.77111528814775	1
-0.0326584463366599	1.31524421777455	1
-0.00775203311127992	0.867255792580533	1
0.0612628663471699	0.556505185692855	180
0.06146822434994	0.569839622991961	2156
-0.0136451263505499	1.00256717884353	13
0.0593291809974199	0.591170142954943	878
-0.10626463693395	1.83557764589463	1503
-0.02238443889841	0.786751819702974	26
-0.12282728927457	1.36401043222628	26
0.10179146773305	1.23570527553671	336
0.0101609438313099	0.704900153505215	133
-0.11412519364659	1.61633718314387	4164
0.05911723224998	1.50822456186718	69
0.06639295387207	0.594083958118044	1
0.0122693029330201	0.736813272833165	103
0.0180614897467899	0.71272459725209	133
-0.0234694323095399	1.02875523287468	133
-0.11760287747736	1.46474728789898	1456
0.10750107507274	1.21171033799105	165
-0.0201612694673099	0.81783075565143	1
0.10367875595171	1.22531672262476	1
-0.02405361118945	1.01141874869255	1
-0.01781510929069	1.01315990663058	1
0.0633212595661601	0.614983346052817	180
-0.01191252664945	0.862275984614568	13
0.0135185423633599	0.69238075938194	13
0.01238578444438	0.693109434251133	415
0.0584375610224099	0.576382220207233	878
-0.02131879117376	0.805717318850473	26
0.00341888433818993	0.703635927071053	26
0.0114301635824301	0.686996395524903	336
0.06728798377865	0.593090078305361	2598
-0.02259750594157	0.827162971572252	1
-0.0280767060544	1.16392889163995	1
0.11046557499406	1.20472776765422	1
-0.0559108599210001	1.84123088778257	1
-0.0124830066003701	0.881181970125057	6299
-0.0345568943527499	0.895489338813089	1
-0.02351212327907	1.0372956124035	878
-0.0244576536462899	1.02760759713745	2731
0.0623378061557101	0.568801504130337	2731
0.00986922515735	0.719070043588214	133
-0.02073448927729	0.839653253078016	165
-0.00645946351178006	0.834988949627698	1
-0.0232892560524001	1.01863844473801	1
0.0565749197633401	1.49514493728065	1
0.07978641313911	1.38859659383539	1
0.00531758724835996	0.706515306091219	1
0.0139645005676701	0.73544006362145	1
0.06041866978774	0.610006844551424	1
0.0111100807153	0.728454130006173	88
0.06033794820574	0.586411525643316	216
0.00626556850794002	0.700480241599344	26
0.0633212595661601	0.614983346052817	2731
-0.02562324024977	1.18785896044529	336
0.0583082965247199	0.585951608020247	82
-0.00965762435429007	0.828548175470061	133
0.0633212595661601	0.614983346052817	2598
-0.00618479123711002	0.829750991035287	695
0.10027329692203	1.91418594057997	1
0.05537550987805	0.583784270938947	1
0.00871303831160009	1.94109488423585	1
0.0256542325015101	1.79981482160403	1
0.0633212595661601	0.614983346052817	150
0.01047398822108	0.668346122907469	180
0.00457293208292997	0.687023390764286	13
0.0602931171537799	0.592350106122282	878
0.0712021130359299	0.538084495000004	878
0.0154222312500101	0.719341038461645	5
-0.0248601634852901	1.02318333847538	2731
-0.0266078486549599	0.990646815341661	336
-0.0335602484850099	0.89654060288894	133
0.0593640112314899	0.604419398142513	695
-0.0150701414899601	0.866255220541524	1
-0.00459411379233998	0.848237249223963	1
0.0693018553326901	0.575374858990599	1
0.05642355803702	0.582529775776723	1
-0.10730310521269	1.52849630945366	1
-0.0265968643074601	1.18359004974459	1
0.0113168370686501	0.734779276206035	6565
-0.11100052969455	1.45504811847213	1503
-0.0355007285521101	1.34529395639401	26
-0.0254995781712599	1.16187314074911	26
-0.0386778364267799	0.866486846859592	26
0.0563447856430099	0.584947989934065	1973
-0.0242757427320699	1.01147621048459	336
-0.02074189407659	1.02851781467948	1344
-0.0269781104706399	1.17004883201385	82
-0.10532986909374	1.66193077246481	1456
0.00721290209143	0.713310891105617	1238
-0.02704572770803	1.31080224187212	1
-0.03320524133967	1.10525159301501	1
-0.0334546513913601	1.54390701421323	1
0.01334084753432	0.692288956764171	1
-0.1211126304058	1.41339846418701	1
0.0992887100264199	1.17412533002077	1503
0.0643744238203801	0.618123110095228	1973
0.06244399995416	0.590281494815779	1973
0.06147226574384	0.608565543854246	336
0.0158628717443601	0.700033235085568	336
0.0633212595661601	0.614983346052817	1344
-0.00681903344092993	0.859328366175118	150
-0.03469623122508	1.26760477714088	1
0.0149141466848399	0.72414860286446	43
0.0592466517154899	0.589487289204729	415
-0.02977694706861	0.996309175667065	1380
0.0163726937669499	0.718386534443841	1503
-0.0256756594095799	1.19790324484804	1533
-0.02544478722453	1.02028648343774	26
-0.0165810219722899	0.851953455829327	375
-0.0105475599010001	0.849632814378228	375
-0.00991132290992991	0.820730272219686	336
0.10386710993661	1.24182928405249	1344
-0.0343142075693199	0.960631139027957	1344
-0.0137791308422199	0.858067756419343	1
0.0393390435949801	1.64973655417141	1
0.06041866978774	0.610006844551424	1
-0.10428626974309	1.61158431959962	1
-0.0241606462063	1.19461908384902	1
-0.0209679773306699	1.01147320141522	1
0.0602931171537799	0.592350106122282	150
0.06542650623628	0.612599401820178	335
0.06825134024419	0.57610225589685	335
0.0703656737955001	0.541521287348341	878
-0.10878185702257	1.37127871745582	1380
0.10287977848448	1.95578206399784	1503
0.08470855185319	1.273213170433	26
0.0563447856430099	0.584947989934065	2277
0.00866129819340999	0.676704194484125	133
0.0227434386658201	0.656314249841035	133
0.0594452962677301	0.585760739970461	872
-0.12278202410855	1.29897937757413	165
0.0623520647057301	0.590348047090132	150
-0.0140527729809701	0.868822189583474	150
0.08439818263752	1.35765919903821	415
0.10750107507274	1.21171033799105	1380
-0.0600891754991499	1.98712638985801	1380
-0.0386753470247401	1.64161306984832	1503
-0.0347249209387801	1.31904825248178	396
0.10198337823049	1.88185128631657	26
0.06737684818267	0.570027814694718	507
-0.01757230658273	0.866581911126244	336
-0.0308053255046701	0.970291975868715	1344
-0.12170100442764	1.08521627527267	165
-0.0106139054908001	2.06764639395975	1238
0.06445953054409	0.588277566697379	69
0.05838953532209	0.580688152007467	69
-0.0372263880802599	1.32325047432319	1
0.06542650623628	0.612599401820178	415
0.0955117385417099	1.22616058246441	617
-0.0172208094286499	0.841944511622497	2425
-0.00651942342975009	0.848610679884457	82
-0.0200960151910401	0.841844452595814	133
0.06041866978774	0.610006844551424	133
0.10761937561174	1.20754208459641	165
0.04776284475259	1.45693530085541	1238
0.0598723875151199	1.47422088277975	69
-0.01184573882794	0.875821973022754	1
-0.01881077134367	1.01848462844264	78
-0.0235402264134099	1.10933487573297	1
0.02028936436462	0.693455396423081	150
0.0103634645494499	0.72555161132246	13
0.0593291809974199	0.591170142954943	4228
-0.0317546798698201	0.994447688336457	878
-0.0301510896697701	0.964630239736668	1380
0.0122693029330201	0.736813272833165	1503
0.0481002295615201	1.62331609049836	26
0.00511405992928005	0.69090002216808	336
-0.03326852778109	1.19455489694033	1344
0.00396526639985995	0.674449048860553	165
-0.0416830049130901	1.69772969284844	1238
0.0643744238203801	0.618123110095228	69
0.10498059744976	2.37443160263467	1
-0.0356947317807901	1.53005918944392	1
0.06586659548548	1.50355902948944	889
0.06329578909097	0.569886712575052	1281
0.0683396127993201	0.592281316130891	13
0.0604999958741099	0.584499872770367	878
0.0612628663471699	0.556505185692855	1503
0.06005787888182	1.50810088841652	26
-0.0172208094286499	0.841944511622497	26
-0.01407644114419	0.820284235226126	1821
-0.0310020144402201	1.16197915224673	617
-0.12276148096194	1.25270506046306	559
0.00606196018478	0.689897599948616	39
0.0593640112314899	0.604419398142513	3283
-0.05186800342482	1.77929734249587	1
0.0450040461432699	1.6240384015828	1
-0.0173597657728899	1.00483311361332	1
0.0543263769195901	0.578725673235048	13
0.0583082965247199	0.585951608020247	415
0.0788841329098	1.38830061658125	3011
-0.0245044728133701	1.03226994790639	1344
0.10130873004404	1.21174624920078	1344
0.0613915060103301	0.591587161243202	133
0.06639295387207	0.594083958118044	165
-0.0293385749236199	1.18884736476962	39
-0.0247082945635799	1.19158627677469	2473
-0.0096930896507299	0.841139009605872	37
0.06041866978774	0.610006844551424	150
0.06041866978774	0.610006844551424	150
0.0154222312500101	0.719341038461645	878
0.00932578501292003	0.683477752428579	507
-0.12255846868409	1.25919898523044	507
-0.02547548400254	0.993378644275831	133
0.00267223597606003	0.684284668862338	133
0.0157889656574599	0.682370479821312	1456
0.06147226574384	0.608565543854246	165
0.0130139378829	0.73980439910164	1246
0.0128078053115701	0.712620596991427	69
0.0120624631094199	0.737759376900683	5902
-0.0270493532098099	1.02762343487307	5902
0.0993863885293	1.20772616128883	889
0.0173230187723801	0.710018268294337	1
-0.04449093554559	1.53574399435507	1
0.0619404252857501	1.48678125624806	1
-0.04389932068778	1.80006276493276	1
0.01164856006249	0.709785768416903	1
0.0126044147767399	0.70888947383478	13
-0.03181186270047	1.13272487722424	878
-0.0255736795617501	1.14448697901374	878
0.0998053175260101	1.23387486526889	668
0.10571515683651	1.19885014109134	3011
-0.11171164318257	1.37148718980909	1380
-0.0272108474945501	0.972340639367537	198
0.00912084256064993	0.716241038125386	1503
-0.02190843820544	1.00846166823389	1503
0.0633212595661601	0.614983346052817	218
-0.03127918207006	1.32833042705703	53
0.06340633790752	0.593211047439799	258
0.06349542356393	0.582800490172654	69
-0.0132286257107901	0.778084882881328	1
0.0792454357582699	1.37698686161148	1
0.07624307030796	1.28521270832966	2473
-0.11543801783156	1.50120073997961	1
-0.11962574516158	1.27646952316178	1
-0.0172757361028899	0.838658573996053	13
-0.03481256030804	1.30277343309194	13
0.0615536276722599	0.577202155580126	3297
0.10079785495677	1.23821972411895	668
0.07321264476099	1.34602266404366	3011
0.0522032987266701	1.49085891407765	26
0.0584375610224099	0.576382220207233	507
0.11988267066737	1.77138726654756	507
0.06033794820574	0.586411525643316	931
0.00986922515735	0.719070043588214	133
0.0632367895670101	0.580180307340911	5416
0.0642899230904901	0.596233798709692	5416
-0.01277701268411	0.874242019353507	5416
0.0593291809974199	0.591170142954943	69
-0.0308745447416401	1.15487034831646	1
-0.01155065439049	0.876796197105522	1
0.0553240469324601	1.46803758850737	1
0.06147226574384	0.608565543854246	335
-0.11084966154697	1.52062626635221	1
0.0615536276722599	0.577202155580126	13
0.05642355803702	0.582529775776723	13
0.0683396127993201	0.592281316130891	415
0.0592466517154899	0.589487289204729	668
-0.12230341047112	1.11832162010965	2034
0.0163726937669499	0.718386534443841	507
0.00700893426886995	0.705779180003894	507
0.1002257663117	1.23469852306503	507
-0.0205102471799801	0.970218293944444	218
0.0161631014020001	0.722145016404697	218
-0.0235281401957399	0.811813395681389	53
0.00966577110509004	0.696480830505913	547
-0.0351787332832401	1.67204315957018	1
-0.03433198683508	1.42848214636031	78
0.00916833003421003	2.06075261215697	2473
0.04998942360866	1.47493265230993	1
0.06534198003685	0.599148545689121	1
0.06623526001581	0.579547723010784	1
-0.0197525326766701	1.03344341480425	249
0.0603947449325399	0.586269149131321	335
0.05538192918824	0.556454802265832	13
-0.0134147775901201	0.879582006178494	13
0.01785216428114	0.697602301681372	2782
-0.01127891318906	0.836637668464578	1
0.0492163393899701	1.54293137002825	1
-0.12377804699715	1.22226721170561	1
0.0664381280299899	0.53973442783047	13
0.0643744238203801	0.618123110095228	13
0.0778352637865301	1.31015512455046	13
0.0643744238203801	0.618123110095228	4
-0.0218964692744501	1.0268660615844	218
0.0977298179989901	1.18555007330625	559
0.00173927632017001	0.652493993100417	5416
0.0793084420389401	1.41083786400955	39
0.06939014046272	0.578064425928216	1
-0.10274492558577	1.45473410548231	1
0.0603947449325399	0.586269149131321	1
0.06041866978774	0.610006844551424	1
-0.10894237702634	1.62694277453496	37
0.06147226574384	0.608565543854246	13
0.06728798377865	0.593090078305361	13
0.06041866978774	0.610006844551424	13
0.0139645005676701	0.73544006362145	13
0.07365488147197	1.30899523664095	13
-0.0200960151910401	0.841844452595814	13
0.01711256773879	0.721174543860265	26
0.06244399995416	0.590281494815779	507
0.0513052597392201	0.549867316455028	218
0.0139645005676701	0.73544006362145	133
-0.01184573882794	0.875821973022754	133
-0.0348840586080601	1.43119309641961	1456
0.0128078053115701	0.712620596991427	165
0.064368383938	0.569210663601677	39
-0.12211524602205	1.37766911527243	1
-0.01191252664945	0.862275984614568	1
0.01375829011628	0.714520639631988	1
0.0161631014020001	0.722145016404697	13
0.06542650623628	0.612599401820178	13
-0.01025226345357	0.868198299257083	13
0.0438869936168	1.25728817958779	51
0.06041866978774	0.610006844551424	507
0.10128109674922	1.19607609541148	165
0.0122693029330201	0.736813272833165	3442
-0.0270992356206701	1.44518119612941	1
-0.01873002134098	0.818862637729701	1
0.0623520647057301	0.590348047090132	13
-0.0153568784468201	0.834768791514554	13
0.0552967655608001	0.579872912778297	13
0.05733271948467	0.563962076176424	13
-0.0232892560524001	1.01863844473801	13
-0.11614325015644	1.06928961475613	492
-0.0437063543163201	1.77026004167714	492
-0.124990100003	1.29629212544132	1380
0.0693018553326901	0.575374858990599	26
-0.0365442902820801	1.29278540299895	26
0.0623520647057301	0.590348047090132	218
0.0144708459462799	0.712703450377961	218
-0.11852918760426	1.37247169393754	1
0.10660461787666	1.21809191563936	1
-0.0445231300364	1.53838028434161	78
-0.10493776442272	1.33548726873164	1
-0.02947773721261	1.17828237123562	5665
0.0633212595661601	0.614983346052817	51
0.08161297944611	1.37997069308568	51
-0.0279534249525599	1.17543347164951	4
-0.0342127556882399	1.10996852280452	492
-0.03612522256609	1.55606939594024	492
0.0802734051492	1.40749605449497	4535
0.0421848309380799	1.57803126335998	78
0.00920508624076	0.708776960505162	1
0.0218058227017599	1.7044565349302	1
0.00267223597606003	0.684284668862338	13
0.11805038990139	1.76478496629634	26
0.03392173591574	1.70561253517843	26
-0.0124830066003701	0.881181970125057	507
0.06244399995416	0.590281494815779	507
0.01690369300297	0.698462264048351	507
0.06842849270537	0.557161027550548	218
0.0599517601898001	1.54028377370876	53
-0.0111840259218401	0.854562895839717	53
0.01007346563013	0.7100092467473	82
-0.02700916490302	0.99498953402915	133
0.06041866978774	0.610006844551424	165
-0.01908240708773	0.829468429580427	136
0.08439818263752	1.35765919903821	1
-0.0264729844995	1.30910103668667	78
0.0703512677786999	0.562215820690454	1
0.0174760830409799	0.66303547553507	13
0.06534198003685	0.599148545689121	26
-0.02514153655596	0.951090966180266	26
-0.0124830066003701	0.881181970125057	507
0.00436869103708992	0.707605310543544	5630
0.0122693029330201	0.736813272833165	218
-0.02623370218873	1.01881700261127	218
0.0106173208729501	0.695449529793129	547
-0.02202801818879	0.809626299786888	165
-0.0049284607323401	0.914036024497231	165
0.0563447856430099	0.584947989934065	136
0.00646225708653003	0.686356485498824	78
-0.10708280331069	1.48365823609023	37
0.06542650623628	0.612599401820178	4725
-0.12058683321836	1.25037424007451	492
0.0633212595661601	0.614983346052817	26
-0.0168183463679701	1.00035835127222	547
-0.0287896956256599	1.14359437941885	547
-0.01091388420476	0.871513378100749	6811
-0.11625433372318	1.38232196183532	1
-0.0214096843293099	1.16573631728107	1
-0.0121876541334001	0.8661517415593	1
-0.05487935288062	1.73487454040038	1
0.00636053181143992	0.677448473829016	1
-0.02202801818879	0.809626299786888	1
-0.0103256080306799	0.839003057464678	1051
-0.01663934491576	0.868167095168477	1051
0.0543263769195901	0.578725673235048	4725
-0.0124830066003701	0.881181970125057	668
0.01007346563013	0.7100092467473	26
-0.0147716759093199	0.853762610890154	218
0.0593640112314899	0.604419398142513	218
-0.0188691387255699	0.832520825440962	218
0.000570328856529967	0.65864500688675	218
-0.0166067475687599	0.974336348220673	218
-0.02074189407659	1.02851781467948	547
-0.0393846542387599	1.51011276241691	165
0.0602931171537799	0.592350106122282	165
0.0205018880016601	1.75930747119406	39
-0.04326203361222	1.2509224242204	136
0.05537550987805	0.583784270938947	1
-0.0308451705164099	1.26090617826798	1
-0.0352786284322899	1.41447451005567	1
0.09765092807362	1.23682441558024	13
-0.0216662891196699	0.836033029036712	399
-0.03610305737981	1.24495800003512	492
0.06244399995416	0.590281494815779	507
0.0973060031411499	1.17834815209464	218
0.00491938923513002	0.671054073531159	218
-0.0159155669116899	0.845870039073151	218
0.0642899230904901	0.596233798709692	547
-0.0185263885359701	0.816338476136324	165
0.0130139378829	0.73980439910164	136
-0.0224801213950201	1.02396222029549	1
-0.11101009123121	1.46882982466715	78
0.0992329086114701	1.2303743924207	6811
0.05642355803702	0.582529775776723	13
0.06135620446135	0.587426231279741	13
0.0642899230904901	0.596233798709692	2906
-0.0121876541334001	0.8661517415593	26
-0.01184573882794	0.875821973022754	268
0.0626061851717501	0.559699367743339	5631
-0.01375823237707	0.835940079036246	547
-0.00335861473084997	0.835445689428394	133
-0.0304108378221	1.10914101342193	165
-0.01314767030053	0.828606122214531	136
-0.03592790506344	1.35277338440793	561
-0.01876208046494	1.03160073353127	1
-0.0269781104706399	1.17004883201385	399
0.0130139378829	0.73980439910164	4725
0.0663181928323899	0.532721718521987	4725
-0.11674245668885	1.24635119239703	26
-0.00742874352305001	0.80938293194667	2707
-0.0153568784468201	0.834768791514554	218
-0.0105579657100101	2.19443032899517	1456
-0.02981174012883	0.971424103034975	165
-0.12230398531734	1.26082313863135	165
0.06244399995416	0.590281494815779	136
-0.01748598987688	1.16009755499503	561
-0.11783670319057	1.36615551019851	1
-0.0425184923672799	1.5909536681863	78
0.07603233705813	1.37702266335217	78
-0.10134537698291	1.35214481922904	1
-0.11363417628263	1.2665945373491	37
-0.0153568784468201	0.834768791514554	13
-0.01312050439387	0.870391117081159	4725
-0.12230398531734	1.26082313863135	26
-0.02932789418216	1.27302645568848	507
0.05739171964478	0.583685732032452	163
-0.0172208094286499	0.841944511622497	163
0.00920508624076	0.708776960505162	218
0.00470291951221991	0.674775557473468	133
0.01602665986789	1.81493382336917	559
-0.11369385495285	1.50194967403089	165
0.0633212595661601	0.614983346052817	136
0.06341166721421	0.568130784041491	136
-0.02196210160224	1.0019175882331	136
0.00436869103708992	0.707605310543544	561
-0.0547730208930599	1.7510675758857	37
0.06129671746841	0.574642001655142	13
0.10070977701021	1.24072729047705	13
0.00531758724835996	0.706515306091219	13
0.00315012887763011	2.13236611241097	399
0.0613915060103301	0.591587161243202	51
-0.01161169052378	0.852218104211741	668
-0.03437222026979	1.30316171679301	668
-0.0124830066003701	0.881181970125057	547
-0.0147180830556299	0.84453686005397	562
0.06939014046272	0.578064425928216	768
0.06041866978774	0.610006844551424	165
0.06542650623628	0.612599401820178	165
0.06445953054409	0.588277566697379	136
-0.10292059109106	1.32797853185018	1
-0.02623370218873	1.01881700261127	13
-0.01751161688281	0.848254418472306	51
0.06147226574384	0.608565543854246	51
-0.0394790117059201	1.1057670669538	26
-0.0402788059216601	1.52558588872185	781
0.00942153846578009	0.722401275607434	26
0.00986922515735	0.719070043588214	507
0.0778039768086301	1.40207002247724	163
0.0642899230904901	0.596233798709692	165
-0.0213130193444999	1.01510261448612	3321
0.06892446556901	1.24039601267831	561
-0.01850468694316	0.858828726660974	78
0.02421508606289	1.72982329493276	1424
0.0330751614587801	1.53867204306869	78
-0.12135110065846	1.26093525048775	37
-0.0218964692744501	1.0268660615844	399
-0.0105475599010001	0.849632814378228	51
-0.01277701268411	0.874242019353507	2743
-0.0233392826700201	0.990791987548132	901
0.06842849270537	0.557161027550548	507
0.0625247926286401	0.600435015177839	562
-0.0125463663680101	0.860010083167144	278
0.00868183613009999	0.701931062377126	3321
0.10213439746642	1.21817807754947	3321
-0.03293723570378	1.42523082497013	39
-0.12237006598393	1.38035706168662	493
0.06340633790752	0.593211047439799	1
0.06728798377865	0.593090078305361	13
0.06226702000546	0.59760797927366	399
0.0683396127993201	0.592281316130891	51
-0.03920921152724	1.29813865476258	492
0.11835978970286	1.82233244280221	16
0.0652702655347701	0.558410965108669	26
0.10111199339495	1.25028945836862	2491
-0.01751161688281	0.848254418472306	562
-0.0368736722513301	1.34164520770673	1206
0.0132208576757	0.732496897024723	181
0.01375829011628	0.714520639631988	492
-0.0234694323095399	1.02875523287468	901
0.0187997063066001	0.689877109506769	901
-0.0162992063699301	0.842588933779108	901
-0.0246774616168699	0.986678208764958	163
0.06147226574384	0.608565543854246	93
0.0111100807153	0.728454130006173	163
0.06244399995416	0.590281494815779	2491
-0.05098206039111	1.66062775415436	561
-0.01851038384175	1.16144350616143	78
-0.10754373066785	1.48235529169519	1
0.0722258652222101	1.39863255743582	1
-0.11867240888482	1.28439509532067	1
-0.0333294687274299	1.29723444943387	1
-0.0134804623111799	0.861244936573013	37
0.01711256773879	0.721174543860265	13
0.0975700442526599	1.16494006390918	3861
0.06542650623628	0.612599401820178	3861
0.09839494175785	1.13847237452904	781
-0.00745350281898993	0.864389733377017	3320
0.00940918983108996	0.702577727862528	163
-0.02620500193469	0.968495075637046	163
0.0135185423633599	0.69238075938194	2491
0.06728798377865	0.593090078305361	4573
0.0603947449325399	0.586269149131321	5305
-0.0300208693919899	1.18423155898963	136
-0.09526673030181	2.11036573481022	78
-0.12216718566002	1.30219103776265	3817
0.05397660264828	1.53102138733567	3817
-0.0244576536462899	1.02760759713745	1
0.0149141466848399	0.72414860286446	1
-0.12264438176847	1.43757913853692	181
0.07090311279602	1.30332695008896	13
0.01164856006249	0.709785768416903	13
-0.11670396077164	1.47769522982278	399
-0.04205778985459	1.22256979541092	5881
0.0741524425055	1.38521306373553	3861
0.0730911031141299	1.38500419720376	901
0.00986922515735	0.719070043588214	507
-0.0125070154463101	0.999380696504564	562
0.0593291809974199	0.591170142954943	562
0.06244399995416	0.590281494815779	165
0.0487020023145801	1.46868127302435	914
0.01785216428114	0.697602301681372	914
0.06534198003685	0.599148545689121	136
0.06728798377865	0.593090078305361	136
-0.0203865558734699	1.02276135831326	1
-0.0228854560249401	1.03169402630938	1397
-0.11480590255718	1.16232313416577	16
0.00912084256064993	0.716241038125386	3861
0.00788252482656993	0.661083820709603	93
-0.02689128544429	0.952647422749243	93
-0.02251867767662	1.03545007703282	53
0.0633212595661601	0.614983346052817	5305
0.05629892026185	1.54123225220419	78
-0.01184573882794	0.875821973022754	181
-0.0203865558734699	1.02276135831326	13
0.06340633790752	0.593211047439799	26
-0.0286229852408699	1.0265962393165	781
-0.01155065439049	0.876796197105522	901
0.0642899230904901	0.596233798709692	562
0.06647750026025	0.594280815081964	914
0.06639295387207	0.594083958118044	136
-0.11471594640285	1.43025154867924	1375
-0.1164849156818	1.51832865759744	1375
0.0996534839810901	1.21319944308601	1351
-0.11629630525455	1.61059672119976	78
-0.03125063520134	1.1366213220713	1
0.00531758724835996	0.706515306091219	37
0.06033794820574	0.586411525643316	13
-0.0391873646999401	1.07665920829395	26
-0.0417938887857201	1.27871127474414	26
0.06639295387207	0.594083958118044	268
0.00730917789754004	0.698449956448178	93
0.0642899230904901	0.596233798709692	53
0.1006477381089	1.21084025983088	53
0.06041866978774	0.610006844551424	6236
0.06542650623628	0.612599401820178	6236
0.06244399995416	0.590281494815779	6236
0.06340633790752	0.593211047439799	562
0.06244399995416	0.590281494815779	914
-0.0552045738204801	1.85379430449906	78
-0.12162237694653	1.22007954119597	78
0.09029675833279	1.12413479107482	1
0.05902117332268	1.48561318134864	199
0.09330546684391	1.16420924781674	1
0.0623520647057301	0.590348047090132	537
-0.0212796819255501	1.17781942673985	753
-0.02902720085014	1.00605077361767	13
-0.03767625767422	1.58395577419625	734
0.0783768027715399	1.33694338478532	26
-0.0213130193444999	1.01510261448612	781
0.07887562712304	1.36621607048897	869
-0.00778804237730002	0.807657429921869	507
0.0788841329098	1.38830061658125	507
0.0139645005676701	0.73544006362145	6527
0.0615536276722599	0.577202155580126	6236
0.0623520647057301	0.590348047090132	562
-0.00176813037559009	0.814679010947717	2859
0.0135597092022199	0.700784028439046	5305
0.00646225708653003	0.686356485498824	1669
0.01409939638779	0.661582110560098	1669
0.10642831843615	1.22189197030936	914
0.1227455135293	1.78957965576258	493
0.10196695411513	1.17208633268634	1850
0.0216094652813701	1.61791187808859	1
0.0838586893683899	1.34672121402129	13
0.05642355803702	0.582529775776723	13
-0.02235591895696	1.27034508789107	399
0.00986922515735	0.719070043588214	2814
0.0593640112314899	0.604419398142513	4
0.0633212595661601	0.614983346052817	208
0.0101609438313099	0.704900153505215	93
0.09772380624705	1.19273039416187	6527
0.0543263769195901	0.578725673235048	136
0.06147226574384	0.608565543854246	136
0.05911723224998	1.50822456186718	136
-0.0414501601344699	1.28359805745392	78
-0.0347206519085901	1.29669157169918	199
0.09772380624705	1.19273039416187	199
-0.03413385099083	1.28602580395581	1
0.0397591733951901	1.54109536589686	37
0.0636249283211701	1.46636072978618	13
-0.0239217771917	1.02586093526657	13
-0.00804921328391006	0.838080352894188	13
-0.0150510295217401	1.00928485971495	13
0.05033112283958	1.58930887114371	16
-0.124990100003	1.29629212544132	208
-0.0108884597290799	0.857829479902875	93
0.0643744238203801	0.618123110095228	93
0.0951687612793899	1.18236936234043	93
0.10079785495677	1.23821972411895	53
0.07132267595009	0.560831226713624	5305
0.00796325773834994	0.716128290121217	476
-0.03173957223531	1.39531450498877	78
0.03957177189744	1.54529194097344	1424
-0.0256756594095799	1.19790324484804	1
-0.027527320283	1.17343774523139	37
-0.0345194560703701	0.93687533524744	16
0.0945807302700299	1.1911086264519	50
-0.02264561867684	1.1670312975355	781
-0.00270319311233003	0.815567069889641	438
-0.0215241341788299	1.02684513517863	1758
0.0139645005676701	0.73544006362145	684
0.0594452962677301	0.585760739970461	562
0.0128078053115701	0.712620596991427	914
0.07936536766601	1.38376554371475	136
0.0802734051492	1.40749605449497	1375
-0.0350472748289301	1.1299902663065	1424
-0.0350340492379699	1.14019656700114	1208
-0.0335165957988799	1.34883922722032	199
-0.04098694355072	1.60405733200784	4723
-0.11916238397634	1.29396066163632	847
-0.0332604491401101	1.34634999519112	13
0.06639295387207	0.594083958118044	693
0.0955117385417099	1.22616058246441	50
-0.02120826234227	1.12800414313474	507
-0.03274191131812	0.985608153905504	93
0.06041866978774	0.610006844551424	93
0.0623520647057301	0.590348047090132	684
0.06825134024419	0.57610225589685	53
-0.0143459678033699	0.871618952378667	476
-0.03642188633397	1.64412174001256	136
0.0684608623404701	0.532642540036841	136
-0.12024785468442	1.44905224000002	561
0.0641417925641401	1.51075452000522	78
-0.0154411894048501	0.795085649318602	199
0.0765211741002201	1.41455284259484	199
-0.0218275601568401	1.18124711145167	199
0.05417087483002	1.46537308908762	1
0.00656658929516008	0.715595797254537	181
0.00942153846578009	0.722401275607434	181
0.00963872171356006	0.691884552219216	703
-0.02351912018949	1.29350305492496	3768
-0.01687156676711	0.843387445119877	549
0.06639295387207	0.594083958118044	93
0.0583082965247199	0.585951608020247	53
0.0563447856430099	0.584947989934065	476
0.06041866978774	0.610006844551424	136
-0.0281802187386	0.976261055843267	136
-0.04717412123931	1.55803987060511	136
0.0944305845500799	1.18031479475318	1375
-0.12237006598393	1.38035706168662	2169
-0.01663934491576	0.868167095168477	181
0.0552967655608001	0.579872912778297	13
0.06147226574384	0.608565543854246	2407
0.0446938916420601	1.61295580601566	693
0.01434864636725	1.82375030598526	693
-0.03935107491515	1.38265350017924	693
0.01375829011628	0.714520639631988	16
0.06563137098057	1.26859870328321	781
-0.02452546603369	1.16597654091196	18
0.06639295387207	0.594083958118044	715
-0.06208258592315	2.12476612487444	165
0.0122693029330201	0.736813272833165	199
-0.03326852778109	1.19455489694033	181
0.00846489243790005	0.726561423807801	13
0.0563447856430099	0.584947989934065	847
0.07144417841326	0.533464174975927	847
-0.0365146558173199	1.48690849414239	13
0.06485751349558	1.48193871523594	13
0.00374903438885998	0.673046615620633	93
0.00775998475371997	0.683168445359505	93
0.0643744238203801	0.618123110095228	1725
-0.01687156676711	0.843387445119877	715
-0.02251867767662	1.03545007703282	1375
0.0154222312500101	0.719341038461645	1424
0.01690369300297	0.698462264048351	199
-0.0388851421529099	1.05335572239083	13
-0.0193446013481799	1.02868610658457	13
0.06542650623628	0.612599401820178	16
0.06445953054409	0.588277566697379	93
-0.10473782379956	1.35053632429128	767
-0.0348596212080099	1.1158333589156	1375
0.0643744238203801	0.618123110095228	493
0.0103776339676001	0.711572614975651	13
0.06719972913054	0.563532709904846	93
0.0221910848004001	1.85954659353902	53
0.07276776109098	1.40224366667844	1375
0.10079785495677	1.23821972411895	199
0.0183735836977801	0.673109337134819	199
0.0155681711179601	0.66417446083955	199
0.0633212595661601	0.614983346052817	181
0.01933175197509	0.689967993695177	703
0.0632367895670101	0.580180307340911	13
-0.0396196737329499	1.48334727771563	13
0.0150039807559601	0.673432871170342	402
0.0633212595661601	0.614983346052817	16
0.00316429888010994	2.02137263430099	832
0.00837217285402003	0.689089882655618	438
0.0623520647057301	0.590348047090132	93
0.1208348802988	1.80461942622756	473
0.02000129801519	1.83679477317966	1375
0.00565624577578006	0.671379621742576	386
-0.0125463663680101	0.860010083167144	78
0.0195530653925999	0.690928445934762	199
-0.0103256080306799	0.839003057464678	199
-0.02915670673393	1.16596705670213	199
0.0773214604586301	1.3685110767554	181
-0.0251277705405499	1.20097544584334	181
-0.00931992240088997	0.873757613729707	703
0.0663241035881701	0.570725623555877	399
0.10253774689903	1.21919991445121	402
0.02124641758142	0.688633339705387	399
0.0663241035881701	0.570725623555877	693
-0.01751161688281	0.848254418472306	16
-0.0200960151910401	0.841844452595814	832
-0.0210273152435501	0.838208123154638	438
0.0623520647057301	0.590348047090132	93
0.0643744238203801	0.618123110095228	93
0.00846489243790005	0.726561423807801	562
0.0934237610991799	1.08345247405186	767
0.05739171964478	0.583685732032452	386
0.06226702000546	0.59760797927366	78
0.0583082965247199	0.585951608020247	1424
0.06445953054409	0.588277566697379	78
0.0623378061557101	0.568801504130337	199
-0.11035718577807	1.31814221259651	181
0.06041866978774	0.610006844551424	354
0.0593291809974199	0.591170142954943	1706
-0.11439705372945	1.60229422730698	438
-0.12436760033732	1.10492237878518	438
0.0552967655608001	0.579872912778297	93
0.06226702000546	0.59760797927366	534
0.0132208576757	0.732496897024723	78
0.00796325773834994	0.716128290121217	1
-0.0210949345179301	0.816395770777626	354
-0.0387639265123401	1.29525443259843	399
-0.04117995203424	1.64771790265145	18
0.0372373649502	1.50737443619553	93
0.0612628663471699	0.556505185692855	534
-0.02763318954915	1.03408940864849	1
0.0593640112314899	0.604419398142513	199
0.0277022267037701	1.63689528198906	181
0.00796325773834994	0.716128290121217	37
-0.02230175479529	1.18488209785541	399
-0.01839567171284	1.01930700745136	18
0.05417087483002	1.46537308908762	18
0.0582815960188201	0.588315347493659	268
-0.03980444496716	1.28216674784248	438
0.0722791748777001	0.546219501118653	438
0.08830367587913	1.1176205020504	438
0.02674831315439	1.80822877473481	1259
-0.0275945898818299	0.992251367320339	6503
0.00646225708653003	0.686356485498824	181
0.0161631014020001	0.722145016404697	93
-0.01411503325828	0.832445190378866	93
0.064368383938	0.569210663601677	534
0.00550596231884004	0.677005978540071	199
0.10372063070193	1.21797090879785	181
0.01933175197509	0.689967993695177	181
-0.10492656145453	1.44193187948042	2842
0.0835393819707799	1.38171196150145	399
-0.10533153873694	1.71246887919423	693
-0.12211278175246	1.23309800982909	18
0.00531758724835996	0.706515306091219	1459
-0.0307375682676101	0.927276619679549	93
0.00267223597606003	0.684284668862338	93
0.0161631014020001	0.722145016404697	53
0.10486211019767	1.24306813336637	78
-0.10666684650188	1.2889592185734	1
0.0266657812742599	0.615836339792343	199
0.06147226574384	0.608565543854246	199
-0.01306967540884	0.835918222194879	37
-0.00242341788070011	0.80754465325943	402
0.02124641758142	0.688633339705387	93
0.06542650623628	0.612599401820178	78
0.1036325115569	1.22180452509349	1
0.0593640112314899	0.604419398142513	37
0.0929918586990199	1.07803899720367	62
-0.02268149923748	0.776561002504921	703
-0.0315307111765999	0.943834274322172	13
-0.0289279347846601	1.17484567333142	402
0.0683396127993201	0.592281316130891	18
0.0604999958741099	0.584499872770367	5899
-0.12475262308539	1.17415543180004	136
-0.01312050439387	0.870391117081159	1375
0.06147226574384	0.608565543854246	199
-0.0213731942539801	0.812294971657625	2227
0.0593640112314899	0.604419398142513	703
-0.0264424359330899	1.18139134992808	13
-0.0345194560703701	0.93687533524744	402
0.06244399995416	0.590281494815779	1112
0.0154222312500101	0.719341038461645	50
0.0654398921447401	0.556358479245112	135
0.0642899230904901	0.596233798709692	93
0.0583082965247199	0.585951608020247	53
0.06639295387207	0.594083958118044	2762
-0.02424287766676	1.16669051440865	136
0.0372375447719699	1.67365358305856	1375
0.1007369292776	1.19122093760538	6372
0.0120624631094199	0.737759376900683	1
0.0118564119201701	0.704081058345987	2227
0.03278760630898	1.7308653147805	13
-0.0321242127630299	1.31789533345375	402
0.0821531597805601	1.37572027953699	693
0.0582815960188201	0.588315347493659	16
0.06226702000546	0.59760797927366	18
-0.0213250652205601	1.02561162310489	1459
0.06226702000546	0.59760797927366	3255
0.062260129787	1.51042531394513	93
0.01711256773879	0.721174543860265	53
0.0613915060103301	0.591587161243202	68
0.01082086026106	0.71277476751038	562
-0.04066414083496	1.32484045202412	476
-0.04522472403517	1.58348272113831	1259
0.06623526001581	0.579547723010784	402
0.0960838465082601	1.24063708268344	402
0.00912084256064993	0.716241038125386	16
-0.0181969647418601	1.00646130535586	50
0.00511405992928005	0.69090002216808	18
-0.0159414667494899	0.84703458211232	18
0.0625247926286401	0.600435015177839	135
-0.00961629591099999	0.863059469626353	135
0.06357624394956	0.58106390152894	53
-0.0346532652712099	1.17662160648688	78
0.0132208576757	0.732496897024723	1
-0.01881077134367	1.01848462844264	199
0.05424766592018	0.563140778604807	2260
-0.0388201050688499	1.50604314007981	6729
0.05733271948467	0.563962076176424	402
0.07865381811395	1.32129304141853	693
-0.0182422723287401	0.780446140578079	137
-0.01184573882794	0.875821973022754	18
0.06445953054409	0.588277566697379	68
0.0219084299374299	1.86226967039435	1259
-0.11182786835131	1.61494648585038	1259
-0.0497080389169999	1.68172707389047	293
-0.11969853005633	1.20693544408228	78
0.11332571867288	1.68427558771002	482
-0.03136686982645	1.3551886224509	1
-0.01876208046494	1.03160073353127	199
0.12037632637211	1.76190352174919	4268
-0.00654424918092	0.808565295015151	402
-0.0342502398228901	1.64648968029189	137
-0.10679567161205	1.57010554918713	2981
-0.0253269727210299	1.29629418584522	18
-0.03614686663689	1.12491030448761	18
0.06244399995416	0.590281494815779	18
0.01082086026106	0.71277476751038	413
0.06349542356393	0.582800490172654	68
-0.01314767030053	0.828606122214531	78
-0.0213547994924901	0.993776878800302	158
-0.01786752075732	0.861118177611617	78
-0.02837386850954	1.19319138973114	4268
-0.0251348048435101	1.12418342005941	703
0.00341888433818993	0.703635927071053	703
0.10079221375954	1.16283111072679	13
-0.01637546258603	0.796018926886418	13
-0.01306967540884	0.835918222194879	13
0.00825690538169011	0.7068864775383	402
-0.0242512300273501	0.792833845129057	693
0.00966577110509004	0.696480830505913	16
0.01711256773879	0.721174543860265	16
0.05838953532209	0.580688152007467	135
-0.0303949653370801	0.969322846971446	158
-0.0237569367927799	1.17135552037622	158
0.0623378061557101	0.568801504130337	1
0.0453493545473001	1.6232857201683	62
0.0103634645494499	0.72555161132246	13
0.0588683379972501	1.48102350860174	13
0.06244399995416	0.590281494815779	402
-0.0280251054477001	1.17285029633266	16
-0.12447665545513	1.13036040224057	18
0.06739007766368	0.540705452991664	413
0.01470786186503	0.710564081401421	68
-0.10037904485672	1.99356052811063	2586
-0.0337565235974799	1.12149854072201	2586
0.0175026119441699	1.74702278552018	2586
0.03457042538575	1.77104740937829	136
0.0113168370686501	0.734779276206035	136
0.00788252482656993	0.661083820709603	293
-0.0228881681045801	0.81386283701268	526
-0.00522727493878006	0.85311202035104	199
-0.0108884597290799	0.857829479902875	199
0.00891668950697011	0.720228398276574	199
-0.0103452464736999	0.829412361487659	703
0.0950031783015299	1.19354434041757	6729
0.06033794820574	0.586411525643316	13
-0.0302401009578299	1.1784304339931	693
0.06349542356393	0.582800490172654	693
0.0113168370686501	0.734779276206035	135
0.06147226574384	0.608565543854246	157
0.00986922515735	0.719070043588214	562
0.0464917266176199	2.21520401328858	2586
-0.0144259622055001	1.92946012400531	136
0.0161631014020001	0.722145016404697	293
-0.10525328860081	1.7245426052778	1375
-0.0275718265884899	1.17220833787957	158
-0.0365146558173199	1.48690849414239	158
-0.03423219224243	1.1875044766401	199
-0.00868445379130001	0.868535834989675	62
0.06244399995416	0.590281494815779	801
0.06191746749252	1.53580184324131	37
0.07882433007783	1.38809667665857	703
0.0067734472521499	0.70388519955026	13
0.0438612093259401	1.67509998052648	399
-0.0216965311253401	1.15863353090347	16
0.06842849270537	0.557161027550548	1189
-0.01155065439049	0.876796197105522	90
-0.01570580150387	0.863949742631649	18
0.06041866978774	0.610006844551424	2724
-0.01312050439387	0.870391117081159	68
-0.0165810219722899	0.851953455829327	157
0.0613915060103301	0.591587161243202	53
-0.02985503370735	0.883130625898863	136
0.0067734472521499	0.70388519955026	136
0.06534198003685	0.599148545689121	293
-0.10980897269599	1.00934813730313	293
0.0139645005676701	0.73544006362145	158
0.0613915060103301	0.591587161243202	801
0.0603801293323201	1.47778684590727	181
0.01186768834106	0.689451119463823	13
0.0643744238203801	0.618123110095228	693
-0.01634168970852	0.834831117227316	377
-0.0334072928643101	1.4632374359163	377
-0.00618479123711002	0.829750991035287	18
0.0111100807153	0.728454130006173	53
-0.01501078430284	0.845793849672636	68
0.00816731990536002	0.717381511893217	293
-0.0338498320256999	1.43768229840465	293
-0.0125070154463101	0.999380696504564	62
0.0139645005676701	0.73544006362145	801
0.0593640112314899	0.604419398142513	703
0.0158628717443601	0.700033235085568	37
-0.0184416293699701	0.839144666943167	13
-0.02388519455389	0.97641550874696	13
-0.0257237849392	1.407732879922	402
0.0985267177793201	1.87441779499571	137
0.07501662468075	1.41036917802802	16
-0.01312050439387	0.870391117081159	18
0.0602931171537799	0.592350106122282	18
-0.12405432445452	1.11875911802418	1459
0.0827930550602101	1.34199677425783	135
-0.03030260909006	1.17728639069459	135
0.10378192633317	1.21033813061094	53
-0.0168460931451	0.81550005885383	53
0.06147226574384	0.608565543854246	157
-0.0536428465413801	1.61538454722167	136
-0.0153469161939901	0.842548152527917	158
0.06041866978774	0.610006844551424	785
0.06842849270537	0.557161027550548	402
0.06244399995416	0.590281494815779	135
0.0652702655347701	0.558410965108669	105
-0.0121394780940101	0.843107129542291	690
0.00816731990536002	0.717381511893217	53
0.0643744238203801	0.618123110095228	473
-0.0259025402775701	0.992345256549322	293
-0.0168493596365	0.992586122082752	78
-0.02631710111731	0.891058568102821	158
-0.0408665748789201	1.41898199915001	78
-0.0252734324646799	0.962818151058391	158
0.06135620446135	0.587426231279741	158
0.01470786186503	0.710564081401421	801
0.0156565160776601	0.700260883207549	801
-0.0166241169517001	1.01885681329405	37
0.0652702655347701	0.558410965108669	5039
0.07411506304842	1.3140661059386	13
-0.02079629482586	0.798890178656218	402
-0.01628913583131	0.840730028269732	135
0.0643744238203801	0.618123110095228	135
0.0161631014020001	0.722145016404697	53
0.06340633790752	0.593211047439799	1399
0.00891668950697011	0.720228398276574	157
0.06033794820574	0.586411525643316	3097
0.0163726937669499	0.718386534443841	62
0.0558576447278101	1.5544115463329	785
-0.03463050455968	1.13187687987947	801
0.0552967655608001	0.579872912778297	801
-0.0245602927891699	0.953088569078646	785
-0.0216662891196699	0.836033029036712	4516
0.0146810823290899	0.692158511839575	5039
0.06534198003685	0.599148545689121	5039
-0.0293785050341899	1.55254717382072	402
-0.04149040590043	1.39304158858612	402
0.07549026987746	1.36557078769833	16
0.06349542356393	0.582800490172654	16
0.00721290209143	0.713310891105617	16
-0.0249127047993201	1.01357921727869	18
-0.0147180830556299	0.84453686005397	18
0.00942153846578009	0.722401275607434	18
-0.0233810464286099	1.29354046011535	690
-0.0244576536462899	1.02760759713745	690
0.0683396127993201	0.592281316130891	3407
0.06340633790752	0.593211047439799	157
-0.0213250652205601	1.02561162310489	157
0.0294822508439601	1.6781197675555	293
0.05582438312261	1.60438693319195	78
0.0631291532279401	1.48882539944301	3097
-0.00459411379233998	0.848237249223963	62
0.00625759353500999	0.703046683170568	13
0.01325462822819	1.8251419371853	13
-0.11635875494172	1.42381451534773	399
0.0580999541293801	1.45496010468859	402
-0.04808458362907	1.96546483113913	905
0.0593640112314899	0.604419398142513	16
0.0632367895670101	0.580180307340911	18
-0.0229297556338699	1.0308135083012	18
-0.0191641321219	0.840637391160984	18
0.0593291809974199	0.591170142954943	1536
-0.0209117288687199	1.16891246370295	399
0.0623520647057301	0.590348047090132	860
-0.01581635520328	1.98540475159592	402
0.0625247926286401	0.600435015177839	2723
0.06147226574384	0.608565543854246	476
0.0113168370686501	0.734779276206035	476
0.0593640112314899	0.604419398142513	473
0.0592466517154899	0.589487289204729	3097
-0.02602961408982	1.00323980622714	158
0.00912084256064993	0.716241038125386	402
-0.12154223615071	1.4940802339549	1459
0.0604999958741099	0.584499872770367	473
0.0652702655347701	0.558410965108669	158
0.10536597547722	1.20807411716531	158
-0.0971528487753199	1.87124835760535	785
0.00891668950697011	0.720228398276574	377
0.0625247926286401	0.600435015177839	377
0.0642899230904901	0.596233798709692	1536
0.10136975004656	1.22318900041811	293
0.00816731990536002	0.717381511893217	78
0.0609989431868601	1.50091836023473	230
0.0633212595661601	0.614983346052817	78
0.0594452962677301	0.585760739970461	158
0.0633212595661601	0.614983346052817	3097
0.0219816354383799	0.667793259777991	158
-0.01127891318906	0.836637668464578	785
0.0130139378829	0.73980439910164	1363
0.0139645005676701	0.73544006362145	1363
0.10833050389095	1.88782825898157	399
0.0139645005676701	0.73544006362145	860
0.0594452962677301	0.585760739970461	860
0.0176357102945399	0.670736836395373	16
0.0615536276722599	0.577202155580126	16
0.0563447856430099	0.584947989934065	3094
-0.00709362659925006	0.839669590399895	105
0.06542650623628	0.612599401820178	1127
0.06033794820574	0.586411525643316	476
-0.02562324024977	1.18785896044529	158
-0.04859914179167	1.6679449494877	158
-0.02947773721261	1.17828237123562	62
-0.04316107287225	1.2779707309545	5633
0.0632367895670101	0.580180307340911	377
0.0440934544574201	1.58686043072255	158
0.00796325773834994	0.716128290121217	785
0.06041866978774	0.610006844551424	16
0.05928333299222	0.56931930957308	377
0.0594452962677301	0.585760739970461	1127
0.06129671746841	0.574642001655142	293
0.06340633790752	0.593211047439799	158
0.07132267595009	0.560831226713624	158
-0.00931992240088997	0.873757613729707	158
0.0643744238203801	0.618123110095228	3097
-0.0209424233704301	1.02055152996848	158
0.0633212595661601	0.614983346052817	158
0.0633212595661601	0.614983346052817	1818
-0.11352828271661	1.37183049541881	13
0.06329578909097	0.569886712575052	16
-0.01501078430284	0.845793849672636	377
-0.0209424233704301	1.02055152996848	18
0.0582815960188201	0.588315347493659	275
0.0543263769195901	0.578725673235048	611
0.00656658929516008	0.715595797254537	690
0.0967326707174601	1.19208645297206	472
-0.01370770621658	0.866401773172136	511
0.0130139378829	0.73980439910164	221
-0.02173046691532	0.797510189715421	293
-0.0161743217257899	1.14117370218557	158
0.0593640112314899	0.604419398142513	158
0.10792780070306	1.23212411929816	785
0.06041866978774	0.610006844551424	664
0.04012309813311	1.6145465294077	13
0.00656658929516008	0.715595797254537	1071
0.0643744238203801	0.618123110095228	1071
-0.02266040890858	1.15028795007678	541
0.06041866978774	0.610006844551424	755
-0.0301813862584399	0.992013794701377	293
0.0693018553326901	0.575374858990599	221
0.05928333299222	0.56931930957308	158
-0.03531751508278	1.30311911549434	1704
-0.0394614551407999	1.23828943494379	1580
-0.00459411379233998	0.848237249223963	402
-0.0310129031772299	1.26362373669085	1071
0.0633212595661601	0.614983346052817	1071
0.0643744238203801	0.618123110095228	74
0.05838953532209	0.580688152007467	611
0.09468691147186	1.95596551676599	511
0.0931619379155699	2.41590043191235	511
-0.0233392826700201	0.990791987548132	293
0.01375829011628	0.714520639631988	221
0.06639295387207	0.594083958118044	4093
-0.02231366231832	1.01341395534518	1363
0.06147226574384	0.608565543854246	664
0.0712021130359299	0.538084495000004	2099
0.06534198003685	0.599148545689121	74
0.0195530653925999	0.690928445934762	611
0.10424897247805	1.18216428782378	511
-0.1187600631221	1.33019488366933	293
-0.0210273152435501	0.838208123154638	158
0.0604999958741099	0.584499872770367	158
0.0625247926286401	0.600435015177839	785
0.0770123298469301	1.32846650779649	785
-0.12394654233321	1.12269437260868	402
0.06763609407535	1.31348824021459	1071
0.0103634645494499	0.72555161132246	50
-0.02032326567541	1.00459538416043	611
0.0602931171537799	0.592350106122282	135
0.0643744238203801	0.618123110095228	390
-0.11727427775502	1.41724481394427	511
-0.05260647279667	2.41461302265726	511
0.04813390326685	1.56156051279288	221
0.0227434386658201	0.656314249841035	1306
0.0853618268049301	1.36779392250965	158
-0.00999383247218999	0.807203859913602	158
-0.0361778614158099	1.15217929482254	158
0.00772440077893011	0.705767625382144	158
-0.11205467241041	1.78906929084706	13
-0.0213250652205601	1.02561162310489	137
0.0139645005676701	0.73544006362145	237
0.0772636379718901	1.37802994204869	18
0.0613915060103301	0.591587161243202	135
0.10351282836025	1.22502469325531	690
-0.00804921328391006	0.838080352894188	293
-0.0137791308422199	0.858067756419343	293
0.0580961629771299	2.13080420552055	158
0.08583877020061	1.37066584845288	1090
0.0996523888835601	1.12431418932043	402
-0.10320883661645	1.90163196811193	511
0.0623520647057301	0.590348047090132	599
-0.0484085956251501	2.29765563301543	785
-0.0241430526348101	1.31726548810695	1090
-0.0287896956256599	1.14359437941885	377
-0.0147716759093199	0.853762610890154	690
0.0642899230904901	0.596233798709692	3180
-0.11907546289294	1.10377531573188	402
0.06226702000546	0.59760797927366	137
-0.0453133264438701	1.40942831785573	2689
0.0130139378829	0.73980439910164	1534
-0.03600274635734	1.24717410124741	1395
0.05739171964478	0.583685732032452	158
0.00825690538169011	0.7068864775383	1090
-0.01628913583131	0.840730028269732	135
-0.0547362745929101	1.8683800726663	473
0.0566044347538901	1.45600415425952	221
0.0989689761036101	1.14398877428555	221
0.0130139378829	0.73980439910164	1306
0.00626556850794002	0.700480241599344	78
0.00891668950697011	0.720228398276574	158
-0.01306967540884	0.835918222194879	158
0.06147226574384	0.608565543854246	158
-0.0408595414083599	1.64445227153249	1090
0.00846489243790005	0.726561423807801	2689
0.0625247926286401	0.600435015177839	621
0.0584375610224099	0.576382220207233	390
0.0423080181379101	1.66135074640841	511
-0.0486007975399301	1.68949549571149	293
-0.0313515351582301	0.98710277003586	293
-0.01628913583131	0.840730028269732	221
0.10236304253229	1.22077073151746	62
0.06033794820574	0.586411525643316	2953
-0.12222357916651	1.39507827411408	293
0.12422214444051	1.79728242017353	221
0.08257585026866	1.38489264812736	221
0.0604999958741099	0.584499872770367	158
0.0111100807153	0.728454130006173	158
0.00151655727835998	0.671648081521873	62
0.01238578444438	0.693109434251133	4063
0.0941794498344699	1.16976483537795	785
0.0187997063066001	0.689877109506769	626
0.06825134024419	0.57610225589685	626
0.00942153846578009	0.722401275607434	532
0.01711256773879	0.721174543860265	402
-0.0195317461755999	0.986923962220537	137
-0.12421879537685	1.22997300811184	2689
0.06041866978774	0.610006844551424	690
0.06341166721421	0.568130784041491	68
0.04167927267656	1.59248242787746	221
-0.11732056079652	1.27079158317069	785
-0.0308519074132201	1.1913791981955	2689
0.0593640112314899	0.604419398142513	3568
0.06147226574384	0.608565543854246	4348
0.0603947449325399	0.586269149131321	293
-0.0134147775901201	0.879582006178494	158
0.0119759952488001	0.67462766007215	4063
-0.00681903344092993	0.859328366175118	402
0.06041866978774	0.610006844551424	390
0.00172052810089007	0.674948611719357	293
0.06226702000546	0.59760797927366	1306
0.0106173208729501	0.695449529793129	78
-0.0110966444999601	0.985638120773049	814
0.0593291809974199	0.591170142954943	4063
0.0643744238203801	0.618123110095228	13
-0.11816579334437	1.34946698794282	13
-0.0179426271668399	0.807425783847722	402
-0.02605879162875	1.02880513211553	2689
0.0643744238203801	0.618123110095228	2689
-0.0615003487355701	2.19641312507434	476
0.0633212595661601	0.614983346052817	293
0.09658676840772	1.1797878951529	158
0.0111100807153	0.728454130006173	2647
0.0623520647057301	0.590348047090132	1250
0.06041866978774	0.610006844551424	3319
-0.00838700233281009	0.872450793127639	129
0.0633212595661601	0.614983346052817	377
-0.09194317080444	2.13560220877844	293
0.02124641758142	0.688633339705387	293
0.01933175197509	0.689967993695177	293
0.06147226574384	0.608565543854246	1306
0.06340633790752	0.593211047439799	1306
0.06341166721421	0.568130784041491	158
0.06728798377865	0.593090078305361	158
0.0849290206470901	1.34057557306423	2212
-0.0043842614349201	2.20207648830692	718
0.00247912430905006	0.652818662215267	237
0.0625247926286401	0.600435015177839	1174
0.00267223597606003	0.684284668862338	369
-0.10251300268377	1.58045251154257	690
-0.0362025378678299	1.39943567777984	293
-0.01154044099913	0.940772086383664	158
0.01082086026106	0.71277476751038	457
-0.0237569367927799	1.17135552037622	2689
0.0643744238203801	0.618123110095228	2953
0.0157889656574599	0.682370479821312	2953
0.01375829011628	0.714520639631988	1174
0.0105709269644401	0.70595301906272	41
0.06244399995416	0.590281494815779	135
-0.10500483492325	1.95642814676955	956
0.0914473419322199	1.17810053540397	956
-0.03514689568059	1.25589548414628	956
-0.04881723578348	1.88718558550036	1306
0.0118564119201701	0.704081058345987	708
0.0805774554894501	1.92773028362035	956
0.0663241035881701	0.570725623555877	956
-0.0133896549452801	2.16124896195554	956
0.05809646103096	1.54670460879887	956
0.0414224935859	2.0689794828704	293
0.06854441175806	1.31886968735113	293
0.0593640112314899	0.604419398142513	5402
0.0161631014020001	0.722145016404697	129
0.0602931171537799	0.592350106122282	129
-0.12373507835906	1.28809649872154	129
0.06542650623628	0.612599401820178	513
0.00846489243790005	0.726561423807801	402
-0.0213130193444999	1.01510261448612	718
0.06623526001581	0.579547723010784	718
0.0681020250034801	1.26637427578128	1174
0.0775352758247301	1.36968180739077	956
-0.0258389260160501	0.948842119597955	956
0.08123903179673	1.39579939898215	2212
-0.0347206519085901	1.29669157169918	718
0.0581990872926701	0.57377829641248	2689
0.0249170114636199	1.67231085120803	135
0.10778085237824	1.20534590914886	68
0.064368383938	0.569210663601677	68
-0.10345625649721	1.77047844360614	956
0.0892663349410201	2.46029531570343	956
-0.0469861950903701	1.36690407171612	956
0.06033794820574	0.586411525643316	956
0.00457293208292997	0.687023390764286	4203
-0.0485329576139599	1.32879485990275	62
0.09908100783434	1.16160129014443	129
0.06041866978774	0.610006844551424	513
-0.02911352477144	1.40403027760044	92
0.06639295387207	0.594083958118044	718
0.05642355803702	0.582529775776723	718
-0.0197525326766701	1.03344341480425	2953
-0.04102436799938	1.40368172759153	1735
-0.00711729152801	0.836952279784297	956
0.04259120653366	1.60851773025658	92
0.06737684818267	0.570027814694718	718
0.0731888218745	1.39538237258419	956
0.0152648444508601	1.80914963699694	956
-0.0231165094503401	1.29297190999842	956
0.00362303878734993	0.688009958981519	78
0.01711256773879	0.721174543860265	4203
0.06147226574384	0.608565543854246	2212
0.0778039768086301	1.40207002247724	402
0.06147226574384	0.608565543854246	718
-0.0264657189987101	0.992245010461773	68
-0.10704485486702	2.1622190119817	956
0.062260129787	1.51042531394513	78
0.112964484835	1.81017957659102	78
-0.0359156897870701	0.928014708013588	750
0.10505871587461	1.23678761119238	1302
0.0745948018993701	1.40550199156034	402
-0.12357620589533	1.37013636911649	2953
-0.02605879162875	1.02880513211553	2953
0.0415986168065501	1.61362893855428	135
-0.11055486829497	1.28340231695199	135
0.0813174912358901	1.99173865442686	956
-0.05317343090868	1.83116128444666	956
-0.09662975091169	1.84838287547332	956
0.0378632084360599	1.50880670664759	506
-0.0368736722513301	1.34164520770673	5005
-0.12284055884233	1.19331276550995	78
-0.02231366231832	1.01341395534518	1945
-0.0279534249525599	1.17543347164951	61
-0.00939098371827995	0.841537811644646	513
-0.03234018167409	0.983697856687141	402
-0.10882873506816	1.47961530080353	402
-0.03558444248193	1.15327034050463	2953
-0.0106177205173901	0.866257249525985	2694
-0.0218964692744501	1.0268660615844	1302
-0.04647444535487	1.39419579764521	2212
-0.0328179488149201	1.10482464968697	402
0.00457293208292997	0.687023390764286	604
-0.03675698537196	1.41170892633341	61
-0.00270319311233003	0.815567069889641	129
-0.0294716890086699	1.20460173231081	129
-0.02664235054721	1.19666854967001	92
-0.00237375803087003	0.812614973494156	2689
-0.11080286268211	1.36236645702686	2953
-0.02837830866342	1.15672432544712	604
0.0122693029330201	0.736813272833165	750
0.0624284221839799	0.570932185202452	513
0.07144417841326	0.533464174975927	343
0.0122693029330201	0.736813272833165	402
0.0643744238203801	0.618123110095228	237
0.00301058547172994	0.672719857166983	68
-0.11668530386338	1.32761749880079	293
-0.0363240071730699	1.59486911762369	293
0.0552967655608001	0.579872912778297	4863
0.0453340618237801	1.58689299654088	41
0.0643744238203801	0.618123110095228	2054
0.0126044147767399	0.70888947383478	750
0.06825134024419	0.57610225589685	513
-0.03216849555128	1.18333415360458	402
-0.0369742421157899	1.42866062317482	718
-0.10905953909065	1.18235611372938	1174
0.01091104111603	0.69025837488413	459
-0.0233810464286099	1.29354046011535	135
0.0644844430780101	0.555327372148863	78
0.00846489243790005	0.726561423807801	78
-0.03890546542789	1.0918110169669	343
0.0593291809974199	0.591170142954943	402
-0.12082197416766	1.11537443367759	402
0.0641539879529101	1.51539143164455	402
0.10650610354022	1.19726306523478	936
0.0623520647057301	0.590348047090132	506
0.0582815960188201	0.588315347493659	2054
0.0583082965247199	0.585951608020247	513
0.0132208576757	0.732496897024723	343
0.0613915060103301	0.591587161243202	402
0.0633212595661601	0.614983346052817	68
0.06901331154311	1.34746991044821	293
-0.0436939122558599	1.42576512033033	293
0.06041866978774	0.610006844551424	3058
0.0623520647057301	0.590348047090132	402
-0.00207162290885998	0.82458751517463	402
0.06147226574384	0.608565543854246	135
0.06244399995416	0.590281494815779	690
0.0882567242372001	1.34576409385963	293
0.06147226574384	0.608565543854246	1195
0.06329578909097	0.569886712575052	2600
0.0139645005676701	0.73544006362145	727
0.0582815960188201	0.588315347493659	62
0.00416524821400999	0.687150071443609	62
0.00362303878734993	0.688009958981519	1769
0.00912084256064993	0.716241038125386	1769
0.0633212595661601	0.614983346052817	402
0.06033794820574	0.586411525643316	402
0.03910556506318	1.63120904944264	402
-0.0216662891196699	0.836033029036712	2694
0.01375829011628	0.714520639631988	2694
-0.0199273235404001	1.01146526695441	41
0.00730917789754004	0.698449956448178	78
0.0643744238203801	0.618123110095228	62
0.0318749765109601	1.68943952918709	129
0.10887734289035	1.12606443826594	574
0.0574705148550201	0.575256772311635	402
0.0592466517154899	0.589487289204729	402
-0.0127317068542001	0.966751286294827	402
-0.0236915248249601	0.973913610478263	1174
0.0180614897467899	0.71272459725209	735
0.0111100807153	0.728454130006173	78
0.0188762705849199	1.79111671313554	78
-0.02251867767662	1.03545007703282	92
0.06033794820574	0.586411525643316	3448
0.0641539879529101	1.51539143164455	402
0.0642899230904901	0.596233798709692	402
0.06147226574384	0.608565543854246	669
-0.11873262399348	1.37994480370236	293
-0.05180827547079	1.58492727498786	293
0.0144708459462799	0.712703450377961	506
-0.0275945898818299	0.992251367320339	78
0.0613915060103301	0.591587161243202	1084
0.10949160042276	1.21505100091755	402
-0.0235970660031299	0.778565992009666	936
0.0642899230904901	0.596233798709692	2278
-0.000754563014669918	0.622635951769648	224
-0.0166241169517001	1.01885681329405	129
0.00511405992928005	0.69090002216808	129
0.06542650623628	0.612599401820178	129
-0.01191252664945	0.862275984614568	936
0.0465144742019501	1.61848446358074	1174
0.06623526001581	0.579547723010784	232
0.0643744238203801	0.618123110095228	4560
-0.0293385749236199	1.18884736476962	129
0.0532423795777599	0.540393679488276	129
0.0615536276722599	0.577202155580126	1035
0.0627438015306601	1.25185001869035	402
-0.0112087009081501	0.844588051811072	2673
0.00656658929516008	0.715595797254537	936
-0.00838700233281009	0.872450793127639	690
-0.02351212327907	1.0372956124035	129
0.06534198003685	0.599148545689121	402
0.00606196018478	0.689897599948616	835
0.0633212595661601	0.614983346052817	5886
-0.11479030622	1.21915425869145	78
0.01505522837819	0.664778780041275	78
0.06340633790752	0.593211047439799	129
0.0139645005676701	0.73544006362145	129
0.0770617945815399	1.39687672049559	402
-0.1237516979646	1.24671972890344	402
0.01007346563013	0.7100092467473	1174
-0.0232892560524001	1.01863844473801	2221
0.0872910968954601	1.36169006660174	173
0.06542650623628	0.612599401820178	173
0.05537550987805	0.583784270938947	129
0.00871332425912996	0.692693294174532	3815
-0.0275945898818299	0.992251367320339	237
0.06542650623628	0.612599401820178	122
0.0563447856430099	0.584947989934065	173
0.0703656737955001	0.541521287348341	129
0.0633212595661601	0.614983346052817	1135
0.06041866978774	0.610006844551424	1135
-0.02604813353502	1.18012165449572	402
0.00436869103708992	0.707605310543544	402
0.0566303826753201	1.51782804921658	402
0.06534198003685	0.599148545689121	237
-0.11918651731653	1.39260583876891	1174
-0.0182092002946199	0.837164003089588	68
0.06147226574384	0.608565543854246	130
-0.01277701268411	0.874242019353507	129
0.06825134024419	0.57610225589685	129
-0.0561335139670101	1.91827039934983	129
-0.00868445379130001	0.868535834989675	281
0.0693018553326901	0.575374858990599	402
0.0642899230904901	0.596233798709692	402
0.06041866978774	0.610006844551424	3275
0.06639295387207	0.594083958118044	239
0.0563447856430099	0.584947989934065	130
0.05024068568686	0.545454871384581	129
-0.03078954973376	1.19255468403428	129
-0.0195068418220401	0.805804100684205	402
0.06534198003685	0.599148545689121	402
-0.02508736967303	1.02065087181448	402
-0.0265683912391801	1.11482039553692	2673
0.10875574636634	1.19521420532686	426
0.0623378061557101	0.568801504130337	6717
-0.0987208138862401	2.46760669958774	2093
0.01674343174545	0.677733684606275	173
0.01711256773879	0.721174543860265	173
0.06623526001581	0.579547723010784	129
0.0642899230904901	0.596233798709692	3096
0.06147226574384	0.608565543854246	402
-0.01980533435365	1.01654139867352	402
0.051495746419	1.4047235514711	2673
0.0152127113051601	0.715455757589842	222
0.0103776339676001	0.711572614975651	1174
0.0373947141865001	1.58889521644008	369
-0.00586066213306991	0.843259582113316	239
-0.03900894787021	1.53841060079955	129
-0.0106177205173901	0.866257249525985	1035
0.06033794820574	0.586411525643316	402
0.06041866978774	0.610006844551424	3275
-0.00804921328391006	0.838080352894188	1277
0.06534198003685	0.599148545689121	239
0.05739171964478	0.583685732032452	173
-0.0369320457761	1.28990625828537	129
0.10949160042276	1.21505100091755	402
-0.03224527634926	1.10997194476434	402
-0.0184522684961099	1.16242615992319	821
0.06719972913054	0.563532709904846	821
0.064368383938	0.569210663601677	1174
0.06340633790752	0.593211047439799	107
-0.0177705356203599	1.02309992140777	130
-0.03423219224243	1.1875044766401	173
-0.0537467107243801	1.44308879414637	173
-0.0213803507708299	1.01296571936386	173
0.0613915060103301	0.591587161243202	2705
0.0604999958741099	0.584499872770367	2588
0.0633212595661601	0.614983346052817	129
0.0633212595661601	0.614983346052817	129
0.06534198003685	0.599148545689121	129
0.06542650623628	0.612599401820178	402
0.06825134024419	0.57610225589685	402
0.0663241035881701	0.570725623555877	222
0.06033794820574	0.586411525643316	222
0.0159542969912201	0.692297928289701	6717
0.06542650623628	0.612599401820178	122
0.06340633790752	0.593211047439799	68
-0.0245044728133701	1.03226994790639	239
0.10625376860623	2.30602399352404	130
-0.02920735067384	1.01505246641426	173
0.00625759353500999	0.703046683170568	2705
0.0592466517154899	0.589487289204729	173
-0.02173016648198	1.01625064345201	1035
0.0592466517154899	0.589487289204729	260
0.0834351981095101	1.33775697266983	129
-0.00711729152801	0.836952279784297	510
0.0593291809974199	0.591170142954943	129
-0.0137791308422199	0.858067756419343	402
0.0163726937669499	0.718386534443841	380
-0.0232085830291999	1.16799743525632	173
0.0642899230904901	0.596233798709692	173
0.0702443557948	0.552125753392425	1035
0.06033794820574	0.586411525643316	129
0.0703512677786999	0.562215820690454	402
-0.01536724835033	0.844093172719436	402
-0.0340135840579301	1.28981878447364	217
-0.00582552723727003	0.807476085485051	706
-0.11745235296814	1.26226654996836	706
0.0594452962677301	0.585760739970461	222
-0.0210273152435501	0.838208123154638	6717
-0.0364688628104499	1.41111638597719	369
-0.0213731942539801	0.812294971657625	167
-0.0321474759479901	1.15477479869179	4261
0.06534198003685	0.599148545689121	107
-0.02756377514799	1.32018179788789	281
0.06340633790752	0.593211047439799	706
-0.01127891318906	0.836637668464578	1277
0.06623526001581	0.579547723010784	380
0.0200685440167401	0.668970595667674	1188
0.0633212595661601	0.614983346052817	129
-0.02747257657738	0.724673859149941	129
0.06147226574384	0.608565543854246	129
0.00942153846578009	0.722401275607434	402
0.02172951297017	1.78722733258532	402
-0.0330011903422001	1.27068814047235	706
0.06329578909097	0.569886712575052	1188
0.12430553259054	0.975691858542941	4233
0.0715874170323301	1.33630204667127	129
0.01690369300297	0.698462264048351	402
0.09826934573348	1.14204221131492	402
-0.03041944213885	1.34812858329827	1277
0.10367875595171	1.22531672262476	17
0.10443788252598	1.22674810379152	2612
-0.01407644114419	0.820284235226126	167
0.0625247926286401	0.600435015177839	68
-0.10562339828103	1.78665872305943	173
-0.0117314313747601	0.961125535676743	173
0.08365556595787	1.3586109983668	260
0.06244399995416	0.590281494815779	129
-0.0299619122286501	0.968289636637498	129
0.12372484390213	1.77634891978649	129
0.09707933661775	1.24509388808902	402
0.00986922515735	0.719070043588214	281
0.06534198003685	0.599148545689121	281
-0.0172305839975	0.835349391380639	450
0.0560486033365399	1.49157113895354	1277
0.0742719656966999	1.3817059289979	17
0.09766820167957	1.19797289591978	167
0.0111100807153	0.728454130006173	68
-0.11411863583735	1.52309339992101	173
0.11260460222884	1.78424600885221	129
-0.0124830066003701	0.881181970125057	402
0.07882433007783	1.38809667665857	402
-0.0248601634852901	1.02318333847538	1277
0.01238578444438	0.693109434251133	68
0.06150663104791	1.50461640625425	129
-0.0247258313019201	0.931175139601887	129
-0.0172305839975	0.835349391380639	129
0.0996534839810901	1.21319944308601	129
0.0126044147767399	0.70888947383478	2285
0.0156565160776601	0.700260883207549	217
0.05698809584219	1.49451638587668	281
-0.00995561927904998	0.863242779113681	706
0.0704721161892501	1.31965956926913	820
-0.0265968643074601	1.18359004974459	17
0.08675231381012	1.35072398246391	129
0.0565749197633401	1.49514493728065	129
0.0643744238203801	0.618123110095228	129
-0.0147944597468801	0.783937177502635	402
0.0643744238203801	0.618123110095228	2285
0.10693142911739	1.22626605043341	402
0.08311487937618	2.02410598875127	402
0.07276776109098	1.40224366667844	17
0.10333846972221	1.92017037128758	369
-0.02977694706861	0.996309175667065	1172
0.09826934573348	1.14204221131492	129
-0.11505587464936	1.27087729720571	129
-0.11316580754648	1.24541823100497	129
-0.03656278049025	1.13611928234312	129
-0.0388851421529099	1.05335572239083	129
0.06340633790752	0.593211047439799	402
-0.0162136002133499	1.01793809190079	402
-0.0165810219722899	0.851953455829327	2902
0.0806995813778799	1.39227641520129	426
0.10735828588009	1.22868681412814	129
0.00636053181143992	0.677448473829016	308
-0.0640807013595499	1.41223418555377	217
0.0683396127993201	0.592281316130891	402
-0.01577044873984	0.78644121285804	167
0.06146822434994	0.569839622991961	167
0.0633212595661601	0.614983346052817	369
0.0929918586990199	1.07803899720367	1176
0.10693142911739	1.22626605043341	369
0.06728798377865	0.593090078305361	1567
0.0154222312500101	0.719341038461645	68
0.10479562357906	1.1878169620531	2328
-0.0329350442482499	1.2870758793766	173
0.1070503853531	1.21521654662093	173
-0.0225662230305199	0.963436976840153	129
0.0779555611773599	1.36415553756488	3116
-0.03601283406852	1.12932749529338	3116
-0.0136943918275501	0.986344109134617	879
-0.0266423011158701	1.03528142341432	1567
-0.03423219224243	1.1875044766401	1567
-0.00717493463262997	0.806617892779843	68
0.05116458836173	1.61292843613253	173
-0.0394614551407999	1.23828943494379	129
0.06948526271284	1.50071277377365	402
0.06639295387207	0.594083958118044	2285
-0.0233392826700201	0.990791987548132	217
0.0613915060103301	0.591587161243202	2902
0.0722258652222101	1.39863255743582	2056
0.0996534839810901	1.21319944308601	879
-0.0416398844244099	1.64662994175667	167
0.01007346563013	0.7100092467473	167
0.0130139378829	0.73980439910164	1567
0.0156565160776601	0.700260883207549	951
0.06244399995416	0.590281494815779	2328
0.10485559741331	1.91613867320208	130
0.0573678962236399	1.51255541228158	173
-0.02387335348886	1.03054455865247	173
-0.0294716890086699	1.20460173231081	78
-0.0150701414899601	0.866255220541524	129
0.0137793009251801	0.662675525319893	129
-0.03245002275828	1.48491716868001	217
-0.0408665748789201	1.41898199915001	402
-0.00396117852993005	0.819692889657675	3114
0.0623520647057301	0.590348047090132	17
-0.0304368738827001	1.2001636050221	369
0.00891668950697011	0.720228398276574	1176
-0.0172208094286499	0.841944511622497	951
0.0694216878388301	1.35727310309921	403
0.0887227444738701	1.26366657021352	173
-0.0105915445923801	0.829635781970656	173
0.0768401008263699	1.38802177594322	78
0.00700894451518996	0.6842470825018	129
-0.03731537969545	1.29884549013302	5020
0.0200685440167401	0.668970595667674	129
0.00775998475371997	0.683168445359505	129
-0.02507426305057	1.18436132021346	129
0.06737684818267	0.570027814694718	129
0.01711256773879	0.721174543860265	129
0.05739171964478	0.583685732032452	402
0.10528786722396	1.23330042999176	402
0.0106173208729501	0.695449529793129	402
0.0563447856430099	0.584947989934065	871
0.0612628663471699	0.556505185692855	6117
-0.11353836481058	1.37855580892799	167
0.0615536276722599	0.577202155580126	369
-0.0183527309349201	1.02024223001149	369
0.01933175197509	0.689967993695177	1567
-0.01184573882794	0.875821973022754	1567
0.0602931171537799	0.592350106122282	1567
0.0623520647057301	0.590348047090132	951
0.00912084256064993	0.716241038125386	129
0.11205582840453	1.14981359611819	129
0.0703939451519	1.33845592740258	3447
0.02124641758142	0.688633339705387	402
0.00721263034107	0.688803879780654	217
-0.0347956916568499	1.30640551059019	402
-0.02465905352168	1.18534742029724	2056
-0.0240743838180699	1.01323729210092	871
-0.01191252664945	0.862275984614568	871
0.0572329133468601	0.572662928255205	17
0.00796325773834994	0.716128290121217	68
0.10386710993661	1.24182928405249	951
0.0520935697902201	2.11962178219503	130
-0.04098589554365	1.56811641107995	130
0.1138913543925	1.80011092230766	173
0.000428408311909934	0.810005688923865	78
0.0161631014020001	0.722145016404697	78
0.00436869103708992	0.707605310543544	129
0.10314960217289	1.16617809727316	2285
-0.0213250652205601	1.02561162310489	217
0.0941794498344699	1.16976483537795	217
-0.0441518234442699	1.44652100855369	402
-0.0370417302158299	1.39994305734483	706
-0.0240946918941101	1.02555916971746	2056
-0.0374699807910399	1.2580963715373	6581
0.00891668950697011	0.720228398276574	6581
-0.0147180830556299	0.84453686005397	871
0.0154222312500101	0.719341038461645	369
0.0582815960188201	0.588315347493659	68
-0.00606667700359997	1.88176924812078	173
0.06728798377865	0.593090078305361	5020
-0.0189284570285599	1.14072457377783	402
0.0642899230904901	0.596233798709692	871
0.01007346563013	0.7100092467473	17
0.06147226574384	0.608565543854246	167
0.06542650623628	0.612599401820178	167
0.06534198003685	0.599148545689121	579
0.0543263769195901	0.578725673235048	6845
0.06041866978774	0.610006844551424	173
0.06728798377865	0.593090078305361	129
0.06147226574384	0.608565543854246	2677
-0.0106177205173901	0.866257249525985	217
0.0623520647057301	0.590348047090132	402
0.06639295387207	0.594083958118044	6581
0.10778085237824	1.20534590914886	130
-0.0286744013242199	0.958377001799499	173
0.06542650623628	0.612599401820178	78
0.00714787328146005	0.660761777820489	129
-0.0383802821555299	1.68732620537427	129
-0.11193774867372	1.78169443770159	402
0.01859466540888	0.687464060361728	402
0.06340633790752	0.593211047439799	820
0.0593640112314899	0.604419398142513	95
-0.0436841166841	1.26801366926805	167
-0.0369809493892701	1.483007186292	167
0.06041866978774	0.610006844551424	1567
-0.0266078486549599	0.990646815341661	5807
0.01152438504328	0.707831083168717	5020
0.07186136312194	1.31515436318161	5020
-0.0268529499297701	0.940781234750537	129
-0.0244506643259299	0.976130106703024	129
0.00625759353500999	0.703046683170568	129
-0.02850293119059	1.17887042147164	308
-0.0184479373748001	0.944159394468532	308
0.01785216428114	0.697602301681372	4502
0.05537550987805	0.583784270938947	402
0.00966577110509004	0.696480830505913	402
0.00912084256064993	0.716241038125386	17
0.0205109069616301	0.686151965880946	95
0.00341888433818993	0.703635927071053	167
0.0623520647057301	0.590348047090132	369
-0.0122152378350699	0.811328982398377	337
0.0593291809974199	0.591170142954943	129
-0.02763318954915	1.03408940864849	1066
-0.0267003899611	1.24045314468223	129
0.06135620446135	0.587426231279741	308
-0.03842385812142	1.4263863893543	402
-0.0301813862584399	0.992013794701377	17
-0.12354357457322	1.29326032177086	17
0.01152438504328	0.707831083168717	167
0.0130139378829	0.73980439910164	1567
0.0585163737690799	0.557808335503584	1567
0.01272141106082	0.677074878964803	579
0.0708443091547999	1.3872664538078	369
-0.03221771165634	1.13876686831326	130
0.06244399995416	0.590281494815779	173
0.0633212595661601	0.614983346052817	1066
0.0604999958741099	0.584499872770367	129
-0.0137791308422199	0.858067756419343	217
-0.00522727493878006	0.85311202035104	402
0.06728798377865	0.593090078305361	402
0.05537550987805	0.583784270938947	402
-0.0241103133943901	1.18187489841315	129
0.0755576566943901	1.41402606055875	17
-0.0315307111765999	0.943834274322172	17
-0.01191252664945	0.862275984614568	17
-0.12066421151937	1.40982492457582	167
0.01711256773879	0.721174543860265	579
-0.0143459678033699	0.871618952378667	369
-0.0286312268884199	1.09698220815202	78
0.06041866978774	0.610006844551424	129
-0.10494676314077	1.45461346473403	308
0.10571515683651	1.19885014109134	4502
0.0623520647057301	0.590348047090132	145
0.0165224125541601	0.667390791365577	2760
0.07645178527158	1.36252771352042	2760
-0.0441928259095301	1.23578577631631	402
-0.03234018167409	0.983697856687141	402
0.0120624631094199	0.737759376900683	17
-0.0102773434083401	0.840701906835741	17
0.05739171964478	0.583685732032452	369
0.0663241035881701	0.570725623555877	129
-0.02387335348886	1.03054455865247	129
0.06081255229114	1.49469610445451	129
-0.0136451263505499	1.00256717884353	145
-0.0134147775901201	0.879582006178494	95
-0.03728393397188	1.43572894801863	369
0.0543263769195901	0.578725673235048	579
-0.0435826090042899	1.70960483094489	173
0.0633212595661601	0.614983346052817	78
0.1074214036268	1.16379442782008	129
-0.02799149253633	1.31028583282337	545
0.00986922515735	0.719070043588214	167
0.02028936436462	0.693455396423081	129
0.00605372350443001	0.68296731901258	402
0.0633212595661601	0.614983346052817	402
-0.12495664024817	1.2896734389779	545
-0.04334901179298	1.35287368841579	17
0.0935869610858	1.19042719036535	173
0.00605372350443001	0.68296731901258	129
-0.0298928006628301	1.44801231529376	402
0.00816731990536002	0.717381511893217	402
-0.11146630607163	1.51172312559976	17
-0.0166241169517001	1.01885681329405	369
-0.0406663221647801	1.7358954510303	129
0.11425913061534	1.66460335920194	129
-0.11517447116058	1.51489957026472	129
0.01152438504328	0.707831083168717	129
0.0581990872926701	0.57377829641248	308
-0.00473167073111003	2.2207969529639	17
0.07132267595009	0.560831226713624	369
0.0132208576757	0.732496897024723	1048
-0.00616073912891002	0.85053663111909	129
0.0458790798529201	1.41512998274621	5520
0.0633212595661601	0.614983346052817	402
-0.0218964692744501	1.0268660615844	545
0.01711256773879	0.721174543860265	545
-0.12279877546165	1.25271581069231	60
0.0642899230904901	0.596233798709692	17
-0.01025226345357	0.868198299257083	1340
0.0742719656966999	1.3817059289979	78
0.09956655862343	1.23440979086197	129
-0.0160031823870099	0.870501626042483	3513
0.0594452962677301	0.585760739970461	402
0.0612628663471699	0.556505185692855	95
0.10070366380187	1.1605152504628	173
0.0238710876730499	1.79625445634641	70
0.04194492960237	1.62878586033839	5522
-0.0323041903074	1.1951572203315	1564
0.0543263769195901	0.578725673235048	1018
-0.02506713577427	1.02402124427318	1723
-0.03349924716941	1.10675794758982	1723
-0.0527355549178901	1.64597237048523	721
-0.0368736722513301	1.34164520770673	57
-0.04415765147821	1.55049782666646	70
-0.0346087862712601	1.15105070681176	402
0.0593640112314899	0.604419398142513	402
-0.05342830970076	1.72598491956108	17
0.06534198003685	0.599148545689121	721
0.00809347226366008	2.03014627898453	173
0.11349637626984	1.6818498246658	308
0.0130139378829	0.73980439910164	402
0.0130139378829	0.73980439910164	435
0.0593291809974199	0.591170142954943	5345
-0.00902219935845006	0.861990204602521	545
-0.0143719560236999	0.81703842312637	545
0.10221471033433	1.22301254065526	266
0.0227434386658201	0.656314249841035	1723
0.01690369300297	0.698462264048351	7
0.0387726464053899	1.54410526060762	70
0.06728798377865	0.593090078305361	1018
0.10049168524164	1.86537949398224	17
-0.0248601634852901	1.02318333847538	17
0.04895182649881	1.46709941621775	95
0.00891668950697011	0.720228398276574	369
-0.1173694032147	1.51920512689119	24
-0.01536724835033	0.844093172719436	402
0.0802734051492	1.40749605449497	545
0.0180614897467899	0.71272459725209	95
0.0594452962677301	0.585760739970461	167
-0.10606841147082	1.54600590546147	805
0.00796325773834994	0.716128290121217	129
0.0684608623404701	0.532642540036841	129
-0.00429323361160994	0.848305218470215	70
0.06340633790752	0.593211047439799	435
-0.0214897190804999	1.01319448662273	2364
0.0745401933938501	1.33488219647751	95
-0.03368842536807	1.32556085553042	1723
-0.0203353788363301	1.03051223009118	369
-0.11894813921662	1.35476004761972	24
0.06147226574384	0.608565543854246	57
0.01278462180141	1.86708009921963	805
0.0131271077055899	1.73936134022259	1305
0.0755576566943901	1.41402606055875	129
-0.0886418901752899	1.71246621578734	129
0.0211699116034101	1.62961226697809	129
0.0615536276722599	0.577202155580126	402
0.0583082965247199	0.585951608020247	17
0.0592466517154899	0.589487289204729	17
-0.0323479882597799	1.13151494787814	167
-0.12185747473958	1.28063340209359	369
-0.03621417840341	1.10171762068196	24
0.0939232173645099	1.90432781987829	70
-0.0014402769938	0.82015550155023	308
-0.03231387211863	1.35467143351763	1564
0.0138783262511399	0.66266958439526	402
-0.0179426271668399	0.807425783847722	95
0.0792454357582699	1.37698686161148	60
-0.12352769519158	1.24097485578677	24
-0.12338908190816	1.3735426544059	369
-0.00645946351178006	0.834988949627698	57
-0.0404024647308801	1.48997832902562	805
-0.01850468694316	0.858828726660974	70
0.05868580593328	1.5048316324052	70
-0.11929591458434	1.41868882064748	402
0.00891668950697011	0.720228398276574	625
-0.0100996879086299	0.967100117319085	5927
0.0258290161760699	1.81069747670274	17
-0.0394269163829499	1.40299866422671	95
0.12464810252424	0.970563902004137	24
-0.01706557485384	1.15323087190754	1564
-0.0453819895166001	1.47614107976821	17
0.0526290471609501	1.46485705544326	17
-0.0282628597802199	0.967122125315674	167
0.10037753262862	1.2189559431081	1723
-0.00457159340548996	0.785717508825579	24
-0.0171885412108801	1.01151495562927	24
-0.023568919048	1.39872117661931	1305
-0.02740848909662	1.19066498097491	625
-0.0331316835314699	1.1764415713171	545
-0.0134147775901201	0.879582006178494	545
-0.0333357595483199	1.13284203701523	692
-0.00931992240088997	0.873757613729707	7
-0.04819663747508	1.35490255233854	369
-0.02784975693111	0.942092173762741	24
0.0130139378829	0.73980439910164	24
-0.03601283406852	1.12932749529338	57
-0.0206161432038801	0.854696308649703	57
0.06340633790752	0.593211047439799	129
0.0652702655347701	0.558410965108669	308
0.0120624631094199	0.737759376900683	1564
0.06341166721421	0.568130784041491	625
-0.01564984418189	0.85068748787667	1457
0.10330353281956	1.96854652803093	95
-0.0206538380327701	0.78455635778016	60
0.0161631014020001	0.722145016404697	167
-0.0188691387255699	0.832520825440962	167
0.00531758724835996	0.706515306091219	24
0.06041866978774	0.610006844551424	24
0.0130139378829	0.73980439910164	129
0.0374272468268499	1.6073125795523	429
0.0161631014020001	0.722145016404697	545
-0.12418695190786	1.3407584149563	545
-0.02517686074732	1.12452503348925	60
-0.01191252664945	0.862275984614568	2675
0.01082086026106	0.71277476751038	95
0.0583082965247199	0.585951608020247	7
0.0593640112314899	0.604419398142513	24
0.00796325773834994	0.716128290121217	24
0.0154222312500101	0.719341038461645	57
0.0132208576757	0.732496897024723	129
-0.01720582876544	1.01603257104226	129
-0.0160031823870099	0.870501626042483	129
0.00416524821400999	0.687150071443609	70
-0.03479524624731	1.53002711138418	402
0.0120624631094199	0.737759376900683	17
0.06041866978774	0.610006844551424	4689
0.05848940738607	1.51139831697818	254
0.0106173208729501	0.695449529793129	254
-0.0111840259218401	0.854562895839717	1276
0.06349542356393	0.582800490172654	24
0.06542650623628	0.612599401820178	24
-0.0352786284322899	1.41447451005567	15
-0.0229181968647101	1.2745350532153	402
-0.11997088353975	1.06831566431706	60
-0.0210273152435501	0.838208123154638	4689
0.0593640112314899	0.604419398142513	254
0.0156325421491701	0.691331897183166	1276
-0.0140527729809701	0.868822189583474	24
0.0625247926286401	0.600435015177839	57
-0.01125422175615	0.855937024969947	2267
0.06226702000546	0.59760797927366	70
-0.12403813913245	1.38496513167864	625
0.0154222312500101	0.719341038461645	17
0.06728798377865	0.593090078305361	60
0.10310834746828	1.23332719715824	95
0.06033794820574	0.586411525643316	5675
0.0773805035716899	1.39154435327908	129
-0.0360276645901401	1.27792666717012	625
-0.0172208094286499	0.841944511622497	60
0.0180614897467899	0.71272459725209	254
0.06244399995416	0.590281494815779	24
0.0593640112314899	0.604419398142513	57
-0.10563005783784	1.9632490699064	805
-0.0435818947353599	1.26023832196242	78
-0.11242946581178	1.20799163627237	1305
0.0111100807153	0.728454130006173	70
0.06542650623628	0.612599401820178	992
-0.03744626503224	1.45656648793992	402
-0.01184573882794	0.875821973022754	402
-0.0387639265123401	1.29525443259843	17
-0.0299016410278801	1.16811026365302	60
0.0130139378829	0.73980439910164	60
0.0625247926286401	0.600435015177839	7
-0.00715361938354997	0.838861883077601	1680
0.11835978970286	1.82233244280221	129
-0.03558444248193	1.15327034050463	70
0.00511405992928005	0.69090002216808	545
-0.11944429821153	1.24379581164744	24
-0.05463477450857	2.04596918879287	1305
0.00966577110509004	0.696480830505913	70
-0.12449697235375	1.29949152570986	308
-0.01536724835033	0.844093172719436	402
-0.0286750991376401	1.23190296785553	545
0.00891668950697011	0.720228398276574	1288
-0.01501078430284	0.845793849672636	1723
0.06244399995416	0.590281494815779	24
0.0593640112314899	0.604419398142513	24
0.0750717169946999	1.37338894065832	24
0.05024068568686	0.545454871384581	675
-0.0270493532098099	1.02762343487307	1288
-0.01663934491576	0.868167095168477	60
-0.11307918918678	1.38164966057513	2132
-0.11365915348834	1.53401992172923	17
-0.0297841917403801	1.43317329127444	7
0.04776284475259	1.45693530085541	1276
0.10415079724185	1.94139018455558	78
-0.12278202410855	1.29897937757413	400
-0.02700916490302	0.99498953402915	70
-0.0171885412108801	1.01151495562927	2500
-0.0319396544319701	1.12488383611201	17
0.0552967655608001	0.579872912778297	254
0.0702443557948	0.552125753392425	167
0.0613915060103301	0.591587161243202	57
0.0643744238203801	0.618123110095228	57
0.0643744238203801	0.618123110095228	5750
0.0457951719857901	1.62091116550652	992
-0.0165547877214001	0.813607872681756	992
0.00751531590035004	0.724568028643485	545
-0.0162992063699301	0.842588933779108	17
0.0594452962677301	0.585760739970461	167
-0.12451153014395	1.26145922138734	57
0.0176973243273999	0.660739884568237	5750
-0.0266423011158701	1.03528142341432	78
0.06772650093823	2.04052928959457	1305
-0.12484863193684	1.32394751783958	1305
0.0633212595661601	0.614983346052817	70
-0.00838700233281009	0.872450793127639	675
0.0623378061557101	0.568801504130337	2500
-0.02602961408982	1.00323980622714	2132
-0.11592325368321	1.40490386967273	17
0.0067734472521499	0.70388519955026	7
0.06542650623628	0.612599401820178	24
-0.0218964692744501	1.0268660615844	2193
-0.00237375803087003	0.812614973494156	57
0.00625759353500999	0.703046683170568	5750
-0.01189095225572	0.822956626334847	1409
-0.0169356419967901	0.868911793806971	70
0.0944305845500799	1.18031479475318	992
-0.0125098331372699	0.801365948134923	60
-0.0143459678033699	0.871618952378667	17
0.0922782587114199	1.11066612638194	254
-0.0247082945635799	1.19158627677469	254
0.0665493456938	1.32556838092235	167
-0.0211468726134501	1.0047963404023	2193
-0.12058683321836	1.25037424007451	1525
0.0519761378025201	1.60373049160886	7
0.0759803792992499	1.41089887930497	7
-0.11239189621998	1.24329610498988	1442
0.0787685150851001	1.40722280075829	400
-0.03065512826094	1.13901392280203	79
-0.0209679773306699	1.01147320141522	79
0.09986121012677	1.13075311425272	60
-0.0162992063699301	0.842588933779108	60
0.00751531590035004	0.724568028643485	167
0.0161631014020001	0.722145016404697	167
0.0593640112314899	0.604419398142513	7
0.10287318632105	1.23276872856924	2776
-0.0137791308422199	0.858067756419343	940
-0.01876208046494	1.03160073353127	940
0.0290542834320999	1.73275692834132	79
0.0132208576757	0.732496897024723	167
0.00511405992928005	0.69090002216808	167
-0.11539346765924	1.51327879745362	1305
0.09998017153358	2.40769050009728	1305
0.10054059565431	1.23565351484618	383
-0.1109714706392	1.25220403134872	940
-0.0232690232686501	1.17906377292971	940
-0.0173769720475301	0.96117093466219	1267
0.0649101534255001	1.4946475009202	254
-0.0296116900135699	1.01217950933151	167
-0.0336323223669599	1.14357181712499	2975
-0.03600274635734	1.24717410124741	245
0.00891668950697011	0.720228398276574	245
-0.03274191131812	0.985608153905504	245
-0.02031422477509	1.17179904646909	6579
0.0381588216148401	1.60773030160256	117
-0.11736737192634	1.36727698761622	1525
-0.0259025402775701	0.992345256549322	383
-0.03512758428894	1.35202808556432	79
-0.00868445379130001	0.868535834989675	238
0.10236304253229	1.22077073151746	3245
-0.0131445100998899	0.832674824475431	254
-0.00838700233281009	0.872450793127639	166
0.11139416408198	1.87102212721698	167
0.07894527725652	1.35377253393997	692
-0.01277701268411	0.874242019353507	57
-0.0193710598913699	0.823362756760762	1305
0.06226702000546	0.59760797927366	1442
-0.02251867767662	1.03545007703282	6579
0.0139645005676701	0.73544006362145	1525
0.06542650623628	0.612599401820178	992
0.0683396127993201	0.592281316130891	992
0.05076955676739	1.24780916033893	383
0.09772380624705	1.19273039416187	940
0.0730285361907901	1.83871264809321	254
0.0625247926286401	0.600435015177839	3762
0.06226702000546	0.59760797927366	166
-0.01757230658273	0.866581911126244	167
0.06647750026025	0.594280815081964	245
0.00625759353500999	0.703046683170568	245
-0.0304936679052601	1.29304305679956	1145
-0.03808932900823	1.25261299752357	992
-0.00681903344092993	0.859328366175118	940
-0.11499501827148	1.45656829899265	79
0.01334084753432	0.692288956764171	3245
0.02028936436462	0.693455396423081	3245
-0.03843054856648	1.09457227342953	1163
0.06244399995416	0.590281494815779	245
0.0364514833952201	1.54541446963261	245
0.0139645005676701	0.73544006362145	245
0.0939039494467699	1.73057127441195	805
-0.12383921114049	1.15280590389711	1305
-0.02947773721261	1.17828237123562	1145
-0.01957615675687	0.978908253647372	1145
-0.01786752075732	0.861118177611617	117
0.01082086026106	0.71277476751038	117
-0.0137791308422199	0.858067756419343	117
-0.11816579334437	1.34946698794282	992
-0.0492380936222401	1.48502567359035	2848
0.0593640112314899	0.604419398142513	238
0.0150039807559601	0.673432871170342	1163
0.05642355803702	0.582529775776723	167
0.0625247926286401	0.600435015177839	24
-0.01570580150387	0.863949742631649	24
0.0113168370686501	0.734779276206035	245
0.0604999958741099	0.584499872770367	245
-0.03098629377622	1.17994122631768	245
0.0949394371041701	1.17794493729774	1305
-0.0275718265884899	1.17220833787957	1305
0.0124769329672301	0.703973068283957	992
0.10286455992123	1.89523435468886	79
0.01238578444438	0.693109434251133	79
-0.12019258165168	1.39520102515934	79
0.06041866978774	0.610006844551424	238
0.0581990872926701	0.57377829641248	1163
-0.01786752075732	0.861118177611617	24
0.0683396127993201	0.592281316130891	245
0.06147226574384	0.608565543854246	245
-0.0395436849201301	1.33395227715176	117
-0.01609771305133	1.13491451273619	1145
-0.0169356419967901	0.868911793806971	79
-0.01991522062216	0.998766172743171	238
0.01859466540888	0.687464060361728	1137
-0.0319494281325301	0.931930099397575	1163
-0.0199727552498901	1.01340491945793	3971
-0.12327866191473	1.36413125716386	167
-0.01908240708773	0.829468429580427	1442
0.01711256773879	0.721174543860265	117
-0.0128461182542201	0.863522371306864	238
0.0613915060103301	0.591587161243202	6439
-0.0175944222340101	0.810829613551406	1163
0.0643744238203801	0.618123110095228	1163
0.0703019409616099	1.38372514641068	254
0.00891668950697011	0.720228398276574	167
0.0128078053115701	0.712620596991427	24
0.00942153846578009	0.722401275607434	144
-0.10150222273855	1.74195415645699	1305
0.06534198003685	0.599148545689121	117
0.00374903438885998	0.673046615620633	992
-0.0266423011158701	1.03528142341432	1880
0.05237519472195	0.548854082704878	79
-0.0296038921634501	1.13260810506698	245
0.0822053226967201	1.37564484076894	1305
-0.11408369405154	1.53069401573563	117
-0.0427747161246601	1.64553971477509	424
-0.0288556673790199	1.04653409486426	6439
0.000784359800110046	0.657477009571414	144
-0.11383837695018	1.28921178774311	6439
-0.0481423040358	1.687795156258	1305
0.0633212595661601	0.614983346052817	490
-0.0134147775901201	0.879582006178494	79
-0.11505844516761	1.25656776161775	238
0.064368383938	0.569210663601677	238
0.12324567646845	1.77624456535107	144
0.0613915060103301	0.591587161243202	144
-0.0217483168396699	0.771729745908839	146
0.10287318632105	1.23276872856924	1880
-0.0245044728133701	1.03226994790639	79
0.07636046334077	1.3526504879905	238
-0.0248601634852901	1.02318333847538	238
-0.02910053934596	1.40727813842218	1017
0.06939014046272	0.578064425928216	789
-0.01916988795363	1.02152216086375	1267
0.0819329067116501	1.29580643895815	146
0.05739171964478	0.583685732032452	117
-0.0279570700098399	1.20510598107579	79
0.06244399995416	0.590281494815779	935
-0.0165810219722899	0.851953455829327	79
-0.09696680478959	1.76031136035234	238
0.0594452962677301	0.585760739970461	167
0.0978234617065601	1.20276797314346	245
0.04918940750317	2.06567161770862	992
0.0643744238203801	0.618123110095228	1880
-0.00902219935845006	0.861990204602521	79
-0.0121876541334001	0.8661517415593	238
-0.0160031823870099	0.870501626042483	509
0.0120624631094199	0.737759376900683	138
0.06825134024419	0.57610225589685	79
-0.0209424233704301	1.02055152996848	79
-0.11714151751838	1.3849287505051	1267
0.06147226574384	0.608565543854246	1267
0.06923282832404	2.03422331665693	146
0.0174760830409799	0.66303547553507	91
0.0113168370686501	0.734779276206035	1880
0.0593640112314899	0.604419398142513	5610
-0.02738601604154	0.950791719787373	146
0.01470786186503	0.710564081401421	15
0.00891668950697011	0.720228398276574	79
0.000359741133119984	0.730473376844629	79
0.0807333382367299	2.02691209697483	238
-0.01720582876544	1.01603257104226	1267
-0.11011132051105	1.51761739136188	144
0.0642899230904901	0.596233798709692	91
-0.0165810219722899	0.851953455829327	15
0.0113168370686501	0.734779276206035	15
0.0574705148550201	0.575256772311635	747
0.06349542356393	0.582800490172654	238
-0.0089805569344501	0.833041378842971	238
0.06135620446135	0.587426231279741	1114
-0.00459411379233998	0.848237249223963	1114
-0.1211126304058	1.41339846418701	5610
0.0285462226614701	1.81154642151866	238
-0.12246548379982	1.31777543525121	238
0.0703512677786999	0.562215820690454	167
0.0353049942791199	1.56197590061928	144
0.07335515816593	0.537988107439316	91
0.06542650623628	0.612599401820178	91
-0.12276148096194	1.25270506046306	15
0.0161631014020001	0.722145016404697	79
-0.02574928055156	1.13581805787835	238
0.06033794820574	0.586411525643316	238
0.05739171964478	0.583685732032452	1373
0.05838953532209	0.580688152007467	146
0.0615536276722599	0.577202155580126	5610
0.03172083058706	1.7137492735119	238
-0.10781746612425	1.21755771291576	238
0.0633212595661601	0.614983346052817	44
0.0775352758247301	1.36968180739077	1616
0.07657422873215	1.37277048152763	166
-0.00902219935845006	0.861990204602521	144
-0.01471156483861	0.844728556359266	91
-0.11419037265393	1.36141956755239	91
-0.10512794408326	1.81615616404402	200
0.00912084256064993	0.716241038125386	3419
-0.12237006598393	1.38035706168662	167
0.06147226574384	0.608565543854246	2487
-0.02485315229418	0.947473159208595	91
-0.0321242127630299	1.31789533345375	3419
0.06728798377865	0.593090078305361	3232
0.0952410269477599	1.15958233553238	1570
0.11388299102158	1.17422265222166	1114
-0.0261156867158701	0.781848636032944	1114
-0.00512803836305009	1.98431136023963	238
0.05537550987805	0.583784270938947	164
-0.0124830066003701	0.881181970125057	2487
-0.03169889850529	1.31812488708496	960
-0.01786752075732	0.861118177611617	144
-0.0166586432654601	2.43528218593796	5749
0.0543263769195901	0.578725673235048	91
-0.12278202410855	1.29897937757413	1385
0.0583082965247199	0.585951608020247	79
0.0128237760402501	0.681921092378885	238
0.1124609380768	1.19634367791272	238
0.07687218888846	1.32538949081468	44
0.0156906296169399	2.01642869063993	117
0.0161631014020001	0.722145016404697	3965
0.07903823287989	1.33868991763239	238
0.06534198003685	0.599148545689121	5610
0.06656691039744	1.22266045767872	44
0.0543126952829101	0.553935272507088	536
-0.0521501762619101	1.7219017029534	960
0.07508015432711	1.32655111546591	1019
-0.01146930994425	2.2935303676149	400
0.05441802243358	1.47977386519816	400
-0.0427222534510601	1.44784457907369	1385
0.06542650623628	0.612599401820178	79
0.0593640112314899	0.604419398142513	60
0.00912084256064993	0.716241038125386	238
-0.0134804623111799	0.861244936573013	536
0.0722791748777001	0.546219501118653	167
0.06551163606404	0.571774247791024	144
-0.11408799558371	1.39636190663826	400
-0.0351087578409199	0.84936290086691	91
-0.02139220725682	0.793466215431415	238
0.06728798377865	0.593090078305361	238
0.0600039569699	1.55180749285529	238
-0.03030260909006	1.17728639069459	238
-0.00939098371827995	0.841537811644646	1616
-0.03023313422962	1.3184223369418	164
-0.01663934491576	0.868167095168477	509
-0.02073448927729	0.839653253078016	960
-0.04834234507948	1.16711236464475	144
0.0988006145910001	1.16633976277944	1019
0.0613915060103301	0.591587161243202	1019
-0.04497642405292	1.56087969228662	5749
-0.0205637805738901	0.96800830235399	3419
0.00920508624076	0.708776960505162	3419
-0.0260227464423599	0.99337047960623	1879
-0.0140795189715299	0.839743579662834	79
0.0593291809974199	0.591170142954943	79
-0.01857971683385	1.15419504058099	238
-0.03994649276556	1.08547411594036	44
0.08600766773182	1.34738307450136	509
0.0165224125541601	0.667390791365577	144
0.01082086026106	0.71277476751038	144
0.08123903179673	1.39579939898215	3419
0.0633212595661601	0.614983346052817	3419
-0.12438965506729	1.38291617769271	144
-0.11453960377934	1.46851914011403	960
-0.02937709194698	1.45752661545068	144
-0.02251867767662	1.03545007703282	2117
0.0103634645494499	0.72555161132246	91
0.0420481118360501	1.5306203303055	1385
0.0161631014020001	0.722145016404697	238
-0.0279570700098399	1.20510598107579	45
-0.10861051303563	1.62066376211161	144
-0.03282316717622	1.51014198195823	960
0.0663241035881701	0.570725623555877	117
-0.11783576503491	1.50485277698169	238
-0.0396196737329499	1.48334727771563	238
-0.0364277122097301	1.08710310112341	238
0.0120624631094199	0.737759376900683	238
-0.01312050439387	0.870391117081159	809
0.0288553622888801	1.75916055374832	479
0.0165390809406401	1.85611674543074	479
0.12173810763231	0.939297910897389	144
-0.08523679715267	2.35590438178269	5749
0.0991488975849899	1.23977598388121	91
0.07042600430229	1.35189726642804	1094
0.0400154049563	1.6535494312787	117
-0.11182144370184	1.61889395766196	91
-0.0360276645901401	1.27792666717012	200
0.0563447856430099	0.584947989934065	79
0.0604999958741099	0.584499872770367	79
0.06340633790752	0.593211047439799	89
0.0101609438313099	0.704900153505215	89
0.0228906187885201	1.71373062172085	238
-0.12263135973149	1.47046550279708	238
0.06147226574384	0.608565543854246	382
0.00656658929516008	0.715595797254537	117
0.00279459367242008	0.665503470706135	117
0.0643744238203801	0.618123110095228	1116
0.05739171964478	0.583685732032452	1116
-0.03332773853717	0.975069629234888	79
0.01867125956339	1.83454442957037	238
0.0213642774018299	1.93059940052347	509
-0.03023313422962	1.3184223369418	172
0.0731524572506099	1.34470943850863	144
-0.0195264712097001	0.801293591846111	91
-0.0501367690293999	1.35224413954307	79
-0.0197403417220401	0.967872764436004	89
0.10984359508593	1.88396452917719	60
-0.02102681526546	0.937680733971576	1116
-0.02264561867684	1.1670312975355	200
-0.00270319311233003	0.815567069889641	60
0.0593640112314899	0.604419398142513	172
0.0582815960188201	0.588315347493659	144
0.0604999958741099	0.584499872770367	1374
0.0593640112314899	0.604419398142513	164
-0.02387335348886	1.03054455865247	2145
0.0602931171537799	0.592350106122282	144
-0.0201589246348799	1.01672392057771	117
0.00846489243790005	0.726561423807801	117
0.0643744238203801	0.618123110095228	79
-0.0194364864360701	0.843621618648153	765
0.0593640112314899	0.604419398142513	765
0.0712021130359299	0.538084495000004	117
0.0683396127993201	0.592281316130891	117
0.0623378061557101	0.568801504130337	44
0.08487228649834	1.36397888464162	1116
-0.11676156748282	1.51116726115467	79
0.06147226574384	0.608565543854246	842
0.00606196018478	0.689897599948616	2146
-0.0144700442618999	0.972420307143711	1881
0.0115679691331001	0.689706297063665	89
-0.0229830971110001	0.936209971843009	164
0.06534198003685	0.599148545689121	3004
0.00646225708653003	0.686356485498824	99
-0.0281802187386	0.976261055843267	164
0.0187997063066001	0.689877109506769	91
-0.02740409479179	1.15731612492746	1374
0.10088671869266	1.92397482076931	1116
-0.0538583640759101	1.7471179924632	381
-0.1227182199613	1.31973061978633	381
0.05537550987805	0.583784270938947	44
-0.12162696910368	1.05980545030701	172
-0.01184573882794	0.875821973022754	172
0.0806995813778799	1.39227641520129	223
-0.0228854560249401	1.03169402630938	223
0.0113168370686501	0.734779276206035	223
-0.0310258448188001	1.29870631999833	91
0.10543256142262	1.22796939608725	79
0.06639295387207	0.594083958118044	99
0.0161631014020001	0.722145016404697	842
0.04897994828355	1.61508789043624	854
0.0745401933938501	1.33488219647751	854
0.0130139378829	0.73980439910164	91
0.0583082965247199	0.585951608020247	4840
0.03081653181835	1.78188028999575	44
0.00942153846578009	0.722401275607434	723
-0.0230639758454001	1.00684672917586	381
-0.11849038056985	1.22662597242576	99
0.0633212595661601	0.614983346052817	1529
0.09086053577153	1.97832264037231	44
0.0243834832049199	1.80188824881514	44
0.07540012562119	1.32801757919131	44
0.0421472252167201	1.60488309482392	223
0.0315212299520999	1.71520879396966	91
-0.01147824619253	0.820531939570542	1116
-0.0106177205173901	0.866257249525985	79
-0.01443470950103	0.840203630122309	89
0.10079785495677	1.23821972411895	765
0.05993393389891	1.45186185427856	91
-0.0374580067655099	1.40733009440396	646
0.11796864468999	1.77347475996818	646
-0.0201589246348799	1.01672392057771	89
0.0833275745638	2.04638136208147	44
0.0797337163699099	1.40390475216556	44
-0.02609422136082	1.19973919873476	172
0.06033794820574	0.586411525643316	2608
-0.000506221680460106	0.819247389448023	223
0.0505815790865201	1.47381577664773	223
-0.11715892559298	1.46087592077937	646
0.0161631014020001	0.722145016404697	89
0.0543263769195901	0.578725673235048	580
-0.11747796679894	1.39951924561379	44
0.0825190952253401	1.39085368564731	842
-0.0346497113376101	1.30108159160919	45
0.0613199218271001	1.49836002659926	854
-0.0168183463679701	1.00035835127222	223
0.0163726937669499	0.718386534443841	200
0.06744283804034	0.577190342118938	3065
0.10335741183776	1.21181362273647	44
-0.02841817704838	1.27874012013473	177
0.10314960217289	1.16617809727316	946
0.0594452962677301	0.585760739970461	172
0.04791691028294	1.58266214704982	854
-0.02507426305057	1.18436132021346	223
0.0649101534255001	1.4946475009202	646
0.0534440548203301	0.5426529851126	646
-0.00522727493878006	0.85311202035104	1477
0.06445953054409	0.588277566697379	264
-0.0215241341788299	1.02684513517863	200
-0.0248885913649699	0.775179821526213	5029
-0.12437958530988	1.33552729802918	45
0.06534198003685	0.599148545689121	177
-0.01957615675687	0.978908253647372	854
0.10272498694023	1.21675411806408	3411
0.10182154585746	2.46301306659625	646
0.0150039807559601	0.673432871170342	646
0.0152127113051601	0.715455757589842	89
0.06639295387207	0.594083958118044	99
0.00151655727835998	0.671648081521873	1744
-0.12100444073193	1.39297682347215	45
-0.01025226345357	0.868198299257083	2453
-0.1186807060292	1.26401763629096	223
0.11200008967503	1.85507043512172	223
-0.12327402686878	1.2957982024966	223
-0.01860464623665	0.990337277642853	223
-0.0149844603387099	0.861078177864688	223
0.12370244602386	1.68071255919332	3411
-0.12403631656319	1.29009978115183	646
-0.11066252430889	1.62234210400361	646
0.00796325773834994	0.716128290121217	44
0.0652702655347701	0.558410965108669	177
-0.1002958006486	1.41365602844539	172
-0.0152765776843899	0.855972009780277	223
-0.00747829496150998	0.786033972713996	223
-0.11282716489335	1.56945062191733	91
0.10854539339633	2.31050577859604	646
-0.01155065439049	0.876796197105522	79
-0.02508736967303	1.02065087181448	580
0.02282964011565	1.82183828999044	946
0.0113168370686501	0.734779276206035	172
0.0626941290716701	1.51073227868591	172
-0.0398606915259301	1.34827938200624	91
0.11233964014488	1.15223772824541	200
-0.12257943813987	1.36250182874522	44
0.10130873004404	1.21174624920078	177
0.00700893426886995	0.705779180003894	223
-0.00586066213306991	0.843259582113316	223
0.06033794820574	0.586411525643316	264
-0.0270493532098099	1.02762343487307	264
-0.03028288274157	1.12840936088975	2669
-0.02507426305057	1.18436132021346	44
-0.00745350281898993	0.864389733377017	44
0.0581990872926701	0.57377829641248	4699
0.0350256980263599	1.73534137644962	177
-0.11726723609297	1.42076719434602	946
0.07903823287989	1.33868991763239	25
-0.0446398862567701	1.40929896259518	172
-0.0105475599010001	0.849632814378228	223
0.06358477706723	1.42886149245173	91
-0.0124830066003701	0.881181970125057	91
-0.01443470950103	0.840203630122309	91
-0.03970724853366	1.54392628733014	646
-0.0329185651252699	1.46940264154701	44
0.01186768834106	0.689451119463823	44
-0.02231366231832	1.01341395534518	44
0.00871332425912996	0.692693294174532	177
0.10443788252598	1.22674810379152	223
0.06041866978774	0.610006844551424	646
0.06135620446135	0.587426231279741	1155
0.06542650623628	0.612599401820178	197
0.05645007486119	0.552301612092576	3979
0.0613915060103301	0.591587161243202	4900
0.0593291809974199	0.591170142954943	737
0.07978641313911	1.38859659383539	177
0.0117715903790101	0.700628147265596	177
0.0613915060103301	0.591587161243202	172
0.0111100807153	0.728454130006173	91
0.10486211019767	1.24306813336637	197
0.0683396127993201	0.592281316130891	4900
-0.0252693909002399	1.1452689196027	4543
0.01181568953821	1.91281093206923	44
0.00470291951221991	0.674775557473468	842
0.07126357182534	1.39482914089669	172
-0.12338153965814	1.12396584386194	91
0.00775998475371997	0.683168445359505	91
0.0111100807153	0.728454130006173	91
0.0604999958741099	0.584499872770367	1184
0.06647750026025	0.594280815081964	264
-0.0218964692744501	1.0268660615844	197
-0.00586066213306991	0.843259582113316	99
-0.10691423861076	1.44626366538581	44
-0.01860464623665	0.990337277642853	44
0.0594452962677301	0.585760739970461	3142
-0.12420872114572	1.24249854217972	25
0.0967487095319799	1.94959453950176	172
-0.04632940061126	1.55768151346428	91
0.0816141071988401	2.04284090472786	646
0.06041866978774	0.610006844551424	5805
0.00436869103708992	0.707605310543544	5805
-0.04671633721155	1.7340686479888	1625
-0.0351590581763901	1.14819215128326	1625
-0.0363459636488399	1.55175162360297	25
-0.00804921328391006	0.838080352894188	223
-0.12367856061393	1.11167540412193	5891
0.0221376387069001	1.87555821818895	117
0.0642899230904901	0.596233798709692	200
0.064368383938	0.569210663601677	264
0.03852852015674	1.40615322253859	4543
-0.0400895751610999	1.56082636613136	44
-0.0341498395617601	1.12425334758645	223
0.05642355803702	0.582529775776723	200
-0.0162136002133499	1.01793809190079	25
-0.03117888696813	1.32146337873831	223
-0.0611211788156001	2.27993142111417	5891
-0.03186371207512	1.26797906316472	412
-0.0254957281030399	1.01979513386517	45
-0.0386046403786	1.5256197835217	25
0.07232022837296	1.3093929726969	91
-0.0532751554387401	1.56510126855452	5611
-0.04228161977273	1.44327688706743	99
-0.02979702324303	1.43048844766588	842
0.01164856006249	0.709785768416903	172
0.0132208576757	0.732496897024723	3219
-0.0349949478271401	1.53679270995124	25
-0.0216965311253401	1.15863353090347	412
0.0195530653925999	0.690928445934762	522
0.07508015432711	1.32655111546591	79
-0.10244453980839	1.79067702971072	44
0.01164856006249	0.709785768416903	99
0.0121125482842801	1.99647159009792	3219
0.04738713240068	2.27945552669632	91
-0.0242757427320699	1.01147621048459	91
0.07812854629459	1.94015281863536	99
-0.11533925668958	1.52150282459291	99
0.0430294609566	1.51398361166632	99
0.06542650623628	0.612599401820178	172
0.0613915060103301	0.591587161243202	3717
0.0180614897467899	0.71272459725209	264
0.07603233705813	1.37702266335217	172
-0.03930242091962	1.34164938690632	1173
-0.0172208094286499	0.841944511622497	737
-0.0482449276080701	1.39429228109833	99
-0.0143459678033699	0.871618952378667	47
-0.0476833013234701	1.56369055908952	332
-0.12040778242826	1.38289156382517	1173
0.0789181666788901	1.34779050115099	25
-0.0367786048116801	1.39365157362942	25
0.06445953054409	0.588277566697379	79
0.0633212595661601	0.614983346052817	193
-0.00931992240088997	0.873757613729707	842
0.05007128673516	1.46218049063508	172
-0.11069842366103	1.38032181237446	332
-0.03181550883174	1.17127370755911	412
0.06068992678126	2.06845959499887	264
-0.11190251102738	1.24131559434606	737
-0.01191252664945	0.862275984614568	567
-0.1209026216586	1.2711360712389	567
0.0692066909639399	2.13008831619666	44
0.0593640112314899	0.604419398142513	172
-0.01757230658273	0.866581911126244	3219
0.09615914349223	1.18881891679095	3219
0.05678526914319	1.48888413774098	79
-0.11014311086432	1.37079216368161	1410
-0.0327665401678401	1.14567067813397	25
-0.10927521488748	1.72410725831474	5890
0.05642355803702	0.582529775776723	264
0.06341166721421	0.568130784041491	44
-0.0286744013242199	0.958377001799499	172
-0.01091388420476	0.871513378100749	2699
0.06542650623628	0.612599401820178	264
-0.0327665401678401	1.14567067813397	264
0.06041866978774	0.610006844551424	47
-0.03729900565138	1.3185691215595	842
0.0693018553326901	0.575374858990599	332
0.04565780690718	1.60218073824752	332
0.00625759353500999	0.703046683170568	264
0.0583981591551299	0.537304741823103	172
0.11988367556127	2.25697087071091	1998
-0.0240946918941101	1.02555916971746	25
-0.11631070304703	1.22919330990342	412
-0.03186371207512	1.26797906316472	3423
-0.0364759509794801	1.03140557287402	264
0.04783812396652	1.40210328993108	264
0.0662958233536299	1.51149723741593	79
-0.0396196737329499	1.48334727771563	47
-0.01370770621658	0.866401773172136	567
-0.11106027433635	1.60226543526857	172
0.06147226574384	0.608565543854246	332
0.0126044147767399	0.70888947383478	25
0.0454456152520799	1.6469404789596	5908
0.0170854700764	1.97145901129535	412
0.0638956966400801	1.43066397621274	264
0.00582372039749002	0.695514046340295	47
0.0623378061557101	0.568801504130337	79
-0.0279534249525599	1.17543347164951	299
-0.0103256080306799	0.839003057464678	1410
0.0161631014020001	0.722145016404697	1410
0.0130139378829	0.73980439910164	1410
0.0146810823290899	0.692158511839575	567
0.06825134024419	0.57610225589685	44
0.06623526001581	0.579547723010784	332
0.00891668950697011	0.720228398276574	264
-0.0279570700098399	1.20510598107579	264
-0.00775203311127992	0.867255792580533	79
-0.12489794158067	1.12503830716762	47
0.0163726937669499	0.718386534443841	47
-0.0327845943883001	1.12974642895871	47
0.064368383938	0.569210663601677	567
-0.01155065439049	0.876796197105522	567
0.00868183613009999	0.701931062377126	44
0.00995383764308011	0.684190119535143	332
0.07180570394884	1.39842519413071	332
0.0584375610224099	0.576382220207233	25
-0.1243739457847	1.44600691526638	3423
0.05698809584219	1.49451638587668	264
0.00973518287575992	0.683513608025873	264
-0.0258458878302901	1.00899196718152	264
-0.12168986781395	1.32987421214321	193
0.06357624394956	0.58106390152894	47
0.0356387720728	1.75784580840402	47
0.10892154314186	1.22966768277732	1572
0.10151545636263	1.22943503432377	567
-0.0364473012569	1.34155467483486	45
-0.03346500525846	1.10518566052141	332
-0.01091388420476	0.871513378100749	332
0.0138783262511399	0.66266958439526	25
-0.00113706411665993	0.823660990941472	25
0.02600269848663	1.69995949791865	3423
-0.0317546798698201	0.994447688336457	264
0.00267223597606003	0.684284668862338	264
0.0582815960188201	0.588315347493659	47
-0.00775203311127992	0.867255792580533	1572
-0.0273177471242101	0.889454227641417	567
-0.00931992240088997	0.873757613729707	177
-0.01839567171284	1.01930700745136	332
0.07132267595009	0.560831226713624	332
0.05680529785301	1.55424473908952	3423
-0.02248729131065	1.2877457064742	3423
-0.0248413760478401	1.08350238399276	264
0.0769447974328401	1.40370633026721	264
-0.0182422723287401	0.780446140578079	1572
-0.00961629591099999	0.863059469626353	99
0.10699825609828	1.17457652581658	431
0.0641417925641401	1.51075452000522	45
0.00796325773834994	0.716128290121217	25
0.0562697763761499	1.59526672538306	3423
-0.01939166346246	1.02472719901873	264
-0.0223016821961901	1.0197714007115	193
0.00816731990536002	0.717381511893217	47
0.0113168370686501	0.734779276206035	99
0.0120624631094199	0.737759376900683	177
-0.0252693909002399	1.1452689196027	177
0.02885275946286	1.73948439515862	1183
0.10505871587461	1.23678761119238	25
0.0067734472521499	0.70388519955026	25
-0.0106266311376599	0.830488305891837	3423
0.00751531590035004	0.724568028643485	3423
0.06534198003685	0.599148545689121	47
0.06147226574384	0.608565543854246	47
0.00605372350443001	0.68296731901258	300
-0.03511489251557	1.10657968693956	99
0.0615536276722599	0.577202155580126	2370
0.0132208576757	0.732496897024723	177
0.04887526046478	1.60820190548023	25
-0.03254849604697	1.29826571238935	3423
0.0118564119201701	0.704081058345987	3423
0.0572329133468601	0.572662928255205	299
0.00796325773834994	0.716128290121217	99
0.0173485327522001	1.84666794609562	44
-0.0432481773744799	1.25395945993461	431
0.0633212595661601	0.614983346052817	332
-0.02655090342779	1.16202427887191	25
0.01375829011628	0.714520639631988	25
-0.02922871630834	0.945106212217482	855
0.10179146773305	1.23570527553671	264
-0.01025226345357	0.868198299257083	264
-0.12193569904293	1.05143457363465	79
0.00552191139995006	0.681427830541802	79
-0.0118207211399	0.844570443763233	691
0.0622221140507899	0.557548707435577	300
0.09707933661775	1.24509388808902	442
0.00341888433818993	0.703635927071053	2370
-0.00552707678346009	0.845696021472765	3224
0.05739171964478	0.583685732032452	25
0.00619400329934994	0.655272147432118	25
0.05733271948467	0.563962076176424	25
0.06147226574384	0.608565543854246	25
0.01082086026106	0.71277476751038	25
0.0593640112314899	0.604419398142513	25
-0.0393608930863401	2.05910318794045	412
-0.00429323361160994	0.848305218470215	412
0.01239017323416	1.81377581827835	264
-0.00679462798724995	0.840741428522125	264
0.00751531590035004	0.724568028643485	44
-0.0193446013481799	1.02868610658457	45
0.00457293208292997	0.687023390764286	3224
0.11132282870073	1.20705402863248	1183
0.06445953054409	0.588277566697379	25
-0.0423760031384699	1.83426334435032	855
0.0643744238203801	0.618123110095228	855
-0.11110847764065	1.42573981974172	264
0.06244399995416	0.590281494815779	2417
0.0623378061557101	0.568801504130337	2944
0.0764175267865499	1.36756389359063	45
0.0642899230904901	0.596233798709692	25
0.01375829011628	0.714520639631988	25
-0.03265250658349	1.25241945259539	412
0.06542650623628	0.612599401820178	412
0.09970930103395	1.17701770479883	94
-0.11854826927883	1.09662370853676	264
-0.01768056626403	0.974909583933609	264
0.06033794820574	0.586411525643316	47
0.0828706979782701	2.05243518867556	47
0.0604999958741099	0.584499872770367	300
0.06041866978774	0.610006844551424	25
0.0584375610224099	0.576382220207233	855
0.0908371637426	2.38144098602939	884
-0.03181550883174	1.17127370755911	264
-0.0197035251434401	1.23419954724464	47
0.06349542356393	0.582800490172654	2417
0.0623520647057301	0.590348047090132	300
0.00871332425912996	0.692693294174532	1183
0.0613915060103301	0.591587161243202	25
0.06041866978774	0.610006844551424	25
-0.0165810219722899	0.851953455829327	884
-0.0249127047993201	1.01357921727869	2564
-0.0169286594217799	0.808928091786605	47
0.0602931171537799	0.592350106122282	47
0.0844530250637501	1.36657027048262	300
0.0593640112314899	0.604419398142513	442
-0.11353836481058	1.37855580892799	172
0.0159542969912201	0.692297928289701	147
0.0161631014020001	0.722145016404697	25
0.00700893426886995	0.705779180003894	25
0.06534198003685	0.599148545689121	25
-0.04567432413497	1.57315951490204	855
-0.0328221819037999	1.53608260211736	855
-0.03116938162674	0.988581577690769	94
0.000733779285889913	0.790068331978178	94
-0.0340887913549	1.5476765479652	264
-0.0391191641301201	1.32941341672416	264
0.00772440077893011	0.705767625382144	47
0.01711256773879	0.721174543860265	47
0.00871332425912996	0.692693294174532	332
0.00751531590035004	0.724568028643485	25
0.06226702000546	0.59760797927366	3597
0.10571515683651	1.19885014109134	884
-0.0124830066003701	0.881181970125057	47
-0.0261723977475401	1.17810493940108	47
-0.01850468694316	0.858828726660974	47
-0.0248601634852901	1.02318333847538	300
0.0783441417511499	1.40566281383911	45
-0.00838700233281009	0.872450793127639	212
-0.0121394780940101	0.843107129542291	332
0.01091104111603	0.69025837488413	332
0.07132267595009	0.560831226713624	25
0.1040831198958	1.23929397903551	25
0.08262889939777	2.00313427789411	412
-0.0185763233696401	0.789136051169928	855
-0.12492699610908	1.10563900003967	264
0.0632872704151299	1.26458281549658	264
0.0498156590591501	1.4486163426999	47
0.00816731990536002	0.717381511893217	47
-0.0137791308422199	0.858067756419343	47
-0.00931992240088997	0.873757613729707	499
-0.0341498395617601	1.12425334758645	499
0.09204165384324	1.0877659692519	44
-0.0289226887531799	1.20773298010395	356
0.10486211019767	1.24306813336637	442
0.04662394274964	1.6646811343043	431
0.10607458530223	1.20351482583739	212
-0.0235638091564701	0.961637293068962	212
-0.01757230658273	0.866581911126244	25
-0.0968577007289699	1.88663255687114	855
-0.03668761837809	1.37113270404224	884
0.0714788111137299	1.32613274291184	94
-0.03170749169855	1.26676988483886	1698
0.06534198003685	0.599148545689121	264
-0.12180932282433	1.25874851312177	264
0.0877181782496499	1.33510948727928	264
0.0914473419322199	1.17810053540397	47
0.10208654585993	1.24387323790823	499
-0.0249742997203299	0.912532159309438	300
-0.02021744958919	0.973552400157257	300
-0.02850583074816	1.20199436381601	356
0.0130139378829	0.73980439910164	25
-0.11607991395199	1.43473396877211	884
0.05423844017477	1.50514207093166	264
0.00531758724835996	0.706515306091219	47
0.10230189982585	1.22929533480689	356
0.0139645005676701	0.73544006362145	431
-0.02465723871959	1.01943800019152	172
0.05838953532209	0.580688152007467	172
0.11590225357895	1.83113242673886	332
-0.0108998246623799	2.37472169388095	855
0.0593640112314899	0.604419398142513	94
-0.0301813862584399	0.992013794701377	6386
-0.0129244515014999	0.795511584986129	47
-0.0245044728133701	1.03226994790639	2048
-0.01803276411835	1.1633680681856	431
0.0604999958741099	0.584499872770367	106
-0.03077414594107	1.4748739533377	25
0.00606196018478	0.689897599948616	94
0.06135620446135	0.587426231279741	94
-0.04884079821403	1.77670844104449	6386
-0.00775203311127992	0.867255792580533	47
-0.0369809493892701	1.483007186292	356
0.0997196782835099	1.23161654327267	45
-0.10969559280819	1.35558540678782	212
0.06340633790752	0.593211047439799	332
0.0896472828609401	1.34233501249157	332
0.0605318854085599	0.525695705866885	212
-0.12133713734207	1.29297501369896	106
0.00912084256064993	0.716241038125386	25
0.10236304253229	1.22077073151746	47
-0.11398774802203	1.37876962522467	2048
-0.0282172281558499	1.02236130974966	431
-0.0264657189987101	0.992245010461773	25
0.00905390611699008	0.653336030025155	25
-0.0341033535777899	1.16288653916048	25
0.10213439746642	1.21817807754947	25
0.06199202564461	2.27178475292872	855
0.0633212595661601	0.614983346052817	94
-0.0270599994143399	1.19061506437424	47
0.0633212595661601	0.614983346052817	47
-0.0258942740667401	1.13701564842525	431
0.05007128673516	1.46218049063508	431
0.0966557611338601	1.23243272205015	212
0.0154222312500101	0.719341038461645	25
0.0775352758247301	1.36968180739077	25
0.0693018553326901	0.575374858990599	25
0.0939443790671599	1.16744681078475	264
-0.0357420229551499	1.40159780906982	47
0.01375829011628	0.714520639631988	47
0.06244399995416	0.590281494815779	47
0.0733094817423601	1.38485597793276	409
-0.0250421566644501	1.01029090927979	431
-0.0239217771917	1.02586093526657	212
-0.02231366231832	1.01341395534518	264
-0.01155065439049	0.876796197105522	2048
-0.0462568234451199	1.73536178692106	356
-0.04058922375291	1.35621273340805	212
0.10892154314186	1.22966768277732	106
-0.02935171918181	1.15022100367631	25
0.08439818263752	1.35765919903821	106
-0.12082038053451	1.2201894113621	193
-0.0180892162405699	0.792207966388193	228
0.01152438504328	0.707831083168717	106
0.05838953532209	0.580688152007467	3292
0.05739171964478	0.583685732032452	3292
-0.0178010848118499	0.834412285839855	47
0.0612628663471699	0.556505185692855	212
0.00341888433818993	0.703635927071053	3227
0.10208654585993	1.24387323790823	106
-0.10853187605482	1.71888562901431	884
-0.06112194253144	1.75389503644029	47
0.0643744238203801	0.618123110095228	1878
0.0113168370686501	0.734779276206035	409
-0.01282488360161	0.832155389285179	3358
0.06033794820574	0.586411525643316	6840
0.0477131281030401	1.65145951198614	884
-0.0193446013481799	1.02868610658457	47
0.0187997063066001	0.689877109506769	47
-0.0530937770228901	1.87299556532456	47
0.00457293208292997	0.687023390764286	409
0.06244399995416	0.590281494815779	6393
0.0633212595661601	0.614983346052817	356
0.0111100807153	0.728454130006173	106
0.0702443557948	0.552125753392425	3227
0.06728798377865	0.593090078305361	252
0.0643744238203801	0.618123110095228	3292
0.0150677243469799	1.89143382291766	799
0.0120624631094199	0.737759376900683	6445
0.00660900990395996	0.662409468567346	1878
0.0622221140507899	0.557548707435577	1878
0.0929172471005599	2.31351192757023	829
0.06728798377865	0.593090078305361	433
-0.10704470129083	1.49439506612837	855
-0.0169286594217799	0.808928091786605	264
0.09160265201877	1.17118105991695	30
-0.12146116417063	1.38984341235446	47
0.06147226574384	0.608565543854246	47
-0.0121394780940101	0.843107129542291	1878
0.01690369300297	0.698462264048351	431
0.0633212595661601	0.614983346052817	212
0.06033794820574	0.586411525643316	212
0.0103634645494499	0.72555161132246	1833
0.06825134024419	0.57610225589685	756
0.0122693029330201	0.736813272833165	3225
-0.0351330617888099	1.64153094652212	94
-0.10902425806011	1.46364613515969	212
-0.01536724835033	0.844093172719436	829
-0.01522027726646	1.01261464643353	332
0.0643744238203801	0.618123110095228	252
0.10998273180886	1.19448016194585	30
0.0693018553326901	0.575374858990599	47
0.0792692111236599	1.30545972300258	356
0.0962773656967499	1.16799859434758	212
-0.0020773767292499	0.646501307967821	3227
-0.0281569176149901	1.16795625310241	433
-0.0181518996951699	0.838335678201585	433
0.0113168370686501	0.734779276206035	47
-0.10838363392679	1.32334633789521	356
-0.0368849152506301	1.28667122187607	212
-0.03041944213885	1.34812858329827	829
-0.0269284258159701	1.11689640855359	252
-0.0223475888208	0.995378519682284	433
0.0614647288530299	1.52211211660353	264
-0.0336322920596801	1.41998599399474	47
-0.0103533443839701	0.952337445592915	106
0.0643744238203801	0.618123110095228	433
0.0603947449325399	0.586269149131321	94
0.0132208576757	0.732496897024723	47
-0.01125422175615	0.855937024969947	47
0.0643744238203801	0.618123110095228	195
0.0633212595661601	0.614983346052817	1390
0.0126044147767399	0.70888947383478	94
-0.01189095225572	0.822956626334847	264
0.05642355803702	0.582529775776723	597
-0.01522027726646	1.01261464643353	47
0.01007346563013	0.7100092467473	47
-0.0291661965291401	0.972975016292272	1750
-0.03167689417426	1.40217922208678	2087
-0.0260227464423599	0.99337047960623	47
0.05642355803702	0.582529775776723	597
0.05071492668441	1.45796136788733	2087
0.00700893426886995	0.705779180003894	264
0.12388124080037	0.981941660649978	47
0.0441219496925001	2.21592795758532	106
0.0400879853692999	1.69784755172055	106
-0.05424928131108	1.75703281719095	2087
0.05739171964478	0.583685732032452	94
0.0986603057544899	1.20902374413664	2420
0.0663241035881701	0.570725623555877	3155
0.03819603472424	1.60042919231887	2087
-0.0308335752384401	0.910594607227173	30
-0.00961629591099999	0.863059469626353	274
-0.0440713553313301	1.87767328658202	2087
-0.0288888421223401	1.1113758927252	2395
-0.02880197376001	1.10521695451132	94
0.0534440548203301	0.5426529851126	2627
0.0113168370686501	0.734779276206035	195
0.10656763185153	1.89002416877394	194
-0.01850468694316	0.858828726660974	597
0.0742719656966999	1.3817059289979	3155
0.06147226574384	0.608565543854246	3155
-0.11802459278698	1.56268353973631	2087
-0.0198021059629201	0.838457210211734	2395
-0.0150701414899601	0.866255220541524	2395
-0.02721797737457	1.26251137420262	2627
0.0563447856430099	0.584947989934065	94
-0.02971364381062	1.30904286966575	30
-0.0141365188682501	0.856005211393035	47
-0.0165810219722899	0.851953455829327	47
-0.04216696149969	1.51866270847836	94
-0.0140527729809701	0.868822189583474	1329
-0.0264657189987101	0.992245010461773	194
-0.0234694323095399	1.02875523287468	1058
-0.0391084481651101	1.39823460030356	1058
0.00244240770060999	2.04591396392882	1058
-0.12196289893023	1.12754793019032	2087
0.05116458836173	1.61292843613253	30
0.10591338829527	2.34526607807213	94
-0.0533963433553399	1.63132779834491	2011
-0.12205899656503	1.05465241434618	106
0.0821363621417	1.33504082537376	1058
0.08359655635754	1.377446264681	94
-0.11477086408475	1.53741423062661	356
-0.0181969647418601	1.00646130535586	2087
0.0122693029330201	0.736813272833165	2087
-0.12242579295396	1.48320797635907	2395
0.06041866978774	0.610006844551424	1641
0.06041866978774	0.610006844551424	47
-0.02763318954915	1.03408940864849	265
0.1066438854008	1.19602008437335	265
-0.0480665892415499	1.53840136575837	94
-0.10768563622803	1.62856765590425	106
0.00891668950697011	0.720228398276574	2011
0.10168319832988	1.24197406436066	3597
0.00796325773834994	0.716128290121217	2280
0.0582815960188201	0.588315347493659	94
-0.02722601260271	1.02353955408944	194
-0.0345194560703701	0.93687533524744	3597
0.0584375610224099	0.576382220207233	2917
0.05642355803702	0.582529775776723	94
-0.01191252664945	0.862275984614568	194
0.06825134024419	0.57610225589685	597
0.0642899230904901	0.596233798709692	5215
-0.12202052620629	1.4012141195242	1058
-0.04010202582394	1.47977468839646	94
-0.0322250003148701	1.32037464385953	106
-0.02289736026139	0.996726755987574	1058
0.00942153846578009	0.722401275607434	1058
0.0980759071112001	1.24256078921711	1058
0.06244399995416	0.590281494815779	2395
0.06226702000546	0.59760797927366	94
0.11568846503754	1.81263225069385	94
-0.00995561927904998	0.863242779113681	597
-0.0245044728133701	1.03226994790639	1058
0.0943399781735601	1.14064371254615	6069
0.00721290209143	0.713310891105617	195
0.10194145171124	1.17543290648	94
0.0130139378829	0.73980439910164	597
0.11578019014373	1.80636994976362	597
0.0583082965247199	0.585951608020247	274
-0.0215241341788299	1.02684513517863	94
0.00846489243790005	0.726561423807801	94
-0.0378905724516101	1.24722210703563	94
0.0612628663471699	0.556505185692855	5957
-0.04673894082457	1.79900994796106	274
-0.1174287833418	1.44244813649602	1058
-0.0380776169338199	1.33610775268127	1058
0.0531342720323	1.48919051109471	1058
-0.11631101127381	1.06684595956601	2280
0.0180614897467899	0.71272459725209	672
-0.1123984822285	1.43318069647455	5384
-0.12040257416936	1.24702143160009	94
-0.0224801213950201	1.02396222029549	94
-0.0191420827224	0.830010370467853	356
-0.0256503181155101	1.03040846849594	194
0.06939014046272	0.578064425928216	274
0.0642899230904901	0.596233798709692	274
-0.03136686982645	1.3551886224509	274
0.0509780198201	1.35031253117956	2802
-0.01184573882794	0.875821973022754	1058
-0.02661720845834	1.31362841674904	1058
0.0980570040478701	1.94714789906638	1058
-0.01191252664945	0.862275984614568	2395
0.05851917068872	1.48226354263045	2395
-0.0137857381381199	0.833222449540678	2395
0.00751531590035004	0.724568028643485	94
0.06739007766368	0.540705452991664	94
-0.11888882599546	1.64296199387401	94
0.00416524821400999	0.687150071443609	1166
-0.10619725735934	1.4771050665785	94
-0.0352911874278601	1.44713402877891	2802
0.0840790909372	1.37745767768474	1058
-0.0271490805882699	1.41377237223421	1058
0.0209831871202599	1.82830563729256	2395
0.06041866978774	0.610006844551424	2280
0.06147226574384	0.608565543854246	1166
0.0683396127993201	0.592281316130891	1166
0.01152438504328	0.707831083168717	94
0.10208654585993	1.24387323790823	94
0.0120624631094199	0.737759376900683	94
0.0693018553326901	0.575374858990599	5539
-0.0401223576268099	1.43601209813594	106
0.07278849892319	1.20923306460952	194
0.00143540437562995	1.88381996417018	106
0.0593291809974199	0.591170142954943	274
-0.04407673324287	1.54085057576871	94
0.0263414980944501	1.78672948667316	94
0.0614135373907501	1.54103293095179	94
0.0145144400496	0.680159441608765	94
0.0540914565022399	1.48227080354167	94
-0.01850468694316	0.858828726660974	98
-0.10379567495703	1.47408117002769	274
0.09766820167957	1.19797289591978	94
0.07132267595009	0.560831226713624	1166
0.0987160157679301	1.18770052290586	94
0.0755576566943901	1.41402606055875	4189
-0.11900822542098	1.04648343086722	4189
-0.1237661551931	1.27994193728285	1058
-0.0281210300291399	1.16272368224792	106
0.06534198003685	0.599148545689121	1058
0.11398474193273	1.76264316538583	1058
-0.03652548003375	1.25551937065646	2395
-0.0143459678033699	0.871618952378667	2395
-0.11408369405154	1.53069401573563	94
0.06825134024419	0.57610225589685	4507
-0.02452546603369	1.16597654091196	94
-0.0413342505341801	1.43648303323369	94
0.0113168370686501	0.734779276206035	2279
0.0584375610224099	0.576382220207233	106
0.00846489243790005	0.726561423807801	106
-0.11804790549982	1.46739877376227	106
-0.01375823237707	0.835940079036246	1058
-0.11693518890515	1.21962017113523	1058
0.0990735597460199	1.23315891917577	1058
-0.0239504964536199	1.30712334008846	529
0.05854261056253	1.55286175709315	1058
0.0693018553326901	0.575374858990599	94
-0.0162992063699301	0.842588933779108	94
-0.0514785798647801	2.01845935951219	94
-0.12414346618872	1.3562268513561	94
-0.01269509258225	0.967724332575692	98
-0.0283403473886401	1.29291246819977	822
-0.01443470950103	0.840203630122309	1058
-0.10232385347261	1.44374258858714	1058
0.05135742140703	1.36629594536991	2395
-0.00522727493878006	0.85311202035104	2395
0.0627669895173499	1.49931754403145	94
0.0552967655608001	0.579872912778297	94
-0.0630472247426801	1.55637400342192	94
0.0642899230904901	0.596233798709692	94
0.00986922515735	0.719070043588214	2279
-0.01443470950103	0.840203630122309	3001
0.08086784415942	1.36204419539985	1058
-0.02073448927729	0.839653253078016	2395
-0.12220662327845	1.38096610454196	94
0.06402293067331	1.41348739046901	94
0.0155681711179601	0.66417446083955	94
0.06639295387207	0.594083958118044	106
-0.0250352402743099	0.986801434252291	274
-0.0268549405969301	1.11176832674685	1058
-0.0289634392892	0.933652684172404	529
-0.0255462714537	1.18549722743097	1058
0.10079785495677	1.23821972411895	2395
0.0934350915960001	1.1852521161127	2094
0.0182811038414401	0.688802078950733	106
-0.00931992240088997	0.873757613729707	106
0.01164856006249	0.709785768416903	1058
-0.0270493532098099	1.02762343487307	1058
0.00816731990536002	0.717381511893217	1058
0.00986922515735	0.719070043588214	94
-0.0539638008139001	1.76094635964524	72
0.0161631014020001	0.722145016404697	1058
0.0683396127993201	0.592281316130891	6555
-0.01277701268411	0.874242019353507	94
-0.0359156897870701	0.928014708013588	94
0.06737684818267	0.570027814694718	94
0.0583082965247199	0.585951608020247	98
0.06033794820574	0.586411525643316	106
0.0574705148550201	0.575256772311635	529
0.09081512481385	1.86098352785611	94
0.06041866978774	0.610006844551424	529
0.05854261056253	1.55286175709315	94
-0.0124830066003701	0.881181970125057	1835
-0.0197525326766701	1.03344341480425	94
0.0112845692716299	0.638053677536463	94
0.06534198003685	0.599148545689121	1635
0.0703512677786999	0.562215820690454	56
0.0613915060103301	0.591587161243202	1642
0.0604999958741099	0.584499872770367	2664
0.06719972913054	0.563532709904846	1077
0.06534198003685	0.599148545689121	1077
0.06623526001581	0.579547723010784	106
0.06329578909097	0.569886712575052	1635
0.0593640112314899	0.604419398142513	1635
0.06041866978774	0.610006844551424	1191
0.0613915060103301	0.591587161243202	529
0.05015483955667	1.58069961940756	349
0.01933175197509	0.689967993695177	349
-0.10009746170467	1.84114234921777	94
0.0642899230904901	0.596233798709692	1835
0.0242098055520199	0.640014255438179	94
0.0644591744871501	1.46635859335921	1835
0.1227455135293	1.78957965576258	618
0.05424766592018	0.563140778604807	1191
-0.0197525326766701	1.03344341480425	106
0.01372870069523	0.686099967889348	106
0.01334084753432	0.692288956764171	106
0.06639295387207	0.594083958118044	986
0.0613915060103301	0.591587161243202	3630
-0.0282628597802199	0.967122125315674	94
-0.0617759147897501	2.06257761852316	1835
0.0593640112314899	0.604419398142513	6593
0.00751531590035004	0.724568028643485	1642
0.10401518098113	1.17080649722045	151
0.0642899230904901	0.596233798709692	1126
-0.11676471853939	1.27845190549858	8
0.00656658929516008	0.715595797254537	1635
0.0133532891544199	1.80354716147534	8
-0.02498336803638	1.28862901087663	106
0.00136652258956005	1.63790993040142	56
0.01007346563013	0.7100092467473	151
-0.0125463663680101	0.860010083167144	331
-0.11374123655486	1.67358129071178	94
0.0643744238203801	0.618123110095228	1077
0.00816731990536002	0.717381511893217	56
0.01470786186503	0.710564081401421	151
0.05642355803702	0.582529775776723	331
-0.0555945592674001	1.46008439230046	8
-0.0360070757235	1.43537326076312	56
0.0111100807153	0.728454130006173	56
0.0191111616956501	0.653376445251991	349
-0.12423995703807	1.16833844065604	1641
0.0642899230904901	0.596233798709692	56
0.0632367895670101	0.580180307340911	72
0.0593640112314899	0.604419398142513	1696
0.06825134024419	0.57610225589685	8
0.06135620446135	0.587426231279741	72
-0.01757230658273	0.866581911126244	8
0.06041866978774	0.610006844551424	56
0.06534198003685	0.599148545689121	169
0.0703656737955001	0.541521287348341	169
0.01007346563013	0.7100092467473	331
0.01375829011628	0.714520639631988	349
0.0592466517154899	0.589487289204729	2166
0.06041866978774	0.610006844551424	349
-0.02073448927729	0.839653253078016	1368
0.10270511446957	1.21040858269823	106
0.0163726937669499	0.718386534443841	169
-0.0068172076075399	2.4251529558719	1023
-0.1205478183607	1.38246666423877	1368
0.10111199339495	1.25028945836862	8
0.0580073987457199	1.45575523889137	8
0.0633212595661601	0.614983346052817	106
-0.10020520788598	2.22024611491849	1023
0.04149031451623	1.5534199336594	127
0.0120624631094199	0.737759376900683	8
0.00973518287575992	0.683513608025873	56
0.00751531590035004	0.724568028643485	169
-0.05601488619892	2.01077576174686	1023
0.0152127113051601	0.715455757589842	8
0.0940961004249301	1.20889852083427	8
-0.02704572770803	1.31080224187212	8
0.0864398207872401	1.34240263654317	8
0.0345564163512999	1.72342919268983	8
-0.0262710108303399	0.970065470293156	593
-0.02713502324975	1.31036565760541	56
-0.0131445100998899	0.832674824475431	9
0.0195530653925999	0.690928445934762	1126
0.01238578444438	0.693109434251133	1126
-0.11858165749837	2.35059241013951	1023
-0.0529137972059299	1.47397842161381	2967
0.0535866265024001	1.45823759525638	8
-0.02231366231832	1.01341395534518	8
-0.0312141298579201	0.937877128684319	8
-0.0366008813432599	1.12399110047799	151
-0.03773805330469	1.4195894253546	1023
-0.11452966141523	1.73904060715587	8
0.10546546385348	1.21208128155376	8
0.05739171964478	0.583685732032452	1257
-0.02902720085014	1.00605077361767	56
-0.03326852778109	1.19455489694033	9
-0.02642394366134	0.984057360859523	331
-0.0223475888208	0.995378519682284	331
-0.11867240888482	1.28439509532067	56
0.0195530653925999	0.690928445934762	1126
0.0532714272546899	1.56990750926773	56
0.05642355803702	0.582529775776723	169
-0.0308519074132201	1.1913791981955	331
-0.00363768065422998	0.808109725600901	1126
0.05537550987805	0.583784270938947	8
0.0592466517154899	0.589487289204729	8
-0.0112596552277799	0.828406033257038	106
0.06041866978774	0.610006844551424	72
0.0593640112314899	0.604419398142513	72
0.10642831843615	1.22189197030936	151
0.06728798377865	0.593090078305361	151
0.0683396127993201	0.592281316130891	331
0.0552967655608001	0.579872912778297	1126
-0.0311343383851099	1.40343192597811	1126
0.0592466517154899	0.589487289204729	8
0.01082086026106	0.71277476751038	72
-0.02202801818879	0.809626299786888	331
0.0604999958741099	0.584499872770367	331
0.0683396127993201	0.592281316130891	331
0.01674343174545	0.677733684606275	1126
0.0593640112314899	0.604419398142513	1126
0.06329578909097	0.569886712575052	620
-0.01312050439387	0.870391117081159	56
0.00912084256064993	0.716241038125386	151
0.09557557822949	1.18610949320327	1126
-0.03273935922447	1.27224406684767	8
-0.12233402212479	1.247401429977	56
0.01082086026106	0.71277476751038	72
0.0126044147767399	0.70888947383478	72
-0.11873869950362	1.46106826683703	127
0.0787685150851001	1.40722280075829	3608
0.10543256142262	1.22796939608725	8
0.0195530653925999	0.690928445934762	56
0.06341166721421	0.568130784041491	151
0.01375829011628	0.714520639631988	6242
0.0120624631094199	0.737759376900683	1126
-0.01277701268411	0.874242019353507	127
-0.02837830866342	1.15672432544712	1023
0.06728798377865	0.593090078305361	6725
0.06041866978774	0.610006844551424	331
0.0722791748777001	0.546219501118653	331
-0.10471406321947	1.95389934185021	6007
0.0663241035881701	0.570725623555877	56
0.06226702000546	0.59760797927366	72
-0.11696786732171	1.44913659668919	56
0.0722791748777001	0.546219501118653	331
0.06639295387207	0.594083958118044	1126
-0.0309068017615399	1.13091362395576	6003
0.00193215739448993	1.5827574482889	56
0.0613915060103301	0.591587161243202	56
0.06033794820574	0.586411525643316	56
0.0592466517154899	0.589487289204729	6725
0.01505522837819	0.664778780041275	331
-0.0398849882508701	1.44660852882546	127
-0.02079880014545	1.00689298789336	6003
0.0997196782835099	1.23161654327267	106
0.0633212595661601	0.614983346052817	8
0.0152127113051601	0.715455757589842	583
0.0130139378829	0.73980439910164	56
-0.00623980664061996	0.814095706555699	56
0.0613915060103301	0.591587161243202	1126
-0.05305723078261	2.0738339636986	1023
-0.02837386850954	1.19319138973114	583
-0.0201589246348799	1.01672392057771	938
0.00246817160474011	0.693650648960579	331
0.01152438504328	0.707831083168717	331
0.0830043671326399	1.30265101501999	106
-0.0312611697366201	1.11611559640014	1301
-0.0213547994924901	0.993776878800302	56
-0.0354630682858399	1.09296302898155	56
0.10628534820718	1.21954330114866	56
-0.0214743055625499	0.738155082718812	151
-0.12045226306366	1.07825159599108	151
-0.12416908470177	1.20980678209324	2427
0.0992182504300101	1.19012632126171	72
-0.0245602927891699	0.953088569078646	72
0.10977838086685	1.1849755806718	1126
0.10494191787031	1.18553828508188	1126
0.05225774600279	1.62508533000778	56
0.0826310642707	1.37616767107232	339
-0.0291922999986201	0.990430880681821	72
0.0811271126964199	1.38241569680624	331
-0.0160031823870099	0.870501626042483	331
-0.0192270226043301	0.814250054111255	3391
-0.08422291223111	2.45941967727456	1023
-0.00838700233281009	0.872450793127639	127
-0.05075167171617	1.50925158500688	127
0.00912084256064993	0.716241038125386	72
0.06033794820574	0.586411525643316	339
-0.03016519380648	1.32856811027827	127
0.0593291809974199	0.591170142954943	1024
-0.01536724835033	0.844093172719436	4360
-0.0379296160518099	1.48785132341978	72
-0.00396117852993005	0.819692889657675	339
0.0683396127993201	0.592281316130891	72
-0.0405824810492099	1.25625165482803	841
0.0183735836977801	0.673109337134819	106
0.0643744238203801	0.618123110095228	3383
-0.01277701268411	0.874242019353507	339
0.09189367904304	1.94886014404903	841
-0.01335278601894	1.10886175433477	4360
-0.02517686074732	1.12452503348925	731
0.0633212595661601	0.614983346052817	56
0.0165224125541601	0.667390791365577	3383
0.00966577110509004	0.696480830505913	2339
0.0195530653925999	0.690928445934762	841
0.0113168370686501	0.734779276206035	460
-0.12472634706564	1.16591448854553	106
-0.0309068017615399	1.13091362395576	319
-0.02231366231832	1.01341395534518	56
0.00606196018478	0.689897599948616	339
0.01102518467588	0.697975897214114	339
-0.0340135840579301	1.28981878447364	841
0.0613915060103301	0.591587161243202	106
-0.00742874352305001	0.80938293194667	56
0.0756138425458699	1.36916160855039	72
0.00550596231884004	0.677005978540071	72
0.01007346563013	0.7100092467473	796
-0.0534472749583299	1.59512715292975	841
0.10272498694023	1.21675411806408	56
-0.0299016410278801	1.16811026365302	72
-0.0317546798698201	0.994447688336457	339
0.0787685150851001	1.40722280075829	339
-0.0105475599010001	0.849632814378228	460
0.0172957535246301	1.77116003500659	20
0.0135597092022199	0.700784028439046	339
-0.0231009177524	1.02378211757681	6846
-0.0199273235404001	1.01146526695441	106
-0.11485865713112	1.57501201054788	52
0.11583482858191	1.17968132597247	731
0.10179146773305	1.23570527553671	56
0.0960838465082601	1.24063708268344	72
0.0642899230904901	0.596233798709692	556
0.06147226574384	0.608565543854246	1591
-0.01191252664945	0.862275984614568	3181
-0.0169356419967901	0.868911793806971	56
0.03081653181835	1.78188028999575	339
0.1009441741807	1.18130973637649	339
-0.11828315849431	1.49811765033346	126
-0.11456617961129	1.44535393060561	841
-0.0290526136173801	1.16924244685072	106
-0.0179426271668399	0.807425783847722	106
-0.02251867767662	1.03545007703282	56
0.0578950577673101	2.21022056062212	56
0.00457293208292997	0.687023390764286	339
-0.02920735067384	1.01505246641426	339
-0.0352400747614099	1.31740217264899	3183
-0.0240946918941101	1.02555916971746	1591
0.07856289252162	2.01132929779103	126
0.0769936182114901	1.37390287030357	126
0.0613915060103301	0.591587161243202	2672
-0.11524763342268	1.415052936643	126
-0.0914099041212699	2.09409912823558	126
-0.11491729724296	1.52554248125961	5900
0.01243043157266	2.41759852467367	126
-0.0242512300273501	0.792833845129057	56
-0.0209679773306699	1.01147320141522	20
-0.11433840168136	1.42219774878277	339
0.0992412797904301	2.28164848065621	126
0.0210253696929401	0.672212767105148	2672
0.06147226574384	0.608565543854246	339
-0.11219715262007	1.70325210706765	2831
-0.11444731656191	1.37568238327601	56
0.00772440077893011	0.705767625382144	2083
-0.10950506523311	1.78329594491807	3416
-0.09027911463658	2.24578643947598	126
0.10636159159412	1.22285817135637	126
0.01192103831011	1.95912452493238	841
-0.11636469818767	1.41371303333908	2831
0.10416637239066	1.14228910733108	56
0.12256231123474	1.79111583363959	3416
-0.02193663830246	1.02900749322418	3113
-0.12102664617645	1.19871618947917	460
-0.12039695352039	1.10002040611277	1132
-0.0547638093665701	2.49687102246208	126
0.00762931020596991	2.03861628058135	126
0.11351598932517	1.16753012718357	106
0.0543126952829101	0.553935272507088	52
0.0178572840742699	0.663289713095503	2083
0.0159542969912201	0.692297928289701	339
-0.0907524926712999	1.87532023244798	126
-0.0139992932962201	0.821811236546424	339
0.0156565160776601	0.700260883207549	460
-0.0150701414899601	0.866255220541524	3113
-0.00679462798724995	0.840741428522125	1613
-0.0140527729809701	0.868822189583474	1590
-0.00654424918092	0.808565295015151	319
-0.0182092002946199	0.837164003089588	339
0.09301391670106	1.19795284797038	3113
0.0993863885293	1.20772616128883	841
-0.0159414667494899	0.84703458211232	470
-0.04387326925566	1.58938429836964	339
-0.0102773434083401	0.840701906835741	3113
-0.0169356419967901	0.868911793806971	2451
-0.04049767529263	1.04847509480223	470
0.0986603057544899	1.20902374413664	5403
0.09956655862343	1.23440979086197	106
0.0154222312500101	0.719341038461645	20
0.0643744238203801	0.618123110095228	339
0.06728798377865	0.593090078305361	339
-0.06267036053349	2.17911153548463	841
0.10217875578057	1.14920974768152	1103
0.06033794820574	0.586411525643316	339
-0.01501078430284	0.845793849672636	1590
0.0130139378829	0.73980439910164	841
0.06825134024419	0.57610225589685	742
0.05882740446102	2.16934314815971	1447
0.0469525817736001	1.61409961351838	391
0.0141714968190401	0.721315132965811	52
-0.0103533443839701	0.952337445592915	20
0.06340633790752	0.593211047439799	1103
0.0903732293934301	1.13297333361712	1447
0.07587688642428	1.36416281340488	1447
0.05928333299222	0.56931930957308	4775
-0.0427770458275101	1.58369971221679	2110
0.06041866978774	0.610006844551424	52
0.00775998475371997	0.683168445359505	3179
0.00846489243790005	0.726561423807801	1832
0.0114301635824301	0.686996395524903	339
0.0633212595661601	0.614983346052817	3179
0.06842849270537	0.557161027550548	72
0.0623378061557101	0.568801504130337	339
-0.12305095863455	1.28365035764931	52
0.0067734472521499	0.70388519955026	52
0.03892676892912	1.69310157087838	72
-0.0202351880899401	0.740897933372081	339
-0.0232892560524001	1.01863844473801	2024
0.0103634645494499	0.72555161132246	2024
0.11603626352737	1.70668413642434	52
-0.11452301394156	1.49354293912217	186
0.0593291809974199	0.591170142954943	470
0.00751531590035004	0.724568028643485	732
0.0633212595661601	0.614983346052817	20
0.06551163606404	0.571774247791024	555
-0.0478993577950699	1.66723184614279	2024
-0.10956091982962	1.50888833457693	2024
0.0163726937669499	0.718386534443841	2024
0.0633212595661601	0.614983346052817	470
0.05733271948467	0.563962076176424	3143
0.0555370435002101	1.49157181554007	2024
0.00891668950697011	0.720228398276574	2024
-0.0134147775901201	0.879582006178494	2024
0.06041866978774	0.610006844551424	2024
0.0643744238203801	0.618123110095228	470
0.00751531590035004	0.724568028643485	555
0.0593291809974199	0.591170142954943	555
0.0139645005676701	0.73544006362145	202
0.1121818275471	2.37588057866755	52
0.00172052810089007	0.674948611719357	339
-0.0491633981102699	2.28430509666825	841
0.0161631014020001	0.722145016404697	186
-0.03150230755067	1.48117449742276	20
0.0797337163699099	1.40390475216556	189
-0.11585294791626	1.45054575120496	555
-0.0203609128581801	0.98608024645556	460
-0.12182862829034	1.30274323585502	52
0.06244399995416	0.590281494815779	52
-0.12424699840988	1.22836092328432	186
-0.0307663590612699	0.997925882606531	20
-0.0124830066003701	0.881181970125057	456
-0.0350581883827601	1.2397445008144	446
0.05467027982871	1.52660633435707	732
-0.02602380993739	1.17889345588402	29
-0.11869490021198	1.24011645754549	2948
-0.0162992063699301	0.842588933779108	555
0.0120624631094199	0.737759376900683	20
0.06041866978774	0.610006844551424	189
0.06534198003685	0.599148545689121	456
0.0155681711179601	0.66417446083955	456
-0.11894813921662	1.35476004761972	202
-0.02643083486048	1.00617642221587	72
0.0695079314321401	1.32235414375035	555
-0.00875897150997007	0.843683490369616	456
0.05672049961771	2.01177235475584	841
-0.12329369332175	1.23417848294132	732
-0.0167951859190001	1.00123201825981	20
0.0554245635591499	1.541455157063	189
-0.12422746746265	1.28496396226011	456
0.04439050916793	1.29259155151731	1682
-0.0236941948753799	1.17619161156422	186
-0.0020773767292499	0.646501307967821	3107
-0.01405835968215	1.0040944696708	20
-0.01628913583131	0.840730028269732	446
-0.0121876541334001	0.8661517415593	555
0.04253359447843	2.21411273955563	841
-0.05708170844467	1.78325065027982	841
0.06244399995416	0.590281494815779	1682
-0.0227925838552101	1.18006895435238	3107
0.0120624631094199	0.737759376900683	20
-0.00995561927904998	0.863242779113681	29
0.01238578444438	0.693109434251133	29
0.08016270567234	1.3615270635753	555
-0.0270493532098099	1.02762343487307	1076
-0.0317964552755801	1.3502316013668	1076
-0.0165190396553401	1.15004322375799	555
0.10660461787666	1.21809191563936	456
0.00846489243790005	0.726561423807801	456
0.10579156237475	1.20203447399683	841
-0.02196210160224	1.0019175882331	1682
-0.00681558167341989	0.957318950749813	1682
0.0130139378829	0.73980439910164	3107
-0.04910965828736	1.79487584787425	20
0.0144708459462799	0.712703450377961	446
-0.02259750594157	0.827162971572252	29
0.10792780070306	1.23212411929816	29
0.0712021130359299	0.538084495000004	446
0.0067734472521499	0.70388519955026	446
0.0799062305673901	1.36153292877294	29
0.0167164424652799	1.81375195002688	1076
0.06739007766368	0.540705452991664	29
0.09623371658922	1.1775881947843	29
-0.0172208094286499	0.841944511622497	1202
0.00721290209143	0.713310891105617	1202
0.06147226574384	0.608565543854246	555
0.0413638971005399	1.67067144967754	456
-0.04140357701904	1.73346577548671	841
-0.0254139422883899	1.35011049816186	841
-0.0290284850946101	1.3163610800822	202
0.10287318632105	1.23276872856924	6307
0.06346928559759	1.47526344005723	20
-0.0112087009081501	0.844588051811072	456
0.02028936436462	0.693455396423081	456
-0.01127891318906	0.836637668464578	1202
0.0336682434981801	1.71387661244096	186
-0.0248601634852901	1.02318333847538	446
-0.0131804325085001	0.831351185821783	29
-0.02138372131241	1.1005518848564	456
0.0507710662737599	1.47098598969352	456
0.0582994089914399	1.57230276083478	20
0.10215363627444	1.16501378138212	186
0.06536497098516	0.531775091552538	555
0.05237519472195	0.548854082704878	555
-0.0109328647029701	0.987024667814766	456
-0.0176149268275001	1.00923308319723	186
-0.0205284909561101	1.01113122589829	29
0.0174760830409799	0.66303547553507	29
-0.0308745447416401	1.15487034831646	202
0.0135597092022199	0.700784028439046	72
0.0683396127993201	0.592281316130891	3135
-0.04010202582394	1.47977468839646	446
-0.0218964692744501	1.0268660615844	29
0.0848225700787999	1.35668113153618	20
0.10372705775228	1.13482912186147	72
-0.124584360777	1.10582532352696	555
0.0751358962567801	1.38805629078778	555
0.0966557611338601	1.23243272205015	555
0.00730917789754004	0.698449956448178	20
-0.0126499364191499	0.98094225650218	29
-0.12371329479135	1.24050906529862	29
-0.0557308176040101	1.92248948819148	20
0.00986922515735	0.719070043588214	5680
-0.0295471984509801	1.30060653430464	555
0.11069948022337	1.91021923309172	29
0.0395787688572999	1.61873780682502	773
-0.0367062965564999	1.3341302404276	555
0.0139645005676701	0.73544006362145	555
0.00883502706549999	0.660393972857471	555
0.00816731990536002	0.717381511893217	20
-0.0156322147932599	1.02076873945261	29
0.08020841537609	1.37024801991025	29
-0.0216965311253401	1.15863353090347	456
-0.11242563698427	1.35527975856685	29
-0.01757230658273	0.866581911126244	72
-0.0162992063699301	0.842588933779108	555
0.06542650623628	0.612599401820178	1245
0.00341888433818993	0.703635927071053	1245
-0.0293999499305799	0.965276241080811	20
0.0826564709587301	1.99135822762551	686
0.0398920419186199	1.61847259992146	686
0.0563447856430099	0.584947989934065	773
-0.0434068466750499	1.56965559006923	555
-0.10841127847777	1.48872603669941	29
-0.0436743402243101	1.37953699795833	555
0.10164306989025	1.20205530221197	555
0.06218736772557	1.49237839411818	20
-0.0167967218724201	2.26690813948168	20
-0.0362623811677101	1.29705004263593	72
-0.11671017037198	1.39204926200481	29
-0.11738966847657	1.35856400346763	29
0.04641007213872	1.66458510164522	686
0.0642899230904901	0.596233798709692	313
0.12099153868533	1.80145730450613	1607
0.0067734472521499	0.70388519955026	313
0.0643744238203801	0.618123110095228	1607
0.0788811713742601	2.00373722023175	1607
0.0692860934933299	0.533533915251705	234
-0.0182316655854999	0.834663597647303	686
-0.0019138407616599	1.99268662779402	1607
0.0105709269644401	0.70595301906272	776
-0.0636613936686501	1.66858776796994	20
-0.03964538394521	1.20560649580707	2387
-0.03205423326641	1.25373261272996	1607
0.06329578909097	0.569886712575052	313
0.06534198003685	0.599148545689121	313
-0.02939704024676	1.25180447244743	555
-0.01751161688281	0.848254418472306	686
-0.02202801818879	0.809626299786888	686
0.07004365779983	2.12109879591237	1607
-0.0444287025732899	1.67613505627088	555
0.02794670448236	1.73137656546657	555
0.0774139626618899	1.3529833699312	686
-0.0392983647362399	1.27776209954779	20
0.0420766748255199	2.37199087495999	1638
0.07144417841326	0.533464174975927	555
0.06041866978774	0.610006844551424	555
-0.0373934468295101	1.33062168225278	686
-0.11352828271661	1.37183049541881	1607
0.05642355803702	0.582529775776723	776
0.0130139378829	0.73980439910164	776
-0.00895599994323004	2.21997739385625	20
0.01186768834106	0.689451119463823	1124
0.0643744238203801	0.618123110095228	1124
-0.12449697235375	1.29949152570986	234
-0.0313515351582301	0.98710277003586	555
-0.05643576510972	1.58753351332044	555
-0.02897118413808	1.14033521574419	555
-0.1224360013998	1.44944828804188	2387
0.01690369300297	0.698462264048351	686
0.00751531590035004	0.724568028643485	686
0.0603947449325399	0.586269149131321	234
0.02445051997945	1.80742271498307	555
-0.0435078583098101	1.7426692657606	2387
0.0519483909346501	1.62381729852394	2387
-0.00421081814587998	1.96158517232976	686
-0.0179418360030501	0.988611858207854	313
0.0552967655608001	0.579872912778297	234
-0.10908423937702	1.47052222326981	686
0.0656387750274601	2.09608162481784	1607
-0.0141365188682501	0.856005211393035	1638
0.10161112051739	1.84370648151688	555
0.06719972913054	0.563532709904846	234
0.0776004707906099	2.04943095683775	555
0.0887755739335501	1.98511407961571	686
-0.09649660660853	2.36295655383567	1607
-0.0110966444999601	0.985638120773049	1638
0.0122693029330201	0.736813272833165	234
-0.02850583074816	1.20199436381601	555
0.00905605628517003	2.02691424042117	555
0.0411601176712699	1.63459792887877	196
0.0443025231243901	1.6575571807806	686
-0.11991523868619	1.57767722886439	686
-0.08773054382689	2.3419194521627	1607
-0.04405952502111	1.69427724079449	196
0.0335970228123701	1.4726448010902	686
-0.0224801213950201	1.02396222029549	196
-0.11024190688798	1.34430204028974	686
-0.03084983276328	1.35074929635275	686
0.09937104596204	1.13351809628249	1607
0.06988357598616	1.36832821428571	1607
-0.12076282275692	1.34527407352112	1607
0.0602931171537799	0.592350106122282	555
-0.0365592920656499	1.15013989760317	555
0.00531758724835996	0.706515306091219	1966
-0.01623174917655	0.814760401061963	686
0.07894527725652	1.35377253393997	1607
-0.02224446776142	1.17664602907314	1638
0.0972274825484201	1.18826063529835	1638
0.0693018553326901	0.575374858990599	72
0.06542650623628	0.612599401820178	196
-0.0331316835314699	1.1764415713171	1638
0.03899985300585	1.66838337233946	313
-0.000809155205369949	0.794037673840453	3827
0.0731506351379001	1.29293059930506	555
0.0105709269644401	0.70595301906272	555
0.10335741183776	1.21181362273647	555
-0.03809096325739	1.57606964514507	1607
0.10111199339495	1.25028945836862	313
0.0643744238203801	0.618123110095228	5439
0.0613915060103301	0.591587161243202	72
-0.12353182970241	1.23797131364276	196
-0.11943009466181	1.28026829484433	153
0.09189367904304	1.94886014404903	686
-0.0521501762619101	1.7219017029534	196
0.11678861470007	1.8331418970533	196
-0.0513942112288099	1.52777912691417	196
0.03705444860379	2.449685887494	840
-0.0604440783834099	2.31391439065538	358
-0.02937572522161	0.958051145609794	196
0.10116126876591	1.19183599030353	694
-0.03938039990271	1.27794865530307	313
-0.03181186270047	1.13272487722424	153
-0.05219377805846	1.44970209242929	3098
0.10037753262862	1.2189559431081	313
0.0111100807153	0.728454130006173	196
-0.0124830066003701	0.881181970125057	153
0.0106173208729501	0.695449529793129	686
0.0111100807153	0.728454130006173	686
0.11053080342378	2.20810605118746	313
-0.12325652550352	1.25475191572822	1601
-0.01876208046494	1.03160073353127	563
-0.0381729905857	1.32943825444216	313
-0.00555922950353005	0.807524452771327	196
-0.0319510453313501	1.16854692148995	563
0.0120624631094199	0.737759376900683	313
0.05838953532209	0.580688152007467	196
0.05642355803702	0.582529775776723	4961
0.06147226574384	0.608565543854246	686
-0.05430529516537	2.12577751773991	1568
0.06244399995416	0.590281494815779	313
0.0625247926286401	0.600435015177839	1273
-0.10925012118204	1.60313628400638	1568
0.0916949427801399	1.88479609757229	358
0.0552967655608001	0.579872912778297	1601
-0.03368842536807	1.32556085553042	72
0.0146810823290899	0.692158511839575	1568
-0.0323041903074	1.1951572203315	1568
0.0642899230904901	0.596233798709692	1601
-0.0125070154463101	0.999380696504564	995
-0.0918896186007501	1.98515280655135	1568
-0.05411357372258	1.74668475668403	358
0.06647750026025	0.594280815081964	196
-0.05271919827686	1.77788864405131	313
-0.03557912963904	1.42658562927455	2651
0.1138687179118	1.82323639600597	1273
-0.0152765776843899	0.855972009780277	686
0.10465321959636	1.23119378408815	3285
-0.02520797376242	1.17565679926959	2915
-0.11748694791557	1.19980532928958	686
-0.02465905352168	1.18534742029724	3285
0.0609989431868601	1.50091836023473	4779
0.0031947095570799	2.11117822584109	148
-0.10940503944691	1.63676497600753	2915
-0.02850293119059	1.17887042147164	196
0.07914839217198	1.33293244619213	196
-0.01526895250919	1.22662062599124	313
-0.11301907605753	1.76008616258862	313
-0.01720582876544	1.01603257104226	196
-0.12327402686878	1.2957982024966	148
0.0632872704151299	1.26458281549658	313
0.0613915060103301	0.591587161243202	72
-0.01025226345357	0.868198299257083	196
-0.11903945284798	1.35442047377499	313
-0.0367992155006101	1.2843857900102	1151
-0.05103888998449	1.46642444876673	196
-0.00702396423484997	2.44432383139763	313
-0.0233480667866599	1.22547475730236	196
0.0835393819707799	1.38171196150145	196
0.0773720411650101	2.46879876354946	148
-0.11390731091735	1.65629449832137	148
0.00721290209143	0.713310891105617	313
-0.0232892560524001	1.01863844473801	196
0.07042600430229	1.35189726642804	686
-0.12024791965735	1.29177945564801	153
-0.00711729152801	0.836952279784297	686
0.10429146666708	1.23954368884385	313
-0.0325699264355099	1.33869288655034	196
-0.11511096437268	1.36517815930962	1222
-0.07330047222464	1.4710921391749	196
0.0604999958741099	0.584499872770367	196
-0.03205423326641	1.25373261272996	2658
0.00721290209143	0.713310891105617	563
-0.01129746914483	2.30827106825278	196
-0.0468932949546299	1.65834676886172	563
-0.00511298662633997	1.77283569014967	313
-0.02424287766676	1.16669051440865	196
-0.02941479748707	1.46561906780757	196
-0.02969089336721	2.48026058703941	148
0.1230587350887	2.28752487372555	148
-0.02207324880992	0.996536505515597	196
-0.02726748599111	0.971528211052225	196
-0.10119115247384	1.89469252137352	313
0.0128078053115701	0.712620596991427	563
0.05642355803702	0.582529775776723	368
0.0625247926286401	0.600435015177839	196
0.0122693029330201	0.736813272833165	368
0.00932578501292003	0.683477752428579	563
0.05642355803702	0.582529775776723	563
0.00511405992928005	0.69090002216808	72
0.09765092807362	1.23682441558024	313
-0.0234694323095399	1.02875523287468	313
-0.0338498320256999	1.43768229840465	196
-0.12348899219678	1.3684826924569	196
-0.0460104040703	1.64880949093278	368
-0.11021455297241	1.95445106318726	313
-0.11914077485793	1.25841534271161	313
0.03847389434146	2.46579344273553	864
-0.0415803851037599	1.87005373529236	864
0.0522032987266701	1.49085891407765	311
-0.0229297556338699	1.0308135083012	313
0.0124769329672301	0.703973068283957	368
0.0111100807153	0.728454130006173	368
-0.1092540091224	1.94393509551755	368
-0.0942069038028599	1.9653219929381	864
0.03629385831208	1.60898938986136	368
-0.10769336855509	1.72107283670332	1312
0.07501662468075	1.41036917802802	368
0.0549122067580401	1.60834799752884	1312
-0.0512132221302499	1.78103531300911	153
-0.0276083687237501	1.18758856494783	1312
0.04250172942731	1.69673634256258	1312
-0.04893906672371	2.06786246044923	368
-0.027527320283	1.17343774523139	2924
-0.10881683138386	1.50855777904967	2924
-0.01206973128894	0.970618012147278	864
-0.0134147775901201	0.879582006178494	864
0.0113168370686501	0.734779276206035	368
-0.0058774991352899	2.09238730864061	2924
-0.05392893984084	1.87133500131273	521
-0.0350340492379699	1.14019656700114	864
-0.0115125837433101	0.997795311727413	864
0.0731455113119399	1.32177776101219	153
0.0900380996541901	1.15846191414473	864
0.1002257663117	1.23469852306503	864
-0.02990278510723	1.34375614276589	864
-0.0339200958133301	1.09934790722219	368
-0.0305045711399701	1.29598916475998	368
-0.0160031823870099	0.870501626042483	521
0.12461284991364	1.76888117954815	521
-0.0293171244682999	1.43963864216748	864
-0.10773619177839	1.44589085333466	1398
0.00267223597606003	0.684284668862338	864
-0.02650765613882	1.0432241898325	521
0.10278615760693	1.22645010112132	521
-0.1183952692609	1.36954670237688	521
-0.00369849733894001	0.931869220550998	864
-0.10944188025574	1.33287617886393	864
-0.0392625754203	1.64652730752036	864
-0.00931992240088997	0.873757613729707	864
-0.10685502543884	1.71692658452042	864
-0.12494249151118	1.32176573824328	864
0.0502052797183901	1.62402788479838	864
-0.0576326122283599	2.15832226438167	521
0.0782831176918699	1.3764798639419	2860
-0.0145063367924001	0.788748238652478	797
-0.11668845682587	1.61942687163742	449
-0.11185184790774	1.48638274983214	449
-0.0165810219722899	0.851953455829327	3517
-0.0430705312309501	1.5013133179316	368
-0.11517679288959	1.74979805512163	368
-0.0380479211713001	1.23414337670258	368
0.00531758724835996	0.706515306091219	368
-0.05643576510972	1.58753351332044	368
0.07186136312194	1.31515436318161	368
-0.10526957986217	1.75579805369093	797
-0.08791702784631	1.99955758051743	797
-0.0168403648682101	2.11320830707641	797
-0.0169069775270101	2.33346862822152	481
0.00861326258423989	1.91984372590262	3123
0.07048375073058	1.47246267626478	3123
-0.0203609128581801	0.98608024645556	3123
0.09236229327762	1.95045728877048	3123
-0.10996568891119	2.35197113158331	3123
-0.05924733096622	2.36967860908312	3123
0.12145351188315	2.26931368881803	1060
