x	y
-1.53037588624579	0.568755687984731
-1.04938876843792	0.445225820250445
-0.741173153267972	0.257863364193913
-0.567526806140167	0.341703755566112
-0.539261682125202	0.211573173204944
-0.107392865771174	0.0786212817403311
-0.408139550757738	0.277450732340139
-0.0966681532641481	0.0607513332422542
0.00253535901540384	0.00145041136531131
-0.406306496797046	0.287646340616284
-0.40325875651369	0.166171340434489
-0.639856157010912	0.158868155145205
-0.335879700117516	0.274872771514733
0.128595600674985	0.0571184348946002
-0.556726514817556	0.454956242254361
0.718852950972564	0.513617092385299
0.16930122305202	0.12339429920934
-0.59684188172713	0.446757902675693
-0.16463735881522	0.0606436805411266
-0.365786309699024	0.111027187131026
-0.34738866162244	0.199153081764693
-0.344740434546512	0.207004819828544
-1.11535576665425	0.73909092076831
-0.254867684308471	0.131831920125515
-0.105284085166084	0.0430284369426379
-0.683957097673008	0.477127632069259
-0.254600271293777	0.127945764180611
-0.803246694404996	0.524864900474896
-1.84761670540631	1.62792327026347
-0.99705758780263	0.524856477976157
-0.657895434531711	0.392238470297998
-1.24064282548507	0.951454230972969
0.0173634116159791	0.0102294028114411
-0.795454292422841	0.441755876165128
-0.475441886647115	0.308271012715808
-2.00281032022357	1.37923133878387
-1.68993555432446	1.02543325878458
-0.532402927540024	0.212099126912434
-0.348773536689889	0.211761203289373
-0.314801410949397	0.141812940825419
-0.568982395352078	0.343634493874654
-1.4681061987425	1.31767596216815
0.459183550101067	0.299721209540873
0.151714458282224	0.0388912867750066
-0.479757639239563	0.318157395605878
-0.811015505546878	0.763638736324888
-0.799937723260063	0.443367789695887
-0.289231099133585	0.185190591720493
-1.10719733873003	0.758022465094413
-0.468916295236215	0.306684678296074
0.36849803337621	0.296515221407437
-0.160985960447578	0.0578756171365683
2.33270146654906	1.17250962994415
0.140212750873762	0.0438266964952015
-0.0704049039279305	0.0313000430781378
-0.709563127431937	0.559334620666625
-0.342056387667184	0.20039945374685
-1.01377230761236	0.908985480954394
-0.558358496969727	0.478234498474282
-0.52694136218795	0.404562897328528
-1.04551591152477	0.432093044759573
-0.80395636939667	0.433939419789479
-0.41016874461839	0.338741680374921
-0.746288354875089	0.813290522794465
-0.348856841640073	0.206787336848784
-0.665714187345139	0.404380530181882
-0.973731095365739	1.03461385031281
0.0910482668347284	0.0720494607176818
-0.285023271467712	0.180554491785715
-0.264661363694569	0.196490299459502
0.672098491006461	0.579329066986235
-0.0220841379987568	0.0108654804023024
0.387426910285411	0.308602058278321
-0.404828317109071	0.266116453696889
-0.356496679808604	0.262353445814459
-0.802286976010706	0.447295037828361
-1.33743832016222	0.852996868389207
-0.120853467811413	0.0898347725666557
0.0202138281990836	0.0169903698299682
-0.0108510272424512	0.00890332405082783
0.548309520549904	0.532814230548901
-0.242537578060897	0.191613494523964
-1.38065069849976	1.76971361830462
-0.163450720813566	0.0618388623357549
-2.57959143539798	0.718828611548918
0.516326644799343	0.187165147956204
-0.370863444528348	0.309717015991235
-0.741263532469023	0.703240445919781
0.144787921708386	0.0783468370816939
0.157300259169437	0.124810203916074
-1.38733972683404	1.95289187739633
-2.7996083832112	1.76365545814136
-0.592358660499421	0.42311142252496
-0.324110431516663	0.15471073731306
-0.686071803991231	0.495863053856761
-0.292088950735032	0.188627416089697
-0.461636263231937	0.361886452699625
-1.04145354839253	0.429401569031903
-0.995727624168847	0.515543120569999
-0.804719915676684	0.44621632326575
-0.0713230708526926	0.0449309314381053
-0.238607331606854	0.153721219592932
-1.50752435363235	0.787249559464249
-3.08906260092428	0.969898491163317
-0.537346054879039	0.217331390886752
-0.658502037428639	0.396551681243444
-0.630406205531108	0.653071979980925
-0.698956671739257	0.767272518123553
-0.154748068218104	0.0885657560729307
-1.04746380174536	0.446251819108337
-0.742159792951855	0.273560129045021
-1.52773368423247	0.557998868810911
0.932735384432011	0.254694662217943
-1.66626781333178	1.7088990919311
-0.781236075737214	0.357529181094586
0.143965325031614	0.0428435558990404
0.149437344912318	0.0387143285458533
-0.365836989763007	0.106464687450847
-0.235760769893683	0.0787471827495425
-0.643705704600359	0.730901945366794
-0.15479506753757	0.104768195796603
-1.8390728329627	0.787375095703056
-0.797426636281516	0.445013419097399
-0.416831513789779	0.240720341110369
-0.256202650422067	0.130020313186638
-0.0449857348128377	0.0212630054017258
-0.506604870360918	0.272196634848816
-1.29622672765006	0.605623718824999
-0.159525667147196	0.0605133567791143
-0.796880199445171	0.419056339829813
-1.68689400985403	1.0095074686688
-0.741991088004422	0.782888237212018
-1.47987621821489	1.0014082246205
0.675294437507836	0.327902117067603
-0.597919923346754	0.451429942824393
-0.621550261712583	0.311118911849645
-0.16283288954292	0.0610599506391972
1.05356015399376	0.526695042727488
-0.538074231292965	0.21601761070454
-0.548458314548077	0.335737326453345
-0.971462880959869	0.581810186251225
-0.538228232179672	0.217245564114017
-0.41136610494922	0.236873881974617
-0.4153047962228	0.177414640966023
-0.825285765346417	0.484466864967205
-0.339147842663482	0.276829304360539
-1.16474368738628	0.984858778942829
0.493650583156643	0.306957378178757
-0.0748378345728502	0.0328751994961703
-0.111946542412961	0.0457055581230623
-0.639636167266678	0.49819109471131
-0.0716886938715017	0.0315630345703865
0.661495898412712	0.280412233044996
-0.783756015091416	0.362696617831833
-0.238758896681001	0.0823215813233085
-0.537203750818899	0.214759074339169
-0.286647771551238	0.180948738435045
0.674545904443696	0.324388759635944
-0.339398606035872	0.204807102363539
-1.04981439755314	1.23087966868173
-0.030346860157769	0.0200226651943129
-0.37656686310653	0.336441127959334
-0.623121773216409	0.64051237268429
-0.965336610195001	1.00027701696423
-0.12989797763807	0.108708150275105
-0.559564095278376	0.565868565411046
-0.0342333854643113	0.0231599440605544
-0.408387013466409	0.368978583401588
0.26025578745939	0.220835086592675
-0.255692125986347	0.242815553018038
0.233805670245133	0.224747495354828
-0.406493649243406	0.392506157782664
0.580027562353964	0.582450945045783
-0.361443482402586	0.255662888402386
-0.457831193649117	0.35115339564745
0.304016451287696	0.194287856426215
-0.365776234008025	0.300811668085967
-1.01905829914473	0.942331403352564
-0.809950674626428	0.794672717595826
-0.0241693135957939	0.0167360737038731
-0.282081076914385	0.287594101434718
-1.1068524104524	0.785954285689314
-1.10590221418551	0.782589610128703
-0.361771236833109	0.281466008307155
-0.402285404322007	0.276908839586653
-3.08816781498671	1.00619496834741
-0.590137063842163	0.406440268067547
-0.52247506378073	0.596977738904435
-0.440925642039556	0.429759775875088
-0.756911564662806	0.935031314291498
-0.0678134795411312	0.0516453593597164
0.589787282608973	0.700664384833933
0.591825263515006	0.835559616329259
-0.188755461652552	0.150244924201889
0.439945526632577	0.493655668962867
-0.813076706572531	1.01166561244032
0.931050756189571	1.2929141216941
0.24215232562208	0.215226407984508
-0.578370297183418	0.543618251632062
-0.198425220244296	0.158478976034267
0.166544829597035	0.121396714856501
0.239587810475854	0.213942981880424
-0.303036883396129	0.217514009152545
-0.354813872113881	0.248038185499285
-0.415250865580409	0.411120184197607
-0.463419280856809	0.513782845352382
-0.218869157683967	0.17024631365471
-1.04049138621827	0.429986031003074
-1.29227641442796	0.597773977037824
-0.800898492726347	0.519995904357281
-1.52936486243531	1.66363559881357
-0.245072452620245	0.193918395261411
-0.0193291016905761	0.00979888941403183
2.75454479012304	0.83106470770351
-1.69067309500223	1.03193555535952
-0.347789342292597	0.213546337875659
0.315109870567775	0.297720203885865
-0.195615234909975	0.204423178449775
-0.193865931389112	0.175606487237089
0.0512137678669677	0.0444899120758311
-0.374814874988157	0.410395333618071
0.447499554112597	0.631730064429008
-0.221690785621652	0.185467633654227
-0.47458006163906	0.505524504069886
-0.205145401179457	0.197104927303315
-0.503332995367343	0.609000156763637
-0.284053478830378	0.291810794609607
-0.0415397241885651	0.0331681147394745
0.0586211560053412	0.0395919691068765
-0.203460340293981	0.16387058248762
-0.878764407498314	0.957352687231552
0.155366774075932	0.101032184058354
-0.527992215621465	0.504028302189856
-0.187587958329449	0.165012033873525
-0.320616081192079	0.295628200621095
0.0278834049213079	0.0229679934517854
-0.556643073455915	0.341013575724864
-1.3361228857993	0.828144591137239
2.09910434144998	0.981940733304083
-1.10992171166174	1.07827835028422
0.421546915914871	0.165143664150767
-0.34731670815042	0.210880356488619
-1.99411114869619	1.39940443612585
-0.662569139910645	0.393153443692109
0.540681736929113	0.30200226211983
-0.0700749865598544	0.0315942586245946
-0.556057225549747	0.647390570279625
-0.445041914975434	0.468239821032944
0.0149992409617262	0.0107544052600769
0.387566919182061	0.388425511604281
-0.296505760388917	0.298840979814969
0.592627340350415	0.79769006005392
0.345478324126365	0.355571364014823
0.0161788246513649	0.0143986052735384
-0.0935147534742	0.0809780151351866
0.596676304985215	0.7881022699284
0.0149287048445768	0.0113870877026587
-0.0216526913063595	0.017769164409037
-0.648570685780064	0.716677088666514
-0.094293192019621	0.0715004184649477
-0.0815263870280171	0.0636051001294252
0.394904051323197	0.303040706236714
-0.102191848996158	0.0756720009612696
-0.925820516118905	1.30757350125102
-0.749626267249751	0.874527174563393
-0.2207809420451	0.225448514552957
-0.369649053050787	0.413155585611097
-0.187543332908498	0.182354968716769
-0.00538991587557847	0.00387564499072369
-0.214347513665318	0.183677630517591
0.10341105808626	0.0896897204251785
0.0440555826039151	0.0356062534971788
0.281757427835651	0.207345231293394
-0.786622900489767	0.362366223075524
-0.738345263882528	0.263195045791167
-0.0592869604746817	0.0388472781311936
-0.45535509605298	0.361596001853551
1.12720122453835	1.25271581069231
-0.411141339966354	0.230755933974109
-0.325240624188063	0.143990990555239
-0.642136513139187	0.578228682846476
-0.909761097772774	0.843068282868386
1.0219311113895	0.390219218029682
-0.619456392965523	0.306385186415905
0.69652209146916	0.467147087663539
-0.278452068122246	0.285465866026061
-0.923754616210428	1.26918007031825
-1.63482535709922	2.58339508937797
-0.556050725893333	0.811772954530546
0.0062099760152713	0.00434716848228833
-0.606680673325067	0.768351263235381
0.525819522448814	0.605551069526394
0.228717649405523	0.21480002501285
0.169200689109681	0.161756191442179
-0.0324147252062406	0.0297786824508151
-0.016645521756977	0.0135277222108075
-0.146284356336674	0.134038736194802
-0.0833781658166296	0.0622607014968736
-0.404513259015175	0.42408898982188
-0.497409627898861	0.52808729463458
-0.892528582445059	0.962790602698751
-0.291540243222466	0.284162666756605
-0.171806016054114	0.140296036767355
-0.458496674491436	0.369470673505939
-0.342056387667184	0.20039945374685
-2.64944517507032	1.69901265288669
0.653820669882355	0.212563455486324
-1.11205717475605	0.711997198344628
0.424972437103543	0.175874745745337
-0.599118836509613	0.436404318548384
-0.445782119172291	0.433573890284296
-0.251766437966859	0.0777512845916234
-0.121510067928096	0.0479304154258901
-0.262382276488444	0.130749061496871
-0.235920483892926	0.203623870685822
-0.586486674857478	0.550766505814818
-0.414095487792917	0.432765784995317
-0.155870772702469	0.125397759751918
-1.06527036068112	1.39966906599427
0.222248464514201	0.215063348057914
-0.388246972641988	0.410819964225278
-0.526628735698647	0.634521683130284
-0.137554636324472	0.126955556666819
0.0700981276769342	0.0505449344438511
-0.664324413289966	0.993132907425326
-0.486797264609436	0.572634159911897
-0.752854034928323	0.85957866099847
0.153566392300274	0.0895838812425902
-0.62650598227294	0.680864441890221
-1.22640129786987	1.58628147427925
-0.367512535155364	0.329173181821451
-1.11466266660174	0.767215564744385
-0.90974368672265	0.741507650068327
0.149928590670168	0.0838632108987822
-0.317031036454477	0.151116677217382
-0.405250826537934	0.220118788495255
-0.117215332507782	0.0868700240762042
-0.816122713658627	0.702314865995306
-0.590810122847163	0.440745038551206
-0.784286244631842	0.36313389250125
-0.354451034669723	0.379345334215656
-0.196955822511762	0.10765680142111
-2.0833327649294	0.966585838829345
0.651208335193809	0.210404403371198
-0.362761418010383	0.108072109203298
-1.84844945558539	1.18682979431634
-0.291771334065759	0.183994103003459
0.652000582648007	0.682387978783666
-0.00211485959117964	0.00121440797448051
-0.541643278220327	0.618634152906807
-0.0959071636552074	0.0818789106057204
-0.189833208454625	0.18554054901389
0.431352967525994	0.491681992181938
-0.596039515284959	0.678733517562373
-0.576019517204557	0.75038791013416
-0.51342650899156	0.526001302547442
-0.616487300170265	0.738615947127935
-0.150998353478429	0.123829029344892
-0.325920640052111	0.151789694705437
-1.66962712801069	1.68289383219391
-0.939816831342465	0.698247076769362
-0.311131318605164	0.292841693601146
0.262937196797319	0.207948869687772
-1.36050057781546	1.33916154218011
-0.309557412119256	0.287222482113116
-0.458215834796031	0.406303019219584
-0.622737887351569	0.313033677236779
-0.534155277501038	0.214045732917314
-0.253327985750485	0.126841999060808
-0.493284640512498	0.520432828428644
-0.5787357969947	0.635932997991559
-0.165886489010648	0.159765427275857
-0.306410615609555	0.355758443256236
-0.0882877319436297	0.0766020604191939
-0.50863814215983	0.537444210778924
-0.700152489211786	0.844573609620112
-0.193604485851089	0.178964856259475
-0.154165437949278	0.155233427716084
-0.279005972926199	0.307623881160561
-0.250207931637249	0.128069833251115
-0.800597519004616	0.441848575651483
-0.038541297502849	0.0184659874482121
-0.184993021213011	0.126736585324187
0.0668111654179907	0.0447680348397741
-0.420527433442447	0.237034967524827
-0.230522725162494	0.18943833507265
-2.57959143539798	0.718828611548918
-0.329594442332944	0.278316651671975
-0.161709180063737	0.140400283699328
-0.297147251653244	0.273767192189198
-1.09230265844433	1.30139012996681
-0.0161640800481952	0.0110404864542185
-0.598939810749309	0.584221256428547
-0.154578458305502	0.139616028208871
-0.329866846599498	0.32279549241241
-0.614978478542088	0.607080616465618
-1.11627436417429	0.987979523557776
-0.0836919623695976	0.0613506095718893
-0.965470766609044	1.00086431113871
-0.742214024546646	0.265076593943061
-0.265705357263604	0.127602931866663
-0.690751044507147	0.489352028884696
-0.421118553005092	0.238655856827591
0.460920864717742	0.311420102482645
0.26054434723605	0.189768561331507
-0.268893718162136	0.232128549046869
-1.02320963900731	0.894243618262663
-1.34016067975902	0.854677278492312
-0.371054369477432	0.374891791038099
-0.555058452704275	0.348432887930849
-0.692912046562098	0.780321736271952
-0.125677918831377	0.106070383664106
0.222209726089647	0.231548076971966
-0.779196386278448	1.26067603998504
-0.306303575774993	0.319319643093407
-0.217079643319116	0.174866529372993
0.0811008054478917	0.0631249699351107
-0.516163995455841	0.5543215570914
-1.29622672765006	0.605623718824999
-0.162008539219523	0.0853580563760305
-0.406515057114226	0.288765205239342
0.583787717611169	0.288786938218934
-1.1779787406427	0.656025816005031
-0.532402927540024	0.212099126912434
0.129755436365207	0.0498775668046992
-1.47122602730055	1.30825636984806
-0.398725830019056	0.267217463130903
-0.592267451151794	0.424686447802393
-0.365299310494922	0.304495208925239
-0.235200945324804	0.1787759363401
0.93590247682304	0.934974720501233
-0.586527591562071	0.424057277791419
-0.405126940403669	0.329136501953142
-0.408729021783228	0.276180445464949
-0.880272569069748	1.0363883791593
-0.665864005491717	0.804410664369716
-0.13167435585411	0.109551413732182
-0.0541003842111044	0.0402202135627012
0.0752040582244929	0.0550749911777934
0.0513499401098844	0.0447107058293304
-0.436546827945037	0.433482239738143
-0.235604351591986	0.222810139882457
-0.306550738739525	0.250580939657871
-0.478566902445809	0.587036162284066
-1.49816015676843	2.2579053967917
-0.247277640108477	0.252012995045631
-0.975263515136606	0.548868420471645
0.135880039498904	0.0531326920088297
-0.460171409389251	0.35846234890199
0.68131513784154	0.332430593054783
-1.24668990472066	0.900349028279508
-0.553904353436141	0.344713862688018
-0.408844840646204	0.179390817300938
-0.965435889559724	0.615458717111082
0.513413765062622	0.193475044005298
-1.85325463676006	1.2457739210264
0.151083553955274	0.0917800717845337
0.441206923444844	0.409809371034738
-0.129116833739998	0.0770580795930618
-1.4868711180553	1.07301487731981
-0.803056082000367	0.530491404264614
-1.05356821355632	0.418422773072408
-1.12138372493184	1.05586054428511
-0.990840573642347	1.01302354877423
-0.205861295319803	0.143105272417613
-0.273695199842155	0.256413667620212
0.415690903401158	0.320411838726596
0.160287911642084	0.121377645072882
-0.405861626837389	0.388023789241538
-1.63647093467291	2.33333526665595
-0.304574321963218	0.258156814704021
-0.28032702517395	0.226888216233877
-0.0376840636352334	0.0258126177405911
-0.460134897198372	0.352759872090891
-1.04339806761328	0.44647504020799
-2.79531302691485	1.92238517222512
0.00055596350681963	0.000412884356091077
-0.168625108693074	0.0918839958721806
0.378718277292419	0.169199939757338
-0.797706703641326	0.448408634332449
-0.106672689979698	0.0440771895051864
-0.901380690678178	0.842223047388971
-0.75366615206102	0.762583650165399
-1.74000190358011	1.37875637051837
-0.405459478115533	0.176631499893781
0.645291720091563	0.447379146707405
-1.15186067075753	1.26400630802996
-0.400205498800969	0.341329091811298
-0.511083609212901	0.523048142343491
-0.169858023480559	0.119146402841488
-1.36081096031354	1.06384320942418
0.798489615172819	1.01887347498332
-0.356872866658135	0.246473288129696
-0.405365593741465	0.329999547246985
-0.204692181211701	0.138369283291759
1.47946302228914	1.90188730038171
-0.109504601983958	0.0820730925055035
0.143881228667816	0.0806145935637766
0.263473100644944	0.207698722675727
-0.734959221655534	0.709894039582316
0.261742194309749	0.212788163998421
-0.667267653186467	0.407370342048534
-1.17235292797146	0.639120195389694
-1.18030620775793	0.698375725163885
-0.39484635856702	0.254142148483854
0.139358552103789	0.0601658683942615
-0.157286276244364	0.0894837329310324
-0.13081049955481	0.0776300051918973
-0.418565387466999	0.241881534019262
-0.503104536933122	0.276151241730531
-1.53455870577663	0.558314589078715
-0.489158605238271	0.464816787925275
0.26107405129217	0.21283239243243
-0.245879127549277	0.121926799562048
1.51712396709388	1.23456910345632
-0.552391417471554	0.468416412983207
-0.25438116788511	0.237501543054829
-0.649758244344034	0.579340263716893
-1.95846335442105	1.74817655810278
-0.624693422912871	0.528775620095342
-0.211777926250178	0.142478890108596
0.299114467838518	0.190033463752539
1.32924543575827	1.37698686161148
0.826335143099919	0.729809113915051
0.155717356952402	0.111433564719193
0.307940454387866	0.183760541958545
0.0445100011898218	0.0268452840915242
-0.0723193557454378	0.0326465481314407
-0.684630628040532	0.479994281532709
0.0277817961487752	0.0158344077451186
-1.36952834465325	1.54287200779267
-0.480861397957216	0.319881008203436
-0.475534526460257	0.315962252246361
-0.7054948889173	0.575596768592054
-0.701445485993482	0.552554383752701
-1.48305373864053	0.990858778072586
-1.62157869695185	1.21296414467075
-1.30549496005857	1.36327677243919
-0.448935555443637	0.398041621180046
0.0235195282656732	0.0137210620095799
0.309617635034411	0.191157778944474
0.597797752753478	0.43746839206743
-0.811996359087623	0.764542651019065
-0.81536186210079	0.892365308284336
-0.516075742152709	0.507883810927463
-1.69041069425766	1.99909284685723
1.64015850382951	1.4795713698536
-1.01173399823236	0.870850882657065
-1.46509054941525	1.33394848020807
-0.11794546795383	0.0670856346762127
-0.330170628681966	0.273009891206657
-0.555182110575105	0.57350354362912
-1.27228840675355	1.59342194159023
-0.126208401764428	0.0768458854254792
-1.23793290625728	0.920163099114958
-0.169552154865502	0.112038630492682
-0.17548318181221	0.121232619456403
-0.41248035906996	0.37230228754137
0.149678999052106	0.0779988823305942
-0.196380285319318	0.106282879116504
0.134390798134249	0.0519413292457066
-1.01614792224287	0.881199480059442
0.133494668434105	0.0588437205651912
0.135168405484837	0.0605413662146142
-1.18194482348413	0.701563021555117
-0.702260082899194	0.576388371993643
-0.0010938451361495	0.000794240796253782
-0.251916825543321	0.166892847675055
0.937680328855019	0.59606495175587
-0.31755053841825	0.143087350944436
-0.555494438044736	0.351719263597526
-1.47243956269947	1.29348969218786
0.155684077954331	0.106068608850697
1.76385672024962	1.00129969052965
-0.553050363454644	0.3383358983367
-1.24170864155155	0.885987211592552
-1.52930838704928	0.565957082481742
-0.0225406237820698	0.0110974567202687
-0.463840339429719	0.290553360627087
-0.0162464790107205	0.00813109337033938
-0.0758995600728708	0.0496285609733666
-0.134852131509841	0.0787918415221668
-0.285113580678722	0.180439453342105
-0.160506619396728	0.0915198237459531
-0.313446293013369	0.233867471554311
-0.501629643169401	0.429764199155094
-0.700991433088672	0.560900174720152
0.0220713755974212	0.0124368496953983
-0.403979824664925	0.176521636526113
-1.4948197246504	1.01293275909213
0.135662038222027	0.0593921594452067
-0.908974209038937	0.738992553516369
0.0428075884687045	0.0260161310497432
-0.0751443943644531	0.0329318209966737
-0.215392184288434	0.17169811886424
-0.0918435001348163	0.0560026541665774
-0.591348556874936	0.438339597861881
0.137110549029241	0.0546226179279203
0.150324548760533	0.0857639632132828
-0.343403135986219	0.191697616362606
-0.449377101242562	0.394317235586959
0.477515855738415	0.42559506279789
-0.413598053527282	0.181863090289465
-0.669859794744048	0.388889683607711
-0.12631315744404	0.0734814813994755
-0.744951352114396	0.700341901174789
-1.83760021808775	2.15545378226094
-0.254880624192064	0.127940722056035
-1.11894094849255	1.09879802637935
-0.214578206493478	0.143842285405072
-0.213165119092518	0.110100249844164
-0.659108837591392	0.398534262190986
-1.23526394641307	0.874972684226259
0.153182251472494	0.0394690006724594
-1.83387729845652	0.781204714068644
-0.799538983132127	0.588477745267326
-0.0620097434397577	0.0404020691067101
-0.134221456392263	0.0974426465511579
-0.325897882412297	0.147601861727842
-0.0815188464370862	0.0348512317279249
-0.163038987299336	0.0933604372149975
0.674335375431806	0.32394955541711
0.0432941203617637	0.0274566030126207
0.135079987669266	0.0477904423303552
0.456578392586467	0.293296756595427
-0.811223744980921	0.691365645485916
-0.473293557798189	0.309255704377687
-1.56200027602496	1.30557169031347
-0.289693793172065	0.180859291774893
-0.810334265358464	0.769785357942924
-0.809004887966124	0.593288492180206
-0.105298134940297	0.0783430535208975
0.66600182806917	0.302669095060626
-0.177347436825345	0.124550942087921
-0.00957639669452214	0.00486941313445794
0.0785231386539234	0.062290432012947
0.0130813961512256	0.00694077607732894
-0.202121225178506	0.112576410011492
-1.35598144724459	1.14651226976056
-0.575932133628558	0.53402743313279
-0.666797771112008	1.19046410163444
-1.51637398118744	0.728482599154869
-0.536064948108988	0.208110572186291
-0.254600271293777	0.127945764180611
-0.771359650605147	1.06802825222518
-0.34440601942641	0.326816788575383
-0.209731555831193	0.219918399012621
0.0519431962245045	0.0335044925645603
0.420947658863451	0.392511316517509
-0.662595701554902	0.410220579980245
-0.237346826747596	0.183095919272582
-0.315821609129925	0.14414607990177
0.0640060507702161	0.0432362091148233
-0.809285006046327	0.783947727318587
-0.255232577386111	0.13337978286968
-0.0417091988539122	0.0329953809224793
0.432613419995009	0.178566120139504
-0.361689402338145	0.108124975750703
-0.711965526776062	1.05913553295194
-0.585798011491867	0.553034732826239
-1.06667513249645	1.4428287826994
-0.539996431054452	0.511209040782085
-0.404491367042257	0.392964230980764
0.139481753922216	0.0619307369900405
-1.05045461324515	0.432727027587394
-2.25088786808773	1.85034564357406
0.141334689210727	0.0482331216393845
1.81017736758345	0.738831501835876
-0.240793683980085	0.0802221353379919
-1.29155535372878	0.625517533767867
-0.638954644635542	0.163590857835517
-1.1503622450131	0.360685940099702
1.22934616196723	0.78455635778016
-0.409812701789317	0.179119254313499
-0.938363399920086	0.650345921345677
-0.690211761938809	0.48474689861245
1.22482313925268	1.12452503348925
1.83800861314875	2.56086692480137
-1.24011140466656	1.4858768499328
0.848126200777216	0.970194667430805
-1.61798360407107	1.27274693130997
0.498133743642982	0.440339912602749
-0.122413851559269	0.0743017256949158
-0.590126636893825	0.74098485136368
-0.0767614468246812	0.0344390811156773
-2.64469193214327	1.64383430676798
-0.323401344569406	0.150113483564099
-0.420914896239744	0.23383890300685
0.893950160854327	0.756411041319716
0.342191635052889	0.290067456291685
-1.83185591450174	2.43025179233757
-0.993258048742727	1.346728890567
0.528267325294101	0.445470708046691
0.242580672967139	0.222574919657827
0.0704467414928196	0.0487785652766724
-0.58323095097642	0.551637831093282
-0.699401365855942	0.547059090084064
-0.0187281696881632	0.00947860007523738
-0.397222200533061	0.29619864531284
-1.902249673421	2.69011570104653
-0.88511725260709	0.859373909147867
-0.498173811072731	0.435280003544265
-0.326786287751952	0.141250184846681
-0.169335806968512	0.0600677510318931
-0.114046005159814	0.0458684975333775
-0.141771702888683	0.0786137700579756
-1.50902013775318	1.75679667152036
-0.411704896749966	0.217697520965197
-0.366912679142292	0.10867450197924
0.148340847278699	0.0298858287200156
-0.479063881873801	0.321781306557257
-0.536885971036269	0.503217642499063
0.0929856006135694	0.0761529223393535
-0.248589964853867	0.163224638128381
-0.0264444505533646	0.0183892809766277
-0.718536701702257	0.657000761429549
-0.205190171571506	0.137092814726479
0.151255708613357	0.0795156622901861
-0.998304920713391	0.497117398035405
0.145054840241155	0.0438901419175188
-0.590436234739108	0.433939092922629
-0.618511377042832	0.302690504647956
0.139134060358204	0.049052385159294
-0.416658453002756	0.172046896904838
-0.253655224807827	0.132381862831199
0.144367447018015	0.0699338632939006
-0.362761418010383	0.108072109203298
-0.416047704330759	0.175965797936613
-1.29550933804307	0.627186554192247
-0.407134474247431	0.176504493108501
-0.742214024546646	0.265076593943061
-0.297427128477779	0.185866252235085
-0.290687643100604	0.183740399479478
-0.656414440946484	0.651802934213353
-0.516202346035249	0.532287299475711
-0.406911753753301	0.171409617774031
-0.407167640342875	0.175513841528343
-0.361689645119568	0.258053666767006
0.133924263595915	0.0407371768928001
-1.26794961463965	1.12827050808536
-0.0406981321088923	0.0326764542993098
-0.100314227972542	0.0748917378948274
-0.899687960747802	0.814977833595936
-0.802262424904961	0.444638757536284
0.49596571382583	0.311571585422331
-0.64001844072202	0.736844347423458
-1.17303856348684	0.642779539224658
0.805758788972653	0.334526245153173
-1.50287082152619	0.778096395897982
-1.15252026964086	0.35280108571698
-1.50280156163681	0.790316349450718
-0.412535373065432	0.171045859600734
0.289346901718882	0.298707059125114
0.827292550511915	1.21313121915508
-0.102134349688063	0.103985805415119
-0.470518688025233	0.36065303506052
-0.42075013146413	0.466390116650243
-0.314779357850161	0.148234535931973
0.228313499715707	0.207661717058126
-0.64301068365095	0.594084052225938
-0.666659785467619	0.40630545820466
0.141373176083459	0.0735203547325059
-0.672642326874725	0.385502641490818
-0.970819468739632	0.598184933881074
0.483660836267914	0.431028232113375
0.432287555709824	0.172024508906428
-0.262023272854946	0.218122027138801
-1.18180215280208	1.72790428935958
-0.490057822437737	0.461111178318107
-0.0841029966349076	0.0626543120882843
-1.04038355317258	0.428241517084643
-1.29638408971697	0.633152599982418
-1.15049600332665	0.365062590327348
0.78081960341348	0.611045083431342
0.0163911762121723	0.0146487582701505
-0.0424784296167	0.0206930249912461
-2.09439526901345	0.869820005408871
-0.669090005852655	0.391385289757603
-0.995513735015621	0.990932199073906
-0.731975625870135	0.948794278757932
0.168022261104133	0.156484021943905
-1.38955591768665	2.15172975800867
-0.21185547154306	0.194341686352454
-0.0391722477208438	0.0187131343557157
-1.04928612923494	0.416526626751321
-0.538228232179672	0.217245564114017
1.8128782115639	0.701176308953298
-2.09733509862419	0.936137926028557
-0.407781336793036	0.178251750307308
-0.404204428069518	0.175254554424228
-0.240718774819291	0.0796491220389895
-0.239728118249616	0.0819409426429614
0.142971955096055	0.0442241383996475
-0.243889020737946	0.0813578121095118
2.5425642753575	1.43262647135207
0.131861120465526	0.0508335922386884
-0.619333132084838	0.313923549999779
0.495971475693426	0.30737612244632
-0.738909767017931	1.11488983404796
-0.940961566656083	1.15307998428144
-0.714397534055771	0.896969131624904
-0.656660391475952	0.644376512340594
-0.958735659811447	0.583643894226027
-0.104937686601257	0.0769873901862396
-0.599713756315661	0.433348203356253
0.13395683731647	0.0531064763399834
-0.150367681137599	0.0846676186310998
-0.550133533838358	0.455669055604934
0.986003887302079	1.18724221386353
1.13002911646025	1.06831566431706
0.76665888593258	0.435771947274176
-0.935189164058022	0.669542449511375
-0.282018318625966	0.177418369087831
-0.325431573491553	0.154947940471947
0.134840029888424	0.0647191419916961
0.381791441606959	0.311642076609442
-0.0603569011893336	0.047249747092956
-0.85463332192261	1.36849700617431
0.265031611081921	0.202040257076457
-0.175805753191131	0.134857292417638
0.769982733775377	0.588828025671417
-0.238327441005581	0.226468381822948
-0.145546223133237	0.10101807484916
-0.797706703641326	0.448408634332449
-0.0404880482800237	0.0190695327407392
0.129635805566653	0.0439602337845441
-0.237874192429537	0.157016971103873
0.0211375378930939	0.0122754326540314
0.958832718000629	0.589301699830232
-0.277913697851761	0.254015733889557
-0.49229503839167	0.534173313178084
-0.752427977894432	0.862376300147493
-0.159332626631703	0.0601996024108956
-0.478184885943885	0.317515719119751
0.315408214145659	0.297993302410419
-0.787073904357857	0.339951478009847
0.509367090253274	0.19233555776527
-0.454567033050923	0.401641195213588
-0.960996302541307	0.577102222610071
-0.0240182522557569	0.0165846948028857
0.100777677186427	0.076813239350608
-0.94660462359585	1.44481574115196
-0.961863768195351	1.10448497609836
-1.04949077847767	0.435890454815377
-0.409108318089519	0.166487394752951
-0.317279052634371	0.145111162666597
-0.164447948378672	0.061987630845636
-0.11171380375684	0.0436445414984738
0.509367090253274	0.19233555776527
-0.746356613660589	0.273282091273725
-0.61875915674878	0.308472532919217
-0.233731776313203	0.0783918847874615
-1.48656856082519	1.06135925713213
0.135962577881537	0.0469477306529536
-0.778637117641069	0.348351092218621
-0.0719927052654385	0.0318129297296247
-0.258086332647823	0.131654669449756
-1.84976950237629	1.67593138027817
0.158099595798148	0.146025493822253
-0.026503879250408	0.0183934356848094
-0.506038428835618	0.532705960294074
-1.35168249019172	1.10547244057675
-0.934162082497936	0.602706593401411
-0.44712294009626	0.39772548830262
0.251984457027246	0.197857720948682
-1.05049647127924	0.840344154951914
-0.689333196399239	0.490745988036022
-0.0367611151087299	0.0252244417024482
-0.313725755945708	0.28271054308962
0.0379277580470183	0.0300641010403893
0.29989309630574	0.190838880065291
0.825920243889348	0.874826526261374
-0.246352782314996	0.164574949351216
-0.349366408414556	0.212544401898827
0.378054470835009	0.312544703685026
0.149103744455169	0.0791566777889507
-0.407854919835094	0.277042788700577
-0.595260059128552	0.448731209881917
-0.495798358238522	0.244891933050581
-1.50772794244597	0.828052257466456
-0.069451253419732	0.030298479070074
-1.29155535372878	0.625517533767867
0.138984867288502	0.0741835405469778
0.374389789528904	0.394689272172919
0.00867953518538035	0.00632279137821839
0.570550297838362	0.54417434143161
0.158630731418903	0.121855266867764
-0.413955567006462	0.435809164869609
-0.356908951135279	0.263922146306326
0.390099157748582	0.380963770440262
0.306894939696327	0.305839792939375
-0.258086332647823	0.131654669449756
0.710786562263788	0.442080134846127
0.0571309320819675	0.037130709872577
0.0350573711961971	0.0207920365384802
0.0573289114889759	0.0376596739300145
-0.971072736875954	0.989175944044692
0.0759857976858736	0.0570203748752482
-1.23220027232331	1.48356417308001
-0.41877671856555	0.333302020443754
-0.932051837436562	0.676333883456025
1.31728798377865	0.593090078305361
0.0365706390415766	0.0216425675376485
-0.386165443391127	0.41843226818101
-0.419547659880325	0.23486317980393
-0.128858761832224	0.09543596760121
-0.0777042333053343	0.0348073844312835
-0.507866726103165	0.273562424615097
-0.190419879548434	0.148667722679358
-0.378598779896512	0.334931987121218
-0.229933813652612	0.222055645618359
0.436501833900928	0.305933980201285
-0.60668835747777	0.445853703417807
-0.192396691225978	0.151020078107421
-1.29279006146459	1.37946980483308
-0.807186326329444	0.553734477255805
0.530917296311242	0.304641255946016
-0.110548172037328	0.0436698509404191
-0.0455775043374586	0.0217473420343213
-0.0360377033050942	0.0171581865661071
-0.472574127046706	0.324357887927226
-0.411528008601833	0.174191737367852
1.07388997662883	0.66814147330785
0.144697453203113	0.0694870543416785
0.135015906227356	0.040886012118548
-1.68591686855624	0.96402287461693
-0.802947796275948	0.619419371844529
0.00887840341446066	0.00482556355346677
-0.311920292956904	0.224083275789317
-0.551774297889156	0.631800607869601
-0.226289298942655	0.174188767818526
-0.374077824449526	0.365388156519523
-0.328308363695031	0.278137539836153
-0.802847695059885	0.593261055510849
-0.409670736398224	0.336711841114623
-0.354484342661226	0.203336637301747
0.0145953079040404	0.00846475277123901
-0.407895980166176	0.367482686511086
-0.595136246361566	0.636809712297406
-0.497894607140242	0.468635392770188
1.08722647795145	0.827933291919274
-0.21220085891176	0.168500163877568
-0.94249609827177	1.12646969887315
-0.714888958321785	0.646027719163768
0.484933012434311	0.3037139110063
-0.805908267072402	0.643249275397341
0.0151077002686234	0.00737258379708521
0.942878828354322	0.900123346361596
1.23277919057135	0.841944511622497
-0.709783204671656	0.571391098102607
-1.01971219853704	0.881815549946432
-0.241706271343203	0.188914548598901
-0.344777499219746	0.21365729923146
0.265107893804408	0.195042265396434
-1.45443614342371	1.54583981828845
-1.2341827142833	0.901138104196857
-2.30397984299221	1.14982915914812
-0.958745546213599	0.599674491276673
-0.417975257875106	0.241837344373587
-0.0487139858994021	0.0227898080103669
0.154677564360944	0.0785394471239763
-0.782145994790269	0.347891613948359
-0.808536847019308	0.441004304553826
-0.241837150925574	0.190597882734833
-0.586926721895636	0.55330996955486
-0.709455450578072	0.599267915339513
-0.307214579595645	0.285133621333438
-0.501910220282124	0.429601077112861
-0.223276324198342	0.190626006543661
-0.968961192970509	1.09609803258375
0.0538328002065524	0.0344115871446695
0.248745827508125	0.224886726037392
0.433222674323006	0.307520325211385
-0.201120466627028	0.108212438348834
0.598727788161973	0.305259713089393
0.383533630586674	0.31547890810294
-0.0781678196263889	0.0474899439584208
-0.805061385774661	0.529581404158517
-0.172042387803422	0.139672382600574
-0.360620811740385	0.265272024726212
-0.343065517789381	0.202947259235513
-0.686757440826572	0.48030314807335
-0.901911705057838	0.664387749492148
0.165370930538142	0.129982883788362
-1.57480532433853	1.44589401172379
-0.466793089925468	0.361386876458935
-0.148977103914154	0.105687043221146
-0.125630234702543	0.0917615492274696
-0.031110182908256	0.0209005356007046
-0.365135785938298	0.301275561848659
-0.442572326114507	0.390361944533631
-0.561095631359437	0.359502450412479
-0.327759648044475	0.15060715009377
-0.0434523323109079	0.0202332557205881
-0.477097674011019	0.315443340176602
-1.15920147643279	1.29229827741743
-0.108000547109617	0.0810679750108015
0.517911614957871	0.423936602992213
-0.40925666119199	0.292619497530116
-0.211331851900915	0.144739609549855
0.164263186082823	0.117554009535514
-0.28251146625388	0.211721118918789
-0.594434759667115	0.424928288254929
-1.61988863650925	1.22894868309687
0.311637118805031	0.181653220719601
0.382589185178105	0.177477200532769
0.316046135897014	0.189984241659123
-0.501525800844406	0.265217028429327
-0.044817426387292	0.0214437043346172
0.13395683731647	0.0531064763399834
-0.362705556816672	0.107501080075651
0.536794725584097	0.302506328897036
-0.161649080554999	0.0607304947590714
-0.921594672977981	0.749282882461836
-0.292222698782103	0.186061777959041
-0.00638360075190885	0.00336655587361813
0.0354718028124188	0.0284314981655642
-0.997372010262659	1.35310845762899
-1.26182654603331	1.63583117060545
-1.15428849861567	0.360128618139807
-1.79827108630004	0.44343860950155
-0.50534258281728	0.274033286139473
-1.35596934103926	1.04971834150518
0.0161003158003725	0.00931160309791106
0.143449081131529	0.0801352737168276
-0.9636720931912	1.12970407717676
-1.47856892224111	1.25215959266753
0.152255612229685	0.0801842971341403
-0.157197935773247	0.0564775463833771
-0.80795389314121	0.602142676312282
-0.660714810870733	0.357748147082738
0.135405493301423	0.0465234029668371
-0.204700438436793	0.111470116003361
-0.801350604854237	0.459557831674599
0.647507836497191	0.209092823294752
0.129695656816751	0.0607540859657966
0.325786929762473	0.180462282595734
0.32557331329398	0.174209518109829
0.00297786720762108	0.00167503180265414
0.154202638323454	0.0388280986901736
-3.08816781498671	1.00619496834741
0.533427294264665	0.297816350080432
-0.667875718950247	0.405943923868413
-0.244091999859404	0.189462173570722
0.0761591550602221	0.0546556756379224
-0.427762929581274	0.223371864301185
-0.631660712126035	0.495037363648502
-0.357923143617536	0.2588484194092
0.707089176542778	0.561017767057193
-0.257144790508211	0.131341173569644
-0.6794923198228	0.458867712534614
0.776481794492656	0.475439859337618
-0.532402927540024	0.212099126912434
-0.109489202125829	0.0443809981409605
0.306769267572817	0.184632844162883
0.13448836973788	0.0533754701933147
-1.06556089798899	0.822863462503262
0.13307311710338	0.0548593553568813
0.539875749107906	0.30798911206364
0.142491040994639	0.0692854705096633
-0.164016342885629	0.0919945774442509
-0.12147809206764	0.0844624593074112
0.808259912764455	0.362129795118185
0.140387891884094	0.0591620337771362
-0.703777332258965	0.58335898741901
-0.422301390085657	0.237203978454098
-0.261285772999792	0.126824769866149
0.320777648737823	0.189547276394349
-2.03658292188343	2.04266503695029
-0.920171150258709	0.732683321581797
-0.523744614509965	0.407860228174859
0.494806293426526	0.307515980746122
-0.402206643217871	0.277171703813161
-0.417385326496582	0.240142981318494
0.880670882731821	0.479321012828702
-0.5973370919749	0.434704659741728
0.676770152997384	0.326501834955837
0.780683577119257	0.724551029208967
0.00255227801416562	0.00141646972636839
-1.45107806208196	1.50004584342836
0.305942713651899	0.175309164824502
0.328127407007289	0.184351891214059
-1.61701905989948	1.18158108572778
-0.742159792951855	0.273560129045021
-0.413375506529076	0.182220227675705
-1.3578024129596	1.33851800989784
-0.0564957078327828	0.0379341896470832
-0.346774170685081	0.213200213733197
-0.919554336679988	0.770922774434341
-0.803363916520297	0.625752400198794
-0.730610763863488	0.613451086716039
-0.160105565726	0.0873168467099194
0.151212891145026	0.0849911255687095
1.22009835897212	1.16811026365302
-0.256243613474496	0.124544474276015
0.134385045943623	0.0640092422385083
-0.192794774960161	0.101456995722224
1.2630139378829	0.73980439910164
-0.217395450168204	0.145170058277142
-1.48940533223808	1.03659951281989
-0.327312831048127	0.232483383330958
-0.93678775752299	0.707875602355158
-0.404719515662062	0.177211506147356
-0.241866562043846	0.0810837692126153
-0.536314894943915	0.215990413651433
-1.17576657184672	0.680196786072728
-0.235006236185951	0.183237929835377
-0.452964723534617	0.419404554441161
-0.35165432262863	0.238703600308577
-0.238959808735372	0.152934393342568
-0.193920586132031	0.129595247042589
-0.933060536536474	0.684972210204615
-0.715778417837774	0.630376617778691
-0.402533502397497	0.275722847761696
-0.0688103569969583	0.0309402095996667
0.70356381945002	0.463851977171237
1.00662966559679	0.928041837383949
0.357216997666691	0.305845809406096
-0.0489554298132009	0.0320955545608824
-0.126724206207204	0.076355195548792
0.0455051892935928	0.0289592683342213
-0.14701978831398	0.106537524842665
0.236527594415855	0.20153891494283
-0.555034691616922	0.557724729375706
-0.250795118091005	0.189508335009437
0.163617857207107	0.124419303268646
-0.154501681453704	0.107662674922784
-0.0959073474297993	0.0721843933991626
0.150986127485626	0.105307690250906
0.163627940649743	0.112824703577435
-0.235113665604928	0.175124349128807
-0.641088866605726	0.699340787376161
-0.22078414069927	0.192707165125232
-1.11655953571096	1.05785520931886
-0.255033583852548	0.124216359775901
-2.08337394225928	0.979404751531739
-1.16797474179056	1.02311614383271
-0.175744169799261	0.118194948548434
-1.22414734752021	1.70290921862723
0.680890377355629	0.325431662078233
-0.406259927040022	0.225757294847368
1.52066078778732	1.79738742858713
-0.33679514445593	0.333969988911655
-0.579245339870704	0.636972981380348
-1.38393297813559	1.93512662977608
-1.49861345707457	0.968828889156181
-0.476689688584557	0.444775701123114
-0.0451916838233723	0.0216436701506503
0.666860502351068	0.556733958325946
0.392506911244754	0.386666756098882
0.236253737589189	0.202915420855343
-0.272254369504961	0.230582570569171
0.158724062271689	0.118971500716076
0.924861517221611	0.862497140316876
0.325786929762473	0.180462282595734
-0.179482481555871	0.127688278242365
-0.418912290889759	0.223330854999933
0.146821848719159	0.0430484800152876
0.636066109220307	0.445590023642865
0.163590462168793	0.129987935997192
0.233276160935117	0.218751748158109
0.434419666435846	0.304810281742137
-0.814113630018493	0.750708376028087
2.09805628809814	0.973310753898062
0.933463046087194	1.10890253843911
-0.531688194853914	0.511335853663948
-0.409761321510861	0.399671426945386
-0.87990214175956	1.09470367232553
1.01088414865985	0.910595327784152
-2.29840070922322	1.20487371141473
-0.513120426391867	0.526387485098897
-0.524577931721538	0.616023446223319
-1.15487891090439	1.55920507772584
-0.0333959088314629	0.0227015441002911
0.516650644419846	0.512940964579234
-0.369222148358331	0.333986195149555
-0.494907239653924	0.429273204440435
-0.552696405896003	0.458142549299081
-0.0109305981676842	0.00564207720441866
0.0447487870024099	0.0288975091604698
-0.243344904710196	0.190154773373417
0.566562362020566	0.435361746106282
0.912337272459725	1.17358334513055
0.165713669523377	0.117259009120365
-0.292531438240634	0.18972536453908
0.672453609813147	0.324018983808845
-0.805655524664091	0.447993289676261
-1.79827108630004	0.44343860950155
-0.786092069017826	0.355312926431532
2.50795210683332	2.16611175058966
-1.50488630237297	0.787149946740264
-0.206822875938861	0.142799461980734
0.530963819302436	0.430403810533017
-0.291007035236778	0.187337080027454
-0.118269460872883	0.0696550877886233
-0.210335926753123	0.136874538664438
-0.412133463192271	0.228283203942606
-0.596480614638138	0.445402537968253
-1.1665542165702	0.998523741102183
-0.35685079048665	0.262633215071071
-1.05260899115364	0.409809590248187
0.145790743045203	0.0782191790767115
-0.060982078689906	0.0246852562006216
-0.803643569195647	0.530156157090316
-0.640051550461191	0.165024385486426
1.75073840736894	1.36888880591282
-1.46140810824896	1.2881189441834
-0.115983375478755	0.066658924432045
-0.0318117029038757	0.0211363788366826
-0.412497967504059	0.292038207339981
0.439509465048375	0.311472840597989
0.656849893929329	0.686901523762536
0.0480996465234069	0.031438131216777
0.167681712013446	0.149417509099889
-0.299874147350387	0.278708919053481
-0.728967634542646	0.703290247808693
-0.379464026115976	0.346387348658013
-0.371043446598406	0.106880520227418
-0.220869651522437	0.144586014255022
-0.282018318625966	0.177418369087831
0.0430336963739984	0.0281016903902478
-0.541155363870536	0.217914309576922
0.133531957015024	0.0534075230038584
0.49525135205486	0.406991467709697
0.054827388519786	0.0378620737566631
0.59426209525765	0.514743481678073
-0.173719116633811	0.11912762784121
-0.787261271527786	0.32006725634524
0.144827082626034	0.0868160873650429
-1.23420619357409	0.900452567235578
-0.0364092739128753	0.0172009091724622
0.171214891586869	0.127951988444486
-0.0321831695719402	0.0215765805788346
0.152921450157193	0.0952276933332897
0.139750042872507	0.0620535895618652
0.559494138658093	0.440452095272604
-0.694975315961984	0.788227356401798
-0.11648703582633	0.0467197919836423
-0.162644160110906	0.0616497483092917
-1.07246133848297	1.10896347549368
-1.26612091237683	1.21989823622494
-0.731788198515415	0.697640153583607
-0.242082569008874	0.113721577208937
0.148946892012533	0.0781991158703727
0.145949850274653	0.0770638553505644
-0.803032910773357	0.691218360028918
-0.704274279905745	0.761179660697149
-0.45421827716291	0.378537908257075
-0.586733995781941	0.549439878664459
-1.1055500122466	0.748210538804692
-1.37704693412685	1.50058678700459
-0.410115176397407	0.28439809014849
-0.617757858378786	0.644171017796847
-0.423994928382941	0.365197505719265
-0.266152292403431	0.225535068279623
0.929957356591397	1.14174189834588
-0.171700207777689	0.140284405317495
-0.354096665113395	0.250330007213807
0.370859075025543	0.307187195269099
-0.810701563409355	0.69831497593265
-0.500011417035331	0.438223649042435
0.146629727735194	0.037888595860908
0.141301354602922	0.0439626882643758
-0.505342652001718	0.268280664674511
-1.03952973450319	0.426155787261663
-0.356869186364459	0.103873748641222
-0.990338153045195	0.499515744482457
-0.0694602446309492	0.0310018818964798
-0.366862990219358	0.108975842075023
0.153652700014743	0.114277647582644
-0.340407812458819	0.205162804177363
-1.341275160276	0.824829735574285
-0.325806809883	0.274670314259076
0.30763845907135	0.174852567061465
-0.324521965024226	0.145864069666908
-0.0634293492608565	0.0269422469866659
0.346435576722634	0.175015332848886
-0.335850223604288	0.199798790899968
1.23336065508424	0.868167095168477
0.0449184165244286	0.0273647824793932
-0.211554806657044	0.145090065718541
-1.06468819966116	0.820486337762631
0.495229053008249	0.308935367696634
-0.31053641424884	0.222786695868935
-1.69405905720499	2.11941699963255
-0.184295089015064	0.147276859088506
0.43328641008057	0.175790838325075
-0.678474562115974	0.443898000375927
-0.937238176645881	0.675201006324962
-0.0948726821688168	0.0575711584149204
-0.510420207563032	0.26995612304104
-0.197522306658777	0.104183913279315
-0.971770938243001	0.595886677498405
-0.64702458674324	0.604032815269772
0.64446602672041	0.658074618239466
-1.94762180033781	1.88692194581007
0.138256897045276	0.0489434757541236
0.309385720951156	0.181927087772112
-1.33932018557099	0.827683542073049
1.94304823294453	1.19791889316471
-0.208860331136733	0.166121565646099
-0.406894542429956	0.365600772671857
-0.00337980667131424	0.00153454680333258
-0.614653568690414	0.305995519056028
0.499658857336216	0.404734652367254
0.129565817017415	0.0588895960199526
0.139529820018326	0.0528468980884078
-0.306898120106012	0.213686290218913
-0.16600396490949	0.0929854452379363
0.360161757807212	0.310696169604954
0.156507659488503	0.0895400729640494
-0.0338446460315331	0.0156962739602009
-0.74111878729607	0.272048451943737
-0.813562102416377	0.791960134068123
-0.677300430027152	0.837071267832638
-0.181002225886323	0.142145415993211
-0.48925215053054	0.473588504550729
-1.03683571044662	1.45640214827929
-0.441316411774581	0.42835847470432
-0.375010880285797	0.308055421910251
-1.52160240315903	1.93016692211053
-0.485189803714694	0.31095935482673
-0.40954684591332	0.217065030108228
-0.806633438232727	0.605640390285884
-0.99252608142263	0.514089350246445
-0.556233240911741	0.472946432297391
-1.2422131261709	0.917608874837171
-0.786427635819681	0.352238689361047
0.405285660363836	0.301114053599287
0.467226338254849	0.31024392972134
-0.3631673929264	0.107293544166728
-1.25892688088366	1.12195546611622
-0.107367365954032	0.0441482405081564
-0.809881203952276	0.682130038110713
0.0299559352568063	0.0180102406680059
-0.412767228827178	0.336749673596128
-0.237393827026574	0.154853870468602
-0.243478659825581	0.155863536949927
-0.614982276211778	0.290209614107417
0.0226132893569214	0.0133639358245944
-0.077720618842511	0.0343321187543143
-0.410143992465787	0.335204796563585
-0.148958646175803	0.0821807447361933
-0.809594345312194	0.698876028595777
-0.410211025794699	0.286600950547583
-1.48780234385054	1.05042695733591
0.137329818726853	0.0548139237565338
-0.12338046938623	0.0725460378325495
0.277579009427111	0.190121503429766
-0.356955457100538	0.261811033282761
-0.316432747694888	0.235243803793178
-0.111958629612388	0.0436473083497864
1.11245152891766	0.974928272880092
-0.546086746024328	0.211494618807889
-0.199459011778037	0.13210035197726
-0.151856185772791	0.109975110325382
-0.372517354192023	0.340897763798069
-0.0735682538252152	0.0325924065414276
0.526633061893825	0.298673258602504
-0.180510986649995	0.142320280101658
-1.33081068878502	0.788640772555121
0.148340847278699	0.0298858287200156
-0.244826970149533	0.165327965005018
-0.681628279979859	0.451980226973773
-0.550611655199863	0.341602477595322
-0.748181719754328	0.82648646617266
-0.441654244733921	0.427838272730917
-0.995963273107193	0.98228465506628
-0.614902930277753	0.307405159894602
0.127717035040268	0.049982003405911
-0.996319239058414	0.518415662074474
-0.0424830815984511	0.0200070540431471
-0.171764866445064	0.0587961265177013
0.167341739629316	0.104946388243357
-0.917271076861283	0.736176255882102
-0.250949512154935	0.161248235846984
-0.917589067446579	0.69710146324652
-1.36598857925819	1.35441685618089
-0.114046005159814	0.0458684975333775
-0.0229854145944914	0.0113886757864742
-0.315712222105413	0.149953061518513
-1.53365280370503	0.551127532438659
-0.803643569195647	0.530156157090316
-1.06097253153868	0.849461598271536
-1.36331441453634	1.12468430133954
-0.462236328776308	0.366967112512363
-1.15767900693298	0.948259484417898
-0.72609979591954	0.661354317528544
0.0434690162571787	0.0275298017133298
0.385688785223851	0.313638102149336
0.646095619029678	0.455632569839327
-0.28300201039444	0.176685639792986
-1.30004672839536	0.588632697617487
0.0055027037246907	0.00293922820113798
-0.24257012046417	0.162697996718067
-0.812753514781214	0.612229285317409
-1.94752910853514	1.91522870766501
-2.36185295281649	2.14794001415871
0.489074090449235	0.316155112910806
0.0151450664447664	0.011487892335367
0.0537389000283129	0.0360823959848669
-0.0910250362094247	0.0567185594781019
-2.25376367964576	1.83009876618899
0.16183307768387	0.105875955488261
0.318772462525597	0.172847761905674
0.1436804974979	0.0412613153990296
0.937499190632754	0.261653783809326
0.29895732950809	0.164950732674015
-0.0513603145501126	0.0342425098805111
-0.245382496577835	0.164638509408121
-1.16632652813597	1.28755120515238
0.170239473481395	0.113285737360307
0.723081254213469	0.596063663487636
-1.12341710389341	1.07575771192802
0.295049560267137	0.189100483813486
-0.159922952251834	0.0874130581946387
0.146629727735194	0.037888595860908
0.28380232229385	0.200420615025412
-0.593722828690599	0.451178473861594
-0.299070349326982	0.182891093953338
-0.60271266667441	0.439553133253548
-0.810682010170976	0.546335334685258
-1.29741646599058	0.613598296147199
0.433747944643307	0.182639665997951
0.148209504221931	0.0373013479875106
0.386440544508215	0.175804513956917
-1.0454357545055	0.433156322806163
0.651571765273664	0.207237716455378
0.135222595560634	0.0475956627357811
0.329301592953996	0.18474503280597
0.141573906737739	0.0826277998108349
-0.413152159970655	0.17843811455991
-0.514215602603458	0.396014616028849
-0.523979119574341	0.394817675740196
-0.0694602446309492	0.0310018818964798
0.161846478393662	0.100208461840565
-0.601830012245667	0.440410325973518
0.146274095562439	0.0841212711099751
-0.298042353444409	0.184479699488532
-0.805017925497974	0.759409882058183
0.831656111508093	0.729047211765793
0.852711156974455	0.628452708360506
-1.23616641801895	0.909279845373262
-2.30311704580647	1.15143081484173
-0.340407812458819	0.205162804177363
-0.498027745378502	0.263268965595129
-1.68127548037745	0.956357385433997
-1.36427389488885	1.38288016267744
-0.0493071507229684	0.0231110236336062
0.265010567365978	0.209498647170976
-0.0942280145615087	0.059681910883582
0.434198779679808	0.310674672335297
-0.609522760022247	0.609715558047881
-0.156560011930137	0.0909097147636338
-0.562932017068459	0.469769133516075
-0.529028938449019	0.392436518221092
-0.687156626149415	0.478029588604351
-0.283445329073219	0.171309591031544
-0.575959176609925	0.629856805588244
0.0669755435395746	0.0483434699862362
-0.310393674714135	0.23379634410166
0.783330090997657	0.607041435160036
0.56382108526038	0.431412192959877
-0.560316102847638	0.470337508145896
0.0560751160709351	0.0381664054487058
-0.942980350854038	0.666955115513628
-0.934630492814412	0.69983898092563
-1.26723709663449	1.19461491371207
-0.252385379878505	0.125134535356949
0.140930057737735	0.0417224650908353
-0.638954644635542	0.163590857835517
0.79922637739938	0.340001794737966
1.05195017411635	0.541657466219513
-0.035702466159606	0.0242927827621955
-0.180078771814269	0.120863361178567
-0.274189186804145	0.213139020930469
-0.208394824375543	0.139861948458284
-0.550260225927449	0.458989861871817
0.774695338492213	0.703939750285409
-1.09868916701235	0.718297272475252
-0.784286244631842	0.36313389250125
0.157153534012612	0.105453846081414
-0.372582554281239	0.334277288137355
-0.905609963143472	0.870129100744059
-0.809544274025807	0.717741747668781
-0.962940094512632	1.09605363024547
-0.624740737452144	0.504062781754552
-0.0712641089727289	0.0456446341532953
0.723882247322236	0.667728754356484
0.605274769795886	0.440358248210791
0.996794355618184	0.769056576939329
-1.10564425747665	0.772723371678063
-1.29550933804307	0.627186554192247
-0.800414214827729	0.457652785092769
-0.363261139310847	0.255867558280441
-1.12013733580062	1.10612511550494
-0.0867344730840317	0.0520993303990567
-0.408273983316925	0.293292058650038
0.546173974807371	0.290761122015706
0.465392008134041	0.316663406892382
-0.163734655233962	0.0583642910769908
0.584438715484817	0.415023992138162
1.10076048005999	0.883868506805111
-0.599118836509613	0.436404318548384
-0.10622085692575	0.0437280025102277
-0.249790167672385	0.187590715366163
-0.665557270798721	0.399024913295045
-0.290687643100604	0.183740399479478
-0.244369753731063	0.165591559360124
-0.410320473225848	0.294053471421755
-0.420004973283062	0.327651764478303
-0.471434930282042	0.314559743398415
-0.0170370156305223	0.00831527669223894
0.0105611878763127	0.00553763040571953
-0.471874818550022	0.31628669156975
-0.670039368130342	0.392025847985632
-0.736383229522919	0.688145968705374
-0.370831854963595	0.307416457923391
-0.519556234311088	0.40234297074466
-0.49833746292633	0.265665243577817
-0.685056111365223	0.493435833460527
-0.0547514383894864	0.0347221315303363
1.23749016686273	0.801365948134923
0.847549096451465	0.627083685231936
0.143101370210691	0.0687466080235867
-1.61364347597003	1.22165839929558
-0.801498384713796	0.613568681623836
-0.558077077981558	0.35093506203218
-0.351716423566699	0.249827222914319
-0.959134011319977	1.13288007122012
-0.255504252086725	0.244308186388807
-0.482868567112672	0.462206345642765
-0.201622545317828	0.135018563806268
0.0734505365610127	0.0554246199756489
-0.361431289820225	0.295868550494397
-0.689857526431546	0.49455052638066
-0.347899119317162	0.213366421957395
-0.243093569549591	0.162853970958498
0.156071540899547	0.0877407907980372
0.141380190760299	0.0686290000067634
-0.0869268927865701	0.0534105154909033
0.0078881141956621	0.00424889285196949
0.453191873473834	0.303600893622817
-0.742547523618893	0.76933154827756
1.56497967705012	2.05421806118326
-0.166676662534236	0.127938777258238
0.0495556939676038	0.0320334937693672
1.11192157925348	1.13036044676982
-0.629901156709879	0.518151968879534
0.16635451640996	0.111080800014933
-0.79801370678032	0.730888175321599
-0.0421068146208933	0.0199318867635109
0.699836438485097	0.461954403419755
0.569179479321454	0.620426808323916
-0.926342822955124	0.762792036424342
-0.688437061233029	0.46164031376455
-0.767801639800424	0.974956144281262
-0.233446399306031	0.17960322168476
0.13321040140253	0.0527268216424054
0.887676143116226	0.48742349602967
-0.688890674901562	0.465323648879654
-0.123299492428515	0.0697141791100256
1.00791632523722	0.930359685181188
0.410322465489591	0.316707560963015
0.555984963833063	0.516761970793682
-0.681822451789382	0.469150076244568
-0.177196366441843	0.118477924545045
0.0048936143053537	0.00274157537122439
-0.454331872143231	0.360677806338875
0.708252461495274	0.45539303988117
0.306769267572817	0.184632844162883
0.00498989934788674	0.002768190052247
0.151038013646133	0.0866795917338677
-0.166828120367569	0.0941333504882627
-0.314488582682968	0.239337304167764
-1.36203310813156	1.33425617272419
-0.129986752509738	0.0786445720442296
-0.125575791953453	0.0726245860485834
-0.459791878213144	0.363350607304486
1.1219972641187	1.0832023573504
0.560884286896477	0.452865136257945
-0.295835640727928	0.182363530738872
0.874033647476175	0.839827483680788
0.783799656833967	0.470901934571808
-0.618734772120469	0.51878931439137
-0.407546218589388	0.367795093286278
-1.56725833047395	1.47835601879002
0.498145876147622	0.432116740028071
-0.561095631359437	0.359502450412479
-0.124306649782602	0.0738382956095106
0.151124598334639	0.112475106998541
-0.145321883421357	0.11730965245207
0.604617254849724	0.555097567655357
-0.44307036627371	0.350734335866043
-0.562817165682788	0.334324899142509
-0.287193774071926	0.237757763951216
-1.36411635724236	1.56608446420167
-0.232425527009438	0.143852099315042
-0.150433073847926	0.108188406787605
-0.518949020484305	0.373462323736559
0.695367306889852	0.447226874393725
-0.411304184184462	0.176550295150873
0.377914511785147	0.174966807930282
-0.958116729063038	0.596828158740491
-0.347226817410879	0.211452287067465
0.647374222789388	0.456100636616678
-0.742472634812094	0.763121429956012
0.485572315032663	0.416647952460434
-0.317595336254359	0.232196578763828
-0.869386283625978	1.02533908002566
-0.702996990826298	0.559644901644958
-0.478347408289489	0.327588594907737
-0.00414700789660046	0.00289643895659085
-0.81800540483582	0.90547669996507
-1.04243230844476	0.442292931729212
-1.54084152407037	0.548722359325435
0.0478417873637104	0.0309483061163392
-1.62401078659937	1.91207648106006
-0.294213731264915	0.252785300213149
-1.33442766774573	2.01289618651555
-0.329081007269966	0.276698365558395
-0.638053781472973	0.159413989769262
0.772449021248925	0.451078453252459
-0.612325617384939	0.295164660686929
-0.933485683467888	0.684749148599611
0.0103989562862585	0.00560747374792571
0.51266500537826	0.398143426416367
-0.310687597494391	0.138888811045588
0.329105832820297	0.17878681620663
-0.213964974796372	0.144509948262801
0.983880096074996	0.81344079925672
1.34986121012677	1.13075311425272
0.129467697765146	0.0433935625559395
-0.246259076573564	0.119929551232664
-0.361689402338145	0.108124975750703
-0.25619107573072	0.1328425179206
-0.319143886592702	0.148140292556665
-0.315396791724004	0.23686867410199
-1.61727149013624	1.21059175150874
-0.134944196760999	0.0768872382851549
-0.613298995874447	0.391097418686817
-0.0643744334942856	0.0282477162990804
-0.81291529005602	0.629125181826325
0.047580968471836	0.031156810652927
1.65133495749622	1.42425713606998
-0.0430787450525616	0.0201839680590329
-0.284873514767648	0.18389472607923
-0.963202031737923	0.595015362806921
-0.289019582096268	0.17881256761465
-0.076869512420392	0.05004054641485
-0.0734187872474764	0.0473031581132626
-0.417612876087229	0.239031065716358
-0.358685939820114	0.265781996405142
0.461213160061028	0.307328377471361
-0.473970769268092	0.309039408725971
0.0564954429732283	0.0358193207458183
-0.404469090221893	0.287044212619372
-0.777240290355647	0.990421812637874
0.386546221218245	0.177963562938556
-0.799758556197181	0.454703926470428
0.931642182818432	0.248244381880994
-0.160233785620924	0.0919121130676264
-0.899110183990602	0.827467537886498
-0.961923541884387	0.61508237326934
-1.34063879823377	0.830502359811671
0.391219318774257	0.171257363760427
-0.155151540916385	0.0900677500197933
-0.24042676564203	0.187151653632409
0.140142898224689	0.0616052967793107
0.136064433971455	0.0416093974951794
-1.51078088712116	0.788807393064317
1.81017736758345	0.738831501835876
-0.742214024546646	0.265076593943061
-1.53663675542406	0.551173840789553
1.95669114496977	0.512659458057214
-1.03650475383766	0.403762808866673
1.23370079363007	0.842588933779108
0.434111367252884	0.318974585503237
-0.287639742546673	0.180821276052763
-0.710254076093836	0.623841966199702
-0.916896419265778	0.733934688960501
0.0115499527070781	0.00611765553007134
-0.0587397465129656	0.0383817722675874
-0.204275706560417	0.111114322726964
-0.964486006049253	0.607116606721464
-0.118254644486233	0.0469787455854704
0.798344741313823	0.346915704408962
0.00318320743351148	0.00181544533176771
0.586271764900316	0.425877606721456
-0.805196884561198	0.598194861644609
-0.786173474151281	0.357404743207727
-0.362705556816672	0.107501080075651
0.150383719302363	0.0377603663327903
0.429643680580781	0.178577238965615
0.271357307791578	0.207338773097402
-0.558698109292537	0.456129930619704
-0.906001310830166	0.837472441886352
-0.475386803770109	0.448454796264497
0.0290031271494777	0.0167530500734298
-1.05832020591835	0.862893301348224
-1.50046428137742	0.7640783985923
-0.398617108777132	0.310444538692463
0.127435021468555	0.053936415169271
0.0418013730819551	0.0260770812309147
0.326760003903252	0.182976865072885
-0.506288954223506	0.275386227050871
-0.401784562655158	0.166015430104702
-0.162617022890154	0.0908745503563887
-0.499283907718119	0.259284342997363
0.151946402377233	0.0937603322230862
-0.640951987120562	0.160195969285506
-0.636440752837538	0.160851189766091
-0.942966858448746	0.689138017633733
0.77804022228699	0.726508296903683
-0.286405548450195	0.184879066623523
-0.879423050247183	0.931544968336833
-0.715338262658972	0.635465942010801
-0.665930459651275	0.401019919349647
-0.123867524125475	0.0879683392126186
-0.322328237021493	0.260372492783521
0.140110003319616	0.0678674467672649
-0.820645134453788	0.598904505879171
0.596387799218592	0.539756784065408
0.504122562008467	0.428797710259211
-0.407805333123664	0.37151093738701
0.165256754031659	0.0989339561679398
-0.905643478587971	0.84565547804688
0.539787954677492	0.533609723440074
-0.207951613577211	0.164434269707512
-0.180032268309582	0.126758450887996
1.09849420644792	0.804592976104319
0.272069271012117	0.200703775682829
-0.934057995712197	0.694492838206354
-0.472637870509329	0.431635531071179
-1.0190150832167	1.29930923913947
-0.0669006170738424	0.0411311775196438
0.252030038123739	0.211059717656746
-0.566983517045091	0.353530202680712
0.139481753922216	0.0619307369900405
-0.807706988104992	0.440808039612498
-1.16887740484449	1.02044242499444
-0.497747269602537	0.431386742401018
-0.119500209507033	0.0899161558720473
-0.0694425614468864	0.0313575716693679
-0.344214408374037	0.214769901006563
-0.0415686864111091	0.0280875407171551
-0.534081245322149	0.201198209191971
0.132574631061723	0.0528388050181693
0.151714458282224	0.0388912867750066
-0.639151761544215	0.160758461567798
0.806463375830029	0.329193472825971
-0.321419831008555	0.132909072709785
-0.912541695724602	0.84066441910136
-1.17065306303652	1.01628177039653
-0.124335506804315	0.0755894451041548
0.29322346531766	0.199360718801113
-0.601274641756519	0.606203966501039
-0.466414880183211	0.37171244967975
0.786610155134353	0.448027848061546
-0.126060684899599	0.0929456501929163
0.137964846958547	0.0466767933635548
0.127531138720005	0.0480304519654892
-0.310880580361969	0.23588654694302
-0.991833031352208	1.01525592786111
-0.291856049603508	0.24172941918455
-1.48780234385054	1.05042695733591
-1.20904784217787	1.23099076682042
-0.746998264260377	0.856813265366172
-1.51236858685688	0.795124800463189
0.150575043964835	0.0398742802241122
1.05275532928899	0.543974137405928
-1.05718569226113	0.845575464826567
-1.07816999013353	1.44157469665007
-0.455374260974005	0.34175419181187
-0.0134715703507321	0.00952353460203272
-0.470274901318272	0.484624115088489
0.43615421776313	0.293351627711494
0.292278783995171	0.195137507372794
-1.45704692289295	1.58219525090858
0.283459450924421	0.195251409471567
-0.0713589592303868	0.0311908346953693
0.778422733698545	0.594461449290995
1.00612006572923	0.931370058041178
-0.963502529421637	0.615161111056148
-0.407726532743349	0.326442044059716
-0.572267949973661	0.337958977788622
0.259037151581993	0.196137739323255
-0.552452548220618	0.323054543603514
-0.970656728121234	0.997724911133891
-0.808361538530017	1.00015646337621
0.0783436975807883	0.0564683661751015
0.0230697204592689	0.0134642025385172
-0.0245029427855104	0.0170904143759753
-0.182842540271886	0.128794803418303
0.412748957303033	0.310673065578092
-0.328230990250868	0.274387130830483
-0.275323940481995	0.210009041698006
0.81622182424622	0.8548521265427
0.254345844037663	0.191852583713569
-0.0982061881333408	0.059890135267347
-0.249259924762462	0.160675459739557
-0.324198308252974	0.233906290026307
-0.601440308950777	0.417349276828121
-0.903875974950287	0.844449028874652
-1.66304012458866	1.73266135548974
-0.310326388028727	0.233950503465115
-0.408793653242992	0.324781669535531
-0.815719507030566	0.843952755373154
-0.406495088783186	0.380404143921665
-1.08615402618023	1.13914178579136
-0.308132053643915	0.225605576070111
-0.40947831393131	0.180867000069854
-0.323508727796118	0.263794866665221
-0.40666144662516	0.314603473931887
-0.724491207211871	0.696053884153026
-0.808977579991333	0.617603202983207
0.783166288702007	0.475177520070879
-0.815411253221595	0.694567461173124
-0.742214024546646	0.265076593943061
0.802300785847297	0.351921110791954
0.141301354602922	0.0439626882643758
0.94135878568434	0.604246452091511
0.143881228667816	0.0806145935637766
-0.512949141989947	0.52666507600982
0.161997268408489	0.112507744980409
-0.413694037925068	0.330891923321532
-0.247035623093	0.18577376980991
0.158899658871386	0.100982720802834
-1.19834263140132	1.22737259162596
0.451178543059341	0.417087679600167
0.0848740673403122	0.0628945958203067
-1.50459756972525	0.794432996332145
-0.12642615628148	0.0746395136916774
-0.094293192019621	0.0715004184649477
0.978236707497573	0.791126149499043
-0.215426897740869	0.144951585246533
-0.209586754465075	0.111276798813134
0.0248643442144669	0.0146428865915444
-0.63152575007694	0.687577430272731
-0.515723637274884	0.400830720210255
-0.508498960827846	0.271763544381201
0.272445648415259	0.193165841191217
-1.65898171085342	1.63453115421061
-0.40297515970841	0.325650020934175
-0.258861598363871	0.186563714606428
0.26921227412341	0.193179771718916
-0.281035697389759	0.172199328467879
-0.412930663631753	0.359087943921571
-0.410313446318598	0.374253999485155
0.218563092852758	0.199862759563327
0.00176785115560326	0.00105443850979911
0.249187274881871	0.205136429276151
0.154338938496581	0.0965795397391992
0.527766475560488	0.447129097623367
0.0804501262047111	0.0631549066775968
-0.905951138749979	0.811961163609407
-0.617611479235181	0.301600944464743
-0.103701027095382	0.0639446491382226
-0.878327538425552	0.956491729301283
-0.12260365519887	0.0720963433421228
-2.44577975969442	3.21314570165022
-0.474227396335682	0.321609641294297
-0.627958544388799	0.512930405733293
0.00220363778575958	0.00129826518371636
-0.24959965542876	0.127573603968611
1.06642013910019	0.636748905530611
0.521574904296118	0.432651695570665
-0.200688069242538	0.110731887841927
0.9777262418625	0.780008773167576
-0.553337306528154	0.354730170815381
-0.0401101229212833	0.0194061923977569
-0.998535088445235	0.52395959859642
-0.288713860853794	0.261586742721802
0.270235812717021	0.186542486716027
0.860039418032758	0.931494934526439
-0.0616303687283525	0.0404231050287367
-0.0100350633265224	0.00700764230615229
-0.00664814371172847	0.00475901544259319
0.367337616664147	0.309200628540135
-0.773768589948955	1.0654906353178
-0.704366425821038	0.527891758255211
-0.593893606470266	0.425982720520661
-0.895719144641879	0.893983450978051
-0.811932928446891	0.689583721930116
-0.177094916738519	0.125903035905866
-0.65383281237943	0.373943480530705
-0.0477319460155559	0.0218941056806629
0.353422203002576	0.177436142512164
0.0833850934198158	0.0631026587656229
0.161306993750466	0.116128790650195
0.410838229123287	0.315720922466207
-0.193368508628927	0.10138684322055
2.54548214829995	1.44792023795126
0.161517567616136	0.104098155148655
0.398620004292041	0.312885802386709
-0.210677133497945	0.166902315993916
0.172377473758778	0.0978637463148367
-0.361689402338145	0.108124975750703
-0.807223479003159	0.769637296144416
-0.31339215744328	0.22553706061016
-0.151512309545745	0.0850513516690725
-0.456630824778287	0.402689575548076
-0.348045822772645	0.368199290618849
-0.257711618714345	0.123157912908924
-0.0761285642210919	0.0340897444121235
0.682269555697719	0.323021980701716
0.384917628516908	0.180723051520225
-0.410547429321749	0.235981880471966
-1.94659533651019	1.82355961774883
-0.319363395011397	0.152551632801927
1.0099628375474	0.926042464382622
-0.316984136789595	0.288871008012266
-0.406391367279056	0.174410372896708
-0.23799463285574	0.208248952946638
0.253302713645933	0.201676437497031
-0.472546027784887	0.30382719691784
0.169526600371987	0.141530603747848
-0.209708971604276	0.20299896150492
-0.984983681916689	1.04744276884017
-0.0150320571693531	0.00749439103497918
-0.519014974418871	0.383083891799381
-1.15049600332665	0.365062590327348
-1.04938876843792	0.445225820250445
-0.787226478092447	0.352051239153686
0.430910117503269	0.177258505484743
-0.413502222753861	0.16785748394566
-0.116138584749906	0.0480086969068476
-0.789022847261284	0.361743554683123
0.139123744261362	0.0424510535879042
-0.111247230202704	0.0450068009831044
0.334153181502172	0.379168513404489
0.672247604306137	0.835920048758825
-0.0715311270771046	0.0800544479628738
0.664326022216894	0.761093565601344
-0.076548180299489	0.0665577993630117
-0.600167422849457	0.432254866747059
0.0132437771131366	0.011644523319675
-1.14443629790292	1.88498317898477
-0.350344224431272	0.198448952731818
-0.195747274849435	0.206699488207142
-0.403774984580545	0.49091535608412
-0.225563846107536	0.228698923238083
-0.0215153400252656	0.0144538445146516
0.139380228170948	0.0664861829398389
-0.740424042952503	0.254094839261628
-0.74111878729607	0.272048451943737
0.144013731109022	0.0446680190904957
0.154202638323454	0.0388280986901736
-0.639151761544215	0.160758461567798
0.147571338722617	0.0296534813215984
-0.348244853431526	0.23986480554342
-0.0116860597177367	0.00834564410044276
-1.08440482586988	1.15953598914981
-0.807771145308735	0.619133788117562
-1.26689908762927	1.15764621834139
-0.268306525834068	0.221414417197272
-0.279048595649004	0.214086404073655
-0.413009665156798	0.328927640999371
0.281840541917119	0.200631684586519
-1.04634874672558	1.21367062997975
0.275908373566891	0.204147904248435
0.0585957561089489	0.0399902925724199
0.333820375130849	0.299811749024018
-0.370712143574623	0.336443974837655
-1.11031924022944	0.77572281644483
0.0540209639371409	0.0360050065525151
0.0215790191957004	0.0126524546257518
1.02833263547468	1.04970325654952
-1.36438895628044	1.37651504320243
-0.561082779865518	0.472135026966638
-0.108645665685357	0.0434382915033491
-0.418173647704245	0.239068382627617
-1.00182182824985	0.50649437666673
-0.203545273444813	0.108431639871873
-0.406542540627682	0.282817756050701
-0.318582147238668	0.238615089091804
-0.237660324895508	0.147178844887249
0.653054424813377	0.655306545128723
-0.059312696027018	0.0472495383493513
-0.0174291476124399	0.0120873596249735
1.39441267476769	1.6917417406982
-0.0996012651035316	0.0763880373143185
-0.811015505546878	0.763638736324888
0.598234434367956	0.561186258371414
0.497545293192978	0.413102386319929
-0.999733588396064	0.512528764904733
-0.503532869404541	0.409348404506868
-0.403268719382302	0.277236391865917
-0.686052604978355	0.471388175794835
0.785234283587146	0.804653661928403
0.55606744964194	0.687946206640338
-0.615182223643962	0.647440632546565
-0.114988204126534	0.0451575342948648
-0.126274206480974	0.0759134918084972
1.44198232062639	0.484943359002049
-2.31114430552232	1.11594478361775
-0.258086332647823	0.131654669449756
-0.0539810537674101	0.0354045012006872
-0.0322670633766323	0.0210090978839723
-0.164602127844651	0.148346999933692
-0.414758125098637	0.460445137010252
-0.354145841514787	0.246228771763589
-0.256202650422067	0.130020313186638
-0.204700438436793	0.111470116003361
-0.0572680414088086	0.0366275795459114
-0.162660153465426	0.131210255181642
-0.595809072641923	0.430266439027822
-0.957440546277636	1.43314510691551
-0.263517641446262	0.125061202855055
-0.10211166507387	0.0644101920979311
0.467115873843104	0.48291349117622
-0.366738003112482	0.297830866883359
-0.806793446827029	0.555422457633453
-1.02353865977695	0.933240556776972
-1.17588066864721	0.681246206491698
-1.99953932402165	1.45437292554566
-1.73344221188133	1.3540639776445
0.155993298479118	0.0933004331047153
-0.58808992032005	0.66172353167387
0.924201655600097	1.30443474379513
-0.0403993270094614	0.038154588899574
0.737660721928485	0.798012805320963
-0.684635211994261	0.716982069518732
0.772811409117884	0.717942579315077
0.00221352226162978	0.00187568628042516
0.582308406476228	0.679514983861645
-0.415058452084919	0.242845964526865
-0.711891129724557	0.566506640177767
-0.865447142571058	1.39400448235052
-0.428753608499185	0.415530350571792
-0.65948667636759	0.883039777093022
-0.155393248143117	0.129084000265721
-0.403016645237526	0.320584801606574
0.141334689210727	0.0482331216393845
-2.48998778696168	1.39874300716808
-1.50126614379641	0.774732428798377
-0.672303929577616	0.397000769054883
0.139280673994195	0.0481401708448473
0.936593763299916	0.259936987760241
-0.615597064821035	0.307304396542219
-0.446204932749718	0.422289796765272
-0.40401438676264	0.285523826093899
-0.126169026146703	0.0896188738534341
-0.140183893997231	0.121989866641013
-0.821552716326446	1.05628675119822
-1.68896404661601	0.978388462195657
-0.320526132083952	0.143820903271947
-0.19681222501693	0.106873727651831
-0.317123821041361	0.236030485900773
-0.474295058715902	0.312095225149367
0.0902207133151152	0.0756293959683632
0.151980053902426	0.131087575570721
0.00300160212854923	0.0023592636766809
-0.0171687028369634	0.00849598796281309
-0.493662614541842	0.540674579015035
-0.40681032035185	0.324645004895715
-1.50380292046246	0.792192513342636
-0.970180271669607	0.576753708770402
-0.196380285319318	0.106282879116504
0.301542897635048	0.304171454951709
0.29270098855072	0.294609066577362
-0.426578164504796	0.666783194492517
1.00850713531982	1.30331334044964
-0.315284207130384	0.359785931706492
-0.890319998091521	0.900635647116902
0.108589103890903	0.0992710386693444
-0.336484754024436	0.351233664417233
-0.293388164538008	0.324751138709695
-0.252833478035385	0.220052819016538
-0.921275426681407	1.28476792358966
0.152732391175414	0.0382714049770349
1.95669114496977	0.512659458057214
-1.1768894758733	0.673033303118341
-1.48688285840224	0.993208125175157
-0.454452750025688	0.39384866777275
0.161219900779371	0.119512898757979
-1.26138354219153	1.15816346125609
-0.0513555188858823	0.0334726800918624
-0.120901077500801	0.0732487765096121
-0.502116713463624	0.418942004251942
0.0355373957172226	0.0216002748651556
-1.25792322603323	1.11756152436538
-0.604053294776335	0.575496935281438
-0.590908314168161	0.409579387737235
-0.0624853683644309	0.0398582516772509
-0.618889995135991	0.301683720588692
-0.139432469941374	0.101761261231837
0.249071118719557	0.213649443534395
-0.00626301335977305	0.00447037298013517
-0.131174434693788	0.106822159253676
0.0201152632285494	0.0151565672140467
-0.195725662580921	0.172844280618537
-0.407265262696139	0.401620190340946
-0.886612167228989	0.962508050930837
0.132285669375004	0.0464856542526071
0.146530154194694	0.0296723933695664
-0.357592290922579	0.197606053581206
-0.807040044321546	0.53133593506228
-1.19196142064797	1.51100136438559
-0.963150079005377	1.11690719734982
-0.125849891363395	0.0763092291108519
-0.210093516500727	0.145900920466145
-0.507906009682131	0.517325934671971
-0.232740824488495	0.196597797644107
-0.306777169239153	0.282461837870663
-0.442033208378862	0.415294284980876
0.159033483254813	0.132380730455298
-0.217877112314776	0.144943079925743
-0.698904094963451	0.562910247734314
-0.543601908871396	0.670650868494492
-0.243071338240607	0.190760066838169
-0.54976666205008	0.458852575818265
0.16238680785928	0.141577412846716
0.0439882012121427	0.0371834474520028
-0.388140691917131	0.410116098552834
-0.755592860715797	0.855718747312934
0.224624489059963	0.232054029352431
0.0406396865690319	0.025949441191283
-0.511375854326173	0.625168524134177
0.146530154194694	0.0296723933695664
-1.05049647127924	0.840344154951914
-0.317304933863509	0.150856014956897
-0.886864395735673	0.993396139099388
0.482768722039801	0.292863773608558
-0.163640254633394	0.0617987202008443
-0.403308038788623	0.209898262347349
-0.547477877954045	0.463573482082571
0.0569058590123787	0.0371170868019342
-0.353950402940799	0.260637034808006
-0.812096197720638	0.712399424766255
-0.459294807776428	0.36258251192302
-0.564173071647533	0.478454417679932
-0.819022505870343	0.75076156767608
-1.12922457130605	1.57108394091115
-0.312963968731547	0.23265168920764
-0.169129280276345	0.116797708376037
-0.0910948156000467	0.075271757100698
-1.00101749166955	1.31802505061658
-0.875166049313325	1.05559644118211
0.283298895507441	0.200643969680155
-0.29234861313227	0.178792425299988
-0.245123117785456	0.159495300629608
-0.667267653186467	0.407370342048534
-0.676813281024122	0.664010128529415
-1.00086125742451	0.489405712019874
0.0779710600845622	0.0590692237145672
-0.209595538412811	0.145723463247529
-1.20534757328406	1.22466457916724
-0.499284901695787	0.268685988428631
-0.49330402714757	0.434047774141799
-0.202652872668849	0.180755288508138
-0.383535120991718	0.42465992289245
0.369593907956239	0.38934968607222
-0.584095082112538	0.539523305715582
-0.808948801568229	0.697902273528125
-0.273109580399606	0.286944108029692
-0.436985840885462	0.545553560382546
-0.538800106755171	0.59345090013678
-1.28767185408248	2.28464835884658
0.363210909782297	0.307851881745315
-0.549296579571081	0.677365837074614
-0.705374914069827	0.880093608106231
-0.666534326212395	0.403716769546891
-0.965744196243094	0.606144369982894
-0.636612888796405	0.559843030023392
0.940810044782229	0.884956059130972
-0.173137868174867	0.0613339600163334
-0.0710510061502885	0.031235855566258
-1.11023426389199	0.771347784732005
-1.35110331576303	1.04263180383715
-0.597180017577712	0.436982322171556
-0.940965861044031	0.697021927271449
-0.990106795273382	0.513997136030586
-0.804860348636289	0.520086805927919
-0.531626791216464	0.502848870423427
-0.589733735741127	0.438939665863296
-1.18061972581112	1.39184767751685
-0.455168160240857	0.338588731095149
-0.24042714484824	0.225336432776794
-0.530652033164474	0.620294413346263
-0.302425922559736	0.253185057233931
0.494493232506122	0.404812554354348
-0.741599309122517	0.759315212663269
-0.240890791537841	0.0803115391508017
-2.58389336218252	0.718322275969984
0.646344897352587	0.204467794280262
0.15045336866841	0.0380860428865526
-0.215490065925159	0.148267747609612
-0.78475737674559	0.352205155272212
-0.501209845111433	0.273630088670148
0.280001912833748	0.202933831459786
-0.41236781665641	0.286359452107358
-0.798644425223826	0.436843110768264
-0.319534070569924	0.150445648067453
-0.81270919001463	0.827078945001919
-1.80224057834231	0.435169887808059
-1.29943533778218	0.589726005890001
-0.536314894943915	0.215990413651433
-0.108432909528545	0.043612012781615
-1.79885352006505	0.441851175328772
0.150575043964835	0.0398742802241122
-1.15150774848009	0.364078757050567
-0.178083902021205	0.126420312219995
-0.253074255063526	0.160953025564148
-0.286106107413779	0.181608891263785
-1.10624823730327	0.781936167426071
0.858002292910253	0.609992094855486
-0.150806225421034	0.0853590446009033
-1.48656856082519	1.06135925713213
-0.0767614468246812	0.0344390811156773
0.147571338722617	0.0296534813215984
0.651620019017489	0.218540697202247
0.777138557502653	0.465903855722686
-0.238853585534742	0.0799568001465923
-0.316371512177172	0.151003354599471
-0.011088528496949	0.00578740453266631
0.153592863729208	0.093418895821437
-0.0285263017182264	0.0190340618257405
-1.05389680271856	1.19748016918968
-0.783560026625646	0.361765598683855
-1.8390728329627	0.787375095703056
1.75705027669738	1.37901746915894
-1.61450876997666	1.22883623824064
-0.0984007432578592	0.0624651224892403
1.07138842675152	0.656012759365831
-2.64773166134538	1.66813646326547
-0.807960572315747	0.672506307204344
-0.473017233897998	0.325026392279856
0.149942409522206	0.0296695603684523
-1.1554350298159	0.363497790570843
0.650496067935128	0.212216670317608
-0.785081383438231	0.362906976960149
-2.58389336218252	0.718322275969984
-0.242738510358594	0.0826009154088164
0.488077488784489	0.313041149165819
-0.415112519428788	0.232802250420648
-0.151795676053616	0.0858136453769949
-0.2842977260484	0.230769485579922
-0.788418523814027	0.367859720616813
-0.150806225421034	0.0853590446009033
-0.898677900880987	0.805168521860599
-0.403727618858458	0.302843368483581
-0.807625933051262	0.598812654064554
-0.813791257581942	0.526510435611762
-0.372246023495529	0.308955694826857
-0.897115714738976	0.823941965169412
-0.732338091122567	0.695568900163102
-0.452036583696549	0.405594740330717
-0.802313846362807	0.536611386877745
0.150575043964835	0.0398742802241122
0.14278047506627	0.0286976566342611
-0.355736610515039	0.103418330314052
0.138988387902156	0.0479479922116786
-0.742105548070661	0.261052251426749
0.147571338722617	0.0296534813215984
-0.638053781472973	0.159413989769262
1.44585397795401	0.947571526238211
0.638630242860614	0.439277435682958
-0.122846457167261	0.0709926832032019
-0.47176133437193	0.311967763277715
-0.558509847418622	0.351889695972377
-0.535909212584807	0.206330888979068
-0.788078322517995	0.348834886481755
-0.641958373924127	0.592599499480488
-1.34267336802131	0.884353262253328
-1.17921414857019	0.677049204016785
-0.691425435712965	0.484529355532091
-0.344100936952711	0.213770199529974
0.153304124082544	0.0383355187662969
-2.58035413683893	0.741528858997695
-3.0872736676927	1.0096627055632
-1.05807841662828	0.803629097126501
-0.360618173117269	0.105206136413076
-0.639151761544215	0.160758461567798
0.775078426821866	0.585082587641919
-0.566510550123201	0.340177494632274
-0.349983384306549	0.206980491334095
-0.0644233534455431	0.0408673363123557
-0.116672432182443	0.0689452562240344
-0.684195432705961	0.477899831507577
-1.73751914272166	1.4874051917017
-0.786622900489767	0.362366223075524
0.126262727981569	0.0515189423842779
-0.364589035536317	0.298677054347337
-1.18379290254226	0.651243007263683
-0.907768002673542	0.83620030744638
-0.250422796888375	0.165089308505595
0.141301354602922	0.0439626882643758
-0.638053781472973	0.159413989769262
0.13807845482994	0.0420246516498512
-1.79885352006505	0.441851175328772
-1.79827108630004	0.44343860950155
0.137435839448637	0.0528935393960441
-0.237695463640661	0.0816413996844845
0.147298535161635	0.0299064650853773
0.127435021468555	0.053936415169271
-0.804514301745213	0.460033829477361
-0.802196536798426	0.44316506665479
-0.780953391591215	0.343542502774832
-0.662841983562884	0.393090927148914
-0.323178216181641	0.153845670382338
-0.805471915790801	0.527871605593188
-0.617702359774845	0.311469676991868
-0.255232577386111	0.13337978286968
-0.113115695147344	0.0453540875026541
1.44061907723966	0.474013409533136
-1.29026588773255	0.599898838970873
-1.14934954991944	0.361642569623747
-1.15049600332665	0.365062590327348
-0.324770885009137	0.155385695442566
-0.541304284053491	0.217969795952729
-0.78436471784088	0.36010773917603
-0.513737421382381	0.386020010974289
-1.16445794718048	1.03777442245088
-1.18585386492817	1.72267813464899
-0.995368926255743	0.520787378781233
0.334986443662474	0.179212999214082
-1.45615647383229	1.50868093899093
-1.16264773523704	0.977668016087288
-0.25558299780905	0.13268991175392
0.0337853014793166	0.0204919735775952
-0.198965575760217	0.104519724085763
-1.52666556475534	0.555316783803888
0.133493902760053	0.0468914742396047
-0.639856157010912	0.158868155145205
-0.364710422394577	0.10867960623312
-0.638954644635542	0.163590857835517
0.287085350289973	0.206273545696302
-0.940965861044031	0.697021927271449
-0.467881864659593	0.524694095611762
-0.199544209345902	0.108109749345646
-0.325313441238839	0.148473652994427
-0.106585913516183	0.0778815139613031
-0.329870909336128	0.270653264878969
0.076918808909456	0.0566517705460975
0.376393412252104	0.17397794081033
0.0395684957755712	0.0235332605260196
-0.932609456194668	0.672987299985968
-0.638053781472973	0.159413989769262
0.150575043964835	0.0398742802241122
-0.535434333049519	0.213943313751671
-1.79827108630004	0.44343860950155
-0.101047820860168	0.038748595589267
-0.256811318886723	0.130988323134341
-0.465120845976314	0.365048325549945
-1.24064282548507	0.951454230972969
-1.69090794020172	0.989770385521634
0.127717035040268	0.049982003405911
-0.0148320772624103	0.0075113131746327
0.0663748728409896	0.0439996559617268
-0.517929595522062	0.400246994440533
-0.716424231033805	0.622395750624968
-0.159525667147196	0.0605133567791143
-1.15441539366439	0.355848450407468
-0.163576836546104	0.0591995024501948
-0.533278904561969	0.214121651489417
-0.779304946310328	0.335604958539838
-0.797706703641326	0.448408634332449
-1.30099340320899	0.579883703395348
0.304930939977207	0.18012594393599
0.151678331057437	0.0799758362623462
0.278672556140374	0.191190973144043
-0.498023949065713	0.268712339275272
0.676252612838949	0.328924572890769
-0.915093872245533	0.790191540655413
0.0127099885717648	0.00657286168636991
-0.182809698067484	0.126073667764139
0.383167019834533	0.170206816444068
-0.103069663681318	0.0410892184391855
2.73623732944264	1.66996746633921
-0.366862990219358	0.108975842075023
-1.30190386365517	0.553857494084786
-0.207188718364684	0.141164086839163
1.80609620806103	0.714264141170933
-0.0729337977028532	0.0321775121310788
-1.01272670305805	0.905745928718168
-0.711259628547126	0.601658514144357
0.432491828631967	0.175150636897095
-0.197959481135833	0.107697528772762
-0.317118222235686	0.238236238607561
-0.159676023485388	0.0886917356873001
-0.343651497146956	0.214693513624298
0.514379012952455	0.194507598080478
-0.643902881320565	0.161368815571743
-1.15049600332665	0.365062590327348
-0.784561510703363	0.363836867465963
-0.416842080227044	0.239442607831375
-0.783491431310851	0.359773728711898
0.142956872099441	0.0696134859185258
-0.290637572828409	0.176688933873408
-0.467381299596814	0.369694845937227
-0.129524953153907	0.0926130413803311
0.344530155339562	0.176795204522574
-0.335738608327313	0.196895548329751
-0.0140279186705648	0.00701175803251639
-0.0978406959761522	0.0588816503383578
-0.40662512684502	0.281025406969242
-0.80366113286377	0.770534831111603
-0.409702837306896	0.175399016182448
0.377787809648157	0.169699548953297
1.95768385432882	0.509240283014783
-0.741478161120943	0.256911348687679
-0.236860012157124	0.0773460228239431
-0.93678841426473	0.654143259147412
0.306457439667522	0.194110558547247
-0.107022138597139	0.0423285482394567
-1.01648718518693	0.910137399365791
-1.34315262623842	0.829471928115808
-1.04445264019477	0.430927724065131
-0.514543598415515	0.380584452966212
-0.0371816111070073	0.0176226625613491
-0.47132283795702	0.316317198398629
-0.996471696848903	0.507456873448156
-0.312055072593494	0.233179506603732
-0.161649080554999	0.0607304947590714
-0.40616934416288	0.170767441407166
-0.639151761544215	0.160758461567798
2.75347120204764	0.832342619102868
0.132293220537414	0.0450330883432213
-0.00275688846181592	0.00146866493669597
-0.177567861846048	0.126921195088966
-0.0328918403475199	0.0155672424317589
-0.414339707805048	0.18192865215988
-0.193221658329546	0.103218136570395
-0.90878724147423	0.846715789133293
-0.237034390521205	0.14619258989299
-1.15049600332665	0.365062590327348
-1.79827108630004	0.44343860950155
1.30936401123149	0.604419398142513
0.639016707055116	0.459401399630704
0.138481702290705	0.0712622022696543
0.139031688439482	0.0551553886440224
-0.639151761544215	0.160758461567798
-0.404909701070324	0.26450182146199
-0.154312823910444	0.0881751490908751
-0.358359045617402	0.103670335208107
-0.359014070766392	0.10669384643532
0.134601351828153	0.0395123696047699
-1.85394597199314	1.23979348446652
-1.10806133718696	0.779615651282842
-1.17961406807789	0.69396769506808
-0.569124130325247	0.349006628800374
-1.29550933804307	0.627186554192247
-3.08816781498671	1.00619496834741
-0.686632931769593	0.499784152746608
-0.0178688233611209	0.00907615486993789
-1.04551591152477	0.432093044759573
-3.08906260092428	0.969898491163317
-0.784498765586752	0.3523321123612
-1.16668660846719	1.03712646142859
0.0943201313626267	0.0783767740930936
-0.355248035976695	0.10057357526079
1.11524009368705	0.983065228670579
-0.207607794194648	0.138784489520951
-0.809867554125985	0.627816016437715
-0.040918990913891	0.0192394035150497
-0.41717394272444	0.177300143401009
-0.317186238969769	0.225740254609332
-0.192532342895827	0.156130776858586
-0.182156179050723	0.120121099600285
-0.307318878266376	0.313339792599051
-0.596795717318705	0.735514123897049
0.0914351448375554	0.0760772509713819
-1.0755543561025	1.89736491091796
0.137899175795663	0.0518040575084063
0.133324861621024	0.047022951939009
-0.123935565482406	0.0725725171956864
-0.811887707842755	0.60752630403717
-1.11986406878127	1.24690745789558
1.05257611223843	0.521964256157144
-1.04943984763545	0.413578242222271
-0.363418289444536	0.26545641371883
-0.344663984778199	0.215041082498475
-0.271494086876169	0.232146031710602
-0.21352407696652	0.169798309817555
-0.382268122755863	0.409603442856167
-0.201121812133549	0.106845410078289
-0.0727181726317995	0.0473984273544093
-2.03163443029933	1.92990962368775
-1.69067309500223	1.03193555535952
-0.507630968298537	0.502332079816506
-0.148667747262005	0.144389234694852
-0.360688202996797	0.356445374710356
-0.404259331441616	0.420480151056319
-0.105346654927543	0.0786037897738425
0.0849683987531538	0.0630818642636877
-0.129344851561771	0.105938125940132
-0.821781152185706	1.07200710226688
-0.134928003254201	0.112951944116745
-0.0990818167354525	0.0864908237358621
-0.213258722891829	0.147793717754445
0.13321040140253	0.0527268216424054
-0.492618421104824	0.419602165319852
0.156964195499671	0.103381136697189
0.357177907395289	0.307718546481801
0.157151145356876	0.0984022934237503
-0.749449114715058	0.250075066355058
-0.615669643292867	0.286984903484306
-0.491877681746323	0.472376936689204
0.0605444835548584	0.0427408095197553
-0.439563187521107	0.524347698978325
-0.269099582103484	0.229733407273446
-0.89660253354628	0.919150544265017
-0.0577084183665291	0.0379931488328433
0.838399447386435	0.809790208837417
-0.0362633287779341	0.0295231613775118
-0.244580507653506	0.214771907788671
-0.349840214884037	0.313012668545116
0.0925753124071434	0.0734581269343691
-1.01929146288651	1.30808374527056
-0.289201939898799	0.27206164811638
-0.0410466577484309	0.0330229215876807
-0.000508346414979271	0.000411430676557682
-0.282447797068812	0.169398150798118
-0.110662246806968	0.0459716754023376
-1.34837293430797	0.787837258279667
-1.02065009362318	1.18820390474305
-0.48105860157019	0.441353137402882
0.464870685394767	0.413578963715755
-0.937224820224201	0.707592424647626
-1.14934954991944	0.361642569623747
-1.26046541155209	1.09109506469589
-1.36572772800086	1.56605690796214
-0.393497666602636	0.297103909664112
-0.156307308637985	0.109956606111898
0.316762766540169	0.306724903218192
0.971014231431524	1.04263461887945
-0.74828740684394	0.810149734204599
-0.240192050880586	0.156665371130475
-0.31136760294783	0.236962344518481
-0.464186495115223	0.365200062876409
-0.124121771815823	0.0717450479253135
-1.16374648703323	0.979963086975129
-0.286376267708575	0.178808260138051
0.414220150457714	0.317518253050741
1.76368653745468	0.980640359607828
0.0249255075337157	0.014509860912661
0.0237768121224754	0.013681836706462
0.473892647214254	0.426080600653753
-0.59962601578052	0.434487909970956
-1.08296143575145	1.17202413955475
-1.24103564181967	0.909609805987697
-1.11686360094469	1.09278312074225
-0.642933125819282	0.595697376672205
-0.137281545411069	0.0988158802454072
-0.747599751637855	0.846676541197899
-0.305745109872368	0.227099655857155
-0.613875181860833	0.615378863372203
0.2946672412222	0.290875056560611
-0.582258415476725	0.536281544554646
-0.80969643456423	0.539687712209703
-0.200540624838189	0.111660464768416
0.00366452777690001	0.00244128660040897
-0.211194689494392	0.143407326026988
-0.754756595750749	0.828524676394792
-1.84964504400352	1.68242065834209
-0.408251615286241	0.332325777819939
-1.45068618299712	1.73475925115148
0.900471975352951	0.738910274765569
0.315122515539027	0.192336264093351
-0.750913143863799	0.847010411400422
-0.817247909634144	0.769022428656315
-0.806837584112446	0.787343143530743
-1.36262128390171	1.3911845814374
-1.1244442346644	1.68788842357229
-0.673331630675355	0.721389979510133
-0.498339159586545	0.265756982621852
0.149134527016877	0.0901320556871211
0.266856365099232	0.206202287951811
-0.732615155028853	0.692708427045956
-0.0938037663388585	0.0713867642096141
-0.814869262670288	0.711360714762511
-1.35061660964122	0.825565252938898
-0.127703603386648	0.0944240505936149
-0.802369150888876	0.792951775568283
-0.244469057478973	0.211017355207251
-0.636639570622607	0.704282692698147
-0.319233664705868	0.314071074561092
-0.0726058328992446	0.0569212724664226
0.157623067445754	0.12474461583663
-0.0782166762661886	0.0609863904308035
1.35984359508593	1.88396452917719
0.455909625155938	0.41520572269896
-0.246481355856815	0.192563369347461
-0.468120090452422	0.36147410332096
-0.498637272045188	0.436573858617607
0.00362094614979971	0.00203981619190735
0.0208866465127568	0.0118676032840506
-1.51744312238989	1.96983024565798
-1.23685953009917	1.49877543354072
-0.200062033956788	0.13395149282372
-0.40829992313649	0.373329833911035
-0.802673111245175	0.619523566448928
-0.124186110084272	0.0902228775012921
-1.36577681879169	1.32627377711172
-1.11396020454051	1.05159277501668
-0.586227426579104	0.535075076772003
-0.67364775900595	0.720193352843153
0.143864864422887	0.0810624136218686
-0.89379498679372	0.888010130710259
-1.22940846367326	1.46234643508214
-0.819610986442672	1.07408535737307
0.148985963633035	0.101688268764284
0.139481753922216	0.0619307369900405
0.135476444646195	0.069545511202276
-0.534213317240719	0.498090399014998
-0.82057065698705	0.95874744893371
-1.0500816641114	1.48656511914234
-0.415860729115334	0.401259307097871
-1.30067873141217	1.6253430167566
-0.311739560130226	0.227019112799099
-0.250207931637249	0.128069833251115
-0.256080993681891	0.126506614677113
0.155250629609012	0.11143778950899
0.128792340463464	0.0493485570565825
0.941811698629808	0.642614326143338
-0.110662246806968	0.0459716754023376
0.157899324299541	0.108545551400875
-0.404719515662062	0.177211506147356
-0.613443765588515	0.271276000650128
-0.248886374480899	0.162152905143339
-0.62015387927838	0.302010284853268
-0.479063881873801	0.321781306557257
-1.10458043201218	0.751538082670932
0.138813041774566	0.0550785277028061
-0.419180061938712	0.239159380037199
0.508395487354649	0.191306406455878
-0.0416767232537939	0.0203601044511493
0.00696925844078467	0.00384541305627638
1.24729680688767	0.815567069889641
0.493321079569059	0.427973824529977
0.0118710912106742	0.00866205488333012
-0.153591421791779	0.128646191131564
0.361700359557319	0.395239609817936
0.0661539276209905	0.0482976311738952
-0.76914656437372	1.04779870649776
-1.21330205249866	1.2050317895215
-0.619456392965523	0.306385186415905
-0.163640254633394	0.0617987202008443
-0.547130328461144	0.206383992222033
-0.959694791844282	0.58306290111589
2.3377309796946	1.2116025272964
-0.542181473756869	0.219256936703721
0.139123744261362	0.0424510535879042
-1.04446839481507	0.433758823456749
1.81130611619926	0.736870138681857
-1.8442872021741	1.14430786970059
-0.420573859868828	0.235358978373172
0.146763670940224	0.0431466603484472
-0.74325556589109	0.266496707150431
1.44061907723966	0.474013409533136
-0.539261682125202	0.211573173204944
-0.778637117641069	0.348351092218621
0.378262308662659	0.172549655424854
1.74637177555381	1.26680614953873
-0.237695463640661	0.0816413996844845
0.142804698188191	0.0657508119669353
0.264047257009491	0.297830590191769
-0.345456922276144	0.394462137450595
0.35083103709224	0.517399377039452
-0.590976188773645	0.434724239958879
0.161230437872019	0.16132129685269
-1.33987465436915	0.874155343095602
-0.811933921378608	1.17208770519122
-0.582780881650205	0.547348469329853
-0.806917228359207	0.716679153902248
-0.744243815324205	0.263503462495517
-0.636440752837538	0.160851189766091
2.75454479012304	0.83106470770351
0.138256897045276	0.0489434757541236
-2.58035413683893	0.741528858997695
-2.08141402084538	0.970112779541039
-0.539403829235459	0.211176894004214
-0.410215261233192	0.180932493349622
-1.69422955010562	0.95391255645675
-0.360560346528662	0.110506092787366
0.93640634666493	0.254775499038721
-1.79885352006505	0.441851175328772
-0.362761418010383	0.108072109203298
-0.640051550461191	0.165024385486426
-1.53037588624579	0.568755687984731
0.032517665117609	0.0265535588881477
-0.441551090392076	0.497764842550743
-0.273722142390853	0.37769955934803
-0.602519909637125	0.430744465648097
-0.308451696772107	0.284670963110561
0.128332143784253	0.045108714855862
-0.742214024546646	0.265076593943061
0.143823190554174	0.0286863588662954
1.95669114496977	0.512659458057214
-0.742214024546646	0.265076593943061
-0.25521125440984	0.128432668506588
0.940011504003477	0.255477646254495
-0.53646428094626	0.21525941047143
-0.743612894131548	0.263815810758106
-0.640051550461191	0.165024385486426
-0.643714364473613	0.160090454835933
-0.164374597318605	0.0607426126209422
-0.708058786470828	0.859312119801596
-0.183950669636657	0.207871870274031
0.441266283662116	0.763600982284567
-0.0151602792166338	0.00757284275532418
-0.735313919631292	0.79070818885166
-1.51078088712116	0.788807393064317
-0.413598053527282	0.181863090289465
-0.400820603179372	0.168258560284265
-0.414339707805048	0.18192865215988
-0.199535651096126	0.11036262070561
0.428312840150197	0.179225286992604
-0.535434333049519	0.213943313751671
-0.241852287501167	0.0788566976698831
0.646662109150989	0.458948228655131
-1.53670138265931	0.571696966677706
-1.29139750625757	0.600874901455278
-1.83624240889866	0.767448290571994
-0.996319239058414	0.518415662074474
0.640289254029791	0.448895824131773
-0.448729762709138	0.553816827176264
-0.156662737108887	0.154320530177724
-0.0877700527431896	0.0910857940976491
-0.275309150105712	0.260652180970738
-0.378039784064508	0.403163272019649
-0.640776848337989	0.593939763850073
-0.115201436717573	0.0475182290829502
-0.498023949065713	0.268712339275272
-0.682945189622844	0.480766091574691
-0.320195720304142	0.150561236115534
-1.34380579159057	0.834570655015292
-0.968934393500842	0.599504126969321
1.75461834608946	1.32228651466696
-1.35686329710435	1.10481925280738
-1.23650313517513	0.961458537622776
-1.61737942317356	1.27075276155977
-0.938220199713255	0.691228394070636
-0.798188156796371	0.427271978702677
0.384917628516908	0.180723051520225
-0.560106128042463	0.474925000859984
0.4510544062091	0.463369094235804
0.062563477830292	0.0422088920574188
0.389646127982445	0.39285792296297
-0.0149092469609443	0.0100252061599077
-0.761868697904244	1.06996887120459
-0.810803431193522	1.0138096217809
-0.885340650963385	1.12487459684062
-0.559085223253441	0.355904365034996
-1.19412994488242	1.47906827252126
-0.34162314361284	0.208296045963838
0.393014751682474	0.295395078821898
-0.283097202719677	0.17768474174357
-0.722972676641485	0.638571087923912
-0.680476792995228	0.460428590588877
-0.322245984938792	0.151449804655768
-0.413375506529076	0.182220227675705
0.287974919278044	0.198881057761004
-0.291890723880971	0.182368585290994
0.34607644659847	0.168529811491066
-1.73318808361266	1.4146693467055
0.378501207102157	0.317674141831611
-0.150694669487443	0.124671129086649
0.0317261903116684	0.017995947319907
-0.809139468103952	0.639947558588175
-0.324988770671333	0.151932569984729
-0.805541128281388	0.841085937216611
-0.687086363462973	0.49191083504195
-0.599752483927987	0.43736890105827
-0.554353920667691	0.481975684929459
-0.344932617457479	0.23746647648326
0.00805355355155854	0.00431719153576593
-1.09223206346723	1.36856976735496
-0.903150701015327	0.84245499570328
-0.161837926694675	0.06090852702236
-0.702789772073841	0.577387065373402
-0.942980350854038	0.666955115513628
-0.966931534206802	1.12721023243045
-0.289764346406747	0.188484645252058
-1.46233511538529	1.52361196147658
-0.257582734956174	0.195707464588303
-0.966695057214974	0.614432452222438
0.634495974899609	0.445531315741928
-0.809637206569643	0.836987976903138
-0.610392601131639	0.603697993947011
-0.622544072178535	0.522511139404268
-1.15589405384127	1.30260877213688
-0.631895766740035	0.504693060287423
-0.478920427784667	0.452470541330605
-0.830938300380038	0.866647965550109
-0.204275706560417	0.111114322726964
-0.0393382328848487	0.0188058004058409
-1.29354485117743	1.39963813474715
-0.645320381681655	0.596281142491132
-1.85325463676006	1.2457739210264
-0.414116452224801	0.18062681986679
-0.710829095166548	0.570191140431229
-0.481655784018612	0.461282635362999
-0.473459060405332	0.320699385687955
-0.340524904325161	0.20696437936361
-0.509472611054768	0.268678293107803
