x	y
-0.886976449772711	0.872184261742895
0.108201834883642	0.0999259442353129
-0.206859464259285	0.143467498479915
-0.666985547288626	0.66509179228305
0.0290583567172346	0.0166503002605733
-0.998764455097477	0.529473029392655
-0.538074231292965	0.21601761070454
0.846342929379502	0.577310404815807
-0.419129475376144	0.221532905441342
0.534346980412553	0.313332141160523
-0.0799744760659704	0.0330809511827762
-0.480445148064202	0.322435202498153
-1.18460140150773	1.49124521682018
0.287650262047226	0.191543081588247
-0.687660845023462	0.776635695847153
-0.124696141695743	0.0759573605976604
-0.614108841445698	0.281045281382593
-0.558511153322358	0.365138529836143
-0.200382687757688	0.105013433959666
-2.48758901996217	1.3711115584364
-0.338978536085765	0.206498641068075
-1.09364593132541	1.3560871877881
-0.280830611814559	0.259992927236919
-0.799876692245261	0.679268347564575
-0.322699078622773	0.313755567675863
0.615615951792759	0.727110453825403
-0.755884390280163	0.897296535136149
-0.139318013586821	0.11113489525001
-1.08508448730682	1.15538030547442
-0.478347408289489	0.327588594907737
0.130158378213711	0.0567374185844572
0.434209387294581	0.319017747992287
0.156177740350298	0.112569897878405
0.146521682738399	0.0779905622991745
0.38431245444599	0.17508762342031
-0.719303018929534	0.651633971836168
-0.103069663681318	0.0410892184391855
-0.667880678004439	0.389024594324578
0.132944842022722	0.0494918414519866
-0.0367994556874142	0.0250945384049249
-1.00403205672489	1.60119994284272
-0.375018005242731	0.356688512670535
-0.0658402251154146	0.0407827792020715
-0.329491644918177	0.290944769240091
-0.388083845203359	0.384627676705861
-0.50191619687709	0.556657846563199
-0.320467617734818	0.151291354311241
0.149790957184582	0.0968688727895961
0.0188554922696927	0.0111237255326653
0.889889726319421	0.500230267815998
-0.411527778140547	0.235587304433229
-1.86004168333733	1.13866271058493
-1.17466855164499	0.642661177794247
-0.726627693105596	0.703565398467949
0.389183669396877	0.301383782630527
-0.41150771022444	0.349472892346595
-0.74145491718866	0.774255051901393
-0.68873642867621	0.492131165022046
0.982448291440925	0.801581074000891
0.397656320368796	0.306230882791926
-0.813660338783874	0.744982524406325
0.342898010293145	0.171349746550999
-1.10842163467365	0.76817921303729
-1.29051899429088	0.599302575291521
-0.317775208404275	0.146533086505687
0.0338711136706678	0.020853205289532
-0.166699851636024	0.0613141886044256
0.133170295037261	0.0471660602339594
0.701028802290823	0.464576325482982
0.930508728998032	0.589134654439603
-2.55205908419436	2.48780934594583
0.00444691656841747	0.00248953902614156
0.144535061929836	0.074481778210639
0.150441137717579	0.0819704012182912
-0.410349372842416	0.23272089097291
-0.0333959088314629	0.0227015441002911
-0.290853127813563	0.169602534156313
-0.632177118654822	0.514858586174024
-0.253854857968927	0.195856058213834
0.380717137107134	0.170888762805346
-0.890557363458637	0.902053487936391
0.0129882781550706	0.00686163976361545
0.335166253930322	0.177157077249071
-0.994865097705126	0.509680765352785
0.337519754027266	0.172537348360042
1.23336065508424	0.868167095168477
0.282931915201448	0.195179468539841
-0.805727754653428	0.441494838554339
-0.795831188350362	0.43246223617219
-0.332703436416997	0.269086441043527
-0.129624731454476	0.0774042458384877
-0.151176621109207	0.109889606700449
-0.474283880351818	0.310871812745841
-0.403979824664925	0.176521636526113
0.140963272956902	0.0686935779988136
0.314557829424246	0.193044786347248
-1.23940291159041	0.947429205937502
-0.689755124189266	0.494517123038492
0.803667689179679	0.998338917557471
-0.618020261281057	0.769299762160307
-1.26951235885163	1.19448593376687
0.348826367351586	0.263590813861713
-0.948959894372715	1.59256044700044
0.0767121500688845	0.0581069581810657
0.151111421051899	0.102435505639131
0.0243256046043049	0.0139647025131003
-1.46927301831928	1.24976317169436
-0.621550261712583	0.311118911849645
-0.499603517867837	0.264347926416818
0.590854925427333	0.32068872122329
0.782230133139653	0.473579231445171
0.147298535161635	0.0299064650853773
-0.793852259394928	0.352903252555738
-0.0770906545870936	0.0340982231363655
-1.23538232972004	0.912032408379318
0.349614441354503	0.1802967622363
0.780933363618557	0.475526617729167
-0.408239778081796	0.288940529622071
-0.440892042705679	0.459653280847892
-0.115593226010797	0.105481174055938
-0.158522861901236	0.107971934225659
-0.441692241125268	0.494809419000753
-1.68739866974608	0.950032207650153
0.150575043964835	0.0398742802241122
0.488508870569617	0.298662146820429
0.383747506196633	0.177651306342988
-0.414467829799378	0.240558260329123
-0.464694676269363	0.361401527943851
-0.653083977189277	0.755724911340976
0.157006673919342	0.126255444388615
-2.79351198399678	1.83525086642332
-0.344028987702616	0.190443301119623
-0.965024107008793	1.1444435032194
0.905257609974454	0.962450908788158
-0.679559217924425	0.368478911301401
0.322087900900833	0.168901130943275
-0.365105053864965	0.305944584140792
-2.086380304582	1.0034842068174
-1.11235675749029	0.707106377670444
-1.29447927174995	0.600956618768176
-0.414467829799378	0.240558260329123
-1.8390728329627	0.787375095703056
0.766905383797894	0.580748439736613
-1.10960688937236	1.01543376199064
0.146521682738399	0.0779905622991745
0.281441752135316	0.192146618309501
-0.410738747780985	0.223872410235639
0.158352239328072	0.0899453850482967
-0.419898445134038	0.230703448807832
0.0418040716874827	0.0251209284382676
0.286177003171004	0.196919153268063
-1.2296898512094	1.4578744910106
-0.458054000699857	0.593130675188497
-0.519594772362693	0.384010236757005
-0.288690913419924	0.185066896297966
0.344859091554111	0.170987112088486
0.125483153261583	0.0427066360609912
-0.257350652895585	0.129509634055293
-0.740078450848074	0.264308426502421
-0.412634832847966	0.182155909112211
-0.206985880650028	0.108870156033339
0.154220623430972	0.0943364498572287
-0.539996431054452	0.511209040782085
-0.424850986085997	0.437189590468519
0.317691478728211	0.190852320875381
-0.26526809812494	0.225852896750395
-0.201117060059241	0.112164549519536
0.430634616284559	0.180338254051688
-0.154006098188086	0.0851171513010216
0.0663405768660572	0.0439714034774672
-0.000670867711224946	0.000208586938110856
-0.144736265306807	0.101270907570237
0.0743944652284445	0.076010371324228
0.290386931825892	0.297009931096077
-0.0611618434236725	0.040468997592342
-0.962175239266555	1.64991291966089
-0.362931821655016	0.499327507630179
0.230960420939661	0.218929178366002
-0.404867937330664	0.331002517603535
0.892011757377838	0.754655157173776
-0.0152577202564836	0.00771966871866461
0.890818814789462	0.501768827727232
0.067102909904638	0.0410820100009839
1.09307441227085	0.822645406685282
0.669173525139824	0.302544452361847
0.696546076808384	0.427935891342427
0.31511463230747	0.187893454233872
0.532465295665749	0.305109411349931
1.06890945661333	0.672702047932269
0.290381859993189	0.181893765445938
-0.110760351173576	0.0807213362892625
0.472066281992346	0.489457261211016
-0.369282872523767	0.330433838517991
0.0531187379172577	0.0481449258571546
-0.40804988619235	0.60981551711821
0.0825493874675001	0.0804741639898533
-0.210427882399789	0.206396961125741
-0.441902535844732	0.520321148095919
0.0117096483932754	0.00618741626664397
0.691064013134474	0.406026695097731
0.53692809739752	0.303760635639663
-0.323021054222957	0.146506287059535
-0.78275565804705	0.360636315462875
-0.479784106170561	0.312944636250387
-1.49914732120512	0.777634427020144
-0.543884468188864	0.759402029865521
-0.86021264576583	1.32844611781294
-1.48212096998315	1.0314188532149
0.356972417799859	0.29996293043013
0.329378098963096	0.285948230791047
-0.312566936125386	0.287216061955895
-0.942090392050585	0.676470833499564
0.389636164747446	0.312137038281285
-0.291648147378641	0.287800784315303
-0.0808967301793628	0.0351391099382366
-0.216452607271845	0.148561135704536
-0.74325556589109	0.266496707150431
-0.195816739920082	0.100407701447185
-0.265053165960154	0.226197553405083
-0.527778154366961	0.486541409493576
-0.534729699344424	0.565550387535843
0.0213286874400681	0.0161369020855872
0.518719383595114	0.433273774463559
-1.834501892558	2.50586022787642
-0.273190364529231	0.227949174434833
-0.166128486150712	0.135581179625648
0.141632628922145	0.0748607896559724
0.00163713003061089	0.000848889958230913
-0.663201332748583	0.411317649981196
-0.803298688677027	0.436980767546507
-0.0764377040062844	0.0338539712877606
-2.24559608734465	1.8375662285301
1.0175604726396	0.931756586616845
-0.911356755102047	0.760268153750783
-0.777838469661249	0.344389685736099
-0.1386429019858	0.101378222605044
0.51172978315512	0.508662796323275
0.532172752138096	0.302390608524859
-0.743963607508054	0.835940219668059
-0.351814918962561	0.25299931885521
-0.619456392965523	0.306385186415905
-0.0141810688205248	0.00739397283100972
-0.103650131030466	0.0646897352242342
0.160582090462631	0.0900904528226127
-0.038394362728722	0.0256344598077359
0.0382870792811472	0.0347081627704832
0.0225707643714913	0.0216482610093775
0.250893353811815	0.219261894258051
0.130841754649635	0.140703253765868
-0.236103010761465	0.271591517498661
-0.661099431068279	0.986525939223087
0.457362708109549	0.424620043947355
0.497932783304483	0.3127681255378
-0.0722312022121169	0.0468531377674942
-0.236821861803662	0.079016271497548
-0.113115695147344	0.0453540875026541
-2.64773166134538	1.66813646326547
0.125184966050881	0.0524171629078825
0.00444691656841747	0.00248953902614156
-1.44894874804326	1.501569558936
0.157488104135662	0.0870643985872151
-0.516930312169137	0.667551919610756
-0.326698035140665	0.313135487188371
-0.229687862839728	0.225490356852675
-0.0178244491721012	0.0178510691715367
-0.134737875683348	0.170513621041386
-0.239102365176267	0.28678368384235
-0.0430149800673537	0.0284387050055141
-0.329886154263683	0.394891397044378
-0.173529079601621	0.156365940759521
-1.27975648012912	1.14225075574143
0.384917628516908	0.180723051520225
0.145423435399313	0.0611117436564932
-0.0783475937186482	0.0334005767913696
0.137032484376872	0.0406156069033161
0.139168000229841	0.0433817694656445
-0.49327543694981	0.242001167393143
-0.62751818073976	0.291690644369623
0.141301354602922	0.0439626882643758
-1.43503164206151	2.57647851251838
-0.814932254440345	1.18721848888133
0.217302658993745	0.273545091964461
-0.21124713089553	0.220562307793793
0.291814468938802	0.178060412318266
-0.768012167538157	0.958055666212945
-0.766612132222898	1.0430170510414
0.15564869652081	0.118693540160536
-1.27170087182373	1.18718992172768
-0.24533105365362	0.18649333650506
-0.117229015493022	0.105724131183267
-1.686773053222	0.982632932651661
-1.34101516069826	0.843998270423988
-0.995727624168847	0.515543120569999
-0.777304062163685	0.335334748628012
-1.53342097681294	0.552979410527908
-0.453395579586071	0.405999473803139
-1.11849543295591	0.995627775497138
0.25714614264261	0.206171217543464
0.490502145305885	0.563242931389298
-0.690791434944215	1.00510945367493
0.0544094845640643	0.0481261951201037
-0.298723418927975	0.299925522698703
0.477811964059312	0.401680228652296
0.279172928144034	0.302534661713134
-0.284118779148298	0.300285340699299
0.622971676084623	0.551325974103976
0.0796323547616	0.0625641149309993
-0.687677834974981	0.463828422702349
-0.19440715108804	0.125937035172389
0.140949517759276	0.0600103379444403
-0.263716170199287	0.130569805981921
0.141345879979211	0.0425641836366328
-0.408844840646204	0.179390817300938
0.328127407007289	0.184351891214059
-0.011651948614393	0.00604513081624292
0.34195692464433	0.170562940174946
0.420061275348584	0.411252994411348
0.171292838162836	0.149683400217239
-0.897362765466661	0.899866208080754
0.666534750366748	0.743229597241458
-0.281662788117547	0.176925290001901
-0.328922955944686	0.145752897850639
1.75325133037449	1.30990240008391
0.533721638391537	0.301761891890518
-0.664389822209136	0.66849563871983
-0.44348190199114	0.470784160491176
-0.451763284825005	0.559803228902383
-0.567545643120903	0.832019930233712
0.168119775173775	0.141038445468857
-0.464826896138857	0.711448653744039
0.132207727783401	0.155529205926381
0.0136196791551811	0.0117745934612421
0.157556802233243	0.126449860397186
0.0573044951728085	0.0391153184036458
1.52587959023604	1.24016304351257
-0.746356613660589	0.273282091273725
0.433747944643307	0.182639665997951
1.56015095855892	0.795676917498899
0.134240095409022	0.0596930019145368
-0.018810381965758	0.00858404087064482
-0.107367365954032	0.0441482405081564
-0.165446184438452	0.0608324769381416
-0.0722211965045004	0.0636286833866017
-0.407113036376357	0.453320590700615
-0.415994658664521	0.455360540851294
-0.807549935231127	1.90027293258004
0.35594392361038	0.474894941993371
-0.0183775612847206	0.020051344170547
0.48200808194943	0.57495125668302
-0.656400326950069	0.367003003897
-0.682590077161763	0.93183803173707
-0.335822580336726	0.336723331815948
-0.19838373196457	0.107920719055338
-0.695390056048053	0.452468771942575
1.30634478564301	0.584947989934065
0.93640634666493	0.254775499038721
-0.240810911572159	0.080438007970935
0.504278786053265	0.178662339023876
-0.742214024546646	0.265076593943061
-1.52930838704928	0.565957082481742
-0.538249980580552	0.210817951486894
-0.620856830112681	0.310032209374323
-0.106823090562254	0.0420199013214667
-1.28573278864157	0.575776639510656
-0.740078450848074	0.264308426502421
-2.25750363990733	1.71323774647579
-0.782696943208886	0.349945030891566
-0.618270975059636	0.969691652168984
0.476510397569399	0.565187161098797
-0.468474351857231	0.586458298709909
-0.161269003486659	0.190274868978725
0.774626195509485	0.613495777356519
-0.338661576366147	0.353545156610527
-0.110157441521634	0.0894181058505198
0.335849953238048	0.311042858254662
1.3943789926262	1.75128055343086
0.165460149999808	0.123270417007132
-0.370467853744729	0.358486877973621
-0.0424830815984511	0.0200070540431471
-1.36156733389622	1.39490487981817
-0.643714364473613	0.160090454835933
0.894502964196113	0.467553423042534
-0.655383395372188	0.379219532026291
-0.371315362999218	0.297799223718313
-0.622829227742564	0.3033656855359
0.1431789194402	0.0796713841977182
0.439925503026318	0.416369040994558
0.169917155045881	0.157723787225226
-0.259960063989842	0.269063035486257
-0.280013711504581	0.278364449983608
0.152190290823527	0.118189077409285
-0.129350041120006	0.0984951652047084
-0.318311693486704	0.315310592913706
-0.5190447483483	0.59113227788495
0.633608891384953	0.564379423230652
-0.121222067067496	0.0658041698067168
0.0173545270788491	0.0100343067687961
0.293576334079884	0.188547194111002
0.145960974903005	0.0819464740109187
0.673408476390572	0.596959853391588
-0.224775576729508	0.17557779806084
0.134667946192871	0.0653953793596159
-0.140806092967473	0.0985674184784689
0.963373110612251	1.28571026910841
0.263667033067485	0.193877654335154
-0.535139028571308	0.582233017218249
0.00390376756081225	0.00219833653712709
0.148697606131744	0.0900881050948314
-0.596099106087948	0.439509451081913
-0.654368976330292	0.729348159622995
0.885446615695734	1.09803044355277
0.0162261981102749	0.0116331332381947
-0.58241522775897	0.687191904054264
0.544092686857599	0.686917071897699
-0.717126027510072	0.649995081311927
-0.408263419889269	0.451155367335996
-0.0415205900653879	0.0327414163601626
-0.177010183056565	0.144323560607719
-0.337031642239964	0.361745096670129
-0.974655497363576	1.03647369143629
-0.377060390153289	0.341785021556699
-0.418204672371543	0.241252198850059
-0.124868818818668	0.0752855035053463
-0.656934534669683	0.372782908444496
-0.692962317245537	0.482003540184567
0.246987500367556	0.211771179643323
1.21166083459842	1.31207354489846
-0.562684076557349	0.560436443932322
-0.0942410770265134	0.0823501210913604
0.246598486818848	0.211393027211023
0.739879856348441	0.960887854786642
0.0908075898169343	0.0742860555504783
-0.315587810219187	0.337211859822148
-0.0322882118751833	0.0263973962413526
0.299127189389611	0.28719054816061
-0.0479480879555396	0.0312860597251473
-0.191008428766377	0.15036242171148
-0.254038267457378	0.221373195383564
-0.111722054961969	0.078837534794955
-0.605619090183142	0.610377405668554
0.777442333600754	0.467282440565398
0.528650259396327	0.294750158252678
1.94620649976669	1.23628346988152
-0.255540528747243	0.127160124369566
1.23405853325051	0.84703458211232
-0.068499714954297	0.0308801930553235
-0.0713763068435913	0.0321654163649073
-0.969255960689625	0.588320087157007
0.941811698629808	0.642614326143338
0.990821919907597	0.789483530178506
1.06616211574948	0.625382503415306
0.282223147787925	0.187084196669407
-1.56913520407514	1.50523337989427
-0.133759794408143	0.0793143194185585
-0.817916929658943	0.518139374631288
-0.418789132991707	0.471513220024022
-0.192227490292008	0.157274200279513
0.157390365278104	0.126506735533978
0.012119955602102	0.00961677193791041
-0.973731095365739	1.03461385031281
-0.161599979605595	0.112331423653365
0.0366479870551156	0.0226935232427332
-0.514466939754772	0.418602779656989
-0.35956875854051	0.297969037331495
-0.471939215554801	0.426076737140031
-0.264459088468132	0.225896493503115
-0.0408273413857952	0.0276862197816155
-1.05729007967189	0.853215088583615
-1.62029363403012	1.84882036048406
-0.0449857348128377	0.0212630054017258
-1.11440669720491	0.765292285205779
-0.142057709712412	0.116590509988246
-1.49544519072784	1.01942379022277
0.346296195789679	0.299777093104402
0.475461648944383	0.427308127201734
-0.723340668241779	0.712788748210619
-0.281929447348066	0.20808700621828
0.421575314431929	0.280585990372388
1.13848586015558	1.46828024311138
-0.0556760036013449	0.0352371341589765
0.630468098340361	0.574244280881096
0.169565455510116	0.110747362964868
0.136217609113947	0.0658769442909284
0.290369412862982	0.182979714165056
0.553387463461293	0.441982575314887
0.264584526495625	0.207893625081137
0.460498179024451	0.305641792971953
1.01121627015902	0.938040460743482
0.403448322898712	0.311707050331864
0.713045034476685	0.633659505437954
0.484235402536715	0.507485972183241
-0.0338778661562812	0.0227542473891501
-0.441839996911832	0.421495125862301
-0.346664471554735	0.207727270963237
-0.708780781257342	0.559211282564133
0.0681546731656484	0.0480082247794918
0.149164775504505	0.102820610197512
-0.29483151242436	0.286819796672206
0.0127063980788448	0.00676765492499578
-0.935189164058022	0.669542449511375
0.482274040491802	0.43037307333598
0.179560598011027	0.149294464430132
-0.972506734839662	1.04858183844262
0.0463637245751498	0.0292457834710629
0.154980514839768	0.101133988901622
-0.16169782541163	0.106454485802556
-0.0797770680065933	0.0503681203827384
0.239082857862157	0.222845799542484
-0.283579287087027	0.177879972012392
0.653912841346214	0.441304411754293
-0.0761090590735538	0.048890873426245
-0.313514519470947	0.237790392318733
-0.60635799082909	0.618240362815035
-0.174721930789648	0.122423065860853
-0.269347782080724	0.200988576368379
-0.802461354296761	0.834203374124748
0.268031344173035	0.183990758903819
0.536319945959318	0.312385290710734
-0.553781672823779	0.478287243909238
0.65952852353842	0.662979863061436
-0.330951987618804	0.274962502889336
-0.174514990226634	0.144623149293879
1.42940564044949	1.59646688209187
-0.117802860212604	0.0979028373808684
-0.999744361655975	1.34642046933227
0.722315723417421	0.690158094472947
-0.120452026656158	0.0732135496351222
-0.102172764752336	0.0644588702298579
0.147091544680856	0.0895160610051159
0.295196480150841	0.172111562649206
0.0102949967345926	0.00561044273889225
1.07297002917084	0.666106970803866
0.381534435027741	0.175006940382303
-1.10719339801243	0.960177819922865
-1.34271278548279	0.75312075236709
0.162236383260657	0.0974529521688171
0.135897478245551	0.0698618152314156
0.162781085672245	0.109636621393902
-0.912105124018334	0.758820081775087
-0.288595032865563	0.182085088508492
-0.809238584565532	0.635825751379727
-0.158995396308583	0.112692627628489
-0.759667406663803	0.888779016879051
-0.463731369386411	0.399996817172451
-0.520831339275037	0.38762094359513
0.357688284589141	0.305616826641965
0.355910797821276	0.31010742432813
0.053381313193003	0.0345757863250785
-0.253659416385327	0.127629307181453
0.347514581402453	0.274232643623344
0.160524505077355	0.106151280384196
-0.407055811360029	0.368789074588139
0.354987845691056	0.302592108806534
-0.412109910100291	0.336070048973273
-0.409977689500736	0.227539471386993
1.98947755605887	2.33986272312742
-0.803577871876525	0.756250750989975
-0.278180869769288	0.16902449664944
-0.0668752315378012	0.0522290141568006
-0.182087227386766	0.128178559050371
-0.608784164379006	0.616994657113269
-0.236117402202608	0.150877016466298
0.144038795650826	0.0693092744727144
0.676252612838949	0.328924572890769
-2.48330843767024	1.4366559741115
0.13496858485838	0.0418758500593107
-0.476527550837924	0.320086532440156
0.692650810479641	0.445875636668419
-0.316864904244562	0.147388166941971
-0.410558304074756	0.17853301029646
0.138779808751349	0.0688678061642725
1.06366183450305	0.624907710461513
-0.208599957134645	0.14331006289588
-0.64799963442498	0.604903479031216
-0.0941684396768118	0.0589894258652011
0.150847262394092	0.101431159249865
0.409409719667354	0.392541939795242
-0.46395812290148	0.365397699121435
-0.451723537747012	0.406511707917473
0.816344997746928	0.997464657779989
-0.286987181749791	0.211199724274969
1.21088131759872	1.22701529129494
0.788121885427485	0.963466140625748
0.271447014357493	0.189406898193819
0.265985481824372	0.206604065167621
-0.285569217972069	0.213490046421166
-0.205701594526296	0.111567775293607
0.150244038560091	0.0901443037173467
-0.0222635693580828	0.0156472057407791
-0.23781827160113	0.0791998782498475
-0.615233986484076	0.297578487016732
1.94748056747918	1.19895939104393
-0.0308009814327213	0.020548177632363
-0.415355538972897	0.290952125173937
-0.0290044791415412	0.0196935365292437
-0.240243787190347	0.187095654573362
0.0371487342784062	0.0231272640067076
0.154527041109421	0.090231782523981
-0.516579781281697	0.532104389577772
-0.11206779511065	0.0945206627889304
-0.0697326745329008	0.0597799293979157
-1.00319921739489	1.28601596515451
-0.28577988114379	0.178962811578216
0.160406257395612	0.0988290223180436
-0.712346917877676	0.567761360318911
-0.421709871843147	0.238708938936295
0.292777403522226	0.196033848733236
0.714526266868148	0.588093331593912
0.0895017784671529	0.0752978298858251
0.0571395784048656	0.0393715110938663
-0.20197831462729	0.135727870297087
0.773910939471184	0.967913595632464
-0.0894886130370318	0.0688808357084289
-0.0391298251889941	0.0246207005686377
0.77923222175919	0.720460641647646
1.75347233343633	1.64406931065522
0.0224422526106025	0.01240547893363
-0.457546723963179	0.353032662094074
0.31005066523164	0.194287614946027
0.159203657985656	0.0890947266516215
-0.246856253851304	0.165928866878567
-0.119731856249346	0.0862614756810714
-0.203696575677267	0.139144655502008
-0.355313969909845	0.253274506453348
-0.273536697405255	0.208461445134884
0.328127407007289	0.184351891214059
-0.0751856631912145	0.0334872438568193
1.09108994702867	0.812437880905709
-0.309974178722918	0.221321994502879
-0.812029263522874	0.848244906153924
-0.40297515970841	0.325650020934175
0.432897573767267	0.386856067387277
0.8721005316376	0.909981967698549
-0.197382570969009	0.107511030227767
-0.711763981607827	0.577025463288054
1.9559592343145	1.12290579497957
0.274535260850345	0.195247147359864
-0.217539349488377	0.169221324871959
-0.734105688988421	0.750618442694211
-0.310817633546592	0.235647780607161
0.0161445495512768	0.00834143690141688
0.152102521089568	0.0794442977541171
1.95410139222743	1.26601505452128
-0.158338350181924	0.0584174913036698
0.506342768935983	0.185936116630899
0.139031688439482	0.0551553886440224
0.890818814789462	0.501768827727232
0.132574631061723	0.0528388050181693
0.504239368729425	0.179923954923252
0.379665372696353	0.172144767138991
-0.462730959545433	0.366887219823298
0.430104728063448	0.303787400201801
0.393980572711741	0.308050659954148
0.465404267349704	0.305653644506904
0.379434846946772	0.317905293525411
0.820779089192474	0.863011684455305
0.089813502812112	0.0699576907810183
-0.140517546270552	0.118803064319004
0.58030890272794	0.570141337108767
0.165583585515476	0.128136578337805
-0.771729316026844	0.965476145295196
-1.05169852963519	1.20362097325626
0.434651895338103	0.413846636334265
0.435182966963117	0.320927443515191
1.51381710160617	1.1932593800239
0.31133585362303	0.157294123344055
-0.0901955423554652	0.0540684187374201
0.135962577881537	0.0469477306529536
-1.23911154115682	0.904820565644077
0.0207944502418978	0.0114007659503709
-0.0758995600728708	0.0496285609733666
-0.0207783673088379	0.0146349668194914
1.12966347777714	1.3165554152722
-0.567517677259656	0.572760606225956
-0.0458505260847938	0.0301430718974493
-0.165420585643325	0.0932019310293495
-0.734825839677921	0.739535019219605
0.00796019769259017	0.00435456226132717
-0.414744005453395	0.322302029612551
-0.323337372849123	0.230917220074481
0.482826149836882	0.500271102944995
-0.417091714568026	0.368708834181521
0.308589127317995	0.301173253893581
0.593342846993312	0.312620812026756
-0.963820936752751	0.561328234836671
0.760542684407828	0.667807543275036
-0.0700749865598544	0.0315942586245946
-0.356903296714039	0.254994399605224
0.0256789287982325	0.0142351476822849
-0.227962690049806	0.173810192736729
-0.487996548425263	0.627654498232669
-0.15585504718451	0.0889939592518725
0.705501452404963	0.443866994964136
0.271804773015961	0.196016408145116
-0.420264421086822	0.264337863413766
0.266331679663022	0.201410386920246
0.145372186401401	0.0733548667549132
1.22518986065522	1.27281872029283
1.41447805739798	1.50541461895959
-0.117778712872015	0.0820618669039062
-0.0743887591039419	0.0484570956654301
-0.44399537385167	0.389799355827114
0.162380026030444	0.119783211220973
-0.173551607750805	0.0590077041734321
-0.07900209105057	0.0334036616902895
-0.115791052769741	0.0877744145657045
-0.302571096134535	0.253942002770964
-0.249447691536506	0.187658963327836
-0.357717795800517	0.263287218067616
0.85671437376615	0.976031848724386
-0.467372793611469	0.308550298468753
-0.52694136218795	0.404562897328528
-0.214183370617781	0.147785553535656
0.0572906878967802	0.0387888058043299
-0.606957283902711	0.614783155361003
-0.80978793516775	0.629753084934878
-1.17632181906618	0.652664943654608
-0.23866359359719	0.0812703616337143
0.426141681962486	0.176913371470762
0.674861872999053	0.330183863567836
-1.7359470130385	1.47181868923199
0.67748839425936	0.323557434297496
-0.640051550461191	0.165024385486426
0.675601669243791	0.331218389647436
0.333996428259209	0.300720883227197
1.12875405281499	1.11364561578221
0.270968220410148	0.211418496525488
0.520937130632176	0.43603744633397
-0.115142413836142	0.0855180242066106
-0.246881223863654	0.15688620459687
0.672379680902342	0.584766273956952
-0.211778513630282	0.169633157103726
0.0435214319836689	0.0284359027864293
0.747568125099999	0.879371647449938
-0.527712083771866	0.497601790964436
0.168240584924971	0.132140858944337
0.0800731658675235	0.0626849237067203
0.846101841232695	0.71548009628898
-0.159531467798495	0.0934053437778059
-0.293072715357286	0.189842982755402
-1.94598183659021	1.75983700635598
0.137853002565412	0.0545076249019817
0.379198629409214	0.174728040186776
-1.23177956200538	0.899797083354434
-0.814079191685086	0.837822107077783
-0.359386108673371	0.293721098474989
0.696068212266145	0.763684728473486
0.44430247905388	0.480560629740737
-0.44576742139138	0.385445841435449
-0.173462665910817	0.12184493238047
-0.378411940896674	0.342948829490481
-0.243130855416913	0.214316513619436
0.63194732010317	0.650059062110913
0.407116709612784	0.303136420206956
-0.703368551043309	0.545349968302172
-0.623430256487025	0.527999129923459
-0.320467617734818	0.151291354311241
-0.994240299972701	0.520040244943026
-0.190818165251908	0.150570162646556
-0.41864510546357	0.310582554855361
0.0176053984931616	0.0100720441478463
-1.5388070343241	1.77703629484908
-0.808940122056546	1.09891602512976
0.0836823436686699	0.0667329043336509
-0.444777851818839	0.421269374438275
-0.11657579544667	0.0685555611036433
-1.06097253153868	0.849461598271536
0.310912090833327	0.183687961327106
-0.106798843877824	0.0585799544376615
0.14738237891613	0.0844492199431653
-0.159228445702833	0.0870283500444312
-0.647439401341368	0.598328150119066
0.546525387228921	0.522654165396247
0.142839458285521	0.0666151036459813
-0.15351304004387	0.111898697545847
-0.81638864919501	0.529704822926117
-0.811980607323857	0.82012704118518
-0.380551065768942	0.335507687002655
-0.241837150925574	0.190597882734833
-0.0794015060555701	0.0497651450136494
-0.204126173199851	0.109346432363112
0.359277237323202	0.301340888774988
0.633117004412466	0.567924138547089
0.465383177749555	0.403677559684808
-0.362959493531478	0.264103400934693
0.475521232265424	0.40671137993404
1.01648240084804	0.954531743010021
0.376909255253551	0.311305767591788
-0.686596835227509	0.468512289520679
-1.1537202885821	1.73137849229858
-0.525487825901443	0.400102184667707
-0.0197266583604529	0.0136180346149771
-0.353439095441998	0.258817976592073
0.145750190682706	0.0987390589702833
-0.970190896865671	0.602931281853728
-1.51615630342125	0.753196923060088
0.938874129825593	0.237667219783458
-1.05155207424783	0.420495589182693
0.328880383504098	0.181018099791348
-0.252385453387984	0.124552305463937
-0.807040044321546	0.53133593506228
0.428312840150197	0.179225286992604
0.0755578559322386	0.0550485928629955
0.166380731913727	0.110166794516602
0.278569626142864	0.207825623082858
0.164407864773293	0.128607790685297
0.379375666890447	0.386560064482916
0.0537825116613711	0.0364900492396417
0.553946460419432	0.45022857359862
-0.375183393414386	0.41810764009581
0.412217222160349	0.396926447705042
-0.567015811055875	0.574744955805915
-0.607541804760294	0.616185017333505
-0.372712762244676	0.33969016852557
0.155716808837504	0.125989988218299
-0.560095078276966	0.48344518456106
-0.117854430401347	0.100020870504519
-0.582064443567134	0.548673174198594
-0.344100936952711	0.213770199529974
-1.27032034958125	1.21610324665096
-0.461067059047664	0.399218503090673
-0.0393382328848487	0.0188058004058409
-0.548245909336587	0.458932870883276
-0.803643569195647	0.530156157090316
-0.140428221085569	0.118414990363078
0.53185588764519	0.673661095669256
0.106427160598319	0.0914228967391908
0.173147350278949	0.146984084361135
-0.818089616504982	0.996328079518065
-0.222738566698785	0.170988934499725
-0.601961898693581	0.597873139287637
-0.0785724106081744	0.0609053986149425
0.475404666069741	0.566477216344123
0.262553174943787	0.214165120766243
-0.101479225006613	0.0619643291280057
-0.214426315856933	0.145117587725489
-0.245795978960699	0.212116972029229
0.405193636690355	0.293918103136051
-0.417045775998215	0.232409930465795
-0.280186948512295	0.205032019428725
-0.338709412985172	0.270921336445408
0.0722700817870744	0.0538119037044879
-0.0674265528397428	0.0499321471804866
-0.158908250406362	0.118506938467422
0.607711311109794	0.410708157615677
0.604833164668065	0.702982201351722
0.770183048762976	0.73931119664942
0.158975464567316	0.0794807663503987
-0.476527550837924	0.320086532440156
0.272352806152098	0.206242880553528
0.270448701893296	0.201135780923009
0.0865478905045924	0.0642638763365682
-0.252807976493575	0.126143353304114
-0.584456724864614	0.622502487536027
-0.381469254732597	0.348252904376897
1.39182403922153	1.06425847440415
-0.341766658903277	0.313098549173662
0.0344098088843164	0.0213517378185394
-0.525967881649495	0.405767811503556
0.163627506631691	0.102967960963292
-0.237567853978642	0.177930476203384
0.164683123885229	0.12771505625595
0.0240223321112417	0.0134576753097925
-0.208381056837741	0.140272531974079
0.256998202235477	0.218638304800637
-0.0518299796379277	0.0344735056352531
-0.144240379752717	0.102008206725587
0.167013605015357	0.130667730419447
-0.23644979248657	0.20149968027606
0.15869489808768	0.105232779642596
-0.539969439740418	0.599740491051933
-0.0935957396417869	0.0575899126858394
-1.46343456029598	1.21032347442067
-0.800694370825843	0.456585474650706
0.141345879979211	0.0425641836366328
-0.112290170395549	0.0468012113249199
0.68057329033871	0.328859527977486
0.133493902760053	0.0468914742396047
0.652744579969079	0.217901190867539
-0.159981968326729	0.0583658160597694
0.843860973237224	0.600783155079163
0.791688900718527	0.431455401177042
-0.351811425681309	0.252995879638378
1.51929784223846	1.75271427476561
0.157624508560859	0.118142422474218
-0.536791067533167	0.512287565176309
-0.810643935343049	0.845226848038668
-0.953221719195743	1.09393860039189
-0.136772108552883	0.101175927752987
0.236708268267853	0.212582310761685
0.0651000067782818	0.0459790333635562
0.264195374568272	0.198157375454199
0.341096249431157	0.298938568080275
-0.0854728186933064	0.0667878470596627
0.371989731911764	0.393020369490292
0.00659564917497515	0.00491587890645629
0.833813887986886	0.761512517859769
0.156617140216293	0.0979123251778994
-0.644037852802009	0.561797475231226
-0.550427288689963	0.600944898425739
-0.044817426387292	0.0214437043346172
-0.357923143617536	0.2588484194092
0.841276419594156	0.610501880063378
-1.11703084417896	1.07752605265174
-0.00929232665001	0.00665736156358687
-0.0168211511564324	0.0140408722424785
1.01462625847699	1.32879444187611
-0.0212663497279001	0.0148865290975421
-0.047087615048633	0.0320213816395247
-0.305058369776983	0.224070563728384
0.566426129332787	0.737824644566224
0.63598070089646	0.845094534274064
0.325212106478988	0.29574060462978
-0.14185397509727	0.131059427185645
0.281840541917119	0.200631684586519
-0.0820953398672057	0.0511704295141142
-0.443310102545066	0.39077058286478
-0.412548730518297	0.233224839550105
-1.01325374046403	0.909043491038529
-0.554714678731611	0.452491118922553
0.161098202638515	0.141182247692734
-1.15646818879952	1.26591097462759
-0.106812623500238	0.0798937507447641
0.158402988274621	0.125520766093798
0.0497107922535274	0.032962956877691
-0.623809099155284	0.512730816965221
0.15525146511119	0.10520330076736
-0.156843051377649	0.0893415242788505
0.769616768198436	0.918382572494487
-0.40652438029123	0.334510224094303
0.0421163776552968	0.0271496913982801
-0.209446453625801	0.142363463251693
0.158448320714813	0.0973504943466934
-0.272142481776168	0.204926283945563
-0.0557600891818145	0.0365731875167407
0.0275927307195345	0.0159700029002658
0.0938778004612303	0.0764909066198465
0.307880264421541	0.193832460901326
0.332457719248934	0.308358456649111
0.395741023805798	0.393526390529509
0.166060116191403	0.131408496368419
-0.71340099602523	0.643208151393668
0.165166616771842	0.105731877437471
-0.0510880639997846	0.0332609047091288
0.146653940512463	0.0926341862150816
-0.0970970242595528	0.0591776800634002
-0.884247253797178	1.0088102218487
-0.720079133888861	0.685728041476162
-0.410039897788927	0.405451894897547
0.0260482783308927	0.0203554491510317
-0.0495804920317177	0.0386584216513682
-0.875207063315845	1.02679085929606
-0.155065880256234	0.112389719674396
0.149371510000023	0.0780346377086225
-0.476808911096771	0.485100482277343
-0.809748931160013	0.54592426547005
-0.788418523814027	0.367859720616813
-0.259222952574357	0.126843110858861
0.590208480209874	0.436069630487067
-0.478453915842045	0.325330536984642
0.13496858485838	0.0418758500593107
-0.547830607609313	0.207489563069293
-1.11501192009647	0.767084382818898
0.720246812413049	0.595314936464943
-0.335326394054428	0.196060917611747
0.289396072220779	0.196344669650274
0.727336859376983	0.727013396469286
0.492065555072181	0.52649324236409
0.285652797256399	0.19665245021831
0.157804916255686	0.117231137415809
0.323621863111636	0.3086203156053
-0.292965989258114	0.275140557680253
-0.485189834423414	0.504295365805837
0.0841865738697349	0.0680089684141331
-1.03080054383902	0.882353549693621
-0.41399061878533	0.376935862760335
0.236623319059093	0.196712587446199
-0.831819052807182	1.12106496184653
-0.0208849524157675	0.0144482830770373
0.036263796773534	0.0217694868788833
-0.355807530130984	0.283842088644976
0.815321429764172	0.862090469918275
-0.554353920667691	0.481975684929459
0.491559253184343	0.505556668914
-1.7516917446976	1.25440541471352
0.386965815030255	0.388109819833803
0.0744863006070603	0.0575400272131455
1.07594693056999	1.46126741465464
0.50704803531883	0.433981121216476
-0.0220127130355712	0.0152705054674077
0.0771337778585552	0.0594683582705246
-0.0968607880472047	0.0608888498723909
-0.415067984741378	0.396332215924756
-0.0730979097859576	0.0457901638999376
-0.667045906476074	0.658856604853879
-0.723801429807331	0.713648791204449
1.13659454955026	1.48444774982429
-0.105622926733872	0.0789954822509126
0.596390895411472	0.755143681655714
0.339574695397551	0.307921513117412
0.086002559187804	0.061680252002759
-0.485082884897559	0.316457428162606
0.0298357510431789	0.0183105181274034
0.246744232772594	0.22347780147193
-0.292531438240634	0.18972536453908
-1.1829588012176	0.939023090045693
-0.315462260171354	0.239440074191019
-0.202270502774129	0.111222147913452
-0.232035203942027	0.177193020492074
0.155404060095184	0.088424921241056
-0.0966681532641481	0.0607513332422542
-0.0688103569969583	0.0309402095996667
0.164489892447728	0.118457032342563
-0.0346342606158115	0.0163286883267507
0.0048936143053537	0.00274157537122439
-0.418796668762777	0.24199484853759
-0.936204876928796	0.672109348028099
-0.0473296853090931	0.0209068350466899
-0.00171936251889001	0.000732563842902729
-0.242046826664059	0.161797530529944
0.0160265833712759	0.00916658954298976
-0.165837131850603	0.0935853662038373
-0.367871626681468	0.306961371909159
0.156840700333079	0.111207258882189
-0.069775593432817	0.0309644921575486
-0.291298302404445	0.187166164277796
-0.651124249047525	0.598496201857275
0.401422488654508	0.295270879343742
0.454540668062407	0.422796214663174
0.23230714802025	0.209626501395348
-0.177094916738519	0.125903035905866
0.0326944185198079	0.0200219033044508
-0.655437154776107	0.629074304386262
-0.0700712513391234	0.0440695170397173
-0.0820072767171773	0.050907904201726
-0.0831183207204086	0.0534504786688858
-0.638454792127992	0.729429815997305
0.502207617478653	0.429937462485053
0.950121559671999	0.869564614768186
-0.204701706901494	0.11126525277876
-0.624455854892061	0.301804056089705
-0.0126637563649301	0.00654026014141676
-0.202866858972214	0.135701810075753
-0.798999843346266	0.427351611574477
1.11286933304122	0.984859336642417
0.950534665620848	0.626246278847583
-1.84843419647848	1.11458259606961
0.328326802891767	0.185264266083153
-0.245942104221883	0.15898753768458
-0.918811013083822	0.810494780418257
-0.363689362520151	0.303569614116133
0.16930122305202	0.12339429920934
1.11707678302373	1.16241447408269
0.48906365055314	0.56804107305699
0.764223576757962	1.05779012542791
-0.179242818528181	0.159816913544646
-0.0894853888626163	0.0758027461716846
0.170795192512055	0.140276762964457
-0.11524285086787	0.066561252294475
-0.112169977971458	0.0833864484541899
-0.340950489912458	0.3071882979217
0.54310271525149	0.602956574375331
-0.359625772912907	0.343439439501573
-0.810297869729798	1.07145278410783
-0.2996884938121	0.300480696816279
-0.053733333443849	0.0483021220787298
-0.0897320376634123	0.0769105299778959
0.867156053857739	1.27129785112502
-0.536786918642847	0.567049100055713
0.461600936181515	0.496284160392184
-0.309975831153497	0.291428265369529
-0.461987850919799	0.570357641797129
0.24553253386142	0.223255512830184
0.835312930436612	0.999052044675385
0.0633969325751164	0.0427437338842985
-0.0769025927662053	0.0466641777753959
-0.0856057081256737	0.0532733481831518
0.558905883688473	0.584276572978835
-0.913715366234674	0.76238556584067
-0.329350367152077	0.279775520925337
0.155924120230418	0.14883010343025
0.309206639625629	0.324892023177389
-0.288047640144606	0.263727713430537
-0.159111132349565	0.131170573135957
-0.192550124584781	0.196592863801167
-0.289223216065754	0.186919550275292
-0.286859869080883	0.182922905077323
0.142960511275623	0.0737016603758049
0.028605715467866	0.0164055459234183
-0.250204302383458	0.124795741975655
0.00444691656841747	0.00248953902614156
0.142167987224037	0.0776776845438512
-0.317690795101185	0.150301699008828
-1.28964087817023	0.592419721196834
-0.0697521086662472	0.0311362531816573
-0.779635563806562	0.358041820883046
-1.18150404005992	0.674042410811402
-0.197962667649939	0.10847569737116
-0.0931472768652316	0.0574237653262893
-0.511050617576411	0.268979252786043
-0.409118515365021	0.271406199462878
-1.73496034028228	1.39901097398227
-0.617365433896648	0.306664761624065
0.389369475453179	0.307878538819877
0.149091996430876	0.0797407042391813
-0.412992693371523	0.286950417185871
-0.109698044334345	0.043702484402155
-0.116138584749906	0.0480086969068476
-0.122861036287986	0.0732218119571204
1.51701357047613	1.27871557192404
-0.351203727805648	0.250731315188156
0.242484635631132	0.19911237559787
-0.340524904325161	0.20696437936361
-0.40978848677529	0.294058358587082
-1.69238522635818	0.994469561014255
-0.322176679094693	0.237598660550418
-0.120007724028045	0.121665700725239
0.0623691820767462	0.0437730947066122
0.638153118986495	0.826647397091032
0.161123988728684	0.149702607046075
0.0667962570289903	0.0458224830664064
-0.587662857486929	0.511730556966458
-0.0837402065950888	0.071006537570102
-0.411546744281135	0.283867350440238
0.162017208747797	0.12201671974767
0.32382842147857	0.174427835268644
-0.158218066533869	0.0901177705547412
0.165125563803917	0.137828518222512
-0.284621291186201	0.175833371479103
-0.508619485078168	0.426713864419062
-0.0597013261224672	0.0450105948874138
0.159306513615032	0.146969344829498
-0.401837585762625	0.457453470647919
-0.213659993953478	0.165874456516894
0.265137792196098	0.196820861565292
0.153002532450937	0.112867406132652
-0.884294361307784	1.08178916947885
-0.274454201978216	0.208704026707256
0.936087384699552	0.625285980724661
0.941513840397712	0.904064838392501
-0.16326025972821	0.0605842890670813
-0.475113079762393	0.328677702593095
0.530935844648001	0.315590827859201
-0.568981778871619	0.327297228878711
-0.0726266734866235	0.0322265313834406
-0.336974060052095	0.200002647555526
-0.156722230006413	0.0882716248200828
0.461679349347629	0.493242252869018
0.476577285642854	0.425940821078084
0.378700325707826	0.311707927690896
-1.11596147365583	0.740753350308211
-0.27586518804418	0.23917864783251
0.898089949901493	0.764616709836791
-0.642397647907279	0.677462009596968
-0.133905346718237	0.0995435911390491
-0.0564957078327828	0.0379341896470832
-1.04689337334192	1.17130757740272
0.159919376410572	0.115568932751655
-0.375343891662214	0.296671608785638
0.306827766149824	0.281856769132067
0.566466427575289	0.432550638888835
-0.314752727533502	0.227691133300659
0.467251902217448	0.403332629745579
0.253111938196844	0.205187561042578
0.0339103588397375	0.0210664317908205
-0.163088992459358	0.10936405631256
-0.0399296014976391	0.0189068067188005
-0.414080744968636	0.244324197115955
-0.0590188746076486	0.0395662047006112
0.0169063456027326	0.00968450095542091
0.136635702962241	0.0693107617733517
-0.492142974785899	0.423167740059278
0.14838919447647	0.082648291185712
0.516977403888898	0.412609937010072
0.668665150335023	0.579954718719042
-0.575125767977272	0.521222630596372
0.165793529131253	0.147940721984963
-0.27841407015782	0.205641376306528
-1.06467188689203	1.28491156339089
-0.19612475428086	0.154747725503287
-0.538653381941938	0.51129584897914
-0.420136732093438	0.238926302173439
-0.911568692624351	0.749911934683009
-0.973720071627714	0.523799569204562
-0.963196843533541	0.598470488515215
0.592659232557147	0.316664761620976
-0.068499714954297	0.0308801930553235
-0.0352367829600299	0.0166648649888283
-0.297870485151462	0.187320528553056
-0.207858837634419	0.11113217965614
-1.11355977597039	0.742260486686034
-1.04692804261254	0.801241250386946
-0.795174311282814	0.43148990122025
-0.284333474052699	0.182375787445505
0.350843574765857	0.177750529399185
-0.0422766230406048	0.0198224451178328
0.142594034983768	0.0694097771121652
0.386953083937567	0.308794403880637
-0.939382609893349	0.696079776374805
-0.257420187526262	0.131143168549165
0.155717356952402	0.111433564719193
0.35944115053109	0.165233260531798
-0.559322427195475	0.468291987184213
0.962137058603637	0.986987053325985
-0.792670161344012	0.332880056358753
0.00834115439384502	0.00445070228896674
-0.623259696355599	0.522375192808252
-0.539998765397232	0.612553120056481
0.00642686239075	0.00356847174506999
0.0940094300605961	0.079907303808567
0.167329980463662	0.11294554431457
0.340275037651138	0.307504713581197
-0.132247106199812	0.106053481728022
0.0189293972734386	0.0141636662102675
-0.685177849323635	0.730390499773056
0.469318705072561	0.310322825586321
0.485871343306843	0.389001356879078
-0.202704217240732	0.10816124586587
0.270792328813339	0.191051457821766
0.153989420566837	0.0871834927393672
0.504384519127003	0.421950816448327
-0.208587955811167	0.184122774395951
0.157302649374627	0.112809530250091
-0.802863834928033	0.509530667540406
0.0531230391116105	0.0362211126821383
-0.0423611059936312	0.0288069195728955
-0.662579319451399	0.661334347214649
-1.34238970876486	0.881239875224977
-0.801653300364404	0.307607600007726
0.333420250445806	0.181897082096464
-0.00490274841918483	0.0023110371209202
-0.142685116711751	0.100746716276492
-0.528965055707006	0.392796201275745
0.381638839623781	0.312185943155226
-1.4484182418538	1.94814371260935
-1.02123750513457	0.912887978208289
0.168698725080452	0.118226845902506
-0.0424458919883139	0.0287523939382731
-0.131365492401557	0.0944661586291812
-1.45063693562195	1.58540755030896
0.139387824094096	0.0690167510035187
0.0101012401355333	0.00723043410313797
0.152526520544269	0.111543986543759
0.31272353744736	0.295971725864149
-1.90451812282838	2.70270125399281
0.391334300383693	0.298343964624179
-0.620978056500489	0.527464596611914
-0.743169035800278	0.837122827321463
-0.105734947429301	0.0426186432895809
0.852672998984546	0.625772195111317
0.639150598104278	0.442997543151962
-0.968887788894215	1.08038189140236
-0.825582744133849	1.04557011318339
0.40283219837605	0.472043219444876
-0.0406981321088923	0.0326764542993098
-0.0115980602934947	0.00820010072793609
-0.41568125194125	0.336096710388884
-0.0971189164361499	0.0602366325314019
-0.755720794759172	0.902823201828699
-0.897658598425211	0.843043290036794
0.545428841819989	0.531417581069239
-0.807876235516034	0.700541982594708
-0.518047477004578	0.399848685541244
-0.950641686787601	1.16773514608534
-1.56248424346315	2.24485872942261
0.811430575580639	0.849913205905143
-0.610268122253239	0.697899169324811
-0.808455807755035	0.964372931460879
0.621080240073183	0.659686691416547
-0.208394824375543	0.139861948458284
-0.558079578670724	0.367668681153645
-0.377052868597565	0.39676553986844
-0.811633283052379	0.586826733927947
-0.397873609649364	0.266282658656556
0.0793423689375259	0.0575403378313544
-0.0869674990150404	0.0638825036253485
-0.244435521051069	0.16343439702918
0.0586391823645409	0.0359569951003886
-0.153056098482519	0.0880303276637413
0.00807255549927467	0.00466358491012276
-0.0391324288307805	0.0188270432770367
-0.0606100888424099	0.0393858832300717
-0.44712294009626	0.39772548830262
0.143757883292861	0.0699639138816074
0.304699663493228	0.198305650480853
-0.261774905821728	0.131042010034343
-0.47766026164301	0.304685336684915
0.164310434664672	0.114474634280949
-0.0210934461298563	0.0103632474723052
0.0447470135204704	0.0290014030127971
-0.00951300086622622	0.00496619333868018
-0.167698188988094	0.0930083078022171
2.62873118862854	2.62786761686872
0.595149946238979	0.301102619837641
-0.299744521127002	0.184506789944552
0.0361904000023213	0.0223444142364203
-0.154599800448605	0.089854361765786
-0.28445277582387	0.212351684869464
-0.411161712134212	0.331725328727513
-0.727859783222121	0.728413488997734
0.00444691656841747	0.00248953902614156
-0.210381199678645	0.166728700274309
-1.96830885375384	2.82144432753068
0.63189731252393	0.579541025763025
-0.0954756803109185	0.072832935499095
-0.0702421614297978	0.0449918745435579
-0.643469695990793	0.733727962056801
-0.94397675827043	0.683079416360525
0.288055004813294	0.194937296693367
-0.637365455868841	0.505612678654985
-0.275473747845514	0.23785059654105
-0.0390494913869265	0.0265077242488865
-0.721186670926497	0.639716971412911
-0.604312037653158	0.574353019771038
-0.203728610202808	0.138289705669916
0.0768738211979781	0.0599828800802464
-0.618976269415326	0.617852673650336
-0.606870061641189	0.611537778768677
-0.301668059618308	0.253369569620843
-0.0427305845349372	0.0284785923181206
-1.12397913510825	1.07385905632001
-0.244893809403996	0.165743950091344
-1.33809638176694	0.856921473718351
-1.29622672765006	0.605623718824999
0.349614441354503	0.1802967622363
0.29420452717154	0.190926602711206
-0.323661603485926	0.146448818886725
-2.09137158351879	1.01051507286912
1.08937836709165	0.806239950339176
0.345799299189065	0.173743591327735
0.0444733509313971	0.0290052838011696
-0.210191435544543	0.140663980950534
-0.0966681532641481	0.0607513332422542
-0.0922823301378016	0.0707284379231509
-2.13601341241505	2.18873545072498
-0.0632328531664088	0.0390475747599876
-0.593610420296915	0.683919247325402
0.367189170391445	0.379060582750998
-0.205176953044222	0.135050822619903
0.31318738533109	0.303943398029556
0.680222888298924	0.582072969797041
0.152811051792625	0.0788768597353274
-1.05942927362414	0.851358946975575
-0.747996129654778	0.840290328108016
1.6469980977157	1.52759905787358
0.590854925427333	0.32068872122329
0.348924538375005	0.178053183384665
0.56201791690073	0.438683820798306
0.0744595117214195	0.0542537229879271
-0.645444454518229	0.740954873366947
-0.187266136271348	0.17652485634898
0.0440663342063898	0.0280735813862128
0.39655104623937	0.388106446723102
-0.457502622706971	0.393393844721588
-0.0450043334261282	0.0298213132019954
-0.120901077500801	0.0732487765096121
1.11662976680361	0.959918603492384
0.674616271507013	0.584526361970217
-0.0571473909353568	0.0380014141390614
-0.317111178227077	0.234391383357813
0.275915046372921	0.195436657828253
-0.0945576710778117	0.0580444762585417
-1.92648772646925	2.28408973382524
-0.372406629323216	0.332813624726436
0.716538691964944	0.671715482552854
0.951993073419153	1.23132958626864
0.585180785686411	0.624801220855599
0.0290583567172346	0.0166503002605733
-0.176413259934852	0.12144940047871
-1.77167089616081	2.19606317027985
-0.704485518031211	0.545678535433291
0.0314499586043847	0.0189600661470667
-0.400778333164788	0.320543007697304
0.387220290296222	0.302871792746241
-0.477902851499203	0.327304466455269
-0.162172288208651	0.0906390048430458
-0.288858646667773	0.187672784980816
1.75797688568513	1.59804559302593
-0.330867685976615	0.14425495429196
-0.251166572209905	0.122961138126456
-0.480751670931609	0.319831480001396
0.89049493931246	0.745833321396152
0.433893271445668	0.297681296829302
-0.693418060067096	0.486945449746868
-1.45493491100781	1.72657413682349
-0.808409742163259	0.606013693352377
0.264104740056546	0.207111462461075
0.688740410965918	0.426295360697841
0.48391352624644	0.294716643453927
-0.012100017173472	0.00628432294419603
-0.34044521943566	0.204282463651889
-0.302291084521039	0.267537640798431
0.870876611134305	0.836063662970041
0.624872650051989	0.727502533313219
0.438426296202274	0.320162256853609
0.360309355989251	0.28416959839924
0.164579863975135	0.146067260173489
-0.13574545231728	0.110224428437427
-0.150433073847926	0.108188406787605
-0.0953093523621079	0.0593564335204626
-0.909297056268167	0.845912142229775
-0.656909428020786	0.653244312384708
-0.0282527184928864	0.019529550094277
0.252117278420559	0.219317224160228
0.153796320559588	0.0915808556025188
-0.125579919089517	0.0928406459658266
-0.342307654079181	0.318220556781911
-1.05587116133638	0.818508136622699
0.0717219116382126	0.0524568511497594
0.153080760782196	0.116603251097549
-0.531319227791622	0.50437819546689
-0.307379811931126	0.21508413135877
-0.513994659415515	0.429023498963846
-0.630359926918115	0.516479963378649
-0.511703384560144	0.247355633544831
-2.09626472606576	0.927849181319706
0.884153413848933	0.479176129944245
0.661362929796208	0.525886918098206
-0.54014547708527	0.209574457902131
0.546255065401785	0.288391853633117
0.323244885280908	0.176419915908749
-0.242134282320083	0.158851250701616
-0.321859164034206	0.147686578540998
0.15436886352342	0.0907622960940913
0.349819053051605	0.28221420063976
0.263761596499253	0.214681510513916
0.239287321855308	0.21128871216454
-0.333036003570093	0.27705275973053
-0.968957849243822	1.04096206362326
1.43508370665282	1.97588472260379
1.30032746186378	1.53107330249922
-1.01962373718122	1.27349262725124
0.382931196014084	0.34751632703047
-0.334438012181223	0.30271571219549
-0.0791888539675425	0.0490159643126578
0.0629485677766601	0.0424678854330053
0.29710591392183	0.310127001170076
0.161711051864597	0.116721441493325
0.460288304009142	0.389760486248233
-0.308132053643915	0.225605576070111
-0.168411074275138	0.138968892133306
-0.675895553420154	0.705340150327428
1.51928820914726	1.2901599470966
0.0161003158003725	0.00931160309791106
0.0500163691275406	0.0307671885173844
0.27490615685401	0.199100434604085
-0.716572353612416	0.654641615808414
0.276185961129917	0.201348357669278
0.412051203600823	0.319775022813276
0.643563050797233	0.4450272358003
-0.243255522193204	0.157278304853548
-0.0230739680262196	0.0113040930259277
0.823562629808249	0.691693795868974
-1.16272063284188	0.986613008240461
-0.287901614948735	0.177293485231255
-0.286607179492279	0.237286899331667
0.241497122119152	0.183567828385913
-1.36917500749362	1.51896260220477
-0.416705620697051	0.326696097839272
0.501884921023359	0.510367973413903
-0.698374465963924	0.775161280536385
-0.15118320688177	0.117899410742629
0.0719899876323826	0.0547777194383309
-0.294436907992806	0.27928737357109
-0.501837210015267	0.259479511336042
-0.241852287501167	0.0788566976698831
-0.935068755563494	0.703680819270732
-0.568516363791253	0.320837054531804
0.326549887462325	0.177080452881945
0.143449081131529	0.0801352737168276
-0.792663722784027	0.415660231901326
-0.414837317394052	0.232819689246438
-0.0818875592053447	0.0317535070689048
-0.787617720907545	0.364421783810038
0.515434282856825	0.189893922753989
-0.257956396594726	0.131189601140396
1.761501872799	1.34790349559051
-1.48782422397155	1.07935868996226
0.00779993296189711	0.00415423037439862
-0.402625493044345	0.314039019359746
0.13924822253575	0.0608077937182835
-1.62120811696678	1.24063807869159
-0.0361238198781309	0.0285616060707624
-0.468787846508422	0.31162046676423
0.157271049538194	0.116964447182338
0.330953911642971	0.296968653831909
0.680339322884927	0.675875153685854
0.380098617410733	0.314423010779166
0.0128153424455925	0.00959290306550021
-0.773102219063146	1.0278738051203
-0.916354941080269	1.20597715360995
-0.311131318605164	0.292841693601146
-0.591646610474635	0.444791389423607
0.646371204935117	0.457926770874637
-0.464155429290127	0.370541264325039
0.265613397880817	0.195118837595556
-0.017923377023799	0.0125620314226052
0.300223486196919	0.195154703694043
-1.17613320943853	0.67914685670877
-0.477079824561158	0.320857966488888
-1.04842602986207	0.44867035504741
-0.168665895510344	0.114695778128878
-0.139873866853317	0.112087889782281
-0.182583874324755	0.128941909027865
0.469880793239705	0.490612164025144
1.12020242604872	0.988942800977535
0.132076406155437	0.051462651894866
-0.0356834615177467	0.0244231456075081
0.682546948174499	0.729525753103368
0.159960436846572	0.0975492162061682
0.144864933255647	0.0924874853768817
0.318019453706896	0.306883560263929
0.634085850242809	0.584280415029689
1.3126456195868	1.53330881192393
1.01422485061054	0.940451261588306
0.627306340418019	0.643622198921943
-0.174027455714786	0.120750177113132
0.151413372750895	0.0928144130855901
-0.111007143782994	0.0456464183945631
-0.256799353196352	0.132148124213917
0.428155900791283	0.283115528863832
-0.180758328707204	0.124812565571618
-0.252963772524437	0.164374081605965
0.978607526449495	0.768213056642401
-1.10925493558062	0.768125170133473
-0.111111421131642	0.0460725453839423
0.490629096341282	0.301575412174828
-0.411995171628603	0.279280700868174
0.532309382703294	0.522599816431898
0.43206517416691	0.377177688479964
-0.360875205543552	0.258433719437562
0.912954322335219	0.996475611689208
0.224480792078807	0.212782539615314
-0.703269732031299	0.819838390377247
-0.288831975195584	0.255606369866855
0.499720343789122	0.591314155745972
0.034085574492032	0.0278896069406163
0.108348228391638	0.0938771445992632
-0.659386284876817	0.391637782820896
-0.97114187307511	0.600573109989026
-0.410215261233192	0.180932493349622
-1.18080535202367	0.582364656034221
0.380236098183063	0.178010843870865
-0.796013009209585	0.474193025038029
-0.254626108598453	0.133228805851161
0.136012236058411	0.0414376999459869
0.132574631061723	0.0528388050181693
-0.110662246806968	0.0459716754023376
-0.0364205147598571	0.0175428276500854
0.645804037025328	0.456659804171247
1.06510137435035	0.653389552808261
-0.360212488123257	0.260190013749208
-0.358397976261118	0.401518541124276
-0.507204967794134	0.420662291247181
-0.0454109240836039	0.0218224376110581
0.356670544366968	0.391158095493219
0.448308635511303	0.613701364669198
-0.66145570688935	0.584013898416846
0.543995596882464	0.532287893840974
-0.104418579815079	0.0967670143863277
-0.0631426758012299	0.0496082854029629
-0.27393005210886	0.207083043177188
-0.526654765987444	0.533676625444329
-0.54490501611287	0.68939770181104
-0.689175470867219	0.48560625966215
0.263929749255061	0.208853558014926
-0.0208671675164832	0.010452810794807
0.15670768450463	0.0976675606420247
-0.808689137607817	0.978244748866701
-0.0638806196002086	0.0397320637612721
-0.617466503023348	0.494520143139378
0.0611852004995604	0.0418007927451817
-0.416454396069777	0.23437548258176
-0.240839307212963	0.182555215133373
-0.365493872181818	0.296082288062654
-0.804514301745213	0.460033829477361
-0.338978536085765	0.206498641068075
-0.0119362222940931	0.00611386723061996
-0.415261907927616	0.244386251339133
-0.0991603865456676	0.0614337515084526
0.282454125883598	0.205116261891341
0.255595863296643	0.206727308592281
0.46189260673046	0.496801137142528
-0.36064258136054	0.289323866485572
-0.483050138194104	0.44267297485019
0.618351012372372	0.515269405599939
0.00618279571431687	0.00325660965483266
0.079544079602683	0.0582057817336056
0.840627682881337	1.05604112032859
0.656382338171409	0.892349404976624
0.0873652547412246	0.0690432598665578
-0.632646091216721	0.643850607422249
-0.173988299178603	0.12396629784644
0.147044420522857	0.0938231802971327
0.283367173702748	0.194592515500282
0.314438270403872	0.189265404934392
0.133324861621024	0.047022951939009
-0.59052068429729	0.433445130747637
-0.807729806736695	0.600113929590807
-0.79955554531072	0.444186166767892
-0.293489477740049	0.183861378634053
0.148644851050567	0.0943035361954268
0.346063768603307	0.169950357816375
-0.359099832318261	0.259273339737702
0.763168182337752	0.663751760516237
-1.08306348473061	1.13441270863336
-0.31857754255909	0.239840575036878
-0.670502967535265	0.705026147258304
-0.50049016171913	0.431404854801495
0.430762493578561	0.404526706634051
-0.632417716447755	0.683126588106745
-0.767809078172232	1.01495117938718
-0.188844637827791	0.167827246306032
-0.413560056827553	0.440737873555065
-0.291873588337359	0.275742371386451
-0.621884149930757	0.666137342087826
-0.289231099133585	0.185190591720493
0.0107477091790568	0.00554217649569164
-1.49511528265476	1.01290661909812
-0.193797141261655	0.103407248781605
-0.416916681103543	0.289423717695868
-0.0691465004124754	0.0304060557296535
1.07282556855904	0.677764386742495
-0.315712222105413	0.149953061518513
-0.0446000573948907	0.0213198168010684
-1.50146816014262	0.797879294056104
-0.96445345977892	0.597554243152236
-0.5404274907578	0.212434533204975
-0.0187646340872521	0.00947277777931913
0.307010810555771	0.194352156555651
-0.626683581805669	0.531537682037451
0.138767944321795	0.066494549179058
-0.783702583112872	0.343042887347161
-1.1936038549146	0.6085071012561
-0.171132908217326	0.0622577984058007
0.321904773291067	0.174582277959981
1.7656469767351	1.05949568864167
-0.254600271293777	0.127945764180611
-0.64759137410205	0.15389785520315
-2.64529672433917	1.64211268236732
0.13591208152546	0.0668562600171594
-0.287400107288132	0.183493075650647
-0.152614083686475	0.0867903579632156
0.151947637817016	0.0930134758739657
0.158905541550198	0.0894629418143564
-0.0372031720216597	0.0254558625306629
-0.331023085388123	0.369537922436269
-0.276473518135574	0.234709696470949
-0.0833304165147107	0.064017093148859
0.136148636095065	0.0530436354332896
-0.5345541725529	0.208031050570915
0.849160361208306	0.62673963485581
0.355832110679763	0.30016863768381
-0.330905380054731	0.328692484699068
-0.321911508916022	0.361140491315506
-0.0967611928705036	0.0812591949747503
0.152224418908964	0.128207678124486
-0.194531030818171	0.15768010452582
-0.660201300119518	0.823633876566837
0.0111411133864263	0.0085263063052461
-0.13641587820994	0.0990511310270745
-0.685638571253438	0.478003406787074
-0.413692134121572	0.24380707076192
0.265887034676246	0.215942788920238
-0.479431040057716	0.496844411934491
0.555668222215877	0.433618212050262
-0.0922412617997535	0.0574681379861844
0.669501891169663	0.571071841250065
-0.0757471326009816	0.0587373603736126
-0.306724665133006	0.230140817143537
-0.698112815128176	0.476825811048076
-0.408807201745317	0.226873453282145
-0.471952285888659	0.301747888434599
0.0432126279905967	0.0259127084815433
0.151339904566803	0.0860453803462561
-0.219125614468572	0.147935638457318
0.145165112534299	0.081523501241007
0.157497139209889	0.0902755471947727
-0.0157968428388597	0.0110043044872587
0.172865353950655	0.122601618938807
-0.196333362886999	0.127890140018672
0.0234144119277838	0.0140834437446019
0.377782455006673	0.273924490568251
0.766000007506614	0.899370587821666
-0.467293382572315	0.362134156712596
0.314023702613495	0.171864910478007
0.0380307480710585	0.0222760300900988
-0.308384343758493	0.227841791247023
0.838342728791807	0.751903556000804
0.722188385287316	0.606007152452177
-0.238396344105546	0.15717933440952
-0.921096344451112	0.764008139124726
1.44792843851709	0.916398031917543
-0.319261580217713	0.148251551864693
0.139216403778349	0.0731787046740076
0.0266722662845984	0.0161377054156636
-0.715309273005064	0.629840273365043
0.246049122387597	0.20888049085112
-0.150912926201557	0.104971088413668
0.808697700866496	0.953300321482435
1.07008920808727	0.660163323473993
0.013879746455039	0.00715627721408933
-1.45060570122635	1.63557336118482
-0.804719915676684	0.44621632326575
-0.0844017155875085	0.0351332263530808
-0.189611520449029	0.172753764082903
-0.531221379664525	0.619796820941873
0.243346592596628	0.20912983505444
-0.756151923290998	0.834312516535839
-1.49755015076542	0.743300586229165
0.42869076518491	0.303162356248753
0.147539954626844	0.0801696522304371
-0.0140619295336805	0.00729024394241359
-0.356036820498875	0.259560623849066
-0.508816513679648	0.263141987550576
-1.86098512951122	1.10182381448292
-0.621550261712583	0.311118911849645
-0.967630867387834	0.598937776547361
-1.34333046695704	0.88627291265112
-0.163185104345646	0.0911257075392835
-0.13873483903154	0.0747119440696761
-0.813097777907872	0.624765526515047
-1.17177155901277	0.657664608225818
-1.14934954991944	0.361642569623747
1.10157556364944	0.935326851553651
-1.22980112506508	0.82607563255961
-0.40906737712132	0.178426595528026
-0.912407938026583	0.739513480632097
-0.66234285831377	0.38469169650158
-0.115797074497247	0.0467298371659537
0.379665372696353	0.172144767138991
-0.620401936062416	0.305573673560183
-1.35742026310693	1.11176359821249
-0.00739323676394486	0.00387689158503179
0.640656967775746	0.458900736624279
-0.0723193557454378	0.0326465481314407
-0.0780125450510741	0.0345466149205094
0.370087841234075	0.161619327624737
-0.3188472149155	0.222818919085435
-0.945099352139292	0.664594715044821
-0.209493904565314	0.158285699205412
0.798480470455495	0.341209935663195
1.12310336411287	1.28973716624499
-0.338386452214646	0.187386659849219
-0.945672466585445	0.670808495306078
-0.506926498219883	0.24782321262872
-0.665094058552517	0.398323769081453
-1.3601135634173	1.30605082558005
-0.0754110031218791	0.0492677217046171
-0.13574545231728	0.110224428437427
1.15117456752799	1.55934594654309
-0.188363069179011	0.149332138145821
0.163746535931413	0.0987450062280836
-0.249377455708157	0.162003251261924
-0.207102617302265	0.142942527794104
-0.414671226994162	0.245095889616467
-0.381749056331688	0.342556066700427
0.0744321954143005	0.0544875150622862
0.257509561752937	0.200384326899865
-0.0502310542959903	0.0332832510509487
-0.175631430163148	0.124044489178921
-0.132835152118339	0.111885757242724
0.883226528260553	0.482977459897994
-1.24408895426702	0.84961034836637
0.267255258604011	0.194142726694442
0.0724444023403288	0.054843117791517
-0.103550405770664	0.062465008533116
-1.05581259239379	0.800440506792197
-0.297123216424056	0.253046324922676
-0.0117732085295247	0.0083663012335972
-0.102685349867643	0.0642419333500134
-0.241090511070352	0.157709561796854
-0.0756952347756244	0.0469184721763714
-0.495242813918666	0.403524822133151
0.686878486238168	0.678446633167309
-0.0930815778398697	0.0567779156557728
-0.728207332935974	0.716413713679717
-0.982671422925191	1.04835235426578
-0.249674004197672	0.196403342088522
-0.0151602792166338	0.00757284275532418
-0.872199993942359	1.13804130103649
-0.609950094206526	0.46132903714166
-0.81089348057927	0.694360108880974
-0.714888958321785	0.646027719163768
0.145304223663437	0.0798107219851018
-0.305544702270153	0.221945949303062
-1.04501217904359	1.18758560772643
-0.476330234523916	0.353242552322197
0.824409287449034	0.739009204429262
0.0457422250498103	0.0293645118198727
0.410535107922222	0.388818971755345
0.897813247469595	0.995155249436627
0.260514087167125	0.197576945355822
-0.328942179123987	0.294247236962044
-0.314290103456811	0.234819179217785
-0.0370057805812415	0.0246769297878556
0.279247938952053	0.177798096695804
0.0220215802864224	0.0128961999385698
-0.940391252936117	0.699551221692607
0.302146594632519	0.190205033041974
-0.15481666987155	0.109932044066246
-0.495154587877024	0.435392279773862
-0.186972405622135	0.128781604207453
-0.411144821683616	0.373972150887523
0.854759259238425	0.975491787823452
0.731898321534102	0.703337798097912
0.268880206562182	0.210489406346648
1.09227490500831	0.830705643125322
-0.555326012748689	0.481505036946714
-1.15922314941709	1.32338863822031
-0.604140554517014	0.4302599475057
0.23574618203777	0.218023834754679
-0.163343317497008	0.149376068315801
0.165738557014835	0.148554644194818
0.340589190215694	0.312234463514955
-0.00376312856133505	0.00255786175498889
0.00982827346758032	0.00566343809280273
0.541701578936055	0.537942259283248
0.706873424798848	0.553228622595396
-0.405478673238658	0.280361117682844
0.324018290188359	0.177231932272975
-0.725408936560856	0.644529767466632
-0.0973739706330659	0.0616894054458313
-0.116039637102314	0.046487335944964
-0.612433298256833	0.287063554388668
1.47531087183976	1.42259112281212
-0.814711882222009	0.423907769245291
-0.0599412290088668	0.0251457666705739
-0.0346344481040051	0.0163324273960082
1.00988480460772	0.968016887480266
-0.161649080554999	0.0607304947590714
-0.800875574286339	0.449027063728235
0.259644974019577	0.187644232686857
0.498957705070715	0.311564521596027
0.936033464395964	0.625224466139942
-0.0224196455103743	0.011125081816468
-0.0401101229212833	0.0194061923977569
1.94780611562698	1.23889538799248
1.07729904980618	0.670978232171468
-0.0479456939902832	0.0221686257466246
0.530935844648001	0.315590827859201
-0.937667784369213	0.669936547169464
1.88182704331927	1.49381459639962
-0.159094940776029	0.0934279358925851
0.00519499101930223	0.0027588781329233
0.156173581270734	0.0951675373117512
-0.192870710902103	0.151245555210812
-0.684698399965832	0.733901606352577
0.361998689037935	0.305780862358215
0.36350640148292	0.310013446560678
0.0248996065548663	0.0149077605198364
0.517750431274778	0.421632101510092
0.971023794041417	1.04229839152435
0.803003170447892	0.92493599271484
1.23658522240988	0.879582006178494
-0.818339262990151	0.676503552079466
0.666597662695154	0.540550002484036
-0.521763290197494	0.397769726025915
0.263459012751114	0.203658415506115
1.27269572537311	1.74978542695036
-0.55573893785682	0.479271221564925
0.157243750660662	0.0942808861210691
0.140713512958143	0.0536332979504088
-0.0577423882654362	0.0367962449852968
0.875800787364123	0.971449301850284
0.0505351354494673	0.0339653133566028
0.332311458739459	0.297916500151173
0.233109307849504	0.217916179522748
-0.126060684899599	0.0929456501929163
-0.808788479658956	0.779871774758265
-0.380880247373191	0.37922545997947
-0.0958703727187793	0.0580887914327085
0.28181870794507	0.203666409848854
-0.0920453938560625	0.0574643137541037
-0.383109775626855	0.373196399030763
-0.316018784926873	0.232362385222554
-0.622500263814365	0.523166601587
-0.620537340718677	0.651770995650551
-0.453777324390009	0.395847015280134
-0.810409509894108	0.444970660186662
-1.02287952374755	0.91260222862707
1.07914052782012	0.669381861984057
-1.1744105438359	0.637609704983248
-0.394589454013291	0.340197215762477
-1.28747950847418	0.599950543236542
-0.812670569218427	0.690859938587205
0.298409473977814	0.165741940567728
-0.196963251363102	0.102710269600314
-0.523729486015454	0.396349636467346
-1.16400597274311	1.04423669940674
-0.361788464725168	0.249110792251122
0.307243267542582	0.179770403517853
0.268958477686473	0.20428125363793
-0.634981244918228	0.680656740184981
-0.0550731469334389	0.0427605570197135
0.0102949967345926	0.00561044273889225
-0.11795802639302	0.0874902775458183
-0.142010884604165	0.101077056312937
-0.26299166350401	0.217773384581071
-0.574285763403062	0.50426768526581
-0.296691589947929	0.179881678603858
0.165992697105741	0.10707807360436
1.05422181939764	1.2700136246199
-0.0616686537396089	0.0490671669025353
-0.32117986227371	0.145149468602787
-0.11648703582633	0.0467197919836423
-2.3573839221498	2.13060748598601
0.381760553699559	0.170115241511
0.324221202543553	0.185038731442792
-1.10445513581685	0.705447227676063
-0.792048709220897	0.353122585383395
-1.17341033952909	0.679193888659246
-0.617702359774845	0.311469676991868
-0.317939659540549	0.147137868440352
0.359101811579455	0.173967443300297
0.375460855663334	0.173258339098392
-0.315712222105413	0.149953061518513
1.04833631137005	0.518920570062589
0.898303883658766	0.751658946849359
-0.320678626209677	0.155192768235618
0.150189402806898	0.087293942781015
-0.55764641420352	0.36359846660051
-1.15064167724211	0.346681243171548
-0.0187281696881632	0.00947860007523738
0.536319945959318	0.312385290710734
-0.240832000056319	0.0750095214265476
1.56326345478609	0.775940017987127
0.776555410747156	0.468148807594599
-0.74111878729607	0.272048451943737
-0.246876124776606	0.164319494046798
-0.660661820285272	0.397139871258851
0.645227314462834	0.456702236288637
0.590026355063463	0.298070230351027
-1.21178122414311	1.22702585084197
-0.795616794708788	0.482287137896238
-0.320403357093647	0.152946249882557
0.16008995117555	0.124209968636381
0.15711933810601	0.110495937291569
-0.116328146262385	0.087622131322339
0.150356616531475	0.0842872200879172
0.128629729421229	0.0544375653801008
-0.357941234694998	0.106741196549995
0.768250933686061	0.429610132101672
0.926595481855772	0.855947436779385
0.293898544564155	0.196159511384837
-0.31331421223199	0.235602834090502
-0.25582243999723	0.128256903017247
-0.129560689207166	0.0774026604257338
1.02549597281051	1.0267262222813
0.540115950703815	0.532014169992125
0.671580834249808	0.574137167525737
-1.2930649772522	1.41165024785234
-0.0578509684121648	0.0424436561156749
-0.809482597893802	0.784151125480782
0.0404358040387948	0.0243537465136855
0.324087554085275	0.296608408260009
0.00151470583246645	0.00100132548337457
-0.193367207416734	0.10140380940363
0.397614593927326	0.305964080762963
-0.505827966261177	0.424527843501674
-0.0696130688510781	0.053148981919868
-0.24349999013527	0.14991683548745
-0.633225561289878	0.519459445655913
-1.10904486841625	1.03884144022811
0.154468111996121	0.101190449995588
-0.344251755232683	0.208353067049165
-0.232769399296005	0.0777978828605569
0.147132629921935	0.0691242958539644
-0.631397494618741	0.630286673091409
-0.152609822877348	0.110157259829325
-0.0606833935417811	0.0386858981095212
-0.35221940464158	0.355873380436462
0.326405262384658	0.310946005225035
-0.813229457292786	0.917630001200422
-0.355249856568876	0.398751443287376
-0.368546619785772	0.308046151861642
0.166517087551463	0.118144721628285
-0.808585908164142	0.75093311402305
0.423629833265571	0.310589999547587
-0.205433117215139	0.140350051257503
0.297424513063752	0.307340257675127
-0.0457654270117019	0.0278296945827286
-0.0347166548159975	0.0239430512333572
-0.286405548450195	0.184879066623523
-1.05631818405844	0.862823394020524
0.13058299952561	0.0558105153853839
0.137329818726853	0.0548139237565338
-0.745316628206725	0.266605865355488
-0.0410846082910024	0.0198374108482814
-0.795055572135075	0.328926228005582
-0.79367166673756	0.327012393629284
-1.00047442478733	0.510164144766332
-0.110662246806968	0.0459716754023376
-0.332588346318643	0.137905258151222
0.677209896984198	0.327372524458124
-0.321336590229775	0.154742262725982
0.135168405484837	0.0605413662146142
-1.69090794020172	0.989770385521634
0.694955234804471	0.448836202360247
-0.10351656090288	0.041642784443074
0.53256262348502	0.304559803045484
0.13395683731647	0.0531064763399834
0.387829028012478	0.175372034551497
-0.107158176462257	0.0439460290259027
-0.623667350821256	0.273237679460736
-0.254019852282702	0.132210274562203
1.04478674719349	0.510494345582326
0.646385966326902	0.209648146903958
0.133027950116607	0.0458225118639418
-0.165710416226806	0.0611653083090566
1.09656460464498	0.830220507090491
-0.619703945986622	0.307637553095681
-0.555348218074093	0.359663004351597
0.144169592093875	0.0693510384492611
0.675505061732839	0.32539373588274
0.142956872099441	0.0696134859185258
-0.0361829854497499	0.01613942328266
-0.408617844426704	0.231773525126131
0.164290800423836	0.149559229648429
0.278836173277661	0.193497612849031
-1.269248676954	1.20608201672135
-0.00800121799971449	0.00415270349261034
1.55823731537979	0.833067250464455
-1.11918899791783	0.725779068330002
1.23691273884674	0.996694095156682
0.129495240491157	0.0563748886630712
0.843632695560438	0.577104647453053
-0.798062987957336	0.586557276005041
-0.109942467168969	0.0448146053658872
1.22335769888413	1.03528142341432
0.492070564751239	0.312939260230097
0.163663656714098	0.163692461888574
-0.041670185765566	0.032320583926998
0.0462795728925432	0.0370496147536838
0.570346891355053	0.793507319590015
-0.740187874461737	0.759290011770349
0.246492590096142	0.214218408286165
0.0824223162669902	0.0626657761917889
-0.0761946566101734	0.0544249614091653
-0.226229084353593	0.178457114392033
-0.104357240396238	0.0643902107430859
0.359393430741433	0.314722738777994
0.0834644960183328	0.0620284791033033
-0.177869247055168	0.121192157083073
0.256407287959466	0.209980371094708
0.160493087239743	0.0988722005821743
-0.283490441532799	0.177657936402504
-0.513797577967953	0.385569397070613
0.409365996133926	0.316746216983451
0.0373750196186264	0.0223016550147375
-0.057726567494146	0.0453231490752047
-0.437527959205471	0.447379132360766
-0.80801696335562	0.527084701333614
-0.242111144086818	0.162901088465166
-0.057891065273725	0.0385776368022756
-0.563807707215195	0.352278245169702
-0.330222490890359	0.182811776368747
-0.0318817766015631	0.0260970912888834
0.546744773657363	0.656143073976133
0.45564442752598	0.478927568249404
0.0483291598835691	0.0314859999584698
0.683666123501811	0.970800887939537
-0.397657790862064	0.333122136508849
-0.965755399532555	0.607391228022738
-0.0326700400460459	0.0219396230642203
0.270905292073529	0.206880587570828
-0.163928350365132	0.113996587086922
-0.81284860950815	0.527971682063579
-0.0352000741727272	0.0239178961705532
0.136366374548152	0.0602112567332946
0.0452220402014051	0.0294698459554475
0.593919813596161	0.456215055287064
0.321679237525596	0.178332257085562
-0.123802357704763	0.0755307120437204
0.286119951679107	0.185408786634862
0.159912025001561	0.0993892861742874
1.11202970100703	0.95815219463475
0.138813041774566	0.0550785277028061
-0.117076277081337	0.048048982909887
0.132901139619654	0.0630843307338785
-0.00434303239327975	0.00199469063959531
0.589129285469438	0.411736982503334
-0.0729502366368341	0.0332528905744433
0.13914026711703	0.0683176800132332
-0.165172689480306	0.0612608335836151
-0.120428998107181	0.0711465751817216
-0.207996975077835	0.110063376157589
0.307335053671181	0.184531016899146
-0.20154339370226	0.107467096023076
-0.197962667649939	0.10847569737116
-0.15360736927615	0.0886928777984181
0.291824302142439	0.182815053373298
0.640279793746818	0.430800014356996
2.00884747811387	1.79616232518082
-0.473731024607838	0.309516577918413
0.325787437858537	0.185122644840428
0.280169118616872	0.18677437739288
-0.0124885569104029	0.00639715278150712
-0.364468808790796	0.299698461259588
-0.104114148218764	0.0402626749639997
-0.0274155065960042	0.0187450658684537
-0.0924997063735987	0.057577685322187
-0.412497967504059	0.292038207339981
0.360604904125894	0.311591305080247
-0.923671248281133	0.759794737565652
0.733590085942547	0.72526581842981
0.499549065753274	0.423816049540657
-0.286238792111209	0.211341447870925
0.328185786854885	0.297688652447387
0.171360422776126	0.129420584128444
-0.0183297907178364	0.0124776292390933
-0.502790802275174	0.268244707411252
-1.47688332587175	1.17302055278921
-0.46721328876662	0.30654480848356
0.519710602438061	0.577170186760179
-0.524208320216354	0.40889770509688
-0.403596004094417	0.278119078758307
-0.765106986952423	0.954884960551771
-0.131630315222372	0.0913154823934745
0.0114553735503028	0.00602845113498685
-0.719775577829414	0.645554506419307
0.262258709864082	0.206607710421429
-0.128137595398716	0.0762660414149153
-0.147739938233763	0.105929902704719
0.16499244797638	0.127221308696963
0.149939376623213	0.0760140071233865
0.144988942481456	0.0692612164195006
-0.158541834633395	0.0932162358462992
-0.659998933803769	0.638393589372279
1.45752343913033	1.27537026789248
0.425700420376971	0.403622483463684
-0.0203983194200948	0.0100924103807715
-0.5719281963242	0.455647175693163
-0.0462176995256654	0.0216706540452306
-0.145344127772515	0.100750682895954
-0.523222065241098	0.410149853347075
-0.00149678527369493	0.000587599378325829
0.769902314006939	0.989966770080214
-0.142971326422306	0.119482814659713
0.067015985970405	0.0469794146776808
0.287680042783685	0.201320497283415
-0.44614191262929	0.458288113411143
0.0784920763924675	0.0610759490888768
0.348313265797764	0.174200357729694
-0.997285540070264	0.521265643213589
-0.10469899282333	0.0413415320463066
-0.893386968382747	0.803635467337654
-0.342810701013728	0.194600750366886
-0.199805015850911	0.104349570608061
0.347368797843493	0.17418510825053
-0.116379252180665	0.047831211586304
0.532155909412055	0.313947113658871
1.52204686700733	1.24154531469518
-0.664579146404012	0.385613636855114
0.152255612229685	0.0801842971341403
1.61464480699669	1.0369051826066
-0.0131103886921205	0.00672497476155157
0.509328234383416	0.19034954966172
0.136104373206364	0.04771177513027
0.13635322089906	0.0480122083399417
1.45106985905744	0.908758774541213
-1.11596147365583	0.740753350308211
1.25565624577578	0.671379621742576
1.0171224865836	0.392494664405753
-1.06556089798899	0.822863462503262
0.52710371777616	0.300223306630172
0.318371420107994	0.164224008640159
0.00177599748670342	0.0010430413861441
-0.122104732531544	0.0457430495571582
-0.538228232179672	0.217245564114017
-0.624823485783867	0.308958409058071
-0.625541054903268	0.302960912119805
-0.0440470182347462	0.0205273701603295
-0.0401101229212833	0.0194061923977569
-0.0213144336724141	0.0147335381442443
-0.803577781755745	0.454080213630328
1.66911308773881	1.86455444859687
-0.205598502089446	0.15864327549437
-1.5069290023678	0.825613110856424
-0.906076795761037	0.870516893445917
-0.413125794621939	0.226392752317896
0.162032113902653	0.104145521493023
1.11365192119228	1.08321928092394
-1.12579064818841	0.982477573920947
-0.621536976007413	0.512226618556834
-0.110062853063602	0.0623407899662127
0.322436204331251	0.307168153290585
-0.30824547323746	0.227431176198413
-0.0328687240284978	0.0222712546359276
-0.412204255354368	0.363238114154169
-0.997220027976197	0.976438448767337
0.269688531282391	0.208861402775666
-0.283037750275636	0.20811294203427
-0.30523807565176	0.251660477729362
-0.294503712170999	0.187641806187439
-0.19838373196457	0.107920719055338
0.141018613769744	0.0682864741004221
-0.0545630331943747	0.0242706955575258
0.140212750873762	0.0438266964952015
0.134054511289016	0.0472844272232309
-0.169213085472081	0.1514717421831
0.165248743827083	0.124839214433567
-0.00620830501457193	0.00525364490855368
0.340534527896512	0.371846414619909
-0.0574401190654313	0.0491156302989447
0.153825883702085	0.0987219271759295
0.0912204577092186	0.0782917367238486
-0.011831236359027	0.00831479137852242
-0.594180663360681	0.451509194257772
0.139031688439482	0.0551553886440224
-0.721288147506134	0.655998897512439
0.940775374575219	0.622714179642627
-0.717513558028188	0.644646131523976
0.226045179349481	0.213788956554826
0.26216419648754	0.2138250072447
-0.277658263705071	0.214376056817389
0.34392302466096	0.169973243253112
-0.537203750818899	0.214759074339169
0.671710049230758	0.323018485469754
-0.617365433896648	0.306664761624065
0.437672703390849	0.170595016068965
-0.803412017244821	0.439357649124861
-1.83491490068662	0.788425903741666
-2.30817250351384	1.1858014810353
-0.120815636416049	0.0479414592799296
0.131241345723582	0.0549615186460759
-0.779436081678228	0.349411153020909
-0.233830271346971	0.079880351732573
-0.236727855931232	0.0810119912872077
-1.83491490068662	0.788425903741666
1.76483963854357	1.01341838191559
-1.8383130898485	0.739854527659786
-0.114264836098936	0.0466070961307726
1.02088548899468	0.400936027164983
-0.166323084199208	0.0624224519468323
-0.538077224413573	0.213765561523522
-0.408844840646204	0.179390817300938
-0.789875810711357	0.343823103640961
-0.744651105360641	0.263617978795572
0.12824503135614	0.049133014952737
-1.04350155286969	0.429872929116567
-0.312553016688163	0.143146766811956
-1.04038355317258	0.428241517084643
0.941083682661651	0.642229720765957
1.05177013892091	0.53884759794265
-0.558499917588306	0.351708348354063
0.00514576317390716	0.00444619020618815
0.309517373540763	0.284622281897158
-0.155426708722932	0.138276248063486
0.213311575731527	0.219111125771096
-0.349922658650269	0.249229726623187
-0.382045141748431	0.338507554569425
0.830873026000478	1.13987575667573
-0.6880140325601	0.676882173644481
0.772929663758625	0.582247263336941
0.0267568850527601	0.015361634609078
-0.497089625254253	0.539856644609207
0.0724094220008602	0.0499073898259845
-0.703224817895237	0.83940675071348
-0.224388928320554	0.201123906568343
-0.671047282334158	0.654542218549785
0.79765068847551	1.02802040163692
-0.206323616378527	0.141711810711675
-0.250883044582671	0.164492528900753
-0.093128250909679	0.0565285088950818
-0.328341119602657	0.276882405683146
-0.374078150431894	0.307081312787088
0.491641760529861	0.435756922018785
0.78477366297377	0.713073960476227
0.583125667277978	0.294550976975326
-0.259168519496118	0.131506474549103
-0.412880964317665	0.268512349202273
0.463593278853989	0.493832568177002
0.00844987474465179	0.00613427340568377
0.0459563895070249	0.0294161033051016
0.132436901408979	0.056875403771735
-0.539121619563447	0.212020396153515
0.144013731109022	0.0446680190904957
0.34579728056154	0.176274656476297
0.775545539707031	0.475860154761215
-0.508842912942716	0.267684419436409
1.56119572521903	0.778152824659933
0.382452824618825	0.169726883438843
-0.508213430947382	0.264498242412487
-1.10589164279445	0.757342887047417
-0.253378911954751	0.124731543378681
0.142704028000472	0.053465376174023
-0.545044152126263	0.210265636844621
-0.235856775008958	0.0793489852912384
-1.03952973450319	0.426155787261663
-1.29550933804307	0.627186554192247
-0.320952959421538	0.154335715038355
0.507392851134123	0.184579427606515
-0.213841903583751	0.103298099344105
-0.251483115627869	0.127889475232773
-0.161362717430359	0.0593626128917543
-1.15137571754371	0.349671187854008
0.126231542391983	0.0544559353664835
0.134054511289016	0.0472844272232309
-0.950401513773169	0.652638612199388
-1.50772794244597	0.828052257466456
-0.536901713030904	0.192090373563874
-0.293664103212026	0.185522397178837
-0.966695057214974	0.614432452222438
-0.291007035236778	0.187337080027454
-0.621020814557204	0.519534874014803
-0.00997355819599176	0.0050761032551624
-0.990106795273382	0.513997136030586
-0.0758456112375006	0.0494885790631831
-0.163450720813566	0.0618388623357549
0.387374146933359	0.176933088806215
-0.663807159993255	0.409827818491952
-0.161225835332711	0.092729265986559
-0.0290271861783279	0.0201117300531115
-1.07817467545619	1.08032985974337
0.0892340453306961	0.069182013853661
-0.557463900110436	0.485760741267636
0.586702106018511	0.535618203781518
-0.218234146594921	0.174870818363532
0.273057239849768	0.209468596645763
-0.24679901679153	0.162500533192009
-0.722653809425175	0.636372604583428
-0.414032690473565	0.215787064655934
0.163699800628376	0.101131690655286
-0.108549820451671	0.0450134438348328
0.467907462712525	0.298951264805398
-0.610126955562689	0.616870220009428
-0.687647805705307	0.495744747082225
0.254226680008213	0.218011101820312
0.248117295238444	0.194226375573526
0.278371071375502	0.207951275541358
0.166099875693529	0.121530033987533
0.0683371719460543	0.0471508752805821
0.152921450157193	0.0952276933332897
0.386685203538902	0.295435339871132
1.02732357904329	1.08570271711675
1.11898077311815	1.15721753161842
0.677918683131257	0.672326803130471
-0.161778281418184	0.0937737047078239
-0.410775091606826	0.236829951780063
-0.788025635894696	0.348646065421378
-0.108549820451671	0.0450134438348328
-0.158723721967224	0.0597820347023464
0.810475878683332	0.347523460103505
-0.232840441156484	0.0750800542411956
-0.411894430982352	0.180404527974127
-0.486352207658337	0.310811810310484
-0.746299501605774	0.262727370636678
-2.08626358064113	0.987460625985821
0.154326265881988	0.0396696710594312
-0.918229712504568	0.748105274780143
-0.0315209541578346	0.0142349344815474
-0.244927376203932	0.120523008671415
0.132758441527286	0.0435212965062319
0.320113729305303	0.177707007078242
0.140410848877903	0.0622219408217882
1.38959355304398	1.07886192817719
0.430910117503269	0.177258505484743
-0.809094524862366	0.445410969540386
-0.618062170451355	0.308574530477795
0.672453609813147	0.324018983808845
-0.318813309282518	0.148630374414085
0.143644842311119	0.0741547164572163
-0.248034038555346	0.166037085663366
-0.620273903009652	0.306322029367395
0.346410309116634	0.180034990902733
0.324390250385667	0.177298745182626
-0.253049115432045	0.126443943935403
-0.412004993696802	0.286643052635227
-0.6594470627918	0.395342061147261
-0.800215443186663	0.447990710928664
-0.52074145459322	0.402534252585964
-0.251046929215874	0.127747077524687
-1.52858836030454	1.91217555171273
-0.52693387573535	0.396835976974805
0.143773199786866	0.0752839669739171
0.157838911729756	0.0783104119016369
-0.901342951171786	0.865047259629634
0.380098617410733	0.314423010779166
0.0299711319110996	0.0171591674572367
-1.29129662197609	1.30906486402893
-0.673737893123433	0.72333713970889
-0.147966670295978	0.0814451914482782
-0.220244652249908	0.175219742022261
-0.406555931045136	0.36957893677181
0.151413372750895	0.0928144130855901
0.00986429709822647	0.00524318836263935
0.312647451172933	0.301612501906013
-0.042847591442352	0.0322687874360006
0.162359903111827	0.11904022425282
0.937227623876929	1.13041244010553
-0.149600630323005	0.108533398903752
-0.405775520941583	0.284791456400353
0.949058836467249	1.23774170917167
-0.0418860505219444	0.0205613777746015
-0.245450569284167	0.157124870011272
-0.0290337485009378	0.0200303764876405
1.64854732511572	1.49890277436261
-0.479696799567624	0.443886869297044
0.1510543498528	0.0882105241516248
-1.04832397868181	0.427518463663862
-0.280923140544176	0.167485836591107
-0.160506619396728	0.0915198237459531
-0.0988504453203001	0.0626680116526841
-0.991584835419699	0.509621036689629
0.135131526685483	0.0578687470931101
1.09130838175878	0.829051716901359
-0.804868976228273	0.565351064156234
-1.04938876843792	0.445225820250445
-0.531374781703655	0.206653807081802
-0.622491280980172	0.315037369086305
1.76483963854357	1.01341838191559
-0.687616035568174	0.476261883567534
-1.5069290023678	0.825613110856424
-0.405584284850149	0.167654540830472
-0.810409509894108	0.444970660186662
0.140616983548308	0.0659894042559534
-0.15223180943043	0.0847651183551011
-0.34053676605461	0.186427708727568
0.131631906532435	0.0617880378189847
-1.83727742518919	0.761151259714728
0.131749166732433	0.0575436673341548
0.935100096623318	0.622403146135069
0.508395487354649	0.191306406455878
-0.320467617734818	0.151291354311241
-0.199805015850911	0.104349570608061
-0.674654502841588	0.387003550817232
0.698869853518344	0.460849644097777
-0.322269812208497	0.15457168293373
-0.0716926539058601	0.0323343794085784
0.0235128910602445	0.0136997267230753
0.134179846681609	0.0646886188327741
-0.347763675843534	0.212049819177616
-0.131185607491411	0.0718790916152187
-0.724200987759209	0.693859305761583
-0.914716959032835	0.739062859216517
-0.0622256421403455	0.0385039099652382
-0.170090065328781	0.13771644592906
-0.922747568678245	0.772360172505668
-0.24073230322552	0.189456994466745
-0.991833031352208	1.01525592786111
0.152379981590057	0.111241865493006
-0.28531404375343	0.210136216292379
0.539268886115012	0.540555350867275
-0.637432604757143	0.665624175793693
-0.292503293321494	0.183472637118332
0.0130704965522813	0.00729091363320609
-0.4021347918694	0.343051164806618
0.876221738583812	0.909599865820153
0.0143577604822954	0.00740812443568896
-0.200118368748826	0.101037466898654
0.26178750065897	0.192608449825456
0.331480290013759	0.178642290750803
0.255544084606533	0.20862553312697
1.01624300273674	1.38095325198181
-0.146993633678512	0.105175343578985
0.274468724226849	0.202990218016839
0.812198675511644	1.01603623802807
-0.411935200575769	0.401041397311062
-0.40829992313649	0.373329833911035
0.156165776015668	0.120329920134778
-0.343629848748587	0.203503135898403
0.626260369792707	0.661951706625522
1.22569452968497	1.16194627457862
-0.0748234706321934	0.0477190805144491
0.430002852168666	0.304611366893435
-0.0946244734361458	0.0585348690256027
-0.255839258788718	0.13266788840888
-1.16040951397383	0.344880717431235
0.135001442265096	0.0509158821886096
0.346134172674001	0.173725319335176
-1.29638408971697	0.633152599982418
-0.963205178754954	0.575192801127966
0.496382645077273	0.31288268236916
-0.320784417990637	0.143137748718024
-0.111705954051599	0.0460139852933966
0.463131985890171	0.314396889778885
-0.320952959421538	0.154335715038355
-0.054179412810615	0.0243200352052221
1.04894138043849	0.521983179474153
0.133324861621024	0.047022951939009
-0.0416767232537939	0.0203601044511493
-1.99393915276711	1.42120193506129
-0.790459093015734	0.34305357563843
-0.0729337977028532	0.0321775121310788
0.509454416060186	0.192400711673136
-0.317520481335117	0.148021199008711
-0.93146612587946	0.67407265081065
-1.04350155286969	0.429872929116567
-0.0134976234724586	0.00691022474469237
-0.262500681634582	0.1283806985536
1.08358169054582	0.61015773141293
0.500230076586445	0.176601634257929
1.10269962235793	0.920180834775945
0.646807373942327	0.454847608087399
0.0235128910602445	0.0136997267230753
0.134341149372325	0.0648288703239511
-0.348914929562743	0.213712633979174
-0.527286257284116	0.49687054853856
1.01113139397432	1.31900433193104
-0.140806092967473	0.0985674184784689
0.688847260048809	0.770609314171453
-0.0464968079134375	0.0295055284915194
1.01976967738382	0.957632858601738
-1.15991229002542	1.18402592016867
0.723039253955958	0.579874737801527
0.616626149324775	0.622326092599195
-0.460261370765561	0.368629734142928
-0.402063355406613	0.163394796888018
0.569006304828746	0.537305025501571
-0.344214408374037	0.214769901006563
0.410982668610996	0.297730321105228
-0.453200274420184	0.394413447379158
0.170938697139587	0.132983722513833
0.0549050037348738	0.0345410653800081
-0.130627527114067	0.097564368245523
0.287808688956903	0.301857846776506
-0.236322966263771	0.181776735239886
0.577880887335363	0.546048970331168
-0.975932263807961	1.05139125837961
0.373839170702568	0.310630724815293
0.150119189363404	0.0945539544378745
0.154013381157258	0.10055967935422
-0.562248223449832	0.361309211522862
0.638012930128394	0.459758348795862
0.0425074285331774	0.0266678816458109
-0.316645071197373	0.149812795589409
-0.127658470801485	0.074953800766596
-0.0710177179910658	0.0317864451253498
0.383983958798263	0.1806362076071
0.55792952457654	0.432593507249911
-0.199676056010137	0.10032803120586
0.676463328789519	0.32389364068142
-0.419454452443454	0.215489984213756
0.137205275562051	0.0508307801439438
0.154119685883727	0.0892360123987213
-0.163369768622376	0.0616716443076173
-0.0704049039279305	0.0313000430781378
0.12846076599153	0.0506083201579723
0.13201532417181	0.0581688664374835
-0.254984356569805	0.126199560266329
-0.0125015288488272	0.00641193536423505
0.681844643509206	0.325235587307819
-0.253659416385327	0.127629307181453
-0.745259487398754	0.262919870951982
0.135897478245551	0.0698618152314156
-0.81343878933363	0.521852841639563
-0.16245450704869	0.0609199103035257
0.141018613769744	0.0682864741004221
-0.243796363156039	0.0832740997549207
0.139779758044528	0.0719323087659854
-0.0218540592897844	0.0107984970168976
0.0186301048295426	0.0107486814978842
-0.991077740138358	0.502407069289994
-0.412711993094214	0.239864564576846
-0.312276893789737	0.143405513723062
-0.356550418531015	0.253260975724176
-0.345675222957427	0.27131845555779
-0.710247823972069	0.838095990016492
-0.221284495513831	0.171731384798618
-0.684800129101757	0.733454663948478
-0.443886455381853	0.421126217324109
0.144235572907929	0.0896890599984479
-0.750874576934281	0.820736776257551
0.596432332078185	0.715755097260923
-0.56183521567433	0.567994396108592
0.155906413723657	0.107146860023691
-0.125762875017529	0.0771634079039557
-0.802123002467246	0.618554592625352
-1.11495078305256	1.06274521924197
0.936851876206842	0.935620561215011
0.532394238748148	0.506593133193809
-0.160304575008569	0.130038022189237
0.0698574944931882	0.051964795538704
0.320308559323828	0.306828891955293
0.624863361148161	0.757592079314989
-0.0142681027049945	0.00724274105404491
0.168660630579228	0.163515701295269
0.018503946057644	0.0169652795178187
0.0781167287229332	0.0609058462734255
0.154766198994293	0.105287510296679
0.558965520246618	0.439241555843767
-0.413927963359192	0.233856542558039
-0.00418373242966695	0.0019724162086292
0.712218146629676	0.969389216749525
0.543520691640609	0.541621907088972
0.734066117815383	0.72707646734229
0.431211196769685	0.297785161419161
1.55315959470591	0.816442546773927
0.388067746512885	0.177580324119649
-0.253989490518797	0.126760478256855
0.152732391175414	0.0382714049770349
0.125617210279122	0.0479200400412875
0.127459310652079	0.0521851193704551
0.803508624674039	0.355309686533994
0.37756038918282	0.170270457615782
-0.617611479235181	0.301600944464743
-0.994753757231975	0.512743170789752
-0.162644160110906	0.0616497483092917
0.142636677723989	0.0615378113305817
0.51033816211779	0.187496519895631
-0.639856157010912	0.158868155145205
-0.319805633827254	0.150257257002701
0.136501369346904	0.0467023294618962
-0.208705115674819	0.105264798787545
-1.29246952974872	0.603074028277134
-0.10726758139673	0.0433531632590504
0.523081563011777	0.2870138369858
0.141651570492652	0.0452348710722191
-0.413375506529076	0.182220227675705
-0.326828770417781	0.149800320774827
1.05869857480867	0.508708895852565
0.641287561603508	0.454186381661434
0.140615174934098	0.0708031731038431
-1.2982928271818	0.612860262944975
0.144953065498432	0.0756217211131045
-0.100585150498882	0.0622906775948597
-0.309905837800911	0.232587697723258
-2.24296383956208	1.75794023779571
-0.740023940193408	0.261682523765812
-0.806769372544754	0.454637220476584
-0.810130446789261	0.440713950238307
-0.404094123272059	0.216693643518493
-0.503091381726462	0.655920828156568
-0.307543283528075	0.320700439263908
0.508184596204445	0.729865254309969
-1.01106988766023	1.29510002361987
-0.437676164905714	0.429234971670871
-0.1657214643821	0.152015449673086
0.468976152378437	0.47709720403691
-0.0758995600728708	0.0496285609733666
-1.0630815328116	1.41553154807288
-0.493739054213825	0.576848628127484
0.319144463952103	0.175945511590803
0.766130920644037	0.822118774907846
-0.256226160845974	0.26454123412664
-0.615597064821035	0.307304396542219
1.04997330223745	1.19157266184497
0.282982116102669	0.199891523792417
0.265505993445359	0.210598869018163
-0.209556654231154	0.140248213463443
0.390624027580195	0.298360626234671
-0.107188466294635	0.0786517375409445
-0.0130670184230031	0.00668191763449225
-0.616445112494216	0.494968967631063
0.354499934250236	0.315071289094326
-0.206360316807029	0.143590132421306
-0.521715383593028	0.408093308878594
0.988667438280514	0.773507496521624
-0.669859794744048	0.388889683607711
-0.415659640265263	0.236528936829231
0.120151767296083	0.0434219701214084
0.77801498301978	0.435824146375782
0.647228413128584	0.458092389532055
0.153993503804671	0.0927877124153754
1.55852982286663	0.76811319495648
1.35443788252598	1.22674810379152
1.51476951878918	1.22001455398505
-0.400693215833164	0.275054129001153
-0.0436215684141618	0.0207482035342731
-0.195947843661564	0.105810237644017
-0.0301389725817278	0.0140656701190311
1.26806148974679	0.71272459725209
-0.0401458340372131	0.0191390089866923
-0.50216468239629	0.258606320246248
0.142584874771268	0.0644511815280065
2.23929356511981	2.41550922731085
0.491491079929137	0.310692804652952
-1.61546089319569	1.23609155712036
0.328721758208908	0.18373680655548
1.55839407717827	0.788473508071466
-0.37033516179552	0.257231061779999
-0.665930459651275	0.401019919349647
0.151857711574522	0.0933358719832276
-0.80852070484796	0.540394890877351
-0.278218294727423	0.169972704922475
-0.533124692221248	0.208500209328121
-0.679387947709807	0.466677651892643
-0.962251900704007	0.587301493415263
0.00549232203367578	0.0030261841504733
-0.253049313401629	0.131371961739369
-0.410320473225848	0.294053471421755
-0.341088323590461	0.206570378533727
0.139590129970736	0.0461431475081906
-0.358411680347667	0.295535093117453
0.292683747573826	0.188984684784802
0.140050075127419	0.0737976189246768
0.0215616846597773	0.0127222119761729
0.0385667467374297	0.0238841236334233
-0.108682485837283	0.0662148470966372
-0.556495095455236	0.483997327587228
-0.975630921823426	0.998453192360236
-0.237468423174276	0.151380285858318
-0.00840175881947759	0.00436285460598629
-0.986112728421575	1.28877486193383
-0.272333407763697	0.203997428212184
0.596364136935209	0.548480266047621
0.0280806121721237	0.0160876398277072
-0.522746741477163	0.398522378460053
0.0354448533948777	0.0221066834438478
0.84444485932848	0.605201068533504
-0.365095510595562	0.257594143914158
1.13026226661734	1.28951454298027
-0.410818351037325	0.286951973000466
0.156840945295383	0.101934002108284
-0.208003336049397	0.110957837781695
-0.500499859689664	0.443470812892646
0.712190079954213	1.18169795136758
0.53313111494402	0.714732201908183
0.618078397912271	0.998496558298265
0.766395442576406	1.05504191488102
0.127153050676659	0.0569461551551034
-0.0440151744447304	0.020173390998205
-0.249933125224538	0.127144246053345
0.157836904522321	0.102131705616872
0.0505933612480289	0.044105968660653
0.23637497988321	0.215310146287039
0.16270763907866	0.115430798457582
0.43625389878896	0.313264966412203
-0.639151761544215	0.160758461567798
1.31428992309049	0.596233798709692
-1.83491490068662	0.788425903741666
-0.235760769893683	0.0787471827495425
0.145949850274653	0.0770638553505644
0.379899530437914	0.175385859022461
1.07141225286995	0.656814434192412
0.438286310706099	0.173704409709527
0.149557277841831	0.0384747021438069
-2.09339649450036	0.955662000327628
-0.23779019895304	0.0816855379093685
-0.533432171362934	0.208229775442145
-1.29463497690841	0.608966148079449
0.147571338722617	0.0296534813215984
-0.799303245120062	0.435388485801835
0.138439379716621	0.0387055883322158
0.896511339213776	0.471646910700924
2.10997853885583	1.44618841016148
0.684253023057091	0.326859734215496
-0.242923279836333	0.0794483933897018
2.9001589176484	1.8931884863132
-0.158338350181924	0.0584174913036698
0.149437344912318	0.0387143285458533
0.140168353562376	0.0417587511082613
-1.84011043275841	0.791356332498899
-1.04842602986207	0.44867035504741
-0.640051550461191	0.165024385486426
-0.903404670235361	0.905017625413739
-0.789219644713654	0.36761859012188
-0.251425084322285	0.126984922763823
-0.0700269639360225	0.0451506746220609
-0.505973617707819	0.274019150174632
-0.0471451616086175	0.0218182375974397
0.0296554489589855	0.0168420254049231
0.144942901751711	0.078308223681384
-0.0777042333053343	0.0348073844312835
-0.662945383505829	0.384574040548245
0.0765024976699938	0.0757590649498815
0.02056094486541	0.016085981169612
-0.747407324798997	1.29031868520624
-0.851219372982797	1.50171250341977
1.11011701009726	1.10190586933888
-1.04767796493466	1.46956904489876
-0.478059827914384	0.611379178284662
0.51098390987524	0.511004428204264
0.277637165225998	0.212517738965037
-0.273071487332274	0.205137641470698
-0.159168429527581	0.132940858591925
0.00220363778575958	0.00129826518371636
0.294553259406346	0.186021026563594
-0.0925981359657348	0.0707077088061167
-2.1269750061389	2.13098929448833
0.0134694170610718	0.00766575350368908
0.173273169772472	0.164650274577483
0.306751187451141	0.182950453584159
-1.10024260175559	0.705244870109426
-0.687194236568572	0.500851204789271
0.155735364118497	0.0935679138243289
0.538688181221983	0.58513235981058
0.324285989530709	0.306948113066098
-0.811986616656896	0.962688110364969
-0.680828807140477	0.719897349273259
-1.39470097412891	2.10391483781863
-0.277407530948407	0.207412346222199
0.721719902684009	0.90550466298202
-0.454170773683694	0.395570451749806
-0.672320573061064	0.710582372167261
-0.062006628819525	0.0405148344748104
0.149345475414347	0.0962015792577784
0.626349547392297	0.571442128836829
-0.210572703920009	0.108644211017328
0.151413372750895	0.0928144130855901
-2.08541601344563	1.00114395307717
-0.90908707566359	0.830554650662849
0.557319353148916	0.428549826435178
-1.02221625194548	0.831517195411969
0.321569849207684	0.188446256189625
-0.664147997944797	0.409959643236575
0.380834551362335	0.176107348240231
-0.040317668208709	0.0197222242853527
-0.316645071197373	0.149812795589409
-0.0726266734866235	0.0322265313834406
-1.23538232972004	0.912032408379318
-0.619703945986622	0.307637553095681
-1.11083661728542	0.773183051980988
-1.12609013450248	1.0236086344236
-0.465447991993493	0.370961709183598
0.590934500712445	0.539892210592019
0.152158814670169	0.0855211417482878
-0.0983367585280491	0.0621452193124485
0.889659680844533	0.47891901921808
-1.54113796436697	1.53002064074437
-0.901265203113758	0.808191399280614
-1.1756273982514	0.655100932680031
-0.295054238740987	0.17946168584769
-0.6154751072159	0.500262790096456
-0.701479369239087	0.568623976171182
-0.622491280980172	0.315037369086305
-1.23360835031732	1.4981794690479
0.00514446929801527	0.00280833748835056
-0.709682141326588	0.561084923179847
-0.98761373129925	0.97550533477259
-0.211760545085412	0.14726551525458
-0.692439726833427	0.48459662636129
0.731122566543176	0.799459577690892
-0.669483566574533	0.385999097865448
-0.587066216127987	0.424819711164922
0.0464886347356858	0.0294271318626751
-0.122068906920989	0.0869775616389812
-0.266815657007621	0.229432988362181
-0.530013351859868	0.386964958062561
-0.739594548261573	0.698812608673191
-0.236291260102686	0.181700624090371
0.708992532977413	0.759557574412862
0.248872419674809	0.201837490095029
0.348437460004358	0.30513091740497
-0.590148240150201	0.636988728839709
-0.654791595700407	0.643520028969001
-0.303314474861615	0.259894568238411
-0.207466750087146	0.16165162424694
0.00963520649047736	0.00516171866932277
-0.407211273167296	0.285683525969565
-0.441925414137225	0.42644848581867
0.16368601075272	0.109931340718339
-0.0521645372246678	0.0347023654638584
-0.278200347477969	0.238154576871349
0.167853218995444	0.105418892277208
-1.02526041455761	0.894135980456788
-0.0717477875162343	0.0468844445986038
0.15660861644185	0.122449130201236
0.725165339521369	0.718950755062117
-0.0473231661980799	0.0308926331825568
-0.0131103886921205	0.00672497476155157
-0.534902897357747	0.617512230922636
-0.688611790960038	0.71407283209758
0.321281334731288	0.306627835186427
0.353015603174505	0.309333312729073
-0.223523713051377	0.153290235075767
0.135476444646195	0.069545511202276
2.10727621372639	1.4293928984481
1.23027658186252	0.798571531285485
-0.068082722616853	0.0436633607646345
-0.0305250875717052	0.0141070986027792
0.148254571269623	0.0839502462253308
0.0215616846597773	0.0127222119761729
0.159426170292011	0.0972968931469673
0.142603537440228	0.0792157507318308
-0.917436227705828	0.723637179290083
-1.180558788572	0.697825319044069
-0.252440228292708	0.166124618948221
-0.28091847831839	0.216941925885431
-0.273731472545742	0.198797981922982
-1.46193745221323	1.21571919173177
-1.02235957847144	0.950320686505322
-0.135671944681301	0.100132847422361
-1.05207232331854	0.837970222725997
-0.889341531676094	0.912378244235178
-0.813582419011994	0.59226875849945
-0.614796782230905	0.288632675077188
-0.241587923538651	0.162745591386998
0.32246937665087	0.186163946415935
-0.315533832456909	0.229733906614468
-0.118626888285024	0.045225902670652
0.139656828686493	0.0725689809433717
-1.16260715359662	1.2643042796513
0.322469038575312	0.173449364566725
0.141880508452034	0.069313330844451
-0.689285302107607	0.485508661610153
-0.25869597041676	0.132639266196688
-1.06463651374404	0.829917220368317
-1.3718846730137	1.31737078029444
-0.661217493151976	0.665186469709509
-0.411894430982352	0.180404527974127
-0.416620964359859	0.273914036278645
-0.670357447546906	0.398062362328815
-1.68541135968243	0.999039175542301
-1.29506810750455	1.43773024500567
0.257260809481378	0.20969851494735
-1.06295766737795	0.816487972444832
-0.744284992160233	0.834465339151069
-0.601772881419914	0.610765607792586
-0.588722441842845	0.54244748402414
-0.242279766584998	0.190743868679552
-0.111705954051599	0.0460139852933966
0.132283051634689	0.0457216646533908
-0.0397260335525699	0.0193484920439283
-0.201198385189146	0.135011782031775
-0.28211578913451	0.176440578607605
-0.680052768416483	0.454460729651247
-0.163572752272623	0.0914089258348334
-0.757213183787845	0.850365715699964
-0.0332770704447867	0.0158869173296623
0.0290031271494777	0.0167530500734298
0.714651781217618	0.601598665049974
-0.098208121582314	0.0590232277386479
0.962598945462068	1.03981882709001
-0.895002258838169	0.966715754111514
0.172855960492442	0.130308737035562
-0.0951390455635185	0.0586779721130017
-0.523205889326939	0.393781107341591
-1.43788961792913	1.96818013484314
-0.316700161869669	0.233056397890142
-0.0661870796004459	0.0413003175597593
-0.617855357611308	0.504299680773584
0.819503065411905	1.15076848625367
-0.091254169939313	0.0670302432344427
0.101983354502153	0.0907546936169379
-0.128012252706462	0.109112455333964
0.0574418770955278	0.03953812218513
0.330869218870898	0.182558137207181
-0.929756832059899	0.636572781982096
-1.75248004580746	1.94043481615679
-0.798538350533654	0.586222997474163
0.17308185320855	0.177970574062235
0.420590133090281	0.479029443530765
-0.190975478005078	0.149786107139879
0.153434466814618	0.0876519865154807
0.942969148811246	0.597576053169911
-0.795846567770847	0.335097340462754
-0.800875574286339	0.449027063728235
-1.99570857400782	1.40077398525003
0.35052360688446	0.178453634952917
-1.23782852774217	0.907316926396722
0.510424922813668	0.193438302922747
-1.17808958630677	0.677625945021004
-0.787617720907545	0.364421783810038
-0.104900390409348	0.0415203127153092
-0.998535088445235	0.52395959859642
-0.780235362022569	0.347909767570684
-0.556496940500442	0.36595658572973
-0.3631673929264	0.107293544166728
-1.17877986115867	0.676992100491183
-0.40705123880059	0.224185634900758
0.489472289688199	0.303043374130641
-1.83727742518919	0.761151259714728
0.136059592448409	0.0420203261091253
-0.501839897685611	0.251138056003026
-0.406084432168624	0.171565014502386
0.285731864110991	0.198765322552874
-0.535434333049519	0.213943313751671
-1.33772087563409	0.848414543560912
-0.349816302156274	0.20614595455126
-1.17435831672122	0.662808892774176
-1.66404953448039	1.74147883644301
-1.45854966661931	1.57156063305325
-0.497496076969119	0.646258082277618
-0.31033373432976	0.233947959459425
0.16237706198557	0.143491085341359
-0.209370794475962	0.206312315241402
-0.565378224723352	0.654448147469917
0.28640707550067	0.192186469686473
-0.691136314734955	0.793409183324432
-0.642864752709877	0.956077632149123
-0.556264627765669	0.444760226021359
-0.163875489632312	0.145801328472035
-0.903619004774262	0.858480102348473
0.149071579826843	0.0755714591953402
-0.640749610655509	0.810281477754659
0.481355818071333	0.286088428591542
0.633438951976453	0.436398081949118
0.30131120549735	0.199093598373719
0.320777648737823	0.189547276394349
0.686681517501751	0.314027219690368
0.643671618892305	0.462753236111378
0.254682049326661	0.216675836758492
-0.229569112831013	0.201458901691654
-1.37344005245365	1.34004900465919
0.019606607744854	0.0114691996932379
0.0921991613947346	0.0732434258301046
-0.189466392228794	0.153172155634084
-0.913746542737805	1.36174180567999
0.884217485394328	1.23001027461609
0.567092228374336	0.614472752054876
-0.886471188153641	0.949566565237207
-0.136275683805384	0.0997882059687668
-0.00444053097122873	0.00315035901836912
0.341411792923436	0.293072958019269
0.276378476398589	0.188935244893096
-0.70106664192418	0.557791988763991
-0.166253921993617	0.111732504398477
0.901952613727163	0.772874771710743
-1.16242517044755	1.29210747718854
-0.0740709539987915	0.0462196637640301
1.10854724516558	0.970108986638259
-0.804789843266629	0.516439172804427
-0.093403527080866	0.0570607689573722
0.589765253889648	0.308059104793564
-0.733424249571233	0.616277880634218
-0.116558827876627	0.0665499847050587
-0.361689402338145	0.108124975750703
0.907731801046288	0.943412312085303
-0.892801531446191	0.884691548710322
0.131272533789914	0.0618083910649424
0.842105338374651	0.736746062945833
-0.0198605433725272	0.0100151018059412
0.00725854242034137	0.00383935176186227
-0.19422549688586	0.104000945346189
0.301422721439767	0.197065137012268
0.570609139021462	0.536688995382775
0.136018053430074	0.0621681885561581
0.465512958299147	0.316145904305693
-1.46259226951931	1.4784474026257
-0.244146563008394	0.192542849191044
-0.102088107098154	0.0738306581022689
0.531221353705253	0.429502815780334
-0.19750118444248	0.129147845353815
0.765442389896462	0.790788482913314
-1.446029183955	1.80136888673826
-0.400320612957504	0.317674984298084
-0.187662106259919	0.130208924190848
-0.0160313251284371	0.010815969274268
0.248763960840397	0.218848146674343
-0.889597711477231	0.911759816199079
0.633613867445947	0.582593642388653
-0.151165452384361	0.108808470541494
0.167129611110313	0.132723520634666
1.06859477212585	1.44802146082247
0.652610771856073	0.70615105547916
0.0633769566827363	0.0461016076629699
0.302309145917381	0.287830158114285
0.369779191946985	0.299788747417646
0.304123455456148	0.175682607795834
0.638966249226526	0.431549905921146
-0.108792495745563	0.0440249965028219
0.379305139661651	0.176204013144254
0.337213655402877	0.163102822994781
-0.414902129018213	0.234119346193521
-0.209801016064176	0.142218383104811
0.412937142916051	0.315802633972506
-0.474720199846728	0.308834648778294
-0.72917524322691	0.718918847659178
-0.101289854525148	0.0885091960128736
0.0542743796728336	0.0485784794417934
0.0849850603891172	0.064346886579725
0.72062413288806	0.684104585407322
0.0048936143053537	0.00274157537122439
0.139750042872507	0.0620535895618652
0.799615771810676	0.964494220549609
0.4990906237498	0.419893900329869
0.378968079285212	0.318611004291158
0.901046157645787	0.791980085779243
-1.23802360418445	1.45762764724191
0.694585441048465	0.461625429262979
-0.0555689142319988	0.0370961008861991
0.044698968315193	0.028958156183183
1.22441001745835	1.22926915028727
-1.19503145601314	0.563757810698551
-0.0629363695322396	0.0409987620758102
1.32594204191822	1.33874263887772
-0.472157527046214	0.318354578857101
0.309385720951156	0.181927087772112
0.158906100028348	0.106370781342125
-0.128761172807649	0.0748647325982135
-0.093403527080866	0.0570607689573722
-0.357717795800517	0.263287218067616
0.15266545002315	0.0800087189497747
-0.155735572777678	0.088775496362554
0.0568492440936688	0.0387536431276687
0.408555221987948	0.296547259376659
-0.0397260335525699	0.0193484920439283
0.428911132353242	0.30573150876867
-0.905854792400708	0.821463686516085
-0.204847223675199	0.111950858752725
-1.69238522635818	0.994469561014255
-0.252019491877553	0.127758118445795
-0.655988453044669	0.381020141310754
-0.368355469182613	0.306872542831302
0.468185576860586	0.408258652758391
-0.66412245285151	0.392191893168045
-0.270653351544926	0.205997691160253
0.167493610222526	0.123076474126201
-0.171084722091018	0.118693239480017
-0.0211167298646577	0.0140542805011673
-0.8192233877792	0.95179284008785
-0.0338362635535285	0.0230890943867285
-0.162941105521253	0.129407489101363
1.2101740746828	1.20837043711093
-0.356697329010388	0.259270026252193
0.259503715132743	0.205749577006426
0.169191246453167	0.131814013206288
0.072791710122409	0.0533584204671806
-0.109354383779595	0.0823414567954794
0.146686917973758	0.0837363341987793
-0.53646428094626	0.21525941047143
0.432277400126695	0.315469306498221
0.430452915400187	0.174261379285292
-1.04339806761328	0.44647504020799
0.807380345384727	0.360460877004038
0.324980033648411	0.17983555467965
0.140050075127419	0.0737976189246768
-1.17796618336064	0.6728880163063
0.302534793441102	0.174184347450699
-0.330582210337993	0.266713187338344
0.446588217163672	0.408421399995201
-1.37053851099922	1.91785929756123
-0.227556021320831	0.17510609046692
-0.17052258954911	0.140425330308271
0.65044010873766	0.646322153356964
0.160748779586616	0.115237682336441
0.169108340921004	0.133240604886427
-0.803732907087337	0.760476484133143
0.400664640702005	0.282248627281262
0.157241593170044	0.0970555975055415
-0.056213646440172	0.0375989882767078
-0.719825245233369	0.64156233406961
0.436844771526487	0.417542984998589
-0.693723443036747	0.498582199526889
-0.0136762521845303	0.00967325301634465
-0.0731561717973978	0.0468121018406705
0.539070078896122	0.529000823890941
0.0751951304246215	0.0566222494408104
0.428169957518274	0.403408148141463
-0.411546912502246	0.284827971971986
0.466667705860689	0.395382686908405
-0.461557557388787	0.390507554711957
0.526108868628647	0.489278436621961
-0.235981317334767	0.182577234611177
-0.0758452030829944	0.0492620594285677
-1.2908847520391	1.44489321757627
-0.159143292746059	0.129848666072622
-0.280926961877791	0.214466677542841
0.416206227401731	0.30814445456658
0.897591621016358	0.782417841881596
0.327285735495689	0.288154050355874
-0.0396706065076359	0.0301247319234482
0.444405414739867	0.486249814491375
0.478624013500471	0.424165191906894
0.162056842179324	0.137063879211425
0.434651895338103	0.413846636334265
-0.15488105521244	0.137187149395871
0.378661344532748	0.315052196793796
0.167297392876455	0.114830106967108
0.651667690961163	0.21021458917332
0.939578924294663	0.650568605389506
0.669178683501961	0.581466644200116
1.43834175748452	0.492373840580877
-0.229962487075488	0.0728813095652603
0.137102609628929	0.0415837245997306
-1.36029871569549	1.11646420926536
-0.10075139484353	0.0766687117261295
-1.69801180309264	0.908114749075563
1.03605252469685	1.08010801116885
0.163651596496697	0.127129188558551
0.112503683305197	0.109798526012904
-0.115791052769741	0.0877744145657045
-0.121993635160195	0.086535542778229
0.360345380643789	0.30396026487031
0.733901088781877	0.881576220674016
0.0390784326230008	0.032676286386984
0.364559479748029	0.301464863833765
-0.492262413583603	0.46391341049944
-0.737168070926839	0.76485370918244
0.766935365115602	0.721673825647902
-0.301311156266997	0.256453440935532
0.274190101255989	0.214990343435229
0.164808041007065	0.0989290228364288
-0.92484817999646	1.13786365271677
-0.295026116355857	0.254736267591006
0.320308559323828	0.306828891955293
0.0577510475890897	0.0354168463281743
-0.0232266718859649	0.0159470777892363
0.262967949622439	0.204977962247831
0.801129831898473	1.0292258238435
-0.179761161045979	0.127741073341872
-0.0155658977035748	0.0105933711980159
-0.977076608206843	1.00436974714755
-1.26435419603185	1.15323041846295
-0.296867153878532	0.185461429888963
-0.0560270976827045	0.0374892509686717
-0.0602724761757265	0.0471026995066575
-0.0704049039279305	0.0313000430781378
0.276676006063873	0.21171001803318
-0.669395222433527	0.774724655303437
0.165367366546276	0.12402014383603
0.169108340921004	0.133240604886427
-0.0819027712333354	0.0640290057024278
0.404412427101391	0.396953152087053
0.0910317152418728	0.0761378276977052
0.68269254234459	0.694490414052302
-0.814628014590003	1.0988861490693
1.7635153024652	1.03282257608606
-0.351768393284545	0.246953151547324
-0.292889411420028	0.180875532572732
0.151592021674215	0.0391867731421967
-1.48496009285916	1.04208960540194
0.506342768935983	0.185936116630899
-1.50387806357019	0.813421648198263
0.71807419093938	0.544344887932056
1.02302297021139	0.40007828159001
-0.158104159059116	0.0925865523495551
0.16659749245174	0.14058574882318
-0.263990657871447	0.19727392302106
0.765870563301013	0.817714882715103
0.162903557005087	0.130130788556964
-0.971962850068519	1.09252365342893
-0.150275538653186	0.109034924910856
0.149581708224272	0.0925502849967992
-0.0342519176630462	0.0163652708166335
0.168234799801772	0.131942992410264
0.446832500602579	0.396347542862823
0.152660293670289	0.116360375541057
0.404898634332817	0.390631487593201
-0.620927926566536	0.523493268676526
0.28999129540389	0.206807296196637
0.364971367342981	0.313195221082032
-0.402950307225945	0.330254464463218
-0.669574201473467	0.848427853543357
-1.43474650242745	1.8093079252284
0.805400166242875	1.2226964461085
0.272642286123762	0.210603480760091
0.546558667667584	0.536818513109845
-0.322440837283767	0.228582598086054
0.450373512053871	0.295406400429042
-0.807751859506142	0.865345964618342
-0.0747137666589021	0.0468820483756846
-0.108453975725867	0.0819207037728765
-0.293586256726551	0.251840931797551
-0.375863142294479	0.344891192726881
0.320580120751093	0.299476427365407
-0.361970689581106	0.319025337359491
-0.247101794515974	0.187555811147456
0.0336492321156209	0.0198776612502203
-0.0153103201060678	0.00785800413371781
-0.072978883920998	0.05591862457587
0.602665541180783	0.305660248294568
-0.110308586956322	0.0449411156189201
0.260765958522462	0.208897215944153
-0.162644160110906	0.0616497483092917
-0.3631673929264	0.107293544166728
0.684253023057091	0.326859734215496
0.144988942481456	0.0692612164195006
0.395654963911517	0.306200426170476
0.133324861621024	0.047022951939009
1.8978778613887	1.59616574782777
-0.175322408226745	0.143648312995719
0.389679454974019	0.386252098389721
0.0177058311929802	0.0137329314289912
0.226601722419852	0.221021126388113
-0.134066292772254	0.0925195686679583
0.593522244892825	0.712309209974006
-0.337544233645506	0.300062471300158
0.248888328791433	0.215675251743986
0.679271796230516	0.749017421720178
-0.661074750608797	0.658498263272094
-0.65977660520774	0.815802898837898
-0.291513028903198	0.246114671427387
0.158630731418903	0.121855266867764
0.263453222227866	0.207545361516985
-0.123409738126622	0.115377258316276
0.10353009433609	0.0903388740125743
-0.371313990543953	0.309730938350085
-0.0705072849103912	0.0552289543133599
-0.419711546501502	0.437140359795207
0.156802148834213	0.135186632333695
-0.52462637504287	0.499686697292472
-0.263353783188912	0.131073317750045
-0.404322185760328	0.356899139086182
-0.477519714884928	0.321801344137315
-0.45389089809439	0.358274805849249
0.144101343564437	0.0734874544297185
-0.670463333127981	0.390266158605326
0.0048936143053537	0.00274157537122439
0.879832303325841	0.891191715399727
-0.0449288156215946	0.0292927540600827
-0.804462179270897	0.628019376102792
-0.380498685831038	0.375410771000785
0.237191838345439	0.2163411974701
0.77267460396714	0.691546190353888
0.0758040728805044	0.0564923082448709
-0.064688578016231	0.0284546730798661
-0.254880624192064	0.127940722056035
-0.344214408374037	0.214769901006563
-0.164203826358512	0.0522776846641217
0.153182251472494	0.0394690006724594
1.31639295387207	0.594083958118044
0.273951602207517	0.197920106471388
0.724926040908815	0.795392370026142
-0.436470580388834	0.411200937509332
-0.450067208840035	0.433283076717872
0.424570091583114	0.478114101652152
-0.151014157017337	0.123263385149561
0.269886168332725	0.1947061243809
0.0861524386029537	0.0667126659650839
-0.016165044700111	0.00805710250115502
-0.087368785054177	0.0678597945384003
0.596835617117827	0.546999661380049
-0.0522925040691206	0.0350382282704639
0.0726476965699838	0.0509816909029446
-0.184142684110566	0.145567440348221
-0.175566124548209	0.137239678253332
0.0507206846676235	0.0331366186933226
-0.274199548034201	0.212176323605926
0.159716149739081	0.11863313514775
-0.224080836556757	0.198973423025973
0.0795812546653019	0.0623964717196952
0.168854917939099	0.127791040809307
-0.598148830290416	0.674280945566355
-0.875920878523408	1.0701992675785
-0.404279009841351	0.358744618071117
-0.919249091784314	0.751309758577158
0.451644184326799	0.287949324747986
-0.616175686919635	0.294365785205527
-2.79116837089222	1.88572928560948
-0.795204527949533	0.568189234234055
-0.474283880351818	0.310871812745841
0.159586980341819	0.10353061061991
-0.41073190005663	0.374894652599709
0.150751754562562	0.0979961933901489
0.586269090690978	0.302034760597317
-0.0438500923295759	0.0300005046646962
0.715293796882295	0.566146497141542
0.896752831125924	0.756835313226921
0.0771997087223026	0.0587284976356688
-0.0585491834394928	0.0380609684015113
0.756984013765802	0.870935149947169
-0.203309124700506	0.180943287542742
-0.0481799684177463	0.0320005543911054
0.331048516886932	0.182087828920382
0.395696779167085	0.313183822254782
0.439675061524343	0.174323099773174
0.13321040140253	0.0527268216424054
0.652744579969079	0.217901190867539
0.886368011412162	0.497184531027411
0.739188064405819	0.907600897698541
0.145325402146213	0.0698207273981315
-0.409369705314203	0.233093081100937
0.154182275955313	0.110082136248028
0.777126387490085	0.738816033912417
-0.0896530495602049	0.0679786343237965
0.672199313186346	0.592260815009706
-0.194853918377752	0.154677781029597
-0.361857216911836	0.299821286600068
0.0705014900172642	0.0511212548592613
-0.0217577377224614	0.0149569105537839
0.61689903214266	0.649406997496287
1.77319748259884	2.40859506857949
0.154599555194336	0.101640692501388
-0.528010275324488	0.388888538809781
-0.185526074252547	0.143892251395945
1.96566377451952	2.11296481128134
-0.0748740502671261	0.0329790017946174
0.769872334687713	0.45805379321266
-0.366206670913839	0.300215438069565
0.132240833348438	0.0621487907408079
-0.405459478115533	0.176631499893781
-0.345396038352051	0.241754120284762
0.159680164047419	0.118810154223417
-0.208283746690875	0.141773561845014
-0.171847314962039	0.118911230399898
1.2381792788601	0.844570443763233
0.966745391867196	1.00130085475927
-0.0346460193516226	0.0233362270887523
0.0760212481376152	0.0559971229519991
0.276239527820136	0.200541708380732
-0.654791595700407	0.643520028969001
0.167323662454705	0.121567456077803
0.0800307816976596	0.0585550424758064
0.699725346243846	0.789348491413841
-0.478466017984236	0.503703027953585
0.679224221383999	0.311828398381863
1.24030691034927	0.841139009605872
-0.642550263092796	0.8502930776822
0.621716448208684	0.726615483202796
0.938268393715105	1.38643782553796
0.159321621633499	0.107968626576738
-0.36468520773227	0.298176014006853
-0.66028457976242	0.661730470812424
-0.13536672881459	0.0996402276563901
-0.729888509735954	0.711089473627191
-0.188136280894723	0.125801996155455
0.1619780477575	0.152773076913321
-0.1922626389442	0.155515016097994
0.159219609027363	0.133178556598061
-0.889399462535619	0.969288073145499
-0.5755774626637	0.517475589310608
0.697665264137709	0.443171424235763
0.134467105616929	0.0581338253875219
0.774322473758606	0.597638558689569
0.846424908165582	0.603925366982379
-0.418955588910622	0.240436411861604
-0.502827654164305	0.43656529701661
-0.0587083820403764	0.0373125734165686
-1.14866582661231	1.24376437339887
-0.0222743717361387	0.0155613292161533
0.68596041134498	0.701835521292325
-0.129232745665604	0.0952271186489762
0.943655347008935	0.909865119730292
-0.173190334604936	0.116783267448076
-0.172940421618884	0.159432031645593
-0.350837310121221	0.350425953256576
0.15658234665681	0.0997620247356159
-0.486913515099336	0.515088855369964
0.471081701277299	0.497811004486396
0.53949338111076	0.563585520747931
-0.271812035425112	0.234469105442745
-0.495224693333164	0.472957048663985
1.75147883875362	1.63959710107024
0.0805183060674588	0.0605796220018144
0.611374208599063	0.689133903154537
0.157095306548487	0.130616402513104
-0.0782677879209107	0.0477563421553257
-0.0820526733092551	0.0632839090286572
-0.0552842222247197	0.0367208466449758
-0.506303104714893	0.421781657752199
0.634860737599674	0.738355076888645
-0.124801829048389	0.0728441127162999
-0.454023455185004	0.404653946027383
0.0791340705892871	0.0566786071410319
0.656819036476853	0.820698958782277
-0.161794346425374	0.112485860271595
-0.974419578928039	1.06656526761313
0.0246419222515787	0.014271339378093
-1.0014503264161	0.982601177311588
-0.140511790521982	0.11511299121076
-0.562284042168453	0.557923694053307
0.378718277292419	0.169199939757338
1.46328565239417	1.46641365255412
0.67748839425936	0.323557434297496
-0.291161597877912	0.238563629315478
0.346736065557338	0.178639443030367
-0.694011568124542	0.486418372287813
0.319237797917487	0.302878891607234
0.776111867248368	0.958999360084159
0.406240398142875	0.303124205615357
0.498598542443314	0.422586131628143
-0.107217745046783	0.079865053453549
0.343564793164149	0.173378365377904
1.03867696714339	1.10688518357869
0.852711156974455	0.628452708360506
-0.238466136943709	0.186548882048894
-0.890104285682377	0.924194664579492
-0.304013545310614	0.222509067864867
0.0902524431200045	0.0722669626258834
-0.169705036779637	0.138508115926499
-1.00522889633941	1.57573378785708
-0.552391417471554	0.468416412983207
0.662155362802676	0.912794469962247
-0.817295448563608	0.85383171379785
-0.128491819653533	0.0762372909799275
0.693394460681449	0.413103396739574
0.136892068419599	0.0529506532291669
0.0461865504028719	0.0302418679109962
-0.25869597041676	0.132639266196688
-0.0710177179910658	0.0317864451253498
-1.17947037698855	0.671665643406624
-0.659539073729033	0.576075113596692
0.0121130235503508	0.0069541101406081
-0.319363395011397	0.152551632801927
0.437466004956354	0.313447933455897
-0.556930576946727	0.346753134496559
-0.321401142264364	0.15058880115274
-0.922543751791763	0.780134112875585
-1.2341827142833	0.901138104196857
-0.0984552437024536	0.0620403839583175
-0.0292878690648655	0.0204289815087394
-0.361256481116846	0.355293763864594
-0.941869776711014	1.15394777383643
0.230788151610806	0.253660807312955
0.0326019824194366	0.026046798262834
0.350832695192803	0.465876582107966
0.897368156857956	1.58540068614146
0.386366561051457	0.387043570529608
-0.449527624808904	0.471956147507666
0.0511954921328263	0.0453072899162188
0.148815046362564	0.124226661402159
-0.449524777979938	0.390589856081986
-1.1820621638146	1.65789005260763
1.11305512198732	1.80379264840754
-0.20625085239704	0.139574934032586
-0.015821999992905	0.00798773634198452
0.0321959532191384	0.0260141145622658
1.2267914169708	1.16799743525632
0.358292409314987	0.315821693199324
-0.805939690703566	1.01322316800971
-1.48752006354568	1.02139304163365
-0.177347436825345	0.124550942087921
-1.08516923741843	1.13352225028428
-0.508742093476619	0.37145048973918
-0.495338871926908	0.54229626143004
-1.02498835477453	0.895171582300535
-0.161627822076878	0.0927570437087653
0.157576434654397	0.110841537593312
1.51605737090679	1.24974910567643
0.431952658285599	0.178286524218536
-0.295359200658606	0.18675690960253
-0.42307563587791	0.236917189399138
-0.462236328776308	0.366967112512363
-0.0506595671219951	0.0230342020687898
-0.407892656492044	0.326806454758658
-0.0773945504356967	0.0345599956565893
-0.155301470950184	0.088976552267043
-0.56367307390414	0.347815118870787
0.850152113270969	0.625989283868546
-0.996505090492271	1.0077393608601
-0.132253541065177	0.0959696145331428
-0.306984411335187	0.259744312226116
-0.152584384000076	0.111731903431589
-0.459171344905788	0.350867922125501
0.413441954062618	0.305696190113204
0.376778502280803	0.456190247101632
0.4833108458823	0.585677743589716
0.0804882048848168	0.0643994470451115
0.124786406160446	0.111046101349874
0.3488241198901	0.306367656394411
-0.267862475185628	0.230521593047682
-0.136135692340246	0.113995215260152
0.311874284994983	0.296609512137582
0.428169957518274	0.403408148141463
0.165124442645011	0.117914718425222
0.00672893904170351	0.00566053149704453
-1.46560181982688	1.27272456182877
-0.37250165837187	0.305291502071053
-0.0837305970683339	0.0634683365450646
0.783992554038186	0.725310080368519
0.162414929805917	0.118282889047092
-0.425030667721588	0.44675609001404
-0.952941799069587	1.08376180931019
-0.121891488514683	0.0716307422299597
-0.317439654939017	0.291822082030316
-0.147575910738473	0.113879128281143
0.159192134996577	0.0955469053634805
-1.36444492516278	1.28107605854669
0.763258795107705	0.662909591210971
-0.823505582611786	0.911623902332557
-0.339070089284234	0.32473519296857
0.172757672802746	0.152671363848821
0.170076130329924	0.125806101695204
0.299350134850192	0.190190900841946
-0.553376861081418	0.481140942932192
-0.0801913012740753	0.0611442928847363
-0.810932226118086	0.798771619489291
-0.369769638357298	0.298658938206849
-0.509541160850644	0.524045582424567
-0.568744362788979	0.496870425090921
-0.553337162034616	0.562525445425356
-0.741868284670648	0.835406150951416
-0.245351097707141	0.166254073129278
-0.0835394758807564	0.0519241831314877
0.0123413929747146	0.0094749929643706
0.152558777820825	0.0957614252629209
-0.929310856077114	1.26986087030178
-1.02455841331194	1.25280694622691
-0.0932323950349971	0.070268519602702
-0.233665784029209	0.17474499969111
0.0126143380242696	0.0082631331108042
-0.498173811072731	0.435280003544265
-0.211297340306441	0.146995767132566
-0.0422690399338486	0.0207416097824475
-2.64225480838737	1.60269067674758
-0.191641718035218	0.100833776190343
-0.242111144086818	0.162901088465166
0.14176011033527	0.0596422226205018
-2.92239604475024	2.09862584343061
0.312201872948436	0.182325786533738
-0.665106999726138	0.400719773270637
0.942014721908452	0.648100821675999
0.0231322546281688	0.0127238980799264
-0.506109243469044	0.424060450406646
-0.414520141079874	0.233909061183918
-0.176448962843742	0.120700573392705
-0.212259811679211	0.148134124478402
-0.0367976818107485	0.0247225813542559
-0.475326368706635	0.298157572969066
0.0308141469220622	0.0185135357279805
0.964550955028844	1.03035936232115
0.490128934842434	0.400300752983145
-0.477351957095424	0.327360975163064
-0.0466165947542595	0.0311662597668619
0.248370291919385	0.2076521747345
0.159201606950428	0.11940557672999
-0.947414675219429	1.04924842214426
-0.327625085645614	0.257387316692564
0.0563797069128848	0.0384959527804677
0.15229367779353	0.0994603485532936
-1.10232355059403	1.39441879110574
-0.131334769432216	0.0942657513701509
-0.228067242138801	0.203434053348739
-0.876122823258844	1.01846177133809
-0.124652608248541	0.0725865881005978
0.0301079507417662	0.0172217959294145
-0.127355613255689	0.0710948425344479
0.135015906227356	0.040886012118548
0.564349107085916	0.432562909659233
1.10081504499703	0.785294392447678
-0.411304184184462	0.176550295150873
-0.74325556589109	0.266496707150431
0.288128055346238	0.200310352981274
-0.599525832434016	0.599605773686113
-0.0442647113348081	0.0203180347080873
-0.124335506804315	0.0755894451041548
-0.504897547369914	0.431738762551897
-0.807851216250889	0.71202599910696
-0.508887464081942	0.437655922627268
-0.200590891398144	0.15044281188692
0.0110250906221169	0.00810591550935287
-0.0220843908687418	0.0149302777290741
-0.479063881873801	0.321781306557257
0.490071802407682	0.317126928659181
0.836857919281038	0.746202464290474
0.38500909633081	0.302938351175296
-1.16965243989766	1.01108933820262
-1.85368582639932	1.16746404163834
-0.62015387927838	0.302010284853268
0.0236295834512704	0.0180244485905003
0.506569154842245	0.503688984497219
-0.358901092337103	0.294003355187326
-0.100907872185794	0.059676005376357
-0.803133611923771	0.698071598669219
0.237035029752137	0.212053539765073
-0.191703171876027	0.155420585719213
-0.147772469741943	0.106678292121757
0.694722370571932	0.782288746562341
-0.368838275004717	0.303375042704918
-0.32687475228247	0.333027618451398
-0.577920123597588	0.544937854234297
-0.706531672666071	0.564666142415575
-0.501530738891301	0.262115892688959
2.54854622196091	1.48730178364034
0.702596379736273	0.460744039261876
-0.0716508544666335	0.031840386917817
-1.24215707363966	0.891671690384066
-0.916814560397858	0.744459372505193
-0.811077879344726	0.546495060873195
-0.328779564173022	0.274444948484699
-0.414520141079874	0.233909061183918
-0.105882151161052	0.0658302656949604
-0.206602921619052	0.142462714575259
-0.621550261712583	0.311118911849645
-0.721796187722006	0.647922290291166
0.145520951173973	0.0776090646573485
-1.08180156019816	1.15383774432439
-0.169173150593589	0.0880904202768789
-0.568041984547512	0.449247736769874
0.587596778283787	0.438202271406509
0.344175184748	0.173053055888888
-1.83595316391303	0.786691282455354
0.0794761268780946	0.0621523421090645
-0.0545560284168025	0.043403911461597
-0.397576190474531	0.372694401325391
-0.100576493507718	0.0732618433612776
0.366555721193802	0.386530190006758
-0.109764118590761	0.0827012671292297
-0.202475991759976	0.137375055926223
-0.102408982647199	0.0978637761740199
-0.633309698746588	0.674104711050386
-0.0395608797246947	0.0271278930219549
0.00805147926968987	0.00610468517609923
-0.165148945294466	0.133149992639734
-0.272715969242043	0.235479130904163
-0.337008603987367	0.28921874849835
-0.903544552421995	0.83218067781404
0.137549878938075	0.0539147014603976
1.44164275533923	0.477525655657704
0.143786222535581	0.0779618340505276
-0.368066921687913	0.308220644963754
-1.84073299124863	1.5795689715867
-0.347880903762642	0.209856333910989
-0.526218511576328	0.610371236138639
-0.242762753384957	0.19104784653795
-0.453777324390009	0.395847015280134
-0.941830957946537	1.1319188739577
0.275429260477209	0.203897447990659
0.348313265797764	0.174200357729694
-0.169108798749446	0.0633550205884573
-0.640051550461191	0.165024385486426
-0.639856157010912	0.158868155145205
-0.486935918510797	0.471493479825219
-0.196986460267752	0.152546308049544
-0.00565648223648759	0.00474853524296247
-0.0451341470779666	0.0360437884040764
-0.253141171299367	0.206121611188703
-0.10808942735036	0.093082952902185
-0.283970192281973	0.26525670949813
-0.305916687348204	0.305906397272734
-0.230485530786839	0.192966160520819
-0.00943619511674502	0.00651963318123016
-0.253230313924583	0.158692207203413
-0.0303409014167544	0.023569331648878
-0.195256393346934	0.153947923305118
-0.617704924874459	0.728585071819758
-0.498948541269482	0.521123892547618
-0.0707185238540275	0.0310420150998473
-0.157197935773247	0.0564775463833771
-0.413267889954929	0.175036509043347
-0.790459093015734	0.34305357563843
-0.717043491928416	0.65412683919783
-0.412361114181951	0.230495069820497
0.0170303755758816	0.0129646994664206
-0.999981171830517	0.969820257403173
1.14435717238096	1.28072068734983
-0.0421068146208933	0.0199318867635109
-0.248361323120109	0.163481633128456
-0.785367330303091	0.36215324024218
-0.360560346528662	0.110506092787366
-0.231401702034059	0.191578628719423
0.232845456830394	0.207345806333878
-0.281235697149999	0.296128605839085
-1.09777139582039	1.41613533953405
-0.779361752790583	1.04744214506916
-0.525017834750267	0.595231211525223
-0.447494650546691	0.421626962817257
0.308685131469635	0.286125768340592
0.232920758006055	0.213792191954613
-0.20585442872475	0.112357318506222
-1.50387806357019	0.813421648198263
-2.30538205388737	1.16636394953952
-0.167313772674373	0.0633554015250668
-0.260950097126493	0.221540638123877
-0.885674935514275	0.97812906534768
0.152042842005794	0.087807893804179
0.075027569459669	0.054651365199477
0.315056634881896	0.187312044596214
0.125617210279122	0.0479200400412875
1.80753895631949	0.735539281495884
-0.0779967012064868	0.050199466718852
-0.404891975980627	0.329359324046609
-0.449911235084546	0.400978029043148
-0.279051634067019	0.214725022613013
-1.19535029242319	1.52411387377552
-1.17410267047714	0.676482934053212
-0.567129106327606	0.347418167780665
-1.66500926286969	2.25187963623551
-0.327245570463073	0.265766927354892
-0.29713701621605	0.231868926126964
-0.153674899352175	0.110837905636798
0.288501869265518	0.199583905989943
-1.61520413335342	1.23251909472896
0.0507869595689112	0.0295660745636218
-1.37203056936408	1.70575883968833
-0.465329071830655	0.361613855437572
-0.499284901695787	0.268685988428631
-1.05473920561919	0.872302526191695
-0.0739585161270514	0.0480887497483954
1.44860134341169	0.885794899771119
1.05275532928899	0.543974137405928
2.09852939462404	0.957334513714727
-0.640951987120562	0.160195969285506
-0.207608839416707	0.163169041519819
-0.601435138209543	0.601331787408245
0.0449491435034908	0.0290950528713051
0.0373217809838834	0.0222955034094057
-0.205791777229055	0.139446383906006
-0.319132886052563	0.235035867516067
-0.244622041464268	0.232848410586613
0.0170605953791185	0.00979879989553129
-0.0438692199545871	0.0286052541595696
-0.198960960313625	0.108106913644422
0.406499286336545	0.306884475803395
0.241936115013602	0.221031559219303
0.162133139066319	0.138329680323769
-0.0814442577864074	0.0513967969423691
0.00850213455114299	0.0046020604784487
0.309952322885012	0.181340793947972
0.767890154357037	0.663869436349788
-0.206859464259285	0.143467498479915
0.823485279705164	0.847539280192129
-0.341701926691049	0.203228105041535
-0.15544283795765	0.0871667987268827
0.562405832452141	0.443215529231067
-0.814771383490986	0.496011345574485
-0.074212656070036	0.0337294385625537
0.147298535161635	0.0299064650853773
0.147298535161635	0.0299064650853773
-0.538378292508879	0.211635476778743
-0.359014070766392	0.10669384643532
0.149942409522206	0.0296695603684523
0.146197123095659	0.0287159079027214
-0.742105548070661	0.261052251426749
-0.390546852546141	0.40367093881894
-0.331461901044457	0.278820944325071
0.460271006466924	0.481081009615234
-0.265167290601789	0.18851226828003
-0.596421262006634	0.418544313681432
-0.40434414394452	0.383111286267098
-0.0389595374214824	0.0188271885480179
0.301410399301509	0.182327641884049
0.254453258250943	0.214952638381713
-0.442783041115764	0.468146364371229
0.0537389000283129	0.0360823959848669
-0.381636218080857	0.409620721305039
-0.760610087457252	0.950579464071053
-0.483926568432843	0.463862676337661
-0.166884327069842	0.135651087959929
1.12797947379371	1.4012141195242
0.165916713575848	0.12842544142332
-0.0169378647320277	0.0114832078108249
0.848126200777216	0.970194667430805
2.45442915104472	4.27256987422989
1.47832231726824	2.28146398009441
-0.390801714413953	0.377807405138105
-0.489604643724658	0.468912384987153
-0.307493718608948	0.22238881709203
-0.110866141767417	0.0834078054520565
0.261322963845063	0.204679342813469
-0.418204672371543	0.241252198850059
0.650177614390626	0.676132174321555
-0.892633444354552	0.905932531522961
0.170089311793331	0.120136816494462
0.126755878071952	0.0484440761657841
0.325734124559969	0.17402344260902
-0.534155277501038	0.214045732917314
-1.15326790235359	0.352650907315544
0.147571338722617	0.0296534813215984
0.152732391175414	0.0382714049770349
0.146530154194694	0.0296723933695664
-1.1554350298159	0.363497790570843
-0.168115933001125	0.0632126351774387
-0.238758896681001	0.0823215813233085
-0.206507629814065	0.159453058659007
-0.101066427919874	0.077073546566748
0.0420276940221256	0.0265424761488257
0.677639849412086	0.578714600395888
0.0195628407002088	0.0113411268090223
0.306535987217298	0.194052273248244
-0.357690822437235	0.281163709469221
-0.801401163393397	0.618927721902691
-0.364108251318668	0.291890850766765
-0.0204342055059321	0.0139011621743921
-0.00581778439836849	0.00494147437627581
0.47024867072041	0.490508699074074
0.163751233195382	0.110872433619019
0.0616383393307815	0.0418528582810867
-0.142329090210366	0.126398363445904
-0.0981444305121108	0.0597322552334922
-0.160136923244066	0.147638866481566
-0.120279040997427	0.0890952908155432
0.031981813834505	0.0248181480001384
0.683928608156733	0.696079491128018
0.505878430906507	0.499420609816439
0.153636892209299	0.0985337599761999
-0.941083641671128	0.688285303792182
-0.597095183289327	0.441779883907292
-0.811828367828748	0.498025126226539
1.67278873385628	1.901892323061
0.148105370653579	0.0787793494444962
0.136096718959155	0.060836657955062
-0.751579951023047	0.263487470173425
-1.53706397027604	0.534056234168037
-1.15428849861567	0.360128618139807
0.65386975066687	0.211165281035671
0.937499190632754	0.261653783809326
0.135079987669266	0.0477904423303552
-0.544002552401844	0.203434379388605
-1.14934954991944	0.361642569623747
-0.707033871695546	0.854775835358574
-0.208005392976152	0.136014611763047
-0.104192306023506	0.0904718476767477
0.154845097392391	0.123468464344348
0.771577090919274	0.714544550390229
0.657027507666033	0.521138883226955
0.495477519051233	0.434881779247017
-0.314000009882365	0.238409485416854
-0.607787888183174	0.602015102929466
-0.408492464746626	0.368059202349245
-0.452400765012973	0.353831021733835
-0.273176338388745	0.239142672129766
-0.0590114660547158	0.0439978944893874
-0.502634134699216	0.431623574995555
-0.210801595967674	0.167320296242419
-0.278509978279389	0.240134288481145
-0.151382834242244	0.110270884022942
-0.252658636133098	0.158446718935968
-0.2428448185093	0.159206265624628
0.282515512054862	0.193276922708215
-0.528996060525619	0.496504153682991
0.385053234029085	0.298863671564673
0.00451160128191025	0.00249892219081047
0.414548255873276	0.308878983208313
-1.17796618336064	0.6728880163063
0.984976024460138	0.756141693214078
0.985017186000758	0.806769828223558
-0.804719915676684	0.44621632326575
-0.638053781472973	0.159413989769262
0.147571338722617	0.0296534813215984
0.149557277841831	0.0384747021438069
1.440502280487	0.494214957169554
0.150575043964835	0.0398742802241122
1.02088548899468	0.400936027164983
-0.356808855141014	0.106266364821167
-0.246233284900563	0.18468961176888
0.531909757540535	0.443275475204191
-0.316553495362925	0.25845168054583
-0.627017914168484	0.519452209701057
-0.369917601115482	0.256724916046082
-0.281381197540574	0.216571314738767
-0.656549308660617	0.801306292077549
0.0917531032900483	0.0737309475490707
-0.176581112132052	0.144580053865103
-0.592271122652832	0.418092421436184
-0.00386719886941964	0.00262835062314883
-0.330609117731842	0.280958258403449
-0.97773590085754	1.03684271015688
-0.49448193521754	0.430328230010267
1.10798727380113	0.9846994043798
-0.626633901998895	0.519472151372645
0.388137711908865	0.306653204063399
-0.684950079080428	0.477963655306241
0.464405132888107	0.316682754585621
-1.04038355317258	0.428241517084643
-0.742159792951855	0.273560129045021
-0.364244707706295	0.105425905599443
0.430112068401274	0.181043944337149
0.135333828882613	0.0670331730808332
1.43947956386862	0.490388133177384
-0.359430665610289	0.106502760621845
1.43834175748452	0.492373840580877
-0.242831203844467	0.0831146567067306
-0.635536067431146	0.156838726108935
-0.252019491877553	0.127758118445795
-0.00103147000522038	0.000724113375825426
-0.964806627878045	0.6098449656254
0.134269695242213	0.0534796043500977
-0.667536935733729	0.400059733086912
-0.216417159491336	0.144558103202884
-0.50436425758768	0.274246658678405
-0.520317111397428	0.388872047743806
-0.525655622905957	0.390148581451542
-0.365095510595562	0.257594143914158
0.15011659400174	0.0927507133436023
0.379434014092331	0.173090495940609
0.787268823431743	0.462303922334789
-2.04375582033912	2.07881826297086
-0.254626108598453	0.133228805851161
-0.0131699321724639	0.00682489480603983
-1.36185785010712	1.10845172150611
-0.153641782849866	0.0864999384229792
-0.259305809202047	0.132792692185611
-1.10330903821421	0.740933728758152
1.80645861802765	0.7291787063689
0.51033816211779	0.187496519895631
0.149557277841831	0.0384747021438069
1.43822645060161	0.4814693304651
-0.250812232840432	0.0774542602828884
-1.52666556475534	0.555316783803888
-1.8327708366515	0.773400670623549
-0.621797088871531	0.313923862316173
0.149557277841831	0.0384747021438069
0.147571338722617	0.0296534813215984
-0.551765558793696	0.329565262927887
0.0234486285892357	0.0132357722322825
-0.349840214884037	0.313012668545116
-0.558449172583843	0.481821206211516
-0.805091935232993	0.42535575285841
0.133741040374324	0.0522778038599207
-1.05147954136534	0.406090128575886
-0.00602472913176749	0.00419160655700682
1.7635153024652	1.03282257608606
-0.0729521116156495	0.031932315378689
-0.0346460193516226	0.0233362270887523
-0.12103287305297	0.0984703221298214
0.111058766863638	0.102408041758044
0.239786368024026	0.208402538247599
-0.0310383295034308	0.0215192103014417
0.0167928686455219	0.0127289024737114
-0.56230618797795	0.653410453505074
-0.2730865114261	0.235421091309804
0.368440860175621	0.381694620311234
1.11456295354804	0.91142105400844
0.170985974509605	0.113961367102406
0.242865891303028	0.208733592206003
-0.698112815128176	0.476825811048076
-0.80172621853964	0.453881521619706
-0.19681222501693	0.106873727651831
-0.121755696840439	0.0728872548706428
0.904886530530545	0.776185409892561
0.259691162809488	0.213177118377112
-0.641536250707964	0.592399993255584
-2.64944517507032	1.69901265288669
0.00475271130211868	0.00253457592661656
-0.0115364593197388	0.0059954289876611
-0.27622869143218	0.166257876503103
0.236371586685274	0.20513595849727
1.01912796267176	0.932760178297959
-0.24863636187952	0.167140504182725
0.160200465539931	0.111532838051136
0.514704144865888	0.496599689515741
-0.892498991905241	0.920472477068577
-0.152353330370732	0.0779694631252313
-0.174897149378193	0.145047408012957
0.405583050277344	0.309406382404505
0.145882038030229	0.090377791024964
0.534144652499852	0.438227111162016
-0.334436575948479	0.273688026375632
-0.347789342292597	0.213546337875659
-0.129091228756643	0.0780223589701677
0.273540820362177	0.210029949292265
0.000348321118513626	0.000321566060331395
-0.808321664718593	0.625210638596257
-0.622963251072824	0.513790849635797
0.675129527829876	0.588188528432331
-0.10262435184076	0.0648120773381206
-0.405081786912542	0.224530663420149
-0.0650209519574747	0.0272761376532419
-0.00140676415780922	0.00103265052873138
0.368377255759196	0.302891047067873
-0.353098783338662	0.273955196610889
-0.475222435070489	0.324805046854946
-0.0984007432578592	0.0624651224892403
-0.0125465122861192	0.00643787402561722
0.674121801662921	0.320736269701259
0.802310396223514	0.337295918072689
0.150575043964835	0.0398742802241122
-1.68446314840455	0.963975441885722
-1.28964087817023	0.592419721196834
1.440502280487	0.494214957169554
0.151714458282224	0.0388912867750066
-0.742214024546646	0.265076593943061
2.5425642753575	1.43262647135207
1.5512767676389	0.778844934092876
0.149437344912318	0.0387143285458533
0.0457046202744373	0.0303705709587812
0.160616865333901	0.106840806098384
-0.65629735815049	0.588529090522552
-0.131755429442565	0.0938840404749592
-1.01160892352089	1.5247508088025
-0.733992148174222	0.681561862018237
-0.24715489473841	0.162709762532409
-0.038917756691589	0.017997245261951
0.0549874626498081	0.0370256472902234
-1.29776394660175	1.40419336737435
0.676463328789519	0.32389364068142
-1.1503622450131	0.360685940099702
-1.15428849861567	0.360128618139807
0.650127101433945	0.209819347976318
0.149437344912318	0.0387143285458533
-0.640951987120562	0.160195969285506
0.508395487354649	0.191306406455878
0.938593829640437	0.25299923568342
0.128475030179861	0.0442979785747231
-0.503413318177253	0.256638870066997
0.378963969769696	0.173194760108453
0.129557466167584	0.0541596234173217
-0.640051550461191	0.165024385486426
-0.236860225384714	0.184823231209912
-0.199756128385286	0.159553033281189
-0.407046135716245	0.287379873954551
0.0755547391475685	0.0562396608557723
-0.281727815639423	0.238558038574143
-0.589733735741127	0.438939665863296
-0.338703796109675	0.314535642400959
-0.373823395884815	0.35635657198492
-0.024717814817893	0.0167179575267326
0.00647374997451698	0.00353655145958408
0.832068431535075	0.753288054808715
1.07297002917084	0.666106970803866
0.503356017640465	0.183652552637295
-3.09180216433298	1.00300677259101
-1.04544058137198	0.417592493711629
0.155347612608017	0.0390265755881082
-0.640051550461191	0.165024385486426
-0.644811631848036	0.161435053009276
-0.360560346528662	0.110506092787366
1.76980259937314	1.03371267122963
-0.613960190872813	0.30609307104906
-1.83484563549255	0.778771858376252
-0.742105548070661	0.261052251426749
0.0440274036074882	0.0283132174712552
-0.467293382572315	0.362134156712596
-0.3631673929264	0.107293544166728
-0.0119362222940931	0.00611386723061996
1.02582289279046	0.920897283171645
0.121203340192504	0.110973488250372
-0.0549254776141656	0.041086809632982
-0.0541962513713911	0.0460822446740441
-0.142911079768772	0.142262444396607
-0.337260437393324	0.432991075208736
0.41398023676794	0.690068925289419
0.278912108466985	0.391780943147594
-0.470250103304267	0.693377078959959
0.208081079720935	0.250857305612132
-0.11464522558549	0.113660080063227
0.164723298436696	0.130805950629827
-1.2602413448215	1.13782279163499
-0.411308436416342	0.221545556109548
0.59521618265294	0.52693898101316
0.39057522769835	0.31425065950134
0.14159819592744	0.0686691602684553
0.151983650145197	0.095307918970857
0.375727540265406	0.295463295878247
-0.27619464334919	0.231481396155225
-0.254019852282702	0.132210274562203
-0.945309685780236	1.16337112302357
-0.217962136700258	0.169654734563523
-0.406542540627682	0.282817756050701
-1.15858120397504	0.979999721545545
-0.294818354199601	0.186072227465329
0.992658115474258	1.2117537419764
0.235113097015101	0.203928744055221
-0.226821393759306	0.217895538399507
1.05401738047961	1.76474621703438
-0.348387780777734	0.243063239947757
-0.455794400313562	0.362851319060156
-1.05575811800424	0.868405173627104
-1.08208004189572	1.13980292696784
-0.230311543133403	0.271905492207824
-0.154250551305721	0.127613196357643
-0.479094907101402	0.442965805432917
-0.387825802742432	0.466036387519826
-0.380517977297235	0.534918990073521
0.164591010613636	0.161557544342337
0.0957194348973917	0.0839789704492907
0.0936478347342558	0.0791295704151863
0.522218989839489	0.584972551424771
-0.422334159535164	0.367800483576676
1.02044664770088	1.35114153515872
0.722089944933071	1.01281043949176
0.162361406103096	0.121006746410195
-0.248517374872236	0.185647176680563
-0.250915045532304	0.221017906575446
-0.812894127319079	0.782779653993504
-0.392762583411866	0.396104253070204
-0.148896216558844	0.106163914040111
-0.242098231491764	0.191839324760143
0.422443143670194	0.468371787164413
0.381599785980931	0.384932804044659
-0.217326601073912	0.172755798043857
0.418135805241501	0.518011479098049
0.177693684562812	0.190232573678242
-0.0669333960406777	0.0701076234274725
0.266331679663022	0.201410386920246
-0.0900603876975148	0.0559681107661681
-0.164166861617839	0.0622091166961839
-0.392652799035111	0.48238459790578
-0.197382570969009	0.107511030227767
-0.74111878729607	0.272048451943737
-1.53970666869372	0.543652412550187
-0.450643120803719	0.440802678028512
-0.508842912942716	0.267684419436409
0.14199994392832	0.0616466516629176
-0.204275706560417	0.111114322726964
-0.617817104369106	0.646891699504204
0.0724693419375354	0.069854891545242
-0.0440479146359203	0.0517421461835012
0.104952765821228	0.11934516158969
-0.217673388779443	0.280490828610196
0.0100366252507851	0.00721915889268217
0.24860397665592	0.317202126430923
0.0205923942853485	0.0213001262639453
1.03348581564533	1.39687285462808
-0.712288830806764	0.853706757360099
-0.286282924128274	0.17688751762122
-0.304514221439791	0.226796316875597
-0.35560486120525	0.433639267251513
-0.196280172252342	0.160282576046762
-0.202453366347739	0.191513854487806
0.474593970248451	0.612402644829996
-0.447512473974349	0.422443157807818
0.108103472462688	0.123138351820644
-0.0225695690142445	0.022613455334012
0.228040125270214	0.280252353149281
0.140212750873762	0.0438266964952015
-0.74849187540897	0.266103695673645
2.09914980513481	0.977847917859047
-0.165446184438452	0.0608324769381416
0.975323408747158	1.34196201590907
-1.04436434295654	0.445800704702982
-1.04957306309787	0.4149080062341
-1.52938203058712	0.554835342168621
-1.17435831672122	0.662808892774176
-0.0688314308536728	0.0306659041042157
0.38165343496513	0.175701181402807
-0.781951611846706	0.356352067623596
-0.190218878647533	0.0962610513489254
-0.561823763732292	0.629039353546349
0.402710446469094	0.474942223133587
0.801667532462864	1.15888712141673
-0.416998129713221	0.464093233796468
-0.496626702941361	0.585491926737646
0.891592041443558	0.740201061345725
-0.748772932915594	0.883488341424959
0.535700017306454	0.584631627618751
-0.289764346406747	0.188484645252058
-0.748369270815339	0.739787862868678
-0.147415804708535	0.0813974139434204
-0.535359698347296	0.505787424203684
-0.193407015465042	0.187655819242493
-0.628071854167488	0.658278910341368
-0.243845853824488	0.16466763614006
-0.196867372879871	0.157142172093958
-0.570845174192427	0.681149116042829
0.0528621988811048	0.0355492695622928
0.0567773090921965	0.0528879035561875
0.23419373226459	0.2152988561865
0.235794415275672	0.256502691570067
-1.8390728329627	0.787375095703056
-0.114446616138692	0.0859602745330465
0.159966369812281	0.130191183713428
0.414425183121703	0.399625394828529
-0.396414896430074	0.341392672008073
-0.992408821216455	1.34461372228306
0.630739826742099	0.535832261014716
-0.450353358856626	0.400172570858914
-0.529598525977842	0.555359795467021
-0.554353920667691	0.481975684929459
0.16374560931344	0.0992060242837069
0.382114965974111	0.173792873878644
-0.913944729877517	0.763352923663414
0.397830422119863	0.312096569051861
-0.991817596674874	0.50199336587149
0.135279084378769	0.0655524534802293
0.0440101744148029	0.0285295235840906
-0.403408513774458	0.279715368912712
0.598671259814682	0.442921878659792
0.00942253542002576	0.00543944677005593
-1.09713627291423	0.696486402301926
-1.23827956233421	0.902275789192991
-0.317796793025854	0.144847012255018
-0.0119362222940931	0.00611386723061996
-0.0255409657659882	0.0122493235093894
-0.207280135898883	0.111243330657998
-0.500298061918022	0.439141210307138
0.161731486742776	0.108888090607371
0.381769029467637	0.175532787093853
-0.190626931824259	0.154678177570441
-0.484579406046195	0.465252542855771
-0.070351775833931	0.0439099597455329
-0.189860520300601	0.124681472763219
-0.337246352600078	0.305042716490368
-0.407313150721267	0.391750442646642
-0.627253158303213	0.649202806932404
-0.994240299972701	0.520040244943026
-1.4981431998246	0.775806930948334
-0.619333132084838	0.313923549999779
0.572631855492326	0.541041322116624
-0.239823372040461	0.0805632339047551
-2.48919637747988	1.38201990290257
-0.0368018162603143	0.0177025920036206
0.313992959777379	0.192374456767197
-0.293885123778185	0.18370178704188
-0.622737887351569	0.313033677236779
0.586271764900316	0.425877606721456
1.01009520527829	0.905625506358813
0.144988942481456	0.0692612164195006
-0.614209042574623	0.30549582696611
-0.788869510998982	0.350669314931175
-0.415939624025318	0.330126292774804
0.137295273677286	0.0590176345744102
-0.612433298256833	0.287063554388668
-0.251166572209905	0.122961138126456
0.531213011111966	0.298538868891534
-0.412077068616194	0.282281451132742
0.702968721005851	0.460457244352491
0.151818023844372	0.103605770150463
-0.406967949286781	0.286086382737796
0.140212750873762	0.0438266964952015
0.152732391175414	0.0382714049770349
1.31147226574384	0.608565543854246
-0.801333853222889	0.530122638838643
1.556328617163	0.799655515803619
-0.784561510703363	0.363836867465963
-0.524472486696616	0.400349012115109
2.11640458244125	1.40621887726269
-0.162644160110906	0.0616497483092917
-0.671332415227136	0.399914566242168
0.933486674787981	0.924314443638493
-1.10373024467233	0.732501142714156
0.136367818943238	0.0542390099118798
-1.10842163467365	0.76817921303729
-1.05346881310061	0.429427774421712
0.130858838141042	0.0417809980579135
-1.96186443122799	1.71588000593993
-0.563401573098861	0.354958657387645
0.293064654966794	0.201544471131116
-0.236727855931232	0.0810119912872077
-0.240793683980085	0.0802221353379919
-0.110662246806968	0.0459716754023376
-0.208572783435053	0.109865923343353
0.990160836742134	0.796073066464686
-0.412576772289168	0.29590564826597
-0.407627313772802	0.227862315839855
-0.918288602297525	0.789737615962777
0.152738656874166	0.102444063089923
-0.424460274589251	0.484224032418222
-0.390891983775445	0.286245394031375
-0.244970343563521	0.158544994578344
-0.192990610185176	0.156828478478247
-0.820542384637373	1.00877792258352
-0.193918399880314	0.157835714180673
-1.56340703683617	2.26917669402721
-0.362770834659805	0.322330398936164
-0.622313473261868	0.491311063239925
-0.737411361376627	0.743327845897689
0.0141272990029248	0.00751105420285867
-0.557957050531053	0.486838437243817
-0.582745201184568	0.546971822899829
-0.0508993079034094	0.0338444611833526
0.499400782720821	0.417254366953163
0.161160540526615	0.117775009580111
-0.314002831469738	0.237608441629377
-0.12708025806799	0.089020731436505
-0.562804591706169	0.463693458931532
-0.0744048182644788	0.0566361365044559
-0.0988536612355467	0.0747993532187084
0.0351279066905158	0.0214038211554086
0.0511847837774166	0.0318880656189033
-0.0998320183653703	0.0732310822036148
-1.04455783711618	0.429867191818012
-0.175584237798556	0.14203571706663
-0.806835507913324	0.522502327840838
-0.132735718770209	0.0956062852862425
-0.190857672701041	0.186616873098944
-0.732345496186884	0.885370466755429
-0.0491621939555707	0.0398158181381487
-0.15351881583843	0.126838022199848
-0.343292131663854	0.346082731552368
0.457009916200556	0.423129768533249
0.0780052373236379	0.0587796580028988
-1.11687917507661	1.06037152817817
-0.369282872523767	0.330433838517991
-0.455678126024256	0.391973605953976
-0.919820273794828	1.33422080761525
0.222105278425678	0.206353813012902
0.0366889694202542	0.0302558678831908
-0.0160984367299999	0.0110091493655732
-0.320043132447297	0.231494832902153
-0.548652663824452	0.568559167179892
-0.253377140306912	0.196964416139388
0.55212912648659	0.688353572910179
-0.354443469408072	0.378767410525551
-0.703445560074794	0.827817772220339
0.228932316133058	0.221610009250395
-0.40568548913594	0.178088867438725
-0.41052750697452	0.347066506207367
-0.240579713026879	0.27418484991667
-0.260556309341254	0.266506013420382
0.282224628694638	0.317595098051324
-0.413483698938865	0.386451831986464
0.186978490167511	0.182429838872228
-0.337819217270938	0.364365384993173
0.158506532431245	0.133464434011141
-1.4749918561401	1.28957961637391
0.164925499005633	0.123026613118314
-0.262038842324764	0.245556185926823
-0.0766509140813253	0.0659019042755148
0.108376199536186	0.0905485794111921
-0.0490248500181808	0.0362216539990323
-0.163130432976052	0.159445262845991
0.683926196460578	0.6830770595026
-0.0371301030824804	0.0247998001595872
-0.28120125608439	0.212707369497508
-0.340961648451663	0.316482975752459
-1.08308523343518	2.0373030982756
-0.421766182482489	0.368642859669733
-0.100090416876872	0.0762601501486464
-0.0222743717361387	0.0155613292161533
-0.273393971159578	0.200272504548745
0.0700202805469246	0.0510948580616591
0.235238833552731	0.228501586200906
-1.04747665373872	1.20454135340786
-0.597756334332294	0.429570663997225
-0.657570111161601	0.731047544959623
-0.627599955781261	0.496170126913968
-0.907812896427083	0.842513733527564
-0.164082743596716	0.115016251332411
-0.0739585161270514	0.0480887497483954
-0.0161999914359662	0.00840031768673191
0.147132629921935	0.0691242958539644
0.141206159967438	0.07461186458637
-0.121071808374101	0.0875974193567131
1.04975030788111	1.22363160806052
-0.547477877954045	0.463573482082571
0.9820997990565	0.783410983613976
0.778760268029997	0.566534219653321
1.34217614501787	1.1318818510109
1.12233802472319	1.277026905905
-0.172166354109507	0.142738421390259
0.02348836491319	0.0185041565729949
-0.220244652249908	0.175219742022261
-0.534442824129495	0.503123359745938
-0.150825690800067	0.1253480424175
0.00589290379022863	0.00495856695104459
-0.302579842801308	0.275595960250062
-0.393816520912469	0.444735446272206
0.0974040675492563	0.0855022125257229
-0.161699591379392	0.126982785448503
-0.629901156709879	0.518151968879534
0.125761392829537	0.0402995637362602
-0.323838093575658	0.154515838619816
-0.117076277081337	0.048048982909887
0.152732391175414	0.0382714049770349
0.129050217659221	0.0574396989757965
-0.128048096343869	0.0765935630699847
1.34722748254842	1.18826063529835
0.159309184530169	0.110017224576557
0.649322901053847	0.446687562966456
-0.408844840646204	0.179390817300938
-0.11171380375684	0.0436445414984738
-0.0125015288488272	0.00641193536423505
-2.3548078651657	2.05690950864125
0.134732232980068	0.0589037968861403
-0.153876314541157	0.0868341993487687
-0.735523108350272	0.789216259312456
-0.253538499397059	0.221705528921925
-0.112894360522187	0.0849574556107606
-0.23176763712719	0.175419612496008
-0.146741275458577	0.134127626078719
-0.207463719087606	0.201847419645276
-0.391449557075583	0.35567508930351
0.17512338746439	0.151602881297528
-0.482271003952028	0.46672100263422
0.301115386860197	0.192378222639188
-0.155186326040078	0.0556752157065771
0.137329818726853	0.0548139237565338
-0.783560026625646	0.361765598683855
-0.0387491303076316	0.0186321804240422
-0.125849891363395	0.0763092291108519
-0.149695334527551	0.101590513177091
0.405583050277344	0.309406382404505
0.13375135242819	0.0527234790747046
-0.623432839267134	0.314137722768669
-1.35155468042131	0.798665631482668
-1.156804389156	0.955995980210805
-0.476355641955367	0.32413640181467
-0.158104159059116	0.0925865523495551
-1.16364435773181	0.982547498953828
-0.459136583904202	0.407398940163136
-0.736123277652764	0.723549903062247
0.153006178205872	0.0860561980769707
1.51747485110617	1.78510575910373
0.144805683871471	0.106249172302308
0.333009406204612	0.171773341726957
0.154940720813335	0.117584691759288
-0.312338790947741	0.232510612815227
-0.591818119744469	0.420537065654043
-0.210529020531373	0.143710978731249
0.0128719775971288	0.00959537226067702
-0.0680704175664897	0.0433344761576843
-0.482619375789492	0.459319244408147
-0.528299993453588	0.488635230136632
0.413093063526914	0.282172872805727
0.132550428533863	0.056701942863341
0.137667139087	0.053101038352248
-1.79885352006505	0.441851175328772
-0.239728118249616	0.0819409426429614
0.146743461706139	0.0367625362299428
0.130232203016104	0.0459791364778521
-0.538074231292965	0.21601761070454
-0.114746312805183	0.0471671313946375
0.510512288893379	0.190903082327193
-0.0726266734866235	0.0322265313834406
-1.85161476601845	1.16050525826709
0.323626969361225	0.183645842574616
-1.30086185886347	0.552616439718324
-0.504045924945749	0.270840892988651
0.646938185974433	0.455575767474539
-0.945838412641699	0.663751114543197
-0.545037673921871	0.448858988583493
-0.292816092653219	0.247169397082815
-0.412038298731991	0.333651064151109
-0.322518573055744	0.151942388683386
0.024480526701781	0.0141001374171826
-0.251479291856375	0.22951213923424
-0.100242551914408	0.0625613007182632
-0.959731149747094	0.582409531042717
0.276689605898822	0.2025866910705
-2.3606201482719	1.97336353728913
-0.878954090569494	1.04557481622355
-0.629901156709879	0.518151968879534
0.270968220410148	0.211418496525488
-1.36247468635733	1.45123880871569
-1.05049702184721	1.16753045341218
-1.52743678159131	1.89978994745147
0.0980231390093717	0.0820889342539435
0.0559111835434741	0.0379475977221115
0.0750850084322386	0.0528209503900668
-0.0142236959396028	0.00965853473347494
-0.102941869555904	0.0624087760933949
-0.269060250945362	0.207798750277981
-1.83595316391303	0.786691282455354
-1.04339806761328	0.44647504020799
-0.320294882205509	0.152394645374887
-0.170927985502731	0.0615937868071092
0.144050603312682	0.0672111142553796
-0.345085367196042	0.195866615389524
-0.239823372040461	0.0805632339047551
0.941200619880688	0.636001621394615
-0.551459546806403	0.323686528948441
0.317251036780765	0.190718416177547
1.05454315187629	0.52600312148379
-0.123716695889697	0.0753707772287648
-0.691838999448552	0.479722594417224
-0.0681783730589298	0.030314087245206
-0.0130525456938976	0.00676841479265542
0.463204875336889	0.419846246692083
-0.455192692172844	0.39677904698121
-0.515723637274884	0.400830720210255
-0.613994852990546	0.497408996156211
-0.0126777294917333	0.00890770259419513
-0.0515542497671825	0.0334750475808626
-0.805831730072757	0.456240939747238
-0.114746312805183	0.0471671313946375
-0.183056198390572	0.128547427842496
-0.99560098592779	0.51125433795232
-0.407388793955609	0.372231034002939
0.0745884270024199	0.0542494949029211
0.946120172800285	0.645574227585604
0.134667946192871	0.0653953793596159
-0.0147456033874411	0.00764874945280821
1.11258821456202	0.918882046301748
0.164284249786321	0.122488708477574
0.0253892288638595	0.0149331366403279
-0.0109225448403741	0.00766028564574891
0.02185689186533	0.0125017301095175
-0.0547727722156915	0.0243741586616914
-0.809653207317071	0.698265663024964
-0.002349652714	0.00157651839989472
-0.114103230555008	0.0835174963261166
-0.260321674571878	0.243089825254671
-0.866102477219231	0.93716116932896
-0.413598053527282	0.181863090289465
-0.74849187540897	0.266103695673645
-0.071664177933406	0.0313375638508524
-1.15150774848009	0.364078757050567
-0.233830271346971	0.079880351732573
0.15045336866841	0.0380860428865526
0.347351282538579	0.179492872412702
0.133493902760053	0.0468914742396047
0.133313584650352	0.0469867759264736
-0.545620350185628	0.194905398294466
0.130424286684715	0.0573114008123404
0.509239732860762	0.187057893990434
0.650083594088129	0.20608635616193
0.429112228814367	0.179907504454431
-0.803773834713718	0.612906669451655
-0.557356532272329	0.433036674252746
0.147987417603363	0.0976860509240944
-0.313462624234523	0.141894396737646
-0.190641708725262	0.0988068340505389
0.777459942219678	0.610773670894071
0.155829822778597	0.0801675834320524
-0.0996720607468431	0.0624671444384894
-0.410605431205257	0.290250446934768
-0.513309330436276	0.248762524299466
-0.158338350181924	0.0584174913036698
-0.746356613660589	0.273282091273725
-0.320195720304142	0.150561236115534
-0.742105548070661	0.261052251426749
-0.346238892517851	0.213328502868348
-0.289693793172065	0.180859291774893
0.0653534516544102	0.0463221432440396
0.426982032352125	0.299527053623671
-1.34640053391597	0.816159708786614
0.0120920865403518	0.00639548733328959
-0.79021776225098	0.3568651355299
0.145428989139095	0.0803191691674067
0.138767944321795	0.066494549179058
0.159612316841114	0.10954320326339
1.21886510002417	0.9506508292393
2.05967395007876	2.37921997744891
0.15869489808768	0.105232779642596
-0.45877356057943	0.339258506597407
-0.150258959344856	0.109157770696844
-0.553910834906373	0.35463403314299
0.904853098733722	0.782861644440031
-0.781894622688659	0.338684169615304
-1.68689400985403	1.0095074686688
-0.36096099471069	0.104665235869113
0.133872306992259	0.0578943856013502
0.14278047506627	0.0286976566342611
0.140168353562376	0.0417587511082613
-0.168305493601458	0.0634965205349416
-1.99822855005791	1.46787489903222
0.00534157282241143	0.00296497720582751
0.652695912520095	0.213141993776578
-0.23779019895304	0.0816855379093685
-0.777304062163685	0.335334748628012
-1.84844945558539	1.18682979431634
-0.684068637539419	0.482554880546102
-0.350885312266727	0.210667451625352
-0.689755124189266	0.494517123038492
0.428834112381466	0.17901227987813
-0.345625204180306	0.207184374369185
-0.198110633730707	0.105270701864848
-1.12019373063734	1.09813254189416
0.0389930630477493	0.0245892174139717
-0.15698827584827	0.0870936451141832
-1.29550933804307	0.627186554192247
-0.809505597222865	0.54708188240571
-0.417899889572563	0.288110140853978
-0.690315902740285	0.497257746913269
0.285910907372234	0.194477310054581
1.06275923424327	1.35928442126753
-0.809316573190493	0.625097523221485
0.275488866448554	0.195908068499039
0.0373629213905477	0.0229715170009758
-1.91675248211286	2.29612965000006
-0.71903468499233	0.652111411079306
-0.800950228759647	0.614020089706571
0.420061275348584	0.411252994411348
-0.24666907955337	0.212853884799917
-0.35130149929318	0.254615655449987
0.389229746204003	0.382916632588476
0.383305445274125	0.296030685258884
0.155618401662961	0.107538619132312
0.360908952627557	0.309763700764734
0.403211943464921	0.38916462137938
-0.155939344570515	0.0559610404638785
0.15045336866841	0.0380860428865526
-0.124197355469776	0.071998532491497
-0.343651497146956	0.214693513624298
0.302088118487335	0.16924300848265
0.146629727735194	0.037888595860908
0.594356551179646	0.428661409517543
-0.541155363870536	0.217914309576922
0.428592149435002	0.30969835714624
0.432757921194056	0.177863005808198
-1.00387760489767	0.471609619325647
-0.409593663164088	0.232963418009723
-0.205701594526296	0.111567775293607
1.07533369547328	0.678826492716159
0.438458413706015	0.166821882332601
0.167791812625453	0.105139328630957
0.148093939908236	0.0862358311199303
-0.200967903404485	0.110895461187273
-1.95278851828783	1.81856419842318
-0.808678939693949	0.504704947210866
-0.0653185199043431	0.0288463130397607
-1.62075156485829	1.2415316432163
-0.238322202005743	0.156608229212214
-0.906097417578135	0.819319001113035
-1.2418200294626	0.94936504720873
0.258793175079156	0.211488558444898
0.239178569924808	0.211181415190625
-0.272991485329875	0.210559176937901
-0.127892484931376	0.0933420046077477
-0.227747416661062	0.175647113513295
-0.286701314719876	0.210510508544344
0.0262787224613357	0.0150744347666085
-0.418411755537771	0.241081103358475
-0.291177091515111	0.176333592884573
-0.169913041789583	0.117494690147244
-1.12309754210601	1.32050612045742
-0.211778513630282	0.169633157103726
0.662075161660907	0.562239484252897
0.685358610606104	0.660622611314694
-0.536164567487402	0.208399809462756
-0.324770885009137	0.155385695442566
0.288951532209291	0.195784806100815
-1.11921126007381	1.0770701202609
0.0262347163689937	0.015120466475499
0.78192892495662	0.463467267537102
-0.542031723753418	0.216602028573759
0.379305139661651	0.176204013144254
-0.811868938899161	0.507784379067271
-0.247085611835089	0.161332361788296
0.666211841558053	0.300172084516904
0.537504889546482	0.425651376464778
-0.0426505130764811	0.0206255224607291
0.432757921194056	0.177863005808198
0.01314595696226	0.00703401979339433
1.04964306827127	0.532888202536059
-1.30030420723037	0.604645981500644
-0.409798600568137	0.235607132313054
0.0153496507953824	0.00792723863104219
-1.18542512513271	0.674659301748413
-0.802089918786122	0.433130402097399
0.886786486862383	0.68955047273846
0.144038795650826	0.0693092744727144
-0.800597519004616	0.441848575651483
-0.0393382102987775	0.0188969158152194
0.154726860978706	0.0867384480078625
-0.46352414473465	0.349191698580552
-1.1294950661413	1.59711529708267
-1.0317754314346	1.1915506721368
-0.0888451592938498	0.0542891518814115
1.13545912641247	1.41016713345285
0.492057989153994	0.301870043101814
0.36382837139104	0.312808530024101
-0.934618102349358	0.666150021750898
0.151094725803432	0.0931602749465654
-0.0468432328066606	0.0306681485738365
0.306936179653168	0.183525983887583
0.347071628466038	0.174974607319874
0.0923631331879935	0.0703703072270098
-0.412122938050959	0.293429713753626
0.149771578690469	0.0858843275585027
0.140633163104812	0.0743495793589633
0.152925936482712	0.0942806554070505
0.139088999585537	0.0614541670485855
-0.461410731160983	0.272010267033485
-1.16933212770394	1.02866428066136
0.779744786133748	0.575429538348455
-0.199965976771102	0.105974543916904
1.21673147221891	1.19455489694033
-1.29725923227955	0.632325434039655
0.169327714968392	0.121386217116996
0.310067947755785	0.182400712672438
-0.419561938396124	0.230536913142317
-0.552461345933875	0.337282705902373
-0.0224196455103743	0.011125081816468
0.889658207813795	0.711966386475513
-0.321833820618069	0.145288404670966
0.281969813797	0.193436029649637
0.491997391850557	0.299315880157936
-0.352072408837619	0.210047296380444
-0.748422760736754	0.761511865726003
-0.0446000573948907	0.0213198168010684
0.802309440431161	0.338804288265683
-0.801070102223374	0.457366498003975
-0.408322329864505	0.176291340403789
0.937499190632754	0.261653783809326
0.425777281008742	0.172323331869485
-0.164257609072034	0.0614857022139358
0.0519245237607648	0.0327963383241478
0.493138106140177	0.511925877240249
-0.616955741656227	0.495703237685114
-1.49290114125134	1.01906538161607
-0.0729502366368341	0.0332528905744433
-0.222822159262765	0.177244408113249
-1.84446473616398	1.5994686991166
0.17102177815514	0.114441218081499
-0.4153047962228	0.177414640966023
0.133531957015024	0.0534075230038584
-1.18219769089873	0.678137885848869
-0.788222548200314	0.365529129468166
-0.343820347214682	0.206674104523217
0.0787449645119265	0.0631504157316877
0.38383846516782	0.312074527990596
-1.18523992585501	0.649713361204965
0.0663783115821451	0.0433060609871254
0.723632548383662	0.766545851910337
0.165757468089232	0.132618336078794
-1.31521693731612	1.56746217304741
0.167713307849601	0.10590754537558
0.702392440315055	0.451499900200671
-0.804911050617361	0.640100594404213
-0.194652277731574	0.103122706255175
0.0107208272718021	0.00569838990461223
0.155421174870242	0.112881516400328
-0.457657995124757	0.349107085196077
-0.0795090416653368	0.059201983425043
0.447062269220616	0.410282869254506
-1.04310637452567	1.45861801844097
0.513413765062622	0.193475044005298
1.80796845388172	0.713364753517048
0.501275623079485	0.177544715625385
-0.640051550461191	0.165024385486426
-0.236822024487708	0.0793879419132553
0.151714458282224	0.0388912867750066
-0.305006788653823	0.296895905857816
0.294711144274445	0.180256053678509
0.387426910285411	0.308602058278321
-0.144320014633907	0.102137519118751
-0.213885147451348	0.138919567212473
0.322825942121404	0.174875740075941
0.978037306355619	0.76069688907831
0.0869852075971577	0.0706498477914672
-0.41542219732039	0.235214666210835
-1.1756273982514	0.655100932680031
-0.237600116527323	0.0785200121805127
0.860885831210455	0.921264799082123
0.6633876545201	0.572815696946456
0.00854277442508139	0.00408938475625281
1.89099856190244	1.55989209611218
0.498119928013863	0.308339718295694
-0.0692556479637965	0.0534538958777162
-0.0265119980568245	0.0181050909669955
0.8246698575596	0.82674376680382
1.0695950938433	1.43127311805652
-0.0157559405271342	0.00817639266785206
-0.915306092044344	0.649793108290474
0.677420701162838	0.319689752834167
0.140658832854058	0.0681017561758183
0.165169431142144	0.123995916940038
0.0533558995685929	0.0341810164429092
-0.32663508855243	0.255636977432829
-0.139258887833194	0.0944134040318703
0.26196347815044	0.208241375084503
0.888377102669406	0.472841390484117
-0.638954644635542	0.163590857835517
0.153182251472494	0.0394690006724594
0.147298535161635	0.0299064650853773
0.809139074291978	0.351636683981257
-0.745259487398754	0.262919870951982
0.152161071013775	0.0381379190946737
-0.320952959421538	0.154335715038355
-0.038032137134137	0.0289712793469864
-0.876012330036259	1.01812090826142
0.29800632833347	0.196986680858718
-0.748767568555365	0.780996799592795
-0.400699272720109	0.354291978790891
0.436061522266543	0.316968665693888
-0.348581355902346	0.31388298403583
-0.283249633986451	0.228782982501812
-1.05462364192922	0.826373869157705
-0.468097357748698	0.365746154677401
0.170256857221193	0.121788022270368
-0.466713597770389	0.298277510816483
-0.124226437019388	0.0750409790037845
0.934575966322203	0.577417515655333
0.140658252591893	0.0597903597964851
-1.36849919466784	1.5875293068842
1.60382646146807	1.99512073225565
-0.0442238154279649	0.0295099380272412
0.584932160357577	0.304725103274311
-0.0745534941426294	0.0328977620885366
-0.999733588396064	0.512528764904733
0.0179474732929769	0.0101851607040277
0.256994224260103	0.197436766140823
-0.153061384671489	0.111249863311346
0.591513369837178	0.536660184681721
-0.298083815356099	0.181791872872981
0.483939035843817	0.300251291648512
-0.0786915304112637	0.0324503374482577
-0.0440086318417093	0.0208391210952466
1.07597354171212	0.666853534463681
-2.36889170210511	2.90093148712415
0.265107893804408	0.195042265396434
1.26007346563013	0.7100092467473
-0.116999074032114	0.0668285546705108
0.136591858122189	0.0594721514476853
0.151058332748898	0.0749697244349815
-0.0761285642210919	0.0340897444121235
-0.234708639882477	0.177082053921482
-0.214691701643745	0.170779269167534
-0.618317978765697	0.512685386094503
0.0168002019735895	0.0096753824617242
-0.426918369559372	0.43456317166245
-0.248308430923549	0.195018711331025
0.670279805602799	0.550524272754428
-0.139211102080912	0.100247154255095
-0.563816656367122	0.356974216065523
-0.129745213792434	0.0762820513174124
-0.178793899877274	0.126342081862907
0.169196093965895	0.126258236544297
0.0335286031644592	0.0208283033407368
-1.05071128118654	1.22316474790115
1.30809182388618	1.534662599577
0.031834599926396	0.0180171890542395
-0.600832641077148	0.441774643067096
0.16753771473188	0.105499082756782
-1.53833027997635	1.78442047535056
-0.129910763153865	0.0745516627682447
-0.50817985075189	0.265986336313476
-0.487858041638976	0.306928709547644
0.83966879384717	0.592415011108246
0.431191281542058	0.306558669715554
-2.13525321410929	3.46317463189068
-0.248811267133179	0.119037358439443
-0.196229324102051	0.105522897004761
-0.11240501794598	0.0460781936508248
0.611173534804916	0.424182515982511
0.457671759156316	0.315131822997763
1.11245152891766	0.974928272880092
0.505393484960303	0.298312837802107
0.975306570300301	0.773191842184913
-0.314779357850161	0.148234535931973
0.241771757359331	0.218269960339911
-0.546980820517308	0.457841786809893
-0.88202303945323	1.12502508767272
0.636059466279056	0.759271721940096
-0.424259104767188	0.406918757128013
0.0248517644860315	0.0142793508083399
0.169733234353956	0.132863637896568
0.163558870884917	0.146942299115632
-0.104208352489771	0.0417264715310166
0.127895254932651	0.057682763875119
0.303294403305127	0.287610544023465
0.552222489360978	0.606187303315034
0.474754844981001	0.431438758801418
0.588369661652125	0.309840937155273
0.348950935419859	0.175962350043327
0.782773853716341	0.605445344883852
0.66279135038338	0.569064423309833
0.600315607846119	0.628493597951778
-0.307650528773641	0.252600652647563
-0.907842704457105	0.856872355509524
-0.242408144198112	0.206256817065028
-0.068499714954297	0.0308801930553235
-0.801574287601299	0.699822025960091
0.159026215388889	0.0856322455915035
-0.210950070924583	0.163185088188079
0.532453032824074	0.586811423555353
0.878551625189169	1.09965985302064
0.0839177713383391	0.064788590432733
-0.166060311502161	0.135858321027309
-0.145411687486386	0.134445196192695
-0.748438565787551	0.266401828876756
1.05570848484906	0.497257575549498
0.132293220537414	0.0450330883432213
-0.408517628524766	0.164206102009764
0.136059592448409	0.0420203261091253
-0.0867616837946911	0.0897530690866847
-0.0204657481325221	0.0141343156300953
0.247055088357611	0.223778268680758
0.295269073928117	0.299847775710623
-0.114283433069824	0.0855811438435261
0.150103234796882	0.0790344363785323
-1.17608925674013	1.45671303850653
0.51097207556836	0.612085585265849
0.803323550143284	0.355193566985841
-0.160177850387454	0.0877353232020458
-0.613267059117688	0.304198236390653
-0.0124885569104029	0.00639715278150712
0.762246469624589	0.849779174684732
-0.741064409528876	0.263067856897519
0.886912295819446	1.57408500053136
0.473037330124785	0.561227728286361
0.282647791203469	0.289729274259618
0.691852018116071	0.905255324283329
1.08112349832407	1.56957770518331
0.871350866584612	0.824348229740832
-0.0967286304799305	0.0602468951839443
0.248914559643511	0.196293987417463
-0.240541947725136	0.160152665235972
0.772037810589476	0.727629297313123
0.465072003261897	0.409695366468522
0.251398113787129	0.218211008507661
0.0380200546840897	0.0310360967007163
-0.368253429320455	0.391749571636122
-0.192247293219877	0.16267750470098
-0.2080262721887	0.144403663331152
-0.151718039405183	0.104689083207094
0.534012699476319	0.301038166635569
0.153202968284326	0.123939046342344
0.103474224271207	0.084155583529517
-0.796704927965707	0.796297512468742
0.349569514231198	0.341055387854919
0.550485898104164	0.730107358004154
-0.343959053756055	0.427225071306183
0.140019255223081	0.0612054895706533
0.128190214680131	0.0440768527703346
0.93640634666493	0.254775499038721
-2.58111733796692	0.714610945265779
0.721088185000688	0.701321395723367
0.0765978602372857	0.058667056697247
0.160327869764919	0.104288231293955
0.049769332246426	0.0326875888292196
-0.00276649542946103	0.00190665001024657
0.309831553088449	0.296606011184816
-0.478607223260031	0.501299214282835
0.0517788614389563	0.0300111685547371
0.158804736424048	0.117672656270058
-0.696674494249463	0.538503675600238
0.149869328288589	0.112609855958429
0.227325060905719	0.205743795055951
0.260540245710135	0.206773711183092
-0.205251764788829	0.155132701684981
-0.00739323676394486	0.00387689158503179
0.138071567979321	0.0552000006911784
0.679616972834013	0.332364292690082
-1.33697190629692	0.840524358994614
0.719315568006314	0.566574672381639
0.829293739792306	0.740038130303914
-0.0145940070875816	0.0073078004276662
1.10621080117871	0.944489423386215
0.808452480375143	0.813626727517003
1.21323109139861	1.59817772603079
1.21233879508969	1.1289237426587
0.137203934086858	0.067626149248098
-0.171337021007316	0.0610600846624666
0.492240626197296	0.311961293207773
0.294355251125921	0.17436874360456
0.484303534330976	0.280196654683125
0.0511061775126615	0.033513073610269
-0.780435660943107	0.359162183101376
-0.660050208174421	0.387766494708098
-0.663178153879242	0.395074969979815
1.21962650670031	1.1776145759622
-0.110662246806968	0.0459716754023376
-0.906341069073761	0.891721847272804
0.42427270413955	0.296995709771226
-0.0137341484520636	0.00707948808304476
0.134196990054445	0.0476746060306298
-0.722945978535396	0.636159638022644
-0.406061153529298	0.287065327335201
0.240909422464577	0.214704909826405
0.493235660686116	0.312899587130119
0.152350340653503	0.0980551550297758
0.0643962179318125	0.0447441926541124
-0.160815090429183	0.0887184987493032
-0.383752249003588	0.346809842327926
-0.11544232357717	0.0477900987833726
0.167052969148382	0.126473680235783
-0.445918760588736	0.386184847213991
-0.0928899916858063	0.0569135985610169
0.379124791098863	0.315089800398117
0.292591477547972	0.186922195653509
0.94913136985125	1.40971141855049
0.640324869991755	0.635156567518649
0.595725591701473	0.56313133435493
0.50175649903012	0.433170894069725
0.513520827165916	0.487493964020862
0.391047330337284	0.314907248448243
-0.0244669168683046	0.0105911132374762
0.384917628516908	0.180723051520225
0.503356017640465	0.183652552637295
0.433933958631963	0.184268182335159
0.148340847278699	0.0298858287200156
0.138071567979321	0.0552000006911784
0.337810352867354	0.158958093244891
0.135624812098816	0.0533801846509906
-0.315859617370403	0.222261571408184
0.151056189850426	0.100886569543168
-0.69955025032054	0.5550831908063
-0.161459312404104	0.0588956253629404
-1.7396441336588	1.43799406496896
-0.498976040795509	0.264342847916514
-0.167263791902499	0.0941702597978783
-0.112646108852678	0.0460704963890369
0.776853690721732	0.468356743848326
0.652744579969079	0.217901190867539
-0.0786614212864432	0.0338019674730158
1.965333514187	1.07597144442725
-0.781236075737214	0.357529181094586
1.0734906102113	0.685860258004107
-0.40568548913594	0.178088867438725
-0.694542366565806	0.483579247755242
-0.808159360822085	0.44691173120608
0.367574509772075	0.383579643843373
-0.716109878840872	0.559789368320536
-0.618692769107909	0.509785871163548
0.063301838331936	0.0445449574721254
-0.70372700545337	0.56831671073455
0.0747670687665403	0.0538453910448248
-0.0967657170527563	0.069027389974991
0.00605393818995591	0.0044150853596298
0.986462795031769	1.18819937458305
0.0555801923467936	0.0349383074878647
-0.449008125046006	0.403576101002361
1.64584431976509	1.50991941369476
0.389261516388949	0.390781709880595
0.589941384966024	0.53979453177623
-0.288886944796049	0.273499844703922
0.40909399971427	0.404444860910477
-0.408182047560895	0.32841614414141
0.364327941680925	0.313744108841013
-0.0338942286919946	0.0229573164864426
0.0093152649200268	0.00509747789431404
0.505376343959059	0.189291473365939
0.693986930765501	0.451652568621546
1.77476573706895	0.957488826524101
-1.50569136454789	0.780761726457047
0.71322451655087	0.57006142005009
-0.111247230202704	0.0450068009831044
-0.407134474247431	0.176504493108501
-0.156998713150479	0.0916813185810035
0.152930087524525	0.0980730776731696
-0.498027745378502	0.263268965595129
-0.786370945060892	0.351743476849108
-0.807902252452674	0.429463546562805
-0.938372014799464	0.69830409915042
0.45012514768992	0.409402961093887
-0.113570104501158	0.0463897491854613
-0.992297307421754	0.497260263712666
1.55721057936984	0.834743156597484
-0.295421534094838	0.186539427315932
0.140212750873762	0.0438266964952015
1.07533369547328	0.678826492716159
-0.687317138719978	0.477254987297328
-0.800767899604752	0.568830401960951
-1.17823051683081	0.661214710839564
-0.243421282028222	0.155710387525529
-0.12594735457612	0.0467597392470519
-0.211778513630282	0.169633157103726
-0.00570175002414954	0.00408438115829046
0.271204248063772	0.192424893302976
0.157022063597737	0.0903891798996833
0.246639222662903	0.189252778390464
-0.82133581790564	0.683916627780892
-0.0803433925076043	0.0618647755197722
-0.469839462125091	0.471836461233788
-0.144993495756685	0.104403280233043
0.316014158490528	0.188560829158043
-0.0624735703265028	0.0408549098608098
0.90114021590519	0.757251172874942
-0.41549464185431	0.234172018504333
0.33303923197998	0.301316974141304
-0.138579155231733	0.100499470889105
1.12341366733194	1.06362095551758
0.62899588070324	0.58186500043263
0.170195741307239	0.139462941974003
0.716036527199611	0.590108897619012
0.354320579609871	0.175010370270845
0.807498022536458	0.336228440789317
0.13499828237977	0.0588178574530053
0.140010823813856	0.0481810524602638
-0.327486842073914	0.151222224058817
0.884744918509056	0.494235427354826
-0.643902881320565	0.161368815571743
0.825687220559594	0.713523461222757
-1.07788194568883	1.16651943311538
-0.821405316447678	0.506163919044574
-0.0525799331667708	0.0350316604698326
-0.918825743347901	0.788963035784331
0.770832072790888	0.591686997555562
-1.30589225100668	0.572617128395406
-1.04049138621827	0.429986031003074
-0.15773069094789	0.0592851464138479
0.132285669375004	0.0464856542526071
-1.14934954991944	0.361642569623747
-1.69141090047725	1.03051357361031
-0.318872657121563	0.149420058925943
-0.498339159586545	0.265756982621852
0.129021196109756	0.0495437089920457
1.88942931353782	1.61124001688092
-0.324770885009137	0.155385695442566
0.250070799152722	0.204130808239452
-0.0399721426127292	0.0268278500758643
0.0253892288638595	0.0149331366403279
-0.210274282395546	0.140261758521595
-0.622459550339232	0.529920020896239
0.157323512062312	0.103515368829849
-0.441989758092874	0.384627541553445
0.507740408009185	0.507498571069716
-0.210798439897117	0.146135189207464
0.0543196862773346	0.0348009788919421
-0.357975090902476	0.260635254539329
1.03790160586816	1.11342559546103
0.157363435569391	0.109063074398008
0.411811323856507	0.397852684348211
-0.136302745455846	0.113410107590466
0.640198995542933	0.439116232425247
-0.159450507120593	0.113324185953662
-0.375655830527248	0.357460713346084
0.065775999786988	0.0481350136339308
0.149790957184582	0.0968688727895961
0.130232203016104	0.0459791364778521
1.44588069545663	0.464483475976238
0.134197400477218	0.0463637448998297
-0.160201672301327	0.0923520290174791
-0.109827249326234	0.0446471816700299
-0.163322693440141	0.094440948214414
-2.6438333385166	1.60068158496637
-0.0170956830784382	0.00798670357907233
-0.404469090221893	0.287044212619372
-0.0948002741042852	0.0589705365094014
0.935979868052689	0.591918877180385
0.379541680521166	0.178490884337522
1.05013006171972	0.527151912763635
0.13496858485838	0.0418758500593107
0.135079987669266	0.0477904423303552
-0.801442998893281	0.318378857369831
-0.707138469318535	0.564767777693626
-0.15499719502132	0.0863845837133476
0.384917628516908	0.180723051520225
-0.804671030717115	0.523907884747473
-0.800352806299643	0.511370429782995
-0.966477529325432	1.09314123620563
0.415323543339798	0.313253515801827
0.0469272129855696	0.02816535212535
-0.345035916694622	0.357827342739466
0.776622601158902	0.592630858643146
2.02115044806272	1.79229086429227
-0.44292769017441	0.412597525901891
0.594248627995953	0.321737609882008
-1.00047442478733	0.510164144766332
0.174115857153273	0.14851008037404
-0.522177426868525	0.40832866459578
0.383621731575289	0.17552683477168
0.135168405484837	0.0605413662146142
0.375460855663334	0.173258339098392
1.55227173597449	0.783026833489421
0.464060827833793	0.425960804898543
-0.0181622579424451	0.00913696321353318
-0.157830383754993	0.0886978318639525
-0.29297290816064	0.188355001336619
1.00757590227834	0.8864294683262
0.312179824765268	0.295495445308191
0.0329340601165105	0.0274283132787276
0.219038445671067	0.227607815545499
-0.300068594758254	0.256808291802372
0.736431834213432	0.685752938892231
-0.0295197389791805	0.0199150245218635
-0.379784286235525	0.375054365668687
-0.335472807559524	0.308814768050946
0.222960306154243	0.198427962935152
-0.155713963875891	0.144861868338685
0.106949172423644	0.098493956162598
-0.174462544445012	0.124656545157073
-0.274029749113323	0.200983499471611
0.435621750391605	0.320989612462645
-0.00801633226063261	0.00575660657894506
0.164387331096464	0.143287382180943
0.738573795798079	0.819558296071038
0.272219567687639	0.247504504994037
-0.30756114517582	0.308885003875662
-0.106274132024543	0.0984794387370937
0.6701332135612	0.310663527396887
-2.58111733796692	0.714610945265779
-2.08237314112543	0.97231918104361
-0.361689402338145	0.108124975750703
-0.260916951189443	0.266683328854482
0.34486086252124	0.172505135106296
1.0750763717045	0.681147911783787
-0.207346313198969	0.158424208078581
-0.639856157010912	0.158868155145205
-0.0457899661446966	0.0218155747679355
0.162922221970918	0.146390011142123
-0.782559551334625	0.348496830563135
-0.335886412038937	0.198267692231362
-0.786427635819681	0.352238689361047
0.38013441111403	0.175447299470694
-1.28747950847418	0.599950543236542
-0.202267447215953	0.137892916390505
0.139750042872507	0.0620535895618652
-0.417160670768873	0.226488286740309
-0.303110390470721	0.221222101722061
-0.10465531788009	0.0883951386983824
0.307376886966253	0.309993660178933
0.363041328768872	0.501833445810293
0.276813473139427	0.331052446719634
-0.021236269198679	0.0192797677856828
-0.172496002146422	0.142562011755422
0.440874092999901	0.486983369705323
0.0578685208905986	0.0379170453401821
-0.112953350863923	0.0833548528086778
0.0983359951846598	0.0804635860985377
-0.0375652407517551	0.0181367043928435
-0.523737852416724	0.708303364859943
0.552212125465413	0.769409060973929
0.159996249526555	0.138466260431972
-0.358550351998266	0.375360781990873
-0.125637914316546	0.0730731751749024
-0.964476004384656	1.11382258764435
-1.05662523560168	0.832007924184094
0.165384687212202	0.155091756458766
-0.171231419553572	0.154913245692655
-0.0978355891478778	0.07510373463076
0.0601491008972338	0.056068543537754
-0.28852047452699	0.292476861090243
-0.579774038843745	0.867259247493094
-1.04862055277964	0.406424397979457
-0.537495307858972	0.209701019088875
0.15045336866841	0.0380860428865526
-0.788418523814027	0.367859720616813
-0.423612948584015	0.16603983010037
-0.68919452203965	0.488499243669574
-1.34267336802131	0.884353262253328
0.0495577892281771	0.0313868182293865
0.245614876067728	0.235730203224879
-0.805460560193932	0.639567198164807
-0.931191880696256	0.735405528722339
-0.488554597634275	0.470915829315466
0.535102991775171	0.31397485849028
-0.0792805020539682	0.0350129856664305
0.0828844409087821	0.0637706478074495
0.601320194519585	0.262002059220015
-0.696463717239927	0.466278986863077
-0.0732617998735427	0.0328312906717898
-1.53144416139017	0.563341198905054
1.44969235646285	0.896591158760689
0.301846794934765	0.288287715613564
-0.15671684448339	0.0871137803309292
0.507335509255071	0.185905274264866
0.369267671660612	0.296686859901548
0.488405023517326	0.507694514586884
-0.1623552514176	0.147759565226763
-0.308205506734618	0.389596269720831
-0.0819640051625881	0.0745720126043323
-0.00788236538687754	0.00642856484716314
-0.748696154871328	0.832295797969981
0.114046200968692	0.109470567171369
-0.433346058503864	0.634230183576326
0.0756076594003735	0.0570629652660093
-0.197949336776108	0.184102581392659
0.297384975676453	0.29877759970952
-0.326480030552147	0.277782203020503
-0.247990389908947	0.270271254167276
0.0629860699014266	0.0575053047489061
-0.207298478141094	0.213690230065433
-0.455098708905793	0.552532078270212
0.271475087888672	0.190292044930199
-0.169786819904126	0.139917858276959
0.0584406823325439	0.03716340836506
-0.252055904684295	0.268988023898553
0.285733034749615	0.303919784584445
0.0090921466158082	0.00486039616170726
0.336921435506	0.367429290116637
0.288627173792062	0.308685179496473
-0.362428168570193	0.468517971555888
0.134000438179106	0.0563419432224788
1.02034064533371	0.405837448853231
2.33959275480572	1.22404654608119
-1.83380790599731	0.7804545457661
-0.734556802994758	0.247366023778504
-1.15049600332665	0.365062590327348
0.232978871739326	0.222236960424211
0.564846178539428	0.543486237740468
-0.0629685253980306	0.0394079538800218
-0.309610158998139	0.291356364718856
0.816304809373462	0.863591329538391
0.26033571312897	0.199554840416927
-0.561637019096703	0.474166742320852
0.0885841700066069	0.0746268528747407
0.305676996433735	0.198522529059404
0.839198045793733	0.726237127639068
0.767858449236248	0.908440925949833
0.429597167970585	0.28496172017235
-0.901776974781974	0.810636469629091
0.368039069771138	0.299110209160024
0.670393392286844	0.82962519905708
-0.372464370915748	0.394720207360149
0.00834115439384502	0.00445070228896674
-0.0549489229502198	0.0439624516222013
-0.0720184246282031	0.0446740870207411
-0.11622408268106	0.0682565256977296
1.60773391652068	1.16093427511844
-0.966385148848257	0.612938485681252
-1.00329329124042	0.510726010383714
-0.260141370368669	0.131029387867171
1.02030315476189	0.398507228508527
-2.58035413683893	0.741528858997695
1.94980114249038	1.2510017412835
0.349556001243297	0.176925925581883
0.148209504221931	0.0373013479875106
-1.48110936321761	0.982354602066335
0.345497630717889	0.173761545622922
-0.543059060231839	0.217923143403964
0.146686917973758	0.0837363341987793
-0.181247982200506	0.126125635482205
-0.78275565804705	0.360636315462875
-1.50380292046246	0.792192513342636
-1.10624823730327	0.781936167426071
-0.555330586275167	0.47899345614831
0.524942453861179	0.296637225016762
-0.022366962366983	0.0104739260927645
-0.66567631497775	0.380605056020331
0.498946874482349	0.304857026321295
-0.692856173016295	0.484358269663282
0.0653679821515773	0.0477762512459451
0.0374061251981942	0.0231749356990351
-0.10400827289931	0.0636764726012135
0.37491723207525	0.305558959559784
0.00781461947916123	0.00407757177194881
0.0283805995129866	0.0159481070228742
1.52923965619632	1.73229840714447
0.163479044663304	0.124452036355174
1.05291755276496	1.2061630767281
0.442989918254019	0.412782385764379
0.0477971100126727	0.0297531578311645
-0.0599020516636503	0.046637085843802
0.223916453169603	0.209795317761071
-0.217399176825925	0.173511253585507
-1.09472828957948	1.40684708925849
0.369229643026711	0.316344313750914
-0.523403102453318	0.476037841334234
-0.0776257247294702	0.0493944494039702
1.61426951291474	1.0716458999733
-0.237695463640661	0.0816413996844845
-0.635536067431146	0.156838726108935
-1.14774125887734	0.354368830637343
0.124878496495736	0.0475906670015282
0.657568802803389	0.208820993172924
2.74993176721948	0.830491289829378
-0.403240404925469	0.174399730274336
0.803508624674039	0.355309686533994
-0.240793683980085	0.0802221353379919
-1.18194482348413	0.701563021555117
-1.15428849861567	0.360128618139807
-0.806449550936613	0.530353023446381
-3.0927052061415	0.976755090905428
-0.350945738819483	0.208445186408588
-0.47807842003927	0.308765638271551
-0.809316573190493	0.625097523221485
0.350553624247295	0.181129869893444
-0.414093318095361	0.294431747606377
-0.354461843934098	0.261269377912611
-0.409958468593101	0.23525364573892
-1.91034040028784	2.19671540608272
-0.0386141389369306	0.0259717941298453
0.712368033948496	0.578669947632806
0.864596533372995	0.824376748718155
0.424935622685338	0.277969022004591
0.715944092868238	0.597892034198592
-1.07111772313826	1.11296121718824
0.0317087669386418	0.0196728688685733
0.165533009298361	0.134812810909959
-0.0150991138801771	0.0105393521315362
-0.722208286272429	0.642714096987977
0.343318006244054	0.304819816151011
-0.384421574983664	0.372770824464542
1.05055527586198	1.68083852327335
0.0743865393992058	0.052963234658796
0.240840030862723	0.226661095986747
-0.811014881848077	1.00132876800227
1.52721499392132	2.10931703543914
0.771636329128822	0.740708669999868
-0.316434815872302	0.230165626663315
-0.41071107384013	0.173994622433548
-0.365786309699024	0.111027187131026
-0.362037714226246	0.106823025127718
-1.69238522635818	0.994469561014255
-0.250204302383458	0.124795741975655
-0.365786309699024	0.111027187131026
-0.640051550461191	0.165024385486426
-0.233928154976901	0.0766177080439622
0.129353817157867	0.0456019081276057
-1.04425966875391	0.423097140504412
-0.685670358641025	0.467465544777932
-0.152188468997537	0.126465182200299
0.144787921708386	0.0783468370816939
0.135056984330327	0.068294564747179
0.0339843451398285	0.021091000554538
0.0351684951092186	0.0210146162126644
-0.810932226118086	0.798771619489291
-0.342235449527718	0.312631999733063
0.146530154194694	0.0296723933695664
0.268935268842391	0.206354630203712
-0.314389713383602	0.343722627323506
0.662644449173536	0.737415223505065
0.151523577374576	0.0919841466504101
0.778171366164926	0.726406694747921
0.433978429267785	0.296675896353463
-0.36767202670485	0.32511664420555
0.80150494844844	0.759001464608534
0.0855269054460464	0.0685895044417919
0.515487966367552	0.527125029363301
-0.407231692885964	0.355898962163664
1.38332505256015	2.18957819223158
-0.29218489395336	0.249112139032912
-0.197989915512529	0.207835930953586
-0.481731882968257	0.50396231048002
-0.080631686372128	0.0683140889727512
0.072791710122409	0.0533584204671806
0.254862757561458	0.224531001583443
-0.436732088315676	0.400178350099611
-1.52343634927015	1.94234322475291
-1.18005288997151	0.668817322520338
-1.69164645035375	0.995740845736888
0.135079987669266	0.0477904423303552
0.140930057737735	0.0417224650908353
-1.04329396383084	0.427873668991277
-1.29638408971697	0.633152599982418
-0.23866359359719	0.0812703616337143
-0.498969797249804	0.268090774350121
-0.0732608640469325	0.0324600951866016
1.02197830440715	0.411558328281195
0.146539827836216	0.0701831330820019
0.14220636681774	0.0483444662107504
-0.643902881320565	0.161368815571743
-0.480861397957216	0.319881008203436
-0.941398751889209	0.693213689358337
-1.01806848625582	0.951781233029151
0.776187255566814	0.461756358433458
0.63820199597285	0.439640274458689
0.0515009283345305	0.0323862203026186
0.0767531091417937	0.0575720920134611
-0.590283506407699	0.410907066633528
-0.53838127454189	0.20414742967203
0.149942409522206	0.0296695603684523
0.591146439735098	0.711653261527704
0.285205417971333	0.1872677365563
0.154873625799863	0.0965469830605451
-0.412295389694138	0.335989055010337
-0.0732608640469325	0.0324600951866016
0.478147378632221	0.40999161252448
0.982383540020778	1.15690570487643
-0.308309617721655	0.311273836671155
-0.0664102515669353	0.0415101421514257
-0.686001226939734	0.680574518942566
-0.440734183576492	0.492707583934697
-0.0976583594112139	0.0729214520329354
0.16084159546218	0.14015344939848
1.08235844908417	1.39723204092845
-0.0846018517850943	0.0662565929393298
0.0878336003026352	0.0683404969542584
0.0776854075767032	0.0602041583715776
-0.26998651538738	0.208045707217884
-0.063744983928074	0.0278625359290582
-0.161837926694675	0.06090852702236
-1.04243230844476	0.442292931729212
0.151592021674215	0.0391867731421967
-1.53863106043718	0.534301128834276
-0.783560026625646	0.361765598683855
0.781235714515081	0.466279375827054
-0.239929807807847	0.0801483748366031
-1.35065865843583	1.0765683284378
0.810156437996157	0.349099517827707
1.31437442382038	0.618123110095228
-0.248939336762165	0.0799558830581214
-0.789875810711357	0.343823103640961
-0.309359230893866	0.231671823245026
-1.10659287769563	0.749498516270016
-0.354917670839029	0.263121708629423
1.12934744568745	1.41064408145566
0.735020807704938	0.70978826845847
0.145325402146213	0.0698207273981315
-0.30500462503648	0.224567099493735
0.433350235840881	0.317394572776295
0.149103744455169	0.0791566777889507
0.712716216558546	0.586139763328664
-1.5359877239483	0.525092461063987
0.618708039917008	0.606173411215226
0.00741809535755083	0.00408059497253666
0.567527120686397	0.533623780432895
0.293676990853745	0.202793528805406
-0.085119872308509	0.0506429264948031
-0.383965584555161	0.340568662164809
0.813258462531954	0.960973113370174
-0.725590180605747	0.692438149252431
0.665707909212891	0.586546268726974
0.0834319959535258	0.0644606588997057
0.349750732230336	0.285679061372575
0.298304062325623	0.311757099014256
-0.45656710166619	0.394305155400269
0.544510415664928	0.536870397611159
-0.578610680812521	0.535300664976376
-0.398959122763693	0.347964541877763
-0.411449783469446	0.174075883424463
0.320488598569606	0.177104497897842
0.509454416060186	0.192400711673136
-0.640288352849143	0.157443795432995
-0.16245450704869	0.0609199103035257
0.155347612608017	0.0390265755881082
0.509239732860762	0.187057893990434
-0.166323084199208	0.0624224519468323
-0.635536067431146	0.156838726108935
-1.18473533673672	0.677952017122682
-0.557504615847185	0.367797403005286
-0.201264564132648	0.109950325983581
-0.638954644635542	0.163590857835517
-0.781756310948304	0.347449934767237
-0.0352241014452263	0.0164898278237795
-0.2992488169413	0.27876359061103
0.389142347322711	0.306614648840502
-0.464364751003293	0.361829630826191
0.931590659547791	0.911963814217188
-0.581251816412434	0.380080697316062
0.252112498380896	0.198506255985595
0.779554195984937	0.595511232570797
-0.346210515818793	0.204102700849321
0.0211851492797777	0.0123324021895354
-0.112783470319346	0.0645321599854945
-1.46453236727124	1.33919526160887
-0.40906737712132	0.178426595528026
-0.404620919682797	0.169927636280537
-0.237884323882125	0.0777984450904388
0.64220560670624	0.19836420940896
0.148340847278699	0.0298858287200156
-0.741064409528876	0.263067856897519
-0.0324729664969547	0.0220738451801707
-0.546291151278014	0.442612256699548
0.475610030114576	0.429997497986984
-0.237947017461124	0.154921218142716
0.153798252141471	0.104596281042803
0.779956259490335	0.800842907347979
-0.092180329990521	0.0708935193680883
-0.309580445240397	0.230510233303819
-0.152779814595712	0.110233097917724
-0.248574539863687	0.213488288739541
-0.548291158762885	0.542110417846546
0.0480996465234069	0.031438131216777
1.05596969724165	1.31301640981147
-0.0200856319539298	0.013888490623238
-1.29034271123269	1.40528978749383
-0.496298866348522	0.439378155867494
-0.404850344660073	0.397509576284365
-0.323676729541594	0.150342921885198
-0.194378348048807	0.102706245256839
-0.23188061267687	0.0753525131901608
0.14343254477838	0.0422954895994488
-0.80801696335562	0.527084701333614
0.640589227556641	0.459684225600268
-0.403979824664925	0.176521636526113
-0.622046998141044	0.293303301975843
-1.83106616887212	0.764684666601112
-1.84011043275841	0.791356332498899
-0.15671684448339	0.0871137803309292
-0.969884384438013	0.59718089001736
-0.359488922044695	0.107399144350341
0.0537632581653089	0.0364008594051808
-0.350492992844508	0.210146657560771
1.75583228306373	1.39870196517092
-1.34762596313054	0.863108955174434
-1.33474721265663	0.801264962047133
0.0037668680471952	0.00201667634667469
-0.346210515818793	0.204102700849321
0.626047045062785	0.523541347186079
-0.588351942186559	0.529745158504469
0.0215616846597773	0.0127222119761729
0.693248031356734	0.432850860512871
-0.74325556589109	0.266496707150431
0.0187049984525853	0.010540027132902
0.323626969361225	0.183645842574616
1.30944529626773	0.585760739970461
0.135015906227356	0.040886012118548
1.95669114496977	0.512659458057214
0.651252247556485	0.205455391637762
-0.54383563817481	0.204986466385714
-1.83588402596821	0.768715625222587
-0.355527680886749	0.26078223917019
0.0234024053391559	0.0114431474912114
-0.0520486782444337	0.0339716438367026
-0.0662870396448015	0.0284709679445327
-0.208526567931707	0.145523910824185
-0.709783204671656	0.571391098102607
-0.816084838736872	0.914796895537948
-0.75306758373041	0.761452469943192
0.484627636241688	0.421519706829212
-0.052515227969567	0.0341847130399048
-0.0624735703265028	0.0408549098608098
-0.615634070596738	0.61284055091499
1.36034802977992	1.20496537070404
-0.165420585643325	0.0932019310293495
-0.618062170451355	0.308574530477795
-0.361632557745294	0.110435934225015
-0.169755105650422	0.060505897942323
0.682056707834494	0.331149792038312
-0.163640254633394	0.0617987202008443
0.14234488743478	0.0432003227063061
-0.251472365775847	0.127298873944563
0.0175121104413834	0.00907879540098435
-0.798559631856957	0.431723212394486
-0.084715570014046	0.0350966858864827
-0.56124295037271	0.361140367885831
0.652695912520095	0.213141993776578
-0.614209042574623	0.30549582696611
-0.481303761870774	0.321604537852156
0.436166519580347	0.311858199371552
0.150614761362261	0.0817730605041335
-0.797048685424377	0.447367745019654
0.355301405547055	0.179451790203057
-1.10428775180532	0.725720396507139
-0.99339411534124	0.489175410841298
-0.295262456148597	0.185362263810332
0.437891502468007	0.318138115888929
-0.24165116589135	0.161152618999036
-0.159332626631703	0.0601996024108956
0.375695833378333	0.172323298773828
0.14356559610904	0.0621623377465971
0.149238678528	0.0375615380295797
1.31534198003685	0.599148545689121
-0.360560346528662	0.110506092787366
0.141071417771418	0.0618950025556612
-0.936088591349933	0.673049290590659
-0.531014334867399	0.504790386358205
-1.73810586486435	1.48533932564112
-0.309975831153497	0.291428265369529
-1.00416920612992	0.969298374304629
0.0101781000103625	0.00544252029824558
-0.298273507521068	0.280762258264127
-0.209065533601148	0.144007077347273
-0.269437676449862	0.25412209580363
-0.627958544388799	0.512930405733293
0.256033974294739	0.198477672171496
-0.457062674642765	0.358486975885338
-0.997241148403114	0.987674451059682
-1.11475009222677	1.10060895300293
-0.346238892517851	0.213328502868348
0.144827082626034	0.0868160873650429
0.560290379590676	0.434135760837698
-0.201690206645557	0.106721573329811
0.147242649032936	0.0834512060706338
-0.578610680812521	0.535300664976376
-0.794109587609769	0.559247216780592
-0.413375506529076	0.182220227675705
0.028605715467866	0.0164055459234183
0.857841041975359	0.613731062135071
-0.240451215399405	0.181897896482613
-0.603999481382244	0.434184182976401
0.155492781806271	0.100477089401589
1.22720741614479	1.18006895435238
-0.245421890598156	0.157986061250053
0.129021196109756	0.0495437089920457
-2.12590876547573	2.07929760735672
1.06890945661333	0.672702047932269
-0.67842285778392	0.431982026979802
0.255627895543433	0.213792145054576
0.0556120246759719	0.0367571166574146
-0.302573117122726	0.220453595560423
-0.0543521117383131	0.0358559567391381
-1.35844545675953	1.11761964808928
-0.562395662149088	0.354775236260284
0.33045507348055	0.178868163053323
0.77936182452212	0.478018878012709
-0.628802699256137	0.296803570705251
-1.50953105276019	0.79645385897965
-0.798538350533654	0.586222997474163
-0.754692093614564	0.848852149940237
0.156258094560171	0.0792586974157271
-0.49483411980984	0.288477003128834
-1.10276324519887	0.759604525468119
-0.793318702171613	0.41439821804921
-0.0884408809132091	0.0669225705580962
-0.0983252607779222	0.0755270329370615
-0.200024480161908	0.177219395971124
-0.124276815667134	0.0884665038724903
-0.0449046148192743	0.0288781710665063
0.0712459875411457	0.0495179791913087
-0.295424786942281	0.245779842766598
0.165884679973073	0.120969052189578
-0.560666878254138	0.361246930203842
-0.317304933863509	0.150856014956897
-1.50387806357019	0.813421648198263
-0.807788060133363	0.533858159019415
-0.208430982928737	0.109889381823737
2.42855386592388	2.74693271572256
-0.220372247217799	0.143666247002811
0.161509515661466	0.112506160938822
1.38108986576058	1.04320319200212
0.898729024990601	0.751620068089078
0.149138747464665	0.098717863326522
-0.694434413456577	0.487000683800462
1.03286513561441	1.10758458829949
0.430540034787832	0.304543407402284
0.556685035207789	0.453682720451677
-0.492601463417668	0.422192241786034
1.20703850964408	1.55752895266923
0.381534435027741	0.175006940382303
0.944346490486973	0.64275798640595
-0.914019022964041	0.783650790737754
-0.0454109240836039	0.0218224376110581
1.04964306827127	0.532888202536059
2.09696222324059	0.945873879640524
-0.791042320083713	0.340898053805026
-1.11023852801059	0.7660076500325
0.136587793809952	0.0539440736348147
-0.185746023540996	0.131066509340504
-1.05308145949664	0.810109230617258
-0.965755399532555	0.607391228022738
-2.04144115931032	2.03069037534143
-0.155591378407095	0.0903147104926948
-0.156194220218586	0.0569452858824899
-1.24492441071209	0.902937808049608
-0.926798057985742	0.752047557867107
-0.222572774299189	0.198964316930243
-0.131407446911292	0.0964289712098373
-0.15544283795765	0.0871667987268827
0.056987550200524	0.0359355834740908
-0.179742087475763	0.127819268281285
-0.405601008117396	0.328466998452676
-1.5115745763227	0.796023855040867
0.147298535161635	0.0299064650853773
0.15045336866841	0.0380860428865526
-2.30145717907553	1.22204244823093
0.652744579969079	0.217901190867539
0.141301354602922	0.0439626882643758
-0.998535088445235	0.52395959859642
0.126242431572634	0.0507850254666871
1.20342324330436	1.55727348773928
-1.12692629161414	1.03035188571608
0.0692298371330927	0.0449817566751788
0.558806061091767	0.43208348924568
0.149681945172592	0.0789138587065327
0.0507206846676235	0.0331366186933226
0.773334255237357	0.743703873488866
0.455880832422813	0.297318970764868
-0.404867937330664	0.331002517603535
-0.287777064305481	0.187435275252907
0.134173422755305	0.0529790077064493
-0.164166861617839	0.0622091166961839
-1.69141090047725	1.03051357361031
0.507314759881854	0.18579191940278
0.937687320607838	0.251423109778556
1.44061907723966	0.474013409533136
-1.29925681162995	0.580869580020442
0.144466272087169	0.0365666001718038
-0.239833373350342	0.0814631755995667
0.141588907067525	0.0603964412496035
0.348313265797764	0.174200357729694
-0.161130524501154	0.0603604971354402
-0.685312143870342	0.456008167525961
0.140212750873762	0.0438266964952015
-0.543059060231839	0.217923143403964
-1.49374812245584	1.97833830038112
0.148524885203281	0.0867121600192734
-1.05475476170427	0.829283108610509
-0.745259487398754	0.262919870951982
0.130776883061315	0.0386854390373433
-0.542330268299448	0.212299688420961
-0.124420285807319	0.0731620618659025
-0.95747324701798	0.576890645055056
-1.46294842304754	1.25848666266647
-0.356869186364459	0.103873748641222
-0.556200737099725	0.340642832454396
2.09805628809814	0.973310753898062
-0.640051550461191	0.165024385486426
2.10684291660412	1.42064570212172
0.269334001531526	0.188941809990844
0.693090487943601	0.686290515567885
-0.0296699272432605	0.0197841208485595
-0.915481393638819	0.770724103178486
-0.408182047560895	0.32841614414141
-0.917245476259119	0.754314689484498
1.05150066610873	1.14353748371864
-0.180780969237728	0.124607212426573
-0.0985962089120643	0.0754210878369957
-0.244500297284689	0.157259299334564
0.140212750873762	0.0438266964952015
2.74993176721948	0.830491289829378
0.136546560580556	0.0656475079196228
-0.238567674855184	0.0768386514948375
0.15045336866841	0.0380860428865526
0.147571338722617	0.0296534813215984
-0.640051550461191	0.165024385486426
-0.405478673238658	0.280361117682844
0.350521942429081	0.170528917428567
-0.109827249326234	0.0446471816700299
-0.411894430982352	0.180404527974127
-1.34295608269194	0.844707917931313
-0.277266947123011	0.234626143691641
-0.411975356698067	0.375351233263079
0.360440362736507	0.306592098749666
-1.65830589621191	1.65145604667192
-0.422412653118636	0.167020793765184
-1.04436434295654	0.445800704702982
-1.05241076369094	0.413403082615961
-0.074212656070036	0.0337294385625537
-0.616291446377667	0.305219866678052
-0.636440752837538	0.160851189766091
0.142971955096055	0.0442241383996475
0.147298535161635	0.0299064650853773
-1.04746380174536	0.446251819108337
-0.692856173016295	0.484358269663282
-0.599457928971028	0.445049710228858
-0.243796363156039	0.0832740997549207
0.653820669882355	0.212563455486324
0.150575043964835	0.0398742802241122
-1.04350155286969	0.429872929116567
0.806463375830029	0.329193472825971
-3.05897278566935	2.24722979216369
0.561541658812824	0.542241641532869
-0.648974292149404	0.600827584661344
-0.568703757097952	0.497922882025839
-0.528204299862727	0.48902477218634
0.30436274879784	0.180719451685676
-0.561637019096703	0.474166742320852
0.294919649907453	0.203151211487375
0.301219060483847	0.194533453772702
-0.404762152249005	0.398014662503982
-0.14727580772855	0.10603449595473
-1.28835345332995	0.601536278687429
-1.05045461324515	0.432727027587394
-1.85088454741165	1.62308342055209
-0.120121453015438	0.047496162171174
0.149437344912318	0.0387143285458533
-0.358955709589552	0.103563270654688
0.932735384432011	0.254694662217943
0.147571338722617	0.0296534813215984
0.327519290794919	0.17579644440965
-0.643902881320565	0.161368815571743
-0.6535676593685	0.613785543848141
-1.62181121705553	1.25572837896381
-0.551429264254753	0.469042192175216
-0.905101918465778	0.871027492866664
0.141301354602922	0.0439626882643758
-0.620966223733092	0.305127263814096
0.811516334855715	0.347332413773245
1.43822645060161	0.4814693304651
1.31041866978774	0.610006844551424
-0.743612894131548	0.263815810758106
-0.504675833131305	0.262512474194726
0.485102901392352	0.296741991590325
-2.09435207431954	0.960219995158489
-1.04949077847767	0.435890454815377
-1.04243230844476	0.442292931729212
0.147571338722617	0.0296534813215984
0.137658728783631	0.0458963513256692
0.139060455623026	0.0714090088388404
-1.05265330116551	1.18771765996708
-0.157431603000114	0.0855597874132496
0.36979204914198	0.302462820616107
-0.590810122847163	0.440745038551206
-0.998274570618016	1.01794906038668
0.142785643608113	0.0770639826962519
-2.30337049707962	1.23732083473153
-0.199535651096126	0.11036262070561
-0.74111878729607	0.272048451943737
-0.162644160110906	0.0616497483092917
0.937499190632754	0.261653783809326
1.440502280487	0.494214957169554
-0.635536067431146	0.156838726108935
-0.36050307261752	0.106458318520891
0.130378428188142	0.0515850695945457
-1.48588619478779	2.22987850475606
0.0361904000023213	0.0223444142364203
0.00642686239075	0.00356847174506999
-0.81422628892445	0.541622549330772
0.141256822258265	0.0430610911785714
1.76547337217493	1.0099962487997
0.533090339622869	0.308706781750023
0.904761516363489	0.757700219038711
0.133561353856749	0.0392406700769564
0.325193752054581	0.185223103065402
-0.163450720813566	0.0618388623357549
0.428024210519968	0.177087647622131
0.593077683394925	0.312559621387672
0.146530154194694	0.0296723933695664
1.52264367445919	1.29245374434395
-1.19703140864694	1.45232196233976
-0.526943236439595	0.478162399361607
0.594234895650977	0.409298619926015
-0.807438359498869	0.709158664072917
-0.0481210233099294	0.0223068142412322
0.413553949698405	0.40047808199355
-1.49099310548535	1.05253454329707
-0.116138584749906	0.0480086969068476
0.506362278210508	0.180052047761796
0.140156610400495	0.0482528832876944
0.513322666607543	0.19461455271516
-0.750540514145382	0.258981787791462
0.133324861621024	0.047022951939009
-1.53449212145706	0.567056159779366
-1.17682863741547	0.684981711565696
-0.810637462763108	0.71543926122624
-0.313582482006422	0.230267053879366
-1.35382535990381	1.13775552463068
-0.499201508901734	0.463651122764572
-0.0349655559362478	0.0285940803640168
-0.21239056272136	0.166897198237527
-0.288573508106097	0.269952192283539
-0.565897424600466	0.460438053977816
-3.08638015821861	0.976947360312344
-0.987661707677625	0.489792476368873
0.128332143784253	0.045108714855862
0.136217609113947	0.0658769442909284
-0.0407018973064402	0.0199242455274434
1.89122167914609	1.54950982954135
0.323427521617816	0.182165383275008
0.415915774864255	0.305888415595049
-0.157988901434447	0.092516698425685
-0.127916022393945	0.0752390854931415
-0.660661820285272	0.397139871258851
0.718339432396126	0.593907843769512
-0.368908411110601	0.255806927814172
0.0594716811521847	0.04061497654759
-0.262746065369558	0.131366422905112
-0.805561112831487	0.617258204054291
-0.962571035662845	0.598748930615882
0.687748660909632	0.399816479657162
-0.245056666536595	0.189048691173887
0.725448508248065	0.595258917987743
0.699674680035115	0.824061182176837
0.0335768370786151	0.0262153942578466
0.0610602165305555	0.0403636650465693
0.63814727576074	0.459871829358639
-0.923286215380579	0.767568910880521
-0.41588695692708	0.289271431286122
0.893962956392275	0.491626181000534
0.644697443159998	0.456055469897363
-0.563816656367122	0.356974216065523
0.152386299160036	0.095254818589616
0.140064131739935	0.0712291867653212
-0.300259442481627	0.266445847977791
-0.012100017173472	0.00628432294419603
-0.624109188954125	0.681940174418785
0.003375108183396	0.00285257875645184
-0.0907463369515382	0.0768662861461227
-1.05741373311518	1.18681708924295
-0.459764059091626	0.366064906353034
-0.358155305129077	0.294831029950615
0.827429261493857	1.12983162557799
0.352339926189103	0.311092037708994
-0.921699768596459	1.29524497022123
0.057202876159703	0.0401635890895397
0.959739283768369	1.04891140436654
-0.915276304814237	0.823940593379166
0.139029019622997	0.0680073147131165
-0.342594277522628	0.30452507777395
-0.227635590256875	0.197324972821293
0.276723739328139	0.20511866672498
0.173471770145884	0.127773539935673
-0.0797771582082052	0.0701766160535114
0.709693909485768	1.22651335858418
-0.530982834798445	0.499341626583028
-0.322518573055744	0.151942388683386
0.138071567979321	0.0552000006911784
-0.288230291018972	0.187095872474139
-1.12185823648382	1.05380929582424
1.67993453292762	2.14802957494681
0.673952588012493	0.763993380310964
0.0380814039705991	0.0319358341231918
-0.190167850486725	0.14937524725832
-0.9382345872124	0.689577468961068
-0.324817562016132	0.230809569775514
0.0519355883848431	0.0350053621957913
-0.647339194558658	0.56854299275044
-0.00823722836862578	0.00581678735017255
-0.132533592527202	0.088948413575905
-0.117323302490312	0.0663547364966228
-0.0455694877511287	0.0292099461039691
-0.0572479101113125	0.0377301063878086
-0.322272656781126	0.266544466945377
-1.01806848625582	0.951781233029151
-0.477902851499203	0.327304466455269
-0.896650661537839	0.805610083360543
-0.0310170179868078	0.0251375895533706
-0.561776640835414	0.631846458117203
0.670591993711667	0.594957978390131
-0.286859869080883	0.182922905077323
0.782833442822807	0.714119908873832
0.688703637729695	0.690794723362168
-0.273807005434619	0.233083382738731
-0.159676023485388	0.0886917356873001
0.667612473868225	0.5909660374894
-0.704381234988503	0.539686797450296
1.76102800279809	1.66530537547345
-0.0438869114697705	0.0298842914770351
-0.735984301136742	0.753433115819752
0.159347609075613	0.109733387377705
0.609201883669634	0.430904404479093
0.048164600603337	0.0283918294137927
-0.494580610999131	0.575231229755716
-0.0761285642210919	0.0340897444121235
-0.0428615584637626	0.0209985823872268
1.22339215134504	0.990646815341661
-0.0953093523621079	0.0593564335204626
-0.362878602039621	0.319952281717043
1.20982025150512	1.68325171246908
-0.283580405964608	0.266984369397584
-0.437866751367563	0.460136259429126
-0.62515425890296	0.520402773473085
-0.0804262104563895	0.0512963547773544
0.1510543498528	0.0882105241516248
-0.413692134121572	0.24380707076192
0.939073710936195	0.591548510858889
0.290960595873485	0.203200113709496
-0.821338356526976	0.751771358832447
-0.0167409887046002	0.00848558763529206
0.14221024906256	0.074999548676887
-0.4215061576212	0.237290386786074
1.55214127422101	0.806514162297701
-0.350905605914173	0.197864777851902
0.154973502096296	0.0878086960930481
0.894846042466046	0.755946933244796
-1.34016067975902	0.854677278492312
-1.35033164325429	0.823906758903233
0.903457643289899	0.788674236654865
-0.322269812208497	0.15457168293373
1.07885995258551	0.727825076765993
0.463570729065839	0.296228994900374
0.599909360286975	0.315142577614531
0.025913956103811	0.015152471428047
-0.405910709671457	0.17371470468319
0.134667946192871	0.0653953793596159
2.38917316279607	2.02564072791596
0.734396345637734	0.816401562981305
0.0669665184247751	0.0443251029645645
0.159097898360886	0.108627577572597
-0.290999959718161	0.178912056073314
-0.249264824532208	0.126044248352566
-0.65118062078744	0.589593256736427
0.149103112960571	0.0832318799279747
-0.0604264303050587	0.0397578362149978
-0.240013239024918	0.184286036756463
-0.902099567761241	0.856205844557947
0.98064663527285	1.09743538495592
-0.721240339563996	0.652361677982795
-0.704600926805741	0.539484094377968
-0.799258603868832	0.666267583161173
0.318748518937072	0.172637950016236
-0.628802699256137	0.296803570705251
0.38852289402473	0.171170822626637
-0.691009283449416	0.469585392828447
1.07597354171212	0.666853534463681
1.06616211574948	0.625382503415306
-0.248064936446289	0.161590016364531
0.651620019017489	0.218540697202247
0.13496858485838	0.0418758500593107
-1.6949626521777	0.949145467710298
-0.328418300944388	0.152041231344808
-0.244762040546747	0.0816767416060724
-0.0126058976877258	0.00653447004886441
-0.488751401457537	0.305757378287951
1.81396001099215	0.706924423007218
0.431624531187394	0.18031244099903
-0.162644160110906	0.0616497483092917
-0.617365433896648	0.306664761624065
-0.0755166576569584	0.0331163082890303
1.0529354730127	0.540888228582563
-0.256524990611984	0.129625970826037
-0.783756015091416	0.362696617831833
-0.160327934571026	0.0607030233359829
0.383049736914793	0.178796815086714
0.135606958078081	0.0657207722766274
-0.255540528747243	0.127160124369566
0.161375404990359	0.113274835001538
-0.146164251920373	0.116541431141128
-0.213298198916435	0.169237184866776
-0.590791408398746	0.532482511627711
-0.788418523814027	0.367859720616813
0.531545986348389	0.316526573448826
0.943736334612044	0.646128773123125
-0.740481094559774	0.26196799815237
1.80497011159784	0.71606070609252
-0.788418523814027	0.367859720616813
0.149557277841831	0.0384747021438069
0.654236796829969	0.213945380780958
-0.636440752837538	0.160851189766091
-0.99252608142263	0.514089350246445
-0.297870485151462	0.187320528553056
-1.53449212145706	0.567056159779366
0.646344897352587	0.204467794280262
-0.788222548200314	0.365529129468166
0.142923338097577	0.0435648827361028
-0.788654590385824	0.339760144599857
-0.103761725870953	0.041729416424474
-0.107512295166967	0.0432212941308047
1.80904922427081	0.71938512081813
1.31139150601033	0.591587161243202
1.26763571029454	0.670736836395373
0.589505072109875	0.310391742412212
-1.73674398711161	1.38448187106653
1.07980175128706	0.647736860603255
1.76466521468185	1.04603703939955
1.02302297021139	0.40007828159001
-0.788222548200314	0.365529129468166
-0.242738510358594	0.0826009154088164
0.142589359097088	0.0409603601960904
-1.33922002452102	0.878000707347272
0.402282388513759	0.303287630772105
-0.454917108886941	0.469863773304664
-0.179539738373094	0.058320430945243
0.140212750873762	0.0438266964952015
-1.1809985903631	0.69766730505061
1.55531089448754	0.792558984587613
0.141256822258265	0.0430610911785714
-1.14934954991944	0.361642569623747
1.26069214833827	0.703304099518684
-0.361632557745294	0.110435934225015
-0.779635563806562	0.358041820883046
-0.360618173117269	0.105206136413076
0.141929511339137	0.0427069510868342
1.43834175748452	0.492373840580877
0.148340847278699	0.0298858287200156
-0.792259992126895	0.353161835062861
0.139212252888443	0.042018583976848
0.506342768935983	0.185936116630899
0.148340847278699	0.0298858287200156
0.147298535161635	0.0299064650853773
0.146530154194694	0.0296723933695664
-1.29331518964878	0.62373813356099
-0.543208681646357	0.213507639679037
1.01398285238252	0.391895405434937
0.150575043964835	0.0398742802241122
0.652759056664063	0.199420190412166
-0.234859505599869	0.0758413785510255
0.937499190632754	0.261653783809326
1.01925597811256	0.409912776295729
1.02169881410678	0.372890127431196
0.155638247969302	0.0949130904977862
-0.560094148402535	0.345530615754863
-0.787617720907545	0.364421783810038
0.154326265881988	0.0396696710594312
-0.366862990219358	0.108975842075023
-1.15645545358507	0.355419661653037
-3.08638015821861	0.976947360312344
-1.79827108630004	0.44343860950155
-0.639151761544215	0.160758461567798
0.651620019017489	0.218540697202247
-0.0802649643551875	0.03490811358756
-1.52666556475534	0.555316783803888
0.146530154194694	0.0296723933695664
0.150575043964835	0.0398742802241122
-0.638053781472973	0.159413989769262
0.141301354602922	0.0439626882643758
-0.24692609781477	0.0800921557196726
-0.751632464172592	0.253045803928272
0.770456286264469	0.448232931046631
1.02138727952061	0.394754610362591
-0.360560346528662	0.110506092787366
-1.83520804017314	0.763725541227743
-0.639151761544215	0.160758461567798
-0.4215061576212	0.237290386786074
0.675764720332414	0.641961925981172
0.149437344912318	0.0387143285458533
-0.784561510703363	0.363836867465963
0.939102233359381	0.253860909335715
0.151714458282224	0.0388912867750066
0.146530154194694	0.0296723933695664
0.780961727918353	0.465364231952768
-0.112047201339618	0.0468130396329068
0.147298535161635	0.0299064650853773
0.93640634666493	0.254775499038721
-1.14672516880979	0.35527770214058
-1.52930838704928	0.565957082481742
-0.535289582991207	0.204165936619899
0.508189023133321	0.182658918043607
-1.80224057834231	0.435169887808059
0.938593829640437	0.25299923568342
-0.365786309699024	0.111027187131026
0.802634386569774	0.346161922409027
1.0140230749337	0.392824645607558
0.525206956903652	0.4298481829643
-0.638954644635542	0.163590857835517
-1.79827108630004	0.44343860950155
-0.359488922044695	0.107399144350341
0.124610116412012	0.0417809096767683
1.440502280487	0.494214957169554
-0.640051550461191	0.165024385486426
0.426310475549739	0.169101583200591
-1.29114182956789	0.591634521510176
0.140212750873762	0.0438266964952015
-0.15063019061141	0.0504732070507887
0.147298535161635	0.0299064650853773
-1.15441539366439	0.355848450407468
1.95768385432882	0.509240283014783
-0.543059060231839	0.217923143403964
-1.30012491256152	0.583682045460449
-0.115682478473263	0.0472140950734097
0.147298535161635	0.0299064650853773
-1.14672516880979	0.35527770214058
-0.360618173117269	0.105206136413076
2.750998534728	0.856347257355128
0.940011504003477	0.255477646254495
-0.230921294834891	0.0747965747307629
-0.365836989763007	0.106464687450847
0.645264698888691	0.20390668467085
0.157975224367896	0.037921494795094
0.150715901937816	0.0298994530276061
-2.58389336218252	0.718322275969984
-0.360560346528662	0.110506092787366
0.592440001012811	0.318039697826218
-0.504711765543407	0.272222410646698
-0.640051550461191	0.165024385486426
-0.24177445301126	0.0824405666747071
-0.360560346528662	0.110506092787366
-0.360560346528662	0.110506092787366
-0.640951987120562	0.160195969285506
0.148340847278699	0.0298858287200156
1.95669114496977	0.512659458057214
0.14278047506627	0.0286976566342611
0.150575043964835	0.0398742802241122
-1.29638408971697	0.633152599982418
0.651571765273664	0.207237716455378
-0.640051550461191	0.165024385486426
0.936593763299916	0.259936987760241
0.941110931973215	0.255363319569636
-0.364659322311828	0.107068546286918
1.43834175748452	0.492373840580877
-1.15252026964086	0.35280108571698
-0.403240404925469	0.174399730274336
0.139752480599127	0.0533548690902885
0.129804857579306	0.0424491268567963
-0.639151761544215	0.160758461567798
-0.80659111989236	0.436645201190808
0.147571338722617	0.0296534813215984
-0.638053781472973	0.159413989769262
0.147298535161635	0.0299064650853773
-0.359014070766392	0.10669384643532
0.153182251472494	0.0394690006724594
1.95669114496977	0.512659458057214
0.147298535161635	0.0299064650853773
1.26280780531157	0.712620596991427
-1.52666556475534	0.555316783803888
0.149557277841831	0.0384747021438069
0.136367818943238	0.0542390099118798
0.14188067506036	0.0431347266598017
-0.636440752837538	0.160851189766091
-0.0198937512049334	0.0100675958817565
-0.639151761544215	0.160758461567798
0.154326265881988	0.0396696710594312
1.95669114496977	0.512659458057214
1.76334499330124	0.99976672401657
-1.05748084880232	0.406971590654532
0.376856787447975	0.169014281652604
-0.538249980580552	0.210817951486894
-0.640951987120562	0.160195969285506
0.143823190554174	0.0286863588662954
1.31244399995416	0.590281494815779
-2.58111733796692	0.714610945265779
-0.748438565787551	0.266401828876756
0.441639998324502	0.159655828478648
0.381166493400155	0.178105031398548
-0.777838469661249	0.344389685736099
-1.04136409890739	0.424665264099882
0.151592021674215	0.0391867731421967
0.149942409522206	0.0296695603684523
-0.639151761544215	0.160758461567798
0.652695912520095	0.213141993776578
-0.743612894131548	0.263815810758106
0.931642182818432	0.248244381880994
-0.356869186364459	0.103873748641222
0.147298535161635	0.0299064650853773
-1.14672516880979	0.35527770214058
0.651571765273664	0.207237716455378
-0.74325556589109	0.266496707150431
-1.14948503307875	0.354612480039932
0.146530154194694	0.0296723933695664
0.152732391175414	0.0382714049770349
0.149437344912318	0.0387143285458533
0.13203010528814	0.0507517800665505
0.147298535161635	0.0299064650853773
-1.79885352006505	0.441851175328772
-1.14570986018397	0.345493804480113
-1.15049600332665	0.365062590327348
-0.99326836763321	0.517175184688351
0.428834112381466	0.17901227987813
0.133924263595915	0.0407371768928001
-1.15049600332665	0.365062590327348
0.147298535161635	0.0299064650853773
0.511389441373011	0.187174337334293
0.155347612608017	0.0390265755881082
-2.58389336218252	0.718322275969984
0.383983958798263	0.1806362076071
0.142971955096055	0.0442241383996475
0.509367090253274	0.19233555776527
1.30432637691959	0.578725673235048
0.655313317434002	0.208900116150514
-0.360560346528662	0.110506092787366
-1.17682863741547	0.684981711565696
-0.201117060059241	0.112164549519536
0.80509400179343	0.346665673867429
-0.781103247093962	0.338832040231469
-2.08626358064113	0.987460625985821
-1.01806848625582	0.951781233029151
-0.0758052702897713	0.0316210876647605
-0.616668946908223	0.302380997560441
-0.226940824386731	0.0694169729440018
-0.962874604737968	0.617666119824078
-0.624128038686633	0.312854402130899
-0.10761098202984	0.0447976337386229
-0.65383281237943	0.373943480530705
0.310463590285703	0.191952550595335
0.324018290188359	0.177231932272975
-0.211023422919058	0.107639043520457
0.0386077743454629	0.0241289306886543
-0.0115979544865469	0.00792568757052938
