x	y	clickSelects
-0.00612941749298002	1.80977335421154	783
0.01445379688611	1.40439320777134	241
0.0543446677497099	2.10514078295739	241
-0.0960288546877099	1.68314889592224	2113
0.0636125582246301	0.965466724593941	837
-0.11004168333733	1.13866271058493	83
0.0909355701853301	1.61916785699818	14
0.05835354964625	0.995740845736888	1266
-0.0948907252812901	1.65901816704116	289
-0.0991369444979999	1.18909839352321	289
0.0616222622873701	0.993757532581764	410
-0.11610107612539	1.05989190996123	328
-0.0828403563917699	0.757627284997358	154
-0.09633643185862	0.736803548695673	154
0.0662749262808899	0.968066962569099	35
-0.04827108630004	0.44343860950155	4447
-0.10724487861881	1.1609587265012	64
-0.0522405783423101	0.435169887808059	1109
-0.04885352006505	0.441851175328772	1743
-0.04827108630004	0.44343860950155	4598
-0.04827108630004	0.44343860950155	1489
-0.04885352006505	0.441851175328772	3878
-0.04885352006505	0.441851175328772	2410
-0.04885352006505	0.441851175328772	236
-0.04827108630004	0.44343860950155	2590
-0.04827108630004	0.44343860950155	236
-0.04827108630004	0.44343860950155	3088
-0.04827108630004	0.44343860950155	33
-0.04827108630004	0.44343860950155	33
-0.04885352006505	0.441851175328772	33
-0.04885352006505	0.441851175328772	2979
-0.04827108630004	0.44343860950155	2875
-0.04827108630004	0.44343860950155	2875
-0.04827108630004	0.44343860950155	1160
0.05637409247312	0.967404851190396	241
-0.08380790599731	0.7804545457661	3978
0.0626013302539199	0.950032207650153	83
0.05858909952275	1.03051357361031	2963
-0.0890728329627	0.787375095703056	83
0.11513998163976	1.81693228723035	289
0.05869891026333	0.955132872576523	188
-0.0838772984565199	0.781204714068644	188
-0.0901104327584099	0.791356332498899	6
-0.04885352006505	0.441851175328772	1256
-0.10008640469095	1.19181649971768	87
0.06236426102241	1.00493833701369	87
-0.04827108630004	0.44343860950155	87
-0.04827108630004	0.44343860950155	1295
-0.04827108630004	0.44343860950155	2613
-0.04885352006505	0.441851175328772	4447
-0.04885352006505	0.441851175328772	4447
-0.0852080401731401	0.763725541227743	64
-0.04827108630004	0.44343860950155	1743
-0.04885352006505	0.441851175328772	1743
-0.04885352006505	0.441851175328772	1743
-0.04885352006505	0.441851175328772	1489
-0.04827108630004	0.44343860950155	1489
-0.04885352006505	0.441851175328772	3878
-0.04885352006505	0.441851175328772	3878
-0.04827108630004	0.44343860950155	3878
-0.04827108630004	0.44343860950155	3878
-0.04885352006505	0.441851175328772	2410
-0.0827708366515001	0.773400670623549	568
-0.04827108630004	0.44343860950155	236
-0.04885352006505	0.441851175328772	236
-0.04885352006505	0.441851175328772	3088
-0.04827108630004	0.44343860950155	33
-0.04827108630004	0.44343860950155	33
-0.04885352006505	0.441851175328772	2979
-0.04827108630004	0.44343860950155	2875
-0.04885352006505	0.441851175328772	717
-0.04885352006505	0.441851175328772	2881
0.06236426102241	1.00493833701369	1391
0.063226946778	0.982632932651661	783
0.0595625491134699	0.982988409329215	3481
-0.0890728329627	0.787375095703056	837
-0.0849149006866201	0.788425903741666	191
0.0641974446459701	0.98038215303248	191
0.0638474498478101	1.00767428003693	87
-0.09982466991395	1.18378586987317	87
-0.0849149006866201	0.788425903741666	2147
0.0545668372757	0.961763323133025	87
0.06458864031757	0.999039175542301	5087
-0.04827108630004	0.44343860950155	4447
-0.04885352006505	0.441851175328772	1109
-0.0522405783423101	0.435169887808059	1743
-0.08595316391303	0.786691282455354	3878
-0.04885352006505	0.441851175328772	2410
-0.0522405783423101	0.435169887808059	4974
-0.04827108630004	0.44343860950155	236
-0.04827108630004	0.44343860950155	236
-0.0522405783423101	0.435169887808059	2590
-0.04827108630004	0.44343860950155	236
-0.04827108630004	0.44343860950155	236
-0.04827108630004	0.44343860950155	4074
-0.04827108630004	0.44343860950155	4074
-0.04827108630004	0.44343860950155	2979
-0.04827108630004	0.44343860950155	717
-0.04827108630004	0.44343860950155	717
-0.04827108630004	0.44343860950155	717
-0.0522405783423101	0.435169887808059	717
-0.04885352006505	0.441851175328772	6724
0.0134667901418699	1.47784784918228	783
0.0517430621581401	0.938196906647617	728
-0.0917269054908301	1.51465532096331	465
-0.11072709534969	1.15267035831068	286
-0.11046830836328	1.10626483671983	837
-0.0849149006866201	0.788425903741666	837
0.063226946778	0.982632932651661	83
-0.00303640653597004	1.31493435272042	142
0.06236426102241	1.00493833701369	188
-0.08595316391303	0.786691282455354	3307
-0.10336349236448	1.6503145094677	6
0.0100304130446101	1.42031112868281	483
-0.04885352006505	0.441851175328772	4447
-0.09212305135077	0.732040495943664	1109
-0.04827108630004	0.44343860950155	1743
-0.04827108630004	0.44343860950155	1743
-0.04885352006505	0.441851175328772	3878
-0.04827108630004	0.44343860950155	3878
-0.04827108630004	0.44343860950155	3878
-0.04827108630004	0.44343860950155	2410
-0.04885352006505	0.441851175328772	4974
-0.04885352006505	0.441851175328772	236
0.08567932862578	1.70850395266949	236
-0.04827108630004	0.44343860950155	236
-0.04885352006505	0.441851175328772	2064
-0.04827108630004	0.44343860950155	33
-0.04827108630004	0.44343860950155	4074
-0.04827108630004	0.44343860950155	4074
-0.04827108630004	0.44343860950155	2875
-0.04885352006505	0.441851175328772	1160
-0.04827108630004	0.44343860950155	3351
-0.09212305135077	0.732040495943664	286
-0.04885352006505	0.441851175328772	87
-0.08484563549255	0.778771858376252	87
-0.04885352006505	0.441851175328772	483
-0.08624240889866	0.767448290571994	35
0.0134667901418699	1.47784784918228	607
-0.04827108630004	0.44343860950155	64
0.05835354964625	0.995740845736888	658
-0.04885352006505	0.441851175328772	1743
-0.04885352006505	0.441851175328772	1407
-0.04827108630004	0.44343860950155	323
-0.0522405783423101	0.435169887808059	323
-0.04885352006505	0.441851175328772	323
-0.04827108630004	0.44343860950155	810
-0.04827108630004	0.44343860950155	236
-0.04885352006505	0.441851175328772	236
-0.04827108630004	0.44343860950155	2590
-0.0522405783423101	0.435169887808059	236
-0.04885352006505	0.441851175328772	2064
-0.04827108630004	0.44343860950155	2875
-0.04827108630004	0.44343860950155	1160
-0.04885352006505	0.441851175328772	1391
-0.04827108630004	0.44343860950155	3351
-0.04885352006505	0.441851175328772	2472
0.0123320781541201	1.36135243940818	241
0.0842049829710001	1.63264616163281	188
0.0545668372757	0.961763323133025	188
-0.09333671181708	1.14176971645546	483
-0.08692307825654	0.744449964924098	2136
-0.04827108630004	0.44343860950155	810
-0.04885352006505	0.441851175328772	2875
-0.04827108630004	0.44343860950155	2875
-0.0890081245397201	0.78336625832403	33
-0.0522405783423101	0.435169887808059	717
-0.04827108630004	0.44343860950155	2881
-0.04827108630004	0.44343860950155	2881
0.00742496593378994	1.45143754475375	241
-0.00347904443668989	1.95051793016733	2248
-0.0916237868793599	1.59869698578947	837
0.12308324992107	1.10468267488077	1266
0.00588863580592003	1.42690561542385	289
0.05785102906646	1.02128267566776	1771
0.0551877721062699	0.9096707548776	483
-0.0992716072818001	1.14657353139823	35
-0.04827108630004	0.44343860950155	1407
-0.04827108630004	0.44343860950155	1292
0.05383203491709	0.964507588151942	236
-0.04885352006505	0.441851175328772	236
-0.04827108630004	0.44343860950155	4591
-0.0522405783423101	0.435169887808059	33
-0.0800311662681701	0.757951556350574	1266
0.00900044278353995	1.45739104670741	289
0.01761698885383	1.42462239304146	154
0.08567932862578	1.70850395266949	1597
-0.10325463676006	1.2457739210264	66
-0.0924589436863901	0.716737186322713	35
-0.08380790599731	0.7804545457661	3296
-0.04827108630004	0.44343860950155	236
-0.0849149006866201	0.788425903741666	236
-0.04885352006505	0.441851175328772	1762
-0.04885352006505	0.441851175328772	4591
-0.0522405783423101	0.435169887808059	33
-0.04885352006505	0.441851175328772	3178
-0.04827108630004	0.44343860950155	2472
0.0140529869615	1.47181868923199	83
0.01215931758178	1.45917321324199	1266
0.0519881969073599	0.908114749075563	87
0.0596656499172601	0.953037409553694	66
0.05406760514168	0.99231232644155	483
-0.09529891846709	0.754403060324179	853
-0.04827108630004	0.44343860950155	1407
-0.0890081245397201	0.78336625832403	1407
-0.0872774251891899	0.761151259714728	323
-0.04827108630004	0.44343860950155	236
-0.04827108630004	0.44343860950155	236
-0.04885352006505	0.441851175328772	33
-0.0522405783423101	0.435169887808059	3178
-0.04827108630004	0.44343860950155	2472
-0.04827108630004	0.44343860950155	2472
-0.04885352006505	0.441851175328772	154
-0.10049169532988	1.16540398067107	483
-0.04885352006505	0.441851175328772	32
-0.04827108630004	0.44343860950155	32
-0.0522405783423101	0.435169887808059	236
-0.04827108630004	0.44343860950155	236
-0.04885352006505	0.441851175328772	33
-0.04827108630004	0.44343860950155	33
-0.0869920889684	0.776375821449157	539
-0.04885352006505	0.441851175328772	6728
-0.09471658581202	1.15866279682495	728
-0.09814420377504	1.20677997698229	289
-0.0988283153274301	2.04769710751055	700
-0.0849149006866201	0.788425903741666	3040
-0.08692307825654	0.744449964924098	853
-0.04885352006505	0.441851175328772	628
-0.04885352006505	0.441851175328772	32
-0.08484563549255	0.778771858376252	323
-0.0901104327584099	0.791356332498899	236
-0.04827108630004	0.44343860950155	2905
-0.08797106342136	0.779473339641524	1814
-0.0828403563917699	0.757627284997358	4591
-0.04827108630004	0.44343860950155	578
-0.04827108630004	0.44343860950155	578
-0.04827108630004	0.44343860950155	539
-0.04827108630004	0.44343860950155	6728
-0.04827108630004	0.44343860950155	2472
-0.0901104327584099	0.791356332498899	1266
-0.0858840259682101	0.768715625222587	838
-0.08484563549255	0.778771858376252	87
-0.09733146662174	0.695594863221118	64
-0.0827708366515001	0.773400670623549	323
-0.08595316391303	0.786691282455354	236
-0.04885352006505	0.441851175328772	2905
-0.04827108630004	0.44343860950155	1814
-0.04885352006505	0.441851175328772	1814
-0.04827108630004	0.44343860950155	4591
0.05835354964625	0.995740845736888	4591
-0.04885352006505	0.441851175328772	33
-0.04885352006505	0.441851175328772	539
-0.04827108630004	0.44343860950155	830
-0.00169174469759992	1.25440541471352	83
-0.09953169877072	1.21059553963476	1150
0.063226946778	0.982632932651661	87
0.0561364233344399	0.969427187277191	87
-0.08624240889866	0.767448290571994	1771
-0.0810661688721199	0.764684666601112	6814
-0.08595316391303	0.786691282455354	2905
-0.04885352006505	0.441851175328772	33
-0.04827108630004	0.44343860950155	1699
-0.08595316391303	0.786691282455354	2434
-0.0522405783423101	0.435169887808059	539
-0.04827108630004	0.44343860950155	5741
-0.04827108630004	0.44343860950155	301
-0.04885352006505	0.441851175328772	830
-0.0984341964784801	1.11458259606961	83
0.01503965971772	1.39901097398227	83
0.05761477364182	0.994469561014255	83
0.08302441423865	1.71798856321242	838
-0.1028759195791	1.15814172215915	838
0.05835354964625	0.995740845736888	310
-0.04827108630004	0.44343860950155	628
-0.04885352006505	0.441851175328772	323
-0.09426205564365	0.755389897988905	323
-0.04827108630004	0.44343860950155	323
-0.04885352006505	0.441851175328772	5100
-0.04885352006505	0.441851175328772	539
-0.04885352006505	0.441851175328772	301
-0.09807665401754	1.62582808304323	3645
0.0627314227454801	0.985029246411559	289
-0.0810661688721199	0.764684666601112	2908
-0.0901625420866401	1.58156570813204	2004
-0.10603948017192	1.15498641023795	483
-0.0890728329627	0.787375095703056	853
-0.0890081245397201	0.78336625832403	310
-0.0522405783423101	0.435169887808059	810
-0.0522405783423101	0.435169887808059	2905
-0.04827108630004	0.44343860950155	33
-0.04827108630004	0.44343860950155	33
-0.04885352006505	0.441851175328772	33
-0.04885352006505	0.441851175328772	5745
-0.04885352006505	0.441851175328772	539
-0.04885352006505	0.441851175328772	5741
-0.04885352006505	0.441851175328772	830
-0.04885352006505	0.441851175328772	5566
-0.0828403563917699	0.757627284997358	1266
-0.09219477174501	1.61983098568828	289
0.00878324028728006	1.39977158446307	2250
0.0179356971062601	1.41632066020827	6
-0.10023411427971	1.15349777503282	87
-0.09982466991395	1.18378586987317	483
-0.08484563549255	0.778771858376252	310
-0.04885352006505	0.441851175328772	310
-0.0869920889684	0.776375821449157	323
-0.0890728329627	0.787375095703056	405
-0.04885352006505	0.441851175328772	33
-0.04885352006505	0.441851175328772	2053
-0.04885352006505	0.441851175328772	1476
-0.04827108630004	0.44343860950155	5745
-0.09218761399412	0.761626583164849	830
-0.0216708961608101	2.19606317027985	83
0.01761698885383	1.42462239304146	1266
0.0600644456755399	1.02543325878458	2004
0.05796881150287	0.95785402470536	2004
-0.09862880535214	1.67128725449738	2004
-0.0858840259682101	0.768715625222587	483
-0.08595316391303	0.786691282455354	483
0.07940790404087	1.67275657558564	483
-0.04885352006505	0.441851175328772	828
-0.0522405783423101	0.435169887808059	323
-0.04885352006505	0.441851175328772	405
-0.04827108630004	0.44343860950155	33
-0.04827108630004	0.44343860950155	301
-0.04885352006505	0.441851175328772	301
-0.00784413597503009	1.90309009487887	14
0.0128804019477	1.47581827951265	289
-0.09706398816717	1.6994164007179	5381
-0.08595316391303	0.786691282455354	87
-0.0964996002945999	1.13898311558178	2004
0.0830642256812799	1.63298063812739	87
-0.0901104327584099	0.791356332498899	32
-0.04885352006505	0.441851175328772	374
-0.04827108630004	0.44343860950155	810
-0.04827108630004	0.44343860950155	405
-0.04885352006505	0.441851175328772	33
-0.04827108630004	0.44343860950155	33
-0.04885352006505	0.441851175328772	2176
-0.0522405783423101	0.435169887808059	301
-0.04827108630004	0.44343860950155	301
0.06493006603508	0.96611175749437	2113
-0.0827708366515001	0.773400670623549	87
-0.0918596900943101	1.62759231845414	87
-0.04885352006505	0.441851175328772	810
-0.04827108630004	0.44343860950155	810
-0.0522405783423101	0.435169887808059	810
-0.04885352006505	0.441851175328772	6487
-0.0827708366515001	0.773400670623549	405
-0.04885352006505	0.441851175328772	2053
-0.04827108630004	0.44343860950155	2053
-0.0522405783423101	0.435169887808059	1863
-0.04885352006505	0.441851175328772	886
-0.0522405783423101	0.435169887808059	886
-0.04827108630004	0.44343860950155	886
-0.04827108630004	0.44343860950155	539
-0.04827108630004	0.44343860950155	830
-0.0849149006866201	0.788425903741666	298
-0.08669788497018	2.11101970367599	87
-0.04827108630004	0.44343860950155	1971
-0.0869346608905801	0.758350728750372	33
-0.04885352006505	0.441851175328772	2053
-0.04827108630004	0.44343860950155	1476
-0.04827108630004	0.44343860950155	1476
-0.04885352006505	0.441851175328772	886
-0.04885352006505	0.441851175328772	539
-0.0522405783423101	0.435169887808059	539
-0.04885352006505	0.441851175328772	539
-0.04827108630004	0.44343860950155	531
-0.11098512951122	1.10182381448292	83
0.0593269049977701	1.03193555535952	6
-0.08484563549255	0.778771858376252	110
0.0122938222639	1.46581564044301	110
0.0906859546541201	1.72749492839857	87
-0.10048566781778	1.16751105186019	828
-0.0800311662681701	0.757951556350574	828
-0.04827108630004	0.44343860950155	696
-0.04827108630004	0.44343860950155	1961
-0.04885352006505	0.441851175328772	236
-0.04885352006505	0.441851175328772	33
-0.04885352006505	0.441851175328772	1476
-0.04827108630004	0.44343860950155	2176
-0.04885352006505	0.441851175328772	2176
-0.04885352006505	0.441851175328772	1863
-0.04827108630004	0.44343860950155	1863
-0.04885352006505	0.441851175328772	160
-0.04827108630004	0.44343860950155	160
-0.04885352006505	0.441851175328772	531
-0.04885352006505	0.441851175328772	830
-0.0898553374444699	2.08898606246982	188
-0.0976113978506901	1.58666220406548	298
-0.0910842258507101	0.754363823254168	828
-0.0522405783423101	0.435169887808059	3700
-0.0522405783423101	0.435169887808059	1476
-0.04827108630004	0.44343860950155	160
-0.04827108630004	0.44343860950155	160
-0.04885352006505	0.441851175328772	539
-0.04885352006505	0.441851175328772	160
-0.0855681484761801	2.14077421040004	2030
-0.09075825673952	2.04595997738617	14
-0.0913144926625	1.54747978551408	1389
0.12263467989107	1.17704127616537	289
-0.10767494285572	1.20929553874536	110
-0.09276593813545	1.63280364499234	483
-0.10282191950218	1.18697915887772	483
0.12301482876941	1.21736514241509	828
-0.08797106342136	0.779473339641524	696
-0.04827108630004	0.44343860950155	1219
-0.04827108630004	0.44343860950155	1961
-0.0901104327584099	0.791356332498899	236
-0.04827108630004	0.44343860950155	33
-0.0869920889684	0.776375821449157	1079
-0.04885352006505	0.441851175328772	3700
-0.0522405783423101	0.435169887808059	33
-0.04885352006505	0.441851175328772	3160
-0.04827108630004	0.44343860950155	3160
-0.04885352006505	0.441851175328772	33
-0.04827108630004	0.44343860950155	301
-0.04827108630004	0.44343860950155	531
-0.04885352006505	0.441851175328772	830
0.05909205979828	0.989770385521634	83
-0.0890081245397201	0.78336625832403	6
0.05406760514168	0.99231232644155	1619
0.05650329272056	0.951225993697303	87
-0.04885352006505	0.441851175328772	696
-0.04885352006505	0.441851175328772	713
-0.04885352006505	0.441851175328772	713
-0.04827108630004	0.44343860950155	1079
-0.04885352006505	0.441851175328772	160
-0.04885352006505	0.441851175328772	160
-0.04827108630004	0.44343860950155	531
0.0638474498478101	1.00767428003693	6
-0.09719223863375	1.15079919409364	483
-0.10836369322951	1.19858710203245	483
-0.04827108630004	0.44343860950155	374
-0.08595316391303	0.786691282455354	374
-0.04827108630004	0.44343860950155	713
-0.0522405783423101	0.435169887808059	405
-0.04827108630004	0.44343860950155	33
-0.04885352006505	0.441851175328772	33
-0.04885352006505	0.441851175328772	3360
-0.04827108630004	0.44343860950155	6218
-0.04827108630004	0.44343860950155	531
-0.04827108630004	0.44343860950155	4946
-0.10092397832424	1.17332097598077	542
0.05858909952275	1.03051357361031	1389
0.0610359533839899	0.978388462195657	2254
0.0621279874417999	0.975112374634473	483
-0.0890728329627	0.787375095703056	374
-0.04827108630004	0.44343860950155	32
-0.04827108630004	0.44343860950155	405
-0.04827108630004	0.44343860950155	405
-0.04827108630004	0.44343860950155	33
-0.04827108630004	0.44343860950155	4856
-0.04885352006505	0.441851175328772	4856
-0.04827108630004	0.44343860950155	160
-0.04885352006505	0.441851175328772	5599
-0.04827108630004	0.44343860950155	5329
-0.04885352006505	0.441851175328772	4945
-0.08797106342136	0.779473339641524	6298
-0.0849149006866201	0.788425903741666	83
-0.0849149006866201	0.788425903741666	83
-0.0883130898485001	0.739854527659786	83
-0.08173442662581	0.750376196954039	289
-0.08797106342136	0.779473339641524	298
-0.00104392788398	1.87515055788597	1318
-0.04827108630004	0.44343860950155	713
-0.04827108630004	0.44343860950155	713
-0.04827108630004	0.44343860950155	32
-0.0522405783423101	0.435169887808059	405
0.11599135467228	1.08086653232608	33
-0.04827108630004	0.44343860950155	5803
-0.04827108630004	0.44343860950155	5803
-0.04827108630004	0.44343860950155	33
-0.04827108630004	0.44343860950155	3884
-0.0522405783423101	0.435169887808059	3884
-0.04827108630004	0.44343860950155	4856
-0.0522405783423101	0.435169887808059	2730
-0.04885352006505	0.441851175328772	1942
-0.04827108630004	0.44343860950155	5599
-0.04885352006505	0.441851175328772	5599
-0.04885352006505	0.441851175328772	2641
-0.04885352006505	0.441851175328772	531
-0.0901104327584099	0.791356332498899	5329
-0.04827108630004	0.44343860950155	4945
-0.0522405783423101	0.435169887808059	4945
-0.04827108630004	0.44343860950155	4945
-0.08173442662581	0.750376196954039	1309
0.06236426102241	1.00493833701369	2816
-0.09218761399412	0.761626583164849	483
0.0694608346694501	0.941097969767186	1082
-0.0901104327584099	0.791356332498899	696
-0.10230442366481	1.18575896161027	3401
0.0571126934447199	1.00309762325406	374
-0.04827108630004	0.44343860950155	1219
-0.04827108630004	0.44343860950155	1218
-0.04827108630004	0.44343860950155	3884
-0.04827108630004	0.44343860950155	5599
-0.04827108630004	0.44343860950155	1756
-0.04827108630004	0.44343860950155	2641
-0.04885352006505	0.441851175328772	531
-0.04827108630004	0.44343860950155	830
0.0808483984327399	1.66605868440092	187
-0.0928763299470201	1.69241685817361	185
0.0631059901459701	1.0095074686688	289
0.0638474498478101	1.00767428003693	298
-0.08380790599731	0.7804545457661	110
-0.10767494285572	1.20929553874536	483
-0.04885352006505	0.441851175328772	97
-0.04827108630004	0.44343860950155	1219
-0.08595316391303	0.786691282455354	1219
-0.04885352006505	0.441851175328772	888
-0.0849149006866201	0.788425903741666	405
-0.04827108630004	0.44343860950155	405
-0.04885352006505	0.441851175328772	123
-0.04827108630004	0.44343860950155	3884
-0.04885352006505	0.441851175328772	3884
-0.0522405783423101	0.435169887808059	3884
-0.04827108630004	0.44343860950155	1756
-0.04827108630004	0.44343860950155	531
0.0154579901170799	1.46718095507814	187
-0.0872774251891899	0.761151259714728	83
-0.0858840259682101	0.768715625222587	231
-0.10187268646364	1.23185091532256	276
-0.09763523111714	1.69256688434985	87
-0.0852080401731401	0.763725541227743	483
-0.04885352006505	0.441851175328772	35
-0.08624240889866	0.767448290571994	696
-0.04885352006505	0.441851175328772	97
-0.04827108630004	0.44343860950155	405
-0.04885352006505	0.441851175328772	33
-0.04827108630004	0.44343860950155	6084
-0.04827108630004	0.44343860950155	160
-0.0522405783423101	0.435169887808059	1676
0.0012739936702999	1.93253061227141	241
-0.0890728329627	0.787375095703056	2172
-0.10161408139968	1.18351649692405	483
0.0124808572783399	1.4874051917017	35
-0.04827108630004	0.44343860950155	97
-0.04827108630004	0.44343860950155	97
-0.04827108630004	0.44343860950155	888
-0.04827108630004	0.44343860950155	888
-0.04827108630004	0.44343860950155	6891
-0.04827108630004	0.44343860950155	405
-0.04827108630004	0.44343860950155	1352
-0.04885352006505	0.441851175328772	33
-0.04885352006505	0.441851175328772	33
-0.04827108630004	0.44343860950155	385
-0.04827108630004	0.44343860950155	357
-0.04885352006505	0.441851175328772	637
-0.04827108630004	0.44343860950155	160
-0.04827108630004	0.44343860950155	2542
-0.04885352006505	0.441851175328772	1676
-0.04827108630004	0.44343860950155	531
-0.04885352006505	0.441851175328772	830
0.0851022881138399	1.66820940271889	14
-0.09840255547546	1.1518525900223	185
-0.0838772984565199	0.781204714068644	210
0.0816644776155999	1.71250358342211	87
-0.0890081245397201	0.78336625832403	374
-0.08380790599731	0.7804545457661	374
-0.04885352006505	0.441851175328772	1218
-0.0522405783423101	0.435169887808059	6891
0.05796881150287	0.95785402470536	32
-0.04827108630004	0.44343860950155	357
-0.04827108630004	0.44343860950155	357
-0.04885352006505	0.441851175328772	357
-0.04885352006505	0.441851175328772	160
-0.04885352006505	0.441851175328772	2542
-0.04885352006505	0.441851175328772	1676
-0.04885352006505	0.441851175328772	1676
-0.04827108630004	0.44343860950155	2124
-0.04827108630004	0.44343860950155	823
-0.04885352006505	0.441851175328772	531
-0.04885352006505	0.441851175328772	830
-0.04827108630004	0.44343860950155	830
-0.10394597199314	1.23979348446652	31
0.01739690839256	1.39245419375479	187
-0.0937752882012699	1.56553864081537	132
0.12383820874247	1.16412868011933	14
-0.04885352006505	0.441851175328772	888
-0.08595316391303	0.786691282455354	123
-0.04827108630004	0.44343860950155	123
-0.04827108630004	0.44343860950155	385
-0.04885352006505	0.441851175328772	357
-0.04885352006505	0.441851175328772	357
-0.04827108630004	0.44343860950155	1117
-0.04885352006505	0.441851175328772	2124
-0.08797106342136	0.779473339641524	531
0.0907839122330401	2.25579999571136	187
-0.10092397832424	1.17332097598077	87
-0.0901104327584099	0.791356332498899	726
-0.04885352006505	0.441851175328772	97
-0.04827108630004	0.44343860950155	888
-0.08484563549255	0.778771858376252	32
-0.08595316391303	0.786691282455354	2954
-0.04827108630004	0.44343860950155	2728
-0.04885352006505	0.441851175328772	357
-0.0522405783423101	0.435169887808059	357
-0.04827108630004	0.44343860950155	2124
-0.0849149006866201	0.788425903741666	83
-0.0901104327584099	0.791356332498899	83
-0.0838772984565199	0.781204714068644	1307
-0.09953169877072	1.21059553963476	653
-0.0828403563917699	0.757627284997358	110
0.0625083034157099	0.933553738103639	3303
-0.04885352006505	0.441851175328772	3303
-0.00770408636653008	1.85846048171532	87
-0.0849149006866201	0.788425903741666	619
-0.08380790599731	0.7804545457661	374
-0.04827108630004	0.44343860950155	374
-0.04885352006505	0.441851175328772	97
-0.04827108630004	0.44343860950155	3840
-0.04885352006505	0.441851175328772	6172
-0.04885352006505	0.441851175328772	357
-0.04827108630004	0.44343860950155	357
-0.04885352006505	0.441851175328772	357
-0.04827108630004	0.44343860950155	160
-0.04885352006505	0.441851175328772	3398
-0.0522405783423101	0.435169887808059	201
-0.04827108630004	0.44343860950155	2124
0.0530969711915801	0.959606159286754	210
-0.0949777671138801	1.15629050868591	110
0.0628704079740701	0.973406537720501	619
-0.08380790599731	0.7804545457661	374
0.0633423651286	0.959984157891877	670
-0.0849149006866201	0.788425903741666	3408
-0.0849149006866201	0.788425903741666	123
-0.04827108630004	0.44343860950155	4401
-0.04885352006505	0.441851175328772	2728
-0.0522405783423101	0.435169887808059	3398
-0.04885352006505	0.441851175328772	2124
-0.0921209081744201	2.45930864133226	783
-0.0740857592894899	2.41919845859803	783
0.06458864031757	0.999039175542301	83
0.00372703712394995	1.37582071819271	14
-0.09529891846709	0.754403060324179	852
0.0465355953241899	0.891783254071802	282
0.07794178955848	1.62298798866471	4791
-0.09426205564365	0.755389897988905	210
0.05858909952275	1.03051357361031	210
0.05858909952275	1.03051357361031	110
-0.0901104327584099	0.791356332498899	87
-0.0838772984565199	0.781204714068644	374
-0.04827108630004	0.44343860950155	97
-0.04827108630004	0.44343860950155	97
-0.04885352006505	0.441851175328772	256
-0.04885352006505	0.441851175328772	676
-0.04885352006505	0.441851175328772	1662
-0.04827108630004	0.44343860950155	357
-0.04827108630004	0.44343860950155	357
-0.04885352006505	0.441851175328772	637
-0.04827108630004	0.44343860950155	2124
-0.04827108630004	0.44343860950155	1059
0.03222735208427	2.41361606676361	1225
-0.00248004580746009	1.94043481615679	83
-0.0976113978506901	1.58666220406548	187
-0.0872774251891899	0.761151259714728	83
0.0859504655196099	1.74147883644301	83
0.0156413610550299	1.43383265062474	140
-0.08380790599731	0.7804545457661	1307
-0.0827708366515001	0.773400670623549	4791
-0.10351352608029	1.19743691232444	653
-0.0917554319393299	1.6223325733761	87
-0.10118052638677	1.15959196132156	87
-0.04885352006505	0.441851175328772	374
-0.0522405783423101	0.435169887808059	97
-0.0772833662822501	2.34058869376029	123
-0.08595316391303	0.786691282455354	2435
-0.04885352006505	0.441851175328772	5764
-0.04827108630004	0.44343860950155	357
-0.04885352006505	0.441851175328772	637
-0.04827108630004	0.44343860950155	160
-0.04885352006505	0.441851175328772	160
-0.04827108630004	0.44343860950155	2789
0.0817354545096101	1.65414262313781	187
-0.0932258425807999	0.738765270018842	298
-0.07194709715281	2.20063400768156	110
-0.0890081245397201	0.78336625832403	87
0.0631059901459701	1.0095074686688	2623
-0.0991369444979999	1.18909839352321	619
-0.0858840259682101	0.768715625222587	97
-0.04827108630004	0.44343860950155	1662
-0.0911486928254901	0.784544520381457	357
-0.04885352006505	0.441851175328772	1059
-0.04885352006505	0.441851175328772	1059
0.05761477364182	0.994469561014255	83
-0.04885352006505	0.441851175328772	1467
-0.0901625420866401	1.58156570813204	282
0.08933542343876	1.6363234404387	210
-0.10420537336923	1.19972693162192	277
0.0593269049977701	1.03193555535952	87
-0.08484563549255	0.778771858376252	87
-0.0890081245397201	0.78336625832403	1095
-0.04827108630004	0.44343860950155	676
-0.0838772984565199	0.781204714068644	2597
-0.04827108630004	0.44343860950155	33
-0.0838772984565199	0.781204714068644	637
-0.04827108630004	0.44343860950155	4838
-0.08797106342136	0.779473339641524	1467
-0.0852080401731401	0.763725541227743	282
0.0602002816798799	2.14346154974227	210
0.05553551158425	0.994717052396487	1799
-0.0810661688721199	0.764684666601112	1095
-0.10048566781778	1.16751105186019	827
-0.0869920889684	0.776375821449157	97
-0.08797106342136	0.779473339641524	97
0.0530969711915801	0.959606159286754	256
-0.0900458450733399	0.776729715601015	256
0.0598991022448201	0.94328404840689	123
0.0662749262808899	0.968066962569099	123
-0.04827108630004	0.44343860950155	123
-0.04827108630004	0.44343860950155	1662
-0.04827108630004	0.44343860950155	2597
-0.04885352006505	0.441851175328772	201
0.0593269049977701	1.03193555535952	6025
0.0519881969073599	0.908114749075563	83
-0.04827108630004	0.44343860950155	1467
-0.0932258425807999	0.738765270018842	6585
-0.08484563549255	0.778771858376252	334
-0.04827108630004	0.44343860950155	1799
-0.04827108630004	0.44343860950155	35
0.06408313144376	0.96402287461693	619
0.0593269049977701	1.03193555535952	32
-0.04885352006505	0.441851175328772	5609
-0.0849149006866201	0.788425903741666	33
-0.04885352006505	0.441851175328772	1059
0.0150557974997501	1.43197380376338	1348
-0.04827108630004	0.44343860950155	1497
0.0621279874417999	0.975112374634473	1467
-0.0849149006866201	0.788425903741666	653
-0.08210182855653	0.763102436083189	619
-0.09289768686498	1.62536797787383	374
-0.04827108630004	0.44343860950155	330
-0.04885352006505	0.441851175328772	123
-0.08380790599731	0.7804545457661	1217
-0.0872774251891899	0.761151259714728	6653
-0.04827108630004	0.44343860950155	676
-0.04885352006505	0.441851175328772	33
-0.08380790599731	0.7804545457661	3172
-0.04827108630004	0.44343860950155	101
-0.09979105325238	1.16899437363009	210
0.0608017217400001	1.00960425807767	653
-0.0951843767946901	1.54158976882309	110
-0.04885352006505	0.441851175328772	670
-0.0852080401731401	0.763725541227743	97
-0.09471658581202	1.15866279682495	256
-0.11141274109146	1.15608630463886	256
0.05858909952275	1.03051357361031	3007
-0.10466468267979	1.13153585036392	33
-0.10022581105585	1.20189998022672	187
-0.0911486928254901	0.784544520381457	1467
-0.04885352006505	0.441851175328772	1214
-0.04827108630004	0.44343860950155	210
0.0336877193635801	2.4006116326617	110
0.0798382346036499	1.69429478574432	110
-0.04827108630004	0.44343860950155	1799
-0.04885352006505	0.441851175328772	670
-0.0869920889684	0.776375821449157	256
-0.04885352006505	0.441851175328772	676
-0.04827108630004	0.44343860950155	676
-0.04827108630004	0.44343860950155	676
0.0135880111494	1.30949378405436	187
-0.0997926790516801	0.644770035673836	1467
0.01662863754083	1.47927795041958	210
-0.04885352006505	0.441851175328772	35
-0.0959220459103101	1.68656099017571	619
-0.0900458450733399	0.776729715601015	4237
-0.0827708366515001	0.773400670623549	670
0.0662749262808899	0.968066962569099	571
0.0600644456755399	1.02543325878458	32
-0.04827108630004	0.44343860950155	97
-0.04827108630004	0.44343860950155	256
-0.0522405783423101	0.435169887808059	676
-0.04827108630004	0.44343860950155	160
-0.04827108630004	0.44343860950155	1889
-0.09426205564365	0.755389897988905	187
-0.04885352006505	0.441851175328772	1214
0.09321358435768	2.27874111510364	298
0.12498253127182	1.15689773342177	1808
-0.04885352006505	0.441851175328772	619
-0.09609741780921	1.14944342936559	374
-0.09448052750498	1.62626362553744	2018
-0.04827108630004	0.44343860950155	33
-0.08380790599731	0.7804545457661	830
-0.08484563549255	0.778771858376252	2033
-0.09776220302063	1.17652685016931	5747
-0.08595316391303	0.786691282455354	1214
0.08933542343876	1.6363234404387	3521
-0.04827108630004	0.44343860950155	619
-0.0910842258507101	0.754363823254168	262
0.0571126934447199	1.00309762325406	86
-0.04885352006505	0.441851175328772	830
-0.0849149006866201	0.788425903741666	830
-0.0959220459103101	1.68656099017571	132
0.0672510970265901	0.96586204658775	2249
0.01636584866613	1.43355681810225	374
0.01075797186462	1.45008562560592	32
-0.08484563549255	0.778771858376252	262
-0.04827108630004	0.44343860950155	201
-0.04827108630004	0.44343860950155	2261
-0.04827108630004	0.44343860950155	201
-0.04827108630004	0.44343860950155	1294
0.07115693070437	0.900349531928312	210
0.0687245196225501	0.956357385433997	210
0.0154579901170799	1.46718095507814	298
0.0810105193848201	1.63561888596718	374
-0.0838772984565199	0.781204714068644	256
-0.04827108630004	0.44343860950155	206
-0.0828403563917699	0.757627284997358	201
-0.04827108630004	0.44343860950155	1294
-0.0849149006866201	0.788425903741666	2568
-0.0854910179388899	1.93225655991672	210
-0.10077488668115	1.18647614255333	334
-0.04885352006505	0.441851175328772	35
-0.1028759195791	1.15814172215915	1052
-0.08380790599731	0.7804545457661	2210
-0.08210182855653	0.763102436083189	256
0.0677502792650699	0.958525003919999	256
-0.09633643185862	0.736803548695673	256
-0.04827108630004	0.44343860950155	206
-0.01176557588738	2.15931260181007	2330
-0.0127281231305201	2.21486200442931	187
-0.10368582639932	1.16746404163834	83
0.0870039229164701	1.66180393011903	210
0.0595625491134699	0.982988409329215	445
-0.09402652914389	1.15370170655213	2872
0.0548016885161	0.997679123029343	110
-0.08380790599731	0.7804545457661	501
-0.08380790599731	0.7804545457661	374
-0.10022581105585	1.20189998022672	2018
-0.08380790599731	0.7804545457661	256
-0.04885352006505	0.441851175328772	206
-0.04827108630004	0.44343860950155	5167
-0.10351638820953	1.55611096456837	4311
-0.08595316391303	0.786691282455354	83
0.0613852964369099	0.970953327287667	101
-0.10629815323358	1.20320284346454	3521
-0.0960288546877099	1.68314889592224	110
-0.04827108630004	0.44343860950155	347
0.0140529869615	1.47181868923199	35
-0.04827108630004	0.44343860950155	256
-0.04827108630004	0.44343860950155	256
-0.04827108630004	0.44343860950155	256
-0.04885352006505	0.441851175328772	206
-0.04885352006505	0.441851175328772	1388
0.0173491666491901	1.42473992697799	1348
0.0593379690467599	2.06372031729353	187
-0.0907329912486301	1.5795689715867	83
0.0593269049977701	1.03193555535952	110
0.0616222622873701	0.993757532581764	1546
0.0602993831198899	0.984213343761052	334
-0.04885352006505	0.441851175328772	362
-0.04827108630004	0.44343860950155	362
-0.04827108630004	0.44343860950155	362
-0.04827108630004	0.44343860950155	256
-0.04827108630004	0.44343860950155	262
-0.04827108630004	0.44343860950155	86
-0.04827108630004	0.44343860950155	5167
-0.04827108630004	0.44343860950155	5167
0.06458864031757	0.999039175542301	1187
0.05785102906646	1.02128267566776	4311
-0.0949777671138801	1.15629050868591	2151
-0.04885352006505	0.441851175328772	101
-0.0838772984565199	0.781204714068644	185
0.0976463230678299	2.16960204031733	210
-0.08595316391303	0.786691282455354	347
-0.08210182855653	0.763102436083189	87
-0.0522405783423101	0.435169887808059	362
0.06408313144376	0.96402287461693	374
-0.04827108630004	0.44343860950155	75
0.05820786536441	0.950944987147793	32
-0.08210182855653	0.763102436083189	3347
-0.0838772984565199	0.781204714068644	132
-0.0803516089902301	2.42233388878293	298
-0.0949777671138801	1.15629050868591	1947
-0.08484563549255	0.778771858376252	347
-0.04827108630004	0.44343860950155	347
-0.08313814614644	0.753544935636222	374
0.0613852964369099	0.970953327287667	86
-0.04885352006505	0.441851175328772	2777
0.12399813532416	1.21046822124223	1187
0.08499073713031	2.25187963623551	83
-0.04827108630004	0.44343860950155	2419
0.0662749262808899	0.968066962569099	1383
-0.09979105325238	1.16899437363009	1136
-0.04827108630004	0.44343860950155	276
-0.04827108630004	0.44343860950155	362
-0.04885352006505	0.441851175328772	362
-0.08173442662581	0.750376196954039	2008
-0.08417431820958	0.743590289338102	206
-0.0827708366515001	0.773400670623549	3585
-0.04827108630004	0.44343860950155	2932
-0.04827108630004	0.44343860950155	2153
0.0333141601487901	2.33611209591494	1187
-0.0872774251891899	0.761151259714728	187
-0.04827108630004	0.44343860950155	2067
-0.04827108630004	0.44343860950155	276
-0.04885352006505	0.441851175328772	28
-0.04827108630004	0.44343860950155	75
-0.04885352006505	0.441851175328772	6009
-0.04827108630004	0.44343860950155	1242
-0.04827108630004	0.44343860950155	2008
-0.08484563549255	0.778771858376252	2932
-0.04827108630004	0.44343860950155	226
0.0900154443647701	1.62611064855886	58
-0.04885352006505	0.441851175328772	101
-0.09402652914389	1.15370170655213	101
-0.0522405783423101	0.435169887808059	101
-0.04885352006505	0.441851175328772	2067
-0.04827108630004	0.44343860950155	1383
-0.09154628783548	1.07884169180681	110
-0.04827108630004	0.44343860950155	347
-0.04885352006505	0.441851175328772	334
-0.08417512246816	0.730417834692297	5346
-0.04827108630004	0.44343860950155	4545
-0.0949777671138801	1.15629050868591	941
-0.04885352006505	0.441851175328772	75
-0.04827108630004	0.44343860950155	6009
0.0510135026709599	0.946473336893556	256
-0.0522405783423101	0.435169887808059	1242
-0.04885352006505	0.441851175328772	206
-0.0849149006866201	0.788425903741666	201
0.0562690745243299	0.982398112513424	58
-0.000518380130370089	1.86132305767498	101
-0.04885352006505	0.441851175328772	101
-0.0911486928254901	0.784544520381457	210
-0.0522405783423101	0.435169887808059	87
0.08567932862578	1.70850395266949	305
-0.0849149006866201	0.788425903741666	4617
-0.04827108630004	0.44343860950155	2008
-0.04885352006505	0.441851175328772	226
-0.04827108630004	0.44343860950155	1634
-0.10836369322951	1.19858710203245	101
-0.04827108630004	0.44343860950155	101
0.0593269049977701	1.03193555535952	210
-0.00672163669833004	1.76002837249964	110
-0.0880358926090401	0.765742619743892	256
-0.09426205564365	0.755389897988905	256
0.02150091452083	1.37524557736144	588
-0.08797106342136	0.779473339641524	101
0.0616222622873701	0.993757532581764	101
0.06408313144376	0.96402287461693	210
0.0626013302539199	0.950032207650153	35
-0.04827108630004	0.44343860950155	5075
0.0631059901459701	1.0095074686688	256
-0.04827108630004	0.44343860950155	1697
-0.08380790599731	0.7804545457661	2008
-0.0901104327584099	0.791356332498899	206
-0.04827108630004	0.44343860950155	315
-0.0827708366515001	0.773400670623549	226
-0.04827108630004	0.44343860950155	2114
0.01577879559073	1.43512098819528	1665
-0.0860838070917101	2.14742174907374	187
-0.04885352006505	0.441851175328772	588
-0.0827708366515001	0.773400670623549	83
-0.10161408139968	1.18351649692405	875
0.0593269049977701	1.03193555535952	3131
0.0595625491134699	0.982988409329215	298
-0.0964996002945999	1.13898311558178	110
-0.08210182855653	0.763102436083189	110
0.06175897496178	0.987295044143631	110
-0.0987101523492599	1.17919374894645	334
-0.0852080401731401	0.763725541227743	347
-0.09402652914389	1.15370170655213	87
-0.08624240889866	0.767448290571994	35
0.0138677429441201	1.40264400530842	5075
0.05858909952275	1.03051357361031	28
-0.08484563549255	0.778771858376252	374
-0.08484563549255	0.778771858376252	32
-0.04885352006505	0.441851175328772	508
-0.04885352006505	0.441851175328772	1648
-0.0522405783423101	0.435169887808059	73
-0.04827108630004	0.44343860950155	73
-0.04885352006505	0.441851175328772	315
0.0502836678343399	0.945503808928444	2330
0.0670127354424499	0.96637146391094	187
-0.08380790599731	0.7804545457661	210
-0.0900458450733399	0.776729715601015	110
-0.0890081245397201	0.78336625832403	1430
0.0672510970265901	0.96586204658775	87
-0.0522405783423101	0.435169887808059	941
-0.04885352006505	0.441851175328772	75
-0.0522405783423101	0.435169887808059	1298
-0.0522405783423101	0.435169887808059	1298
-0.04885352006505	0.441851175328772	1516
-0.0522405783423101	0.435169887808059	2430
-0.04827108630004	0.44343860950155	256
-0.04827108630004	0.44343860950155	508
-0.04827108630004	0.44343860950155	5552
-0.08484563549255	0.778771858376252	2008
-0.04885352006505	0.441851175328772	2008
-0.08624240889866	0.767448290571994	1648
-0.04827108630004	0.44343860950155	206
-0.04885352006505	0.441851175328772	315
-0.04827108630004	0.44343860950155	315
-0.04885352006505	0.441851175328772	2031
0.0550373478223001	0.949145467710298	649
0.05893681350854	0.955749618288176	649
-0.00151425538592997	1.893916157642	342
-0.0901104327584099	0.791356332498899	342
-0.00847214705454991	2.16303247752455	110
-0.10092397832424	1.17332097598077	110
-0.0865683066990099	2.15209934941668	28
-0.09982466991395	1.18378586987317	28
-0.0869920889684	0.776375821449157	3444
-0.0522405783423101	0.435169887808059	5552
-0.04827108630004	0.44343860950155	206
-0.04885352006505	0.441851175328772	206
-0.04885352006505	0.441851175328772	73
-0.04827108630004	0.44343860950155	73
-0.04885352006505	0.441851175328772	315
-0.04827108630004	0.44343860950155	315
-0.0849149006866201	0.788425903741666	315
-0.0522405783423101	0.435169887808059	187
0.06553685159545	0.963975441885722	83
-0.0890728329627	0.787375095703056	132
-0.04827108630004	0.44343860950155	132
-0.0522405783423101	0.435169887808059	897
-0.09909668252631	1.16396640376971	101
0.0672510970265901	0.96586204658775	110
0.0841372396140401	1.68504041415204	87
0.0246633222586401	1.30589256139695	87
-0.04885352006505	0.441851175328772	28
-0.04827108630004	0.44343860950155	28
-0.04827108630004	0.44343860950155	32
0.0626013302539199	0.950032207650153	508
-0.04827108630004	0.44343860950155	2008
-0.04885352006505	0.441851175328772	2008
-0.0522405783423101	0.435169887808059	2515
-0.0522405783423101	0.435169887808059	206
-0.0900458450733399	0.776729715601015	6635
0.0633423651286	0.959984157891877	27
0.0672510970265901	0.96586204658775	187
-0.08380790599731	0.7804545457661	1993
0.12022575382248	1.83863357316735	187
-0.04827108630004	0.44343860950155	132
-0.0838772984565199	0.781204714068644	101
-0.0911486928254901	0.784544520381457	347
-0.09953169877072	1.21059553963476	87
-0.04827108630004	0.44343860950155	5211
-0.04827108630004	0.44343860950155	5211
-0.0890081245397201	0.78336625832403	3444
-0.04827108630004	0.44343860950155	3596
-0.0522405783423101	0.435169887808059	3596
-0.0849149006866201	0.788425903741666	75
-0.10077488668115	1.18647614255333	240
-0.04827108630004	0.44343860950155	2515
-0.04827108630004	0.44343860950155	2515
-0.0911486928254901	0.784544520381457	1648
-0.08484563549255	0.778771858376252	83
0.00973425294569008	1.39754313546622	185
0.08994641515721	1.65075337286504	210
-0.10161408139968	1.18351649692405	210
-0.08210182855653	0.763102436083189	87
0.0600970822114599	1.97253785654731	87
-0.09212305135077	0.732040495943664	28
0.0600644456755399	1.02543325878458	519
-0.0522405783423101	0.435169887808059	2008
-0.04827108630004	0.44343860950155	1648
-0.04827108630004	0.44343860950155	3325
-0.04827108630004	0.44343860950155	5883
-0.0849149006866201	0.788425903741666	73
0.0858917478058201	1.71886107056911	649
-0.0954068819806699	1.15721896363153	210
0.05699432784166	2.05765880803072	87
0.0621279874417999	0.975112374634473	87
0.063226946778	0.982632932651661	2293
-0.04885352006505	0.441851175328772	315
-0.04827108630004	0.44343860950155	1158
-0.08595316391303	0.786691282455354	27
-0.0880358926090401	0.765742619743892	2330
-0.08380790599731	0.7804545457661	187
-0.0522405783423101	0.435169887808059	111
-0.00186658820317009	1.32764302746292	110
-0.04885352006505	0.441851175328772	1829
-0.0838772984565199	0.781204714068644	1829
-0.04885352006505	0.441851175328772	1829
-0.10489746152935	1.19431001857182	347
-0.0522405783423101	0.435169887808059	3573
-0.04827108630004	0.44343860950155	3573
-0.0522405783423101	0.435169887808059	3573
-0.04827108630004	0.44343860950155	75
-0.04827108630004	0.44343860950155	1883
-0.04827108630004	0.44343860950155	1883
-0.04885352006505	0.441851175328772	321
-0.04885352006505	0.441851175328772	321
-0.04827108630004	0.44343860950155	480
0.06175897496178	0.987295044143631	508
-0.04827108630004	0.44343860950155	508
-0.04827108630004	0.44343860950155	3
-0.04827108630004	0.44343860950155	3
-0.04885352006505	0.441851175328772	1648
-0.04885352006505	0.441851175328772	1648
-0.04885352006505	0.441851175328772	73
-0.04827108630004	0.44343860950155	73
-0.04885352006505	0.441851175328772	315
-0.0890081245397201	0.78336625832403	702
-0.04827108630004	0.44343860950155	1158
-0.04885352006505	0.441851175328772	1158
-0.04885352006505	0.441851175328772	4561
-0.0890728329627	0.787375095703056	83
-0.0849149006866201	0.788425903741666	185
-0.09426205564365	0.755389897988905	185
-0.0880358926090401	0.765742619743892	298
-0.04827108630004	0.44343860950155	3184
-0.04827108630004	0.44343860950155	1829
-0.08380790599731	0.7804545457661	1829
0.0161755298374799	1.42112272749156	347
-0.0880358926090401	0.765742619743892	519
-0.0522405783423101	0.435169887808059	5157
-0.04885352006505	0.441851175328772	5157
-0.04885352006505	0.441851175328772	321
-0.04885352006505	0.441851175328772	4346
-0.04827108630004	0.44343860950155	1648
-0.04885352006505	0.441851175328772	1648
-0.04885352006505	0.441851175328772	1648
-0.04885352006505	0.441851175328772	1648
-0.04827108630004	0.44343860950155	2514
-0.04827108630004	0.44343860950155	6053
-0.04827108630004	0.44343860950155	73
-0.04885352006505	0.441851175328772	73
-0.04827108630004	0.44343860950155	1158
-0.04827108630004	0.44343860950155	1158
-0.04827108630004	0.44343860950155	1158
0.00900044278353995	1.45739104670741	27
0.0636125582246301	0.965466724593941	979
-0.0978851191363801	1.15570981892753	270
-0.0938944841574401	1.58991674501042	374
-0.04885352006505	0.441851175328772	240
-0.04827108630004	0.44343860950155	240
0.05383203491709	0.964507588151942	680
-0.09212305135077	0.732040495943664	2810
-0.04827108630004	0.44343860950155	702
-0.04885352006505	0.441851175328772	1158
-0.04827108630004	0.44343860950155	1158
0.0543039863271999	0.93620092352906	187
0.00958647657695	1.4636365303201	5457
-0.0959220459103101	1.68656099017571	893
0.12339655332251	1.19655117476411	298
-0.04885352006505	0.441851175328772	110
-0.10489746152935	1.19431001857182	290
0.00841421807129006	1.44245441020184	347
-0.0890728329627	0.787375095703056	87
0.00372703712394995	1.37582071819271	28
-0.0869920889684	0.776375821449157	35
-0.0869920889684	0.776375821449157	519
-0.0932258425807999	0.738765270018842	35
0.0670127354424499	0.96637146391094	1883
-0.0988378297315899	1.21225136128457	1092
-0.10351352608029	1.19743691232444	1092
-0.0901104327584099	0.791356332498899	1092
0.06177226008848	0.964243625263309	240
0.0600644456755399	1.02543325878458	4586
-0.04885352006505	0.441851175328772	987
-0.0522405783423101	0.435169887808059	2131
-0.0869920889684	0.776375821449157	680
-0.0522405783423101	0.435169887808059	2514
-0.04827108630004	0.44343860950155	73
-0.04885352006505	0.441851175328772	73
-0.10420537336923	1.19972693162192	27
0.0634645636087701	0.98626178495678	2552
0.01812585522206	1.38506336688748	210
0.06175897496178	0.987295044143631	3089
-0.0522405783423101	0.435169887808059	1520
-0.0849149006866201	0.788425903741666	1520
-0.0827708366515001	0.773400670623549	1883
0.05858909952275	1.03051357361031	769
-0.0810661688721199	0.764684666601112	1092
-0.08624240889866	0.767448290571994	5583
-0.08624240889866	0.767448290571994	987
-0.04827108630004	0.44343860950155	73
-0.0849149006866201	0.788425903741666	73
0.0628704079740701	0.973406537720501	27
0.05723587647784	0.940156331905564	270
-0.00770408636653008	1.85846048171532	110
-0.09315863125403	0.748298153660836	110
-0.0838772984565199	0.781204714068644	373
-0.08484563549255	0.778771858376252	334
0.05406760514168	0.99231232644155	87
0.0189445974425599	1.38529841851677	28
-0.04885352006505	0.441851175328772	1883
-0.04885352006505	0.441851175328772	1883
-0.04827108630004	0.44343860950155	1092
-0.04827108630004	0.44343860950155	304
-0.04827108630004	0.44343860950155	680
-0.04827108630004	0.44343860950155	1865
-0.04827108630004	0.44343860950155	659
-0.04827108630004	0.44343860950155	2377
-0.04827108630004	0.44343860950155	73
-0.04827108630004	0.44343860950155	6842
-0.04827108630004	0.44343860950155	6842
-0.04885352006505	0.441851175328772	6842
0.00999043595567994	1.38660326195591	27
0.0886092464394801	1.73126164759495	27
-0.10698642957578	1.21087016999587	897
-0.09426205564365	0.755389897988905	342
-0.04885352006505	0.441851175328772	1181
-0.04827108630004	0.44343860950155	1092
-0.0522405783423101	0.435169887808059	2360
-0.04827108630004	0.44343860950155	2360
-0.04885352006505	0.441851175328772	2360
-0.04827108630004	0.44343860950155	240
-0.04827108630004	0.44343860950155	2131
-0.04827108630004	0.44343860950155	2131
-0.04885352006505	0.441851175328772	983
-0.04827108630004	0.44343860950155	659
-0.04827108630004	0.44343860950155	659
-0.04827108630004	0.44343860950155	73
-0.04827108630004	0.44343860950155	73
-0.0522405783423101	0.435169887808059	73
-0.04827108630004	0.44343860950155	73
-0.04827108630004	0.44343860950155	5684
0.0638474498478101	1.00767428003693	27
-0.0827708366515001	0.773400670623549	1611
-0.08484563549255	0.778771858376252	893
0.0507686264540601	0.909781239730968	210
-0.0849149006866201	0.788425903741666	210
-0.10351352608029	1.19743691232444	1164
-0.04827108630004	0.44343860950155	342
-0.08417431820958	0.743590289338102	298
-0.0890728329627	0.787375095703056	373
-0.08484563549255	0.778771858376252	28
-0.04827108630004	0.44343860950155	35
0.0638474498478101	1.00767428003693	4239
-0.04827108630004	0.44343860950155	1883
-0.04827108630004	0.44343860950155	1181
-0.04885352006505	0.441851175328772	1092
-0.04827108630004	0.44343860950155	508
-0.04885352006505	0.441851175328772	304
-0.04827108630004	0.44343860950155	304
-0.04827108630004	0.44343860950155	5163
-0.04885352006505	0.441851175328772	659
-0.04827108630004	0.44343860950155	73
-0.04885352006505	0.441851175328772	73
-0.04827108630004	0.44343860950155	73
-0.04827108630004	0.44343860950155	73
-0.04885352006505	0.441851175328772	5684
-0.04885352006505	0.441851175328772	5684
-0.04885352006505	0.441851175328772	73
-0.10767494285572	1.20929553874536	210
0.05835354964625	0.995740845736888	342
0.0706683573264699	1.80197739933651	1265
-0.08380790599731	0.7804545457661	1265
-0.04885352006505	0.441851175328772	1883
-0.04885352006505	0.441851175328772	2238
-0.08484563549255	0.778771858376252	3
-0.04827108630004	0.44343860950155	5163
-0.04827108630004	0.44343860950155	2251
-0.04885352006505	0.441851175328772	2251
0.0655638591494401	0.954603570757834	3
0.0530969711915801	0.959606159286754	3
0.0628704079740701	0.973406537720501	1512
-0.04827108630004	0.44343860950155	659
-0.04827108630004	0.44343860950155	73
-0.04827108630004	0.44343860950155	73
-0.04827108630004	0.44343860950155	1710
-0.04885352006505	0.441851175328772	5684
-0.10420537336923	1.19972693162192	373
0.0638474498478101	1.00767428003693	35
-0.04827108630004	0.44343860950155	2238
-0.04827108630004	0.44343860950155	1922
-0.04827108630004	0.44343860950155	1710
-0.04827108630004	0.44343860950155	73
0.01460411240917	1.41780639462754	210
0.0602993831198899	0.984213343761052	373
0.0150557974997501	1.43197380376338	75
-0.08595316391303	0.786691282455354	508
0.06186002663091	0.933041184012587	6645
-0.04827108630004	0.44343860950155	73
-0.04885352006505	0.441851175328772	1384
-0.04827108630004	0.44343860950155	1384
-0.0137854608000101	2.33803376480316	187
-0.04885352006505	0.441851175328772	83
-0.10161476601845	1.16050525826709	83
-0.0993981599657601	1.18954078116112	4443
0.0670127354424499	0.96637146391094	2045
0.12421807424606	1.2202031522033	2025
0.06408313144376	0.96402287461693	87
-0.08595316391303	0.786691282455354	87
-0.08417512246816	0.730417834692297	883
0.05553551158425	0.994717052396487	35
-0.08484563549255	0.778771858376252	519
-0.04885352006505	0.441851175328772	2052
-0.04885352006505	0.441851175328772	2052
-0.04827108630004	0.44343860950155	2052
-0.04827108630004	0.44343860950155	75
-0.04885352006505	0.441851175328772	508
-0.08173442662581	0.750376196954039	508
-0.0522405783423101	0.435169887808059	1922
-0.04827108630004	0.44343860950155	1384
-0.04827108630004	0.44343860950155	73
0.00801152815718997	1.46659127473711	187
-0.0900458450733399	0.776729715601015	187
-0.0153596001995899	2.31767454695506	67
-0.08595316391303	0.786691282455354	83
-0.0890728329627	0.787375095703056	4713
0.0122938222639	1.46581564044301	373
0.06236426102241	1.00493833701369	373
-0.00632061754246993	1.92129231962258	347
-0.09448052750498	1.62626362553744	87
0.00900044278353995	1.45739104670741	87
-0.04885352006505	0.441851175328772	883
-0.09840255547546	1.1518525900223	35
0.0621279874417999	0.975112374634473	75
-0.0994647832649001	0.71199710291964	2686
-0.10256354163673	1.24329327350862	3
-0.04827108630004	0.44343860950155	987
-0.0522405783423101	0.435169887808059	1710
0.0600644456755399	1.02543325878458	187
-0.0849149006866201	0.788425903741666	306
0.05893681350854	0.955749618288176	87
-0.0890081245397201	0.78336625832403	87
0.0648236293879301	0.962349349234674	1520
-0.08210182855653	0.763102436083189	3054
-0.04827108630004	0.44343860950155	987
-0.04827108630004	0.44343860950155	1512
-0.04827108630004	0.44343860950155	4392
-0.04885352006505	0.441851175328772	1384
-0.0522405783423101	0.435169887808059	1384
-0.0522405783423101	0.435169887808059	73
0.11582019482576	2.45302107429423	27
0.0159707894380801	1.36848714434802	67
0.0631059901459701	1.0095074686688	83
-0.0984494555853901	1.18682979431634	83
-0.0996450440035199	1.68242065834209	210
-0.08380790599731	0.7804545457661	4713
-0.0900458450733399	0.776729715601015	34
-0.0810661688721199	0.764684666601112	75
-0.0941948599165601	0.747341871614371	557
-0.09426205564365	0.755389897988905	508
-0.04827108630004	0.44343860950155	6295
-0.04827108630004	0.44343860950155	1710
-0.04827108630004	0.44343860950155	1384
-0.04827108630004	0.44343860950155	73
-0.04885352006505	0.441851175328772	73
-0.04827108630004	0.44343860950155	73
-0.0908590672474801	1.07461164325384	187
-0.0945680306508601	1.50577835171252	187
-0.0890728329627	0.787375095703056	2708
0.0357348425169599	2.4574951489642	1185
-0.04827108630004	0.44343860950155	257
-0.10420537336923	1.19972693162192	298
0.017160579619	1.35390448864784	2825
-0.04885352006505	0.441851175328772	2530
-0.10698642957578	1.21087016999587	348
-0.08595316391303	0.786691282455354	75
0.0610359533839899	0.978388462195657	557
-0.04827108630004	0.44343860950155	987
-0.0849149006866201	0.788425903741666	4392
-0.04827108630004	0.44343860950155	73
-0.08484563549255	0.778771858376252	2708
-0.09982466991395	1.18378586987317	101
-0.08595316391303	0.786691282455354	334
0.0579323236924401	2.08056506057208	2825
0.0558464210306	2.0524619300643	87
0.0114959964788901	1.4250778557979	34
-0.0900458450733399	0.776729715601015	34
-0.04885352006505	0.441851175328772	220
-0.04885352006505	0.441851175328772	1512
-0.04827108630004	0.44343860950155	4392
-0.04885352006505	0.441851175328772	1384
-0.04827108630004	0.44343860950155	1384
0.0653295617446701	0.982158599630518	257
-0.08313814614644	0.753544935636222	1751
-0.08173442662581	0.750376196954039	298
0.0610359533839899	0.978388462195657	298
0.01662863754083	1.47927795041958	4713
-0.10351352608029	1.19743691232444	87
0.0600644456755399	1.02543325878458	348
-0.04827108630004	0.44343860950155	1012
-0.04827108630004	0.44343860950155	630
0.06577661653701	0.951760463443954	4777
-0.0522405783423101	0.435169887808059	1649
-0.04827108630004	0.44343860950155	1710
-0.04885352006505	0.441851175328772	1384
-0.04827108630004	0.44343860950155	2512
-0.04827108630004	0.44343860950155	2512
0.07621398471756	1.59661639138524	58
-0.09315863125403	0.748298153660836	187
-0.04827108630004	0.44343860950155	4241
-0.08595316391303	0.786691282455354	6358
-0.0522405783423101	0.435169887808059	6358
-0.0827708366515001	0.773400670623549	67
-0.0944647361639801	1.5994686991166	83
-0.04827108630004	0.44343860950155	210
-0.04885352006505	0.441851175328772	257
-0.04885352006505	0.441851175328772	3304
-0.04885352006505	0.441851175328772	3304
-0.04827108630004	0.44343860950155	178
-0.04827108630004	0.44343860950155	3614
0.05785102906646	1.02128267566776	2037
-0.0522405783423101	0.435169887808059	4195
-0.04827108630004	0.44343860950155	5145
-0.0921824341903701	1.60785742893239	317
-0.04885352006505	0.441851175328772	213
-0.04885352006505	0.441851175328772	213
-0.04827108630004	0.44343860950155	601
-0.04885352006505	0.441851175328772	75
-0.04827108630004	0.44343860950155	75
-0.04827108630004	0.44343860950155	630
-0.04885352006505	0.441851175328772	630
-0.04885352006505	0.441851175328772	4777
-0.04827108630004	0.44343860950155	220
-0.04885352006505	0.441851175328772	1587
-0.04885352006505	0.441851175328772	1587
-0.04827108630004	0.44343860950155	1649
-0.04885352006505	0.441851175328772	1649
-0.04827108630004	0.44343860950155	280
-0.04827108630004	0.44343860950155	1710
-0.04885352006505	0.441851175328772	1175
-0.04885352006505	0.441851175328772	4773
-0.04885352006505	0.441851175328772	2512
-0.04885352006505	0.441851175328772	2276
-0.04885352006505	0.441851175328772	2276
-0.0838772984565199	0.781204714068644	497
0.0530969711915801	0.959606159286754	795
-0.04885352006505	0.441851175328772	4241
-0.08210182855653	0.763102436083189	67
-0.0869920889684	0.776375821449157	67
-0.07042898511501	2.3117385079123	210
-0.08484563549255	0.778771858376252	3614
0.0648236293879301	0.962349349234674	35
-0.0522405783423101	0.435169887808059	601
-0.04885352006505	0.441851175328772	1046
-0.04827108630004	0.44343860950155	1046
-0.0949187882627101	1.56838532684871	1478
-0.04827108630004	0.44343860950155	1243
-0.04885352006505	0.441851175328772	630
-0.04885352006505	0.441851175328772	3
-0.04827108630004	0.44343860950155	220
-0.04885352006505	0.441851175328772	1587
-0.04827108630004	0.44343860950155	1587
-0.04885352006505	0.441851175328772	1710
-0.0522405783423101	0.435169887808059	609
-0.04885352006505	0.441851175328772	2180
0.09334772026934	1.66093637982761	795
-0.10325463676006	1.2457739210264	187
-0.10325463676006	1.2457739210264	67
-0.0984494555853901	1.18682979431634	1387
-0.08595316391303	0.786691282455354	1387
0.00900044278353995	1.45739104670741	185
-0.10161408139968	1.18351649692405	210
-0.0827708366515001	0.773400670623549	361
-0.0988378297315899	1.21225136128457	35
0.05406760514168	0.99231232644155	348
-0.04827108630004	0.44343860950155	35
-0.04827108630004	0.44343860950155	1046
-0.08380790599731	0.7804545457661	75
-0.0827708366515001	0.773400670623549	630
-0.04827108630004	0.44343860950155	1587
-0.04827108630004	0.44343860950155	1156
-0.0522405783423101	0.435169887808059	609
-0.04885352006505	0.441851175328772	609
0.12399813532416	1.21046822124223	2545
0.05909205979828	0.989770385521634	326
-0.04885352006505	0.441851175328772	334
-0.09426205564365	0.755389897988905	373
-0.08624240889866	0.767448290571994	553
-0.04827108630004	0.44343860950155	601
-0.04827108630004	0.44343860950155	75
-0.04885352006505	0.441851175328772	75
-0.04827108630004	0.44343860950155	75
-0.04885352006505	0.441851175328772	220
-0.04827108630004	0.44343860950155	3016
-0.04885352006505	0.441851175328772	1710
-0.04827108630004	0.44343860950155	609
0.06177226008848	0.964243625263309	27
0.05858909952275	1.03051357361031	168
-0.0849149006866201	0.788425903741666	937
-0.08624240889866	0.767448290571994	210
-0.0872774251891899	0.761151259714728	2191
-0.04885352006505	0.441851175328772	373
0.0672510970265901	0.96586204658775	317
0.0118941351356501	1.48533932564112	3366
-0.04885352006505	0.441851175328772	2290
-0.0522405783423101	0.435169887808059	553
-0.04827108630004	0.44343860950155	553
-0.04885352006505	0.441851175328772	75
-0.04827108630004	0.44343860950155	75
-0.04885352006505	0.441851175328772	630
-0.04827108630004	0.44343860950155	630
-0.04885352006505	0.441851175328772	1156
-0.04885352006505	0.441851175328772	1156
-0.0522405783423101	0.435169887808059	3489
-0.04885352006505	0.441851175328772	609
-0.04885352006505	0.441851175328772	609
-0.04827108630004	0.44343860950155	2512
-0.0880358926090401	0.765742619743892	2512
-0.04827108630004	0.44343860950155	2180
-0.0858840259682101	0.768715625222587	346
0.0500382882775201	0.917450905787493	27
-0.04885352006505	0.441851175328772	210
0.0173491666491901	1.42473992697799	210
-0.0849149006866201	0.788425903741666	65
-0.0901104327584099	0.791356332498899	2063
-0.09529891846709	0.754403060324179	361
-0.0917554319393299	1.6223325733761	87
-0.08484563549255	0.778771858376252	87
-0.04885352006505	0.441851175328772	2290
-0.04827108630004	0.44343860950155	35
-0.04885352006505	0.441851175328772	4547
-0.04885352006505	0.441851175328772	553
-0.04885352006505	0.441851175328772	601
-0.04827108630004	0.44343860950155	601
-0.0522405783423101	0.435169887808059	75
-0.04885352006505	0.441851175328772	4555
-0.04827108630004	0.44343860950155	630
-0.04827108630004	0.44343860950155	933
-0.04827108630004	0.44343860950155	933
-0.04827108630004	0.44343860950155	6506
-0.04885352006505	0.441851175328772	6506
-0.04885352006505	0.441851175328772	866
-0.04885352006505	0.441851175328772	1156
-0.04827108630004	0.44343860950155	775
-0.04827108630004	0.44343860950155	775
-0.0522405783423101	0.435169887808059	2164
-0.04885352006505	0.441851175328772	2164
-0.04827108630004	0.44343860950155	3489
-0.04827108630004	0.44343860950155	609
-0.0522405783423101	0.435169887808059	609
-0.04827108630004	0.44343860950155	346
-0.04885352006505	0.441851175328772	6209
-0.0810661688721199	0.764684666601112	73
-0.08624240889866	0.767448290571994	2858
0.0114959964788901	1.4250778557979	6379
-0.0984494555853901	1.18682979431634	2037
0.06405990491242	0.936689101267641	35
-0.0522405783423101	0.435169887808059	775
-0.08173442662581	0.750376196954039	85
-0.04827108630004	0.44343860950155	609
-0.04827108630004	0.44343860950155	1757
-0.04885352006505	0.441851175328772	346
0.0168119163873399	1.4146693467055	187
0.0548016885161	0.997679123029343	168
0.0103558663412	1.43799406496896	83
-0.10048566781778	1.16751105186019	342
-0.08380790599731	0.7804545457661	178
-0.10230442366481	1.18575896161027	298
-0.10438163417759	1.5819530379706	1583
-0.10256354163673	1.24329327350862	298
0.0134667901418699	1.47784784918228	317
0.0918066961844399	1.6598269796732	34
-0.08484563549255	0.778771858376252	34
-0.1042458923626	1.14716362631217	348
-0.0858840259682101	0.768715625222587	348
-0.04827108630004	0.44343860950155	75
-0.0522405783423101	0.435169887808059	1289
-0.04885352006505	0.441851175328772	775
-0.04885352006505	0.441851175328772	85
-0.04827108630004	0.44343860950155	609
-0.04885352006505	0.441851175328772	609
-0.04885352006505	0.441851175328772	609
0.11848118933961	1.69237523696829	27
-0.0978851191363801	1.15570981892753	185
-0.0949187882627101	1.56838532684871	210
-0.0890081245397201	0.78336625832403	971
-0.0849149006866201	0.788425903741666	1040
-0.0923264686529901	1.62753543312029	298
0.0545668372757	0.961763323133025	298
0.05835354964625	0.995740845736888	175
0.0653295617446701	0.982158599630518	175
-0.04827108630004	0.44343860950155	34
0.0608017217400001	1.00960425807767	35
-0.04827108630004	0.44343860950155	75
-0.04827108630004	0.44343860950155	75
-0.04885352006505	0.441851175328772	2158
-0.04885352006505	0.441851175328772	220
-0.04885352006505	0.441851175328772	220
-0.04885352006505	0.441851175328772	85
-0.11267270413594	1.05318645214591	67
0.05858909952275	1.03051357361031	83
-0.0849149006866201	0.788425903741666	185
-0.10091092142939	1.64302780106031	342
0.08201702483087	1.70848763850691	34
-0.0960647827686301	1.1281245090154	34
-0.04827108630004	0.44343860950155	2806
-0.04827108630004	0.44343860950155	775
-0.04827108630004	0.44343860950155	775
-0.04827108630004	0.44343860950155	85
-0.04885352006505	0.441851175328772	346
-0.11566244439097	0.992682323183691	67
-0.0849149006866201	0.788425903741666	12
0.06577661653701	0.951760463443954	185
0.0878699398527301	1.63120867932311	185
0.0548016885161	0.997679123029343	971
0.0593269049977701	1.03193555535952	361
0.0679879404694199	0.964171134767298	2063
-0.0849149006866201	0.788425903741666	298
-0.08595316391303	0.786691282455354	175
0.0687245196225501	0.956357385433997	712
-0.0900458450733399	0.776729715601015	894
0.0631059901459701	1.0095074686688	75
-0.04827108630004	0.44343860950155	2416
-0.04885352006505	0.441851175328772	4336
-0.04827108630004	0.44343860950155	775
-0.09218761399412	0.761626583164849	346
-0.04827108630004	0.44343860950155	346
-0.08417512246816	0.730417834692297	346
-0.08797106342136	0.779473339641524	795
-0.0522405783423101	0.435169887808059	168
-0.09315863125403	0.748298153660836	168
-0.04885352006505	0.441851175328772	326
0.05761477364182	0.994469561014255	67
-0.08797106342136	0.779473339641524	210
-0.0890081245397201	0.78336625832403	2947
-0.0522405783423101	0.435169887808059	971
-0.04827108630004	0.44343860950155	900
-0.04885352006505	0.441851175328772	900
-0.04827108630004	0.44343860950155	1040
-0.04827108630004	0.44343860950155	1157
-0.0522405783423101	0.435169887808059	65
-0.0522405783423101	0.435169887808059	3386
-0.04827108630004	0.44343860950155	2063
0.0621279874417999	0.975112374634473	178
-0.0849149006866201	0.788425903741666	1583
-0.08484563549255	0.778771858376252	298
-0.04885352006505	0.441851175328772	373
-0.09953169877072	1.21059553963476	34
-0.04885352006505	0.441851175328772	6602
-0.04827108630004	0.44343860950155	35
-0.04885352006505	0.441851175328772	35
-0.0869920889684	0.776375821449157	4761
-0.04827108630004	0.44343860950155	4109
-0.0522405783423101	0.435169887808059	85
-0.04885352006505	0.441851175328772	85
-0.04885352006505	0.441851175328772	85
-0.04885352006505	0.441851175328772	346
-0.04827108630004	0.44343860950155	346
0.0638474498478101	1.00767428003693	27
0.0553013784468801	0.950421720601817	1020
-0.04827108630004	0.44343860950155	168
-0.09212305135077	0.732040495943664	168
-0.04827108630004	0.44343860950155	67
-0.0849149006866201	0.788425903741666	326
-0.10603948017192	1.15498641023795	326
-0.04827108630004	0.44343860950155	2947
-0.0900458450733399	0.776729715601015	2947
-0.08380790599731	0.7804545457661	210
-0.09982466991395	1.18378586987317	4209
-0.04827108630004	0.44343860950155	5019
-0.04827108630004	0.44343860950155	3386
-0.0522405783423101	0.435169887808059	1386
-0.0849149006866201	0.788425903741666	175
-0.0522405783423101	0.435169887808059	316
-0.04827108630004	0.44343860950155	316
-0.0858840259682101	0.768715625222587	712
-0.04885352006505	0.441851175328772	2274
-0.04885352006505	0.441851175328772	5133
-0.04827108630004	0.44343860950155	75
-0.04885352006505	0.441851175328772	75
-0.04827108630004	0.44343860950155	75
-0.04827108630004	0.44343860950155	220
-0.04827108630004	0.44343860950155	411
-0.0522405783423101	0.435169887808059	775
-0.04885352006505	0.441851175328772	346
-0.04885352006505	0.441851175328772	346
-0.04827108630004	0.44343860950155	346
0.0598303042830901	0.97525805710998	346
-0.08380790599731	0.7804545457661	83
-0.04827108630004	0.44343860950155	210
0.05835354964625	0.995740845736888	210
-0.04827108630004	0.44343860950155	342
-0.04885352006505	0.441851175328772	900
-0.04827108630004	0.44343860950155	1157
-0.04827108630004	0.44343860950155	175
0.0608017217400001	1.00960425807767	175
-0.0800311662681701	0.757951556350574	87
-0.09529891846709	0.754403060324179	712
-0.0522405783423101	0.435169887808059	35
-0.0828403563917699	0.757627284997358	5133
-0.04827108630004	0.44343860950155	5133
-0.04885352006505	0.441851175328772	75
-0.0827708366515001	0.773400670623549	75
-0.04885352006505	0.441851175328772	220
-0.04827108630004	0.44343860950155	2416
-0.04827108630004	0.44343860950155	2416
-0.04827108630004	0.44343860950155	220
-0.04885352006505	0.441851175328772	2077
-0.04827108630004	0.44343860950155	4109
-0.04885352006505	0.441851175328772	4109
-0.04885352006505	0.441851175328772	4109
-0.04827108630004	0.44343860950155	85
-0.04827108630004	0.44343860950155	775
-0.04827108630004	0.44343860950155	85
-0.04885352006505	0.441851175328772	346
-0.04885352006505	0.441851175328772	346
0.06064233476837	0.960726349491262	185
0.01703209577036	1.42279497783997	175
-0.09333671181708	1.14176971645546	175
-0.10092016675046	1.18572878343088	35
0.0568757315997099	0.986056836362405	75
0.06553685159545	0.963975441885722	247
-0.0522405783423101	0.435169887808059	85
-0.08380790599731	0.7804545457661	85
-0.04827108630004	0.44343860950155	85
-0.0522405783423101	0.435169887808059	751
-0.04827108630004	0.44343860950155	4357
0.05893681350854	0.955749618288176	342
0.0613852964369099	0.970953327287667	65
0.0639153334270901	2.04206468158845	87
-0.0982066554208101	1.67692708584935	87
0.0882288673164999	1.60220706519424	712
0.05858909952275	1.03051357361031	34
-0.0849149006866201	0.788425903741666	75
-0.04885352006505	0.441851175328772	247
-0.0911486928254901	0.784544520381457	85
-0.04885352006505	0.441851175328772	346
-0.0193436622486001	2.24406006065597	1020
0.0733513608259	1.60092702310453	187
0.05761477364182	0.994469561014255	83
0.0600644456755399	1.02543325878458	1157
-0.04885352006505	0.441851175328772	1612
0.0543039863271999	0.93620092352906	926
-0.04827108630004	0.44343860950155	763
-0.04827108630004	0.44343860950155	346
-0.04827108630004	0.44343860950155	346
0.05835354964625	0.995740845736888	83
0.05835354964625	0.995740845736888	118
-0.08595316391303	0.786691282455354	4357
-0.09605016046882	1.68799197097952	175
-0.09719223863375	1.15079919409364	35
-0.08797106342136	0.779473339641524	763
-0.04827108630004	0.44343860950155	763
-0.0869346608905801	0.758350728750372	2207
-0.10256354163673	1.24329327350862	187
-0.04827108630004	0.44343860950155	4357
0.05553551158425	0.994717052396487	185
0.0595625491134699	0.982988409329215	34
-0.04885352006505	0.441851175328772	763
-0.09315863125403	0.748298153660836	85
-0.0852080401731401	0.763725541227743	85
-0.04827108630004	0.44343860950155	605
-0.0918596900943101	1.62759231845414	937
-0.0941948599165601	0.747341871614371	3546
0.0665139891103901	0.961792399149469	2464
-0.0838772984565199	0.781204714068644	87
0.0173491666491901	1.42473992697799	35
-0.0971921982647399	1.66584962585334	35
-0.08380790599731	0.7804545457661	75
-0.0908590672474801	1.07461164325384	247
-0.0869920889684	0.776375821449157	85
-0.10629815323358	1.20320284346454	937
-0.0810661688721199	0.764684666601112	83
-0.0901104327584099	0.791356332498899	83
-0.0858840259682101	0.768715625222587	83
0.01373517079882	1.41221246309752	3533
-0.07899681992129	0.735991065532042	712
-0.08380790599731	0.7804545457661	35
-0.08484563549255	0.778771858376252	2584
-0.04827108630004	0.44343860950155	85
-0.0901104327584099	0.791356332498899	3440
0.0118941351356501	1.48533932564112	83
0.09228810127145	1.67191729399358	185
0.0593269049977701	1.03193555535952	365
0.0854161886627201	1.73893116827401	298
0.0884770519420499	1.5710918526586	298
0.05869891026333	0.955132872576523	175
-0.0982066554208101	1.67692708584935	175
-0.09315863125403	0.748298153660836	87
-0.09857824196487	1.15427717706514	3533
0.00742496593378994	1.45143754475375	34
0.0610359533839899	0.978388462195657	35
-0.10256354163673	1.24329327350862	654
-0.04885352006505	0.441851175328772	2584
-0.09402652914389	1.15370170655213	220
-0.0810661688721199	0.764684666601112	85
-0.0849149006866201	0.788425903741666	85
-0.04885352006505	0.441851175328772	102
-0.04827108630004	0.44343860950155	3440
-0.04827108630004	0.44343860950155	1039
-0.10741522235458	1.14411312939913	1588
-0.0070164725738	2.23339321725395	1157
-0.0964996002945999	1.13898311558178	175
-0.0025093876003901	1.88335047444526	175
0.00819691487091001	1.4100656941387	87
0.0648236293879301	0.962349349234674	35
-0.0901104327584099	0.791356332498899	3440
-0.04885352006505	0.441851175328772	592
-0.08173442662581	0.750376196954039	2555
-0.08717795721893	2.09761325996688	161
-0.10359719169122	0.655357963136088	1004
0.12450958603929	1.90414713522515	34
0.0638474498478101	1.00767428003693	35
0.0648236293879301	0.962349349234674	654
-0.09635961744597	1.15981734679928	75
-0.0908590672474801	1.07461164325384	247
-0.04827108630004	0.44343860950155	592
-0.08380790599731	0.7804545457661	1039
0.05858909952275	1.03051357361031	83
-0.09979105325238	1.16899437363009	1588
0.09520889503844	2.31489146723285	298
-0.08595316391303	0.786691282455354	87
0.06177226008848	0.964243625263309	87
-0.0849149006866201	0.788425903741666	1969
0.0829624718329301	1.67582435934463	1969
-0.0949777671138801	1.15629050868591	4083
-0.0827708366515001	0.773400670623549	2245
0.05909205979828	0.989770385521634	34
-0.04885352006505	0.441851175328772	3161
-0.04885352006505	0.441851175328772	654
0.05835354964625	0.995740845736888	2509
-0.04885352006505	0.441851175328772	6607
0.0916941037880901	1.65145604667192	83
-0.04827108630004	0.44343860950155	2245
-0.10088454741165	1.62308342055209	83
-0.04885352006505	0.441851175328772	654
-0.0522405783423101	0.435169887808059	85
0.08974170552452	1.64492883447166	175
-0.04827108630004	0.44343860950155	87
-0.04885352006505	0.441851175328772	1969
0.01075797186462	1.45008562560592	1255
-0.11167130721318	1.11473867575388	654
-0.08797106342136	0.779473339641524	1770
-0.04827108630004	0.44343860950155	1770
-0.04827108630004	0.44343860950155	407
-0.0890728329627	0.787375095703056	2022
-0.04827108630004	0.44343860950155	671
-0.04885352006505	0.441851175328772	592
0.0808483984327399	1.66605868440092	175
-0.10420537336923	1.19972693162192	1969
0.06175897496178	0.987295044143631	85
-0.0522405783423101	0.435169887808059	2163
-0.10724487861881	1.1609587265012	23
0.0631059901459701	1.0095074686688	1969
0.05383203491709	0.964507588151942	34
-0.09776220302063	1.17652685016931	582
-0.10489746152935	1.19431001857182	75
0.0595625491134699	0.982988409329215	411
-0.08380790599731	0.7804545457661	85
-0.04827108630004	0.44343860950155	102
-0.08595316391303	0.786691282455354	342
-0.0890081245397201	0.78336625832403	298
-0.0901104327584099	0.791356332498899	34
-0.0952317381438601	0.730144248427333	411
-0.0810661688721199	0.764684666601112	85
-0.04827108630004	0.44343860950155	407
-0.04827108630004	0.44343860950155	85
-0.04827108630004	0.44343860950155	6471
-0.0890081245397201	0.78336625832403	392
-0.09659818855811	1.68074554501104	298
0.08090735536609	1.66180136818301	87
-0.08484563549255	0.778771858376252	247
-0.04827108630004	0.44343860950155	247
-0.08484563549255	0.778771858376252	1770
-0.04827108630004	0.44343860950155	671
0.011307221239	1.47518537319889	2175
0.01017231956589	1.46129614333481	75
-0.0901104327584099	0.791356332498899	3021
0.05761477364182	0.994469561014255	359
-0.0858840259682101	0.768715625222587	359
-0.04827108630004	0.44343860950155	407
0.11811957208485	1.85894083943418	2112
-0.0810661688721199	0.764684666601112	2246
0.0550373478223001	0.949145467710298	83
0.0872215720293299	1.68563793272309	23
-0.0866298489463999	2.01349699465595	1157
-0.08972021236455	1.62888775774163	34
-0.0827708366515001	0.773400670623549	75
0.0653295617446701	0.982158599630518	102
0.0132560128883901	1.38448187106653	83
0.0624930913102899	0.988536633156715	152
-0.0858840259682101	0.768715625222587	2634
0.0826172818523101	1.59482095653053	1629
-0.04827108630004	0.44343860950155	83
-0.00291146447522994	1.75122488420326	211
-0.09840255547546	1.1518525900223	298
-0.04827108630004	0.44343860950155	1381
-0.04827108630004	0.44343860950155	87
-0.04885352006505	0.441851175328772	2824
-0.09979105325238	1.16899437363009	582
-0.08380790599731	0.7804545457661	4534
-0.0838772984565199	0.781204714068644	2163
0.05406760514168	0.99231232644155	876
-0.04885352006505	0.441851175328772	3485
-0.0852080401731401	0.763725541227743	83
-0.0522405783423101	0.435169887808059	4190
0.00174724321845998	1.84299002580519	1
0.0593269049977701	1.03193555535952	152
-0.04827108630004	0.44343860950155	793
0.0846071990425901	1.67194451781943	75
-0.09402652914389	1.15370170655213	2355
0.05785102906646	1.02128267566776	3174
-0.04885352006505	0.441851175328772	112
-0.08624240889866	0.767448290571994	876
-0.04885352006505	0.441851175328772	3485
-0.0522405783423101	0.435169887808059	83
-0.04827108630004	0.44343860950155	83
-0.04827108630004	0.44343860950155	298
-0.08797106342136	0.779473339641524	3995
-0.04827108630004	0.44343860950155	3995
-0.04885352006505	0.441851175328772	582
-0.04827108630004	0.44343860950155	793
-0.07899681992129	0.735991065532042	411
-0.04827108630004	0.44343860950155	411
-0.04827108630004	0.44343860950155	359
0.0118941351356501	1.48533932564112	359
-0.04827108630004	0.44343860950155	85
0.0605682832855901	0.943779969946227	3174
-0.09426205564365	0.755389897988905	112
0.0631059901459701	1.0095074686688	1142
-0.04827108630004	0.44343860950155	1882
-0.0522405783423101	0.435169887808059	182
0.12482010443723	1.18619404290481	793
0.0600644456755399	1.02543325878458	75
-0.04827108630004	0.44343860950155	411
0.0124808572783399	1.4874051917017	102
-0.09704705298114	1.63011568325072	269
-0.09456366055498	0.683655098033191	269
-0.04827108630004	0.44343860950155	1882
-0.04827108630004	0.44343860950155	298
-0.0890728329627	0.787375095703056	3882
-0.0941948599165601	0.747341871614371	87
-0.04885352006505	0.441851175328772	815
-0.04827108630004	0.44343860950155	2029
-0.0869920889684	0.776375821449157	2752
-0.04885352006505	0.441851175328772	34
-0.0858840259682101	0.768715625222587	793
-0.04827108630004	0.44343860950155	3709
-0.0849149006866201	0.788425903741666	441
-0.0941948599165601	0.747341871614371	85
-0.04885352006505	0.441851175328772	102
-0.0838772984565199	0.781204714068644	671
0.0598303042830901	0.97525805710998	269
0.0415028476704999	1.99847773213768	1561
-0.09842915735305	0.701472200600426	874
-0.08380790599731	0.7804545457661	6508
-0.0522405783423101	0.435169887808059	3485
-0.04827108630004	0.44343860950155	1876
-0.0838772984565199	0.781204714068644	496
0.0117070509756101	1.44764145891955	23
-0.0522405783423101	0.435169887808059	825
-0.04885352006505	0.441851175328772	3882
0.0605682832855901	0.943779969946227	1994
-0.00775442460472009	1.91618007537824	87
-0.0849149006866201	0.788425903741666	2080
-0.0838772984565199	0.781204714068644	1299
0.00870912943684998	1.27026850984503	712
-0.04827108630004	0.44343860950155	3535
-0.04885352006505	0.441851175328772	34
-0.0880358926090401	0.765742619743892	793
-0.04827108630004	0.44343860950155	793
-0.04827108630004	0.44343860950155	928
-0.0911486928254901	0.784544520381457	3709
0.0641974446459701	0.98038215303248	359
-0.04827108630004	0.44343860950155	359
-0.04885352006505	0.441851175328772	671
-0.04885352006505	0.441851175328772	11
0.0543446677497099	2.10514078295739	269
-0.04827108630004	0.44343860950155	1882
0.00311641143770003	1.77920262745823	825
-0.04885352006505	0.441851175328772	803
-0.0901104327584099	0.791356332498899	3882
-0.04827108630004	0.44343860950155	87
0.0641974446459701	0.98038215303248	2752
-0.04827108630004	0.44343860950155	1004
-0.04827108630004	0.44343860950155	793
-0.08624240889866	0.767448290571994	928
-0.0911486928254901	0.784544520381457	928
-0.04827108630004	0.44343860950155	928
-0.04885352006505	0.441851175328772	3709
-0.0827708366515001	0.773400670623549	876
-0.0810661688721199	0.764684666601112	1360
-0.08797106342136	0.779473339641524	23
-0.0880358926090401	0.765742619743892	23
-0.04827108630004	0.44343860950155	87
-0.08803167668661	0.75151882200375	1
-0.08173442662581	0.750376196954039	928
-0.0978851191363801	1.15570981892753	359
0.0627314227454801	0.985029246411559	2163
-0.04885352006505	0.441851175328772	496
-0.0908610276752	1.60237354988163	1994
-0.0522405783423101	0.435169887808059	87
-0.04885352006505	0.441851175328772	1
-0.10008640469095	1.19181649971768	1251
0.05858909952275	1.03051357361031	2752
-0.09814420377504	1.20677997698229	1
-0.0522405783423101	0.435169887808059	802
-0.04827108630004	0.44343860950155	4235
-0.04885352006505	0.441851175328772	182
0.0115742663893199	1.44414160522991	288
-0.04885352006505	0.441851175328772	582
-0.10120083087971	1.14813006621028	441
-0.0838772984565199	0.781204714068644	359
-0.0522405783423101	0.435169887808059	314
-0.04885352006505	0.441851175328772	502
-0.0911486928254901	0.784544520381457	671
-0.0869346608905801	0.758350728750372	112
-0.04827108630004	0.44343860950155	2734
-0.08595316391303	0.786691282455354	825
0.0648236293879301	0.962349349234674	2537
-0.0522405783423101	0.435169887808059	802
-0.04885352006505	0.441851175328772	182
-0.0910842258507101	0.754363823254168	152
0.05761477364182	0.994469561014255	469
-0.04827108630004	0.44343860950155	314
-0.04827108630004	0.44343860950155	102
-0.09515675039462	1.61108130913721	502
-0.08380790599731	0.7804545457661	80
0.08141798916362	1.68492847475535	3281
-0.01257980257048	2.06961844923207	23
0.0882921976515001	1.67487422346141	1508
-0.08797106342136	0.779473339641524	825
-0.08380790599731	0.7804545457661	4979
-0.10463754749605	1.22507038557656	1
0.0553013784468801	0.950421720601817	1
-0.04885352006505	0.441851175328772	991
-0.0890728329627	0.787375095703056	152
-0.0827708366515001	0.773400670623549	582
-0.11584234611952	1.09202642151341	75
-0.04827108630004	0.44343860950155	3091
-0.04827108630004	0.44343860950155	3091
0.0656624279537901	0.935165502556818	80
-0.0890728329627	0.787375095703056	161
-0.0901104327584099	0.791356332498899	114
-0.04885352006505	0.441851175328772	5043
-0.0933372861555699	1.63807480460865	23
-0.09289768686498	1.62536797787383	2486
-0.04827108630004	0.44343860950155	1438
-0.04827108630004	0.44343860950155	793
-0.04827108630004	0.44343860950155	793
-0.04827108630004	0.44343860950155	5679
-0.04885352006505	0.441851175328772	502
-0.0911486928254901	0.784544520381457	671
-0.0838772984565199	0.781204714068644	671
-0.0952317381438601	0.730144248427333	671
-0.0890728329627	0.787375095703056	112
0.0636125582246301	0.965466724593941	392
-0.09315863125403	0.748298153660836	1033
-0.04885352006505	0.441851175328772	83
-0.0956685721511501	1.16127092582934	23
0.0808483984327399	1.66605868440092	1100
-0.0522405783423101	0.435169887808059	1438
-0.08595316391303	0.786691282455354	1438
-0.09529891846709	0.754403060324179	1251
-0.04885352006505	0.441851175328772	802
0.00742496593378994	1.45143754475375	1004
-0.09039073975844	0.734046220944365	114
-0.04885352006505	0.441851175328772	1438
-0.0901104327584099	0.791356332498899	1438
0.0655638591494401	0.954603570757834	1251
-0.0522405783423101	0.435169887808059	802
-0.04827108630004	0.44343860950155	469
-0.1079339138474	1.16799805942249	11
-0.11004168333733	1.13866271058493	3134
-0.09979105325238	1.16899437363009	4854
0.06479851120109	0.953894817313967	4854
0.0638474498478101	1.00767428003693	298
0.0631059901459701	1.0095074686688	705
0.0633423651286	0.959984157891877	307
-0.0827708366515001	0.773400670623549	307
0.0548016885161	0.997679123029343	152
-0.1079339138474	1.16799805942249	469
-0.04885352006505	0.441851175328772	235
0.0854161886627201	1.73893116827401	392
-0.10767494285572	1.20929553874536	23
-0.09426205564365	0.755389897988905	802
-0.0890728329627	0.787375095703056	152
-0.0522405783423101	0.435169887808059	359
-0.08380790599731	0.7804545457661	11
-0.09776220302063	1.17652685016931	114
-0.09448052750498	1.62626362553744	3017
-0.10180208175179	1.61499597807237	23
-0.10161408139968	1.18351649692405	1251
0.00179887486829	1.92667400722192	6029
-0.11421824810314	1.04969603814581	2157
-0.08484563549255	0.778771858376252	2157
-0.10230442366481	1.18575896161027	1834
0.05723845637577	0.953025165541693	152
0.05835354964625	0.995740845736888	152
-0.04827108630004	0.44343860950155	11
0.0545668372757	0.961763323133025	1210
0.0517430621581401	0.938196906647617	2
-0.1079339138474	1.16799805942249	1773
-0.08624240889866	0.767448290571994	211
0.01431950387212	1.41001883413598	1004
-0.0838772984565199	0.781204714068644	831
-0.04827108630004	0.44343860950155	80
0.0672510970265901	0.96586204658775	1146
-0.0890728329627	0.787375095703056	392
-0.0911486928254901	0.784544520381457	250
-0.0810661688721199	0.764684666601112	23
-0.08380790599731	0.7804545457661	705
-0.07899681992129	0.735991065532042	1
-0.0858840259682101	0.768715625222587	2706
0.0627314227454801	0.985029246411559	1198
-0.10008940419015	1.59524806055352	1004
-0.04827108630004	0.44343860950155	6223
-0.08380790599731	0.7804545457661	1016
-0.04885352006505	0.441851175328772	1356
-0.08380790599731	0.7804545457661	928
-0.0522405783423101	0.435169887808059	359
-0.0849149006866201	0.788425903741666	1794
-0.04885352006505	0.441851175328772	1794
-0.04827108630004	0.44343860950155	1794
-0.09446195417343	1.63230378363153	6734
-0.04827108630004	0.44343860950155	80
-0.0522405783423101	0.435169887808059	55
-0.04827108630004	0.44343860950155	112
-0.04827108630004	0.44343860950155	11
-0.11141274109146	1.15608630463886	3426
-0.09850443443792	1.63722871311663	1797
-0.08484563549255	0.778771858376252	1254
-0.09719223863375	1.15079919409364	1254
-0.08484563549255	0.778771858376252	1016
-0.04827108630004	0.44343860950155	121
-0.0900458450733399	0.776729715601015	5939
-0.04827108630004	0.44343860950155	839
0.0670127354424499	0.96637146391094	392
0.0600644456755399	1.02543325878458	114
-0.10213055347441	1.16664164474289	23
0.0598303042830901	0.97525805710998	259
0.09048242996754	1.6461137869872	705
-0.0880358926090401	0.765742619743892	1
-0.0933218337222399	1.63674220146427	1251
-0.04885352006505	0.441851175328772	1356
-0.04885352006505	0.441851175328772	102
-0.04885352006505	0.441851175328772	11
0.0665139891103901	0.961792399149469	6906
-0.0970751866481401	1.15650228970347	23
-0.11072709534969	1.15267035831068	259
-0.0991369444979999	1.18909839352321	705
0.0593269049977701	1.03193555535952	851
0.0641974446459701	0.98038215303248	309
-0.04827108630004	0.44343860950155	2815
-0.04885352006505	0.441851175328772	235
-0.04885352006505	0.441851175328772	235
-0.10603948017192	1.15498641023795	392
-0.09814420377504	1.20677997698229	392
0.0656624279537901	0.935165502556818	2935
-0.0890728329627	0.787375095703056	183
0.01622673397946	1.42818207718667	23
-0.04827108630004	0.44343860950155	307
-0.0869346608905801	0.758350728750372	307
-0.08380790599731	0.7804545457661	2493
-0.08595316391303	0.786691282455354	4587
-0.04827108630004	0.44343860950155	1426
-0.08380790599731	0.7804545457661	839
0.011307221239	1.47518537319889	2939
0.0801310653741101	1.63474497440657	392
0.06553685159545	0.963975441885722	392
0.0219419894672901	1.33309613279173	392
-0.0810661688721199	0.764684666601112	227
-0.0852080401731401	0.763725541227743	804
-0.0869920889684	0.776375821449157	259
-0.0901104327584099	0.791356332498899	259
0.12241290053205	1.20326540449	1
-0.04827108630004	0.44343860950155	1
-0.0932258425807999	0.738765270018842	309
-0.08797106342136	0.779473339641524	1
-0.04885352006505	0.441851175328772	3394
0.0613852964369099	0.970953327287667	1426
-0.04827108630004	0.44343860950155	582
-0.08380790599731	0.7804545457661	36
-0.04885352006505	0.441851175328772	11
0.00728592304712006	1.35851860395814	392
0.0665139891103901	0.961792399149469	392
-0.04827108630004	0.44343860950155	2057
-0.04827108630004	0.44343860950155	1421
0.0183584990555301	1.38050260813944	211
-0.0522405783423101	0.435169887808059	1377
-0.0827708366515001	0.773400670623549	851
-0.09315863125403	0.748298153660836	309
-0.0890081245397201	0.78336625832403	1141
-0.08595316391303	0.786691282455354	307
0.04410655264748	0.842537740688682	307
-0.0858840259682101	0.768715625222587	307
-0.08595316391303	0.786691282455354	152
-0.0901104327584099	0.791356332498899	1426
-0.04827108630004	0.44343860950155	928
-0.08484563549255	0.778771858376252	839
-0.04827108630004	0.44343860950155	184
-0.04885352006505	0.441851175328772	80
0.05869891026333	0.955132872576523	2939
-0.1028759195791	1.15814172215915	392
-0.0522405783423101	0.435169887808059	23
-0.04827108630004	0.44343860950155	225
-0.04885352006505	0.441851175328772	3394
-0.04827108630004	0.44343860950155	3187
-0.04885352006505	0.441851175328772	3187
0.0610359533839899	0.978388462195657	1426
-0.0901104327584099	0.791356332498899	36
0.0571126934447199	1.00309762325406	887
-0.0810661688721199	0.764684666601112	887
-0.04885352006505	0.441851175328772	184
0.0382910769707201	0.784236582840869	392
0.00958647657695	1.4636365303201	5377
-0.0522405783423101	0.435169887808059	851
0.0616222622873701	0.993757532581764	309
-0.04827108630004	0.44343860950155	307
-0.04885352006505	0.441851175328772	3187
-0.04885352006505	0.441851175328772	3187
-0.04827108630004	0.44343860950155	1426
-0.07899681992129	0.735991065532042	839
-0.0900458450733399	0.776729715601015	235
-0.04827108630004	0.44343860950155	447
-0.04827108630004	0.44343860950155	2396
-0.04827108630004	0.44343860950155	23
0.0122938222639	1.46581564044301	645
-0.04827108630004	0.44343860950155	225
0.06203032925358	1.99619381455006	35
-0.0917554319393299	1.6223325733761	1300
-0.04885352006505	0.441851175328772	1426
-0.04827108630004	0.44343860950155	582
-0.0858840259682101	0.768715625222587	36
-0.04827108630004	0.44343860950155	839
-0.08595316391303	0.786691282455354	102
-0.04885352006505	0.441851175328772	2049
-0.04827108630004	0.44343860950155	920
0.0638474498478101	1.00767428003693	2939
-0.09982466991395	1.18378586987317	447
-0.04885352006505	0.441851175328772	3112
0.0638474498478101	1.00767428003693	23
-0.0901104327584099	0.791356332498899	225
-0.0522405783423101	0.435169887808059	1408
-0.04827108630004	0.44343860950155	3930
-0.0890081245397201	0.78336625832403	307
0.0571126934447199	1.00309762325406	307
-0.04827108630004	0.44343860950155	3187
-0.10048566781778	1.16751105186019	1300
0.0527169769587199	0.900613839235339	1300
-0.0869920889684	0.776375821449157	1426
0.0118941351356501	1.48533932564112	1426
-0.08380790599731	0.7804545457661	36
-0.0890728329627	0.787375095703056	2049
-0.04885352006505	0.441851175328772	80
-0.04827108630004	0.44343860950155	4264
-0.0994647832649001	0.71199710291964	3112
-0.08624240889866	0.767448290571994	23
-0.1110372408965	1.05211784783751	23
-0.0942872021740999	1.14430786970059	23
-0.08797106342136	0.779473339641524	65
-0.09857824196487	1.15427717706514	225
-0.08380790599731	0.7804545457661	1408
0.06236426102241	1.00493833701369	307
-0.0838772984565199	0.781204714068644	152
-0.0933372861555699	1.63807480460865	36
-0.09426205564365	0.755389897988905	3450
-0.04827108630004	0.44343860950155	2396
-0.0852080401731401	0.763725541227743	23
-0.10291410889946	1.64236939338562	65
0.05835354964625	0.995740845736888	211
-0.04827108630004	0.44343860950155	65
-0.04827108630004	0.44343860950155	225
-0.09719223863375	1.15079919409364	3930
-0.0880358926090401	0.765742619743892	38
-0.09633643185862	0.736803548695673	152
-0.0522405783423101	0.435169887808059	1426
-0.04827108630004	0.44343860950155	36
-0.08484563549255	0.778771858376252	36
-0.04885352006505	0.441851175328772	505
-0.0901104327584099	0.791356332498899	184
-0.08797106342136	0.779473339641524	184
-0.04827108630004	0.44343860950155	920
-0.08417431820958	0.743590289338102	392
-0.04885352006505	0.441851175328772	5615
-0.10450771719767	1.15929651256338	23
0.01017231956589	1.46129614333481	432
0.0236762482291699	1.3063922988691	65
-0.04885352006505	0.441851175328772	235
-0.04827108630004	0.44343860950155	183
-0.07817860944959	1.96192586743601	65
0.0648236293879301	0.962349349234674	5175
-0.04827108630004	0.44343860950155	38
-0.08484563549255	0.778771858376252	184
0.0631059901459701	1.0095074686688	80
-0.04885352006505	0.441851175328772	55
-0.04827108630004	0.44343860950155	5977
-0.08417431820958	0.743590289338102	2396
-0.0870841900206001	2.15881518361601	65
-0.0890728329627	0.787375095703056	225
-0.04827108630004	0.44343860950155	225
-0.0827708366515001	0.773400670623549	225
-0.09529891846709	0.754403060324179	225
0.0638474498478101	1.00767428003693	309
-0.04827108630004	0.44343860950155	1093
-0.0890728329627	0.787375095703056	3204
0.05785102906646	1.02128267566776	1496
-0.04827108630004	0.44343860950155	119
-0.10561011367346	1.18467656559468	863
-0.07899681992129	0.735991065532042	21
-0.0522405783423101	0.435169887808059	11
-0.04885352006505	0.441851175328772	235
-0.04885352006505	0.441851175328772	235
0.05858909952275	1.03051357361031	392
0.0595625491134699	0.982988409329215	225
-0.04827108630004	0.44343860950155	225
-0.10698642957578	1.21087016999587	207
-0.0849149006866201	0.788425903741666	80
-0.0852080401731401	0.763725541227743	235
-0.10135731266299	1.67525231043851	176
-0.08210182855653	0.763102436083189	65
-0.0810661688721199	0.764684666601112	65
-0.10489746152935	1.19431001857182	309
-0.04827108630004	0.44343860950155	3204
-0.0827708366515001	0.773400670623549	1651
0.0638474498478101	1.00767428003693	152
-0.0901104327584099	0.791356332498899	184
-0.08484563549255	0.778771858376252	21
-0.0932258425807999	0.738765270018842	183
0.06458864031757	0.999039175542301	432
0.0638474498478101	1.00767428003693	309
0.0595625491134699	0.982988409329215	13
-0.04827108630004	0.44343860950155	3207
-0.0522405783423101	0.435169887808059	5238
-0.09814420377504	1.20677997698229	21
-0.10931269757052	1.15681991822247	65
0.0989683742736201	2.18480452965576	5893
0.06458864031757	0.999039175542301	13
-0.08692307825654	0.744449964924098	184
-0.04827108630004	0.44343860950155	327
-0.0522405783423101	0.435169887808059	21
-0.08595316391303	0.786691282455354	2897
0.05909205979828	0.989770385521634	698
-0.0974508207378399	1.19356395851803	804
-0.0988378297315899	1.21225136128457	65
-0.04827108630004	0.44343860950155	3207
-0.0890728329627	0.787375095703056	36
-0.08484563549255	0.778771858376252	235
0.08833743613477	1.62403859513292	65
0.06236426102241	1.00493833701369	152
-0.09529891846709	0.754403060324179	21
0.0568757315997099	0.986056836362405	5464
-0.0810661688721199	0.764684666601112	55
0.0562690745243299	0.982398112513424	65
0.0886092464394801	1.73126164759495	309
-0.08313814614644	0.753544935636222	204
-0.04885352006505	0.441851175328772	183
-0.04827108630004	0.44343860950155	494
0.0600644456755399	1.02543325878458	4182
-0.04827108630004	0.44343860950155	23
-0.04827108630004	0.44343860950155	207
-0.0992199501609901	1.60568898628856	13
-0.08210182855653	0.763102436083189	387
-0.09315863125403	0.748298153660836	505
-0.04885352006505	0.441851175328772	633
-0.08380790599731	0.7804545457661	1768
-0.0827708366515001	0.773400670623549	183
-0.0900458450733399	0.776729715601015	6104
-0.04885352006505	0.441851175328772	520
-0.0890081245397201	0.78336625832403	1134
-0.04827108630004	0.44343860950155	1134
-0.00532260174702004	1.88780351233453	1134
-0.04885352006505	0.441851175328772	103
-0.04827108630004	0.44343860950155	190
-0.10489746152935	1.19431001857182	55
-0.04827108630004	0.44343860950155	698
0.0628704079740701	0.973406537720501	65
0.0548016885161	0.997679123029343	65
0.0613852964369099	0.970953327287667	65
-0.10810344809298	1.12518704873613	554
-0.09857824196487	1.15427717706514	2065
-0.0838772984565199	0.781204714068644	207
0.0616222622873701	0.993757532581764	38
0.06064233476837	0.960726349491262	103
0.09021317929308	1.72635740422445	681
-0.0890081245397201	0.78336625832403	1178
-0.04827108630004	0.44343860950155	494
0.00629392899828996	1.42556923413824	65
-0.08595316391303	0.786691282455354	516
-0.0890081245397201	0.78336625832403	309
-0.04885352006505	0.441851175328772	5485
-0.0522405783423101	0.435169887808059	5485
-0.08595316391303	0.786691282455354	38
0.0524723464971599	0.913303430510018	103
-0.08484563549255	0.778771858376252	103
-0.0890081245397201	0.78336625832403	36
0.0616222622873701	0.993757532581764	190
-0.08484563549255	0.778771858376252	2685
-0.04885352006505	0.441851175328772	21
-0.10256354163673	1.24329327350862	23
0.0163958627918499	1.33788724053017	23
0.00977006817261006	1.45920168782969	23
0.0596656499172601	0.953037409553694	65
-0.09605016046882	1.68799197097952	65
-0.10135731266299	1.67525231043851	554
0.00999043595567994	1.38660326195591	1
-0.0827708366515001	0.773400670623549	309
-0.00560611938352995	1.73611453301418	2065
0.0670127354424499	0.96637146391094	2793
-0.10325463676006	1.2457739210264	38
0.0631059901459701	1.0095074686688	1943
-0.0869920889684	0.776375821449157	103
0.0610359533839899	0.978388462195657	36
-0.0901104327584099	0.791356332498899	184
-0.0901104327584099	0.791356332498899	21
0.01761698885383	1.42462239304146	443
-0.09633643185862	0.736803548695673	162
0.05723587647784	0.940156331905564	447
-0.0901104327584099	0.791356332498899	447
0.00232360457008007	1.91191242225613	1
0.00417213845904008	1.3356604453767	554
-0.10730579384959	1.10907813801582	656
0.0179356971062601	1.41632066020827	36
-0.0869920889684	0.776375821449157	633
-0.08484563549255	0.778771858376252	36
-0.04827108630004	0.44343860950155	184
-0.0828403563917699	0.757627284997358	1661
0.0915539927754001	1.61576783649568	65
-0.0800311662681701	0.757951556350574	65
0.0588254511820101	0.974809644847702	554
-0.10299500527829	1.18049796415964	103
0.05909205979828	0.989770385521634	103
-0.10049169532988	1.16540398067107	1633
-0.04827108630004	0.44343860950155	1633
0.0588254511820101	0.974809644847702	65
-0.04827108630004	0.44343860950155	190
-0.04885352006505	0.441851175328772	21
-0.0991369444979999	1.18909839352321	1178
0.0510135026709599	0.946473336893556	23
0.0624930913102899	0.988536633156715	23
0.0533332612825701	0.977832853396208	4905
-0.04827108630004	0.44343860950155	729
-0.10219128322993	1.15119610045743	698
0.05255759365088	2.11351565259878	23
-0.10022581105585	1.20189998022672	520
0.0893425785003099	1.5981795292063	207
0.00687920749375004	1.41829777110735	38
0.0672510970265901	0.96586204658775	38
-0.0987101523492599	1.17919374894645	13
0.06236426102241	1.00493833701369	103
-0.04827108630004	0.44343860950155	5201
0.05785102906646	1.02128267566776	65
0.05761477364182	0.994469561014255	554
-0.0849149006866201	0.788425903741666	1
-0.08595316391303	0.786691282455354	1069
-0.0890728329627	0.787375095703056	1069
-0.10325463676006	1.2457739210264	38
0.06175897496178	0.987295044143631	4905
-0.10050105729662	0.701016569238295	633
-0.0849149006866201	0.788425903741666	378
-0.0901104327584099	0.791356332498899	3480
0.0624930913102899	0.988536633156715	190
-0.04827108630004	0.44343860950155	21
-0.0869346608905801	0.758350728750372	3008
-0.0949088467157599	1.67531271323066	344
0.0602993831198899	0.984213343761052	554
-0.0932258425807999	0.738765270018842	1
-0.08466663464612	2.06250179844537	1413
-0.04827108630004	0.44343860950155	1069
-0.04827108630004	0.44343860950155	1069
-0.0911486928254901	0.784544520381457	1069
-0.08595316391303	0.786691282455354	633
-0.0827708366515001	0.773400670623549	378
-0.04885352006505	0.441851175328772	378
-0.09315863125403	0.748298153660836	378
-0.09719223863375	1.15079919409364	1178
-0.10291410889946	1.64236939338562	6476
-0.09218761399412	0.761626583164849	204
-0.09218761399412	0.761626583164849	2017
0.0561364233344399	0.969427187277191	5370
-0.0883130898485001	0.739854527659786	990
-0.10325463676006	1.2457739210264	990
0.08302441423865	1.71798856321242	1413
-0.08595316391303	0.786691282455354	103
0.0600644456755399	1.02543325878458	204
0.06236426102241	1.00493833701369	633
-0.04885352006505	0.441851175328772	5370
0.08195361898904	1.70453714373189	1852
-0.07899681992129	0.735991065532042	616
-0.0858840259682101	0.768715625222587	36
-0.08797106342136	0.779473339641524	36
-0.08380790599731	0.7804545457661	2687
-0.0522405783423101	0.435169887808059	54
-0.04827108630004	0.44343860950155	55
-0.10393374336324	1.65300293722779	443
-0.0061795381524401	1.92469262718108	443
0.02051517425091	1.42555769474269	23
-0.10356078923929	1.15676731783728	65
-0.08595316391303	0.786691282455354	554
-0.10091092142939	1.64302780106031	207
0.0433132752885199	2.42267928209212	207
-0.0849149006866201	0.788425903741666	38
0.0629224300746401	2.05073379662007	13
-0.0827708366515001	0.773400670623549	3936
-0.0522405783423101	0.435169887808059	378
-0.04827108630004	0.44343860950155	54
-0.0901104327584099	0.791356332498899	54
-0.08797106342136	0.779473339641524	54
-0.08484563549255	0.778771858376252	21
-0.04885352006505	0.441851175328772	21
-0.0827708366515001	0.773400670623549	1002
-0.0984494555853901	1.18682979431634	1002
-0.0838772984565199	0.781204714068644	443
-0.08595316391303	0.786691282455354	443
-0.04827108630004	0.44343860950155	843
-0.04827108630004	0.44343860950155	896
-0.0901104327584099	0.791356332498899	896
-0.04885352006505	0.441851175328772	896
-0.0838772984565199	0.781204714068644	554
-0.0849149006866201	0.788425903741666	554
-0.0901104327584099	0.791356332498899	207
-0.0849149006866201	0.788425903741666	38
-0.04885352006505	0.441851175328772	36
-0.04827108630004	0.44343860950155	71
-0.08380790599731	0.7804545457661	54
-0.04827108630004	0.44343860950155	54
-0.04885352006505	0.441851175328772	1274
-0.0522405783423101	0.435169887808059	1274
-0.0522405783423101	0.435169887808059	729
-0.04827108630004	0.44343860950155	1867
-0.04885352006505	0.441851175328772	1867
-0.04827108630004	0.44343860950155	55
-0.04827108630004	0.44343860950155	55
-0.10655608093672	1.14396968828231	1002
-0.04827108630004	0.44343860950155	4798
-0.09039073975844	0.734046220944365	1
-0.08484563549255	0.778771858376252	896
-0.04885352006505	0.441851175328772	1
-0.0956685721511501	1.16127092582934	309
-0.10905268085341	1.1773661565235	207
-0.0860838070917101	2.14742174907374	13
-0.04827108630004	0.44343860950155	352
-0.08380790599731	0.7804545457661	1728
-0.04827108630004	0.44343860950155	3760
-0.04827108630004	0.44343860950155	3760
-0.04827108630004	0.44343860950155	71
-0.04827108630004	0.44343860950155	71
-0.04885352006505	0.441851175328772	54
0.0628704079740701	0.973406537720501	54
-0.04885352006505	0.441851175328772	21
-0.04827108630004	0.44343860950155	1274
-0.0522405783423101	0.435169887808059	3436
-0.04827108630004	0.44343860950155	21
0.00179887486829	1.92667400722192	443
0.06396054154419	0.968299974266373	1667
-0.0978851191363801	1.15570981892753	4798
-0.0890081245397201	0.78336625832403	65
0.0851022881138399	1.66820940271889	990
0.00298681473341	1.86033510040967	4567
-0.08595316391303	0.786691282455354	1728
-0.04827108630004	0.44343860950155	3436
-0.04885352006505	0.441851175328772	3436
-0.04827108630004	0.44343860950155	729
-0.08595316391303	0.786691282455354	55
-0.0956617992168301	2.01423856636698	430
-0.04885352006505	0.441851175328772	1609
-0.04827108630004	0.44343860950155	344
-0.09529891846709	0.754403060324179	65
-0.0828403563917699	0.757627284997358	65
0.0621421894233301	0.893839486686989	65
-0.09039073975844	0.734046220944365	3226
-0.10489746152935	1.19431001857182	38
-0.0911486928254901	0.784544520381457	2477
-0.04827108630004	0.44343860950155	103
-0.04827108630004	0.44343860950155	103
-0.04827108630004	0.44343860950155	2108
-0.0522405783423101	0.435169887808059	2108
-0.04885352006505	0.441851175328772	2357
-0.04827108630004	0.44343860950155	2357
-0.04885352006505	0.441851175328772	283
-0.04827108630004	0.44343860950155	3235
-0.04885352006505	0.441851175328772	2409
-0.0522405783423101	0.435169887808059	3936
-0.04827108630004	0.44343860950155	2317
-0.04885352006505	0.441851175328772	378
-0.0181603687707701	2.16472745950888	54
-0.0090184473152799	1.8960504883037	54
-0.04827108630004	0.44343860950155	1718
-0.04885352006505	0.441851175328772	3436
0.0653295617446701	0.982158599630518	443
-0.04827108630004	0.44343860950155	344
-0.04885352006505	0.441851175328772	896
-0.04827108630004	0.44343860950155	3226
-0.04827108630004	0.44343860950155	3226
-0.0954068819806699	1.15721896363153	5810
0.05723587647784	0.940156331905564	207
-0.0522405783423101	0.435169887808059	103
-0.0522405783423101	0.435169887808059	2108
-0.04885352006505	0.441851175328772	2108
-0.04885352006505	0.441851175328772	287
-0.0522405783423101	0.435169887808059	3936
-0.04885352006505	0.441851175328772	71
-0.0522405783423101	0.435169887808059	71
-0.04885352006505	0.441851175328772	54
-0.0522405783423101	0.435169887808059	21
-0.04827108630004	0.44343860950155	1274
-0.04827108630004	0.44343860950155	5436
-0.04885352006505	0.441851175328772	2264
-0.0966293280424899	0.683262658328873	896
-0.04827108630004	0.44343860950155	554
-0.0827708366515001	0.773400670623549	554
-0.04827108630004	0.44343860950155	3226
-0.08484563549255	0.778771858376252	13
-0.10438163417759	1.5819530379706	103
-0.04827108630004	0.44343860950155	2108
-0.04885352006505	0.441851175328772	283
-0.04827108630004	0.44343860950155	283
-0.04827108630004	0.44343860950155	283
-0.04827108630004	0.44343860950155	283
-0.04827108630004	0.44343860950155	633
-0.04885352006505	0.441851175328772	3936
-0.04885352006505	0.441851175328772	71
-0.04885352006505	0.441851175328772	71
-0.04885352006505	0.441851175328772	71
-0.0890081245397201	0.78336625832403	54
-0.04885352006505	0.441851175328772	54
-0.0522405783423101	0.435169887808059	54
-0.04827108630004	0.44343860950155	3128
-0.04827108630004	0.44343860950155	1010
-0.04827108630004	0.44343860950155	2495
0.0813194583882899	1.58732923898834	443
0.05723845637577	0.953025165541693	1
0.0551877721062699	0.9096707548776	990
-0.04827108630004	0.44343860950155	2108
-0.0890728329627	0.787375095703056	283
-0.0911486928254901	0.784544520381457	71
-0.04885352006505	0.441851175328772	3128
-0.04885352006505	0.441851175328772	3127
-0.10313668526085	1.15370695113172	6255
-0.04885352006505	0.441851175328772	21
-0.10629815323358	1.20320284346454	2742
0.05909205979828	0.989770385521634	23
-0.01807688980268	1.78555089191483	13
0.0616222622873701	0.993757532581764	13
-0.10394597199314	1.23979348446652	1205
-0.0901104327584099	0.791356332498899	71
-0.08595316391303	0.786691282455354	71
-0.10051263198923	1.17062167542026	2775
-0.08595316391303	0.786691282455354	2495
-0.0827708366515001	0.773400670623549	6255
-0.04827108630004	0.44343860950155	21
0.0672510970265901	0.96586204658775	21
-0.0988378297315899	1.21225136128457	23
-0.0970751866481401	1.15650228970347	344
-0.00875462195568999	1.8442128905702	896
-0.00260613238273	1.75296559903006	4907
0.0880273883801199	1.71083730569157	13
0.0655638591494401	0.954603570757834	762
0.09363823382691	2.21085533506035	103
0.01703209577036	1.42279497783997	287
-0.0964929264663299	1.69748072346587	283
-0.0890081245397201	0.78336625832403	71
0.0553013784468801	0.950421720601817	21
-0.0911486928254901	0.784544520381457	2495
-0.10862318677897	1.16658730251737	447
-0.0890728329627	0.787375095703056	23
0.0605682832855901	0.943779969946227	896
-0.09979105325238	1.16899437363009	4907
0.0827334453998601	1.71738028401466	65
-0.0880358926090401	0.765742619743892	990
-0.04885352006505	0.441851175328772	990
0.0833377791251	1.64479466533173	2949
-0.0872774251891899	0.761151259714728	103
-0.08484563549255	0.778771858376252	287
-0.09212305135077	0.732040495943664	71
-0.0890081245397201	0.78336625832403	929
-0.04827108630004	0.44343860950155	3637
-0.08484563549255	0.778771858376252	1207
-0.07866063095914	2.04653375665022	638
-0.04827108630004	0.44343860950155	990
-0.10161408139968	1.18351649692405	762
0.0530969711915801	0.959606159286754	103
-0.04885352006505	0.441851175328772	103
-0.0838772984565199	0.781204714068644	71
-0.0849149006866201	0.788425903741666	162
-0.0823095276182599	2.41304154018187	1
-0.0991369444979999	1.18909839352321	990
0.0822813396467399	1.58738520297069	990
-0.08484563549255	0.778771858376252	13
0.0909507056686101	1.62385353464295	762
0.01391333221534	1.45181040184685	13
0.0648236293879301	0.962349349234674	103
-0.0890081245397201	0.78336625832403	71
-0.08380790599731	0.7804545457661	1585
-0.04827108630004	0.44343860950155	4977
-0.0522405783423101	0.435169887808059	4033
-0.01766729069546	2.24200047377428	1
-0.04885352006505	0.441851175328772	287
0.0517430621581401	0.938196906647617	616
0.0631059901459701	1.0095074686688	283
-0.0849149006866201	0.788425903741666	1359
-0.04827108630004	0.44343860950155	4033
-0.04827108630004	0.44343860950155	23
0.0670127354424499	0.96637146391094	6312
-0.0849149006866201	0.788425903741666	207
-0.08484563549255	0.778771858376252	1031
-0.04885352006505	0.441851175328772	10
0.0530969711915801	0.959606159286754	10
-0.09039073975844	0.734046220944365	4033
-0.0976167054063099	1.62792327026347	2404
-0.0923264686529901	1.62753543312029	638
-0.04885352006505	0.441851175328772	1083
-0.08484563549255	0.778771858376252	287
0.05858909952275	1.03051357361031	283
0.0670127354424499	0.96637146391094	21
-0.04885352006505	0.441851175328772	125
0.0634645636087701	0.98626178495678	65
-0.10905268085341	1.1773661565235	990
-0.04885352006505	0.441851175328772	1083
-0.09212305135077	0.732040495943664	71
-0.0872774251891899	0.761151259714728	21
-0.0522405783423101	0.435169887808059	741
-0.04827108630004	0.44343860950155	23
-0.04827108630004	0.44343860950155	207
-0.0169968693576901	2.23788228849326	207
-0.09719223863375	1.15079919409364	4254
-0.11307449496058	1.01364142519324	287
0.0548016885161	0.997679123029343	10
-0.04827108630004	0.44343860950155	741
0.08450710806247	1.60320209514159	23
-0.04827108630004	0.44343860950155	23
0.0115742663893199	1.44414160522991	318
-0.04827108630004	0.44343860950155	4431
0.0869598754113401	1.73266135548974	13
-0.08595316391303	0.786691282455354	287
0.0631059901459701	1.0095074686688	287
-0.07899681992129	0.735991065532042	1031
-0.0911486928254901	0.784544520381457	21
0.0600644456755399	1.02543325878458	3173
-0.08484563549255	0.778771858376252	336
-0.04885352006505	0.441851175328772	397
0.0877569623168499	1.68413519059796	23
0.0867346661394599	1.54477059697711	344
-0.10135731266299	1.67525231043851	1
-0.0522405783423101	0.435169887808059	207
-0.08380790599731	0.7804545457661	207
-0.04827108630004	0.44343860950155	207
0.0159707894380801	1.36848714434802	10
-0.0852080401731401	0.763725541227743	21
-0.10213055347441	1.16664164474289	367
0.0627314227454801	0.985029246411559	3173
-0.04827108630004	0.44343860950155	21
-0.0901104327584099	0.791356332498899	336
-0.0911486928254901	0.784544520381457	125
-0.04827108630004	0.44343860950155	397
0.0621279874417999	0.975112374634473	430
-0.0871159325439901	1.48169331694998	318
-0.04827108630004	0.44343860950155	207
-0.0978851191363801	1.15570981892753	439
-0.08380790599731	0.7804545457661	2949
-0.09402652914389	1.15370170655213	287
-0.09814420377504	1.20677997698229	2365
0.00859789919507992	1.47293225747098	21
-0.10394597199314	1.23979348446652	21
-0.04885352006505	0.441851175328772	125
-0.08803167668661	0.75151882200375	96
-0.04885352006505	0.441851175328772	207
-0.0910842258507101	0.754363823254168	1161
-0.0838772984565199	0.781204714068644	1161
-0.04885352006505	0.441851175328772	207
0.0834976576372	1.68638254192777	103
0.0130673877824401	1.48129520525844	287
0.0207751006404699	1.34987023800564	283
-0.08380790599731	0.7804545457661	6257
-0.04827108630004	0.44343860950155	23
0.0610359533839899	0.978388462195657	46
0.05723845637577	0.953025165541693	65
-0.0890728329627	0.787375095703056	263
0.00119382276353996	1.83993855051711	656
-0.04885352006505	0.441851175328772	13
-0.04885352006505	0.441851175328772	287
-0.0858840259682101	0.768715625222587	3980
0.0600644456755399	1.02543325878458	6257
0.0679879404694199	0.964171134767298	6257
-0.04827108630004	0.44343860950155	125
-0.08595316391303	0.786691282455354	5650
-0.04827108630004	0.44343860950155	3387
0.0510135026709599	0.946473336893556	287
-0.0910842258507101	0.754363823254168	287
-0.04827108630004	0.44343860950155	10
-0.0869346608905801	0.758350728750372	46
-0.08624240889866	0.767448290571994	430
0.0827334453998601	1.71738028401466	42
0.12399813532416	1.21046822124223	318
-0.09609741780921	1.14944342936559	1
0.06458864031757	0.999039175542301	1
0.00206738622032998	1.76749126839336	207
0.09086462140133	2.22497135045631	4226
0.0677502792650699	0.958525003919999	207
-0.0838772984565199	0.781204714068644	287
-0.00789913720579993	1.87177825132912	287
-0.0922337450960999	1.07768517053771	287
0.0663038209164699	0.939470667153438	21
0.0613852964369099	0.970953327287667	21
0.0662749262808899	0.968066962569099	3388
-0.0849149006866201	0.788425903741666	263
-0.0901104327584099	0.791356332498899	207
-0.04827108630004	0.44343860950155	13
-0.0849149006866201	0.788425903741666	13
-0.0838772984565199	0.781204714068644	103
-0.10299500527829	1.18049796415964	103
0.0673635731294799	0.914277031363108	125
-0.08380790599731	0.7804545457661	125
-0.04885352006505	0.441851175328772	397
0.0169527095525299	1.4250268750025	430
-0.08380790599731	0.7804545457661	4226
0.000748960899310092	1.92964318571477	13
0.0495535574461601	0.935404090658032	103
0.0679879404694199	0.964171134767298	10
-0.04885352006505	0.441851175328772	21
-0.0911486928254901	0.784544520381457	21
-0.0838772984565199	0.781204714068644	125
-0.01647892956979	2.28361748603207	1487
-0.09426205564365	0.755389897988905	207
-0.04827108630004	0.44343860950155	287
-0.0900458450733399	0.776729715601015	287
-0.09426205564365	0.755389897988905	109
-0.04827108630004	0.44343860950155	5917
-0.0949777671138801	1.15629050868591	3010
-0.10437688718697	1.14519133496367	207
-0.0838772984565199	0.781204714068644	207
-0.08803167668661	0.75151882200375	3576
-0.04827108630004	0.44343860950155	774
-0.04885352006505	0.441851175328772	6257
-0.04827108630004	0.44343860950155	5690
-0.04885352006505	0.441851175328772	21
-0.04827108630004	0.44343860950155	21
-0.0932258425807999	0.738765270018842	5917
-0.04885352006505	0.441851175328772	6198
-0.0890728329627	0.787375095703056	82
-0.04827108630004	0.44343860950155	82
-0.0834069816885601	2.12608832348017	443
0.07042375841008	0.901831623668204	430
-0.0838772984565199	0.781204714068644	1
-0.09635961744597	1.15981734679928	1487
0.0602993831198899	0.984213343761052	1487
-0.08210182855653	0.763102436083189	1487
0.0943536832067899	2.2253430060356	207
-0.08797106342136	0.779473339641524	103
-0.04885352006505	0.441851175328772	103
-0.08484563549255	0.778771858376252	103
-0.0849149006866201	0.788425903741666	287
-0.04827108630004	0.44343860950155	287
0.0633423651286	0.959984157891877	1358
-0.04827108630004	0.44343860950155	774
-0.04827108630004	0.44343860950155	1563
-0.0849149006866201	0.788425903741666	782
-0.04885352006505	0.441851175328772	2481
-0.04885352006505	0.441851175328772	782
-0.0522405783423101	0.435169887808059	82
0.0648236293879301	0.962349349234674	207
-0.09359687717188	1.12366902088982	207
-0.0827708366515001	0.773400670623549	287
-0.04827108630004	0.44343860950155	287
0.07769814339769	1.64851811591196	2220
-0.04885352006505	0.441851175328772	782
-0.04827108630004	0.44343860950155	367
-0.04885352006505	0.441851175328772	4990
-0.04885352006505	0.441851175328772	4990
-0.0522405783423101	0.435169887808059	82
0.06577661653701	0.951760463443954	443
0.05785102906646	1.02128267566776	430
-0.04885352006505	0.441851175328772	1
0.05761477364182	0.994469561014255	3010
-0.0911486928254901	0.784544520381457	3010
-0.04885352006505	0.441851175328772	1782
0.0502836678343399	0.945503808928444	207
0.0550373478223001	0.949145467710298	287
-0.04827108630004	0.44343860950155	1468
-0.04827108630004	0.44343860950155	1468
-0.04827108630004	0.44343860950155	1468
-0.04885352006505	0.441851175328772	1290
-0.04827108630004	0.44343860950155	782
-0.04885352006505	0.441851175328772	4990
-0.04885352006505	0.441851175328772	743
-0.04827108630004	0.44343860950155	1557
-0.0890728329627	0.787375095703056	1
-0.10325463676006	1.2457739210264	207
-0.08380790599731	0.7804545457661	103
-0.04827108630004	0.44343860950155	2934
-0.0869920889684	0.776375821449157	3811
-0.0522405783423101	0.435169887808059	109
-0.04827108630004	0.44343860950155	1468
-0.04885352006505	0.441851175328772	1468
-0.04827108630004	0.44343860950155	6412
-0.04885352006505	0.441851175328772	6412
-0.04885352006505	0.441851175328772	2091
-0.04827108630004	0.44343860950155	21
-0.0522405783423101	0.435169887808059	336
-0.04885352006505	0.441851175328772	82
0.0542137948709001	0.91154403126112	443
-0.04827108630004	0.44343860950155	430
-0.0849149006866201	0.788425903741666	738
-0.04827108630004	0.44343860950155	1487
-0.0838772984565199	0.781204714068644	156
0.0670127354424499	0.96637146391094	156
-0.04885352006505	0.441851175328772	1782
-0.08380790599731	0.7804545457661	207
-0.0522405783423101	0.435169887808059	103
-0.04885352006505	0.441851175328772	666
-0.0522405783423101	0.435169887808059	2362
-0.04827108630004	0.44343860950155	26
-0.09678819345706	1.13492265533998	26
-0.04827108630004	0.44343860950155	370
-0.04827108630004	0.44343860950155	782
-0.04885352006505	0.441851175328772	2091
0.05079287130572	2.08584111286321	397
-0.09953169877072	1.21059553963476	3010
-0.0869346608905801	0.758350728750372	109
-0.04885352006505	0.441851175328772	109
-0.0880358926090401	0.765742619743892	370
-0.04885352006505	0.441851175328772	370
-0.04885352006505	0.441851175328772	782
-0.04827108630004	0.44343860950155	21
-0.0872774251891899	0.761151259714728	21
-0.0849149006866201	0.788425903741666	336
-0.10325463676006	1.2457739210264	657
-0.0890728329627	0.787375095703056	13
0.0876022896653801	1.66649526258348	899
-0.08595316391303	0.786691282455354	2388
-0.04885352006505	0.441851175328772	2362
0.063226946778	0.982632932651661	5
-0.08803167668661	0.75151882200375	109
-0.0838772984565199	0.781204714068644	21
-0.09218761399412	0.761626583164849	82
-0.10420537336923	1.19972693162192	738
-0.0890728329627	0.787375095703056	156
-0.04827108630004	0.44343860950155	2362
-0.0869920889684	0.776375821449157	4113
-0.00151425538592997	1.893916157642	443
-0.11515938356275	1.0930935242387	743
-0.0827708366515001	0.773400670623549	1
-0.04827108630004	0.44343860950155	2388
-0.0522405783423101	0.435169887808059	2362
-0.04827108630004	0.44343860950155	2362
-0.04827108630004	0.44343860950155	370
0.0634645636087701	0.98626178495678	397
0.0628704079740701	0.973406537720501	207
-0.10767494285572	1.20929553874536	207
-0.09953169877072	1.21059553963476	3961
0.01328149777691	1.39383293020724	899
0.0161755298374799	1.42112272749156	26
-0.04827108630004	0.44343860950155	397
0.10122073218405	2.19759151161056	1
0.0788289589403399	1.68513668202227	743
-0.00262148413908991	1.86722389692658	156
-0.000773987315920044	1.92799360656945	207
0.0752221896772001	1.56660842390134	207
-0.08313814614644	0.753544935636222	255
-0.08484563549255	0.778771858376252	899
-0.08692307825654	0.744449964924098	5
0.0134667901418699	1.47784784918228	1859
0.0581157282207101	1.90470600071985	757
0.0101328177228499	1.4293146854096	5
-0.09953169877072	1.21059553963476	370
-0.09840255547546	1.1518525900223	370
-0.09547941313901	1.6860777162649	370
0.0593269049977701	1.03193555535952	336
0.08876459623459	2.29722665248889	125
-0.0914061169743901	2.1082711471359	165
-0.0800311662681701	0.757951556350574	397
0.00246120108290993	1.84655677402113	594
0.08642588847752	1.73014729209951	156
-0.04827108630004	0.44343860950155	207
-0.0827708366515001	0.773400670623549	207
0.0602993831198899	0.984213343761052	207
-0.0886327087401799	2.11890700432468	899
0.0662749262808899	0.968066962569099	2220
-0.0858840259682101	0.768715625222587	336
-0.00684663856088008	1.91389970694845	430
-0.07972677363473	1.93312461463548	4409
-0.09953169877072	1.21059553963476	248
-0.0914245187592799	0.7331497456946	255
-0.04827108630004	0.44343860950155	26
0.0616222622873701	0.993757532581764	1054
-0.0992716072818001	1.14657353139823	2220
0.01662863754083	1.47927795041958	370
-0.08811639097081	2.14213352277735	443
0.0909507056686101	1.62385353464295	443
0.0901515975738501	1.72907350035261	430
0.05893681350854	0.955749618288176	1311
-0.09212305135077	0.732040495943664	103
0.0548016885161	0.997679123029343	5
-0.10489746152935	1.19431001857182	5
-0.10463754749605	1.22507038557656	443
-0.0838772984565199	0.781204714068644	88
-0.09343104472637	1.53239771493565	207
-0.04827108630004	0.44343860950155	370
-0.0827708366515001	0.773400670623549	4646
0.0595625491134699	0.982988409329215	82
-0.0934461646585101	1.68561312177079	1
-0.09979105325238	1.16899437363009	88
-0.10519358443375	1.14964779217734	207
0.0118941351356501	1.48533932564112	370
-0.0890728329627	0.787375095703056	3243
0.05785102906646	1.02128267566776	2253
-0.0900458450733399	0.776729715601015	2220
-0.0910842258507101	0.754363823254168	782
-0.0522405783423101	0.435169887808059	2043
-0.04827108630004	0.44343860950155	39
0.0978779255370501	1.56110991266384	1165
0.0113434335872999	1.42916500219649	640
-0.10187268646364	1.23185091532256	88
-0.08380790599731	0.7804545457661	207
-0.0910842258507101	0.754363823254168	623
-0.04827108630004	0.44343860950155	13
0.0901515975738501	1.72907350035261	3031
-0.04827108630004	0.44343860950155	6341
-0.08797106342136	0.779473339641524	917
-0.09979105325238	1.16899437363009	82
-0.0869920889684	0.776375821449157	766
-0.04827108630004	0.44343860950155	2043
0.05553551158425	0.994717052396487	165
-0.09218761399412	0.761626583164849	3557
0.05796881150287	0.95785402470536	738
-0.0911486928254901	0.784544520381457	738
-0.0838772984565199	0.781204714068644	353
-0.04827108630004	0.44343860950155	4558
-0.04827108630004	0.44343860950155	538
-0.08595316391303	0.786691282455354	538
0.00142444150087995	1.38407535573014	899
-0.04885352006505	0.441851175328772	3031
-0.0827708366515001	0.773400670623549	103
-0.0838772984565199	0.781204714068644	3305
-0.09706398816717	1.6994164007179	917
-0.0828403563917699	0.757627284997358	782
0.0144700431992699	1.42268141743326	782
-0.0827112113772199	2.42105092941263	443
-0.04827108630004	0.44343860950155	2043
-0.04885352006505	0.441851175328772	165
-0.04827108630004	0.44343860950155	1
-0.0800311662681701	0.757951556350574	207
0.10691276265636	2.20647559441857	623
-0.08595316391303	0.786691282455354	899
-0.08624240889866	0.767448290571994	899
0.05893681350854	0.955749618288176	5
-0.04827108630004	0.44343860950155	3305
-0.0890728329627	0.787375095703056	452
-0.09706398816717	1.6994164007179	782
0.05785102906646	1.02128267566776	782
-0.10558979072158	1.18091377581633	125
-0.04827108630004	0.44343860950155	3557
-0.04827108630004	0.44343860950155	397
-0.0911486928254901	0.784544520381457	594
-0.04827108630004	0.44343860950155	564
0.01460411240917	1.41780639462754	156
-0.04885352006505	0.441851175328772	3287
0.0548016885161	0.997679123029343	88
-0.04827108630004	0.44343860950155	88
0.0608017217400001	1.00960425807767	353
-0.0980223816850201	1.15908146105832	13
-0.0849149006866201	0.788425903741666	538
-0.09426205564365	0.755389897988905	5
0.08567932862578	1.70850395266949	3305
-0.08484563549255	0.778771858376252	3305
0.088137375516	1.6725055854939	336
-0.10356078923929	1.15676731783728	82
-0.04885352006505	0.441851175328772	125
-0.0522405783423101	0.435169887808059	1978
-0.04885352006505	0.441851175328772	3557
-0.04827108630004	0.44343860950155	1
-0.04885352006505	0.441851175328772	353
-0.08595316391303	0.786691282455354	39
-0.08595316391303	0.786691282455354	207
-0.0838772984565199	0.781204714068644	899
-0.0869346608905801	0.758350728750372	3417
-0.0890728329627	0.787375095703056	3244
-0.04827108630004	0.44343860950155	1357
-0.04827108630004	0.44343860950155	594
-0.09953169877072	1.21059553963476	1
-0.0838772984565199	0.781204714068644	1712
-0.04827108630004	0.44343860950155	156
-0.04885352006505	0.441851175328772	2592
-0.04827108630004	0.44343860950155	353
-0.04827108630004	0.44343860950155	538
-0.0914245187592799	0.7331497456946	899
-0.0131835497424	1.83927104135479	899
0.0602993831198899	0.984213343761052	899
0.00958647657695	1.4636365303201	103
-0.0988378297315899	1.21225136128457	103
-0.09953169877072	1.21059553963476	26
-0.04885352006505	0.441851175328772	2579
-0.10420537336923	1.19972693162192	5
-0.04827108630004	0.44343860950155	452
-0.11072709534969	1.15267035831068	1098
-0.04885352006505	0.441851175328772	4793
-0.04827108630004	0.44343860950155	125
-0.09426205564365	0.755389897988905	3244
-0.08380790599731	0.7804545457661	1357
-0.08380790599731	0.7804545457661	1712
-0.0522405783423101	0.435169887808059	353
-0.0900458450733399	0.776729715601015	26
-0.04885352006505	0.441851175328772	891
-0.10256354163673	1.24329327350862	82
0.0844715418145301	1.57718068347544	165
-0.0522405783423101	0.435169887808059	165
-0.0849149006866201	0.788425903741666	1
-0.04885352006505	0.441851175328772	353
-0.08595316391303	0.786691282455354	353
-0.09635961744597	1.15981734679928	103
-0.04885352006505	0.441851175328772	891
-0.0890081245397201	0.78336625832403	891
-0.09605016046882	1.68799197097952	336
0.0670127354424499	0.96637146391094	82
-0.0522405783423101	0.435169887808059	125
-0.0838772984565199	0.781204714068644	1479
-0.04885352006505	0.441851175328772	1766
-0.08210182855653	0.763102436083189	1712
0.0653295617446701	0.982158599630518	180
-0.04885352006505	0.441851175328772	415
-0.08595316391303	0.786691282455354	891
-0.08595316391303	0.786691282455354	133
-0.07899681992129	0.735991065532042	1766
-0.0956685721511501	1.16127092582934	1165
-0.04885352006505	0.441851175328772	1714
-0.04827108630004	0.44343860950155	1714
-0.08380790599731	0.7804545457661	471
-0.04885352006505	0.441851175328772	2498
-0.0890081245397201	0.78336625832403	216
-0.00789913720579993	1.87177825132912	13
-0.0917554319393299	1.6223325733761	216
-0.09982466991395	1.18378586987317	216
0.01676244426482	1.42628876450591	757
-0.04827108630004	0.44343860950155	103
-0.08210182855653	0.763102436083189	1098
-0.00151425538592997	1.893916157642	156
-0.04885352006505	0.441851175328772	3885
0.05785102906646	1.02128267566776	103
-0.04827108630004	0.44343860950155	103
-0.0911486928254901	0.784544520381457	1098
-0.0810661688721199	0.764684666601112	2130
-0.0522405783423101	0.435169887808059	165
-0.04885352006505	0.441851175328772	116
-0.04885352006505	0.441851175328772	116
-0.08797106342136	0.779473339641524	116
-0.0522405783423101	0.435169887808059	1712
-0.04827108630004	0.44343860950155	1714
-0.0869346608905801	0.758350728750372	1714
-0.04827108630004	0.44343860950155	3885
-0.04827108630004	0.44343860950155	2784
-0.09979105325238	1.16899437363009	878
-0.09315863125403	0.748298153660836	757
-0.08484563549255	0.778771858376252	1098
0.01463899252159	1.45736020797204	82
-0.00801916980950002	1.86366854103346	39
-0.04885352006505	0.441851175328772	116
0.08728635832951	1.70374014305959	216
-0.10558979072158	1.18091377581633	216
-0.0522405783423101	0.435169887808059	2784
-0.04885352006505	0.441851175328772	26
-0.04827108630004	0.44343860950155	1098
-0.04827108630004	0.44343860950155	1479
-0.04885352006505	0.441851175328772	39
-0.04827108630004	0.44343860950155	69
-0.04885352006505	0.441851175328772	1970
0.05553551158425	0.994717052396487	116
-0.08417431820958	0.743590289338102	37
-0.04827108630004	0.44343860950155	1714
-0.0522405783423101	0.435169887808059	485
-0.10256354163673	1.24329327350862	757
-0.10836369322951	1.19858710203245	82
-0.09315863125403	0.748298153660836	39
-0.10489746152935	1.19431001857182	1759
-0.04827108630004	0.44343860950155	37
-0.00204002789877999	1.90828972742098	37
-0.04885352006505	0.441851175328772	1714
0.0718898426029999	0.893690436090054	82
0.0628704079740701	0.973406537720501	5094
-0.04827108630004	0.44343860950155	5094
-0.0522405783423101	0.435169887808059	596
-0.08797106342136	0.779473339641524	485
-0.04827108630004	0.44343860950155	485
0.01622673397946	1.42818207718667	216
-0.00347904443668989	1.95051793016733	216
-0.0838772984565199	0.781204714068644	3907
0.0914202739628101	1.54520326520675	5
0.0107201154733001	1.45674527348595	396
-0.0932258425807999	0.738765270018842	3501
-0.0986482112931	1.61971546413648	375
0.01058367655311	1.40144158475404	375
-0.08380790599731	0.7804545457661	3418
-0.04885352006505	0.441851175328772	336
-0.04827108630004	0.44343860950155	39
0.07835578952084	1.60460028369086	1
-0.0849149006866201	0.788425903741666	485
-0.04827108630004	0.44343860950155	3410
-0.09426205564365	0.755389897988905	757
-0.04827108630004	0.44343860950155	6642
-0.04827108630004	0.44343860950155	6642
-0.0838772984565199	0.781204714068644	39
0.05869891026333	0.955132872576523	116
-0.0890081245397201	0.78336625832403	116
-0.08313814614644	0.753544935636222	88
-0.04885352006505	0.441851175328772	2958
0.0600644456755399	1.02543325878458	485
0.0634645636087701	0.98626178495678	216
-0.09814420377504	1.20677997698229	375
-0.09390881591039	1.63586909637169	82
-0.04885352006505	0.441851175328772	116
-0.04827108630004	0.44343860950155	116
-0.0876951140290301	2.09889322706461	1284
-0.04885352006505	0.441851175328772	2958
-0.09529891846709	0.754403060324179	2958
-0.0858840259682101	0.768715625222587	485
-0.04827108630004	0.44343860950155	396
0.0593269049977701	1.03193555535952	375
-0.04827108630004	0.44343860950155	2467
-0.0522405783423101	0.435169887808059	2571
-0.10187268646364	1.23185091532256	1344
-0.09814420377504	1.20677997698229	1344
-0.0881364489225101	1.57135797369267	165
0.0138677429441201	1.40264400530842	165
-0.10698642957578	1.21087016999587	249
-0.04827108630004	0.44343860950155	88
-0.04827108630004	0.44343860950155	88
-0.08484563549255	0.778771858376252	2958
0.0627314227454801	0.985029246411559	1444
0.06458864031757	0.999039175542301	415
-0.04827108630004	0.44343860950155	3169
0.06064233476837	0.960726349491262	165
-0.04827108630004	0.44343860950155	165
-0.0522405783423101	0.435169887808059	165
0.0608401302319901	1.94767612555794	5524
-0.0890728329627	0.787375095703056	1
-0.0522405783423101	0.435169887808059	88
-0.08797106342136	0.779473339641524	1444
-0.08797106342136	0.779473339641524	485
-0.04827108630004	0.44343860950155	757
0.0628704079740701	0.973406537720501	26
-0.10836369322951	1.19858710203245	82
-0.0890081245397201	0.78336625832403	82
-0.04827108630004	0.44343860950155	39
-0.0810661688721199	0.764684666601112	39
-0.09315863125403	0.748298153660836	37
-0.0849149006866201	0.788425903741666	1
-0.04885352006505	0.441851175328772	624
-0.08595316391303	0.786691282455354	53
-0.09659818855811	1.68074554501104	872
-0.0911486928254901	0.784544520381457	2460
-0.04827108630004	0.44343860950155	5400
-0.09039073975844	0.734046220944365	3670
0.0966957770841299	2.26012624546667	1481
0.05785102906646	1.02128267566776	5524
-0.04885352006505	0.441851175328772	2616
-0.04827108630004	0.44343860950155	624
0.0500382882775201	0.917450905787493	757
0.0636125582246301	0.965466724593941	103
0.0613852964369099	0.970953327287667	103
-0.0988378297315899	1.21225136128457	26
-0.0952317381438601	0.730144248427333	1931
-0.04827108630004	0.44343860950155	2460
-0.08797106342136	0.779473339641524	2482
-0.0880358926090401	0.765742619743892	1
-0.10118207108117	1.20960248746016	13
-0.0974508207378399	1.19356395851803	710
-0.0838772984565199	0.781204714068644	1695
-0.07899681992129	0.735991065532042	757
-0.0910842258507101	0.754363823254168	26
0.0621279874417999	0.975112374634473	82
-0.0827708366515001	0.773400670623549	2460
-0.04827108630004	0.44343860950155	1065
0.05761477364182	0.994469561014255	39
0.0602993831198899	0.984213343761052	1
-0.11235771941361	1.1179049698771	485
-0.04827108630004	0.44343860950155	415
-0.04827108630004	0.44343860950155	586
-0.0858840259682101	0.768715625222587	3515
-0.0956057822855101	1.59531142011565	375
0.06236426102241	1.00493833701369	617
-0.0849149006866201	0.788425903741666	845
0.0643942473143	2.04863169247037	872
-0.09529891846709	0.754403060324179	1481
-0.04885352006505	0.441851175328772	3055
-0.0522405783423101	0.435169887808059	1462
0.0613852964369099	0.970953327287667	1316
-0.08803167668661	0.75151882200375	3786
-0.08797106342136	0.779473339641524	757
-0.04827108630004	0.44343860950155	3277
0.00900044278353995	1.45739104670741	165
-0.04827108630004	0.44343860950155	39
-0.04885352006505	0.441851175328772	2470
0.0771627347859401	1.61318830679261	78
0.0679879404694199	0.964171134767298	150
-0.04827108630004	0.44343860950155	1462
-0.04827108630004	0.44343860950155	586
-0.0901104327584099	0.791356332498899	26
-0.0890081245397201	0.78336625832403	37
-0.0890081245397201	0.78336625832403	3055
-0.04885352006505	0.441851175328772	1462
0.0117542660919401	1.42116600048548	13
-0.04827108630004	0.44343860950155	586
-0.0522405783423101	0.435169887808059	133
-0.04827108630004	0.44343860950155	165
0.0672510970265901	0.96586204658775	39
-0.04827108630004	0.44343860950155	2470
-0.04827108630004	0.44343860950155	3055
-0.0901104327584099	0.791356332498899	37
-0.04827108630004	0.44343860950155	586
-0.04827108630004	0.44343860950155	586
-0.04827108630004	0.44343860950155	3277
0.09048242996754	1.6461137869872	26
-0.04885352006505	0.441851175328772	26
-0.0890728329627	0.787375095703056	845
-0.09426205564365	0.755389897988905	53
-0.04827108630004	0.44343860950155	165
-0.04885352006505	0.441851175328772	39
0.01274417887471	1.46545713504978	37
-0.09982466991395	1.18378586987317	485
-0.09719223863375	1.15079919409364	4
-0.0956685721511501	1.16127092582934	26
0.00019990100604006	1.83008747825613	26
-0.0956685721511501	1.16127092582934	3156
-0.0901104327584099	0.791356332498899	82
-0.01064743821321	2.33524078195624	39
-0.04827108630004	0.44343860950155	1720
-0.04827108630004	0.44343860950155	1720
0.06408313144376	0.96402287461693	37
-0.0522405783423101	0.435169887808059	37
-0.0522405783423101	0.435169887808059	2165
-0.04827108630004	0.44343860950155	5488
-0.0827708366515001	0.773400670623549	39
-0.04885352006505	0.441851175328772	39
-0.04827108630004	0.44343860950155	2165
0.05858909952275	1.03051357361031	586
0.06175897496178	0.987295044143631	198
-0.08173442662581	0.750376196954039	1034
0.0653295617446701	0.982158599630518	903
-0.09814420377504	1.20677997698229	559
-0.04827108630004	0.44343860950155	1720
-0.09456366055498	0.683655098033191	1
0.10569965729708	2.25028441767671	37
-0.0849149006866201	0.788425903741666	13
0.0841372396140401	1.68504041415204	13
-0.0522405783423101	0.435169887808059	26
-0.08484563549255	0.778771858376252	507
0.0130673877824401	1.48129520525844	53
-0.08417431820958	0.743590289338102	5557
-0.0800311662681701	0.757951556350574	2833
0.0872215720293299	1.68563793272309	13
-0.08595316391303	0.786691282455354	399
-0.04827108630004	0.44343860950155	668
-0.04827108630004	0.44343860950155	1034
-0.10368582639932	1.16746404163834	53
-0.09719223863375	1.15079919409364	559
-0.0911486928254901	0.784544520381457	2782
-0.04827108630004	0.44343860950155	37
-0.10862318677897	1.16658730251737	37
-0.04885352006505	0.441851175328772	13
-0.0522405783423101	0.435169887808059	1901
0.0677502792650699	0.958525003919999	4
0.0663038209164699	0.939470667153438	163
0.0593269049977701	1.03193555535952	903
0.0542135170593401	1.89213913067719	37
-0.0159178624162299	1.72327956849856	37
-0.0901104327584099	0.791356332498899	37
-0.04885352006505	0.441851175328772	13
0.0677502792650699	0.958525003919999	544
-0.10978342978939	1.10316281937782	757
-0.0901104327584099	0.791356332498899	3609
-0.0825383085485401	2.40357380690886	781
0.01460411240917	1.41780639462754	26
-0.10008640469095	1.19181649971768	507
0.0631059901459701	1.0095074686688	2478
-0.04827108630004	0.44343860950155	2525
-0.04827108630004	0.44343860950155	37
0.01350872528545	1.38886724044	752
0.0147962149571801	1.37769368026342	26
0.0160434090691499	1.47723975144178	163
-0.0867337779597199	2.05068724463853	559
-0.0810661688721199	0.764684666601112	39
0.05909205979828	0.989770385521634	37
-0.0810661688721199	0.764684666601112	51
0.0633423651286	0.959984157891877	53
-0.0074278398265899	2.21488602316738	1
0.05723845637577	0.953025165541693	37
0.0531904055713801	2.03216523902414	13
-0.0902446148811	1.96254185980493	752
-0.04827108630004	0.44343860950155	6552
-0.0877321920944501	2.08704512456126	461
0.00200966869075003	1.38100567219976	37
0.00786945465220001	1.38448290235268	37
-0.10394597199314	1.23979348446652	13
-0.0966354041905599	1.52187793414024	399
0.0586982320615901	2.05112274084899	26
0.06458864031757	0.999039175542301	163
0.00728592304712006	1.35851860395814	37
-0.0987239306672101	1.5869035285019	399
0.05761477364182	0.994469561014255	399
-0.1004304813573	1.53919617013204	781
-0.08595316391303	0.786691282455354	1592
-0.10394597199314	1.23979348446652	53
0.0648236293879301	0.962349349234674	53
-0.0869920889684	0.776375821449157	53
0.06236426102241	1.00493833701369	53
0.05909205979828	0.989770385521634	561
-0.0948611172990901	2.41011577473214	1
0.0183584990555301	1.38050260813944	37
0.0610359533839899	0.978388462195657	37
-0.0890728329627	0.787375095703056	37
-0.0827708366515001	0.773400670623549	752
0.05869891026333	0.955132872576523	399
-0.0890728329627	0.787375095703056	399
0.05858909952275	1.03051357361031	163
-0.0890728329627	0.787375095703056	53
-0.0900458450733399	0.776729715601015	768
-0.0522405783423101	0.435169887808059	136
-0.0994647832649001	0.71199710291964	1535
-0.0988378297315899	1.21225136128457	399
-0.04885352006505	0.441851175328772	399
-0.00184656168796993	1.74966626144082	492
0.0638474498478101	1.00767428003693	53
-0.0270000663858301	2.11310961509764	78
-0.0890728329627	0.787375095703056	37
-0.08797106342136	0.779473339641524	3592
-0.0988378297315899	1.21225136128457	4
-0.09529891846709	0.754403060324179	26
0.09487614652984	2.21945679761561	37
0.0124808572783399	1.4874051917017	163
0.06087999375075	0.974745621648651	53
-0.10420537336923	1.19972693162192	3067
-0.0030920298152799	1.91119192252388	37
-0.08484563549255	0.778771858376252	37
-0.0838772984565199	0.781204714068644	26
-0.0838772984565199	0.781204714068644	218
0.08053583283875	2.11088603613667	476
0.05723587647784	0.940156331905564	163
0.05796881150287	0.95785402470536	93
-0.08484563549255	0.778771858376252	53
-0.0827708366515001	0.773400670623549	53
0.05406760514168	0.99231232644155	1997
-0.10230442366481	1.18575896161027	562
0.0517430621581401	0.938196906647617	2287
-0.0827708366515001	0.773400670623549	37
-0.09953169877072	1.21059553963476	13
0.0469951761724301	1.98061546208918	399
-0.0954068819806699	1.15721896363153	268
0.0944297476473701	2.26373902679927	268
-0.0827708366515001	0.773400670623549	3274
0.0638474498478101	1.00767428003693	165
-0.04827108630004	0.44343860950155	1037
-0.0522405783423101	0.435169887808059	1037
-0.04885352006505	0.441851175328772	1037
0.0641974446459701	0.98038215303248	2656
-0.04827108630004	0.44343860950155	3164
0.0670127354424499	0.96637146391094	781
-0.0988378297315899	1.21225136128457	163
0.0619980218780301	0.97678150571207	93
-0.04827108630004	0.44343860950155	163
0.0593269049977701	1.03193555535952	53
-0.0800311662681701	0.757951556350574	562
0.0943288865096901	2.27033096194777	476
-0.08595316391303	0.786691282455354	4526
-0.04827108630004	0.44343860950155	5622
0.0648236293879301	0.962349349234674	1473
-0.00949125349763991	1.86881929274206	561
-0.11181000424492	1.48629861259469	1
-0.04827108630004	0.44343860950155	2152
0.06015833937838	0.916470369433094	399
-0.04827108630004	0.44343860950155	1037
0.0140164820709301	1.39866271037217	492
-0.10764701734866	1.60006408039425	163
-0.0869920889684	0.776375821449157	53
-0.08417431820958	0.743590289338102	4526
-0.0901104327584099	0.791356332498899	834
-0.04885352006505	0.441851175328772	1
0.0631059901459701	1.0095074686688	37
0.01676244426482	1.42628876450591	507
-0.10532936342868	1.20001205886963	163
0.0532574523556799	1.94589483863796	37
-0.04885352006505	0.441851175328772	734
-0.10325463676006	1.2457739210264	50
-0.08380790599731	0.7804545457661	562
-0.08797106342136	0.779473339641524	4675
-0.04885352006505	0.441851175328772	113
0.05383203491709	0.964507588151942	136
-0.09633643185862	0.736803548695673	37
0.0600644456755399	1.02543325878458	2129
0.0638474498478101	1.00767428003693	399
-0.04827108630004	0.44343860950155	1279
0.0973755387205799	2.33070563791199	399
0.0842049829710001	1.63264616163281	693
0.0545668372757	0.961763323133025	50
0.063226946778	0.982632932651661	5030
-0.08484563549255	0.778771858376252	1279
-0.0522405783423101	0.435169887808059	2573
0.05723845637577	0.953025165541693	1
0.0611043850727699	1.847158595319	752
-0.0869920889684	0.776375821449157	163
-0.0522405783423101	0.435169887808059	5197
-0.10092397832424	1.17332097598077	1574
-0.04827108630004	0.44343860950155	136
0.06236426102241	1.00493833701369	78
0.0665139891103901	0.961792399149469	53
-0.09426205564365	0.755389897988905	476
-0.0838772984565199	0.781204714068644	2852
0.0455629141171601	0.866867734794923	37
-0.04827108630004	0.44343860950155	399
-0.04827108630004	0.44343860950155	734
0.02051517425091	1.42555769474269	50
-0.0941948599165601	0.747341871614371	781
-0.0838772984565199	0.781204714068644	53
-0.0858840259682101	0.768715625222587	1248
-0.0123304352885301	2.33128158461375	78
0.0533332612825701	0.977832853396208	37
-0.08797106342136	0.779473339641524	268
-0.10161408139968	1.18351649692405	163
-0.0901104327584099	0.791356332498899	1584
-0.0852080401731401	0.763725541227743	733
-0.08484563549255	0.778771858376252	2216
-0.0522405783423101	0.435169887808059	53
-0.04827108630004	0.44343860950155	53
0.0137005892375599	1.38350078047388	1248
-0.0901104327584099	0.791356332498899	3897
-0.08797106342136	0.779473339641524	2155
0.0595625491134699	0.982988409329215	37
-0.04827108630004	0.44343860950155	37
-0.0145546497654001	2.2239354622935	18
0.063226946778	0.982632932651661	781
-0.0522405783423101	0.435169887808059	781
-0.0810661688721199	0.764684666601112	781
-0.04827108630004	0.44343860950155	1224
-0.04827108630004	0.44343860950155	1224
-0.04827108630004	0.44343860950155	268
-0.0849149006866201	0.788425903741666	268
-0.04885352006505	0.441851175328772	1584
-0.04827108630004	0.44343860950155	733
-0.0522405783423101	0.435169887808059	53
-0.0858840259682101	0.768715625222587	53
-0.04827108630004	0.44343860950155	53
-0.04827108630004	0.44343860950155	53
-0.0522405783423101	0.435169887808059	1671
-0.0838772984565199	0.781204714068644	165
-0.0890728329627	0.787375095703056	1375
-0.04827108630004	0.44343860950155	78
-0.0991369444979999	1.18909839352321	199
-0.0838772984565199	0.781204714068644	2155
-0.0133180863960101	2.31778491394158	2155
-0.04885352006505	0.441851175328772	37
0.0557704498943801	0.95391255645675	4
-0.0910842258507101	0.754363823254168	1706
-0.0858840259682101	0.768715625222587	16
0.0638474498478101	1.00767428003693	50
-0.09842915735305	0.701472200600426	781
-0.0828403563917699	0.757627284997358	268
-0.04885352006505	0.441851175328772	163
-0.04885352006505	0.441851175328772	2216
-0.04885352006505	0.441851175328772	53
-0.04885352006505	0.441851175328772	562
-0.04827108630004	0.44343860950155	78
-0.10325463676006	1.2457739210264	1
-0.08797106342136	0.779473339641524	2155
-0.0890728329627	0.787375095703056	37
-0.04885352006505	0.441851175328772	50
-0.04885352006505	0.441851175328772	1224
-0.08484563549255	0.778771858376252	733
-0.04885352006505	0.441851175328772	53
-0.04827108630004	0.44343860950155	53
-0.04885352006505	0.441851175328772	53
-0.04885352006505	0.441851175328772	53
0.11991366557444	1.12510525113789	78
0.00958647657695	1.4636365303201	78
0.0969423679758199	2.34561838850535	703
0.05553551158425	0.994717052396487	18
-0.04885352006505	0.441851175328772	53
0.0150011243908399	1.39034116202031	1375
-0.0880358926090401	0.765742619743892	50
-0.0872774251891899	0.761151259714728	18
-0.04827108630004	0.44343860950155	268
-0.04885352006505	0.441851175328772	3362
-0.04827108630004	0.44343860950155	93
-0.04885352006505	0.441851175328772	53
-0.04885352006505	0.441851175328772	4676
-0.09116790596569	1.65933281736118	78
-0.09529891846709	0.754403060324179	78
-0.04885352006505	0.441851175328772	1
-0.0988378297315899	1.21225136128457	399
-0.04827108630004	0.44343860950155	268
-0.04885352006505	0.441851175328772	4255
0.05761477364182	0.994469561014255	2719
-0.04885352006505	0.441851175328772	53
-0.10368582639932	1.16746404163834	78
0.07115693070437	0.900349531928312	13
-0.08932835210039	2.02744892752022	137
-0.04827108630004	0.44343860950155	18
-0.0987101523492599	1.17919374894645	268
-0.00374613197719009	1.85564478765116	78
0.0124808572783399	1.4874051917017	1415
0.0595625491134699	0.982988409329215	1415
0.0068382124102	1.42681193013962	1
-0.08173442662581	0.750376196954039	13
-0.0988378297315899	1.21225136128457	1486
0.05909205979828	0.989770385521634	18
0.0929429922157801	1.59601642998023	473
0.08701855771828	1.7194298869194	50
0.0634645636087701	0.98626178495678	53
0.0616222622873701	0.993757532581764	1671
0.0655638591494401	0.954603570757834	590
-0.10629815323358	1.20320284346454	526
0.0619980218780301	0.97678150571207	37
-0.0901104327584099	0.791356332498899	13
0.12024725833541	2.41493159409894	13
0.09107345170619	2.25130220137113	1459
-0.0901104327584099	0.791356332498899	105
-0.04827108630004	0.44343860950155	1702
-0.08484563549255	0.778771858376252	1820
-0.10492231073872	1.14469037418216	78
0.01662863754083	1.47927795041958	37
0.0613852964369099	0.970953327287667	13
-0.04827108630004	0.44343860950155	399
-0.08484563549255	0.778771858376252	90
0.0154876019133601	1.38030877657228	199
0.06102459755318	0.97900593381916	199
-0.0827708366515001	0.773400670623549	37
-0.08797106342136	0.779473339641524	1681
0.00859789919507992	1.47293225747098	399
-0.10048566781778	1.16751105186019	399
0.06236426102241	1.00493833701369	399
0.0631059901459701	1.0095074686688	137
-0.10698642957578	1.21087016999587	812
-0.0911486928254901	0.784544520381457	4542
-0.0890081245397201	0.78336625832403	105
-0.08797106342136	0.779473339641524	53
0.05406760514168	0.99231232644155	78
-0.0890081245397201	0.78336625832403	5350
0.06353621199702	2.39017182008714	137
-0.0838772984565199	0.781204714068644	806
0.10257333774643	2.2447438059699	90
0.06126436082819	0.960457279074468	2462
-0.08915007580405	1.63107177284453	37
0.0593269049977701	1.03193555535952	399
0.04636426015568	2.08104873211223	399
0.0593269049977701	1.03193555535952	137
-0.0810661688721199	0.764684666601112	16
-0.09529891846709	0.754403060324179	517
-0.0849149006866201	0.788425903741666	413
-0.04827108630004	0.44343860950155	1671
0.0788289589403399	1.68513668202227	78
-0.0858840259682101	0.768715625222587	399
-0.0890081245397201	0.78336625832403	50
0.01328149777691	1.39383293020724	413
-0.0890728329627	0.787375095703056	53
-0.10561011367346	1.18467656559468	78
0.0638474498478101	1.00767428003693	5350
-0.0865683066990099	2.15209934941668	399
-0.09909668252631	1.16396640376971	50
0.00878324028728006	1.39977158446307	3061
-0.09426205564365	0.755389897988905	562
0.0602899589049699	0.96260439532184	590
0.0918066961844399	1.6598269796732	37
-0.10077488668115	1.18647614255333	1681
0.00801152815718997	1.46659127473711	3044
0.0124808572783399	1.4874051917017	5997
0.0598303042830901	0.97525805710998	105
-0.10629815323358	1.20320284346454	517
0.0602993831198899	0.984213343761052	517
-0.00924228107962	2.31904452435592	37
-0.0901104327584099	0.791356332498899	137
-0.0880358926090401	0.765742619743892	50
0.05236164591948	0.946321698714295	135
-0.0941948599165601	0.747341871614371	53
0.0665139891103901	0.961792399149469	399
-0.04827108630004	0.44343860950155	399
0.05835354964625	0.995740845736888	50
-0.08877016578354	2.11705837491605	135
-0.09814420377504	1.20677997698229	53
0.00629392899828996	1.42556923413824	526
-0.0991369444979999	1.18909839352321	18
0.05650329272056	0.951225993697303	105
0.011307221239	1.47518537319889	517
0.0118941351356501	1.48533932564112	62
-0.04827108630004	0.44343860950155	801
0.00761039823202991	1.41223943451864	1459
0.0653295617446701	0.982158599630518	105
0.0665139891103901	0.961792399149469	53
0.0621279874417999	0.975112374634473	37
-0.04827108630004	0.44343860950155	1015
0.0636125582246301	0.965466724593941	473
0.12277631667828	1.88459307556146	78
0.0128804019477	1.47581827951265	62
0.05383203491709	0.964507588151942	37
-0.08797106342136	0.779473339641524	785
-0.10698642957578	1.21087016999587	37
0.0648236293879301	0.962349349234674	18
0.05869891026333	0.955132872576523	53
-0.10023411427971	1.15349777503282	158
-0.11072709534969	1.15267035831068	526
-0.0849149006866201	0.788425903741666	6115
-0.0828909353858101	2.13391217306032	37
-0.09207641575897	2.06910167442546	399
-0.04885352006505	0.441851175328772	699
-0.0849149006866201	0.788425903741666	788
-0.08380790599731	0.7804545457661	90
0.0638474498478101	1.00767428003693	105
0.06458864031757	0.999039175542301	526
-0.0869920889684	0.776375821449157	13
-0.0933218337222399	1.63674220146427	135
-0.08380790599731	0.7804545457661	1110
-0.0900458450733399	0.776729715601015	1143
0.0593269049977701	1.03193555535952	1143
-0.10548528082986	1.58409836809329	78
-0.0890081245397201	0.78336625832403	526
-0.09456366055498	0.683655098033191	37
-0.09315863125403	0.748298153660836	13
-0.0858840259682101	0.768715625222587	661
-0.0849149006866201	0.788425903741666	105
-0.0838772984565199	0.781204714068644	3316
-0.0522405783423101	0.435169887808059	1110
0.0653295617446701	0.982158599630518	1402
-0.10561011367346	1.18467656559468	53
-0.04827108630004	0.44343860950155	526
-0.04885352006505	0.441851175328772	6115
-0.04827108630004	0.44343860950155	62
-0.08624240889866	0.767448290571994	569
-0.09212305135077	0.732040495943664	37
-0.09426205564365	0.755389897988905	1775
0.05835354964625	0.995740845736888	137
-0.09776220302063	1.17652685016931	16
-0.04885352006505	0.441851175328772	16
-0.04885352006505	0.441851175328772	1459
-0.04885352006505	0.441851175328772	1459
-0.04827108630004	0.44343860950155	105
-0.10489746152935	1.19431001857182	105
-0.04827108630004	0.44343860950155	1110
-0.04827108630004	0.44343860950155	1106
-0.0522405783423101	0.435169887808059	2284
-0.04827108630004	0.44343860950155	2284
-0.04827108630004	0.44343860950155	78
-0.04827108630004	0.44343860950155	560
-0.04827108630004	0.44343860950155	661
-0.04827108630004	0.44343860950155	13
-0.04885352006505	0.441851175328772	1775
-0.04827108630004	0.44343860950155	3392
-0.04827108630004	0.44343860950155	699
-0.04885352006505	0.441851175328772	699
-0.04885352006505	0.441851175328772	699
0.00132674365654006	1.92175132289527	788
-0.04827108630004	0.44343860950155	788
-0.04885352006505	0.441851175328772	788
-0.04885352006505	0.441851175328772	972
-0.04827108630004	0.44343860950155	2485
-0.04885352006505	0.441851175328772	974
-0.0522405783423101	0.435169887808059	974
-0.04827108630004	0.44343860950155	974
-0.04827108630004	0.44343860950155	105
-0.04885352006505	0.441851175328772	105
-0.04827108630004	0.44343860950155	2177
-0.04885352006505	0.441851175328772	2177
-0.04827108630004	0.44343860950155	53
-0.0858840259682101	0.768715625222587	476
-0.04885352006505	0.441851175328772	1220
-0.04827108630004	0.44343860950155	560
-0.04827108630004	0.44343860950155	3087
-0.08380790599731	0.7804545457661	3087
-0.0838772984565199	0.781204714068644	399
0.0627314227454801	0.985029246411559	399
-0.04827108630004	0.44343860950155	699
-0.0522405783423101	0.435169887808059	788
-0.04827108630004	0.44343860950155	788
-0.04827108630004	0.44343860950155	2485
-0.04885352006505	0.441851175328772	3757
-0.04885352006505	0.441851175328772	3757
-0.04827108630004	0.44343860950155	1459
-0.04827108630004	0.44343860950155	6571
-0.04827108630004	0.44343860950155	2736
-0.04827108630004	0.44343860950155	3316
-0.04885352006505	0.441851175328772	105
-0.04827108630004	0.44343860950155	105
-0.04827108630004	0.44343860950155	1110
-0.0522405783423101	0.435169887808059	1110
-0.04885352006505	0.441851175328772	68
-0.04827108630004	0.44343860950155	1106
-0.04885352006505	0.441851175328772	2177
-0.08797106342136	0.779473339641524	472
-0.04827108630004	0.44343860950155	401
-0.0522405783423101	0.435169887808059	1220
-0.04827108630004	0.44343860950155	560
-0.0522405783423101	0.435169887808059	1355
-0.04827108630004	0.44343860950155	62
-0.04827108630004	0.44343860950155	3087
-0.0522405783423101	0.435169887808059	3117
-0.0918869954265999	2.01744155835063	137
-0.04827108630004	0.44343860950155	2350
-0.04827108630004	0.44343860950155	699
-0.04885352006505	0.441851175328772	18
-0.0522405783423101	0.435169887808059	972
-0.04827108630004	0.44343860950155	2485
-0.04827108630004	0.44343860950155	974
-0.0522405783423101	0.435169887808059	974
-0.04827108630004	0.44343860950155	6571
-0.04827108630004	0.44343860950155	2736
-0.04885352006505	0.441851175328772	2736
-0.04827108630004	0.44343860950155	2736
0.1248193917416	1.20878405095155	105
-0.04885352006505	0.441851175328772	1106
-0.04885352006505	0.441851175328772	401
-0.04885352006505	0.441851175328772	401
-0.0849149006866201	0.788425903741666	4923
-0.04827108630004	0.44343860950155	62
-0.04827108630004	0.44343860950155	37
0.12369364749177	2.43631899846198	137
0.0631059901459701	1.0095074686688	230
-0.04827108630004	0.44343860950155	699
-0.0849149006866201	0.788425903741666	974
0.07508921540809	1.60598361990093	1459
-0.08484563549255	0.778771858376252	2736
-0.0849149006866201	0.788425903741666	1220
-0.08624240889866	0.767448290571994	5128
-0.04827108630004	0.44343860950155	4923
-0.04827108630004	0.44343860950155	560
-0.04827108630004	0.44343860950155	560
-0.04885352006505	0.441851175328772	62
-0.04827108630004	0.44343860950155	3106
-0.0984494555853901	1.18682979431634	785
-0.04827108630004	0.44343860950155	5816
-0.08380790599731	0.7804545457661	5816
-0.0890081245397201	0.78336625832403	661
0.06177226008848	0.964243625263309	399
-0.04827108630004	0.44343860950155	877
-0.04827108630004	0.44343860950155	699
-0.04827108630004	0.44343860950155	18
-0.04827108630004	0.44343860950155	974
-0.04827108630004	0.44343860950155	974
-0.04827108630004	0.44343860950155	974
0.00508774881543994	1.84025430852411	1459
-0.0522405783423101	0.435169887808059	1152
-0.04827108630004	0.44343860950155	1152
-0.04827108630004	0.44343860950155	2127
-0.04827108630004	0.44343860950155	2127
-0.04827108630004	0.44343860950155	105
-0.04827108630004	0.44343860950155	1110
-0.04827108630004	0.44343860950155	1511
-0.04885352006505	0.441851175328772	2900
-0.04827108630004	0.44343860950155	2284
-0.10810344809298	1.12518704873613	472
-0.10351352608029	1.19743691232444	472
-0.04827108630004	0.44343860950155	293
-0.0522405783423101	0.435169887808059	4019
-0.08935760588536	0.718505826118327	5132
-0.04827108630004	0.44343860950155	63
-0.04827108630004	0.44343860950155	63
-0.04827108630004	0.44343860950155	62
0.0840945908160999	1.69669347656404	62
-0.04885352006505	0.441851175328772	3106
-0.04827108630004	0.44343860950155	661
-0.04827108630004	0.44343860950155	661
-0.04885352006505	0.441851175328772	13
-0.04885352006505	0.441851175328772	905
-0.04827108630004	0.44343860950155	1659
-0.04827108630004	0.44343860950155	1659
-0.0522405783423101	0.435169887808059	3327
-0.04827108630004	0.44343860950155	877
-0.04827108630004	0.44343860950155	699
-0.04885352006505	0.441851175328772	699
-0.04827108630004	0.44343860950155	788
-0.04827108630004	0.44343860950155	788
-0.04827108630004	0.44343860950155	788
-0.0522405783423101	0.435169887808059	18
-0.04885352006505	0.441851175328772	18
-0.09840255547546	1.1518525900223	2485
-0.04827108630004	0.44343860950155	974
-0.0522405783423101	0.435169887808059	974
-0.0522405783423101	0.435169887808059	974
-0.04827108630004	0.44343860950155	1904
-0.04885352006505	0.441851175328772	1904
-0.04885352006505	0.441851175328772	1133
-0.0838772984565199	0.781204714068644	2736
-0.0902753051062799	1.5356330076294	690
-0.04885352006505	0.441851175328772	1110
-0.04885352006505	0.441851175328772	68
-0.04885352006505	0.441851175328772	68
-0.04827108630004	0.44343860950155	2284
-0.04885352006505	0.441851175328772	401
-0.04885352006505	0.441851175328772	560
-0.04885352006505	0.441851175328772	63
-0.0890728329627	0.787375095703056	785
-0.04827108630004	0.44343860950155	1333
-0.11235771941361	1.1179049698771	74
-0.04885352006505	0.441851175328772	3327
-0.04827108630004	0.44343860950155	788
-0.08380790599731	0.7804545457661	1133
-0.04827108630004	0.44343860950155	2736
-0.04827108630004	0.44343860950155	1110
-0.04885352006505	0.441851175328772	68
-0.04827108630004	0.44343860950155	3266
-0.0522405783423101	0.435169887808059	2900
-0.0849149006866201	0.788425903741666	1929
-0.04827108630004	0.44343860950155	2614
-0.0849149006866201	0.788425903741666	785
-0.04827108630004	0.44343860950155	626
-0.04885352006505	0.441851175328772	1333
-0.04827108630004	0.44343860950155	699
-0.0838772984565199	0.781204714068644	3258
-0.04827108630004	0.44343860950155	1904
-0.04827108630004	0.44343860950155	135
-0.04827108630004	0.44343860950155	2127
-0.04885352006505	0.441851175328772	1321
-0.04827108630004	0.44343860950155	68
-0.0849149006866201	0.788425903741666	3922
-0.08797106342136	0.779473339641524	293
0.05835354964625	0.995740845736888	78
-0.04885352006505	0.441851175328772	78
-0.04885352006505	0.441851175328772	1691
-0.04827108630004	0.44343860950155	4019
-0.04885352006505	0.441851175328772	4019
-0.04827108630004	0.44343860950155	626
-0.04885352006505	0.441851175328772	626
-0.04827108630004	0.44343860950155	1333
-0.0901104327584099	0.791356332498899	399
-0.0910842258507101	0.754363823254168	399
-0.04885352006505	0.441851175328772	2804
-0.04827108630004	0.44343860950155	2804
-0.04827108630004	0.44343860950155	877
-0.04885352006505	0.441851175328772	3365
-0.04827108630004	0.44343860950155	50
-0.04885352006505	0.441851175328772	2127
-0.04885352006505	0.441851175328772	105
-0.0858840259682101	0.768715625222587	105
-0.04827108630004	0.44343860950155	690
-0.04885352006505	0.441851175328772	1321
-0.04827108630004	0.44343860950155	1321
-0.04885352006505	0.441851175328772	68
-0.04827108630004	0.44343860950155	401
-0.04827108630004	0.44343860950155	401
-0.04885352006505	0.441851175328772	401
-0.09979105325238	1.16899437363009	221
-0.0970751866481401	1.15650228970347	158
0.11754094600378	2.38375807800319	2660
-0.10489746152935	1.19431001857182	50
-0.04827108630004	0.44343860950155	2200
-0.04827108630004	0.44343860950155	2143
-0.08380790599731	0.7804545457661	275
-0.0849149006866201	0.788425903741666	2358
-0.08380790599731	0.7804545457661	740
-0.04827108630004	0.44343860950155	740
0.05785102906646	1.02128267566776	740
-0.04827108630004	0.44343860950155	135
-0.08595316391303	0.786691282455354	6859
-0.0828403563917699	0.757627284997358	3922
-0.04827108630004	0.44343860950155	158
-0.08380790599731	0.7804545457661	5229
-0.0994647832649001	0.71199710291964	237
-0.09814420377504	1.20677997698229	2200
0.06408313144376	0.96402287461693	740
-0.0869920889684	0.776375821449157	740
-0.04827108630004	0.44343860950155	740
-0.08595316391303	0.786691282455354	740
-0.09951887316093	1.56986770533326	690
-0.04885352006505	0.441851175328772	2903
-0.04885352006505	0.441851175328772	6398
-0.08484563549255	0.778771858376252	6398
-0.04885352006505	0.441851175328772	390
0.0610359533839899	0.978388462195657	390
-0.04827108630004	0.44343860950155	1168
-0.0901104327584099	0.791356332498899	5241
-0.04885352006505	0.441851175328772	4358
-0.04827108630004	0.44343860950155	1333
-0.0941948599165601	0.747341871614371	6727
-0.04827108630004	0.44343860950155	2903
-0.04885352006505	0.441851175328772	472
-0.10282191950218	1.18697915887772	495
-0.0869346608905801	0.758350728750372	61
-0.0522405783423101	0.435169887808059	5241
-0.04827108630004	0.44343860950155	4358
-0.04885352006505	0.441851175328772	4358
-0.0522405783423101	0.435169887808059	74
-0.04885352006505	0.441851175328772	74
-0.04827108630004	0.44343860950155	587
-0.04827108630004	0.44343860950155	377
-0.04827108630004	0.44343860950155	2200
-0.04885352006505	0.441851175328772	2200
-0.04827108630004	0.44343860950155	5903
-0.04827108630004	0.44343860950155	1459
-0.04827108630004	0.44343860950155	740
-0.04885352006505	0.441851175328772	135
-0.0810661688721199	0.764684666601112	3547
-0.04827108630004	0.44343860950155	1715
-0.04885352006505	0.441851175328772	219
-0.04885352006505	0.441851175328772	6861
-0.04827108630004	0.44343860950155	68
-0.04827108630004	0.44343860950155	3256
-0.04827108630004	0.44343860950155	3256
-0.04885352006505	0.441851175328772	472
-0.04827108630004	0.44343860950155	158
-0.04885352006505	0.441851175328772	61
-0.0522405783423101	0.435169887808059	2937
-0.04885352006505	0.441851175328772	1378
-0.0522405783423101	0.435169887808059	1333
-0.0890728329627	0.787375095703056	2953
-0.04827108630004	0.44343860950155	237
-0.0890728329627	0.787375095703056	3556
-0.04827108630004	0.44343860950155	2369
-0.04827108630004	0.44343860950155	275
-0.04885352006505	0.441851175328772	5903
-0.0828403563917699	0.757627284997358	740
0.05650329272056	0.951225993697303	690
-0.04885352006505	0.441851175328772	219
-0.04885352006505	0.441851175328772	219
-0.0901104327584099	0.791356332498899	6861
-0.04827108630004	0.44343860950155	3256
-0.08788255267637	1.51705315032255	511
-0.0827708366515001	0.773400670623549	221
-0.04827108630004	0.44343860950155	221
-0.04827108630004	0.44343860950155	1306
-0.04885352006505	0.441851175328772	78
-0.04827108630004	0.44343860950155	78
-0.04827108630004	0.44343860950155	158
-0.04827108630004	0.44343860950155	2413
-0.0522405783423101	0.435169887808059	61
-0.04827108630004	0.44343860950155	5241
-0.0522405783423101	0.435169887808059	61
-0.04885352006505	0.441851175328772	61
-0.04827108630004	0.44343860950155	61
-0.04827108630004	0.44343860950155	5744
-0.04885352006505	0.441851175328772	458
-0.04885352006505	0.441851175328772	458
0.0631059901459701	1.0095074686688	399
0.01463899252159	1.45736020797204	2206
-0.0901104327584099	0.791356332498899	2206
-0.04885352006505	0.441851175328772	2480
-0.04827108630004	0.44343860950155	6783
-0.04827108630004	0.44343860950155	2369
-0.04827108630004	0.44343860950155	1459
-0.04827108630004	0.44343860950155	1534
-0.04885352006505	0.441851175328772	740
-0.04827108630004	0.44343860950155	740
-0.04827108630004	0.44343860950155	4024
-0.04827108630004	0.44343860950155	1715
-0.04827108630004	0.44343860950155	219
-0.04885352006505	0.441851175328772	219
-0.08595316391303	0.786691282455354	219
-0.04885352006505	0.441851175328772	472
-0.0901104327584099	0.791356332498899	472
-0.0890081245397201	0.78336625832403	78
-0.0849149006866201	0.788425903741666	1211
-0.04827108630004	0.44343860950155	5744
-0.04885352006505	0.441851175328772	5744
-0.0810661688721199	0.764684666601112	458
-0.000381697292300087	1.87456113086071	458
-0.04827108630004	0.44343860950155	13
-0.04827108630004	0.44343860950155	2953
-0.04827108630004	0.44343860950155	740
-0.0522405783423101	0.435169887808059	219
-0.04885352006505	0.441851175328772	2717
-0.04885352006505	0.441851175328772	219
-0.0522405783423101	0.435169887808059	219
0.06493006603508	0.96611175749437	2178
-0.04885352006505	0.441851175328772	1333
-0.10256354163673	1.24329327350862	2953
0.06236426102241	1.00493833701369	237
0.05909205979828	0.989770385521634	237
-0.04827108630004	0.44343860950155	6783
0.0636125582246301	0.965466724593941	798
-0.04827108630004	0.44343860950155	1216
0.05796881150287	0.95785402470536	78
-0.0911486928254901	0.784544520381457	61
-0.04827108630004	0.44343860950155	158
-0.0901104327584099	0.791356332498899	785
0.0558162053259501	2.07925968739921	2206
-0.04827108630004	0.44343860950155	6783
-0.09212305135077	0.732040495943664	237
-0.04827108630004	0.44343860950155	740
-0.08595316391303	0.786691282455354	740
-0.0522405783423101	0.435169887808059	219
-0.04885352006505	0.441851175328772	219
-0.04827108630004	0.44343860950155	68
-0.04885352006505	0.441851175328772	2602
-0.04827108630004	0.44343860950155	504
-0.11141274109146	1.15608630463886	458
-0.04827108630004	0.44343860950155	1011
-0.04885352006505	0.441851175328772	740
-0.08484563549255	0.778771858376252	219
-0.04885352006505	0.441851175328772	1951
-0.08692307825654	0.744449964924098	158
-0.0827708366515001	0.773400670623549	814
-0.04885352006505	0.441851175328772	61
-0.04827108630004	0.44343860950155	2343
-0.04885352006505	0.441851175328772	2343
-0.08803167668661	0.75151882200375	62
-0.04827108630004	0.44343860950155	2178
-0.04885352006505	0.441851175328772	1983
-0.04885352006505	0.441851175328772	237
-0.04885352006505	0.441851175328772	892
-0.04827108630004	0.44343860950155	892
-0.04885352006505	0.441851175328772	4749
-0.04885352006505	0.441851175328772	135
-0.04885352006505	0.441851175328772	1689
-0.04827108630004	0.44343860950155	1689
-0.04827108630004	0.44343860950155	1951
-0.0964996002945999	1.13898311558178	78
-0.0522405783423101	0.435169887808059	78
-0.0522405783423101	0.435169887808059	61
-0.0522405783423101	0.435169887808059	61
-0.04827108630004	0.44343860950155	2343
-0.04827108630004	0.44343860950155	6133
-0.04827108630004	0.44343860950155	1983
-0.04885352006505	0.441851175328772	92
-0.0869920889684	0.776375821449157	2689
-0.0522405783423101	0.435169887808059	1918
-0.04827108630004	0.44343860950155	1918
-0.08913801019213	1.53936273678294	237
-0.0880358926090401	0.765742619743892	237
-0.04827108630004	0.44343860950155	237
-0.0956685721511501	1.16127092582934	1748
-0.04827108630004	0.44343860950155	892
-0.0522405783423101	0.435169887808059	892
-0.04885352006505	0.441851175328772	892
-0.04827108630004	0.44343860950155	740
-0.04827108630004	0.44343860950155	740
-0.04827108630004	0.44343860950155	690
-0.04827108630004	0.44343860950155	219
-0.04885352006505	0.441851175328772	1689
-0.04827108630004	0.44343860950155	1689
-0.04827108630004	0.44343860950155	68
-0.0838772984565199	0.781204714068644	472
-0.04827108630004	0.44343860950155	61
-0.04885352006505	0.441851175328772	61
-0.04827108630004	0.44343860950155	61
-0.04885352006505	0.441851175328772	2178
-0.0890081245397201	0.78336625832403	2644
-0.04827108630004	0.44343860950155	1983
-0.08595316391303	0.786691282455354	13
0.0594287528306901	0.943921936923769	137
-0.04827108630004	0.44343860950155	237
0.01871214023629	1.3506267532549	655
-0.0810661688721199	0.764684666601112	1748
-0.0890081245397201	0.78336625832403	690
-0.04885352006505	0.441851175328772	219
-0.04827108630004	0.44343860950155	219
-0.04885352006505	0.441851175328772	219
-0.09315863125403	0.748298153660836	2558
-0.04885352006505	0.441851175328772	1925
-0.0522405783423101	0.435169887808059	390
-0.09426205564365	0.755389897988905	61
-0.04885352006505	0.441851175328772	2178
-0.04827108630004	0.44343860950155	2644
-0.04885352006505	0.441851175328772	1983
-0.04885352006505	0.441851175328772	137
-0.04885352006505	0.441851175328772	237
-0.04885352006505	0.441851175328772	237
-0.04827108630004	0.44343860950155	320
-0.04885352006505	0.441851175328772	2558
-0.04885352006505	0.441851175328772	6551
-0.04885352006505	0.441851175328772	468
-0.09315863125403	0.748298153660836	78
-0.04885352006505	0.441851175328772	61
-0.08624240889866	0.767448290571994	61
-0.0849149006866201	0.788425903741666	62
-0.0890081245397201	0.78336625832403	1566
-0.0849149006866201	0.788425903741666	137
-0.0827708366515001	0.773400670623549	707
-0.0827708366515001	0.773400670623549	707
-0.04885352006505	0.441851175328772	237
-0.04885352006505	0.441851175328772	219
-0.04885352006505	0.441851175328772	6551
-0.0838772984565199	0.781204714068644	472
-0.04885352006505	0.441851175328772	468
0.12089758822826	1.16586884357982	92
-0.0838772984565199	0.781204714068644	92
0.06236426102241	1.00493833701369	137
0.0545668372757	0.961763323133025	707
-0.0997463815988899	1.64738035535746	1174
-0.0890728329627	0.787375095703056	892
-0.1079339138474	1.16799805942249	369
-0.0911486928254901	0.784544520381457	468
0.12277631667828	1.88459307556146	61
-0.0522405783423101	0.435169887808059	1939
-0.04827108630004	0.44343860950155	3997
0.0534117770065801	2.06492918457957	2689
-0.08033993416833	2.45757456239133	369
0.0593269049977701	1.03193555535952	735
0.05142752471303	2.05240125532326	62
-0.10091092142939	1.64302780106031	62
-0.08595316391303	0.786691282455354	92
-0.00552829160367008	1.85267337662744	2953
-0.04885352006505	0.441851175328772	708
-0.0869920889684	0.776375821449157	369
-0.0890081245397201	0.78336625832403	92
-0.0941948599165601	0.747341871614371	4592
-0.00806967162429007	1.77494533212988	477
-0.08595316391303	0.786691282455354	735
0.0517430621581401	0.938196906647617	62
-0.04827108630004	0.44343860950155	62
0.08201702483087	1.70848763850691	92
-0.04885352006505	0.441851175328772	873
-0.0838772984565199	0.781204714068644	237
-0.0522405783423101	0.435169887808059	4592
0.05761477364182	0.994469561014255	6001
-0.0827708366515001	0.773400670623549	78
-0.0902753051062799	1.5356330076294	62
-0.0827708366515001	0.773400670623549	62
-0.04827108630004	0.44343860950155	92
-0.08797106342136	0.779473339641524	402
0.0648236293879301	0.962349349234674	1566
-0.08595316391303	0.786691282455354	718
-0.04885352006505	0.441851175328772	237
-0.0817233729896201	2.02946452659555	219
-0.0869920889684	0.776375821449157	61
0.0543039863271999	0.93620092352906	61
-0.04885352006505	0.441851175328772	2577
-0.00670434914432994	1.93189990370714	129
-0.09842915735305	0.701472200600426	873
-0.0522405783423101	0.435169887808059	873
-0.04885352006505	0.441851175328772	402
0.0600644456755399	1.02543325878458	137
-0.0849149006866201	0.788425903741666	237
-0.0830393519232899	2.48266964007769	477
0.08308777831135	1.68748500073184	355
0.06458864031757	0.999039175542301	62
0.0144700431992699	1.42268141743326	1566
0.0602993831198899	0.984213343761052	402
0.0160434090691499	1.47723975144178	137
0.0183584990555301	1.38050260813944	237
0.0561364233344399	0.969427187277191	355
-0.0992716072818001	1.14657353139823	68
0.0593269049977701	1.03193555535952	468
-0.10438163417759	1.5819530379706	355
-0.0095440940848901	1.90299551079585	735
-0.0965829304478301	1.50620105401896	690
0.0134667901418699	1.47784784918228	68
0.00656233803307993	1.33257912778144	513
0.12339655332251	1.19655117476411	1369
-0.04885352006505	0.441851175328772	237
0.0528727122421799	2.08577611849794	4476
0.01636584866613	1.43355681810225	1705
0.08567932862578	1.70850395266949	1705
0.017160579619	1.35390448864784	1705
-0.08935760588536	0.718505826118327	61
-0.0522405783423101	0.435169887808059	750
0.0593269049977701	1.03193555535952	62
-0.0890728329627	0.787375095703056	137
-0.09212305135077	0.732040495943664	237
-0.04885352006505	0.441851175328772	237
-0.08595316391303	0.786691282455354	1313
0.0638474498478101	1.00767428003693	369
-0.0966293280424899	0.683262658328873	477
-0.08595316391303	0.786691282455354	1705
0.05785102906646	1.02128267566776	68
-0.04885352006505	0.441851175328772	2259
-0.04827108630004	0.44343860950155	61
-0.08920912777386	1.9992688869962	61
-0.09529891846709	0.754403060324179	513
-0.0522405783423101	0.435169887808059	2798
-0.04827108630004	0.44343860950155	92
-0.04827108630004	0.44343860950155	936
-0.08484563549255	0.778771858376252	2953
-0.04827108630004	0.44343860950155	237
-0.0522405783423101	0.435169887808059	1313
-0.04827108630004	0.44343860950155	355
-0.04827108630004	0.44343860950155	735
-0.04885352006505	0.441851175328772	1705
-0.04827108630004	0.44343860950155	1705
-0.04885352006505	0.441851175328772	468
0.0662749262808899	0.968066962569099	2751
-0.04827108630004	0.44343860950155	2259
-0.10519358443375	1.14964779217734	61
-0.08313814614644	0.753544935636222	61
-0.0901104327584099	0.791356332498899	2933
-0.04827108630004	0.44343860950155	237
-0.08595316391303	0.786691282455354	5051
-0.04827108630004	0.44343860950155	1313
-0.0911486928254901	0.784544520381457	68
-0.09635961744597	1.15981734679928	224
-0.0827708366515001	0.773400670623549	224
-0.04885352006505	0.441851175328772	6374
-0.08484563549255	0.778771858376252	6693
-0.04827108630004	0.44343860950155	513
-0.04827108630004	0.44343860950155	237
-0.04827108630004	0.44343860950155	1174
-0.04885352006505	0.441851175328772	1463
-0.04827108630004	0.44343860950155	6245
-0.04885352006505	0.441851175328772	477
-0.04827108630004	0.44343860950155	735
-0.04885352006505	0.441851175328772	735
-0.04885352006505	0.441851175328772	267
-0.04827108630004	0.44343860950155	1271
-0.0827708366515001	0.773400670623549	2307
-0.0911486928254901	0.784544520381457	1369
-0.04827108630004	0.44343860950155	224
-0.04827108630004	0.44343860950155	2272
-0.04827108630004	0.44343860950155	419
-0.0827708366515001	0.773400670623549	343
0.05553551158425	0.994717052396487	3254
-0.04885352006505	0.441851175328772	3254
-0.08797106342136	0.779473339641524	4628
-0.04885352006505	0.441851175328772	2619
-0.04827108630004	0.44343860950155	1539
-0.04827108630004	0.44343860950155	735
-0.04827108630004	0.44343860950155	735
-0.04885352006505	0.441851175328772	267
-0.04885352006505	0.441851175328772	267
-0.04885352006505	0.441851175328772	267
-0.04885352006505	0.441851175328772	2528
-0.04827108630004	0.44343860950155	5824
-0.04827108630004	0.44343860950155	78
-0.04885352006505	0.441851175328772	1417
-0.04827108630004	0.44343860950155	61
-0.04885352006505	0.441851175328772	129
-0.04827108630004	0.44343860950155	129
-0.04827108630004	0.44343860950155	1200
-0.04827108630004	0.44343860950155	3249
-0.04827108630004	0.44343860950155	4683
-0.08210182855653	0.763102436083189	4683
0.03035737490767	2.43823844574569	821
-0.04885352006505	0.441851175328772	3957
-0.04827108630004	0.44343860950155	237
-0.04827108630004	0.44343860950155	237
0.0571126934447199	1.00309762325406	2694
-0.04827108630004	0.44343860950155	3545
-0.0800311662681701	0.757951556350574	1313
-0.04827108630004	0.44343860950155	1313
-0.04827108630004	0.44343860950155	1539
-0.04827108630004	0.44343860950155	1539
-0.04827108630004	0.44343860950155	735
-0.04827108630004	0.44343860950155	735
-0.04885352006505	0.441851175328772	735
-0.04827108630004	0.44343860950155	735
-0.04827108630004	0.44343860950155	267
-0.04885352006505	0.441851175328772	5742
-0.04827108630004	0.44343860950155	22
-0.04885352006505	0.441851175328772	22
-0.04885352006505	0.441851175328772	2797
-0.0911486928254901	0.784544520381457	3923
-0.04827108630004	0.44343860950155	68
-0.04885352006505	0.441851175328772	487
0.0613852964369099	0.970953327287667	68
-0.04827108630004	0.44343860950155	3077
-0.04827108630004	0.44343860950155	506
-0.0522405783423101	0.435169887808059	3899
-0.04885352006505	0.441851175328772	1417
-0.04827108630004	0.44343860950155	1417
-0.04827108630004	0.44343860950155	1417
-0.04885352006505	0.441851175328772	1417
-0.04885352006505	0.441851175328772	750
-0.04827108630004	0.44343860950155	1200
-0.04885352006505	0.441851175328772	4701
-0.0522405783423101	0.435169887808059	513
-0.04827108630004	0.44343860950155	1454
-0.04827108630004	0.44343860950155	4683
-0.04827108630004	0.44343860950155	4628
-0.04827108630004	0.44343860950155	388
-0.04885352006505	0.441851175328772	1940
-0.04827108630004	0.44343860950155	237
-0.04827108630004	0.44343860950155	1539
-0.04827108630004	0.44343860950155	1539
-0.04827108630004	0.44343860950155	3276
-0.04885352006505	0.441851175328772	735
-0.04885352006505	0.441851175328772	735
-0.04827108630004	0.44343860950155	267
-0.04827108630004	0.44343860950155	5742
-0.04827108630004	0.44343860950155	232
-0.04827108630004	0.44343860950155	1234
-0.04827108630004	0.44343860950155	68
-0.04885352006505	0.441851175328772	78
-0.04827108630004	0.44343860950155	1417
-0.04827108630004	0.44343860950155	750
-0.04827108630004	0.44343860950155	750
-0.04827108630004	0.44343860950155	4152
-0.04885352006505	0.441851175328772	2272
-0.0522405783423101	0.435169887808059	2272
-0.04885352006505	0.441851175328772	4807
-0.0849149006866201	0.788425903741666	92
-0.04827108630004	0.44343860950155	513
-0.04885352006505	0.441851175328772	419
-0.04827108630004	0.44343860950155	1454
0.00145550293315999	1.73188894175493	281
-0.04827108630004	0.44343860950155	402
-0.10008640469095	1.19181649971768	402
-0.0890728329627	0.787375095703056	4628
0.12421807424606	1.2202031522033	3284
-0.04827108630004	0.44343860950155	3957
-0.0522405783423101	0.435169887808059	1940
-0.04827108630004	0.44343860950155	1313
-0.04827108630004	0.44343860950155	2605
-0.04885352006505	0.441851175328772	1539
0.12450958603929	1.90414713522515	369
-0.04885352006505	0.441851175328772	3199
-0.04885352006505	0.441851175328772	267
-0.04827108630004	0.44343860950155	690
-0.04827108630004	0.44343860950155	22
-0.04885352006505	0.441851175328772	1234
-0.04827108630004	0.44343860950155	1234
-0.04827108630004	0.44343860950155	6199
-0.09315863125403	0.748298153660836	1903
-0.04827108630004	0.44343860950155	4701
-0.04885352006505	0.441851175328772	4807
-0.04885352006505	0.441851175328772	513
-0.04885352006505	0.441851175328772	1454
0.06236426102241	1.00493833701369	281
0.0679879404694199	0.964171134767298	281
0.0543039863271999	0.93620092352906	281
-0.04885352006505	0.441851175328772	4747
-0.0522405783423101	0.435169887808059	835
-0.04827108630004	0.44343860950155	3957
0.011307221239	1.47518537319889	237
-0.04885352006505	0.441851175328772	3545
-0.0522405783423101	0.435169887808059	3545
-0.04885352006505	0.441851175328772	1539
-0.04827108630004	0.44343860950155	369
-0.04885352006505	0.441851175328772	735
-0.04827108630004	0.44343860950155	735
-0.0522405783423101	0.435169887808059	1072
-0.04827108630004	0.44343860950155	690
-0.04885352006505	0.441851175328772	3714
-0.04885352006505	0.441851175328772	1234
-0.04827108630004	0.44343860950155	487
-0.04827108630004	0.44343860950155	78
-0.04827108630004	0.44343860950155	61
-0.04885352006505	0.441851175328772	174
0.07057409038898	1.53552380234941	821
-0.10187268646364	1.23185091532256	821
-0.09953169877072	1.21059553963476	237
-0.04827108630004	0.44343860950155	237
-0.04827108630004	0.44343860950155	1313
-0.04885352006505	0.441851175328772	369
-0.04885352006505	0.441851175328772	3199
-0.04827108630004	0.44343860950155	735
-0.04885352006505	0.441851175328772	1072
-0.04885352006505	0.441851175328772	868
-0.04885352006505	0.441851175328772	68
0.05858909952275	1.03051357361031	462
-0.04827108630004	0.44343860950155	224
-0.04885352006505	0.441851175328772	78
-0.0522405783423101	0.435169887808059	78
-0.0849149006866201	0.788425903741666	174
-0.0910842258507101	0.754363823254168	92
-0.0901104327584099	0.791356332498899	510
-0.08595316391303	0.786691282455354	237
-0.04885352006505	0.441851175328772	3545
-0.04885352006505	0.441851175328772	369
-0.04827108630004	0.44343860950155	3199
-0.04885352006505	0.441851175328772	3970
-0.0522405783423101	0.435169887808059	735
-0.04827108630004	0.44343860950155	1772
-0.04827108630004	0.44343860950155	1772
-0.04885352006505	0.441851175328772	1772
-0.04885352006505	0.441851175328772	487
0.12361655329802	1.22290992925901	750
-0.0810661688721199	0.764684666601112	488
0.00149213374034995	1.73798482674298	1668
-0.0522405783423101	0.435169887808059	835
-0.08595316391303	0.786691282455354	868
-0.04827108630004	0.44343860950155	1234
-0.10862318677897	1.16658730251737	68
-0.10325463676006	1.2457739210264	1035
-0.0890081245397201	0.78336625832403	92
-0.00417828067900006	1.83032861125113	281
0.0613852964369099	0.970953327287667	2729
-0.10230442366481	1.18575896161027	735
-0.04827108630004	0.44343860950155	4571
-0.09529891846709	0.754403060324179	68
-0.0869346608905801	0.758350728750372	487
-0.04827108630004	0.44343860950155	488
-0.0838772984565199	0.781204714068644	174
-0.08595316391303	0.786691282455354	92
-0.0800311662681701	0.757951556350574	835
0.08920708336623	1.66190466721646	237
-0.0522405783423101	0.435169887808059	237
-0.08559825898408	2.04582182020337	294
-0.08624240889866	0.767448290571994	380
-0.0890728329627	0.787375095703056	1313
-0.08380790599731	0.7804545457661	3199
0.063226946778	0.982632932651661	4571
-0.08380790599731	0.7804545457661	1234
-0.08210182855653	0.763102436083189	487
-0.0522405783423101	0.435169887808059	68
-0.09979105325238	1.16899437363009	68
-0.10420537336923	1.19972693162192	239
-0.0838772984565199	0.781204714068644	224
-0.0838772984565199	0.781204714068644	78
-0.0827708366515001	0.773400670623549	78
-0.09315863125403	0.748298153660836	1819
0.08195361898904	1.70453714373189	574
-0.10862318677897	1.16658730251737	821
0.08062760479006	1.51424652025815	237
-0.04885352006505	0.441851175328772	437
-0.04827108630004	0.44343860950155	122
-0.04885352006505	0.441851175328772	4585
-0.0911486928254901	0.784544520381457	690
-0.08173442662581	0.750376196954039	107
-0.04885352006505	0.441851175328772	68
-0.10177442741368	1.62699060577927	487
-0.04827108630004	0.44343860950155	78
-0.04885352006505	0.441851175328772	174
-0.0898553374444699	2.08898606246982	2399
-0.04827108630004	0.44343860950155	510
0.0921437567874199	1.45556414429691	574
0.0593269049977701	1.03193555535952	402
-0.04827108630004	0.44343860950155	835
-0.0522405783423101	0.435169887808059	5388
-0.04827108630004	0.44343860950155	237
-0.0522405783423101	0.435169887808059	437
-0.0522405783423101	0.435169887808059	3970
-0.04885352006505	0.441851175328772	4585
-0.04885352006505	0.441851175328772	4585
-0.04827108630004	0.44343860950155	22
-0.04827108630004	0.44343860950155	22
-0.04885352006505	0.441851175328772	868
-0.04885352006505	0.441851175328772	453
-0.04827108630004	0.44343860950155	68
-0.0838772984565199	0.781204714068644	224
-0.04827108630004	0.44343860950155	4421
-0.04885352006505	0.441851175328772	120
-0.04885352006505	0.441851175328772	1135
-0.0900458450733399	0.776729715601015	129
-0.04885352006505	0.441851175328772	989
-0.04827108630004	0.44343860950155	129
-0.04827108630004	0.44343860950155	510
-0.04827108630004	0.44343860950155	402
-0.04827108630004	0.44343860950155	343
-0.04885352006505	0.441851175328772	663
-0.08797106342136	0.779473339641524	437
-0.0522405783423101	0.435169887808059	3229
-0.04827108630004	0.44343860950155	1847
-0.04885352006505	0.441851175328772	4571
-0.0522405783423101	0.435169887808059	68
-0.04885352006505	0.441851175328772	68
-0.08484563549255	0.778771858376252	78
-0.04885352006505	0.441851175328772	129
-0.0838772984565199	0.781204714068644	129
-0.04885352006505	0.441851175328772	989
-0.04885352006505	0.441851175328772	2532
-0.04827108630004	0.44343860950155	835
-0.04827108630004	0.44343860950155	437
-0.04827108630004	0.44343860950155	1313
-0.04885352006505	0.441851175328772	3229
-0.04827108630004	0.44343860950155	3229
-0.04885352006505	0.441851175328772	1946
-0.0522405783423101	0.435169887808059	1847
-0.04827108630004	0.44343860950155	107
-0.0838772984565199	0.781204714068644	453
-0.04827108630004	0.44343860950155	5060
0.06396054154419	0.968299974266373	239
0.0737501974505701	1.51366841100535	2016
0.0624930913102899	0.988536633156715	78
-0.0522405783423101	0.435169887808059	2532
-0.0890728329627	0.787375095703056	402
0.0481728664512899	2.07204520351429	237
-0.09572689724339	1.96662782762392	237
-0.0911486928254901	0.784544520381457	1313
-0.08797106342136	0.779473339641524	22
-0.0827708366515001	0.773400670623549	22
-0.04827108630004	0.44343860950155	22
-0.04885352006505	0.441851175328772	22
-0.04885352006505	0.441851175328772	22
-0.08380790599731	0.7804545457661	402
-0.04827108630004	0.44343860950155	503
-0.000248576938719935	1.93965946139992	369
-0.0901104327584099	0.791356332498899	173
-0.04827108630004	0.44343860950155	402
-0.04827108630004	0.44343860950155	417
-0.04885352006505	0.441851175328772	1313
-0.04885352006505	0.441851175328772	1313
-0.04827108630004	0.44343860950155	107
-0.04827108630004	0.44343860950155	68
-0.04827108630004	0.44343860950155	68
-0.04885352006505	0.441851175328772	173
-0.0522405783423101	0.435169887808059	1571
-0.09840255547546	1.1518525900223	260
-0.0828403563917699	0.757627284997358	919
-0.0968397618110499	2.05371719704912	281
-0.04827108630004	0.44343860950155	820
-0.04885352006505	0.441851175328772	417
-0.04827108630004	0.44343860950155	417
-0.08797106342136	0.779473339641524	417
-0.08605256805267	2.13512495260823	237
-0.04827108630004	0.44343860950155	1313
-0.10282191950218	1.18697915887772	1313
-0.04885352006505	0.441851175328772	135
-0.0890081245397201	0.78336625832403	78
0.06458864031757	0.999039175542301	6098
0.0477539185456	2.32377495734521	402
0.0134667901418699	1.47784784918228	217
0.0973755387205799	2.33070563791199	217
0.12241290053205	1.20326540449	237
-0.0838772984565199	0.781204714068644	4261
0.0530969711915801	0.959606159286754	3443
-0.00568327056336004	2.21950382090377	217
-0.0932258425807999	0.738765270018842	2612
-0.08484563549255	0.778771858376252	369
-0.04827108630004	0.44343860950155	369
-0.0849149006866201	0.788425903741666	4261
0.0636125582246301	0.965466724593941	68
0.0621279874417999	0.975112374634473	260
0.06102459755318	0.97900593381916	129
0.01445379688611	1.40439320777134	308
-0.0173371276802201	2.34137894652585	2016
0.00413120896508001	1.42149083012619	78
-0.10049169532988	1.16540398067107	423
-0.09675768045686	1.17081015701009	3745
0.00232360457008007	1.91191242225613	78
0.08994641515721	1.65075337286504	706
0.12188260210589	1.15965518282848	107
-0.11141274109146	1.15608630463886	3745
0.0593269049977701	1.03193555535952	2016
0.0631059901459701	1.0095074686688	2679
0.0624930913102899	0.988536633156715	879
0.0870670490918799	1.65302092632512	369
-0.08484563549255	0.778771858376252	369
-0.08925671433585	1.53510479589914	260
-0.0869920889684	0.776375821449157	820
0.00746429599945997	1.40121975515777	2556
-0.0810661688721199	0.764684666601112	4048
0.0557704498943801	0.95391255645675	4051
-0.10325463676006	1.2457739210264	1741
-0.1079339138474	1.16799805942249	369
0.02110055859023	1.41709253220376	1792
-0.0987239306672101	1.5869035285019	462
-0.0901104327584099	0.791356332498899	308
0.0628704079740701	0.973406537720501	976
0.0915353530681699	1.58756068452689	2679
0.0595625491134699	0.982988409329215	167
0.0118941351356501	1.48533932564112	1313
-0.09678819345706	1.13492265533998	4048
0.0651752804977099	0.91140798272835	3435
-0.0849149006866201	0.788425903741666	4048
0.0564597732296299	2.06513235264338	3250
0.0568757315997099	0.986056836362405	217
-0.0828403563917699	0.757627284997358	402
0.0138423017581	1.35198077345749	423
0.00977006817261006	1.45920168782969	1567
0.0600644456755399	1.02543325878458	308
-0.0801738834057	2.06191788477292	308
-0.0858840259682101	0.768715625222587	2811
0.0631059901459701	1.0095074686688	402
-0.0880358926090401	0.765742619743892	17
0.0638474498478101	1.00767428003693	423
-0.08797106342136	0.779473339641524	68
-0.08484563549255	0.778771858376252	308
-0.10507478584562	1.62860263055275	217
0.05869891026333	0.955132872576523	2811
-0.10282191950218	1.18697915887772	217
0.12106726707942	1.1082487654401	402
-0.0522405783423101	0.435169887808059	706
-0.0976167054063099	1.62792327026347	60
0.05383203491709	0.964507588151942	4051
0.0653295617446701	0.982158599630518	369
0.01094147378215	1.40463785365628	308
-0.0901104327584099	0.791356332498899	6370
0.05858909952275	1.03051357361031	706
-0.08797106342136	0.779473339641524	820
0.05858909952275	1.03051357361031	879
0.0600644456755399	1.02543325878458	60
-0.08173442662581	0.750376196954039	423
0.09388258402717	1.66315854750373	6415
0.0600644456755399	1.02543325878458	308
0.0103216928851699	1.41414543593724	1974
-0.10213055347441	1.16664164474289	369
-0.08595316391303	0.786691282455354	2735
-0.0964775802758899	1.62351514106406	68
-0.0185536410241201	1.79947358128531	403
0.0595625491134699	0.982988409329215	402
-0.0913144926625	1.54747978551408	369
0.05858909952275	1.03051357361031	369
-0.0917554319393299	1.6223325733761	424
-0.0917554319393299	1.6223325733761	820
0.05553551158425	0.994717052396487	369
0.00458164656499993	1.30033514789333	1125
-0.0890081245397201	0.78336625832403	424
0.0665139891103901	0.961792399149469	820
0.05869891026333	0.955132872576523	820
-0.04827108630004	0.44343860950155	1974
-0.0941948599165601	0.747341871614371	369
-0.08380790599731	0.7804545457661	369
-0.0941948599165601	0.747341871614371	78
-0.0838772984565199	0.781204714068644	308
0.0124447542634401	1.32033536315706	308
-0.0890728329627	0.787375095703056	820
-0.0852080401731401	0.763725541227743	17
-0.0522405783423101	0.435169887808059	369
-0.04827108630004	0.44343860950155	3036
0.05909205979828	0.989770385521634	1125
-0.10161408139968	1.18351649692405	129
-0.04827108630004	0.44343860950155	95
-0.08595316391303	0.786691282455354	369
0.0524492447840099	2.00067807534492	402
0.0928127017118501	1.65182231102074	17
0.00471720835971001	1.43243584201594	1974
0.0545668372757	0.961763323133025	1870
-0.0900458450733399	0.776729715601015	369
-0.08484563549255	0.778771858376252	6397
0.089868963432	1.63846897559677	6060
-0.10325463676006	1.2457739210264	895
-0.09917756716995	1.64469311786636	706
0.0588254511820101	0.974809644847702	820
-0.0941948599165601	0.747341871614371	369
0.08668602670923	1.67950897727369	369
0.05406760514168	0.99231232644155	369
0.0548016885161	0.997679123029343	369
-0.0890081245397201	0.78336625832403	1553
0.0502836678343399	0.945503808928444	1066
-0.04885352006505	0.441851175328772	1645
-0.10463754749605	1.22507038557656	217
0.05650329272056	0.951225993697303	820
-0.0858840259682101	0.768715625222587	17
0.0837321866682199	1.7088990919311	60
-0.0522405783423101	0.435169887808059	369
-0.04827108630004	0.44343860950155	369
-0.04827108630004	0.44343860950155	369
-0.04827108630004	0.44343860950155	1553
-0.04885352006505	0.441851175328772	369
-0.04827108630004	0.44343860950155	369
-0.04885352006505	0.441851175328772	369
-0.0890728329627	0.787375095703056	60
-0.10931269757052	1.15681991822247	369
-0.09471658581202	1.15866279682495	369
0.0600644456755399	1.02543325878458	369
0.0631059901459701	1.0095074686688	60
-0.08484563549255	0.778771858376252	78
0.05835354964625	0.995740845736888	369
0.0124808572783399	1.4874051917017	369
0.06396054154419	0.968299974266373	155
-0.10558979072158	1.18091377581633	772
-0.1028759195791	1.15814172215915	369
0.0600644456755399	1.02543325878458	308
-0.04827108630004	0.44343860950155	217
-0.04827108630004	0.44343860950155	2373
-0.0890081245397201	0.78336625832403	1974
-0.00019455473536989	1.8623031424105	369
0.0512406610162099	2.09266782076207	369
-0.0742273057820899	2.22243072732734	1687
0.01463899252159	1.45736020797204	78
-0.04827108630004	0.44343860950155	308
-0.0522405783423101	0.435169887808059	402
-0.04827108630004	0.44343860950155	253
-0.04885352006505	0.441851175328772	1974
0.0593269049977701	1.03193555535952	60
0.04364316729333	2.01465603703447	369
0.0655638591494401	0.954603570757834	369
-0.04827108630004	0.44343860950155	402
0.12389899261739	1.16579691567838	424
-0.04827108630004	0.44343860950155	1856
-0.04827108630004	0.44343860950155	402
-0.0827708366515001	0.773400670623549	17
-0.04885352006505	0.441851175328772	1974
-0.04885352006505	0.441851175328772	2046
-0.0522405783423101	0.435169887808059	435
-0.04885352006505	0.441851175328772	1974
-0.0858840259682101	0.768715625222587	369
0.0580880891425699	0.958622142066034	369
0.05869891026333	0.955132872576523	253
-0.09840255547546	1.1518525900223	435
-0.10008640469095	1.19181649971768	424
-0.04827108630004	0.44343860950155	4745
-0.04885352006505	0.441851175328772	402
-0.04827108630004	0.44343860950155	772
-0.10862318677897	1.16658730251737	6689
0.01655778811867	1.3540639776445	308
0.00977006817261006	1.45920168782969	155
-0.0984494555853901	1.18682979431634	60
-0.0860489633158199	1.96422106637838	369
-0.09733146662174	0.695594863221118	369
-0.0908610276752	1.60237354988163	253
0.08037287198931	1.68289383219391	60
0.0927815065089299	2.29873520022544	369
-0.04885352006505	0.441851175328772	2302
-0.04827108630004	0.44343860950155	253
0.0120828603640899	1.41953529855666	435
-0.04827108630004	0.44343860950155	3059
0.0510135026709599	0.946473336893556	170
-0.0522405783423101	0.435169887808059	2302
-0.08380790599731	0.7804545457661	5927
-0.04885352006505	0.441851175328772	402
-0.0869920889684	0.776375821449157	402
-0.04885352006505	0.441851175328772	435
-0.08595316391303	0.786691282455354	5927
-0.04827108630004	0.44343860950155	5927
-0.10325463676006	1.2457739210264	60
0.11352906532709	2.33333526665595	60
0.06239118551013	2.4124482358533	100
0.0103558663412	1.43799406496896	308
-0.0849149006866201	0.788425903741666	308
0.00548491204841994	1.35501680402133	435
0.00999809641989002	1.37875637051837	60
-0.09909668252631	1.16396640376971	95
-0.04885352006505	0.441851175328772	285
0.0111616379028101	1.38997644860493	4432
-0.0890081245397201	0.78336625832403	1974
0.00341275556624998	1.31462104916034	308
-0.0890081245397201	0.78336625832403	435
-0.0869346608905801	0.758350728750372	95
0.05958930574234	1.99909284685723	60
-0.0942872021740999	1.14430786970059	369
-0.000326440649299986	1.83120514364919	6401
-0.09953169877072	1.21059553963476	285
-0.08380790599731	0.7804545457661	285
0.0595625491134699	0.982988409329215	424
0.0840945908160999	1.69669347656404	369
-0.0849149006866201	0.788425903741666	2847
0.0634645636087701	0.98626178495678	2847
-0.08760021808775	2.15545378226094	60
-0.0838772984565199	0.781204714068644	60
-0.08484563549255	0.778771858376252	7
0.0144700431992699	1.42268141743326	1680
-0.10022581105585	1.20189998022672	5965
-0.0890728329627	0.787375095703056	17
-0.0852080401731401	0.763725541227743	24
-0.0827708366515001	0.773400670623549	1170
-0.0827708366515001	0.773400670623549	1680
0.0240792315121601	1.30723390992304	2847
-0.0818559145017399	2.43025179233757	60
-0.10325463676006	1.2457739210264	369
-0.08380790599731	0.7804545457661	24
0.0634645636087701	0.98626178495678	57
-0.10394597199314	1.23979348446652	5927
-0.04827108630004	0.44343860950155	1636
0.05650329272056	0.951225993697303	369
-0.10187268646364	1.23185091532256	1680
-0.09678819345706	1.13492265533998	805
0.0542137948709001	0.91154403126112	308
-0.0838772984565199	0.781204714068644	1636
-0.0997695023762899	1.67593138027817	60
-0.0849149006866201	0.788425903741666	4813
-0.09605016046882	1.68799197097952	308
-0.08380790599731	0.7804545457661	1636
0.01391333221534	1.45181040184685	254
0.06408313144376	0.96402287461693	60
-0.0880358926090401	0.765742619743892	3364
0.01090894069112	1.42325675366929	369
-0.08484563549255	0.778771858376252	2193
-0.08595316391303	0.786691282455354	57
0.0113434335872999	1.42916500219649	402
-0.0932258425807999	0.738765270018842	3902
-0.04827108630004	0.44343860950155	60
-0.10489746152935	1.19431001857182	692
-0.0890081245397201	0.78336625832403	3364
0.05820786536441	0.950944987147793	57
0.0934836984457501	2.26109866669844	1680
0.08628140092073	1.69441376197268	70
-0.00295400263395007	1.94871062725522	285
-0.04827108630004	0.44343860950155	1286
-0.04827108630004	0.44343860950155	60
0.0633060893792901	2.05285539565434	400
-0.04885352006505	0.441851175328772	1286
0.0559409427950099	2.11941699963255	60
0.0958226011308201	2.25424851123103	7
0.00804919462882991	1.37215992890548	1680
0.0906859546541201	1.72749492839857	692
-0.10325463676006	1.2457739210264	369
0.0179356971062601	1.41632066020827	369
-0.09635961744597	1.15981734679928	369
-0.0911486928254901	0.784544520381457	15
0.01098902518386	1.41970632171778	424
-0.04827108630004	0.44343860950155	424
-0.04827108630004	0.44343860950155	424
-0.0849149006866201	0.788425903741666	759
-0.0869920889684	0.776375821449157	3762
-0.10325463676006	1.2457739210264	57
-0.0901104327584099	0.791356332498899	15
0.0687245196225501	0.956357385433997	60
0.0631059901459701	1.0095074686688	692
0.00682644367519991	1.75467596829933	692
-0.10629815323358	1.20320284346454	70
-0.0924589436863901	0.716737186322713	424
0.0118941351356501	1.48533932564112	57
-0.0987239306672101	1.5869035285019	308
-0.04827108630004	0.44343860950155	1346
-0.1028759195791	1.15814172215915	692
0.0593269049977701	1.03193555535952	7
0.0122938222639	1.46581564044301	4862
0.08675083694455	1.71335725772404	57
0.12450958603929	1.90414713522515	692
0.0602993831198899	0.984213343761052	7
-0.0173371276802201	2.34137894652585	308
0.0869598754113401	1.73266135548974	60
0.0910182891465801	1.63453115421061	60
0.0613852964369099	0.970953327287667	117
-0.0838772984565199	0.781204714068644	692
-0.04885352006505	0.441851175328772	978
-0.04827108630004	0.44343860950155	2193
-0.09842915735305	0.701472200600426	1680
-0.08595316391303	0.786691282455354	1680
-0.04885352006505	0.441851175328772	2995
0.08195361898904	1.70453714373189	308
-0.0955785002251499	1.61718746594715	2570
0.0896170862579799	1.72251383313856	245
0.0861394413035901	1.5681908372159	57
0.01655778811867	1.3540639776445	60
0.0641974446459701	0.98038215303248	77
0.05858909952275	1.03051357361031	5639
0.0160434090691499	1.47723975144178	1305
0.0124808572783399	1.4874051917017	400
-0.10564557753585	1.60064407092564	15
0.0610359533839899	0.978388462195657	60
0.0625083034157099	0.933553738103639	536
0.0559409427950099	2.11941699963255	15
0.0542137948709001	0.91154403126112	166
0.05383203491709	0.964507588151942	2193
0.0122938222639	1.46581564044301	1017
0.0665139891103901	0.961792399149469	536
0.0643544383841901	0.949948537929152	166
-0.0126673362010701	2.2453231800774	166
-0.10463754749605	1.22507038557656	77
0.0118941351356501	1.48533932564112	15
-0.04827108630004	0.44343860950155	1267
-0.10022581105585	1.20189998022672	400
-0.0849149006866201	0.788425903741666	117
-0.04827108630004	0.44343860950155	91
-0.10862318677897	1.16658730251737	689
-0.04827108630004	0.44343860950155	424
-0.0522405783423101	0.435169887808059	60
-0.04885352006505	0.441851175328772	60
-0.10050105729662	0.701016569238295	238
0.0447554456267301	2.38176364270881	2543
-0.04827108630004	0.44343860950155	536
-0.08380790599731	0.7804545457661	117
-0.0849149006866201	0.788425903741666	1297
-0.0901104327584099	0.791356332498899	434
-0.0890728329627	0.787375095703056	60
-0.0858840259682101	0.768715625222587	400
-0.0522405783423101	0.435169887808059	15
-0.08380790599731	0.7804545457661	238
-0.04827108630004	0.44343860950155	79
-0.04885352006505	0.441851175328772	79
-0.08380790599731	0.7804545457661	166
-0.04827108630004	0.44343860950155	1061
-0.04827108630004	0.44343860950155	1061
-0.04885352006505	0.441851175328772	1061
-0.04827108630004	0.44343860950155	434
0.08553897703855	1.61427685991849	3306
0.0124808572783399	1.4874051917017	60
-0.04885352006505	0.441851175328772	60
-0.04827108630004	0.44343860950155	60
-0.08484563549255	0.778771858376252	117
-0.04885352006505	0.441851175328772	117
-0.08484563549255	0.778771858376252	15
-0.04827108630004	0.44343860950155	164
0.00251713965095002	1.79825743226716	144
-0.04885352006505	0.441851175328772	117
-0.105351963417	1.14811284331693	238
0.0600644456755399	1.02543325878458	45
-0.04885352006505	0.441851175328772	1061
0.12279476776685	1.17261013933692	3126
0.07936388743417	1.67389024949367	117
0.05406760514168	0.99231232644155	15
-0.04827108630004	0.44343860950155	60
0.01503965971772	1.39901097398227	3453
0.05909205979828	0.989770385521634	60
-0.09529891846709	0.754403060324179	2380
-0.08595316391303	0.786691282455354	144
-0.0522405783423101	0.435169887808059	138
-0.0522405783423101	0.435169887808059	149
-0.04827108630004	0.44343860950155	149
-0.04827108630004	0.44343860950155	1228
-0.04885352006505	0.441851175328772	1228
-0.09953169877072	1.21059553963476	953
-0.09039073975844	0.734046220944365	149
0.0834976576372	1.68638254192777	536
-0.09814420377504	1.20677997698229	536
-0.0992716072818001	1.14657353139823	144
-0.0901104327584099	0.791356332498899	3736
-0.04885352006505	0.441851175328772	394
-0.04827108630004	0.44343860950155	1228
-0.0522405783423101	0.435169887808059	5254
0.0677502792650699	0.958525003919999	382
-0.0522405783423101	0.435169887808059	394
-0.04827108630004	0.44343860950155	3419
0.0662749262808899	0.968066962569099	166
0.0627314227454801	0.985029246411559	200
-0.04827108630004	0.44343860950155	394
-0.04827108630004	0.44343860950155	200
-0.0522405783423101	0.435169887808059	1009
-0.04827108630004	0.44343860950155	60
0.0083118010435701	1.29486508459439	1019
-0.08210182855653	0.763102436083189	91
-0.04827108630004	0.44343860950155	394
-0.04885352006505	0.441851175328772	200
0.0641974446459701	0.98038215303248	5220
-0.0849149006866201	0.788425903741666	79
-0.10394597199314	1.23979348446652	60
-0.0869346608905801	0.758350728750372	1014
-0.04827108630004	0.44343860950155	44
0.0150557974997501	1.43197380376338	536
-0.08595316391303	0.786691282455354	536
-0.09770867193587	1.1309815513936	166
-0.0869920889684	0.776375821449157	166
-0.0522405783423101	0.435169887808059	5220
0.12068114445579	1.16582929446471	1014
0.06458864031757	0.999039175542301	44
-0.08595316391303	0.786691282455354	91
-0.0880358926090401	0.765742619743892	200
-0.0849149006866201	0.788425903741666	953
-0.09633643185862	0.736803548695673	1097
-0.04827108630004	0.44343860950155	1009
0.0608017217400001	1.00960425807767	2184
0.0593269049977701	1.03193555535952	60
0.0672510970265901	0.96586204658775	164
0.10518814101309	2.28592428084337	166
0.0638474498478101	1.00767428003693	200
-0.08624240889866	0.767448290571994	200
0.0100304130446101	1.42031112868281	1097
0.0189445974425599	1.38529841851677	3969
0.0672510970265901	0.96586204658775	382
-0.09218761399412	0.761626583164849	2119
0.08808773226357	2.20956565946513	45
-0.0522405783423101	0.435169887808059	200
0.0598303042830901	0.97525805710998	200
0.11757846063622	1.10408805674872	382
0.0808483984327399	1.66605868440092	5068
-0.0996450440035199	1.68242065834209	60
0.09297344126566	2.21295490559828	117
-0.1079339138474	1.16799805942249	1411
0.0906859546541201	1.72749492839857	5068
-0.01312009314517	1.77813104407226	166
0.05835354964625	0.995740845736888	166
-0.09662108880925	1.68125167393033	382
-0.0806003138867	2.0111506915117	200
0.0858917478058201	1.71886107056911	238
-0.0942872021740999	1.14430786970059	60
-0.04885352006505	0.441851175328772	536
-0.0838772984565199	0.781204714068644	223
-0.08380790599731	0.7804545457661	117
-0.10698642957578	1.21087016999587	2184
0.0557704498943801	0.95391255645675	60
-0.04885352006505	0.441851175328772	60
-0.04827108630004	0.44343860950155	164
-0.04885352006505	0.441851175328772	166
0.0467020702815399	2.08055465947271	944
-0.0849149006866201	0.788425903741666	1411
-0.0911486928254901	0.784544520381457	646
-0.10489746152935	1.19431001857182	200
-0.0849149006866201	0.788425903741666	200
-0.04885352006505	0.441851175328772	5177
-0.04885352006505	0.441851175328772	842
0.0975686289602899	2.23460831685946	536
-0.04827108630004	0.44343860950155	166
-0.08595316391303	0.786691282455354	166
0.0179356971062601	1.41632066020827	117
0.0631059901459701	1.0095074686688	1411
0.05650329272056	0.951225993697303	1411
-0.10132368978339	1.55901568555168	6099
-0.08624240889866	0.767448290571994	60
-0.04885352006505	0.441851175328772	5177
-0.10351352608029	1.19743691232444	166
-0.0174168217741599	2.29487149545126	166
0.11697804892033	1.11750113092455	117
0.05785102906646	1.02128267566776	646
-0.04827108630004	0.44343860950155	89
0.0168119163873399	1.4146693467055	60
0.0144976244895201	1.43075169330021	536
-0.0988378297315899	1.21225136128457	166
-0.09635961744597	1.15981734679928	223
-0.04827108630004	0.44343860950155	5866
-0.09609741780921	1.14944342936559	79
0.0122938222639	1.46581564044301	99
-0.0900458450733399	0.776729715601015	3289
0.05485475989587	2.09888916663391	723
0.05338227071508	2.1077165970509	117
0.0696903255411501	0.898446728511231	200
-0.10325463676006	1.2457739210264	60
-0.04827108630004	0.44343860950155	164
-0.0849149006866201	0.788425903741666	3289
0.0593269049977701	1.03193555535952	166
0.0476595680163401	2.07684915927217	117
-0.08417431820958	0.743590289338102	200
-0.04885352006505	0.441851175328772	1881
0.0655638591494401	0.954603570757834	44
-0.09315863125403	0.748298153660836	164
-0.0135124114616101	2.22308940827407	166
-0.0902905296202401	1.61934536832544	172
-0.00190437314835989	1.91583056090101	200
-0.0994647832649001	0.71199710291964	200
-0.04827108630004	0.44343860950155	6276
-0.04827108630004	0.44343860950155	842
-0.0522405783423101	0.435169887808059	200
-0.09733146662174	0.695594863221118	200
-0.04827108630004	0.44343860950155	200
-0.04827108630004	0.44343860950155	200
-0.04885352006505	0.441851175328772	4259
-0.04885352006505	0.441851175328772	6276
-0.04827108630004	0.44343860950155	575
-0.10161408139968	1.18351649692405	79
-0.0890728329627	0.787375095703056	99
0.0907475149096499	1.70779541635463	1327
0.05348690184136	0.910689499393179	172
0.0626013302539199	0.950032207650153	117
-0.0890081245397201	0.78336625832403	79
-0.04827108630004	0.44343860950155	518
-0.04885352006505	0.441851175328772	518
0.05909205979828	0.989770385521634	200
0.1183647744291	1.75018988708183	826
-0.08484563549255	0.778771858376252	5029
-0.04827108630004	0.44343860950155	518
-0.0880358926090401	0.765742619743892	2010
-0.0890081245397201	0.78336625832403	166
0.10180321555407	2.26140257553093	172
-0.04827108630004	0.44343860950155	172
-0.04827108630004	0.44343860950155	200
0.0634645636087701	0.98626178495678	4291
-0.04827108630004	0.44343860950155	518
-0.0868245624023001	2.43445773655202	164
0.05869891026333	0.955132872576523	575
-0.04827108630004	0.44343860950155	1073
0.000276681631109943	1.94258556614764	45
0.06458864031757	0.999039175542301	172
-0.0039520280796701	1.87352223180215	172
0.0648236293879301	0.962349349234674	117
0.06458864031757	0.999039175542301	4291
-0.10564557753585	1.60064407092564	79
0.0598303042830901	0.97525805710998	2184
-0.10282191950218	1.18697915887772	223
-0.04827108630004	0.44343860950155	518
-0.0838772984565199	0.781204714068644	99
-0.04885352006505	0.441851175328772	518
0.0593269049977701	1.03193555535952	842
-0.0828403563917699	0.757627284997358	200
-0.04827108630004	0.44343860950155	200
-0.04827108630004	0.44343860950155	1774
0.05236164591948	0.946321698714295	91
-0.0522405783423101	0.435169887808059	200
0.0638474498478101	1.00767428003693	842
0.0093693745958201	1.38056588287509	177
-0.0849149006866201	0.788425903741666	575
-0.0858840259682101	0.768715625222587	99
0.0610359533839899	0.978388462195657	99
-0.0900458450733399	0.776729715601015	45
-0.04827108630004	0.44343860950155	3715
-0.0522405783423101	0.435169887808059	200
-0.04827108630004	0.44343860950155	575
-0.0810661688721199	0.764684666601112	117
-0.0987101523492599	1.17919374894645	5253
-0.10351352608029	1.19743691232444	575
-0.04885352006505	0.441851175328772	3577
-0.10135731266299	1.67525231043851	200
-0.04827108630004	0.44343860950155	3577
-0.0522405783423101	0.435169887808059	99
-0.0901104327584099	0.791356332498899	2780
0.05383203491709	0.964507588151942	45
0.01721367564626	1.47320910599887	412
-0.10698642957578	1.21087016999587	45
-0.0852080401731401	0.763725541227743	200
-0.0928763299470201	1.69241685817361	2780
-0.08380790599731	0.7804545457661	172
-0.08380790599731	0.7804545457661	2780
-0.04827108630004	0.44343860950155	575
0.12459951389981	1.21593726707149	177
0.01838318121403	1.43475538643506	172
-0.0890728329627	0.787375095703056	172
-0.08595316391303	0.786691282455354	172
-0.0858840259682101	0.768715625222587	2604
0.0648236293879301	0.962349349234674	172
-0.04827108630004	0.44343860950155	737
-0.0849149006866201	0.788425903741666	299
0.0756781468699901	1.57418826170235	412
0.0840326888992	1.68871572482147	45
-0.0128272145016	2.195345703872	172
0.0160434090691499	1.47723975144178	172
0.0854763537790799	1.67006949104336	2780
-0.0890728329627	0.787375095703056	2780
-0.04827108630004	0.44343860950155	2780
-0.10561011367346	1.18467656559468	25
0.0636125582246301	0.965466724593941	2780
-0.04885352006505	0.441851175328772	2780
0.12399813532416	1.21046822124223	172
-0.0914245187592799	0.7331497456946	332
-0.04885352006505	0.441851175328772	2780
0.0119287048480301	1.39625363526218	193
0.0677502792650699	0.958525003919999	45
-0.0984494555853901	1.18682979431634	172
-0.0838772984565199	0.781204714068644	567
0.12301482876941	1.21736514241509	1379
0.0869598754113401	1.73266135548974	172
0.01676244426482	1.42628876450591	172
-0.10076765582294	1.5971210740147	5295
-0.08624240889866	0.767448290571994	79
-0.0901104327584099	0.791356332498899	1458
-0.10313668526085	1.15370695113172	172
-0.04885352006505	0.441851175328772	2379
0.0840945908160999	1.69669347656404	3423
0.0134667901418699	1.47784784918228	3341
0.0103216928851699	1.41414543593724	332
-0.0928763299470201	1.69241685817361	332
0.01662863754083	1.47927795041958	25
-0.08484563549255	0.778771858376252	25
0.07829387615231	1.68728468712668	5295
-0.10256354163673	1.24329327350862	332
-0.10324103272292	1.54847098961547	45
-0.0986482112931	1.61971546413648	5399
0.0598303042830901	0.97525805710998	363
0.0168119163873399	1.4146693467055	261
-0.0838772984565199	0.781204714068644	880
0.0524723464971599	0.913303430510018	880
0.12399813532416	1.21046822124223	193
-0.04885352006505	0.441851175328772	842
0.03748787292953	2.41917141195154	431
-0.0890081245397201	0.78336625832403	2622
-0.08595316391303	0.786691282455354	880
-0.1079339138474	1.16799805942249	880
-0.04827108630004	0.44343860950155	880
-0.08380790599731	0.7804545457661	880
-0.11141274109146	1.15608630463886	3425
-0.09359687717188	1.12366902088982	3341
-0.1079339138474	1.16799805942249	47
-0.04827108630004	0.44343860950155	2205
-0.08797106342136	0.779473339641524	172
-0.04827108630004	0.44343860950155	332
0.00436976380632004	1.77498333888233	147
-0.08797106342136	0.779473339641524	2698
-0.0890728329627	0.787375095703056	99
0.0728862211458801	1.56961337624825	172
0.09366947900399	1.56804807675565	172
-0.09212305135077	0.732040495943664	3341
-0.08624240889866	0.767448290571994	2205
-0.0872234750743199	2.01082089344115	99
-0.0852080401731401	0.763725541227743	5193
-0.0901104327584099	0.791356332498899	172
-0.08380790599731	0.7804545457661	3006
-0.0852080401731401	0.763725541227743	1173
-0.0978851191363801	1.15570981892753	25
-0.0941948599165601	0.747341871614371	5378
-0.08484563549255	0.778771858376252	691
-0.04885352006505	0.441851175328772	442
-0.0522405783423101	0.435169887808059	913
-0.0522405783423101	0.435169887808059	5193
-0.04827108630004	0.44343860950155	5214
-0.04885352006505	0.441851175328772	1173
-0.04827108630004	0.44343860950155	25
-0.0869920889684	0.776375821449157	5378
0.05539684866037	0.936651472948764	5193
-0.04827108630004	0.44343860950155	147
-0.0828403563917699	0.757627284997358	780
-0.04885352006505	0.441851175328772	3597
0.0557704498943801	0.95391255645675	691
0.0600644456755399	1.02543325878458	691
-0.09315863125403	0.748298153660836	47
-0.04885352006505	0.441851175328772	780
-0.08484563549255	0.778771858376252	106
0.12421807424606	1.2202031522033	45
-0.0827708366515001	0.773400670623549	172
0.12291188339733	1.13579467386903	47
-0.0890081245397201	0.78336625832403	45
0.0133288503814599	1.46309802371925	332
-0.0810661688721199	0.764684666601112	193
0.05175220785593	2.09166402324979	431
0.05835354964625	0.995740845736888	106
0.06848755793349	0.943199414806761	106
-0.08797106342136	0.779473339641524	94
0.0596656499172601	0.953037409553694	1315
0.00687920749375004	1.41829777110735	212
-0.04885352006505	0.441851175328772	193
-0.04885352006505	0.441851175328772	193
-0.0522405783423101	0.435169887808059	3060
-0.0890081245397201	0.78336625832403	3597
0.01703209577036	1.42279497783997	193
-0.0133180863960101	2.31778491394158	172
-0.0838772984565199	0.781204714068644	264
-0.04827108630004	0.44343860950155	3060
-0.0861809499674999	2.10972748605985	106
-0.04827108630004	0.44343860950155	1237
0.0648236293879301	0.962349349234674	193
0.0114959964788901	1.4250778557979	172
-0.04885352006505	0.441851175328772	47
0.0595625491134699	0.982988409329215	332
0.0816644776155999	1.71250358342211	106
-0.0908610276752	1.60237354988163	193
-0.11584234611952	1.09202642151341	409
0.0602993831198899	0.984213343761052	106
-0.0808099218752301	2.44017429557753	1698
-0.10862318677897	1.16658730251737	409
-0.10118207108117	1.20960248746016	212
-0.1028759195791	1.15814172215915	193
-0.09633643185862	0.736803548695673	499
-0.09770867193587	1.1309815513936	106
-0.0800311662681701	0.757951556350574	106
0.0815462618460801	1.63006653961072	228
-0.10282191950218	1.18697915887772	228
-0.09426205564365	0.755389897988905	106
-0.10213055347441	1.16664164474289	3129
-0.0827708366515001	0.773400670623549	3129
-0.0880358926090401	0.765742619743892	106
-0.04885352006505	0.441851175328772	2794
0.12411162090459	1.12994338531707	356
-0.0890081245397201	0.78336625832403	647
-0.0849149006866201	0.788425903741666	5063
-0.09315863125403	0.748298153660836	5063
-0.04885352006505	0.441851175328772	106
-0.0890728329627	0.787375095703056	106
0.063226946778	0.982632932651661	106
0.0594287528306901	0.943921936923769	356
0.0665139891103901	0.961792399149469	252
-0.01054285335613	1.89234362830878	106
0.0841372396140401	1.68504041415204	106
-0.10450417448919	1.64580582873968	1262
0.0133288503814599	1.46309802371925	106
0.00629392899828996	1.42556923413824	1891
0.00999043595567994	1.38660326195591	106
-0.0987101523492599	1.17919374894645	106
0.01636584866613	1.43355681810225	106
0.06039450922829	0.941872635358897	106
0.0629224300746401	2.05073379662007	1209
0.0631059901459701	1.0095074686688	4827
-0.04885352006505	0.441851175328772	30
-0.08484563549255	0.778771858376252	106
-0.1070771107718	1.60212588542015	3035
-0.04827108630004	0.44343860950155	47
0.01269506126987	1.37775961742452	195
-0.0869920889684	0.776375821449157	106
-0.0872774251891899	0.761151259714728	1734
-0.04885352006505	0.441851175328772	47
0.0535703652317801	0.907828591388144	195
-0.09857824196487	1.15427717706514	106
0.0107201154733001	1.45674527348595	3322
0.0557704498943801	0.95391255645675	3322
-0.08484563549255	0.778771858376252	106
-0.0988378297315899	1.21225136128457	3597
-0.10767494285572	1.20929553874536	30
-0.04885352006505	0.441851175328772	106
0.0588254511820101	0.974809644847702	106
-0.08380790599731	0.7804545457661	1209
0.01215931758178	1.45917321324199	30
-0.04827108630004	0.44343860950155	47
-0.0993981599657601	1.18954078116112	106
-0.08484563549255	0.778771858376252	30
-0.04827108630004	0.44343860950155	106
-0.0827708366515001	0.773400670623549	94
0.0777586389911	1.68052832523622	106
-0.0975052782295201	1.62404602776035	106
-0.04827108630004	0.44343860950155	47
-0.04827108630004	0.44343860950155	47
0.0951062469117801	2.29383165958251	106
0.0978181613767599	1.53012189163259	106
0.0638474498478101	1.00767428003693	30
-0.09814420377504	1.20677997698229	30
-0.04827108630004	0.44343860950155	1530
-0.08797106342136	0.779473339641524	678
-0.12322281108317	0.968327607216278	106
-0.04827108630004	0.44343860950155	1530
-0.04827108630004	0.44343860950155	30
0.00702369025590999	1.40655626501215	195
0.0548016885161	0.997679123029343	356
-0.09315863125403	0.748298153660836	106
-0.08692307825654	0.744449964924098	3597
-0.04827108630004	0.44343860950155	1530
-0.08595316391303	0.786691282455354	758
-0.0979344002062399	1.59546136685721	672
-0.04885352006505	0.441851175328772	3730
0.0634645636087701	0.98626178495678	106
-0.04885352006505	0.441851175328772	30
0.0631059901459701	1.0095074686688	106
-0.0911486928254901	0.784544520381457	94
-0.04827108630004	0.44343860950155	1325
0.0898337145641299	1.57718343598579	1523
-0.04827108630004	0.44343860950155	758
-0.04885352006505	0.441851175328772	1325
-0.10022581105585	1.20189998022672	672
0.0643544383841901	0.949948537929152	2753
0.0665139891103901	0.961792399149469	72
-0.04885352006505	0.441851175328772	94
0.0635934113105401	0.881957707758089	822
-0.0992716072818001	1.14657353139823	106
0.06553685159545	0.963975441885722	106
-0.10767494285572	1.20929553874536	72
0.00702369025590999	1.40655626501215	72
0.05835354964625	0.995740845736888	349
0.01779852349944	1.45866177270863	106
0.0666343982189701	0.919280759556183	72
-0.0987101523492599	1.17919374894645	349
-0.0890728329627	0.787375095703056	349
0.05761477364182	0.994469561014255	349
-0.09426205564365	0.755389897988905	94
-0.0827708366515001	0.773400670623549	106
0.0548016885161	0.997679123029343	529
-0.0819867117433899	1.99684119035664	106
-0.10048566781778	1.16751105186019	106
-0.0937533129696499	1.58945135393427	72
0.0602993831198899	0.984213343761052	2219
-0.0945680306508601	1.50577835171252	6399
-0.04885352006505	0.441851175328772	106
-0.0800311662681701	0.757951556350574	1742
-0.04827108630004	0.44343860950155	529
-0.0890081245397201	0.78336625832403	779
-0.0890081245397201	0.78336625832403	106
-0.04885352006505	0.441851175328772	106
-0.0890728329627	0.787375095703056	106
-0.04885352006505	0.441851175328772	779
0.0548016885161	0.997679123029343	349
-0.09776220302063	1.17652685016931	94
-0.08797106342136	0.779473339641524	106
-0.0522405783423101	0.435169887808059	986
-0.0827708366515001	0.773400670623549	72
-0.08484563549255	0.778771858376252	779
-0.04827108630004	0.44343860950155	779
-0.08797106342136	0.779473339641524	3005
-0.04827108630004	0.44343860950155	106
-0.04827108630004	0.44343860950155	2324
-0.04827108630004	0.44343860950155	106
-0.04827108630004	0.44343860950155	986
-0.04885352006505	0.441851175328772	1642
-0.04827108630004	0.44343860950155	1317
-0.08595316391303	0.786691282455354	779
-0.0890728329627	0.787375095703056	94
-0.0522405783423101	0.435169887808059	8
-0.04827108630004	0.44343860950155	4249
-0.04827108630004	0.44343860950155	4753
-0.04885352006505	0.441851175328772	2834
-0.04827108630004	0.44343860950155	779
-0.0901104327584099	0.791356332498899	349
-0.09776220302063	1.17652685016931	5620
-0.0901104327584099	0.791356332498899	4721
-0.04885352006505	0.441851175328772	4753
-0.08624240889866	0.767448290571994	4753
-0.0890728329627	0.787375095703056	779
-0.0522405783423101	0.435169887808059	779
-0.0522405783423101	0.435169887808059	349
-0.08380790599731	0.7804545457661	106
-0.04827108630004	0.44343860950155	1911
-0.04885352006505	0.441851175328772	106
-0.09426205564365	0.755389897988905	4721
-0.0849149006866201	0.788425903741666	4753
-0.04827108630004	0.44343860950155	4753
-0.04827108630004	0.44343860950155	779
-0.04885352006505	0.441851175328772	779
-0.0849149006866201	0.788425903741666	779
-0.04885352006505	0.441851175328772	779
-0.08417431820958	0.743590289338102	106
-0.04827108630004	0.44343860950155	1911
-0.04827108630004	0.44343860950155	106
-0.04827108630004	0.44343860950155	986
-0.04885352006505	0.441851175328772	1642
-0.04827108630004	0.44343860950155	151
-0.0849149006866201	0.788425903741666	106
0.11959019849887	1.83793047163182	484
-0.04827108630004	0.44343860950155	72
-0.04827108630004	0.44343860950155	779
-0.04827108630004	0.44343860950155	1838
-0.04827108630004	0.44343860950155	4267
-0.0890728329627	0.787375095703056	986
-0.10862318677897	1.16658730251737	4267
0.0472625798105499	0.887688971698502	986
-0.08173442662581	0.750376196954039	72
-0.09127409378538	1.52795433489288	779
-0.08484563549255	0.778771858376252	331
0.12383820874247	1.16412868011933	106
-0.0890728329627	0.787375095703056	986
-0.0914245187592799	0.7331497456946	72
-0.0880358926090401	0.765742619743892	662
-0.0800311662681701	0.757951556350574	662
-0.09402652914389	1.15370170655213	662
0.05909205979828	0.989770385521634	779
0.01274417887471	1.46545713504978	106
0.0593269049977701	1.03193555535952	106
-0.04827108630004	0.44343860950155	8
-0.04827108630004	0.44343860950155	106
-0.0522405783423101	0.435169887808059	986
-0.04827108630004	0.44343860950155	3291
-0.04885352006505	0.441851175328772	907
-0.0522405783423101	0.435169887808059	331
-0.04827108630004	0.44343860950155	3445
-0.0932258425807999	0.738765270018842	106
-0.04885352006505	0.441851175328772	986
-0.08484563549255	0.778771858376252	986
-0.0849149006866201	0.788425903741666	662
-0.04827108630004	0.44343860950155	349
-0.0890081245397201	0.78336625832403	106
0.0631059901459701	1.0095074686688	106
-0.08380790599731	0.7804545457661	56
-0.0828403563917699	0.757627284997358	72
0.12443966769456	1.14414305472917	72
-0.08380790599731	0.7804545457661	1180
-0.0522405783423101	0.435169887808059	56
-0.04827108630004	0.44343860950155	72
-0.0890728329627	0.787375095703056	349
-0.0852080401731401	0.763725541227743	349
-0.10672723309937	1.15362334113009	1257
-0.0858840259682101	0.768715625222587	106
0.0636125582246301	0.965466724593941	56
0.05909205979828	0.989770385521634	106
0.0594287528306901	0.943921936923769	3445
-0.000852935124910026	1.82518971366438	4200
-0.10561011367346	1.18467656559468	106
-0.10561011367346	1.18467656559468	72
-0.0880358926090401	0.765742619743892	1126
0.06405990491242	0.936689101267641	56
-0.10824941259811	1.11136289380839	2319
-0.0827708366515001	0.773400670623549	72
-0.0828403563917699	0.757627284997358	106
-0.08624240889866	0.767448290571994	1902
-0.10048566781778	1.16751105186019	8
0.00124771900056997	1.35402347717381	1902
0.0602993831198899	0.984213343761052	72
0.0631059901459701	1.0095074686688	56
0.0696903255411501	0.898446728511231	56
-0.10351352608029	1.19743691232444	72
-0.0849149006866201	0.788425903741666	2589
0.0160434090691499	1.47723975144178	106
0.0527169769587199	0.900613839235339	106
-0.0890081245397201	0.78336625832403	72
0.0588254511820101	0.974809644847702	72
0.0548016885161	0.997679123029343	72
-0.10862318677897	1.16658730251737	3063
-0.1070771107718	1.60212588542015	2589
-0.04827108630004	0.44343860950155	106
-0.04827108630004	0.44343860950155	106
-0.04885352006505	0.441851175328772	1412
-0.0901104327584099	0.791356332498899	72
-0.04827108630004	0.44343860950155	72
-0.04827108630004	0.44343860950155	3063
-0.04827108630004	0.44343860950155	72
-0.04827108630004	0.44343860950155	72
0.0627314227454801	0.985029246411559	1126
-0.04827108630004	0.44343860950155	1030
-0.04827108630004	0.44343860950155	106
-0.0849149006866201	0.788425903741666	2275
-0.04827108630004	0.44343860950155	460
0.12029661181768	1.17334817168897	106
-0.09979105325238	1.16899437363009	72
0.0544616624977901	0.90882188586898	2275
-0.09426205564365	0.755389897988905	2275
-0.0828403563917699	0.757627284997358	72
0.05553551158425	0.994717052396487	72
-0.10044119014548	2.31547443585656	72
0.05835354964625	0.995740845736888	106
-0.10213055347441	1.16664164474289	1126
0.0858917478058201	1.71886107056911	127
0.01075797186462	1.45008562560592	106
0.00647406408507001	1.40960223871428	72
-0.0890081245397201	0.78336625832403	1126
0.06458864031757	0.999039175542301	106
-0.04827108630004	0.44343860950155	106
-0.04885352006505	0.441851175328772	583
-0.04827108630004	0.44343860950155	583
-0.0852080401731401	0.763725541227743	56
-0.0827708366515001	0.773400670623549	5832
-0.04827108630004	0.44343860950155	5811
-0.04827108630004	0.44343860950155	72
-0.04827108630004	0.44343860950155	3881
-0.04885352006505	0.441851175328772	331
-0.04885352006505	0.441851175328772	786
-0.08380790599731	0.7804545457661	460
-0.0970751866481401	1.15650228970347	106
-0.0901104327584099	0.791356332498899	106
-0.08380790599731	0.7804545457661	106
-0.0952317381438601	0.730144248427333	4359
0.0608017217400001	1.00960425807767	106
0.0519881969073599	0.908114749075563	106
-0.0880358926090401	0.765742619743892	2376
-0.04827108630004	0.44343860950155	5832
-0.04827108630004	0.44343860950155	3881
-0.04885352006505	0.441851175328772	786
-0.0828403563917699	0.757627284997358	460
-0.0932258425807999	0.738765270018842	460
0.05835354964625	0.995740845736888	72
-0.10008640469095	1.19181649971768	72
0.06458864031757	0.999039175542301	106
0.00138053162132001	1.79549842619939	106
-0.09706398816717	1.6994164007179	56
-0.10256354163673	1.24329327350862	6619
-0.0858840259682101	0.768715625222587	786
-0.08595316391303	0.786691282455354	460
-0.08380790599731	0.7804545457661	460
-0.08595316391303	0.786691282455354	106
-0.09315863125403	0.748298153660836	319
-0.04827108630004	0.44343860950155	786
-0.0890728329627	0.787375095703056	786
-0.0900458450733399	0.776729715601015	460
-0.04827108630004	0.44343860950155	460
0.0134667901418699	1.47784784918228	106
-0.08380790599731	0.7804545457661	106
0.0653295617446701	0.982158599630518	72
-0.10394597199314	1.23979348446652	106
0.05406760514168	0.99231232644155	319
-0.0987101523492599	1.17919374894645	72
-0.0880358926090401	0.765742619743892	460
0.0519881969073599	0.908114749075563	319
-0.10180208175179	1.61499597807237	72
0.0552249763060599	2.48625584994446	72
-0.0987514595996599	1.59086556658978	641
0.05406760514168	0.99231232644155	106
0.12347409913033	2.41386796336986	319
0.11549222093908	1.81799369726242	56
-0.0139102128872599	2.22677538099308	72
-0.0080799325351999	2.23235559648555	106
0.1161421898143	1.8067607199484	5525
0.0837321866682199	1.7088990919311	460
-0.09471658581202	1.15866279682495	72
0.06408313144376	0.96402287461693	460
-0.10463754749605	1.22507038557656	72
0.07115693070437	0.900349531928312	106
0.0631059901459701	1.0095074686688	319
-0.04827108630004	0.44343860950155	20
0.01445379688611	1.40439320777134	72
0.0614161710457499	0.8898132903248	72
-0.08380790599731	0.7804545457661	106
0.0134667901418699	1.47784784918228	106
0.01274417887471	1.46545713504978	339
0.09122015757783	1.717644371459	319
0.08195361898904	1.70453714373189	72
-0.08803167668661	0.75151882200375	460
-0.08380790599731	0.7804545457661	319
-0.04827108630004	0.44343860950155	319
0.05994667606585	1.93033220528586	319
0.07115693070437	0.900349531928312	319
-0.0914061169743901	2.1082711471359	106
-0.1079339138474	1.16799805942249	460
0.0543039863271999	0.93620092352906	319
-0.08624240889866	0.767448290571994	319
-0.08210182855653	0.763102436083189	1103
-0.10176658901912	1.10053776248624	246
0.0648236293879301	0.962349349234674	106
-0.04827108630004	0.44343860950155	6893
-0.08484563549255	0.778771858376252	20
0.05383203491709	0.964507588151942	1532
-0.0810661688721199	0.764684666601112	189
-0.0522405783423101	0.435169887808059	610
-0.04827108630004	0.44343860950155	610
-0.04885352006505	0.441851175328772	319
-0.04827108630004	0.44343860950155	319
-0.04885352006505	0.441851175328772	4422
-0.04885352006505	0.441851175328772	72
-0.09426205564365	0.755389897988905	72
-0.04827108630004	0.44343860950155	5550
-0.04827108630004	0.44343860950155	2997
-0.0522405783423101	0.435169887808059	339
-0.04827108630004	0.44343860950155	460
-0.04885352006505	0.441851175328772	246
-0.04827108630004	0.44343860950155	246
-0.04827108630004	0.44343860950155	5316
-0.04827108630004	0.44343860950155	610
-0.04885352006505	0.441851175328772	610
-0.04827108630004	0.44343860950155	1764
-0.04885352006505	0.441851175328772	665
-0.04885352006505	0.441851175328772	339
-0.0522405783423101	0.435169887808059	610
-0.04885352006505	0.441851175328772	610
-0.04885352006505	0.441851175328772	2896
-0.04885352006505	0.441851175328772	1764
-0.0522405783423101	0.435169887808059	20
-0.04827108630004	0.44343860950155	72
-0.04827108630004	0.44343860950155	2914
-0.04827108630004	0.44343860950155	665
-0.04827108630004	0.44343860950155	665
-0.04827108630004	0.44343860950155	1532
-0.04827108630004	0.44343860950155	339
-0.04827108630004	0.44343860950155	2235
-0.0911486928254901	0.784544520381457	460
-0.04827108630004	0.44343860950155	246
-0.04827108630004	0.44343860950155	52
-0.04885352006505	0.441851175328772	52
-0.04827108630004	0.44343860950155	5509
-0.04885352006505	0.441851175328772	5509
-0.04827108630004	0.44343860950155	20
-0.0522405783423101	0.435169887808059	20
-0.04827108630004	0.44343860950155	20
-0.04827108630004	0.44343860950155	1103
-0.0522405783423101	0.435169887808059	3240
-0.04827108630004	0.44343860950155	3240
-0.04827108630004	0.44343860950155	3240
-0.04827108630004	0.44343860950155	3240
-0.04885352006505	0.441851175328772	3240
-0.04827108630004	0.44343860950155	3240
-0.0522405783423101	0.435169887808059	189
-0.04827108630004	0.44343860950155	3896
-0.04827108630004	0.44343860950155	3896
-0.04827108630004	0.44343860950155	555
-0.0522405783423101	0.435169887808059	460
-0.09426205564365	0.755389897988905	246
-0.08797106342136	0.779473339641524	246
-0.04827108630004	0.44343860950155	52
-0.04827108630004	0.44343860950155	52
-0.04827108630004	0.44343860950155	610
-0.04827108630004	0.44343860950155	665
-0.0522405783423101	0.435169887808059	72
-0.04827108630004	0.44343860950155	3240
-0.04885352006505	0.441851175328772	3240
-0.04827108630004	0.44343860950155	3240
-0.04827108630004	0.44343860950155	555
-0.09315863125403	0.748298153660836	189
-0.0901104327584099	0.791356332498899	189
-0.0849149006866201	0.788425903741666	6032
0.0558162053259501	2.07925968739921	20
-0.08797106342136	0.779473339641524	665
-0.0810661688721199	0.764684666601112	460
0.0624930913102899	0.988536633156715	3237
-0.0828403563917699	0.757627284997358	665
0.0633423651286	0.959984157891877	339
-0.07817860944959	1.96192586743601	319
-0.08380790599731	0.7804545457661	20
-0.0849149006866201	0.788425903741666	72
-0.04885352006505	0.441851175328772	950
-0.04885352006505	0.441851175328772	186
-0.04885352006505	0.441851175328772	186
-0.04885352006505	0.441851175328772	20
-0.04885352006505	0.441851175328772	72
-0.04827108630004	0.44343860950155	555
-0.0984494555853901	1.18682979431634	72
-0.0901104327584099	0.791356332498899	72
-0.00584839545043003	1.88072353844795	186
-0.0956685721511501	1.16127092582934	189
-0.09814420377504	1.20677997698229	189
-0.0188741003705699	2.25999384084304	186
-0.10561011367346	1.18467656559468	72
0.06458864031757	0.999039175542301	72
0.01075797186462	1.45008562560592	72
-0.0849149006866201	0.788425903741666	555
-0.0810661688721199	0.764684666601112	555
0.0161755298374799	1.42112272749156	186
0.0648236293879301	0.962349349234674	186
-0.10092397832424	1.17332097598077	202
-0.04373847455367	2.40874895614703	186
-0.08595316391303	0.786691282455354	186
-0.09039073975844	0.734046220944365	446
-0.0880358926090401	0.765742619743892	446
-0.09315863125403	0.748298153660836	591
0.0602993831198899	0.984213343761052	29
-0.08484563549255	0.778771858376252	1538
-0.10077488668115	1.18647614255333	446
0.0633210325440901	0.904935651456916	1123
0.0507686264540601	0.909781239730968	591
-0.0890728329627	0.787375095703056	202
-0.0890081245397201	0.78336625832403	202
0.05869891026333	0.955132872576523	186
-0.04827108630004	0.44343860950155	186
-0.04827108630004	0.44343860950155	20
-0.08797106342136	0.779473339641524	72
-0.04827108630004	0.44343860950155	72
-0.04827108630004	0.44343860950155	72
-0.04827108630004	0.44343860950155	5324
0.0627314227454801	0.985029246411559	915
-0.0800311662681701	0.757951556350574	1349
0.0857455937137099	1.70389896652188	20
-0.0991369444979999	1.18909839352321	72
-0.09701171233367	2.35053763858478	72
0.0827334453998601	1.71738028401466	1349
0.0113434335872999	1.42916500219649	555
0.0595625491134699	0.982988409329215	555
-0.0874237265435101	2.38642723119478	202
-0.01813063669341	2.234230244225	20
-0.0999652152497801	1.13218719030769	3135
-0.0849149006866201	0.788425903741666	202
0.12296536846689	1.78474345298063	1499
-0.0838772984565199	0.781204714068644	555
0.0600644456755399	1.02543325878458	20
0.05553551158425	0.994717052396487	313
-0.04827108630004	0.44343860950155	776
-0.10256354163673	1.24329327350862	6091
-0.04827108630004	0.44343860950155	1124
-0.08595316391303	0.786691282455354	3197
-0.0810661688721199	0.764684666601112	491
-0.01989545961701	2.3381058863215	555
0.0138677429441201	1.40264400530842	1124
-0.04827108630004	0.44343860950155	72
-0.0858840259682101	0.768715625222587	2281
0.06590496739952	0.91829983019846	196
-0.0900458450733399	0.776729715601015	3066
-0.0949777671138801	1.15629050868591	694
-0.0944647361639801	1.5994686991166	694
0.0510135026709599	0.946473336893556	72
-0.08484563549255	0.778771858376252	686
0.0641974446459701	0.98038215303248	196
0.0602993831198899	0.984213343761052	2651
-0.04827108630004	0.44343860950155	196
0.00859789919507992	1.47293225747098	2651
0.12241290053205	1.20326540449	72
-0.08380790599731	0.7804545457661	313
-0.0992716072818001	1.14657353139823	686
0.08882727811292	1.65761300950927	563
-0.04827108630004	0.44343860950155	196
-0.0871476059029299	2.41288275141861	196
0.0151915502104001	1.429876917472	686
0.0670127354424499	0.96637146391094	72
-0.10325463676006	1.2457739210264	72
-0.0901104327584099	0.791356332498899	153
-0.04827108630004	0.44343860950155	2651
-0.0949777671138801	1.15629050868591	2651
0.12089758822826	1.16586884357982	2651
0.0593269049977701	1.03193555535952	2651
-0.10021561954474	1.68954288805207	368
-0.08194915127854	2.01369630429899	313
-0.0900458450733399	0.776729715601015	563
-0.0849149006866201	0.788425903741666	313
-0.0858840259682101	0.768715625222587	153
-0.08380790599731	0.7804545457661	72
-0.10368582639932	1.16746404163834	72
-0.10022581105585	1.20189998022672	4307
-0.1035912392938	1.91206857925212	72
0.04684011043611	2.09948364570063	153
0.0154876019133601	1.38030877657228	1171
0.0594287528306901	0.943921936923769	1171
-0.0936259765810801	2.04563417797902	3189
-0.09129035120393	1.62578880067813	368
-0.10629815323358	1.20320284346454	153
0.05805457319049	2.16658296646372	864
-0.09129035120393	1.62578880067813	368
0.0628704079740701	0.973406537720501	368
-0.09774242944914	1.13741506801761	368
0.0755318648149499	1.65857972751891	368
0.0130673877824401	1.48129520525844	368
-0.0941948599165601	0.747341871614371	368
0.02072574020781	2.24889401137062	635
-0.01313848914991	1.84233595865325	2474
