x	y	clickSelects
0.01241098003783	1.3711115584364	83
0.00820956816686991	1.41536933588339	191
-0.0520590841943598	2.48780934594583	83
-0.0803541368389298	0.741528858997695	2613
-0.0795914353979801	0.718828611548918	64
-0.0803541368389298	0.741528858997695	1743
-0.0803541368389298	0.741528858997695	1489
-0.0803541368389298	0.741528858997695	4481
-0.0803541368389298	0.741528858997695	2590
-0.0846647583428299	0.717819400011573	717
-0.0803541368389298	0.741528858997695	188
-0.0795914353979801	0.718828611548918	188
-0.0811173379669201	0.714610945265779	4002
-0.0795914353979801	0.718828611548918	1743
-0.0803541368389298	0.741528858997695	3878
-0.0803541368389298	0.741528858997695	236
-0.0795914353979801	0.718828611548918	236
-0.0803541368389298	0.741528858997695	2590
-0.0803541368389298	0.741528858997695	2590
-0.0803541368389298	0.741528858997695	2590
-0.0795914353979801	0.718828611548918	2590
0.0185068338866801	1.42093270745374	3088
-0.0811173379669201	0.714610945265779	33
-0.0811173379669201	0.714610945265779	2979
-0.0795914353979801	0.718828611548918	1160
-0.0803541368389298	0.741528858997695	717
-0.0803541368389298	0.741528858997695	6724
-0.0803541368389298	0.741528858997695	2881
-0.0882299835081302	0.679441061169077	3793
-0.0803541368389298	0.741528858997695	35
-0.0803541368389298	0.741528858997695	35
-0.0795914353979801	0.718828611548918	1743
-0.0803541368389298	0.741528858997695	1489
-0.0803541368389298	0.741528858997695	1489
-0.0803541368389298	0.741528858997695	3878
-0.0795914353979801	0.718828611548918	2410
-0.0795914353979801	0.718828611548918	1160
-0.0795914353979801	0.718828611548918	4760
-0.0803541368389298	0.741528858997695	837
0.01080362252012	1.38201990290257	188
-0.0811173379669201	0.714610945265779	700
-0.0811173379669201	0.714610945265779	700
-0.0803541368389298	0.741528858997695	154
-0.0803541368389298	0.741528858997695	2613
-0.0811173379669201	0.714610945265779	1109
-0.0795914353979801	0.718828611548918	3878
-0.0803541368389298	0.741528858997695	236
-0.0803541368389298	0.741528858997695	2590
-0.0795914353979801	0.718828611548918	236
-0.0838933621825202	0.718322275969984	2064
-0.0803541368389298	0.741528858997695	5999
-0.0803541368389298	0.741528858997695	33
-0.0795914353979801	0.718828611548918	4074
-0.0803541368389298	0.741528858997695	1160
-0.0803541368389298	0.741528858997695	4760
-0.0803541368389298	0.741528858997695	3351
-0.0803541368389298	0.741528858997695	6
-0.0795914353979801	0.718828611548918	6833
-0.0803541368389298	0.741528858997695	4003
-0.0795914353979801	0.718828611548918	64
-0.0846647583428299	0.717819400011573	810
-0.0803541368389298	0.741528858997695	1540
-0.0803541368389298	0.741528858997695	236
-0.0803541368389298	0.741528858997695	4074
-0.0795914353979801	0.718828611548918	33
-0.0811173379669201	0.714610945265779	4760
-0.0803541368389298	0.741528858997695	1407
-0.0803541368389298	0.741528858997695	4480
-0.0838933621825202	0.718322275969984	1540
-0.0882299835081302	0.679441061169077	5154
-0.0795914353979801	0.718828611548918	2590
-0.0803541368389298	0.741528858997695	33
0.0166915623297599	1.4366559741115	83
-0.0803541368389298	0.741528858997695	658
-0.0795914353979801	0.718828611548918	1292
-0.0803541368389298	0.741528858997695	810
-0.0795914353979801	0.718828611548918	4095
-0.0795914353979801	0.718828611548918	33
0.0224381424235802	1.37730517029979	154
-0.0803541368389298	0.741528858997695	658
-0.0811173379669201	0.714610945265779	323
-0.0795914353979801	0.718828611548918	810
-0.0795914353979801	0.718828611548918	4095
-0.0795914353979801	0.718828611548918	33
-0.0795914353979801	0.718828611548918	33
-0.0803541368389298	0.741528858997695	1866
-0.0795914353979801	0.718828611548918	1866
-0.0795914353979801	0.718828611548918	3178
-0.0811173379669201	0.714610945265779	5389
-0.0803541368389298	0.741528858997695	66
-0.0811173379669201	0.714610945265779	2090
-0.0795914353979801	0.718828611548918	1814
-0.0795914353979801	0.718828611548918	33
-0.0838933621825202	0.718322275969984	33
-0.0795914353979801	0.718828611548918	551
-0.0838933621825202	0.718322275969984	236
-0.0795914353979801	0.718828611548918	4591
-0.0795914353979801	0.718828611548918	578
-0.0811173379669201	0.714610945265779	838
-0.0803541368389298	0.741528858997695	32
-0.0795914353979801	0.718828611548918	236
-0.0803541368389298	0.741528858997695	33
-0.0838933621825202	0.718322275969984	33
-0.0795914353979801	0.718828611548918	33
0.0169037278858801	1.41635300484631	310
-0.0803541368389298	0.741528858997695	33
-0.0795914353979801	0.718828611548918	578
-0.0811173379669201	0.714610945265779	5741
0.0092204870881698	1.40248258078913	1771
-0.0803541368389298	0.741528858997695	483
-0.0803541368389298	0.741528858997695	64
-0.0795914353979801	0.718828611548918	310
-0.0846647583428299	0.717819400011573	6814
-0.0795914353979801	0.718828611548918	810
-0.0803541368389298	0.741528858997695	5100
-0.0803541368389298	0.741528858997695	539
-0.0803541368389298	0.741528858997695	830
-0.0803541368389298	0.741528858997695	830
-0.0803541368389298	0.741528858997695	64
-0.0803541368389298	0.741528858997695	323
-0.0795914353979801	0.718828611548918	810
-0.0803541368389298	0.741528858997695	5100
-0.0795914353979801	0.718828611548918	1699
-0.0795914353979801	0.718828611548918	830
0.0161017027703698	1.40043656954827	241
-0.0811173379669201	0.714610945265779	87
-0.0795914353979801	0.718828611548918	696
-0.0795914353979801	0.718828611548918	323
-0.0846647583428299	0.717819400011573	5100
-0.0803541368389298	0.741528858997695	1441
-0.0811173379669201	0.714610945265779	33
-0.0811173379669201	0.714610945265779	1476
-0.0803541368389298	0.741528858997695	5745
-0.0811173379669201	0.714610945265779	5969
-0.0803541368389298	0.741528858997695	6354
-0.0795914353979801	0.718828611548918	830
-0.0803541368389298	0.741528858997695	2389
-0.0795914353979801	0.718828611548918	33
-0.0811173379669201	0.714610945265779	1266
-0.0803541368389298	0.741528858997695	236
-0.0795914353979801	0.718828611548918	2905
-0.0811173379669201	0.714610945265779	2053
-0.0803541368389298	0.741528858997695	1476
-0.0795914353979801	0.718828611548918	301
-0.0795914353979801	0.718828611548918	1091
-0.0795914353979801	0.718828611548918	1055
-0.0811173379669201	0.714610945265779	33
-0.0811173379669201	0.714610945265779	289
-0.0803541368389298	0.741528858997695	810
-0.0811173379669201	0.714610945265779	886
-0.0803541368389298	0.741528858997695	886
-0.0846647583428299	0.717819400011573	301
-0.0811173379669201	0.714610945265779	289
-0.0803541368389298	0.741528858997695	374
-0.0811173379669201	0.714610945265779	3700
-0.0803541368389298	0.741528858997695	886
-0.0795914353979801	0.718828611548918	830
0.0112585770988098	1.45065963674721	1389
0.0146603091689901	1.44382597256894	483
-0.0795914353979801	0.718828611548918	6487
-0.0803541368389298	0.741528858997695	2904
-0.0811173379669201	0.714610945265779	3700
-0.0811173379669201	0.714610945265779	1476
-0.0811173379669201	0.714610945265779	2176
-0.0803541368389298	0.741528858997695	1863
-0.0803541368389298	0.741528858997695	886
-0.0795914353979801	0.718828611548918	968
-0.0846647583428299	0.717819400011573	531
-0.0803541368389298	0.741528858997695	531
-0.0795914353979801	0.718828611548918	713
-0.0803541368389298	0.741528858997695	405
-0.0803541368389298	0.741528858997695	3700
-0.0838933621825202	0.718322275969984	539
-0.0811173379669201	0.714610945265779	696
-0.0811173379669201	0.714610945265779	696
-0.0803541368389298	0.741528858997695	374
-0.0803541368389298	0.741528858997695	713
-0.0803541368389298	0.741528858997695	1476
-0.0803541368389298	0.741528858997695	3798
-0.0803541368389298	0.741528858997695	1942
0.0084284444235001	1.39469230889408	2214
0.0146603091689901	1.44382597256894	298
-0.0795914353979801	0.718828611548918	374
-0.0803541368389298	0.741528858997695	97
-0.0803541368389298	0.741528858997695	3797
-0.0795914353979801	0.718828611548918	531
0.0399054315220799	2.41577981840094	885
-0.0811173379669201	0.714610945265779	713
-0.0803541368389298	0.741528858997695	405
-0.0803541368389298	0.741528858997695	1079
-0.0803541368389298	0.741528858997695	1079
-0.0795914353979801	0.718828611548918	6511
-0.0803541368389298	0.741528858997695	4946
-0.0803541368389298	0.741528858997695	830
0.0142821325890301	1.3860698774662	87
-0.0838933621825202	0.718322275969984	713
-0.0803541368389298	0.741528858997695	608
-0.0803541368389298	0.741528858997695	3360
-0.0838933621825202	0.718322275969984	5599
-0.0803541368389298	0.741528858997695	3796
-0.0846647583428299	0.717819400011573	4946
0.0177054381780999	1.4230881558581	1102
-0.0803541368389298	0.741528858997695	110
-0.0882299835081302	0.679441061169077	1001
-0.0882299835081302	0.679441061169077	1001
-0.0803541368389298	0.741528858997695	277
-0.0838933621825202	0.718322275969984	696
-0.0811173379669201	0.714610945265779	4623
-0.0803541368389298	0.741528858997695	97
-0.0795914353979801	0.718828611548918	713
-0.0803541368389298	0.741528858997695	5968
-0.0838933621825202	0.718322275969984	608
-0.0803541368389298	0.741528858997695	5599
-0.0838933621825202	0.718322275969984	823
-0.0795914353979801	0.718828611548918	289
-0.0803541368389298	0.741528858997695	713
-0.0803541368389298	0.741528858997695	405
-0.0846647583428299	0.717819400011573	405
-0.0803541368389298	0.741528858997695	5803
-0.0803541368389298	0.741528858997695	5803
-0.0803541368389298	0.741528858997695	2047
-0.0811173379669201	0.714610945265779	2047
-0.0811173379669201	0.714610945265779	33
-0.0838933621825202	0.718322275969984	3794
-0.0811173379669201	0.714610945265779	531
-0.0803541368389298	0.741528858997695	4945
-0.0803541368389298	0.741528858997695	1001
-0.0795914353979801	0.718828611548918	3676
-0.0803541368389298	0.741528858997695	97
-0.0803541368389298	0.741528858997695	888
-0.0846647583428299	0.717819400011573	405
-0.0803541368389298	0.741528858997695	1756
-0.0838933621825202	0.718322275969984	35
-0.0803541368389298	0.741528858997695	97
-0.0838933621825202	0.718322275969984	3884
-0.0811173379669201	0.714610945265779	1676
-0.0838933621825202	0.718322275969984	888
-0.0811173379669201	0.714610945265779	888
-0.0795914353979801	0.718828611548918	6890
-0.0803541368389298	0.741528858997695	4869
-0.0811173379669201	0.714610945265779	676
-0.0811173379669201	0.714610945265779	6483
-0.0811173379669201	0.714610945265779	830
-0.0795914353979801	0.718828611548918	35
-0.0803541368389298	0.741528858997695	374
-0.0838933621825202	0.718322275969984	374
-0.0803541368389298	0.741528858997695	6891
-0.0803541368389298	0.741528858997695	2381
-0.0795914353979801	0.718828611548918	4869
-0.0803541368389298	0.741528858997695	357
-0.0803541368389298	0.741528858997695	1117
-0.0795914353979801	0.718828611548918	531
0.00820956816686991	1.41536933588339	653
-0.0846647583428299	0.717819400011573	277
0.0128552262380102	1.46655429878646	35
-0.0803541368389298	0.741528858997695	32
-0.0803541368389298	0.741528858997695	2925
-0.0795914353979801	0.718828611548918	2925
-0.0803541368389298	0.741528858997695	5411
-0.0795914353979801	0.718828611548918	3326
-0.0803541368389298	0.741528858997695	3795
-0.0811173379669201	0.714610945265779	4943
-0.0846647583428299	0.717819400011573	256
-0.0803541368389298	0.741528858997695	32
-0.0811173379669201	0.714610945265779	3326
-0.0803541368389298	0.741528858997695	357
-0.0811173379669201	0.714610945265779	2124
-0.0811173379669201	0.714610945265779	830
-0.0811173379669201	0.714610945265779	97
-0.0795914353979801	0.718828611548918	3408
-0.0838933621825202	0.718322275969984	385
-0.0811173379669201	0.714610945265779	3398
-0.0803541368389298	0.741528858997695	3398
-0.0838933621825202	0.718322275969984	2124
-0.0803541368389298	0.741528858997695	2124
-0.0803541368389298	0.741528858997695	830
-0.0795914353979801	0.718828611548918	2124
0.0177054381780999	1.4230881558581	210
-0.0803541368389298	0.741528858997695	3405
-0.0803541368389298	0.741528858997695	676
-0.0795914353979801	0.718828611548918	676
-0.0811173379669201	0.714610945265779	676
-0.0838933621825202	0.718322275969984	637
-0.0795914353979801	0.718828611548918	830
0.0112585770988098	1.45065963674721	1307
-0.0811173379669201	0.714610945265779	210
0.0128552262380102	1.46655429878646	653
-0.0795914353979801	0.718828611548918	110
-0.0803541368389298	0.741528858997695	35
-0.0803541368389298	0.741528858997695	97
-0.0803541368389298	0.741528858997695	3241
-0.0795914353979801	0.718828611548918	123
-0.0795914353979801	0.718828611548918	5764
-0.0846647583428299	0.717819400011573	676
-0.0803541368389298	0.741528858997695	5764
-0.0803541368389298	0.741528858997695	637
-0.0846647583428299	0.717819400011573	637
-0.0811173379669201	0.714610945265779	5833
-0.0795914353979801	0.718828611548918	3906
-0.0811173379669201	0.714610945265779	6769
-0.0846647583428299	0.717819400011573	4838
0.0162075693802102	1.41609475805381	1307
-0.0838933621825202	0.718322275969984	5573
-0.0811173379669201	0.714610945265779	2691
0.0120570568016101	1.46412649741973	1239
-0.0811173379669201	0.714610945265779	4838
-0.0795914353979801	0.718828611548918	2970
-0.0803541368389298	0.741528858997695	1059
-0.0811173379669201	0.714610945265779	830
0.0420546454641202	2.22795650538975	231
-0.0795914353979801	0.718828611548918	132
0.0201086825101999	1.38617102211329	1799
-0.0803541368389298	0.741528858997695	1799
-0.0803541368389298	0.741528858997695	619
-0.0795914353979801	0.718828611548918	97
-0.0803541368389298	0.741528858997695	33
0.0138635753769298	1.45243096900756	6025
-0.0811173379669201	0.714610945265779	132
0.0166915623297599	1.4366559741115	724
0.00979615131549005	1.3944904878272	210
-0.0803541368389298	0.741528858997695	1873
-0.0803541368389298	0.741528858997695	1873
-0.0838933621825202	0.718322275969984	5573
-0.0803541368389298	0.741528858997695	3007
-0.0803541368389298	0.741528858997695	676
-0.0795914353979801	0.718828611548918	201
-0.0803541368389298	0.741528858997695	830
-0.0846647583428299	0.717819400011573	282
0.00900301179773022	1.41156139670898	374
-0.0838933621825202	0.718322275969984	256
-0.0846647583428299	0.717819400011573	676
-0.0811173379669201	0.714610945265779	676
0.0182962689233102	1.42259664808247	3172
0.0128552262380102	1.46655429878646	670
-0.0795914353979801	0.718828611548918	123
-0.0803541368389298	0.741528858997695	676
-0.0795914353979801	0.718828611548918	676
-0.0803541368389298	0.741528858997695	1420
-0.0795914353979801	0.718828611548918	830
-0.0803541368389298	0.741528858997695	1799
-0.0803541368389298	0.741528858997695	2733
-0.0846647583428299	0.717819400011573	87
-0.0838933621825202	0.718322275969984	571
-0.0803541368389298	0.741528858997695	830
-0.0803541368389298	0.741528858997695	4942
-0.0795914353979801	0.718828611548918	830
-0.0811173379669201	0.714610945265779	571
0.0128552262380102	1.46655429878646	97
0.0182962689233102	1.42259664808247	97
-0.0838933621825202	0.718322275969984	4741
-0.0803541368389298	0.741528858997695	6170
-0.0846647583428299	0.717819400011573	1889
0.0144506352452098	1.43573569301259	670
-0.0795914353979801	0.718828611548918	4741
-0.0803541368389298	0.741528858997695	4741
-0.0846647583428299	0.717819400011573	830
-0.0527453415782899	2.4706683758527	2006
-0.0795914353979801	0.718828611548918	704
-0.0803541368389298	0.741528858997695	86
-0.0803541368389298	0.741528858997695	206
-0.0795914353979801	0.718828611548918	5693
-0.0803541368389298	0.741528858997695	6317
-0.0803541368389298	0.741528858997695	262
-0.0795914353979801	0.718828611548918	3009
0.0120570568016101	1.46412649741973	1052
-0.0803541368389298	0.741528858997695	2210
-0.0803541368389298	0.741528858997695	256
-0.0795914353979801	0.718828611548918	2932
-0.0803541368389298	0.741528858997695	262
-0.0803541368389298	0.741528858997695	101
0.0136530856414301	1.4577659344989	206
-0.0795914353979801	0.718828611548918	2932
-0.0795914353979801	0.718828611548918	2419
-0.0803541368389298	0.741528858997695	5748
0.0154567344805101	1.42226876102219	305
-0.0803541368389298	0.741528858997695	28
-0.0803541368389298	0.741528858997695	1429
-0.0803541368389298	0.741528858997695	201
-0.0846647583428299	0.717819400011573	140
-0.0803541368389298	0.741528858997695	1383
-0.0811173379669201	0.714610945265779	362
-0.0795914353979801	0.718828611548918	206
-0.0838933621825202	0.718322275969984	2153
-0.0846647583428299	0.717819400011573	2419
-0.0803541368389298	0.741528858997695	101
-0.0803541368389298	0.741528858997695	1383
-0.0795914353979801	0.718828611548918	334
-0.0811173379669201	0.714610945265779	362
-0.0803541368389298	0.741528858997695	1383
-0.0803541368389298	0.741528858997695	298
-0.0811173379669201	0.714610945265779	110
-0.0795914353979801	0.718828611548918	87
-0.0803541368389298	0.741528858997695	362
-0.0795914353979801	0.718828611548918	6009
-0.0803541368389298	0.741528858997695	262
-0.0803541368389298	0.741528858997695	2008
-0.0803541368389298	0.741528858997695	1388
-0.0811173379669201	0.714610945265779	2511
-0.0803541368389298	0.741528858997695	2067
-0.0882299835081302	0.679441061169077	2067
-0.0795914353979801	0.718828611548918	347
-0.0795914353979801	0.718828611548918	5346
0.00900301179773022	1.41156139670898	5346
0.00662176766347988	1.38654428564857	28
-0.0803541368389298	0.741528858997695	2008
0.0104597868959102	1.42452450236849	1907
-0.0795914353979801	0.718828611548918	3025
-0.0846647583428299	0.717819400011573	4545
-0.0795914353979801	0.718828611548918	256
-0.0846647583428299	0.717819400011573	1242
-0.0811173379669201	0.714610945265779	3295
-0.0803541368389298	0.741528858997695	206
-0.0803541368389298	0.741528858997695	3025
-0.0803541368389298	0.741528858997695	2809
-0.0803541368389298	0.741528858997695	32
-0.0795914353979801	0.718828611548918	1965
-0.0838933621825202	0.718322275969984	347
0.00684340796470018	1.33012094444665	2821
-0.0846647583428299	0.717819400011573	87
-0.0803541368389298	0.741528858997695	32
-0.0795914353979801	0.718828611548918	508
-0.0803541368389298	0.741528858997695	5466
0.0177054381780999	1.4230881558581	342
0.0158887353042698	1.42975750391341	32
-0.0795914353979801	0.718828611548918	2008
-0.0795914353979801	0.718828611548918	342
-0.0795914353979801	0.718828611548918	2008
-0.0838933621825202	0.718322275969984	3294
-0.0838933621825202	0.718322275969984	3294
-0.0811173379669201	0.714610945265779	6334
-0.0795914353979801	0.718828611548918	206
-0.0795914353979801	0.718828611548918	206
-0.0803541368389298	0.741528858997695	6635
0.0138635753769298	1.45243096900756	298
0.0134783564158099	1.33600238948972	110
0.0436363032848699	2.32439886123937	374
-0.0811173379669201	0.714610945265779	1298
-0.0795914353979801	0.718828611548918	73
0.0122691814246898	1.43691452731958	101
-0.0846647583428299	0.717819400011573	2008
0.0152993625916702	1.37362236654191	6644
-0.0811173379669201	0.714610945265779	2515
-0.0795914353979801	0.718828611548918	73
0.0120570568016101	1.46412649741973	187
-0.0811173379669201	0.714610945265779	347
-0.0803541368389298	0.741528858997695	519
0.0185849630261501	1.38967168004773	32
-0.0803541368389298	0.741528858997695	508
-0.0795914353979801	0.718828611548918	2008
-0.0803541368389298	0.741528858997695	110
-0.0811173379669201	0.714610945265779	3596
-0.0811173379669201	0.714610945265779	3596
-0.0846647583428299	0.717819400011573	3293
-0.0803541368389298	0.741528858997695	73
-0.0795914353979801	0.718828611548918	315
-0.0795914353979801	0.718828611548918	1883
-0.0846647583428299	0.717819400011573	1648
-0.0811173379669201	0.714610945265779	6053
-0.0838933621825202	0.718322275969984	298
-0.0795914353979801	0.718828611548918	3184
-0.0803541368389298	0.741528858997695	3184
-0.0838933621825202	0.718322275969984	35
-0.0803541368389298	0.741528858997695	3571
-0.0795914353979801	0.718828611548918	32
-0.0803541368389298	0.741528858997695	321
-0.0803541368389298	0.741528858997695	6336
-0.0803541368389298	0.741528858997695	315
-0.0795914353979801	0.718828611548918	702
-0.0803541368389298	0.741528858997695	1158
-0.0795914353979801	0.718828611548918	1611
-0.0795914353979801	0.718828611548918	101
0.0218886197229602	2.11898851335858	210
-0.0838933621825202	0.718322275969984	342
-0.0803541368389298	0.741528858997695	110
-0.0803541368389298	0.741528858997695	35
-0.0811173379669201	0.714610945265779	3571
-0.0795914353979801	0.718828611548918	519
-0.0811173379669201	0.714610945265779	1883
-0.0803541368389298	0.741528858997695	4947
-0.0803541368389298	0.741528858997695	321
-0.0803541368389298	0.741528858997695	5209
-0.0838933621825202	0.718322275969984	4346
-0.0803541368389298	0.741528858997695	6053
-0.0846647583428299	0.717819400011573	73
0.0185068338866801	1.42093270745374	110
-0.0811173379669201	0.714610945265779	28
-0.0795914353979801	0.718828611548918	2810
-0.0803541368389298	0.741528858997695	2514
-0.0803541368389298	0.741528858997695	1158
0.01080362252012	1.38201990290257	83
-0.0811173379669201	0.714610945265779	3683
-0.0803541368389298	0.741528858997695	508
-0.0838933621825202	0.718322275969984	73
-0.0795914353979801	0.718828611548918	1883
-0.0803541368389298	0.741528858997695	769
-0.0811173379669201	0.714610945265779	6111
-0.0795914353979801	0.718828611548918	659
-0.0795914353979801	0.718828611548918	659
-0.0811173379669201	0.714610945265779	2377
0.0356097954489698	2.39561518400555	284
-0.0795914353979801	0.718828611548918	75
-0.0795914353979801	0.718828611548918	4586
0.00521171302602985	1.32915753200244	1433
-0.0811173379669201	0.714610945265779	5583
-0.0803541368389298	0.741528858997695	5583
-0.0846647583428299	0.717819400011573	2131
-0.0846647583428299	0.717819400011573	6842
0.00900301179773022	1.41156139670898	27
-0.0795914353979801	0.718828611548918	373
-0.0803541368389298	0.741528858997695	4586
-0.0795914353979801	0.718828611548918	1865
-0.0795914353979801	0.718828611548918	1865
-0.0838933621825202	0.718322275969984	1865
-0.0811173379669201	0.714610945265779	5684
-0.0811173379669201	0.714610945265779	4980
-0.0838933621825202	0.718322275969984	1265
-0.0803541368389298	0.741528858997695	373
-0.0795914353979801	0.718828611548918	35
-0.0795914353979801	0.718828611548918	35
-0.0811173379669201	0.714610945265779	1181
-0.0795914353979801	0.718828611548918	659
-0.0838933621825202	0.718322275969984	1922
-0.0811173379669201	0.714610945265779	5616
0.0138635753769298	1.45243096900756	28
-0.0795914353979801	0.718828611548918	1883
-0.0838933621825202	0.718322275969984	6110
-0.0803541368389298	0.741528858997695	2360
-0.0838933621825202	0.718322275969984	1865
-0.0803541368389298	0.741528858997695	659
-0.0795914353979801	0.718828611548918	73
-0.0795914353979801	0.718828611548918	73
-0.0811173379669201	0.714610945265779	304
-0.0795914353979801	0.718828611548918	987
-0.0803541368389298	0.741528858997695	73
-0.0795914353979801	0.718828611548918	659
-0.0811173379669201	0.714610945265779	73
-0.0803541368389298	0.741528858997695	6634
-0.0803541368389298	0.741528858997695	73
-0.0803541368389298	0.741528858997695	101
0.00622424926220022	1.31811433053535	1265
-0.0803541368389298	0.741528858997695	6335
-0.0803541368389298	0.741528858997695	73
-0.0803541368389298	0.741528858997695	101
0.0193079152509901	1.40931170844555	373
-0.0803541368389298	0.741528858997695	347
-0.0803541368389298	0.741528858997695	35
-0.0803541368389298	0.741528858997695	1012
-0.0803541368389298	0.741528858997695	6295
-0.0795914353979801	0.718828611548918	1512
-0.0846647583428299	0.717819400011573	4392
0.0120570568016101	1.46412649741973	2109
0.0158887353042698	1.42975750391341	67
-0.0803541368389298	0.741528858997695	5348
0.0138635753769298	1.45243096900756	342
-0.0795914353979801	0.718828611548918	2003
-0.0803541368389298	0.741528858997695	87
-0.0803541368389298	0.741528858997695	883
-0.0803541368389298	0.741528858997695	6623
-0.0838933621825202	0.718322275969984	4503
0.0130665328727302	1.45007019975815	75
-0.0803541368389298	0.741528858997695	557
-0.0811173379669201	0.714610945265779	987
-0.0795914353979801	0.718828611548918	2251
-0.0838933621825202	0.718322275969984	6333
-0.0795914353979801	0.718828611548918	5149
-0.0838933621825202	0.718322275969984	4392
-0.0795914353979801	0.718828611548918	1868
-0.0838933621825202	0.718322275969984	1710
-0.0811173379669201	0.714610945265779	1384
-0.0846647583428299	0.717819400011573	2512
-0.0795914353979801	0.718828611548918	101
0.0200466410659299	1.38407225217784	1265
-0.0795914353979801	0.718828611548918	87
-0.0838933621825202	0.718322275969984	987
-0.0846647583428299	0.717819400011573	73
-0.0838933621825202	0.718322275969984	6109
-0.0811173379669201	0.714610945265779	508
-0.0803541368389298	0.741528858997695	2026
-0.0803541368389298	0.741528858997695	1384
-0.0803541368389298	0.741528858997695	73
-0.0803541368389298	0.741528858997695	213
-0.0803541368389298	0.741528858997695	601
-0.0838933621825202	0.718322275969984	348
-0.0803541368389298	0.741528858997695	75
-0.0803541368389298	0.741528858997695	630
-0.0846647583428299	0.717819400011573	4777
-0.0838933621825202	0.718322275969984	6648
-0.0803541368389298	0.741528858997695	1587
-0.0811173379669201	0.714610945265779	6432
-0.0795914353979801	0.718828611548918	5600
-0.0803541368389298	0.741528858997695	6358
-0.0803541368389298	0.741528858997695	1751
-0.0795914353979801	0.718828611548918	3304
-0.0795914353979801	0.718828611548918	3614
-0.0803541368389298	0.741528858997695	213
-0.0803541368389298	0.741528858997695	601
-0.0803541368389298	0.741528858997695	4553
-0.0795914353979801	0.718828611548918	1243
0.0144506352452098	1.43573569301259	4777
-0.0803541368389298	0.741528858997695	1587
-0.0795914353979801	0.718828611548918	2150
-0.0795914353979801	0.718828611548918	6433
-0.0803541368389298	0.741528858997695	2512
-0.0795914353979801	0.718828611548918	187
-0.0795914353979801	0.718828611548918	4241
-0.0795914353979801	0.718828611548918	5600
0.0166915623297599	1.4366559741115	937
-0.0803541368389298	0.741528858997695	178
-0.0803541368389298	0.741528858997695	306
-0.0846647583428299	0.717819400011573	373
-0.0803541368389298	0.741528858997695	486
-0.0882299835081302	0.679441061169077	1046
-0.0803541368389298	0.741528858997695	1046
-0.0838933621825202	0.718322275969984	1243
-0.0803541368389298	0.741528858997695	1243
-0.0811173379669201	0.714610945265779	1243
-0.0795914353979801	0.718828611548918	1012
-0.0846647583428299	0.717819400011573	1587
-0.0803541368389298	0.741528858997695	3016
-0.0803541368389298	0.741528858997695	2512
-0.0803541368389298	0.741528858997695	1012
-0.0811173379669201	0.714610945265779	1710
-0.0811173379669201	0.714610945265779	1710
-0.0803541368389298	0.741528858997695	609
-0.0795914353979801	0.718828611548918	346
-0.0811173379669201	0.714610945265779	3648
-0.0795914353979801	0.718828611548918	3648
0.0408026269025901	2.22295251414956	35
-0.0846647583428299	0.717819400011573	553
-0.0803541368389298	0.741528858997695	553
-0.0795914353979801	0.718828611548918	6020
-0.0846647583428299	0.717819400011573	1243
-0.0795914353979801	0.718828611548918	1243
-0.0811173379669201	0.714610945265779	630
-0.0803541368389298	0.741528858997695	1587
-0.0846647583428299	0.717819400011573	1156
-0.0811173379669201	0.714610945265779	1156
-0.0795914353979801	0.718828611548918	3648
-0.0795914353979801	0.718828611548918	3648
-0.0795914353979801	0.718828611548918	168
-0.0795914353979801	0.718828611548918	3346
-0.0803541368389298	0.741528858997695	2290
-0.0838933621825202	0.718322275969984	4547
-0.0795914353979801	0.718828611548918	601
-0.0811173379669201	0.714610945265779	1587
-0.0846647583428299	0.717819400011573	866
-0.0846647583428299	0.717819400011573	1156
-0.0846647583428299	0.717819400011573	775
-0.0803541368389298	0.741528858997695	3489
-0.0803541368389298	0.741528858997695	3489
-0.0882299835081302	0.679441061169077	609
-0.0795914353979801	0.718828611548918	67
-0.0811173379669201	0.714610945265779	83
0.0357303490418799	2.29823211914163	298
-0.0795914353979801	0.718828611548918	3205
-0.0795914353979801	0.718828611548918	334
-0.0795914353979801	0.718828611548918	34
-0.0803541368389298	0.741528858997695	3330
-0.0795914353979801	0.718828611548918	553
-0.0803541368389298	0.741528858997695	75
-0.0803541368389298	0.741528858997695	1780
-0.0838933621825202	0.718322275969984	1780
-0.0803541368389298	0.741528858997695	2164
-0.0803541368389298	0.741528858997695	609
-0.0795914353979801	0.718828611548918	609
0.0389029373302998	2.2265783202491	298
0.0122691814246898	1.43691452731958	2037
0.0138635753769298	1.45243096900756	75
-0.0838933621825202	0.718322275969984	220
-0.0803541368389298	0.741528858997695	6506
0.0166915623297599	1.4366559741115	6379
-0.0795914353979801	0.718828611548918	317
-0.0811173379669201	0.714610945265779	34
-0.0803541368389298	0.741528858997695	220
-0.0838933621825202	0.718322275969984	1289
0.0130665328727302	1.45007019975815	87
0.0158887353042698	1.42975750391341	348
-0.0811173379669201	0.714610945265779	2077
-0.0846647583428299	0.717819400011573	609
-0.0811173379669201	0.714610945265779	5481
0.0092204870881698	1.40248258078913	1040
-0.0811173379669201	0.714610945265779	87
-0.0795914353979801	0.718828611548918	75
-0.0803541368389298	0.741528858997695	2158
-0.0811173379669201	0.714610945265779	6650
-0.0803541368389298	0.741528858997695	85
-0.0803541368389298	0.741528858997695	2337
-0.0803541368389298	0.741528858997695	775
-0.0803541368389298	0.741528858997695	775
-0.0803541368389298	0.741528858997695	346
-0.0803541368389298	0.741528858997695	2740
-0.0838933621825202	0.718322275969984	346
-0.0811173379669201	0.714610945265779	2827
-0.0811173379669201	0.714610945265779	373
-0.0846647583428299	0.717819400011573	75
-0.0811173379669201	0.714610945265779	2416
-0.0838933621825202	0.718322275969984	4336
-0.0811173379669201	0.714610945265779	6649
-0.0846647583428299	0.717819400011573	85
-0.0846647583428299	0.717819400011573	775
-0.0795914353979801	0.718828611548918	775
-0.0795914353979801	0.718828611548918	346
-0.0811173379669201	0.714610945265779	83
0.0307501284596601	2.26167320488768	298
0.0112585770988098	1.45065963674721	34
-0.0803541368389298	0.741528858997695	5187
-0.0811173379669201	0.714610945265779	601
-0.0795914353979801	0.718828611548918	4761
-0.0803541368389298	0.741528858997695	2416
-0.0803541368389298	0.741528858997695	775
-0.0795914353979801	0.718828611548918	346
-0.0846647583428299	0.717819400011573	900
-0.0795914353979801	0.718828611548918	1040
-0.0846647583428299	0.717819400011573	2063
-0.0803541368389298	0.741528858997695	175
-0.0803541368389298	0.741528858997695	35
-0.0803541368389298	0.741528858997695	5133
-0.0846647583428299	0.717819400011573	75
-0.0803541368389298	0.741528858997695	2806
-0.0795914353979801	0.718828611548918	220
-0.0803541368389298	0.741528858997695	775
-0.0838933621825202	0.718322275969984	85
0.0084284444235001	1.39469230889408	1455
-0.0838933621825202	0.718322275969984	1692
-0.0803541368389298	0.741528858997695	3386
-0.0846647583428299	0.717819400011573	3268
-0.0811173379669201	0.714610945265779	35
-0.0795914353979801	0.718828611548918	2274
-0.0803541368389298	0.741528858997695	775
-0.0795914353979801	0.718828611548918	775
-0.0803541368389298	0.741528858997695	85
-0.0795914353979801	0.718828611548918	346
-0.0795914353979801	0.718828611548918	6373
-0.0803541368389298	0.741528858997695	83
-0.0846647583428299	0.717819400011573	4357
0.0128552262380102	1.46655429878646	175
-0.0811173379669201	0.714610945265779	85
-0.0811173379669201	0.714610945265779	3766
0.0122691814246898	1.43691452731958	87
-0.0795914353979801	0.718828611548918	1612
-0.0803541368389298	0.741528858997695	35
0.0112585770988098	1.45065963674721	75
-0.0803541368389298	0.741528858997695	85
-0.0803541368389298	0.741528858997695	3273
0.00521171302602985	1.32915753200244	118
-0.0803541368389298	0.741528858997695	1
-0.0795914353979801	0.718828611548918	35
-0.0811173379669201	0.714610945265779	2207
-0.0803541368389298	0.741528858997695	85
-0.0838933621825202	0.718322275969984	993
0.0152993625916702	1.37362236654191	75
-0.0803541368389298	0.741528858997695	85
-0.0846647583428299	0.717819400011573	3273
0.0308670239135198	2.24002347280806	65
0.0136530856414301	1.4577659344989	220
-0.0803541368389298	0.741528858997695	1770
-0.0795914353979801	0.718828611548918	346
-0.0838933621825202	0.718322275969984	3273
-0.0811173379669201	0.714610945265779	2555
-0.0795914353979801	0.718828611548918	3273
-0.0803541368389298	0.741528858997695	2072
-0.0882299835081302	0.679441061169077	3273
-0.0882299835081302	0.679441061169077	3149
-0.0811173379669201	0.714610945265779	85
-0.0803541368389298	0.741528858997695	4199
-0.0838933621825202	0.718322275969984	5507
0.0138635753769298	1.45243096900756	75
-0.0795914353979801	0.718828611548918	1770
-0.0838933621825202	0.718322275969984	85
-0.0803541368389298	0.741528858997695	671
-0.0846647583428299	0.717819400011573	2245
-0.0803541368389298	0.741528858997695	87
0.0302977917580698	2.21208652490801	712
-0.0795914353979801	0.718828611548918	712
-0.0795914353979801	0.718828611548918	407
0.0166915623297599	1.4366559741115	87
-0.0795914353979801	0.718828611548918	35
-0.0811173379669201	0.714610945265779	359
-0.0811173379669201	0.714610945265779	5508
-0.0846647583428299	0.717819400011573	85
-0.0811173379669201	0.714610945265779	6595
-0.0803541368389298	0.741528858997695	4111
0.0130665328727302	1.45007019975815	2163
-0.0803541368389298	0.741528858997695	5882
-0.0838933621825202	0.718322275969984	407
-0.0846647583428299	0.717819400011573	2121
-0.0803541368389298	0.741528858997695	2634
-0.0803541368389298	0.741528858997695	2163
-0.0795914353979801	0.718828611548918	3485
0.03889075184399	2.30917768345308	65
0.0128552262380102	1.46655429878646	87
-0.0795914353979801	0.718828611548918	1381
-0.0795914353979801	0.718828611548918	793
-0.0803541368389298	0.741528858997695	75
-0.0811173379669201	0.714610945265779	407
-0.0838933621825202	0.718322275969984	407
-0.0803541368389298	0.741528858997695	4190
-0.0803541368389298	0.741528858997695	298
-0.0838933621825202	0.718322275969984	2824
-0.0803541368389298	0.741528858997695	407
-0.0803541368389298	0.741528858997695	407
-0.0803541368389298	0.741528858997695	407
-0.0803541368389298	0.741528858997695	1381
-0.0846647583428299	0.717819400011573	2029
-0.0803541368389298	0.741528858997695	2121
-0.0846647583428299	0.717819400011573	161
-0.0838933621825202	0.718322275969984	874
-0.0846647583428299	0.717819400011573	874
-0.0846647583428299	0.717819400011573	1882
-0.0838933621825202	0.718322275969984	83
-0.0838933621825202	0.718322275969984	2029
-0.0803541368389298	0.741528858997695	793
-0.0811173379669201	0.714610945265779	359
-0.0846647583428299	0.717819400011573	183
-0.0811173379669201	0.714610945265779	496
-0.0811173379669201	0.714610945265779	3535
-0.0811173379669201	0.714610945265779	793
-0.0803541368389298	0.741528858997695	359
0.0136530856414301	1.4577659344989	876
-0.0803541368389298	0.741528858997695	874
-0.0795914353979801	0.718828611548918	3485
-0.0811173379669201	0.714610945265779	803
-0.0795914353979801	0.718828611548918	1299
-0.0803541368389298	0.741528858997695	3535
-0.0795914353979801	0.718828611548918	6235
0.00900301179773022	1.41156139670898	359
-0.0795914353979801	0.718828611548918	11
-0.0803541368389298	0.741528858997695	23
-0.0846647583428299	0.717819400011573	803
0.0138635753769298	1.45243096900756	2752
0.0138635753769298	1.45243096900756	671
-0.0795914353979801	0.718828611548918	874
-0.0803541368389298	0.741528858997695	2089
-0.0811173379669201	0.714610945265779	83
-0.0846647583428299	0.717819400011573	6854
-0.0795914353979801	0.718828611548918	1100
0.0084284444235001	1.39469230889408	3882
-0.0795914353979801	0.718828611548918	2752
-0.0811173379669201	0.714610945265779	802
-0.0803541368389298	0.741528858997695	4235
0.0166915623297599	1.4366559741115	34
-0.0803541368389298	0.741528858997695	793
-0.0811173379669201	0.714610945265779	2444
-0.0811173379669201	0.714610945265779	502
-0.0795914353979801	0.718828611548918	11
-0.0795914353979801	0.718828611548918	1033
-0.0795914353979801	0.718828611548918	3378
-0.0882299835081302	0.679441061169077	3378
-0.0795914353979801	0.718828611548918	1
0.0130665328727302	1.45007019975815	1
-0.0838933621825202	0.718322275969984	34
-0.0811173379669201	0.714610945265779	11
-0.0803541368389298	0.741528858997695	2734
-0.0795914353979801	0.718828611548918	793
-0.0795914353979801	0.718828611548918	314
-0.0803541368389298	0.741528858997695	11
-0.0838933621825202	0.718322275969984	1033
-0.0838933621825202	0.718322275969984	4979
-0.0811173379669201	0.714610945265779	3091
-0.0803541368389298	0.741528858997695	3937
-0.0811173379669201	0.714610945265779	11
0.0146603091689901	1.44382597256894	421
-0.0882299835081302	0.679441061169077	802
-0.0811173379669201	0.714610945265779	1693
-0.0838933621825202	0.718322275969984	582
0.0403766854682499	2.06358600381387	75
-0.0795914353979801	0.718828611548918	1033
-0.0795914353979801	0.718828611548918	570
-0.0838933621825202	0.718322275969984	83
0.00442293018009998	1.34054512559786	2378
-0.0803541368389298	0.741528858997695	288
-0.0645913705885102	2.43250543046821	183
-0.0803541368389298	0.741528858997695	3134
0.0174940734557301	1.43446474052009	1
-0.0803541368389298	0.741528858997695	1251
0.00662176766347988	1.38654428564857	5955
-0.0846647583428299	0.717819400011573	1927
-0.0838933621825202	0.718322275969984	80
-0.0795914353979801	0.718828611548918	112
0.0174940734557301	1.43446474052009	421
0.0185068338866801	1.42093270745374	65
-0.0846647583428299	0.717819400011573	582
-0.0846647583428299	0.717819400011573	1153
-0.0811173379669201	0.714610945265779	6718
-0.0838933621825202	0.718322275969984	6718
-0.0811173379669201	0.714610945265779	6000
-0.0803541368389298	0.741528858997695	11
-0.0803541368389298	0.741528858997695	23
-0.0811173379669201	0.714610945265779	1198
-0.0803541368389298	0.741528858997695	5939
-0.0838933621825202	0.718322275969984	928
-0.0803541368389298	0.741528858997695	1794
-0.0803541368389298	0.741528858997695	1794
-0.0803541368389298	0.741528858997695	6000
-0.0795914353979801	0.718828611548918	80
0.0138635753769298	1.45243096900756	65
-0.0795914353979801	0.718828611548918	1356
-0.0811173379669201	0.714610945265779	1356
-0.0803541368389298	0.741528858997695	1794
-0.0803541368389298	0.741528858997695	184
-0.0803541368389298	0.741528858997695	80
-0.0803541368389298	0.741528858997695	80
0.0120570568016101	1.46412649741973	1004
0.0158887353042698	1.42975750391341	152
-0.0803541368389298	0.741528858997695	11
-0.0795914353979801	0.718828611548918	6222
-0.0811173379669201	0.714610945265779	928
-0.0811173379669201	0.714610945265779	184
0.0138635753769298	1.45243096900756	184
-0.0795914353979801	0.718828611548918	2935
0.0185849630261501	1.38967168004773	1
-0.0811173379669201	0.714610945265779	5706
-0.0838933621825202	0.718322275969984	23
0.0138635753769298	1.45243096900756	705
-0.0795914353979801	0.718828611548918	225
-0.0811173379669201	0.714610945265779	6203
-0.0811173379669201	0.714610945265779	928
-0.0803541368389298	0.741528858997695	839
-0.0795914353979801	0.718828611548918	839
-0.0803541368389298	0.741528858997695	184
-0.0803541368389298	0.741528858997695	1421
0.0166915623297599	1.4366559741115	23
-0.0838933621825202	0.718322275969984	1377
-0.0795914353979801	0.718828611548918	1377
-0.0795914353979801	0.718828611548918	4265
-0.0803541368389298	0.741528858997695	3394
-0.0803541368389298	0.741528858997695	307
-0.0803541368389298	0.741528858997695	80
-0.0882299835081302	0.679441061169077	1542
-0.0838933621825202	0.718322275969984	1421
-0.0803541368389298	0.741528858997695	6427
-0.0795914353979801	0.718828611548918	851
-0.0795914353979801	0.718828611548918	4265
-0.0846647583428299	0.717819400011573	307
-0.0795914353979801	0.718828611548918	839
-0.0803541368389298	0.741528858997695	2269
-0.0795914353979801	0.718828611548918	2269
-0.0803541368389298	0.741528858997695	802
-0.0795914353979801	0.718828611548918	2049
-0.0803541368389298	0.741528858997695	250
-0.0803541368389298	0.741528858997695	1377
-0.0795914353979801	0.718828611548918	307
-0.0795914353979801	0.718828611548918	128
-0.0803541368389298	0.741528858997695	184
-0.0803541368389298	0.741528858997695	184
-0.0795914353979801	0.718828611548918	11
-0.0811173379669201	0.714610945265779	3112
-0.0803541368389298	0.741528858997695	183
0.00820956816686991	1.41536933588339	183
0.0154567344805101	1.42226876102219	3900
-0.0811173379669201	0.714610945265779	3900
-0.0803541368389298	0.741528858997695	6413
-0.0803541368389298	0.741528858997695	225
-0.0811173379669201	0.714610945265779	2874
-0.0795914353979801	0.718828611548918	4264
-0.0803541368389298	0.741528858997695	3930
-0.0795914353979801	0.718828611548918	1300
-0.0795914353979801	0.718828611548918	23
0.0193079152509901	1.40931170844555	65
-0.0846647583428299	0.717819400011573	4730
-0.0811173379669201	0.714610945265779	4730
-0.0811173379669201	0.714610945265779	2629
0.0174940734557301	1.43446474052009	38
-0.0811173379669201	0.714610945265779	1300
-0.0811173379669201	0.714610945265779	80
-0.0795914353979801	0.718828611548918	183
-0.0803541368389298	0.741528858997695	65
0.0120570568016101	1.46412649741973	309
-0.0803541368389298	0.741528858997695	505
-0.0803541368389298	0.741528858997695	839
-0.0795914353979801	0.718828611548918	184
-0.0803541368389298	0.741528858997695	6454
-0.0811173379669201	0.714610945265779	3130
-0.0803541368389298	0.741528858997695	1651
-0.0803541368389298	0.741528858997695	183
-0.0846647583428299	0.717819400011573	65
-0.0795914353979801	0.718828611548918	3204
-0.0803541368389298	0.741528858997695	21
0.0166915623297599	1.4366559741115	225
-0.0846647583428299	0.717819400011573	920
-0.0795914353979801	0.718828611548918	5709
-0.0795914353979801	0.718828611548918	3207
-0.0803541368389298	0.741528858997695	36
-0.0795914353979801	0.718828611548918	80
0.0104597868959102	1.42452450236849	251
0.0174940734557301	1.43446474052009	23
-0.0846647583428299	0.717819400011573	2913
-0.0803541368389298	0.741528858997695	1505
-0.0846647583428299	0.717819400011573	190
0.0158887353042698	1.42975750391341	3720
0.0177054381780999	1.4230881558581	309
-0.0846647583428299	0.717819400011573	2190
0.00741582019736997	1.40739952159237	184
-0.0803541368389298	0.741528858997695	2893
-0.0803541368389298	0.741528858997695	494
-0.0846647583428299	0.717819400011573	494
-0.0803541368389298	0.741528858997695	6104
-0.0803541368389298	0.741528858997695	13
-0.0795914353979801	0.718828611548918	103
-0.0838933621825202	0.718322275969984	1996
-0.0846647583428299	0.717819400011573	5704
-0.0803541368389298	0.741528858997695	309
-0.0846647583428299	0.717819400011573	1134
-0.0846647583428299	0.717819400011573	38
-0.0838933621825202	0.718322275969984	36
-0.0846647583428299	0.717819400011573	184
-0.0803541368389298	0.741528858997695	5707
-0.0803541368389298	0.741528858997695	3860
-0.0811173379669201	0.714610945265779	3860
-0.0803541368389298	0.741528858997695	516
-0.0795914353979801	0.718828611548918	1943
-0.0846647583428299	0.717819400011573	1996
0.0128552262380102	1.46655429878646	5913
-0.0803541368389298	0.741528858997695	698
-0.0838933621825202	0.718322275969984	23
0.0193079152509901	1.40931170844555	190
0.0174940734557301	1.43446474052009	554
0.03617886146841	2.40595513853466	3191
-0.0795914353979801	0.718828611548918	3207
0.00820956816686991	1.41536933588339	190
-0.0811173379669201	0.714610945265779	21
0.0166915623297599	1.4366559741115	430
0.0158887353042698	1.42975750391341	430
-0.0795914353979801	0.718828611548918	378
-0.0803541368389298	0.741528858997695	378
0.0399054315220799	2.41577981840094	65
-0.0811173379669201	0.714610945265779	5486
0.0170003376957499	1.41829650207559	36
-0.0803541368389298	0.741528858997695	378
-0.0795914353979801	0.718828611548918	5201
-0.0846647583428299	0.717819400011573	5201
-0.0838933621825202	0.718322275969984	21
-0.0803541368389298	0.741528858997695	2757
0.0161017027703698	1.40043656954827	204
-0.0795914353979801	0.718828611548918	21
-0.0846647583428299	0.717819400011573	2757
-0.0795914353979801	0.718828611548918	3480
0.0169037278858801	1.41635300484631	65
-0.0803541368389298	0.741528858997695	21
-0.0811173379669201	0.714610945265779	5705
-0.0838933621825202	0.718322275969984	955
0.00741582019736997	1.40739952159237	207
0.0446491474374202	2.19677453187331	207
0.0105889869454701	1.35206509945232	54
-0.0803541368389298	0.741528858997695	1274
-0.0803541368389298	0.741528858997695	1867
-0.0811173379669201	0.714610945265779	1
-0.0803541368389298	0.741528858997695	13
-0.0811173379669201	0.714610945265779	1003
-0.0803541368389298	0.741528858997695	204
-0.0803541368389298	0.741528858997695	2367
-0.0803541368389298	0.741528858997695	54
-0.0795914353979801	0.718828611548918	1867
-0.0795914353979801	0.718828611548918	1852
-0.0803541368389298	0.741528858997695	843
-0.0846647583428299	0.717819400011573	65
-0.0838933621825202	0.718322275969984	1
-0.0803541368389298	0.741528858997695	1728
-0.0803541368389298	0.741528858997695	3936
-0.0803541368389298	0.741528858997695	3936
-0.0811173379669201	0.714610945265779	71
-0.0846647583428299	0.717819400011573	1274
-0.0803541368389298	0.741528858997695	21
0.0367477494860999	2.40337898502029	2477
0.00705534734265978	1.28646722188707	1728
-0.0795914353979801	0.718828611548918	3760
-0.0811173379669201	0.714610945265779	2317
-0.0803541368389298	0.741528858997695	378
-0.0838933621825202	0.718322275969984	4798
-0.0803541368389298	0.741528858997695	896
-0.0811173379669201	0.714610945265779	554
-0.0838933621825202	0.718322275969984	990
0.0144506352452098	1.43573569301259	13
-0.0811173379669201	0.714610945265779	1728
-0.0795914353979801	0.718828611548918	2357
-0.0838933621825202	0.718322275969984	2357
-0.0846647583428299	0.717819400011573	3936
-0.0795914353979801	0.718828611548918	54
-0.0803541368389298	0.741528858997695	1718
-0.0838933621825202	0.718322275969984	21
-0.0795914353979801	0.718828611548918	21
-0.0811173379669201	0.714610945265779	21
-0.0803541368389298	0.741528858997695	896
-0.0803541368389298	0.741528858997695	1
-0.0795914353979801	0.718828611548918	1434
-0.0795914353979801	0.718828611548918	6077
-0.0803541368389298	0.741528858997695	13
-0.0846647583428299	0.717819400011573	2108
-0.0811173379669201	0.714610945265779	2108
-0.0811173379669201	0.714610945265779	2108
-0.0811173379669201	0.714610945265779	21
-0.0838933621825202	0.718322275969984	5436
-0.0803541368389298	0.741528858997695	5436
-0.0811173379669201	0.714610945265779	21
-0.0811173379669201	0.714610945265779	6259
-0.0811173379669201	0.714610945265779	6259
0.00900301179773022	1.41156139670898	344
-0.0838933621825202	0.718322275969984	896
-0.0803541368389298	0.741528858997695	3226
-0.0795914353979801	0.718828611548918	4193
-0.0795914353979801	0.718828611548918	71
-0.0803541368389298	0.741528858997695	54
-0.0811173379669201	0.714610945265779	2495
0.0136530856414301	1.4577659344989	990
0.02084411784254	1.39042391413528	6293
-0.0811173379669201	0.714610945265779	2495
-0.0811173379669201	0.714610945265779	3127
0.0166915623297599	1.4366559741115	344
-0.0795914353979801	0.718828611548918	3127
0.0177054381780999	1.4230881558581	2742
-0.0795914353979801	0.718828611548918	207
-0.0795914353979801	0.718828611548918	3637
0.0138635753769298	1.45243096900756	71
-0.0811173379669201	0.714610945265779	21
-0.0795914353979801	0.718828611548918	990
-0.0846647583428299	0.717819400011573	5607
-0.0803541368389298	0.741528858997695	929
0.0184507573739601	1.34358456700665	929
-0.0795914353979801	0.718828611548918	3127
0.0138635753769298	1.45243096900756	46
0.01001221303832	1.39874300716808	2572
-0.0803541368389298	0.741528858997695	13
-0.0795914353979801	0.718828611548918	1586
-0.0846647583428299	0.717819400011573	1335
0.0170003376957499	1.41829650207559	2400
-0.0803541368389298	0.741528858997695	4977
0.0216412848840699	1.38835027031279	2949
-0.0846647583428299	0.717819400011573	103
0.0174940734557301	1.43446474052009	1586
0.0136530856414301	1.4577659344989	651
-0.0795914353979801	0.718828611548918	4033
-0.0811173379669201	0.714610945265779	1047
0.0084284444235001	1.39469230889408	1
0.0146603091689901	1.44382597256894	21
-0.0803541368389298	0.741528858997695	21
-0.0811173379669201	0.714610945265779	207
-0.0882299835081302	0.679441061169077	21
0.00741582019736997	1.40739952159237	5946
-0.0803541368389298	0.741528858997695	21
-0.0846647583428299	0.717819400011573	21
0.00622424926220022	1.31811433053535	5782
0.0426246248437399	2.2264876358268	430
-0.0795914353979801	0.718828611548918	207
0.00741582019736997	1.40739952159237	287
-0.0795914353979801	0.718828611548918	287
-0.0838933621825202	0.718322275969984	125
-0.0803541368389298	0.741528858997695	125
-0.0803541368389298	0.741528858997695	318
0.0431944249919001	2.21562900349765	2365
-0.0838933621825202	0.718322275969984	21
-0.0803541368389298	0.741528858997695	287
0.0128552262380102	1.46655429878646	10
0.0177054381780999	1.4230881558581	21
-0.0795914353979801	0.718828611548918	1
0.0169037278858801	1.41635300484631	10
-0.0803541368389298	0.741528858997695	2201
-0.0795914353979801	0.718828611548918	207
-0.0795914353979801	0.718828611548918	3980
-0.0795914353979801	0.718828611548918	5242
0.01241098003783	1.3711115584364	336
-0.0803541368389298	0.741528858997695	6672
-0.0803541368389298	0.741528858997695	4841
-0.0803541368389298	0.741528858997695	21
0.0174940734557301	1.43446474052009	344
-0.0838933621825202	0.718322275969984	2854
-0.0811173379669201	0.714610945265779	287
0.0128552262380102	1.46655429878646	287
-0.0795914353979801	0.718828611548918	6198
0.0174940734557301	1.43446474052009	4971
-0.0803541368389298	0.741528858997695	2481
-0.0803541368389298	0.741528858997695	5690
0.0130665328727302	1.45007019975815	3576
-0.0846647583428299	0.717819400011573	26
-0.0803541368389298	0.741528858997695	1563
-0.0811173379669201	0.714610945265779	2481
0.0162075693802102	1.41609475805381	439
-0.0803541368389298	0.741528858997695	1468
-0.0846647583428299	0.717819400011573	1563
-0.0803541368389298	0.741528858997695	21
-0.0803541368389298	0.741528858997695	6257
-0.0795914353979801	0.718828611548918	4990
-0.0795914353979801	0.718828611548918	82
0.0158887353042698	1.42975750391341	1782
-0.0795914353979801	0.718828611548918	2228
-0.0838933621825202	0.718322275969984	1487
-0.0846647583428299	0.717819400011573	2388
-0.0838933621825202	0.718322275969984	2388
-0.0803541368389298	0.741528858997695	6215
-0.0811173379669201	0.714610945265779	2091
0.0146603091689901	1.44382597256894	5328
-0.0795914353979801	0.718828611548918	21
-0.0803541368389298	0.741528858997695	2228
-0.0795914353979801	0.718828611548918	1
0.0170003376957499	1.41829650207559	1487
0.0456729470536899	2.21311768056713	156
0.00521171302602985	1.32915753200244	156
-0.0803541368389298	0.741528858997695	1782
0.03448782766278	2.20632516464629	207
-0.0838933621825202	0.718322275969984	109
-0.0846647583428299	0.717819400011573	1468
-0.0803541368389298	0.741528858997695	782
-0.0803541368389298	0.741528858997695	1862
-0.0803541368389298	0.741528858997695	82
-0.0803541368389298	0.741528858997695	82
-0.0838933621825202	0.718322275969984	1121
-0.0795914353979801	0.718828611548918	1121
-0.0811173379669201	0.714610945265779	743
-0.0795914353979801	0.718828611548918	3010
-0.0838933621825202	0.718322275969984	4769
-0.0803541368389298	0.741528858997695	1557
-0.0795914353979801	0.718828611548918	1
-0.0795914353979801	0.718828611548918	248
-0.0803541368389298	0.741528858997695	3811
-0.0795914353979801	0.718828611548918	109
-0.0803541368389298	0.741528858997695	109
-0.0795914353979801	0.718828611548918	2665
-0.0803541368389298	0.741528858997695	6704
-0.0811173379669201	0.714610945265779	782
-0.0846647583428299	0.717819400011573	430
0.0169037278858801	1.41635300484631	1
-0.0811173379669201	0.714610945265779	3599
-0.0803541368389298	0.741528858997695	1727
0.0130665328727302	1.45007019975815	430
-0.0803541368389298	0.741528858997695	6703
-0.0838933621825202	0.718322275969984	21
-0.0846647583428299	0.717819400011573	6670
-0.0795914353979801	0.718828611548918	4117
-0.0811173379669201	0.714610945265779	3961
0.0146603091689901	1.44382597256894	3243
-0.0803541368389298	0.741528858997695	3478
-0.0846647583428299	0.717819400011573	3144
0.0128552262380102	1.46655429878646	6841
-0.0803541368389298	0.741528858997695	1531
0.0136530856414301	1.4577659344989	5
-0.0803541368389298	0.741528858997695	2580
-0.0811173379669201	0.714610945265779	782
-0.0846647583428299	0.717819400011573	82
-0.0803541368389298	0.741528858997695	82
0.0136530856414301	1.4577659344989	125
-0.0803541368389298	0.741528858997695	125
-0.0803541368389298	0.741528858997695	2043
-0.0803541368389298	0.741528858997695	397
-0.0795914353979801	0.718828611548918	2402
-0.0803541368389298	0.741528858997695	88
-0.0803541368389298	0.741528858997695	353
-0.0795914353979801	0.718828611548918	782
0.0166915623297599	1.4366559741115	782
-0.0795914353979801	0.718828611548918	179
-0.0803541368389298	0.741528858997695	13
-0.0795914353979801	0.718828611548918	4616
-0.0795914353979801	0.718828611548918	6341
-0.0795914353979801	0.718828611548918	444
-0.0803541368389298	0.741528858997695	1916
-0.0795914353979801	0.718828611548918	452
-0.0803541368389298	0.741528858997695	2043
-0.0795914353979801	0.718828611548918	3557
-0.0803541368389298	0.741528858997695	3883
-0.0838933621825202	0.718322275969984	6004
0.0130665328727302	1.45007019975815	899
0.01241098003783	1.3711115584364	88
-0.0803541368389298	0.741528858997695	3031
-0.0795914353979801	0.718828611548918	3287
-0.0795914353979801	0.718828611548918	88
-0.0795914353979801	0.718828611548918	3031
-0.0803541368389298	0.741528858997695	1978
-0.0803541368389298	0.741528858997695	39
-0.0795914353979801	0.718828611548918	248
-0.0795914353979801	0.718828611548918	538
-0.0803541368389298	0.741528858997695	538
-0.0803541368389298	0.741528858997695	26
-0.0846647583428299	0.717819400011573	4793
-0.0803541368389298	0.741528858997695	165
-0.0803541368389298	0.741528858997695	2592
-0.0803541368389298	0.741528858997695	1
-0.0795914353979801	0.718828611548918	1479
-0.0803541368389298	0.741528858997695	353
-0.0811173379669201	0.714610945265779	538
-0.0838933621825202	0.718322275969984	538
-0.0803541368389298	0.741528858997695	757
-0.0811173379669201	0.714610945265779	1766
-0.0803541368389298	0.741528858997695	2498
-0.0838933621825202	0.718322275969984	116
-0.0803541368389298	0.741528858997695	1714
-0.0803541368389298	0.741528858997695	1714
-0.0535501781913701	2.49896437827975	3885
-0.0803541368389298	0.741528858997695	6266
-0.0803541368389298	0.741528858997695	1970
-0.0803541368389298	0.741528858997695	1970
-0.0795914353979801	0.718828611548918	1714
-0.0811173379669201	0.714610945265779	471
-0.0838933621825202	0.718322275969984	485
-0.0803541368389298	0.741528858997695	485
-0.0838933621825202	0.718322275969984	2784
0.00820956816686991	1.41536933588339	82
-0.0795914353979801	0.718828611548918	39
-0.0838933621825202	0.718322275969984	1970
-0.0795914353979801	0.718828611548918	6266
-0.0882299835081302	0.679441061169077	5
-0.0803541368389298	0.741528858997695	6284
-0.0795914353979801	0.718828611548918	6284
0.0166915623297599	1.4366559741115	13
0.0130665328727302	1.45007019975815	899
-0.0811173379669201	0.714610945265779	1098
-0.0803541368389298	0.741528858997695	6817
-0.0846647583428299	0.717819400011573	6817
-0.0795914353979801	0.718828611548918	1970
-0.0803541368389298	0.741528858997695	1970
-0.0846647583428299	0.717819400011573	1712
-0.0838933621825202	0.718322275969984	13
-0.0803541368389298	0.741528858997695	3839
0.0128552262380102	1.46655429878646	37
-0.0803541368389298	0.741528858997695	13
-0.0803541368389298	0.741528858997695	1533
0.0424967852048699	2.31734387714622	82
-0.0795914353979801	0.718828611548918	39
-0.0811173379669201	0.714610945265779	1
-0.0795914353979801	0.718828611548918	13
-0.0795914353979801	0.718828611548918	3410
-0.0803541368389298	0.741528858997695	4861
-0.0795914353979801	0.718828611548918	576
-0.0811173379669201	0.714610945265779	1533
0.03617886146841	2.40595513853466	1533
-0.0838933621825202	0.718322275969984	2571
-0.0795914353979801	0.718828611548918	165
-0.0795914353979801	0.718828611548918	39
-0.0795914353979801	0.718828611548918	485
-0.0803541368389298	0.741528858997695	3169
-0.0838933621825202	0.718322275969984	165
-0.0803541368389298	0.741528858997695	39
-0.0803541368389298	0.741528858997695	39
0.01162268577044	1.36374573751736	1481
-0.0803541368389298	0.741528858997695	5124
-0.05059934312506	2.39929624735521	4
-0.0803541368389298	0.741528858997695	1504
-0.0846647583428299	0.717819400011573	39
-0.0803541368389298	0.741528858997695	485
-0.0803541368389298	0.741528858997695	4758
-0.0795914353979801	0.718828611548918	39
-0.0838933621825202	0.718322275969984	2482
-0.0811173379669201	0.714610945265779	26
-0.0846647583428299	0.717819400011573	396
-0.0846647583428299	0.717819400011573	845
-0.0838933621825202	0.718322275969984	1462
-0.0795914353979801	0.718828611548918	624
-0.0811173379669201	0.714610945265779	2964
-0.0803541368389298	0.741528858997695	1462
-0.0795914353979801	0.718828611548918	485
-0.0795914353979801	0.718828611548918	485
-0.0838933621825202	0.718322275969984	586
0.0130665328727302	1.45007019975815	903
-0.0838933621825202	0.718322275969984	586
-0.0795914353979801	0.718828611548918	396
0.0177928021692901	1.41011987598783	39
0.0216412848840699	1.38835027031279	1481
0.0158887353042698	1.42975750391341	1
-0.0846647583428299	0.717819400011573	3055
0.0146603091689901	1.44382597256894	3055
-0.0803541368389298	0.741528858997695	485
-0.0803541368389298	0.741528858997695	1316
-0.0795914353979801	0.718828611548918	586
0.0216412848840699	1.38835027031279	903
-0.0795914353979801	0.718828611548918	3787
-0.0795914353979801	0.718828611548918	5586
-0.0846647583428299	0.717819400011573	165
-0.0838933621825202	0.718322275969984	39
-0.0838933621825202	0.718322275969984	2321
0.0182962689233102	1.42259664808247	1481
-0.0803541368389298	0.741528858997695	586
-0.0846647583428299	0.717819400011573	757
-0.0795914353979801	0.718828611548918	485
-0.0811173379669201	0.714610945265779	2165
0.0161017027703698	1.40043656954827	1113
0.0174940734557301	1.43446474052009	845
-0.0795914353979801	0.718828611548918	2165
0.03876649824997	2.39592612690316	1592
0.0108340788038999	1.34438786906265	13
-0.0803541368389298	0.741528858997695	163
-0.0795914353979801	0.718828611548918	5488
-0.0846647583428299	0.717819400011573	5488
-0.0803541368389298	0.741528858997695	1720
0.0130665328727302	1.45007019975815	507
-0.0838933621825202	0.718322275969984	1720
-0.0795914353979801	0.718828611548918	136
-0.0803541368389298	0.741528858997695	757
-0.0795914353979801	0.718828611548918	1034
-0.0803541368389298	0.741528858997695	1034
-0.0504162868410498	2.42703287510705	2034
-0.0803541368389298	0.741528858997695	2525
-0.0795914353979801	0.718828611548918	136
-0.0803541368389298	0.741528858997695	3653
-0.0795914353979801	0.718828611548918	37
-0.0803541368389298	0.741528858997695	399
0.00862427740038996	1.30167714278398	53
0.0224381424235802	1.37730517029979	53
-0.0803541368389298	0.741528858997695	768
0.0120570568016101	1.46412649741973	399
-0.0795914353979801	0.718828611548918	399
0.0515635814767501	2.02555127327908	781
0.0146603091689901	1.44382597256894	163
0.0177928021692901	1.41011987598783	768
-0.0803541368389298	0.741528858997695	165
-0.0803541368389298	0.741528858997695	399
-0.0811173379669201	0.714610945265779	1037
0.00900301179773022	1.41156139670898	13
0.0166915623297599	1.4366559741115	218
0.03516114524776	2.30059872490451	3569
0.0128552262380102	1.46655429878646	163
0.0128552262380102	1.46655429878646	2287
0.0257046467294799	2.1160973858388	3274
0.0158887353042698	1.42975750391341	136
0.0170003376957499	1.41829650207559	78
-0.0795914353979801	0.718828611548918	53
-0.0803541368389298	0.741528858997695	1473
-0.0811173379669201	0.714610945265779	1037
-0.0803541368389298	0.741528858997695	5619
-0.0795914353979801	0.718828611548918	5191
-0.0846647583428299	0.717819400011573	2573
-0.0846647583428299	0.717819400011573	4
-0.0795914353979801	0.718828611548918	4
-0.0803541368389298	0.741528858997695	53
-0.0795914353979801	0.718828611548918	2270
-0.0795914353979801	0.718828611548918	13
-0.0811173379669201	0.714610945265779	1248
-0.0811173379669201	0.714610945265779	399
0.00900301179773022	1.41156139670898	268
-0.0803541368389298	0.741528858997695	93
-0.0803541368389298	0.741528858997695	733
-0.0811173379669201	0.714610945265779	1
0.0128552262380102	1.46655429878646	2155
-0.0803541368389298	0.741528858997695	4177
-0.0803541368389298	0.741528858997695	6041
-0.0811173379669201	0.714610945265779	163
-0.0803541368389298	0.741528858997695	53
-0.0803541368389298	0.741528858997695	3092
-0.0795914353979801	0.718828611548918	78
-0.0803541368389298	0.741528858997695	199
-0.0795914353979801	0.718828611548918	4178
-0.0838933621825202	0.718322275969984	2058
-0.0803541368389298	0.741528858997695	1706
-0.0795914353979801	0.718828611548918	1706
-0.0803541368389298	0.741528858997695	50
-0.0811173379669201	0.714610945265779	6041
-0.0803541368389298	0.741528858997695	1224
-0.0803541368389298	0.741528858997695	1224
-0.0795914353979801	0.718828611548918	2216
-0.0803541368389298	0.741528858997695	53
-0.0846647583428299	0.717819400011573	1671
-0.0803541368389298	0.741528858997695	199
-0.0795914353979801	0.718828611548918	1224
-0.0811173379669201	0.714610945265779	268
-0.0795914353979801	0.718828611548918	53
-0.0811173379669201	0.714610945265779	2566
-0.06731213345103	2.4691022751071	1415
0.0158887353042698	1.42975750391341	78
-0.0803541368389298	0.741528858997695	1370
-0.0803541368389298	0.741528858997695	53
-0.0838933621825202	0.718322275969984	5445
-0.0795914353979801	0.718828611548918	268
-0.0838933621825202	0.718322275969984	105
-0.0803541368389298	0.741528858997695	4255
-0.0811173379669201	0.714610945265779	2869
-0.0803541368389298	0.741528858997695	53
0.00442293018009998	1.34054512559786	4255
0.0146603091689901	1.44382597256894	53
0.0185068338866801	1.42093270745374	1820
-0.0838933621825202	0.718322275969984	199
0.0136530856414301	1.4577659344989	1486
-0.0803541368389298	0.741528858997695	1730
-0.0846647583428299	0.717819400011573	1671
0.0162075693802102	1.41609475805381	3061
0.0174940734557301	1.43446474052009	1681
0.0200466410659299	1.38407225217784	18
0.00284442550325981	1.32419653931139	1671
-0.0803541368389298	0.741528858997695	399
-0.0838933621825202	0.718322275969984	693
0.0350405513279202	2.37235991607641	50
0.0185068338866801	1.42093270745374	3166
-0.0803541368389298	0.741528858997695	53
0.0166915623297599	1.4366559741115	5563
0.0131989618469599	1.36753522396887	5997
0.0120570568016101	1.46412649741973	13
-0.0838933621825202	0.718322275969984	137
-0.0811173379669201	0.714610945265779	53
-0.0803541368389298	0.741528858997695	473
0.0128552262380102	1.46655429878646	473
0.0162075693802102	1.41609475805381	5907
-0.0803541368389298	0.741528858997695	53
-0.0803541368389298	0.741528858997695	560
-0.0838933621825202	0.718322275969984	6254
-0.0811173379669201	0.714610945265779	6254
-0.0795914353979801	0.718828611548918	699
-0.0838933621825202	0.718322275969984	974
-0.0803541368389298	0.741528858997695	1133
-0.0795914353979801	0.718828611548918	3000
-0.0882299835081302	0.679441061169077	3316
-0.0811173379669201	0.714610945265779	2177
-0.0811173379669201	0.714610945265779	53
-0.0795914353979801	0.718828611548918	720
-0.0795914353979801	0.718828611548918	1220
-0.0795914353979801	0.718828611548918	5815
-0.0803541368389298	0.741528858997695	13
-0.0838933621825202	0.718322275969984	905
-0.0795914353979801	0.718828611548918	3620
-0.0882299835081302	0.679441061169077	3392
-0.0838933621825202	0.718322275969984	788
-0.0811173379669201	0.714610945265779	974
-0.0803541368389298	0.741528858997695	974
-0.0795914353979801	0.718828611548918	1459
-0.0811173379669201	0.714610945265779	1110
-0.0811173379669201	0.714610945265779	68
-0.0803541368389298	0.741528858997695	2284
-0.0803541368389298	0.741528858997695	6700
-0.0803541368389298	0.741528858997695	158
-0.0803541368389298	0.741528858997695	158
-0.0803541368389298	0.741528858997695	560
-0.0838933621825202	0.718322275969984	4212
-0.0838933621825202	0.718322275969984	3975
-0.0803541368389298	0.741528858997695	3977
0.0120570568016101	1.46412649741973	4354
-0.0803541368389298	0.741528858997695	2350
-0.0803541368389298	0.741528858997695	788
-0.0838933621825202	0.718322275969984	6571
-0.0838933621825202	0.718322275969984	1110
-0.0882299835081302	0.679441061169077	1106
-0.0795914353979801	0.718828611548918	2177
-0.0795914353979801	0.718828611548918	2177
-0.0882299835081302	0.679441061169077	293
-0.0811173379669201	0.714610945265779	63
-0.0795914353979801	0.718828611548918	4212
-0.0803541368389298	0.741528858997695	37
-0.0795914353979801	0.718828611548918	661
-0.0803541368389298	0.741528858997695	699
-0.0795914353979801	0.718828611548918	974
-0.0846647583428299	0.717819400011573	105
-0.0846647583428299	0.717819400011573	105
-0.0838933621825202	0.718322275969984	2284
-0.0846647583428299	0.717819400011573	53
-0.0795914353979801	0.718828611548918	4923
-0.0795914353979801	0.718828611548918	877
-0.0811173379669201	0.714610945265779	401
-0.0795914353979801	0.718828611548918	1167
-0.0795914353979801	0.718828611548918	5419
-0.0795914353979801	0.718828611548918	788
-0.0846647583428299	0.717819400011573	974
-0.0795914353979801	0.718828611548918	2736
-0.0811173379669201	0.714610945265779	135
-0.0795914353979801	0.718828611548918	2127
-0.0803541368389298	0.741528858997695	1110
-0.0795914353979801	0.718828611548918	401
-0.0795914353979801	0.718828611548918	1220
-0.0838933621825202	0.718322275969984	1220
-0.0795914353979801	0.718828611548918	2737
-0.0795914353979801	0.718828611548918	4019
-0.0803541368389298	0.741528858997695	5419
-0.0811173379669201	0.714610945265779	62
-0.0803541368389298	0.741528858997695	5816
-0.0803541368389298	0.741528858997695	4355
0.00900301179773022	1.41156139670898	399
-0.0803541368389298	0.741528858997695	699
-0.0846647583428299	0.717819400011573	699
-0.0803541368389298	0.741528858997695	1152
-0.0803541368389298	0.741528858997695	135
-0.0795914353979801	0.718828611548918	1110
-0.0795914353979801	0.718828611548918	4923
-0.0803541368389298	0.741528858997695	2614
-0.0838933621825202	0.718322275969984	785
-0.0795914353979801	0.718828611548918	877
-0.0795914353979801	0.718828611548918	699
-0.0811173379669201	0.714610945265779	2736
-0.0803541368389298	0.741528858997695	68
-0.0803541368389298	0.741528858997695	2284
-0.0795914353979801	0.718828611548918	472
-0.0795914353979801	0.718828611548918	2737
-0.0803541368389298	0.741528858997695	13
-0.0811173379669201	0.714610945265779	74
-0.0803541368389298	0.741528858997695	3327
-0.0803541368389298	0.741528858997695	18
-0.0803541368389298	0.741528858997695	1904
-0.0803541368389298	0.741528858997695	2127
-0.0838933621825202	0.718322275969984	68
-0.0803541368389298	0.741528858997695	3266
-0.0803541368389298	0.741528858997695	2900
-0.0838933621825202	0.718322275969984	401
-0.0795914353979801	0.718828611548918	63
-0.0795914353979801	0.718828611548918	158
-0.0803541368389298	0.741528858997695	62
-0.0795914353979801	0.718828611548918	1333
-0.0838933621825202	0.718322275969984	3327
-0.0838933621825202	0.718322275969984	699
-0.0795914353979801	0.718828611548918	2143
-0.0803541368389298	0.741528858997695	2041
-0.0838933621825202	0.718322275969984	1904
-0.0838933621825202	0.718322275969984	2358
-0.0811173379669201	0.714610945265779	740
-0.0811173379669201	0.714610945265779	6859
-0.0803541368389298	0.741528858997695	2903
-0.0811173379669201	0.714610945265779	472
-0.0846647583428299	0.717819400011573	53
-0.0803541368389298	0.741528858997695	626
-0.0803541368389298	0.741528858997695	3365
-0.0803541368389298	0.741528858997695	2200
-0.0838933621825202	0.718322275969984	2041
0.0130665328727302	1.45007019975815	1511
-0.0803541368389298	0.741528858997695	2900
-0.0803541368389298	0.741528858997695	6398
0.0169037278858801	1.41635300484631	402
-0.0811173379669201	0.714610945265779	877
-0.0803541368389298	0.741528858997695	3365
-0.0795914353979801	0.718828611548918	2903
-0.0803541368389298	0.741528858997695	61
-0.0811173379669201	0.714610945265779	74
-0.0811173379669201	0.714610945265779	1459
-0.0811173379669201	0.714610945265779	219
-0.0811173379669201	0.714610945265779	3256
-0.0811173379669201	0.714610945265779	158
-0.0803541368389298	0.741528858997695	2937
-0.0838933621825202	0.718322275969984	1378
-0.0795914353979801	0.718828611548918	1378
-0.0838933621825202	0.718322275969984	4358
-0.0795914353979801	0.718828611548918	1333
-0.0795914353979801	0.718828611548918	1333
-0.0838933621825202	0.718322275969984	1963
0.0154567344805101	1.42226876102219	137
-0.0803541368389298	0.741528858997695	237
-0.0795914353979801	0.718828611548918	2369
-0.0795914353979801	0.718828611548918	2369
-0.0803541368389298	0.741528858997695	3816
-0.0811173379669201	0.714610945265779	740
-0.0803541368389298	0.741528858997695	740
-0.0803541368389298	0.741528858997695	2386
-0.0803541368389298	0.741528858997695	472
-0.0803541368389298	0.741528858997695	6126
-0.0811173379669201	0.714610945265779	6126
-0.0795914353979801	0.718828611548918	495
-0.0838933621825202	0.718322275969984	61
-0.0795914353979801	0.718828611548918	2937
-0.0795914353979801	0.718828611548918	1333
-0.0838933621825202	0.718322275969984	2196
-0.0795914353979801	0.718828611548918	3556
-0.0803541368389298	0.741528858997695	5903
-0.0811173379669201	0.714610945265779	4024
0.00862427740038996	1.30167714278398	1715
-0.0803541368389298	0.741528858997695	3309
-0.0795914353979801	0.718828611548918	472
-0.0803541368389298	0.741528858997695	6126
-0.0803541368389298	0.741528858997695	6126
-0.0803541368389298	0.741528858997695	4148
-0.0838933621825202	0.718322275969984	5744
-0.0803541368389298	0.741528858997695	62
0.0120570568016101	1.46412649741973	785
-0.0846647583428299	0.717819400011573	458
-0.0803541368389298	0.741528858997695	1333
-0.0803541368389298	0.741528858997695	1333
-0.0795914353979801	0.718828611548918	137
-0.0795914353979801	0.718828611548918	2953
-0.0803541368389298	0.741528858997695	377
-0.0795914353979801	0.718828611548918	237
-0.0838933621825202	0.718322275969984	892
-0.0803541368389298	0.741528858997695	2845
-0.0803541368389298	0.741528858997695	740
-0.0811173379669201	0.714610945265779	740
-0.0795914353979801	0.718828611548918	740
-0.0811173379669201	0.714610945265779	4024
-0.0803541368389298	0.741528858997695	2717
-0.0811173379669201	0.714610945265779	6861
-0.0803541368389298	0.741528858997695	219
-0.0803541368389298	0.741528858997695	68
-0.0846647583428299	0.717819400011573	472
-0.0846647583428299	0.717819400011573	4148
-0.0803541368389298	0.741528858997695	1333
-0.0803541368389298	0.741528858997695	2845
-0.0803541368389298	0.741528858997695	740
-0.0803541368389298	0.741528858997695	740
-0.0795914353979801	0.718828611548918	2717
-0.0795914353979801	0.718828611548918	219
-0.0803541368389298	0.741528858997695	2602
-0.0803541368389298	0.741528858997695	219
-0.0795914353979801	0.718828611548918	1216
-0.0795914353979801	0.718828611548918	61
-0.0795914353979801	0.718828611548918	1333
0.0174940734557301	1.43446474052009	13
-0.0803541368389298	0.741528858997695	6783
0.0154567344805101	1.42226876102219	740
-0.0846647583428299	0.717819400011573	1950
-0.0795914353979801	0.718828611548918	219
0.00900301179773022	1.41156139670898	458
-0.0811173379669201	0.714610945265779	61
-0.0795914353979801	0.718828611548918	62
-0.0811173379669201	0.714610945265779	785
-0.0803541368389298	0.741528858997695	785
-0.0838933621825202	0.718322275969984	237
-0.0811173379669201	0.714610945265779	4839
-0.0803541368389298	0.741528858997695	740
-0.0795914353979801	0.718828611548918	4749
-0.0795914353979801	0.718828611548918	690
-0.0803541368389298	0.741528858997695	5958
-0.0803541368389298	0.741528858997695	1689
-0.0795914353979801	0.718828611548918	2558
-0.0795914353979801	0.718828611548918	293
-0.0838933621825202	0.718322275969984	4696
-0.0838933621825202	0.718322275969984	158
-0.0803541368389298	0.741528858997695	2596
-0.0803541368389298	0.741528858997695	2178
-0.0795914353979801	0.718828611548918	2644
-0.0846647583428299	0.717819400011573	2644
-0.0838933621825202	0.718322275969984	3525
-0.0803541368389298	0.741528858997695	1918
-0.0795914353979801	0.718828611548918	237
-0.0803541368389298	0.741528858997695	237
-0.0795914353979801	0.718828611548918	892
-0.0795914353979801	0.718828611548918	892
-0.0803541368389298	0.741528858997695	477
-0.0795914353979801	0.718828611548918	798
-0.0795914353979801	0.718828611548918	2426
-0.0846647583428299	0.717819400011573	1689
-0.0803541368389298	0.741528858997695	5956
-0.0846647583428299	0.717819400011573	2596
-0.0795914353979801	0.718828611548918	2178
-0.0838933621825202	0.718322275969984	892
-0.0803541368389298	0.741528858997695	892
-0.0846647583428299	0.717819400011573	477
0.00979615131549005	1.3944904878272	1951
-0.0795914353979801	0.718828611548918	78
-0.0795914353979801	0.718828611548918	61
-0.0803541368389298	0.741528858997695	5753
-0.0803541368389298	0.741528858997695	158
-0.0803541368389298	0.741528858997695	61
-0.0795914353979801	0.718828611548918	137
-0.0803541368389298	0.741528858997695	2953
-0.0882299835081302	0.679441061169077	707
-0.0803541368389298	0.741528858997695	1748
-0.0795914353979801	0.718828611548918	320
-0.0803541368389298	0.741528858997695	892
-0.0838933621825202	0.718322275969984	477
-0.0795914353979801	0.718828611548918	477
-0.0838933621825202	0.718322275969984	135
-0.0811173379669201	0.714610945265779	798
-0.0795914353979801	0.718828611548918	735
-0.0795914353979801	0.718828611548918	219
-0.0795914353979801	0.718828611548918	1983
-0.0803541368389298	0.741528858997695	477
-0.0795914353979801	0.718828611548918	2426
-0.0795914353979801	0.718828611548918	219
-0.0795914353979801	0.718828611548918	6551
0.0154144969972498	1.40367100164843	468
0.0128552262380102	1.46655429878646	92
0.0162075693802102	1.41609475805381	468
-0.0803541368389298	0.741528858997695	3997
0.0185068338866801	1.42093270745374	735
-0.0811173379669201	0.714610945265779	129
-0.0838933621825202	0.718322275969984	1939
-0.0838933621825202	0.718322275969984	6187
-0.0811173379669201	0.714610945265779	137
0.00820956816686991	1.41536933588339	798
-0.0795914353979801	0.718828611548918	873
-0.0811173379669201	0.714610945265779	735
0.0453442381689402	2.25560087397988	78
0.0146603091689901	1.44382597256894	2461
0.0413714506248701	2.2592617181318	61
0.0169037278858801	1.41635300484631	2433
-0.0795914353979801	0.718828611548918	3841
-0.0811173379669201	0.714610945265779	61
-0.0838933621825202	0.718322275969984	2798
-0.0803541368389298	0.741528858997695	92
-0.0795914353979801	0.718828611548918	5051
-0.0795914353979801	0.718828611548918	355
-0.0838933621825202	0.718322275969984	6815
0.0158887353042698	1.42975750391341	468
-0.0803541368389298	0.741528858997695	468
-0.0803541368389298	0.741528858997695	61
0.0174940734557301	1.43446474052009	92
-0.0803541368389298	0.741528858997695	2798
-0.0838933621825202	0.718322275969984	1463
-0.0795914353979801	0.718828611548918	1313
-0.0795914353979801	0.718828611548918	477
-0.0803541368389298	0.741528858997695	267
-0.0803541368389298	0.741528858997695	428
0.0130665328727302	1.45007019975815	62
-0.0795914353979801	0.718828611548918	513
-0.0811173379669201	0.714610945265779	2953
-0.0803541368389298	0.741528858997695	5051
-0.0795914353979801	0.718828611548918	690
-0.0846647583428299	0.717819400011573	6374
-0.0803541368389298	0.741528858997695	750
-0.0846647583428299	0.717819400011573	2933
-0.0811173379669201	0.714610945265779	6693
-0.0803541368389298	0.741528858997695	237
-0.0846647583428299	0.717819400011573	685
-0.0803541368389298	0.741528858997695	355
-0.0803541368389298	0.741528858997695	267
-0.0838933621825202	0.718322275969984	690
-0.0803541368389298	0.741528858997695	4728
-0.0795914353979801	0.718828611548918	2528
-0.0846647583428299	0.717819400011573	6374
-0.0803541368389298	0.741528858997695	1454
0.0177928021692901	1.41011987598783	6195
-0.0795914353979801	0.718828611548918	3957
-0.0803541368389298	0.741528858997695	237
-0.0803541368389298	0.741528858997695	237
-0.0795914353979801	0.718828611548918	237
-0.0803541368389298	0.741528858997695	237
-0.0803541368389298	0.741528858997695	237
-0.0811173379669201	0.714610945265779	1463
-0.0838933621825202	0.718322275969984	369
-0.0795914353979801	0.718828611548918	735
-0.0846647583428299	0.717819400011573	2307
-0.0811173379669201	0.714610945265779	1369
-0.0803541368389298	0.741528858997695	78
-0.0811173379669201	0.714610945265779	78
-0.0795914353979801	0.718828611548918	1417
-0.0795914353979801	0.718828611548918	513
-0.0811173379669201	0.714610945265779	388
-0.0795914353979801	0.718828611548918	3957
-0.0846647583428299	0.717819400011573	3957
-0.0795914353979801	0.718828611548918	2797
-0.0795914353979801	0.718828611548918	68
-0.0803541368389298	0.741528858997695	3899
-0.0795914353979801	0.718828611548918	3899
-0.0795914353979801	0.718828611548918	1988
-0.0846647583428299	0.717819400011573	4701
-0.0838933621825202	0.718322275969984	6318
-0.0803541368389298	0.741528858997695	4683
-0.0795914353979801	0.718828611548918	388
-0.0795914353979801	0.718828611548918	932
-0.0795914353979801	0.718828611548918	237
-0.0838933621825202	0.718322275969984	2605
-0.0803541368389298	0.741528858997695	1539
-0.0838933621825202	0.718322275969984	735
0.0177928021692901	1.41011987598783	735
-0.0803541368389298	0.741528858997695	2548
-0.0846647583428299	0.717819400011573	5742
-0.0795914353979801	0.718828611548918	68
-0.0803541368389298	0.741528858997695	3077
-0.0846647583428299	0.717819400011573	78
-0.0882299835081302	0.679441061169077	1417
-0.0795914353979801	0.718828611548918	61
-0.0838933621825202	0.718322275969984	4152
-0.0803541368389298	0.741528858997695	6318
-0.0838933621825202	0.718322275969984	92
-0.0795914353979801	0.718828611548918	388
-0.0795914353979801	0.718828611548918	1940
-0.0803541368389298	0.741528858997695	3399
-0.0846647583428299	0.717819400011573	3199
-0.0803541368389298	0.741528858997695	2548
-0.0803541368389298	0.741528858997695	2548
-0.0803541368389298	0.741528858997695	1234
-0.0803541368389298	0.741528858997695	2272
-0.0795914353979801	0.718828611548918	129
-0.0795914353979801	0.718828611548918	6318
-0.0795914353979801	0.718828611548918	4747
-0.0838933621825202	0.718322275969984	932
-0.0811173379669201	0.714610945265779	1313
-0.0803541368389298	0.741528858997695	369
-0.0846647583428299	0.717819400011573	5655
0.0162075693802102	1.41609475805381	735
-0.0803541368389298	0.741528858997695	1072
-0.0803541368389298	0.741528858997695	22
-0.0803541368389298	0.741528858997695	1234
-0.0846647583428299	0.717819400011573	1234
-0.0811173379669201	0.714610945265779	92
-0.0803541368389298	0.741528858997695	835
-0.0846647583428299	0.717819400011573	341
0.03832106157836	2.30567858900221	237
-0.0795914353979801	0.718828611548918	1313
-0.0803541368389298	0.741528858997695	1313
-0.0846647583428299	0.717819400011573	1313
-0.0811173379669201	0.714610945265779	1072
-0.0795914353979801	0.718828611548918	1772
-0.0803541368389298	0.741528858997695	1234
-0.0803541368389298	0.741528858997695	487
-0.0795914353979801	0.718828611548918	488
-0.0838933621825202	0.718322275969984	2488
-0.0795914353979801	0.718828611548918	174
0.00442293018009998	1.34054512559786	419
-0.0846647583428299	0.717819400011573	835
-0.0795914353979801	0.718828611548918	22
-0.0846647583428299	0.717819400011573	868
-0.0803541368389298	0.741528858997695	1234
-0.0803541368389298	0.741528858997695	1234
-0.0838933621825202	0.718322275969984	6199
-0.0811173379669201	0.714610945265779	487
-0.0803541368389298	0.741528858997695	487
0.0138635753769298	1.45243096900756	3333
-0.0803541368389298	0.741528858997695	908
-0.0811173379669201	0.714610945265779	908
-0.0803541368389298	0.741528858997695	5255
-0.0803541368389298	0.741528858997695	2051
0.0161017027703698	1.40043656954827	2729
-0.0795914353979801	0.718828611548918	135
-0.0795914353979801	0.718828611548918	224
-0.0803541368389298	0.741528858997695	5255
-0.0803541368389298	0.741528858997695	120
-0.0846647583428299	0.717819400011573	835
-0.0795914353979801	0.718828611548918	2051
-0.0795914353979801	0.718828611548918	437
-0.0795914353979801	0.718828611548918	3229
-0.0838933621825202	0.718322275969984	3970
-0.0795914353979801	0.718828611548918	3970
-0.0803541368389298	0.741528858997695	3635
-0.0846647583428299	0.717819400011573	690
-0.0846647583428299	0.717819400011573	868
-0.0803541368389298	0.741528858997695	5060
-0.0846647583428299	0.717819400011573	78
-0.0803541368389298	0.741528858997695	78
-0.0795914353979801	0.718828611548918	120
-0.0803541368389298	0.741528858997695	6682
-0.0838933621825202	0.718322275969984	5505
-0.0795914353979801	0.718828611548918	437
-0.0795914353979801	0.718828611548918	294
-0.0803541368389298	0.741528858997695	4471
-0.0803541368389298	0.741528858997695	3229
-0.0803541368389298	0.741528858997695	135
-0.0803541368389298	0.741528858997695	22
-0.0811173379669201	0.714610945265779	22
-0.0811173379669201	0.714610945265779	22
-0.0803541368389298	0.741528858997695	107
-0.0846647583428299	0.717819400011573	107
-0.0882299835081302	0.679441061169077	78
-0.0795914353979801	0.718828611548918	1571
-0.0803541368389298	0.741528858997695	120
-0.0803541368389298	0.741528858997695	3229
-0.0846647583428299	0.717819400011573	369
-0.0846647583428299	0.717819400011573	1847
-0.0803541368389298	0.741528858997695	3385
-0.0846647583428299	0.717819400011573	22
-0.0795914353979801	0.718828611548918	68
-0.0803541368389298	0.741528858997695	835
-0.0795914353979801	0.718828611548918	237
-0.0838933621825202	0.718322275969984	6614
-0.0811173379669201	0.714610945265779	22
-0.0795914353979801	0.718828611548918	453
-0.0803541368389298	0.741528858997695	4044
-0.0846647583428299	0.717819400011573	369
-0.0795914353979801	0.718828611548918	129
-0.0846647583428299	0.717819400011573	1571
-0.0811173379669201	0.714610945265779	989
-0.0803541368389298	0.741528858997695	510
-0.0795914353979801	0.718828611548918	510
-0.0811173379669201	0.714610945265779	237
-0.0795914353979801	0.718828611548918	1843
-0.0795914353979801	0.718828611548918	1843
-0.0846647583428299	0.717819400011573	503
-0.0811173379669201	0.714610945265779	22
-0.0811173379669201	0.714610945265779	22
-0.0803541368389298	0.741528858997695	22
-0.0882299835081302	0.679441061169077	820
-0.0803541368389298	0.741528858997695	6850
0.00741582019736997	1.40739952159237	369
0.0136530856414301	1.4577659344989	369
0.01001221303832	1.39874300716808	173
0.0399054315220799	2.41577981840094	217
0.0162075693802102	1.41609475805381	1445
0.0192488543209302	1.36900979829156	423
0.0146603091689901	1.44382597256894	1792
-0.0803541368389298	0.741528858997695	3435
-0.0795914353979801	0.718828611548918	281
-0.0803541368389298	0.741528858997695	4048
-0.0803541368389298	0.741528858997695	1741
-0.05539800098911	2.43659222007669	17
-0.0795914353979801	0.718828611548918	167
-0.0811173379669201	0.714610945265779	402
-0.0803541368389298	0.741528858997695	1148
0.0404746303459702	2.40761567949607	369
0.0112585770988098	1.45065963674721	1567
0.01241098003783	1.3711115584364	369
-0.0803541368389298	0.741528858997695	17
-0.0795914353979801	0.718828611548918	60
-0.0795914353979801	0.718828611548918	6269
-0.0803541368389298	0.741528858997695	5161
-0.0795914353979801	0.718828611548918	369
-0.0803541368389298	0.741528858997695	5192
-0.0803541368389298	0.741528858997695	369
-0.0846647583428299	0.717819400011573	1645
-0.0795914353979801	0.718828611548918	2439
-0.0838933621825202	0.718322275969984	1645
-0.0838933621825202	0.718322275969984	17
-0.0795914353979801	0.718828611548918	1870
-0.0838933621825202	0.718322275969984	1870
-0.0803541368389298	0.741528858997695	1870
-0.0811173379669201	0.714610945265779	369
-0.0811173379669201	0.714610945265779	369
0.0144506352452098	1.43573569301259	129
0.01001221303832	1.39874300716808	402
-0.0795914353979801	0.718828611548918	217
-0.0838933621825202	0.718322275969984	1856
-0.0795914353979801	0.718828611548918	2373
-0.0882299835081302	0.679441061169077	17
0.00900301179773022	1.41156139670898	170
-0.0803541368389298	0.741528858997695	170
-0.0838933621825202	0.718322275969984	17
0.0146603091689901	1.44382597256894	308
-0.0795914353979801	0.718828611548918	6777
-0.0838933621825202	0.718322275969984	4745
-0.0838933621825202	0.718322275969984	155
-0.0838933621825202	0.718322275969984	402
-0.0811173379669201	0.714610945265779	266
-0.0811173379669201	0.714610945265779	6777
-0.0803541368389298	0.741528858997695	2302
-0.0803541368389298	0.741528858997695	4820
-0.0795914353979801	0.718828611548918	60
-0.0803541368389298	0.741528858997695	308
-0.0803541368389298	0.741528858997695	2302
-0.0803541368389298	0.741528858997695	4820
-0.0803541368389298	0.741528858997695	5470
-0.0803541368389298	0.741528858997695	369
-0.0803541368389298	0.741528858997695	308
-0.0795914353979801	0.718828611548918	435
0.01909814897332	1.39895904066392	1974
0.0128552262380102	1.46655429878646	308
-0.0811173379669201	0.714610945265779	6741
0.01147152080082	1.41136041816254	5927
-0.0803541368389298	0.741528858997695	1680
-0.0838933621825202	0.718322275969984	5965
0.0216412848840699	1.38835027031279	308
-0.0803541368389298	0.741528858997695	1636
-0.0838933621825202	0.718322275969984	3819
0.0201086825101999	1.38617102211329	17
-0.0803541368389298	0.741528858997695	954
-0.0803541368389298	0.741528858997695	7
0.0166915623297599	1.4366559741115	4582
0.0128552262380102	1.46655429878646	4582
0.0339198503126701	2.16490230788607	369
-0.0838933621825202	0.718322275969984	6740
-0.0811173379669201	0.714610945265779	15
-0.0803541368389298	0.741528858997695	6781
-0.0838933621825202	0.718322275969984	15
-0.0838933621825202	0.718322275969984	1346
0.0166915623297599	1.4366559741115	1680
-0.0803541368389298	0.741528858997695	1022
-0.0803541368389298	0.741528858997695	77
0.0136530856414301	1.4577659344989	57
-0.0803541368389298	0.741528858997695	146
0.01001221303832	1.39874300716808	60
-0.0803541368389298	0.741528858997695	536
-0.0645913705885102	2.43250543046821	149
0.0367477494860999	2.40337898502029	166
0.0377809598498402	2.23789621500104	79
-0.0803541368389298	0.741528858997695	424
-0.0838933621825202	0.718322275969984	60
-0.0838933621825202	0.718322275969984	91
-0.0838933621825202	0.718322275969984	15
-0.0838933621825202	0.718322275969984	15
-0.0811173379669201	0.714610945265779	15
-0.0838933621825202	0.718322275969984	60
-0.0803541368389298	0.741528858997695	2305
-0.0838933621825202	0.718322275969984	2305
-0.0795914353979801	0.718828611548918	2885
0.01001221303832	1.39874300716808	166
-0.0803541368389298	0.741528858997695	1061
-0.0846647583428299	0.717819400011573	149
0.0414901682090201	2.26980309093621	3306
-0.0803541368389298	0.741528858997695	60
-0.0795914353979801	0.718828611548918	2885
-0.0838933621825202	0.718322275969984	1061
0.0154144969972498	1.40367100164843	434
-0.0803541368389298	0.741528858997695	434
0.01147152080082	1.41136041816254	3126
-0.0803541368389298	0.741528858997695	2631
0.0166915623297599	1.4366559741115	91
-0.0803541368389298	0.741528858997695	434
-0.0803541368389298	0.741528858997695	79
-0.0803541368389298	0.741528858997695	1061
-0.0795914353979801	0.718828611548918	2631
0.0177928021692901	1.41011987598783	536
-0.0811173379669201	0.714610945265779	166
-0.0795914353979801	0.718828611548918	394
-0.0803541368389298	0.741528858997695	1228
0.0136530856414301	1.4577659344989	146
-0.0803541368389298	0.741528858997695	2631
-0.0795914353979801	0.718828611548918	1228
-0.0803541368389298	0.741528858997695	536
-0.0811173379669201	0.714610945265779	382
-0.0795914353979801	0.718828611548918	79
0.0092204870881698	1.40248258078913	536
-0.0795914353979801	0.718828611548918	394
-0.0795914353979801	0.718828611548918	3671
-0.0803541368389298	0.741528858997695	79
-0.0811173379669201	0.714610945265779	200
-0.0803541368389298	0.741528858997695	1009
-0.0846647583428299	0.717819400011573	1014
-0.0803541368389298	0.741528858997695	2242
0.0112585770988098	1.45065963674721	6090
-0.0803541368389298	0.741528858997695	200
-0.0795914353979801	0.718828611548918	2242
0.00979615131549005	1.3944904878272	144
-0.0795914353979801	0.718828611548918	200
-0.0803541368389298	0.741528858997695	2242
-0.0803541368389298	0.741528858997695	2693
-0.0811173379669201	0.714610945265779	99
-0.0846647583428299	0.717819400011573	200
-0.0795914353979801	0.718828611548918	2119
0.0177928021692901	1.41011987598783	5598
0.0419267574145401	2.2985482042219	3004
0.0136530856414301	1.4577659344989	581
0.0136530856414301	1.4577659344989	6382
-0.0803541368389298	0.741528858997695	60
-0.0846647583428299	0.717819400011573	509
-0.0795914353979801	0.718828611548918	164
-0.0803541368389298	0.741528858997695	166
-0.0811173379669201	0.714610945265779	172
-0.0846647583428299	0.717819400011573	5177
0.00543646519290997	1.32928939782954	166
0.00164006124609983	1.24533979053354	164
-0.0803541368389298	0.741528858997695	164
-0.0838933621825202	0.718322275969984	5703
0.00741582019736997	1.40739952159237	3289
-0.0803541368389298	0.741528858997695	5866
-0.0811173379669201	0.714610945265779	99
-0.0803541368389298	0.741528858997695	6276
0.0158887353042698	1.42975750391341	166
-0.0803541368389298	0.741528858997695	1327
-0.0803541368389298	0.741528858997695	5327
-0.0795914353979801	0.718828611548918	3289
-0.0803541368389298	0.741528858997695	166
-0.0846647583428299	0.717819400011573	4139
0.0138635753769298	1.45243096900756	200
-0.0838933621825202	0.718322275969984	99
-0.0811173379669201	0.714610945265779	172
0.0185068338866801	1.42093270745374	172
-0.0811173379669201	0.714610945265779	575
-0.0803541368389298	0.741528858997695	99
0.0169037278858801	1.41635300484631	6743
-0.0803541368389298	0.741528858997695	4291
-0.0838933621825202	0.718322275969984	575
-0.0811173379669201	0.714610945265779	575
-0.0811173379669201	0.714610945265779	1241
0.0200466410659299	1.38407225217784	3715
0.00940828109618019	1.29100768134788	45
-0.0803541368389298	0.741528858997695	200
-0.0795914353979801	0.718828611548918	842
0.0161017027703698	1.40043656954827	575
-0.0803541368389298	0.741528858997695	5568
-0.0795914353979801	0.718828611548918	3577
0.0185849630261501	1.38967168004773	99
0.01080362252012	1.38201990290257	575
0.00363383441957987	1.33883152868121	2039
-0.0803541368389298	0.741528858997695	842
0.0182962689233102	1.42259664808247	575
0.0170003376957499	1.41829650207559	1173
-0.0803541368389298	0.741528858997695	2780
0.00741582019736997	1.40739952159237	6121
-0.0803541368389298	0.741528858997695	299
0.01080362252012	1.38201990290257	1173
0.0144506352452098	1.43573569301259	3003
0.0318881317118498	2.3384853793496	44
-0.0846647583428299	0.717819400011573	3248
-0.0838933621825202	0.718322275969984	3248
0.0174940734557301	1.43446474052009	106
-0.0803541368389298	0.741528858997695	45
-0.0795914353979801	0.718828611548918	45
-0.0803541368389298	0.741528858997695	3689
-0.0795914353979801	0.718828611548918	172
-0.0803541368389298	0.741528858997695	1128
-0.0795914353979801	0.718828611548918	913
-0.0803541368389298	0.741528858997695	5214
-0.0838933621825202	0.718322275969984	261
-0.0803541368389298	0.741528858997695	1698
-0.0803541368389298	0.741528858997695	913
-0.0803541368389298	0.741528858997695	5214
-0.0846647583428299	0.717819400011573	147
-0.0882299835081302	0.679441061169077	3006
-0.0803541368389298	0.741528858997695	780
-0.0838933621825202	0.718322275969984	442
0.0158887353042698	1.42975750391341	5214
-0.0795914353979801	0.718828611548918	81
-0.0795914353979801	0.718828611548918	3006
-0.0803541368389298	0.741528858997695	3006
-0.0795914353979801	0.718828611548918	780
-0.0811173379669201	0.714610945265779	442
0.0177054381780999	1.4230881558581	1703
0.02323469069393	1.35532581381336	172
-0.0846647583428299	0.717819400011573	442
-0.0614712727851101	2.49752504219419	261
0.00900301179773022	1.41156139670898	1315
0.0169037278858801	1.41635300484631	147
-0.0803541368389298	0.741528858997695	193
0.000631319204880132	1.2549027447394	1919
-0.0811173379669201	0.714610945265779	4016
0.0200466410659299	1.38407225217784	499
-0.0803541368389298	0.741528858997695	3129
-0.0795914353979801	0.718828611548918	409
-0.0795914353979801	0.718828611548918	499
-0.0846647583428299	0.717819400011573	228
-0.0803541368389298	0.741528858997695	106
-0.0803541368389298	0.741528858997695	106
0.0136530856414301	1.4577659344989	6430
-0.0795914353979801	0.718828611548918	1237
-0.0795914353979801	0.718828611548918	3014
-0.0803541368389298	0.741528858997695	195
0.0302977917580698	2.21208652490801	195
0.0158887353042698	1.42975750391341	4983
-0.0795914353979801	0.718828611548918	106
0.00900301179773022	1.41156139670898	1237
-0.0795914353979801	0.718828611548918	194
-0.0811173379669201	0.714610945265779	1779
0.0314679397919302	2.1503511060664	4021
-0.0795914353979801	0.718828611548918	3506
0.0161017027703698	1.40043656954827	30
-0.0846647583428299	0.717819400011573	94
-0.0803541368389298	0.741528858997695	1530
-0.0795914353979801	0.718828611548918	195
-0.0811173379669201	0.714610945265779	94
-0.000153777927870191	1.26040789430724	195
-0.0795914353979801	0.718828611548918	1523
-0.0846647583428299	0.717819400011573	672
-0.0803541368389298	0.741528858997695	1325
-0.0803541368389298	0.741528858997695	94
0.01241098003783	1.3711115584364	758
-0.0803541368389298	0.741528858997695	106
0.0166915623297599	1.4366559741115	106
-0.0811173379669201	0.714610945265779	6399
-0.0846647583428299	0.717819400011573	2219
0.00363383441957987	1.33883152868121	6399
-0.0803541368389298	0.741528858997695	2219
-0.0795914353979801	0.718828611548918	529
-0.0795914353979801	0.718828611548918	5166
-0.0803541368389298	0.741528858997695	3005
-0.0846647583428299	0.717819400011573	106
-0.0795914353979801	0.718828611548918	106
-0.0838933621825202	0.718322275969984	4150
-0.0803541368389298	0.741528858997695	4249
-0.0803541368389298	0.741528858997695	4150
-0.0803541368389298	0.741528858997695	106
-0.0838933621825202	0.718322275969984	4753
-0.0838933621825202	0.718322275969984	151
-0.0803541368389298	0.741528858997695	779
-0.0803541368389298	0.741528858997695	2324
-0.0795914353979801	0.718828611548918	3120
-0.0838933621825202	0.718322275969984	4249
-0.0838933621825202	0.718322275969984	986
-0.0803541368389298	0.741528858997695	4150
-0.0803541368389298	0.741528858997695	4082
-0.0811173379669201	0.714610945265779	2834
-0.0795914353979801	0.718828611548918	779
-0.0811173379669201	0.714610945265779	779
-0.0811173379669201	0.714610945265779	1331
-0.0803541368389298	0.741528858997695	2865
-0.0811173379669201	0.714610945265779	4249
-0.0846647583428299	0.717819400011573	2637
-0.0803541368389298	0.741528858997695	106
-0.0838933621825202	0.718322275969984	72
-0.0795914353979801	0.718828611548918	4082
-0.0803541368389298	0.741528858997695	779
-0.0795914353979801	0.718828611548918	2865
-0.0795914353979801	0.718828611548918	5298
-0.0882299835081302	0.679441061169077	600
0.0104597868959102	1.42452450236849	106
-0.0838933621825202	0.718322275969984	4297
-0.0795914353979801	0.718828611548918	5896
0.01001221303832	1.39874300716808	106
-0.0846647583428299	0.717819400011573	986
-0.0811173379669201	0.714610945265779	986
0.0170003376957499	1.41829650207559	106
-0.0838933621825202	0.718322275969984	72
-0.0846647583428299	0.717819400011573	349
0.02323469069393	1.35532581381336	1126
-0.0795914353979801	0.718828611548918	106
-0.0795914353979801	0.718828611548918	72
-0.0795914353979801	0.718828611548918	106
-0.0846647583428299	0.717819400011573	106
-0.0795914353979801	0.718828611548918	986
-0.0811173379669201	0.714610945265779	72
-0.0795914353979801	0.718828611548918	3291
-0.0846647583428299	0.717819400011573	4805
0.0177054381780999	1.4230881558581	349
0.0374368919905899	2.21636553298735	106
-0.0838933621825202	0.718322275969984	349
0.0170003376957499	1.41829650207559	1030
0.0154144969972498	1.40367100164843	2319
0.01080362252012	1.38201990290257	2828
-0.0846647583428299	0.717819400011573	106
0.0177054381780999	1.4230881558581	72
0.0201086825101999	1.38617102211329	72
-0.0838933621825202	0.718322275969984	72
-0.0803541368389298	0.741528858997695	72
-0.0795914353979801	0.718828611548918	72
-0.0803541368389298	0.741528858997695	331
-0.0882299835081302	0.679441061169077	1030
-0.0803541368389298	0.741528858997695	106
-0.0846647583428299	0.717819400011573	6702
-0.0882299835081302	0.679441061169077	106
-0.0795914353979801	0.718828611548918	72
-0.0803541368389298	0.741528858997695	72
0.0092204870881698	1.40248258078913	460
-0.0795914353979801	0.718828611548918	106
0.0136530856414301	1.4577659344989	72
-0.0795914353979801	0.718828611548918	106
-0.0803541368389298	0.741528858997695	2376
-0.0846647583428299	0.717819400011573	56
-0.0803541368389298	0.741528858997695	1105
-0.0803541368389298	0.741528858997695	641
-0.0795914353979801	0.718828611548918	4938
-0.0795914353979801	0.718828611548918	72
-0.0803541368389298	0.741528858997695	3881
-0.0803541368389298	0.741528858997695	460
-0.0803541368389298	0.741528858997695	460
0.0084284444235001	1.39469230889408	106
-0.0795914353979801	0.718828611548918	1105
-0.0803541368389298	0.741528858997695	4667
-0.0838933621825202	0.718322275969984	4667
-0.0803541368389298	0.741528858997695	1105
0.000855973276809863	1.25075451441898	641
-0.0795914353979801	0.718828611548918	786
0.0182962689233102	1.42259664808247	106
-0.0811173379669201	0.714610945265779	72
0.0122691814246898	1.43691452731958	1147
-0.0811173379669201	0.714610945265779	106
0.00900301179773022	1.41156139670898	3750
0.0139866314384198	1.35163142851984	1532
-0.0795914353979801	0.718828611548918	319
-0.0795914353979801	0.718828611548918	319
-0.0803541368389298	0.741528858997695	20
-0.0795914353979801	0.718828611548918	1532
-0.0882299835081302	0.679441061169077	2997
-0.0795914353979801	0.718828611548918	460
0.0177054381780999	1.4230881558581	246
-0.0811173379669201	0.714610945265779	665
-0.0811173379669201	0.714610945265779	665
-0.0846647583428299	0.717819400011573	610
-0.0795914353979801	0.718828611548918	2896
-0.0795914353979801	0.718828611548918	5509
-0.0803541368389298	0.741528858997695	5009
-0.0838933621825202	0.718322275969984	460
-0.0795914353979801	0.718828611548918	52
-0.0803541368389298	0.741528858997695	610
-0.0838933621825202	0.718322275969984	1764
-0.0795914353979801	0.718828611548918	2914
-0.0838933621825202	0.718322275969984	3896
-0.0803541368389298	0.741528858997695	2235
-0.0795914353979801	0.718828611548918	460
-0.0838933621825202	0.718322275969984	460
-0.0795914353979801	0.718828611548918	6730
-0.0838933621825202	0.718322275969984	470
-0.0838933621825202	0.718322275969984	2084
-0.0838933621825202	0.718322275969984	1764
-0.0795914353979801	0.718828611548918	20
-0.0795914353979801	0.718828611548918	3896
-0.0838933621825202	0.718322275969984	555
-0.0803541368389298	0.741528858997695	460
-0.0811173379669201	0.714610945265779	610
-0.0846647583428299	0.717819400011573	5509
-0.0795914353979801	0.718828611548918	2084
-0.0803541368389298	0.741528858997695	20
-0.0795914353979801	0.718828611548918	72
-0.0803541368389298	0.741528858997695	665
-0.0838933621825202	0.718322275969984	555
-0.0811173379669201	0.714610945265779	6032
0.0185068338866801	1.42093270745374	52
-0.0803541368389298	0.741528858997695	610
0.0166915623297599	1.4366559741115	841
0.02084411784254	1.39042391413528	3237
-0.0838933621825202	0.718322275969984	72
-0.0795914353979801	0.718828611548918	72
-0.0803541368389298	0.741528858997695	72
-0.0803541368389298	0.741528858997695	555
-0.0795914353979801	0.718828611548918	3236
-0.0795914353979801	0.718828611548918	1428
-0.0795914353979801	0.718828611548918	72
-0.0803541368389298	0.741528858997695	189
-0.0846647583428299	0.717819400011573	189
-0.0803541368389298	0.741528858997695	950
-0.0846647583428299	0.717819400011573	950
-0.0846647583428299	0.717819400011573	950
0.0431944249919001	2.21562900349765	189
0.00820956816686991	1.41536933588339	1640
-0.0803541368389298	0.741528858997695	72
0.0216412848840699	1.38835027031279	591
0.0182962689233102	1.42259664808247	29
0.0177054381780999	1.4230881558581	1349
0.0424967852048699	2.31734387714622	202
-0.0803541368389298	0.741528858997695	446
-0.0803541368389298	0.741528858997695	674
0.0357303490418799	2.29823211914163	555
-0.0803541368389298	0.741528858997695	4883
0.0166915623297599	1.4366559741115	196
0.0092204870881698	1.40248258078913	72
0.0442129026660001	2.27605553298576	196
0.0435346893943298	2.09644188943885	72
0.0122691814246898	1.43691452731958	2651
-0.0811173379669201	0.714610945265779	196
-0.0803541368389298	0.741528858997695	393
-0.0811173379669201	0.714610945265779	196
0.0130665328727302	1.45007019975815	313
-0.0811173379669201	0.714610945265779	196
-0.0838933621825202	0.718322275969984	2651
-0.0795914353979801	0.718828611548918	2651
