x	y	clickSelects
0.06016034889532	0.758660536413917	241
-0.12107243113713	1.03024517898091	1320
-0.06052043613138	0.490388133177384	289
0.01085292906043	1.09263826361503	1854
0.11283035017921	1.07732088497609	289
-0.0579004643040399	0.49202318700838	6
-0.11766954914396	1.04274567616455	328
-0.0582118804921601	0.917638019544922	328
0.10956937960495	1.15668374513788	328
-0.05801767937361	0.484943359002049	4325
-0.05904286270737	0.481289667170511	35
-0.0504769820102899	0.884676617801706	35
-0.0530887356812899	0.467823577678091	1269
-0.0616582425154799	0.492373840580877	1269
0.0591167155802399	0.805629943872835	1392
-0.059497719513	0.494214957169554	32
-0.0552680630421101	0.463898534109862	2408
-0.06063648613741	0.496241204441374	639
-0.0579004643040399	0.49202318700838	1491
-0.06063648613741	0.496241204441374	33
-0.05801767937361	0.484943359002049	33
0.0502450767999101	0.783537885839418	2739
-0.05572923120859	0.483702386076679	2739
0.06031954869066	0.803126574946966	465
-0.0556868595134099	0.879715024705756	5589
-0.0541193045433701	0.464483475976238	1320
0.05315959470591	0.816442546773927	1854
0.0591167155802399	0.805629943872835	6
-0.0593809227603399	0.474013409533136	760
-0.0644513963175899	0.48021115895097	154
0.0267139022899201	1.27786033269378	154
-0.06063648613741	0.496241204441374	4325
-0.05801767937361	0.484943359002049	87
-0.059497719513	0.494214957169554	87
-0.06063648613741	0.496241204441374	64
-0.06297299241856	0.471523509137131	658
-0.0616582425154799	0.492373840580877	32
-0.0568743160102401	0.495883856806621	2408
0.10434316023762	1.12462170153756	639
-0.0552680630421101	0.463898534109862	2739
-0.0467100058460399	0.89587128285699	837
-0.06052043613138	0.490388133177384	3586
0.05809212963156	0.807140083414171	188
0.0566302768551601	0.77260766179336	1256
-0.06052043613138	0.490388133177384	1269
-0.0618295465843	0.481736426029628	64
-0.06063648613741	0.496241204441374	1731
-0.03267114421059	1.39312017829965	32
0.0653506207102801	0.74306561837234	32
-0.06177354939839	0.4814693304651	32
0.0655136657025499	0.764230201963185	639
-0.0583572446607701	0.477525655657704	33
-0.06063648613741	0.496241204441374	33
0.0572105793698401	0.834743156597484	837
0.11191512948261	1.07439192649412	5589
0.0475620093179601	0.721408185393439	289
0.05531089448754	0.792558984587613	3586
0.0533544900604199	0.798543823637356	3586
-0.06559023197746	0.482086560282311	4510
-0.0568743160102401	0.495883856806621	3085
-0.0583572446607701	0.477525655657704	6
-0.05801767937361	0.484943359002049	35
-0.06063648613741	0.496241204441374	1269
-0.0568743160102401	0.495883856806621	416
0.0583940771782701	0.788473508071466	658
-0.06063648613741	0.496241204441374	3625
-0.06177354939839	0.4814693304651	2309
-0.06279434677459	0.47788062848249	1981
-0.0568743160102401	0.495883856806621	1391
-0.05904286270737	0.481289667170511	1391
0.0202487408777501	1.28392078212064	728
0.02587959023604	1.24016304351257	83
0.0601509585589199	0.795676917498899	83
-0.05801767937361	0.484943359002049	1320
-0.1056210073738	1.75128055343086	83
-0.0476331831607799	0.897043378997354	3586
-0.0554350733039299	0.904145700559754	154
-0.0616582425154799	0.492373840580877	939
0.0615153794208301	0.76919911966243	6021
-0.06052043613138	0.490388133177384	35
-0.059497719513	0.494214957169554	35
-0.059497719513	0.494214957169554	1269
-0.0616582425154799	0.492373840580877	32
-0.059497719513	0.494214957169554	1491
-0.03079804049296	1.86001890074098	134
-0.0589159815488001	0.914143303603117	1854
-0.0554602952897001	0.91347174087742	744
-0.0575080438660101	0.885683135326614	939
0.10250840906564	1.09157869307505	483
-0.11921828148414	1.03807540390746	35
0.05417681487601	0.818255775519272	1269
-0.06063648613741	0.496241204441374	3301
-0.06063648613741	0.496241204441374	32
-0.0616582425154799	0.492373840580877	639
0.04936436528172	0.782164195498418	639
-0.06044645557269	0.911249800351	4469
-0.0542384651636401	0.467229328036224	1981
0.0551929287270201	0.812976909394855	1391
-0.06559023197746	0.482086560282311	48
-0.0691794610001599	1.59060332694535	1982
-0.0705943595505101	1.59646688209187	83
0.05809212963156	0.807140083414171	142
0.05809212963156	0.807140083414171	289
0.05247819558145	0.797130322649216	6
0.10745872013729	1.10038269810188	171
0.0162711995642699	1.77597106372272	87
-0.06177354939839	0.4814693304651	64
-0.0583572446607701	0.477525655657704	32
-0.0616582425154799	0.492373840580877	32
-0.06297299241856	0.471523509137131	32
-0.06052043613138	0.490388133177384	32
-0.05801767937361	0.484943359002049	639
-0.05675634571362	0.480074557541369	639
-0.059497719513	0.494214957169554	33
-0.059497719513	0.494214957169554	1981
-0.059497719513	0.494214957169554	1981
-0.06063648613741	0.496241204441374	1981
-0.05801767937361	0.484943359002049	1391
-0.02774841819701	1.87637978822041	783
-0.0217573679807499	1.35224336880884	1982
-0.10732988861799	1.67061186180076	2113
0.09942042927006	1.8470368906602	2963
-0.0467050061190699	1.25747176618554	2963
-0.11643337020792	1.08363651938792	398
0.0157484063587301	1.76101153379448	289
-0.0582118804921601	0.917638019544922	1637
-0.0588246983865699	0.901304275456203	35
-0.0579004643040399	0.49202318700838	1269
-0.059497719513	0.494214957169554	32
-0.0616582425154799	0.492373840580877	236
-0.05801767937361	0.484943359002049	1391
0.0138171016061699	1.1932593800239	83
0.07531503616983	1.65149711027062	2113
-0.10512754057003	1.74500697302017	2113
-0.08552194260202	1.50541461895959	83
-0.11382628260207	1.65013291694364	1320
-0.11983594744279	1.03635738865717	3584
0.0725729495148699	1.65048626021933	1595
-0.11401849566939	1.01544658939751	6
-0.0695661206507301	1.51773668738541	6
-0.0568743160102401	0.495883856806621	276
-0.05860018948734	0.930835334735118	939
-0.0616582425154799	0.492373840580877	2628
-0.05904286270737	0.481289667170511	35
-0.0572857210901101	0.919036142009243	64
-0.06052043613138	0.490388133177384	32
-0.06063648613741	0.496241204441374	32
-0.0552680630421101	0.463898534109862	1391
-0.05675634571362	0.480074557541369	1391
-0.05801767937361	0.484943359002049	48
-0.07107530111004	1.58092282600908	2963
-0.0469845559378901	2.31739969649433	2963
0.02003987206984	1.28896534165828	2922
0.0623896220329201	0.800670855844171	2628
-0.0579004643040399	0.49202318700838	35
-0.0532212644682	0.945933692594188	35
-0.06052043613138	0.490388133177384	416
-0.05904286270737	0.481289667170511	965
0.05230745423854	0.76729538273141	32
-0.0618295465843	0.481736426029628	32
-0.0568743160102401	0.495883856806621	32
-0.0593809227603399	0.474013409533136	32
0.05417681487601	0.818255775519272	639
-0.05801767937361	0.484943359002049	2234
-0.0616582425154799	0.492373840580877	1391
-0.059497719513	0.494214957169554	677
-0.0579004643040399	0.49202318700838	1391
-0.04575413653614	2.31875886431878	728
0.0877001728022999	2.34496040397983	364
-0.04879463254526	1.94345920578411	2113
-0.10817596077847	1.06425847440415	83
0.01637531244047	1.74495190113754	6
0.0685766318407599	1.6771713394521	2609
-0.0529959528896999	0.933421019675225	35
-0.11075112343313	1.0774886624297	35
-0.0616582425154799	0.492373840580877	35
-0.06177354939839	0.4814693304651	639
-0.0644513963175899	0.48021115895097	33
-0.05572923120859	0.483702386076679	2546
-0.0644513963175899	0.48021115895097	33
-0.06559023197746	0.482086560282311	33
-0.0579004643040399	0.49202318700838	1391
0.0814449778283299	1.59842149951234	1982
0.01929784223846	1.75271427476561	83
0.0532901895769999	0.784702727100911	1733
0.0233680959975999	1.28801961088546	6
-0.0393054141610301	1.39392415190024	276
0.0244334670831401	1.7604104790967	1597
0.11153011620871	1.07368204360779	2609
0.0533544900604199	0.798543823637356	87
0.10956937960495	1.15668374513788	35
0.00996646669121004	1.23061406500391	35
0.0592727256605901	0.82219585210137	272
-0.06063648613741	0.496241204441374	416
-0.05801767937361	0.484943359002049	32
-0.0644513963175899	0.48021115895097	639
-0.059497719513	0.494214957169554	1162
-0.0616582425154799	0.492373840580877	1162
-0.059497719513	0.494214957169554	3500
-0.05904286270737	0.481289667170511	33
-0.05904286270737	0.481289667170511	33
-0.05675634571362	0.480074557541369	33
-0.0616582425154799	0.492373840580877	830
-0.0781526900115901	1.58891147042278	2963
-0.0471680697533601	0.862618384754227	1595
-0.0579890535307399	0.915536982755399	6
-0.06358669974006	0.894492342440027	1679
-0.11860091151734	1.0508200053748	6613
-0.05801767937361	0.484943359002049	32
-0.0616582425154799	0.492373840580877	1107
-0.059497719513	0.494214957169554	33
-0.0616582425154799	0.492373840580877	784
-0.0618295465843	0.481736426029628	2565
-0.06063648613741	0.496241204441374	2565
-0.01099830998806	2.27813221638653	565
-0.00601032713627991	1.90750163845375	728
0.11059461074678	1.07042740961137	5827
-0.0495423062779701	0.874625734113176	1982
-0.0529959528896999	0.933421019675225	2113
-0.01968323094681	1.37554189906398	2113
0.0170135704761301	1.27871557192404	83
-0.11920197706466	1.03746578119205	185
-0.11628636605637	1.06818620323616	289
0.0550630221319199	0.791928577934491	6
0.05417681487601	0.818255775519272	6
-0.06052043613138	0.490388133177384	6
-0.11436758391081	1.06463793832064	6
-0.0589159815488001	0.914143303603117	2198
-0.03637656567133	1.4459664252338	171
0.0492123872522101	0.781847457087024	171
-0.05675622581839	0.920757194893836	171
0.10381887644512	1.10426790950947	939
0.0169261632089199	1.2845469582298	483
0.0521412742210099	0.806514162297701	35
-0.06553328512098	1.57310699186109	483
-0.059497719513	0.494214957169554	64
-0.0579004643040399	0.49202318700838	648
-0.05572923120859	0.483702386076679	32
-0.05800121548698	0.850036941441693	32
-0.06063648613741	0.496241204441374	1107
-0.06559023197746	0.482086560282311	2507
-0.06063648613741	0.496241204441374	3805
-0.059497719513	0.494214957169554	76
-0.10611460169231	1.73663091667505	2113
-0.11109430995425	1.03561815113337	2469
-0.0320672650081799	1.42699952706284	1733
0.1065419969353	1.09390290811057	289
0.11308659014943	1.09957359956853	6
0.05438529682761	0.797094245861736	276
-0.10564725841022	1.04591816116305	1026
0.10903741590738	1.13339369968787	3665
-0.0583572446607701	0.477525655657704	272
-0.06063648613741	0.496241204441374	32
-0.06297299241856	0.471523509137131	639
-0.05801767937361	0.484943359002049	1162
0.0564710452019599	0.770249162234433	2507
-0.0568743160102401	0.495883856806621	2507
0.0570768834731701	0.799909031316525	2106
-0.05675634571362	0.480074557541369	830
-0.11279504894281	1.05418753111757	1982
-0.11885972093326	1.07655575458954	6
0.11312060017542	1.11141385004251	1793
-0.0572857210901101	0.919036142009243	811
-0.06279434677459	0.47788062848249	1026
-0.06052043613138	0.490388133177384	1026
-0.06063648613741	0.496241204441374	236
-0.0579004643040399	0.49202318700838	3640
-0.06559023197746	0.482086560282311	33
-0.06063648613741	0.496241204441374	160
-0.12077124862158	1.05928487248064	783
-0.10918217851868	1.03239218825049	1982
-0.0799796812865901	1.54333667891644	1982
-0.0713736538184899	1.48616167578607	1982
-0.12077124862158	1.05928487248064	1789
-0.0568743160102401	0.495883856806621	282
-0.0557725395913999	0.938123011895745	6
-0.059497719513	0.494214957169554	276
0.05438529682761	0.797094245861736	87
-0.0569236744255099	0.895454433837324	35
-0.06063648613741	0.496241204441374	272
-0.0568743160102401	0.495883856806621	648
-0.06177354939839	0.4814693304651	32
-0.0616582425154799	0.492373840580877	1338
-0.06063648613741	0.496241204441374	2106
-0.06063648613741	0.496241204441374	2106
-0.0616582425154799	0.492373840580877	1283
-0.0649162933471801	1.97588472260379	83
0.0192882091472599	1.2901599470966	83
-0.11581750224674	1.07655144912133	140
0.0502450767999101	0.783537885839418	282
-0.06279434677459	0.47788062848249	6
-0.0565826522592701	0.886995061924419	6
0.05302994366099	0.781077927548675	6
-0.11040644695602	1.07886192817719	298
0.02108546809488	1.28592442929199	483
-0.0608388781493101	0.837282560990859	35
-0.0478623813226899	0.892049933023099	3665
0.0582373153797899	0.833067250464455	272
-0.0542384651636401	0.467229328036224	32
-0.0572857210901101	0.919036142009243	32
-0.06063648613741	0.496241204441374	1042
-0.0579004643040399	0.49202318700838	236
-0.0579004643040399	0.49202318700838	33
-0.0584339891118599	0.878673737132313	33
-0.06279434677459	0.47788062848249	2106
0.06031954869066	0.803126574946966	301
-0.059497719513	0.494214957169554	76
-0.0583572446607701	0.477525655657704	830
-0.0205369777108599	1.90188730038171	783
0.1171332503746	1.05304711951311	1975
-0.05675634571362	0.480074557541369	1982
-0.0340127922158	1.42524099828966	1982
-0.11224960426763	0.911230043582131	1982
-0.0523190979128101	0.877804877821534	1789
0.0623896220329201	0.800670855844171	3194
-0.11489063387922	1.08145651698971	6
-0.0667273575026499	0.468296326893888	6
-0.05392091511109	0.94223471350495	6
0.05735749803274	0.79819843367282	171
-0.059497719513	0.494214957169554	696
0.0572218133672799	0.773281697522674	696
-0.05904286270737	0.481289667170511	32
-0.0591385928217401	0.91000646137514	5487
0.05302994366099	0.781077927548675	5487
0.04936436528172	0.782164195498418	32
-0.0514747095956001	0.891142800035245	236
-0.06063648613741	0.496241204441374	33
-0.06063648613741	0.496241204441374	2106
0.10628902584527	1.11095143455206	1982
-0.0212619821578399	1.88652857229798	844
-0.0271328637758801	1.33947239854784	185
-0.11109430995425	1.03561815113337	3206
0.0592727256605901	0.82219585210137	6
-0.06063648613741	0.496241204441374	6
-0.11704945072344	1.06996139490653	6
-0.12266580498845	1.03668423968414	171
0.0512767676389001	0.778844934092876	1732
0.05417681487601	0.818255775519272	1652
-0.05484644504348	0.943849821194801	3665
0.0551764991331001	0.801738670462514	1334
-0.06279434677459	0.47788062848249	32
-0.0644513963175899	0.48021115895097	32
-0.0520715614829099	0.916398031917543	83
-0.10886596719768	0.998043990583607	2113
-0.05414602204599	0.947571526238211	371
0.0130863926069	1.20870471944074	6034
0.10459142097559	1.12511545857684	1679
0.10367347048948	1.12043484864481	1679
0.0183286769814901	1.28893411611574	1652
0.0582373153797899	0.833067250464455	3665
-0.06279434677459	0.47788062848249	4590
-0.05572923120859	0.483702386076679	696
0.0532901895769999	0.784702727100911	32
-0.0579004643040399	0.49202318700838	32
-0.05904286270737	0.481289667170511	525
-0.059497719513	0.494214957169554	76
-0.10133094013368	1.58668503258841	241
0.05417681487601	0.818255775519272	2113
-0.0246891281602399	1.42259112281212	83
-0.0705426759518699	1.57583044146154	1789
0.0615153794208301	0.76919911966243	2469
-0.11550601073049	1.08861963142493	371
-0.0589159815488001	0.914143303603117	371
-0.11981599280839	1.07161688302208	371
0.0144966146540799	1.23773888941981	1229
-0.05484644504348	0.943849821194801	3194
0.11087498084161	1.14331531411492	6
0.05809212963156	0.807140083414171	298
0.05620793023729	0.800105690010203	276
0.0152062468193599	1.24523306757073	1737
0.11023515131562	1.16112993494461	6417
0.0521412742210099	0.806514162297701	3665
-0.06297299241856	0.471523509137131	644
-0.06063648613741	0.496241204441374	696
-0.059497719513	0.494214957169554	696
-0.06063648613741	0.496241204441374	32
-0.0593809227603399	0.474013409533136	32
-0.05675634571362	0.480074557541369	32
0.0622300957094899	0.781886088315577	1025
-0.0593809227603399	0.474013409533136	33
-0.0583572446607701	0.477525655657704	813
-0.0616582425154799	0.492373840580877	160
-0.06279434677459	0.47788062848249	160
-0.06177354939839	0.4814693304651	160
0.05619409578552	0.826891165505306	1976
-0.0961940231779601	1.66949752375786	1975
0.06326345478609	0.775940017987127	83
0.0560779028635501	0.787101234740602	140
-0.0575080438660101	0.885683135326614	371
-0.05599723010918	0.927282037201194	289
-0.0617387135672201	0.903247106831305	3194
-0.11455647908377	1.08666608103086	35
-0.0484620010672201	0.89404392051701	35
-0.0491576945835299	0.926423254674057	644
-0.06177354939839	0.4814693304651	696
0.05128984799298	0.768719477013773	1824
0.0551929287270201	0.812976909394855	2978
0.10681616686465	1.15057815872485	32
-0.0593809227603399	0.474013409533136	32
-0.12220736108541	0.987563678307936	1975
-0.11436758391081	1.06463793832064	2952
0.0582373153797899	0.833067250464455	83
0.01404084836285	1.28046826795911	844
-0.05170238781028	0.925757738005374	371
-0.0591385928217401	0.91000646137514	371
-0.05484644504348	0.943849821194801	289
-0.11567369495828	1.07098959522738	3206
-0.03484368727473	1.45058453263079	6
0.0566302768551601	0.77260766179336	6
0.04818653525713	0.772855055161654	6034
-0.06063648613741	0.496241204441374	6034
0.05227173597449	0.783026833489421	298
0.0648870488204401	1.56551139338737	298
-0.11192705711144	1.68027994932181	1722
-0.10782871687058	1.04967446835597	35
-0.06052043613138	0.490388133177384	32
-0.05801767937361	0.484943359002049	32
0.11245666601048	1.1548112201242	1341
-0.0616582425154799	0.492373840580877	160
0.05928300236134	0.782032603010478	1975
0.01705482824867	1.79212259143145	31
-0.08624701744262	1.37022637998598	2952
0.10195265474633	1.97856803953451	844
-0.0278790928323101	1.37387466777908	140
0.10906755153209	1.12087371094244	185
-0.06093866497402	1.5258555856221	185
-0.05904286270737	0.481289667170511	171
-0.06052043613138	0.490388133177384	277
0.0247101867642801	1.26998858648703	1722
0.02745364908577	1.23475989195451	1679
-0.0579004643040399	0.49202318700838	35
-0.11981599280839	1.07161688302208	35
-0.06063648613741	0.496241204441374	644
0.05809212963156	0.807140083414171	644
-0.0462458617307999	0.870214665390466	1334
0.05619409578552	0.826891165505306	696
-0.06063648613741	0.496241204441374	2978
-0.06052043613138	0.490388133177384	32
-0.0616582425154799	0.492373840580877	32
-0.0583572446607701	0.477525655657704	32
-0.06279434677459	0.47788062848249	32
-0.06297299241856	0.471523509137131	2954
-0.06063648613741	0.496241204441374	2954
-0.0579004643040399	0.49202318700838	160
0.05532377586147	0.768431001165015	160
-0.0616582425154799	0.492373840580877	830
-0.10011435852847	1.64722314801882	783
-0.11170703041015	1.07555757668303	1976
-0.10678495881886	0.995214027971929	1975
-0.05054984931617	0.886280474609673	1975
-0.11293314448808	1.06903510951625	1982
-0.04247656086967	1.27537026789248	83
0.0220468670073299	1.24154531469518	83
0.11464480699669	1.0369051826066	83
0.0212187916895901	1.25952940122437	5752
-0.04893014094256	0.908758774541213	83
-0.10886596719768	0.998043990583607	5233
0.05735749803274	0.79819843367282	231
-0.03581444255358	1.45007945326327	1102
0.11401450237608	1.10265462620382	282
0.11140478577734	1.11839627095125	185
0.10786811772884	1.09808596228482	289
0.1059293862015	1.08791553922085	6
-0.0756059363966799	1.6050292357505	6
0.0111587986728301	1.67015504243091	110
0.0975169343373901	1.02497144493443	1679
0.05619409578552	0.826891165505306	683
0.0551929287270201	0.812976909394855	35
-0.0566991956673699	0.923723307485463	35
-0.11798375534155	1.0442676163903	35
0.0592727256605901	0.82219585210137	644
-0.06063648613741	0.496241204441374	644
0.0532901895769999	0.784702727100911	696
-0.059497719513	0.494214957169554	32
-0.05904286270737	0.481289667170511	2329
-0.0568743160102401	0.495883856806621	5966
-0.0616582425154799	0.492373840580877	1341
-0.06052043613138	0.490388133177384	2973
-0.06063648613741	0.496241204441374	2973
-0.06052043613138	0.490388133177384	1353
-0.0530887356812899	0.467823577678091	160
-0.0552680630421101	0.463898534109862	160
-0.0616582425154799	0.492373840580877	2562
0.0232423274859299	1.24220457813838	241
-0.03484368727473	1.45058453263079	231
0.02721711006476	1.24289723446728	3449
-0.11612159969374	1.07481256558124	844
-0.0515984566505101	0.903607673295612	844
-0.06279434677459	0.47788062848249	3206
-0.06279434677459	0.47788062848249	6
0.05620793023729	0.800105690010203	6
-0.0450951901291201	0.888650297427448	2950
0.06031954869066	0.803126574946966	2950
0.10209922755353	1.06760008190437	298
-0.0667273575026499	0.468296326893888	276
-0.05698113828588	0.90513184999415	966
-0.06052043613138	0.490388133177384	277
0.0183487074826101	1.23187908251455	87
0.04936436528172	0.782164195498418	35
-0.0598434617828501	0.906569864611512	35
-0.0616582425154799	0.492373840580877	35
0.0582373153797899	0.833067250464455	35
0.0243307810931499	1.27722643259003	35
-0.06052043613138	0.490388133177384	644
0.05417681487601	0.818255775519272	33
-0.06063648613741	0.496241204441374	160
0.10290304434668	1.0854955720824	1976
-0.0536181436588601	0.910768344999018	1975
-0.0626685999289001	0.784168625039821	1975
0.06864488714337	0.7206284922124	2952
0.0611957252190301	0.778152824659933	83
-0.11766954914396	1.04274567616455	524
-0.0525218735491699	0.911679674545905	231
-0.11612159969374	1.07481256558124	231
0.0123371440523099	1.21240233247084	282
0.0540470337289101	0.790235868623946	289
-0.06279434677459	0.47788062848249	6
-0.06063648613741	0.496241204441374	6
-0.05904286270737	0.481289667170511	298
0.05315959470591	0.816442546773927	2938
0.0551764991331001	0.801738670462514	2095
-0.06121913555776	0.852641465673923	2950
-0.11354653844	1.02530924829565	276
0.0583940771782701	0.788473508071466	171
-0.05904286270737	0.481289667170511	277
0.0540470337289101	0.790235868623946	1679
-0.05636011767244	0.914592758317666	483
0.05227173597449	0.783026833489421	644
-0.0552680630421101	0.463898534109862	644
0.0655136657025499	0.764230201963185	670
-0.06177354939839	0.4814693304651	2329
-0.06063648613741	0.496241204441374	5966
-0.059497719513	0.494214957169554	1353
-0.0568743160102401	0.495883856806621	160
-0.0616582425154799	0.492373840580877	2181
-0.0593809227603399	0.474013409533136	830
-0.05008100179551	0.93191090480766	728
-0.11340666077454	1.0514912705261	1062
-0.11517050634554	1.07293846681634	1062
0.11090067603576	1.11705358199858	1975
-0.11517050634554	1.07293846681634	31
-0.04013029292643	1.8666389313921	2952
0.11245666601048	1.1548112201242	5752
0.10314361133601	1.04127978536616	2923
-0.11040644695602	1.07886192817719	83
-0.11981599280839	1.07161688302208	231
0.02396648441176	1.30496325541941	231
0.11312060017542	1.11141385004251	132
-0.0582906515161801	0.849339525659397	132
-0.12094541501336	0.959426192351924	14
0.05619409578552	0.826891165505306	282
-0.0543704116858399	0.907843188053031	282
-0.0377724726168101	1.39486866581165	185
-0.04214207252659	1.41855414329815	185
0.10315315261435	1.13511610435915	289
0.10840085810758	1.16543409033	6
-0.0428914853334099	1.29722054084473	6
0.10956937960495	1.15668374513788	2095
-0.11136371903253	1.0845510331437	87
0.11270997324955	1.14844496261305	35
0.10867970113511	1.06426007348249	35
-0.0550713449557301	0.94180148871399	35
0.0540470337289101	0.790235868623946	644
-0.0644513963175899	0.48021115895097	644
-0.06559023197746	0.482086560282311	644
-0.06279434677459	0.47788062848249	644
-0.0568743160102401	0.495883856806621	696
-0.06063648613741	0.496241204441374	696
0.01752522483574	1.28792840104087	3574
-0.06559023197746	0.482086560282311	32
-0.0541193045433701	0.464483475976238	32
-0.06177354939839	0.4814693304651	32
-0.0552680630421101	0.463898534109862	5966
-0.05801767937361	0.484943359002049	5966
-0.0568743160102401	0.495883856806621	1341
-0.0667273575026499	0.468296326893888	1025
-0.059497719513	0.494214957169554	33
-0.06177354939839	0.4814693304651	1560
-0.0579004643040399	0.49202318700838	160
-0.0579004643040399	0.49202318700838	160
-0.05801767937361	0.484943359002049	160
-0.05801767937361	0.484943359002049	2668
-0.06177354939839	0.4814693304651	830
-0.05066902341752	2.37208487977183	565
-0.02009531827234	1.96017526034944	783
-0.05050875529873	2.00001189893146	241
-0.05615515887141	0.886897512589869	1062
0.0748464999515199	1.65436439087365	1062
-0.0557725395913999	0.938123011895745	1975
-0.06052043613138	0.490388133177384	542
0.11245666601048	1.1548112201242	524
-0.11406331456085	1.02759039813353	1102
0.11834355843993	1.09994921421711	289
0.05809212963156	0.807140083414171	289
-0.0616582425154799	0.492373840580877	6
0.0582373153797899	0.833067250464455	298
0.10840085810758	1.16543409033	2095
0.0572105793698401	0.834743156597484	276
-0.12266580498845	1.03668423968414	276
0.0623896220329201	0.800670855844171	171
-0.0583572446607701	0.477525655657704	171
-0.0406083507666799	1.4522905105175	2870
-0.11310423306717	1.04406413626695	2870
-0.0577655068902101	0.875280147397066	35
0.0594296545514501	0.764543302626751	35
-0.10756457601192	1.05755839146043	35
-0.0617387135672201	0.903247106831305	644
0.05541508664753	0.7873688359798	696
0.0180843274657401	1.21980182958118	3574
-0.0568743160102401	0.495883856806621	32
-0.06063648613741	0.496241204441374	2954
-0.06063648613741	0.496241204441374	1560
-0.06279434677459	0.47788062848249	160
-0.0583572446607701	0.477525655657704	830
-0.12282074538436	1.00913265293922	31
-0.11581750224674	1.07655144912133	185
-0.0467100058460399	0.89587128285699	185
-0.059497719513	0.494214957169554	289
-0.0626685999289001	0.784168625039821	276
0.05302994366099	0.781077927548675	966
-0.0576779182904901	0.929291058365461	87
-0.0351802015074401	1.46135110631858	35
0.05125218340712	0.774041711932911	6573
-0.06052043613138	0.490388133177384	5966
-0.05936048494702	0.864715483447482	32
-0.06177354939839	0.4814693304651	32
-0.06177354939839	0.4814693304651	123
-0.06297299241856	0.471523509137131	33
-0.06749378452907	2.37801764989748	783
-0.05392091511109	0.94223471350495	1062
-0.0709313783433401	1.57775476114393	31
0.10840085810758	1.16543409033	2194
-0.0494300110733401	1.99370113670709	231
0.05572753416232	2.06802592143719	1102
-0.12014563958766	1.03701343406302	140
-0.11455647908377	1.08666608103086	282
-0.11360045536856	1.0778716954881	282
0.0572105793698401	0.834743156597484	210
-0.12199865654397	1.01717284343544	210
-0.0616582425154799	0.492373840580877	298
-0.0582118804921601	0.917638019544922	298
-0.05572923120859	0.483702386076679	644
-0.05801767937361	0.484943359002049	676
-0.059497719513	0.494214957169554	160
-0.059497719513	0.494214957169554	160
-0.1185159696885	1.07185397783822	1062
0.10812130981182	1.13530809652905	1062
0.06638307685273	0.742316619573786	1062
0.0250809564907499	1.25051623666122	31
0.05315959470591	0.816442546773927	83
0.10969916945116	1.10285237358036	524
-0.12205070094317	1.03934298751888	231
-0.11885972093326	1.07655575458954	1102
-0.11920197706466	1.03746578119205	140
-0.06297299241856	0.471523509137131	289
-0.0583572446607701	0.477525655657704	2095
-0.11771560090717	1.00188269639799	276
-0.10643125885264	1.01946229267459	35
-0.11455647908377	1.08666608103086	35
0.0224085488677399	1.27785405705622	35
-0.06052043613138	0.490388133177384	644
0.10290304434668	1.0854955720824	6573
-0.05653058933202	0.878305912923911	5067
-0.059497719513	0.494214957169554	4408
-0.0568743160102401	0.495883856806621	160
-0.06063648613741	0.496241204441374	2786
-0.05801767937361	0.484943359002049	160
-0.06177354939839	0.4814693304651	679
0.10473083726703	2.06161386805994	5691
0.05852982286663	0.76811319495648	83
0.0147695187891801	1.22001455398505	83
0.10432115573751	1.11111092982179	524
0.0583940771782701	0.788473508071466	83
0.0560779028635501	0.787101234740602	132
-0.11790243135627	1.07469087485898	282
0.0734460923315201	1.6001414093399	1596
0.05315959470591	0.816442546773927	2938
0.10434316023762	1.12462170153756	276
-0.11327521709148	1.07252385669055	1067
-0.0559128970379901	0.850234211699808	277
0.10709524541163	1.11879072917046	277
0.11847290368023	1.00921167496242	35
0.0582373153797899	0.833067250464455	644
-0.06063648613741	0.496241204441374	644
0.0550630221319199	0.791928577934491	374
-0.059497719513	0.494214957169554	32
0.1158489715223	1.11994504979428	3270
-0.06559023197746	0.482086560282311	32
-0.06063648613741	0.496241204441374	32
-0.06559023197746	0.482086560282311	1784
-0.0568743160102401	0.495883856806621	679
-0.0344228164425	1.43730803987186	783
-0.11075112343313	1.0774886624297	728
-0.11550601073049	1.08861963142493	728
-0.05453892530747	0.916026297147207	1187
0.10773391652068	1.16093427511844	31
0.0990991221131401	1.09410124458998	187
-0.06177354939839	0.4814693304651	185
0.05417681487601	0.818255775519272	185
-0.0484620010672201	0.89404392051701	210
-0.06279434677459	0.47788062848249	298
-0.0541193045433701	0.464483475976238	4055
0.0503972294267401	0.777490465282938	4055
-0.0568743160102401	0.495883856806621	298
0.0202487408777501	1.28392078212064	276
0.01928499653544	1.22686745519164	1067
-0.0616582425154799	0.492373840580877	277
0.0582373153797899	0.833067250464455	87
-0.0579004643040399	0.49202318700838	35
-0.06559023197746	0.482086560282311	3270
-0.06559023197746	0.482086560282311	97
0.105509365606	1.12315858878381	32
-0.1217254900102	1.03788697218079	2954
-0.0644513963175899	0.48021115895097	160
-0.0576779182904901	0.929291058365461	14
-0.12008772579223	1.03549295384011	276
-0.12138584052204	1.05652158342847	277
-0.11581750224674	1.07655144912133	35
0.10931801144484	1.16730736985013	35
-0.0579026301726699	0.90654892903118	35
0.105509365606	1.12315858878381	340
-0.11109430995425	1.03561815113337	32
-0.0606843724036299	0.470390640612341	1657
0.05809212963156	0.807140083414171	454
-0.059497719513	0.494214957169554	160
-0.05904286270737	0.481289667170511	201
-0.0583572446607701	0.477525655657704	679
-0.0593809227603399	0.474013409533136	1784
0.0998883347244801	1.99318248736755	1187
0.02264367445919	1.29245374434395	673
-0.0572857210901101	0.919036142009243	132
-0.0606843724036299	0.470390640612341	282
-0.0530887356812899	0.467823577678091	6388
-0.0633639584552099	0.875865695561755	110
0.11308659014943	1.09957359956853	277
-0.0616582425154799	0.492373840580877	598
-0.0616582425154799	0.492373840580877	1746
-0.05919523792366	0.454981857050048	679
-0.059497719513	0.494214957169554	679
-0.11159521167173	1.60925278586072	132
0.0582373153797899	0.833067250464455	140
0.0572105793698401	0.834743156597484	289
0.06257320221206	0.722444357297834	276
0.05315959470591	0.816442546773927	35
-0.10590795648182	1.02066263590005	2820
-0.0529959528896999	0.933421019675225	35
-0.0568743160102401	0.495883856806621	32
-0.0760693326320301	1.49356637148913	231
0.0532901895769999	0.784702727100911	277
-0.0318459404778899	1.46184878861468	35
-0.10756457601192	1.05755839146043	5247
-0.0582118804921601	0.917638019544922	670
-0.059497719513	0.494214957169554	3101
0.0551929287270201	0.812976909394855	32
-0.0644513963175899	0.48021115895097	2128
-0.059497719513	0.494214957169554	256
-0.0568743160102401	0.495883856806621	790
-0.05801767937361	0.484943359002049	679
-0.0616582425154799	0.492373840580877	679
-0.0943109746851301	2.35770781817317	1187
-0.0863263337043201	2.13011388545143	231
-0.0262231973182501	1.40104402402893	231
-0.0722935441968999	1.58844101378275	1102
-0.0606843724036299	0.470390640612341	140
0.05531089448754	0.792558984587613	282
0.0169261632089199	1.2845469582298	282
0.1020426884332	2.05312440013688	210
-0.05453892530747	0.916026297147207	276
0.05735749803274	0.79819843367282	87
0.05227173597449	0.783026833489421	35
-0.05414602204599	0.947571526238211	35
-0.06052043613138	0.490388133177384	330
-0.059497719513	0.494214957169554	687
-0.06177354939839	0.4814693304651	790
-0.06052043613138	0.490388133177384	3598
-0.05801767937361	0.484943359002049	160
-0.0583572446607701	0.477525655657704	679
-0.06063648613741	0.496241204441374	679
-0.10730477138453	1.68312394254148	2120
-0.06063648613741	0.496241204441374	132
-0.05801767937361	0.484943359002049	1467
-0.02899784134594	1.44920676271659	921
-0.05636011767244	0.914592758317666	276
-0.0616582425154799	0.492373840580877	619
-0.0582118804921601	0.917638019544922	35
-0.06177354939839	0.4814693304651	32
0.05247819558145	0.797130322649216	97
-0.10564725841022	1.04591816116305	2954
-0.06052043613138	0.490388133177384	123
-0.06052043613138	0.490388133177384	1685
-0.059497719513	0.494214957169554	679
-0.11455647908377	1.08666608103086	1062
-0.10197579183719	1.69775328940782	187
-0.0616582425154799	0.492373840580877	83
-0.05904286270737	0.481289667170511	395
-0.0616582425154799	0.492373840580877	159
-0.059497719513	0.494214957169554	159
-0.11388873554686	1.05924652695917	282
0.0533544900604199	0.798543823637356	629
-0.06063648613741	0.496241204441374	334
-0.06052043613138	0.490388133177384	598
-0.0616582425154799	0.492373840580877	35
0.0218161225052	1.2627434126078	35
0.05852982286663	0.76811319495648	619
0.05227173597449	0.783026833489421	35
-0.0568743160102401	0.495883856806621	330
-0.06052043613138	0.490388133177384	6016
-0.0568743160102401	0.495883856806621	687
-0.0667273575026499	0.468296326893888	160
0.06448003178871	0.765062254391552	160
-0.0743896539765401	1.61272573713315	2120
-0.11455647908377	1.08666608103086	231
-0.0616582425154799	0.492373840580877	132
-0.06063648613741	0.496241204441374	185
0.07243186990972	1.67726731719522	185
-0.03596751850438	1.42064804362212	334
0.0582373153797899	0.833067250464455	334
-0.0513734577016201	0.919854293823929	87
-0.11455647908377	1.08666608103086	35
0.11245666601048	1.1548112201242	35
-0.0616582425154799	0.492373840580877	4133
0.05531089448754	0.792558984587613	160
0.0572105793698401	0.834743156597484	679
-0.0568743160102401	0.495883856806621	679
-0.05801767937361	0.484943359002049	679
-0.0616582425154799	0.492373840580877	830
-0.0576779182904901	0.929291058365461	132
-0.0568743160102401	0.495883856806621	140
-0.12362851999447	1.77145791974844	140
0.0611957252190301	0.778152824659933	159
-0.0616582425154799	0.492373840580877	276
-0.0526276224301101	0.914086953393132	276
-0.05647399579508	0.899696775852859	35
-0.03790942484644	1.41223455948546	35
-0.05904286270737	0.481289667170511	330
-0.0579004643040399	0.49202318700838	436
-0.0591385928217401	0.91000646137514	160
-0.05638225045083	0.902106821523073	187
-0.0616582425154799	0.492373840580877	395
-0.05801767937361	0.484943359002049	1603
0.11023515131562	1.16112993494461	276
-0.05484644504348	0.943849821194801	35
0.0502450767999101	0.783537885839418	32
-0.05572923120859	0.483702386076679	97
0.0540470337289101	0.790235868623946	330
0.0655136657025499	0.764230201963185	330
0.10248718193954	1.09999957057424	687
-0.0534458595932901	0.913133491220031	436
0.0601509585589199	0.795676917498899	201
-0.06052043613138	0.490388133177384	679
-0.06177354939839	0.4814693304651	1815
-0.05860018948734	0.930835334735118	1062
0.0107073805164899	1.616477574641	231
-0.0568743160102401	0.495883856806621	132
-0.0519293468741799	0.91752591613997	132
0.0591167155802399	0.805629943872835	395
0.05544011731145	0.751130639606141	395
0.05125218340712	0.774041711932911	159
-0.05801767937361	0.484943359002049	159
0.10568417114944	2.05065664917754	185
0.01444582750767	1.7599087857257	276
-0.06279434677459	0.47788062848249	2666
-0.0618295465843	0.481736426029628	334
-0.0579004643040399	0.49202318700838	334
-0.0568743160102401	0.495883856806621	598
-0.11075112343313	1.0774886624297	35
0.0583940771782701	0.788473508071466	35
0.05315959470591	0.816442546773927	35
0.04936436528172	0.782164195498418	32
-0.06063648613741	0.496241204441374	86
0.0502450767999101	0.783537885839418	86
-0.06063648613741	0.496241204441374	606
-0.0616582425154799	0.492373840580877	160
-0.06279434677459	0.47788062848249	160
-0.0616582425154799	0.492373840580877	201
0.0079771408017999	1.63903645015581	2120
0.05247819558145	0.797130322649216	159
0.0687755722463601	1.65666734069104	298
0.01678946405633	1.24694398673382	276
0.05429206010407	0.769865123208336	276
-0.0742071546262499	1.57189388042363	619
-0.11550601073049	1.08861963142493	35
0.10840085810758	1.16543409033	35
0.0202487408777501	1.28392078212064	32
-0.059497719513	0.494214957169554	830
-0.0609039500555999	1.97824084763626	27
0.0908453282047901	1.61319310748753	187
-0.03671434760583	1.46641365255412	83
-0.0610382170719099	0.880644267347502	1603
0.0560605228864	0.77675196404921	159
-0.12170942332205	1.0323048475527	185
-0.10211118316675	1.0131281231117	445
0.01389467375291	1.24586701648856	2667
0.0551929287270201	0.812976909394855	276
0.07495892700223	1.56666892113229	110
-0.06213832568065	0.859627482698052	1622
-0.06052043613138	0.490388133177384	334
0.0592727256605901	0.82219585210137	334
0.0146409520870201	1.28384227859142	87
0.0592727256605901	0.82219585210137	2249
0.0190759554748301	1.29145046177666	35
0.11023515131562	1.16112993494461	35
0.05417681487601	0.818255775519272	32
-0.059497719513	0.494214957169554	330
-0.0568743160102401	0.495883856806621	606
-0.0556578173492699	0.882969390899142	160
-0.06052043613138	0.490388133177384	830
-0.059497719513	0.494214957169554	830
-0.11360045536856	1.0778716954881	2120
-0.0639784700283901	0.856142294970416	3514
-0.07773719652006	1.52312603027678	132
0.0986888492453699	2.03599872269785	2189
0.1049859459328	1.1470405998044	2318
-0.0579004643040399	0.49202318700838	32
-0.0510048869351101	0.929289822330005	32
-0.0568743160102401	0.495883856806621	330
0.02420197584705	1.24770110334486	256
-0.11983594744279	1.03635738865717	642
-0.06052043613138	0.490388133177384	606
-0.06177354939839	0.4814693304651	606
-0.0633108456185501	0.464645860438123	201
-0.06063648613741	0.496241204441374	201
0.0551929287270201	0.812976909394855	201
0.01272310599124	1.23766074322198	201
0.06326345478609	0.775940017987127	201
-0.0219827732361899	1.93033302441447	1062
0.0160573709067899	1.24974910567643	83
-0.0399733106437701	1.37297749799093	1790
-0.0521555880953899	0.859060343570533	231
-0.11422944633913	1.05267827513219	132
-0.06044645557269	0.911249800351	132
0.0109250742703699	1.24138093881618	185
0.07807911756112	1.62253497428543	2213
-0.0538450984357901	0.892806824292108	185
0.0763537593191499	1.63851720689807	2189
-0.0375408568170801	1.39712375901817	334
0.06859707881622	1.66068950789585	347
-0.0589159815488001	0.914143303603117	35
-0.0616582425154799	0.492373840580877	32
0.05315959470591	0.816442546773927	256
0.0592727256605901	0.82219585210137	642
-0.0542384651636401	0.467229328036224	2832
-0.06063648613741	0.496241204441374	436
-0.05801767937361	0.484943359002049	201
-0.0616582425154799	0.492373840580877	201
0.0592727256605901	0.82219585210137	201
-0.05904286270737	0.481289667170511	201
-0.06279434677459	0.47788062848249	679
-0.08818272644606	2.02217011730979	673
-0.1196836862995	1.83348041098414	185
0.05315959470591	0.816442546773927	2666
0.0267139022899201	1.27786033269378	334
-0.02510650435927	1.42959112503665	334
0.0737412499613399	1.58635472396233	334
-0.06279434677459	0.47788062848249	35
-0.0644513963175899	0.48021115895097	32
-0.05484644504348	0.943849821194801	32
0.11087498084161	1.14331531411492	330
-0.05740142361561	0.886666936496903	256
-0.06063648613741	0.496241204441374	642
-0.059497719513	0.494214957169554	206
-0.0568743160102401	0.495883856806621	973
0.01320641770216	1.19171405194501	58
-0.0688736360176101	1.86774513027356	231
-0.0586926497862399	0.879211853418054	276
-0.059497719513	0.494214957169554	334
-0.0618295465843	0.481736426029628	87
0.0939714413683901	1.81611460410361	35
0.1024631290105	1.99558163830908	35
-0.06052043613138	0.490388133177384	35
0.0540470337289101	0.790235868623946	1118
-0.0352391979606601	1.36534970623486	2318
0.0551929287270201	0.812976909394855	2639
-0.06288465291974	0.872388175376693	256
-0.0582118804921601	0.917638019544922	256
-0.0616582425154799	0.492373840580877	3260
-0.0618295465843	0.481736426029628	1501
-0.0583572446607701	0.477525655657704	1501
-0.05904286270737	0.481289667170511	1501
-0.0530887356812899	0.467823577678091	973
0.0705006543528599	1.64807140427178	673
0.11020874145149	1.06971586940036	187
-0.10687948450603	1.73684909650886	231
0.05417681487601	0.818255775519272	140
0.0623896220329201	0.800670855844171	185
-0.0702436464662499	1.54394597825242	185
-0.0616582425154799	0.492373840580877	276
0.11493174938684	1.11678784693576	276
0.0230051465241501	1.30756304505107	2666
-0.0616582425154799	0.492373840580877	35
-0.0579004643040399	0.49202318700838	35
-0.06052043613138	0.490388133177384	1118
-0.059497719513	0.494214957169554	2313
-0.12423684993964	1.00035020826174	201
-0.0530887356812899	0.467823577678091	201
-0.0583572446607701	0.477525655657704	83
-0.05801767937361	0.484943359002049	132
-0.0361544378818199	1.42963222966829	185
0.05302994366099	0.781077927548675	185
0.0245646601010301	1.29591030761521	185
-0.0579004643040399	0.49202318700838	5967
-0.06279434677459	0.47788062848249	642
-0.05801767937361	0.484943359002049	642
-0.0532212644682	0.945933692594188	3228
-0.06052043613138	0.490388133177384	206
-0.0956695437714099	1.61137023541344	615
0.04717331212829	0.749720641545597	1440
-0.06063648613741	0.496241204441374	140
-0.05919523792366	0.454981857050048	140
-0.11100091609862	1.57406250470188	185
0.05351018089645	0.795689183809482	210
-0.0410278160994	1.39497205956287	334
-0.11006027715072	1.05231684278074	334
0.01967415290269	1.29485717638205	35
-0.0568389216171801	0.865954074775602	35
-0.06052043613138	0.490388133177384	1494
-0.0616582425154799	0.492373840580877	1494
0.10798504984911	1.11272964754014	28
-0.06063648613741	0.496241204441374	1038
-0.05615515887141	0.886897512589869	6627
-0.07065999314757	1.57681972640128	3145
-0.06177354939839	0.4814693304651	3228
-0.0616582425154799	0.492373840580877	6437
-0.0570626807847401	0.911139436427073	206
0.0564710452019599	0.770249162234433	201
0.0551929287270201	0.812976909394855	201
-0.06052043613138	0.490388133177384	201
-0.06063648613741	0.496241204441374	140
-0.06052043613138	0.490388133177384	6075
0.10611018627742	1.94570104512549	342
0.00233058794283991	1.61484336206445	276
0.0493626576183499	2.04768446671973	35
-0.0375408568170801	1.39712375901817	32
-0.12138584052204	1.05652158342847	32
-0.05675634571362	0.480074557541369	32
-0.06052043613138	0.490388133177384	642
-0.06063648613741	0.496241204441374	642
0.0592727256605901	0.82219585210137	3228
0.05417681487601	0.818255775519272	2162
0.0582373153797899	0.833067250464455	679
0.05315959470591	0.816442546773927	615
-0.05139865658831	0.885794899771119	83
-0.0568743160102401	0.495883856806621	132
-0.0616582425154799	0.492373840580877	159
-0.11501564528642	1.64566498358352	185
-0.0542384651636401	0.467229328036224	342
0.05809212963156	0.807140083414171	210
0.0139709006670099	1.75995162177166	210
-0.06279434677459	0.47788062848249	276
-0.11981599280839	1.07161688302208	110
-0.0644513963175899	0.48021115895097	334
-0.0568743160102401	0.495883856806621	3190
-0.05962034724205	0.877908547686789	35
-0.0593809227603399	0.474013409533136	35
-0.05675634571362	0.480074557541369	28
0.0560779028635501	0.787101234740602	941
0.0230051465241501	1.30756304505107	941
-0.06052043613138	0.490388133177384	32
-0.06297299241856	0.471523509137131	6247
0.0564438539225201	0.763436935190728	256
0.0540470337289101	0.790235868623946	201
-0.0616582425154799	0.492373840580877	201
-0.0616582425154799	0.492373840580877	201
-0.10349763464095	1.68374565035785	27
-0.0797857231900201	1.6078160047637	673
-0.06052043613138	0.490388133177384	673
-0.06177354939839	0.4814693304651	615
-0.11489063387922	1.08145651698971	615
-0.05675634571362	0.480074557541369	132
0.05735749803274	0.79819843367282	159
-0.11981599280839	1.07161688302208	185
-0.10641166369162	1.67926054763268	185
0.0293763301610099	1.2223144701335	342
0.0545670788433501	0.749882555232416	342
0.05227173597449	0.783026833489421	298
-0.0568743160102401	0.495883856806621	276
-0.0583572446607701	0.477525655657704	787
0.10617789091583	1.12735314411844	35
0.05315959470591	0.816442546773927	585
-0.10529740283105	1.03264648142606	35
-0.05962034724205	0.877908547686789	32
-0.06063648613741	0.496241204441374	32
-0.06063648613741	0.496241204441374	2162
-0.0616582425154799	0.492373840580877	201
-0.05043567218489	0.438011233059131	226
-0.0671242430665899	1.46066254001603	58
-0.02167768273176	2.28146398009441	83
-0.0616582425154799	0.492373840580877	132
-0.0568743160102401	0.495883856806621	140
0.05247819558145	0.797130322649216	159
-0.0364995802914001	1.31983924758978	4512
-0.0568743160102401	0.495883856806621	35
-0.11891013423942	1.04320319200212	867
-0.0557725395913999	0.938123011895745	867
-0.06177354939839	0.4814693304651	3963
-0.11859352226078	1.01485695359047	585
0.0264896492712701	1.26515886042612	585
-0.0383353748716899	1.39107235464784	585
0.11087498084161	1.14331531411492	32
0.10315315261435	1.13511610435915	32
-0.06063648613741	0.496241204441374	86
-0.0616582425154799	0.492373840580877	3228
-0.0616582425154799	0.492373840580877	530
-0.06177354939839	0.4814693304651	2162
0.05619409578552	0.826891165505306	201
-0.11310423306717	1.04406413626695	1062
-0.06063648613741	0.496241204441374	2617
-0.0616582425154799	0.492373840580877	132
-0.0618295465843	0.481736426029628	2397
0.10526052876897	1.12933430140121	875
-0.05675634571362	0.480074557541369	347
-0.0351043321454101	1.36998298568987	35
-0.0568743160102401	0.495883856806621	2070
-0.059497719513	0.494214957169554	32
-0.06279434677459	0.47788062848249	32
-0.0579004643040399	0.49202318700838	86
0.0572105793698401	0.834743156597484	3228
-0.06297299241856	0.471523509137131	2149
-0.05572923120859	0.483702386076679	2149
0.01212230910729	1.23453258625625	673
-0.059497719513	0.494214957169554	83
-0.10135994634853	1.69260957968944	101
-0.0616582425154799	0.492373840580877	2397
-0.04578741852251	0.885505599230251	875
-0.12008772579223	1.03549295384011	342
-0.10865271732921	1.53410922865082	558
-0.0519293468741799	0.91752591613997	4512
0.01467444681883	2.17800930068311	110
0.10288935268198	1.99146796730625	110
-0.11790243135627	1.07469087485898	334
-0.05860018948734	0.930835334735118	787
-0.0579004643040399	0.49202318700838	240
-0.05801767937361	0.484943359002049	201
-0.0616582425154799	0.492373840580877	2217
-0.0256647591922201	1.42567803186995	1062
-0.06052043613138	0.490388133177384	83
-0.0616582425154799	0.492373840580877	83
-0.06279434677459	0.47788062848249	101
0.0512767676389001	0.778844934092876	159
0.05417681487601	0.818255775519272	210
0.10745872013729	1.10038269810188	342
-0.0761385187131201	1.62598419708407	342
-0.0570626807847401	0.911139436427073	342
-0.11860091151734	1.0508200053748	298
0.1086516545301	1.162799445185	2458
-0.0770600023566499	1.53151452567182	334
0.0532901895769999	0.784702727100911	1804
0.10840085810758	1.16543409033	87
0.0210873679552599	1.24723038391478	35
-0.0583572446607701	0.477525655657704	28
-0.12199865654397	1.01717284343544	35
0.0532901895769999	0.784702727100911	1322
-0.0532212644682	0.945933692594188	1632
-0.0533904652270401	0.871683056639003	1632
0.05227173597449	0.783026833489421	86
-0.06052043613138	0.490388133177384	2241
-0.05904286270737	0.481289667170511	530
-0.059497719513	0.494214957169554	530
-0.0583572446607701	0.477525655657704	201
-0.06052043613138	0.490388133177384	2781
0.0146368463522599	2.18024551520098	27
-0.12186079594301	1.00761851442038	27
0.01759480865111	1.71817138875664	27
-0.11628636605637	1.06818620323616	27
0.07044395769975	1.51453000749524	3053
-0.04821628514989	0.845561076579963	187
-0.10307293096949	1.02914630959509	187
-0.059497719513	0.494214957169554	893
-0.06177354939839	0.4814693304651	83
-0.0633108456185501	0.464645860438123	132
0.05417681487601	0.818255775519272	101
-0.059497719513	0.494214957169554	276
0.05333713105181	0.743071299805174	3193
-0.0476331831607799	0.897043378997354	110
0.0533544900604199	0.798543823637356	2458
-0.05484644504348	0.943849821194801	334
-0.0616582425154799	0.492373840580877	1672
0.05619409578552	0.826891165505306	334
0.0551929287270201	0.812976909394855	87
0.10526052876897	1.12933430140121	35
0.05315959470591	0.816442546773927	35
0.056328617163	0.799655515803619	35
0.05417681487601	0.818255775519272	35
-0.0616582425154799	0.492373840580877	5091
-0.059497719513	0.494214957169554	1322
-0.06063648613741	0.496241204441374	1322
-0.0593809227603399	0.474013409533136	240
-0.06559023197746	0.482086560282311	86
-0.06063648613741	0.496241204441374	530
-0.06559023197746	0.482086560282311	1404
-0.06177354939839	0.4814693304651	3371
-0.05801767937361	0.484943359002049	226
0.0674048756897601	1.60874581252467	3053
0.10222862813237	1.05263372538173	3053
-0.05762641019134	0.892159652458077	893
0.11059284250657	2.00509530510339	6390
-0.05414602204599	0.947571526238211	35
0.0230051465241501	1.30756304505107	585
-0.0644513963175899	0.48021115895097	5091
-0.059497719513	0.494214957169554	1322
-0.03364603801269	1.40366779554432	32
-0.06063648613741	0.496241204441374	32
-0.0579004643040399	0.49202318700838	512
-0.0387726511233699	0.81963609343272	530
-0.059497719513	0.494214957169554	3024
-0.0526276224301101	0.914086953393132	2781
0.0687755722463601	1.65666734069104	27
0.11179248647147	1.15044114722927	3053
0.0975169343373901	1.02497144493443	58
0.0212353571417201	1.24932801728487	187
0.0247101867642801	1.26998858648703	187
0.05531089448754	0.792558984587613	187
-0.11170703041015	1.07555757668303	615
0.0187386516369099	1.83178486007466	897
0.0220448082711699	1.30146384793971	159
-0.0697983252382299	1.60870913301848	185
0.10251574690634	1.07928186218542	342
-0.11643337020792	1.08363651938792	6389
-0.03825094166595	1.43686013844852	334
-0.0572857210901101	0.919036142009243	35
-0.0532212644682	0.945933692594188	35
0.0483305036817101	0.780476174113536	28
-0.11705681033892	1.03977317897777	1322
0.05315959470591	0.816442546773927	32
-0.11601840542675	1.02790356453038	32
0.0592727256605901	0.82219585210137	240
-0.05801767937361	0.484943359002049	512
-0.05801767937361	0.484943359002049	530
-0.06063648613741	0.496241204441374	1404
-0.0568743160102401	0.495883856806621	226
-0.0626624251219099	0.901871383330684	673
-0.059497719513	0.494214957169554	83
0.0512767676389001	0.778844934092876	83
-0.0543114400629601	0.88444981571943	342
-0.0589159815488001	0.914143303603117	3027
-0.06279434677459	0.47788062848249	334
-0.0616582425154799	0.492373840580877	87
0.07731743620836	1.65459397256039	35
0.0592727256605901	0.82219585210137	35
0.0210047939695399	1.27813535320364	1322
0.05454115052908	0.786000257581696	32
-0.06559023197746	0.482086560282311	3
-0.06177354939839	0.4814693304651	3
-0.0568743160102401	0.495883856806621	1648
-0.06279434677459	0.47788062848249	3024
-0.06052043613138	0.490388133177384	3371
0.05541508664753	0.7873688359798	2626
-0.06177354939839	0.4814693304651	2626
-0.06052043613138	0.490388133177384	226
-0.05572923120859	0.483702386076679	226
-0.06063648613741	0.496241204441374	226
-0.0542384651636401	0.467229328036224	58
-0.0600658550298201	0.894793494020535	58
-0.11860091151734	1.0508200053748	897
-0.05572923120859	0.483702386076679	159
-0.11581750224674	1.07655144912133	185
0.0676590981749201	1.59491043625676	342
-0.0552680630421101	0.463898534109862	3027
-0.08085505364127	1.57559560706518	110
-0.05572923120859	0.483702386076679	334
0.05315959470591	0.816442546773927	87
-0.11797673747806	1.05777226444277	35
0.11115227642713	1.14667912888302	519
0.0532901895769999	0.784702727100911	32
0.11270997324955	1.14844496261305	824
-0.0568743160102401	0.495883856806621	32
-0.0568743160102401	0.495883856806621	75
0.06326345478609	0.775940017987127	3371
-0.05801767937361	0.484943359002049	226
0.0252081857687101	1.78781154020609	1422
-0.0815586043360099	1.54252969005594	187
0.0551929287270201	0.812976909394855	3082
-0.07401190066077	1.47876807446541	28
0.0555991892937799	0.768942273133485	35
0.0224064124096901	1.29051783634759	32
0.0592727256605901	0.82219585210137	240
-0.059497719513	0.494214957169554	240
-0.11293314448808	1.06903510951625	3
-0.06279434677459	0.47788062848249	73
-0.0593809227603399	0.474013409533136	2626
-0.0618295465843	0.481736426029628	2626
0.10748369259225	1.15499562353462	35
0.05531089448754	0.792558984587613	32
0.05928300236134	0.782032603010478	3
-0.0554350733039299	0.904145700559754	1404
-0.0507777272693699	0.928363970169061	2626
-0.0805927715349899	1.42674342313961	4636
-0.07214101728461	1.53479622808456	849
0.04616243231566	2.0420562625377	615
-0.10902450957061	1.61508834766023	185
-0.11550601073049	1.08861963142493	2912
-0.11728911770732	1.04038406090386	290
-0.0568743160102401	0.495883856806621	110
0.0255266534643901	1.2849600621561	110
0.0512767676389001	0.778844934092876	35
0.05735749803274	0.79819843367282	35
0.05351018089645	0.795689183809482	240
-0.06063648613741	0.496241204441374	3
-0.05572923120859	0.483702386076679	1404
-0.06177354939839	0.4814693304651	1404
-0.06063648613741	0.496241204441374	1404
-0.059497719513	0.494214957169554	226
-0.0616582425154799	0.492373840580877	27
-0.059497719513	0.494214957169554	4636
0.05315959470591	0.816442546773927	673
-0.06599805518019	1.53342627788061	673
-0.05473354220154	0.873446197491202	1665
-0.06052043613138	0.490388133177384	2209
-0.04440321367877	0.85959142039164	4937
0.05809212963156	0.807140083414171	185
0.0503972294267401	0.777490465282938	1599
-0.05904286270737	0.481289667170511	1899
-0.05801767937361	0.484943359002049	290
-0.12266580498845	1.03668423968414	334
-0.0491576945835299	0.926423254674057	334
-0.06063648613741	0.496241204441374	240
0.1046980672585	1.0463672393024	3
0.11273373936859	1.08198315108176	27
0.0604796737503901	0.775008303988958	673
-0.11829035641576	1.03365059411888	1422
-0.0233905500801701	2.20432397724972	1665
-0.06063648613741	0.496241204441374	58
-0.0616582425154799	0.492373840580877	4937
0.05735749803274	0.79819843367282	185
-0.0616582425154799	0.492373840580877	1164
-0.06177354939839	0.4814693304651	1164
-0.059497719513	0.494214957169554	210
-0.0616582425154799	0.492373840580877	5717
-0.06052043613138	0.490388133177384	290
-0.05904286270737	0.481289667170511	334
-0.059497719513	0.494214957169554	334
-0.06177354939839	0.4814693304651	334
0.0521412742210099	0.806514162297701	35
-0.06052043613138	0.490388133177384	957
-0.0579004643040399	0.49202318700838	519
-0.06052043613138	0.490388133177384	1404
0.0220468670073299	1.24154531469518	673
-0.0713462071854201	1.58450497514126	58
0.05351018089645	0.795689183809482	58
0.10995745767011	1.12544632149745	849
0.10484059032818	1.07689565108974	849
0.0512767676389001	0.778844934092876	849
-0.11049721039571	1.71624078764263	893
-0.05762641019134	0.892159652458077	1164
0.02277980638552	1.27467388812427	1164
-0.0575080438660101	0.885683135326614	1215
-0.06288465291974	0.872388175376693	1064
0.10970585682215	1.09024036088458	1064
-0.11643337020792	1.08363651938792	290
-0.05184837232674	1.9727674795818	87
-0.06052043613138	0.490388133177384	35
-0.05453892530747	0.916026297147207	3488
0.1047346922515	1.11370770843097	35
-0.059497719513	0.494214957169554	32
-0.06052043613138	0.490388133177384	32
-0.06559023197746	0.482086560282311	32
-0.06052043613138	0.490388133177384	3
-0.0644513963175899	0.48021115895097	1604
-0.11581750224674	1.07655144912133	58
-0.0593809227603399	0.474013409533136	897
0.05809212963156	0.807140083414171	101
-0.11092216722181	1.02104344992134	1164
0.10248718193954	1.09999957057424	210
0.05531089448754	0.792558984587613	342
-0.12395715044951	1.03136374223509	347
-0.0556578173492699	0.882969390899142	28
0.06031954869066	0.803126574946966	35
0.0572105793698401	0.834743156597484	35
-0.06052043613138	0.490388133177384	408
-0.0510048869351101	0.929289822330005	408
-0.059497719513	0.494214957169554	32
-0.06279434677459	0.47788062848249	240
-0.05904286270737	0.481289667170511	3
-0.059497719513	0.494214957169554	3
-0.0667273575026499	0.468296326893888	631
0.0560605228864	0.77675196404921	631
-0.0644513963175899	0.48021115895097	1604
-0.0568743160102401	0.495883856806621	2626
-0.0616582425154799	0.492373840580877	794
-0.0550713449557301	0.94180148871399	58
-0.0542384651636401	0.467229328036224	849
-0.10715133398696	1.68426661351836	893
0.056328617163	0.799655515803619	83
-0.11612159969374	1.07481256558124	1387
-0.0522970753186201	0.937033479589718	101
-0.11704945072344	1.06996139490653	342
0.11059461074678	1.07042740961137	342
-0.0534458595932901	0.913133491220031	342
0.0261165840728801	1.2865749431896	1056
-0.11921802745616	0.999513433962502	290
-0.06052043613138	0.490388133177384	957
0.0583940771782701	0.788473508071466	35
-0.059497719513	0.494214957169554	35
-0.05904286270737	0.481289667170511	3
-0.05801767937361	0.484943359002049	631
-0.06063648613741	0.496241204441374	1604
-0.10852170976384	1.05083038896795	27
0.02108546809488	1.28592442929199	27
0.0513722443709701	2.06474741494215	58
-0.0550713449557301	0.94180148871399	58
0.05438529682761	0.797094245861736	849
0.09375899356206	1.63651298945337	1387
-0.11798375534155	1.0442676163903	1164
-0.0568743160102401	0.495883856806621	342
0.10906755153209	1.12087371094244	1215
-0.0541193045433701	0.464483475976238	745
-0.05801767937361	0.484943359002049	745
0.0551764991331001	0.801738670462514	373
-0.0589933662586399	1.87791242672682	35
0.0152062468193599	1.24523306757073	35
-0.05123132961671	0.885810660848429	35
-0.05572923120859	0.483702386076679	957
-0.05572923120859	0.483702386076679	957
0.07429618475489	1.64977628426691	35
-0.05904286270737	0.481289667170511	408
-0.0667273575026499	0.468296326893888	240
-0.0536181436588601	0.910768344999018	3
-0.0616582425154799	0.492373840580877	3
-0.0616582425154799	0.492373840580877	631
-0.0616582425154799	0.492373840580877	631
-0.05801767937361	0.484943359002049	2626
-0.0568743160102401	0.495883856806621	73
0.0653414092089	1.68078039410419	673
-0.0557725395913999	0.938123011895745	1611
0.0533544900604199	0.798543823637356	58
-0.059497719513	0.494214957169554	849
-0.11891013423942	1.04320319200212	326
-0.0568743160102401	0.495883856806621	1164
-0.06279434677459	0.47788062848249	1265
0.11023515131562	1.16112993494461	1056
0.1024631290105	1.99558163830908	298
-0.0633108456185501	0.464645860438123	2894
0.05809212963156	0.807140083414171	334
-0.05860018948734	0.930835334735118	35
-0.12377967268034	1.0048226077265	240
-0.0535534280094501	0.885153658106795	3
-0.06177354939839	0.4814693304651	3
-0.06063648613741	0.496241204441374	3
-0.06052043613138	0.490388133177384	631
-0.06063648613741	0.496241204441374	1604
-0.059497719513	0.494214957169554	73
-0.06063648613741	0.496241204441374	73
0.0492592952217601	2.08418530204155	27
-0.06063648613741	0.496241204441374	27
0.06342313787237	0.778315916203884	58
-0.05962034724205	0.877908547686789	6283
-0.05904286270737	0.481289667170511	187
-0.0616582425154799	0.492373840580877	187
-0.0644513963175899	0.48021115895097	849
-0.11550601073049	1.08861963142493	2403
0.0190759554748301	1.29145046177666	185
-0.05269795350734	0.897010053406065	185
-0.06063648613741	0.496241204441374	1164
-0.059497719513	0.494214957169554	2894
-0.06243947055198	0.877176409952066	4506
-0.0618295465843	0.481736426029628	32
-0.06177354939839	0.4814693304651	240
-0.059497719513	0.494214957169554	6569
-0.12076371376228	0.995976053135394	673
0.11187068542179	0.990729241453993	187
0.05128984799298	0.768719477013773	187
-0.0728272447009699	1.59364634750073	2403
0.0483305036817101	0.780476174113536	270
-0.1135722259043	0.980451506518308	270
-0.11998663413359	0.975398142855033	347
0.11023515131562	1.16112993494461	35
-0.06063648613741	0.496241204441374	957
0.10748369259225	1.15499562353462	957
-0.06279434677459	0.47788062848249	1006
-0.0583749548711501	0.901498517822088	3
-0.06177354939839	0.4814693304651	3
-0.06063648613741	0.496241204441374	1549
-0.0616582425154799	0.492373840580877	6569
-0.059497719513	0.494214957169554	794
-0.0801978274141499	1.57993356422895	893
-0.11101891692513	1.06545061732556	463
-0.06063648613741	0.496241204441374	1387
-0.0588246983865699	0.901304275456203	342
-0.11237377301473	1.03132490140873	1115
0.0560605228864	0.77675196404921	87
0.10119180011433	1.96819709375197	87
-0.0588246983865699	0.901304275456203	957
-0.0593809227603399	0.474013409533136	957
-0.059497719513	0.494214957169554	957
0.05417681487601	0.818255775519272	35
0.0582373153797899	0.833067250464455	240
-0.0589159815488001	0.914143303603117	240
-0.06063648613741	0.496241204441374	3
-0.06052043613138	0.490388133177384	3
-0.0606843724036299	0.470390640612341	3
-0.06063648613741	0.496241204441374	794
0.01640897507789	1.25266144020824	893
0.10565049046471	1.11545348653939	463
0.10709524541163	1.11879072917046	1387
-0.0566991956673699	0.923723307485463	1164
-0.0589159815488001	0.914143303603117	342
0.01329251671003	1.23048038329036	334
-0.059497719513	0.494214957169554	87
-0.06063648613741	0.496241204441374	35
-0.05675634571362	0.480074557541369	35
-0.0568743160102401	0.495883856806621	957
0.06257320221206	0.722444357297834	32
-0.059497719513	0.494214957169554	240
-0.0606843724036299	0.470390640612341	3
-0.06052043613138	0.490388133177384	3
-0.0530887356812899	0.467823577678091	631
-0.06063648613741	0.496241204441374	3073
-0.06063648613741	0.496241204441374	73
-0.11921828148414	1.03807540390746	27
-0.11092216722181	1.02104344992134	27
-0.0172236131186101	1.89133383275881	58
-0.0568743160102401	0.495883856806621	58
0.0313584308241599	1.16436057142084	4853
0.01747485110617	1.78510575910373	83
0.05227173597449	0.783026833489421	463
-0.0557725395913999	0.938123011895745	897
0.0141883342395399	1.8349692780309	185
-0.10817596077847	1.06425847440415	334
0.10998412078309	1.12261686626038	35
0.05809212963156	0.807140083414171	3
-0.06063648613741	0.496241204441374	3
-0.0568743160102401	0.495883856806621	3
-0.0644513963175899	0.48021115895097	3073
0.04717331212829	0.749720641545597	3767
0.014708919806	1.83962365232908	3013
0.0284105052817201	1.2494115055267	27
0.0389189309622999	2.47456949627619	4319
0.05430753821247	0.779995019724468	463
0.11181721599682	1.10396395538091	210
-0.05414602204599	0.947571526238211	342
0.06461202881759	1.50657506003271	2983
0.0601509585589199	0.795676917498899	35
-0.0568743160102401	0.495883856806621	3042
-0.0610382170719099	0.880644267347502	35
0.05351018089645	0.795689183809482	35
0.0729828117554201	1.68203688306935	35
0.056328617163	0.799655515803619	3
0.05417681487601	0.818255775519272	1549
-0.06559023197746	0.482086560282311	963
-0.05675634571362	0.480074557541369	988
-0.05008100179551	0.93191090480766	988
0.05709166989995	0.775275822590163	3033
0.01404084836285	1.28046826795911	897
-0.059497719513	0.494214957169554	1387
-0.11231997519982	1.08259488332025	298
0.10251574690634	1.07928186218542	35
-0.0579004643040399	0.49202318700838	3196
-0.0593809227603399	0.474013409533136	35
-0.059497719513	0.494214957169554	5373
-0.0616582425154799	0.492373840580877	1836
-0.06063648613741	0.496241204441374	1684
-0.0616582425154799	0.492373840580877	1684
-0.0644513963175899	0.48021115895097	3073
-0.10896607699625	1.01981486014094	58
-0.06063648613741	0.496241204441374	58
-0.0606843724036299	0.470390640612341	463
-0.0541193045433701	0.464483475976238	1387
0.1158489715223	1.11994504979428	185
0.0280425213528299	1.28171583350371	210
0.06448003178871	0.765062254391552	1164
0.0611957252190301	0.778152824659933	342
-0.0602216324145199	0.897687119698517	1265
-0.05827282255445	0.851464316824016	334
-0.0618295465843	0.481736426029628	2983
-0.0616582425154799	0.492373840580877	35
0.0592727256605901	0.82219585210137	3042
-0.05904286270737	0.481289667170511	3042
0.0570768834731701	0.799909031316525	35
-0.0616582425154799	0.492373840580877	240
-0.0579004643040399	0.49202318700838	240
0.0514290905880801	0.765982722400118	240
-0.06177354939839	0.4814693304651	1549
-0.059497719513	0.494214957169554	5585
-0.05801767937361	0.484943359002049	1387
0.0575009489312	0.773923407155499	210
0.01263950702945	1.21064489442129	342
0.01952901834901	1.29690666207169	342
-0.05392091511109	0.94223471350495	342
0.11204613614537	1.10006266028985	361
0.0592727256605901	0.82219585210137	2593
-0.0569236744255099	0.895454433837324	35
-0.059497719513	0.494214957169554	3196
-0.0583572446607701	0.477525655657704	35
-0.06063648613741	0.496241204441374	1159
0.0572105793698401	0.834743156597484	240
0.0502450767999101	0.783537885839418	3
-0.0644513963175899	0.48021115895097	3
-0.06052043613138	0.490388133177384	1549
-0.06063648613741	0.496241204441374	280
-0.0667273575026499	0.468296326893888	963
-0.06052043613138	0.490388133177384	1884
-0.0773705802184601	1.5048837346936	27
0.105509365606	1.12315858878381	548
-0.0289303133602401	1.44080478492865	27
-0.06196115310405	0.879330277718198	5359
-0.11375561865858	1.06741214430783	67
0.0592727256605901	0.82219585210137	342
0.0551764991331001	0.801738670462514	361
-0.0550713449557301	0.94180148871399	361
0.0502450767999101	0.783537885839418	361
-0.0568743160102401	0.495883856806621	334
0.06342313787237	0.778315916203884	317
0.0125066157871701	1.74602142575538	942
-0.0534458595932901	0.913133491220031	35
-0.0593809227603399	0.474013409533136	240
-0.06052043613138	0.490388133177384	3
-0.06177354939839	0.4814693304651	3
-0.06063648613741	0.496241204441374	3
-0.06063648613741	0.496241204441374	3
-0.0616582425154799	0.492373840580877	3
-0.0616582425154799	0.492373840580877	2527
-0.0583572446607701	0.477525655657704	124
-0.06297299241856	0.471523509137131	451
-0.059497719513	0.494214957169554	73
-0.11628636605637	1.06818620323616	27
0.11204613614537	1.10006266028985	2587
-0.02941288385005	1.42743567395178	326
-0.11820107362078	1.03899899754029	1387
-0.05762641019134	0.892159652458077	1387
0.0170100160290201	1.20571501317004	1387
-0.0565826522592701	0.886995061924419	1387
-0.11797673747806	1.05777226444277	1164
-0.06063648613741	0.496241204441374	5877
-0.0576779182904901	0.929291058365461	5877
0.0532901895769999	0.784702727100911	361
0.04936436528172	0.782164195498418	361
-0.0616582425154799	0.492373840580877	298
-0.0616582425154799	0.492373840580877	298
0.0521412742210099	0.806514162297701	1675
0.0613550904407401	0.807151003503648	35
0.1086516545301	1.162799445185	35
-0.0504769820102899	0.884676617801706	3492
-0.0644513963175899	0.48021115895097	3
-0.06052043613138	0.490388133177384	3
0.05302994366099	0.781077927548675	3
-0.06063648613741	0.496241204441374	3
-0.06063648613741	0.496241204441374	4637
-0.0579004643040399	0.49202318700838	280
0.0492123872522101	0.781847457087024	27
-0.0644513963175899	0.48021115895097	58
0.10982165788595	1.09446735622564	58
-0.0541193045433701	0.464483475976238	58
0.0572105793698401	0.834743156597484	326
-0.0667273575026499	0.468296326893888	326
-0.0606843724036299	0.470390640612341	540
-0.0542384651636401	0.467229328036224	185
-0.0681158942206701	1.55945713175359	185
-0.06063648613741	0.496241204441374	1164
-0.06063648613741	0.496241204441374	361
-0.0568743160102401	0.495883856806621	361
-0.06052043613138	0.490388133177384	361
-0.0593809227603399	0.474013409533136	298
0.0540470337289101	0.790235868623946	298
-0.0579004643040399	0.49202318700838	334
-0.10418556577745	1.70212355376121	2593
-0.05572923120859	0.483702386076679	35
-0.0530887356812899	0.467823577678091	75
-0.06279434677459	0.47788062848249	240
0.0551929287270201	0.812976909394855	451
0.0555991892937799	0.768942273133485	497
-0.11567369495828	1.07098959522738	2587
0.0551929287270201	0.812976909394855	795
-0.0565826522592701	0.886995061924419	848
-0.0491576945835299	0.926423254674057	848
0.056328617163	0.799655515803619	185
-0.06063648613741	0.496241204441374	1164
0.0207266798760799	1.25054992949467	1164
0.0777294156513799	1.67231051041132	342
-0.06279434677459	0.47788062848249	361
-0.06177354939839	0.4814693304651	361
-0.05801767937361	0.484943359002049	3429
-0.059497719513	0.494214957169554	334
-0.0450951901291201	0.888650297427448	5387
0.0532901895769999	0.784702727100911	35
-0.06063648613741	0.496241204441374	2348
-0.05675634571362	0.480074557541369	220
-0.0616582425154799	0.492373840580877	1649
-0.0552680630421101	0.463898534109862	280
-0.0583572446607701	0.477525655657704	124
-0.0255344435579301	1.85499918637383	548
-0.0585574187109099	1.9541460938896	187
0.10145168238258	1.8689899758804	58
0.10691254502878	2.04654257977774	326
0.10382646146807	1.99512073225565	83
-0.07214101728461	1.53479622808456	1387
-0.0644513963175899	0.48021115895097	1387
-0.12045408195261	1.04279216042287	1387
-0.11410307195889	1.03890877582514	5877
-0.05698113828588	0.90513184999415	861
0.10250840906564	1.09157869307505	298
0.0613550904407401	0.807151003503648	298
-0.059497719513	0.494214957169554	1204
0.11112806137135	1.10180670040018	35
-0.0579004643040399	0.49202318700838	220
0.04818653525713	0.772855055161654	3
-0.06177354939839	0.4814693304651	220
-0.05675634571362	0.480074557541369	411
0.0611957252190301	0.778152824659933	3
-0.0583572446607701	0.477525655657704	3
-0.06052043613138	0.490388133177384	280
-0.06297299241856	0.471523509137131	451
-0.12138584052204	1.05652158342847	548
-0.1028142451266	0.993531276893419	795
-0.0525218735491699	0.911679674545905	326
-0.10307293096949	1.02914630959509	1387
0.0248775513797199	1.66938587365414	1387
0.05735749803274	0.79819843367282	1484
-0.0610382170719099	0.880644267347502	361
-0.02704993475861	1.44271795538747	861
0.05417681487601	0.818255775519272	1675
0.11061465661828	1.09294434999649	334
0.0570768834731701	0.799909031316525	209
-0.0583572446607701	0.477525655657704	209
-0.06279434677459	0.47788062848249	35
-0.059497719513	0.494214957169554	35
-0.059497719513	0.494214957169554	75
-0.0667273575026499	0.468296326893888	240
-0.0616582425154799	0.492373840580877	548
-0.059497719513	0.494214957169554	58
-0.06177354939839	0.4814693304651	326
0.10812130981182	1.13530809652905	1874
0.0550630221319199	0.791928577934491	342
-0.0542384651636401	0.467229328036224	632
-0.06559023197746	0.482086560282311	632
-0.05572923120859	0.483702386076679	632
-0.059497719513	0.494214957169554	361
-0.06063648613741	0.496241204441374	361
0.056328617163	0.799655515803619	316
-0.06052043613138	0.490388133177384	771
0.05430753821247	0.779995019724468	334
0.0942728973640501	1.82678082959915	87
-0.06063648613741	0.496241204441374	35
-0.0644513963175899	0.48021115895097	35
-0.11040644695602	1.07886192817719	35
0.0230051465241501	1.30756304505107	49
-0.0616582425154799	0.492373840580877	240
-0.06063648613741	0.496241204441374	240
-0.06177354939839	0.4814693304651	220
-0.05146971352686	0.435174186335215	27
0.10093239357792	1.11029192774389	2587
-0.0527699235444601	0.880269430066227	2587
-0.10564725841022	1.04591816116305	58
0.0551929287270201	0.812976909394855	58
-0.06063648613741	0.496241204441374	326
0.05430753821247	0.779995019724468	326
-0.06559023197746	0.482086560282311	3409
-0.0644513963175899	0.48021115895097	3409
-0.04699849848007	1.98580221336932	210
-0.06063648613741	0.496241204441374	4963
-0.05572923120859	0.483702386076679	361
-0.0299069491245001	1.43388622645545	861
-0.11214413239165	1.05075861955108	298
-0.06279434677459	0.47788062848249	4970
0.0582373153797899	0.833067250464455	35
-0.05904286270737	0.481289667170511	49
-0.11249278530892	1.04671588007759	35
-0.0579004643040399	0.49202318700838	75
-0.0644513963175899	0.48021115895097	890
-0.0616582425154799	0.492373840580877	709
-0.06279434677459	0.47788062848249	220
-0.0568743160102401	0.495883856806621	411
-0.07348041988956	1.47356861961483	4703
-0.03540550971573	1.44647489561601	548
-0.03734681447166	1.43776287903901	548
0.0620196480242099	2.05824459758213	187
-0.11994749365149	1.49173861320378	2587
-0.11981599280839	1.07161688302208	58
-0.0616582425154799	0.492373840580877	168
-0.05904286270737	0.481289667170511	4363
0.1049859459328	1.1470405998044	4363
-0.0610382170719099	0.880644267347502	632
0.02767602359162	1.28005921728393	361
0.056328617163	0.799655515803619	298
0.10681866580404	1.12724120891555	334
0.0550630221319199	0.791928577934491	2632
-0.0342820510583799	1.432290555618	35
-0.11885972093326	1.07655575458954	35
0.0674145031052	0.72668500196466	35
-0.0667273575026499	0.468296326893888	240
-0.06052043613138	0.490388133177384	240
0.10745872013729	1.10038269810188	220
-0.0616582425154799	0.492373840580877	411
-0.0568743160102401	0.495883856806621	866
-0.0583572446607701	0.477525655657704	124
0.10127797497685	1.97923172881356	548
0.0161135005080899	1.77462046720444	548
-0.12282074538436	1.00913265293922	326
-0.12137981839501	1.02935167657396	326
-0.0633108456185501	0.464645860438123	185
0.0208483300514499	1.30080804147551	342
-0.05801767937361	0.484943359002049	342
-0.0617387135672201	0.903247106831305	361
-0.12424150248725	0.910252827839424	861
0.05144520016315	0.790035584511304	4970
-0.0595230362863	0.925253579314697	298
0.0767677807707201	1.6764251587056	317
-0.0645777036278901	0.834571581826591	35
-0.0583572446607701	0.477525655657704	35
0.10434316023762	1.12462170153756	35
0.05315959470591	0.816442546773927	35
-0.06279434677459	0.47788062848249	35
0.05302994366099	0.781077927548675	240
-0.06559023197746	0.482086560282311	85
-0.0583572446607701	0.477525655657704	981
-0.05904286270737	0.481289667170511	124
0.0131467216346599	1.72152182276856	548
0.0572105793698401	0.834743156597484	83
0.0167657362750999	1.25870517998737	342
0.06638307685273	0.742316619573786	342
-0.0503076435371499	0.896591158760689	361
0.0592727256605901	0.82219585210137	298
0.0653506207102801	0.74306561837234	861
-0.0788383748263299	1.60760001977516	87
0.00918337880576003	1.72344685799485	1230
0.10815096957165	1.11135430803826	35
-0.0552955267377899	0.894570528869486	35
0.0551929287270201	0.812976909394855	35
0.0636090371732401	0.737000393147045	35
-0.06052043613138	0.490388133177384	220
-0.0579004643040399	0.49202318700838	220
-0.059497719513	0.494214957169554	411
-0.0616582425154799	0.492373840580877	3
-0.06063648613741	0.496241204441374	326
0.0170100160290201	1.20571501317004	326
-0.06279434677459	0.47788062848249	185
0.10709524541163	1.11879072917046	185
-0.0546208256780201	0.903492626650264	2640
-0.06559023197746	0.482086560282311	316
-0.10719028788845	1.6089621742914	1
-0.05801767937361	0.484943359002049	348
-0.06063648613741	0.496241204441374	348
-0.059497719513	0.494214957169554	240
-0.0644513963175899	0.48021115895097	572
-0.05801767937361	0.484943359002049	572
0.0550630221319199	0.791928577934491	411
-0.06063648613741	0.496241204441374	411
-0.0616582425154799	0.492373840580877	411
-0.06297299241856	0.471523509137131	6193
-0.06279434677459	0.47788062848249	451
-0.0534458595932901	0.913133491220031	548
-0.0589159815488001	0.914143303603117	795
0.05531089448754	0.792558984587613	1972
-0.0541193045433701	0.464483475976238	83
0.056328617163	0.799655515803619	185
0.0570768834731701	0.799909031316525	2640
0.11245666601048	1.1548112201242	2640
0.10748369259225	1.15499562353462	298
-0.1126434147524	1.06186434373416	316
0.1086516545301	1.162799445185	317
0.0592727256605901	0.82219585210137	35
-0.12186079594301	1.00761851442038	1199
-0.06559023197746	0.482086560282311	35
-0.06559023197746	0.482086560282311	233
-0.06063648613741	0.496241204441374	124
-0.0582118804921601	0.917638019544922	548
0.0570768834731701	0.799909031316525	795
-0.1176734767028	1.04624473819758	58
-0.05801767937361	0.484943359002049	1972
-0.0579004643040399	0.49202318700838	1972
0.05227173597449	0.783026833489421	83
0.0572105793698401	0.834743156597484	1550
-0.0616582425154799	0.492373840580877	342
-0.0606843724036299	0.470390640612341	342
0.05351018089645	0.795689183809482	1386
0.0514290905880801	0.765982722400118	1583
-0.05904286270737	0.481289667170511	316
-0.0568743160102401	0.495883856806621	316
0.01404084836285	1.28046826795911	1199
-0.0644513963175899	0.48021115895097	35
-0.059497719513	0.494214957169554	35
0.0483305036817101	0.780476174113536	220
-0.06052043613138	0.490388133177384	3111
-0.11550601073049	1.08861963142493	548
-0.05636011767244	0.914592758317666	795
-0.06063648613741	0.496241204441374	1561
-0.05675634571362	0.480074557541369	326
0.10156628320736	1.05231209441021	326
-0.0568743160102401	0.495883856806621	23
-0.0616582425154799	0.492373840580877	23
-0.12045408195261	1.04279216042287	1386
-0.059497719513	0.494214957169554	859
-0.059497719513	0.494214957169554	316
-0.00114073344062993	1.86939586563409	35
-0.06063648613741	0.496241204441374	35
-0.0546208256780201	0.903492626650264	27
-0.0583572446607701	0.477525655657704	326
-0.0503076435371499	0.896591158760689	83
-0.05801767937361	0.484943359002049	23
-0.05392091511109	0.94223471350495	2640
0.0532901895769999	0.784702727100911	342
0.0224085488677399	1.27785405705622	342
-0.0583572446607701	0.477525655657704	1386
-0.059497719513	0.494214957169554	317
-0.06052043613138	0.490388133177384	35
-0.05904286270737	0.481289667170511	35
-0.06279434677459	0.47788062848249	35
-0.10414254546249	1.69005253665757	35
-0.06063648613741	0.496241204441374	572
-0.0478623813226899	0.892049933023099	326
0.10773391652068	1.16093427511844	83
-0.0344228164425	1.43730803987186	2560
0.11520730069488	1.12031740389888	1522
0.05417681487601	0.818255775519272	185
-0.0812676100055201	1.59612087856291	342
0.0177500261783401	1.27354987961084	1386
0.056328617163	0.799655515803619	35
0.0540470337289101	0.790235868623946	35
-0.06063648613741	0.496241204441374	1816
-0.05675634571362	0.480074557541369	35
-0.05904286270737	0.481289667170511	220
-0.05382368805837	2.0290268127296	27
-0.11532748512475	1.07013036306803	326
0.02923965619632	1.73229840714447	83
0.11426951291474	1.0716458999733	83
-0.0579004643040399	0.49202318700838	2560
-0.0375408568170801	1.39712375901817	185
-0.05919523792366	0.454981857050048	185
-0.12168587841107	1.00193126269241	210
-0.06063648613741	0.496241204441374	361
0.11220426770725	1.10484526348279	1386
-0.10852170976384	1.05083038896795	298
0.11059461074678	1.07042740961137	859
0.0572105793698401	0.834743156597484	2684
-0.05414602204599	0.947571526238211	2684
-0.06279434677459	0.47788062848249	40
-0.0575080438660101	0.885683135326614	175
-0.06052043613138	0.490388133177384	87
0.05417681487601	0.818255775519272	87
0.0224064124096901	1.29051783634759	1004
-0.05414602204599	0.947571526238211	1004
0.05438529682761	0.797094245861736	926
-0.0522970753186201	0.937033479589718	35
0.05735749803274	0.79819843367282	35
0.0540470337289101	0.790235868623946	220
-0.06177354939839	0.4814693304651	85
-0.059497719513	0.494214957169554	233
-0.06063648613741	0.496241204441374	233
-0.0579004643040399	0.49202318700838	3945
-0.06559023197746	0.482086560282311	751
0.02721499392132	2.10931703543914	83
-0.0598434617828501	0.906569864611512	118
-0.0572857210901101	0.919036142009243	4295
0.11220426770725	1.10484526348279	23
-0.0686919296808599	1.81545194225424	1
0.11087498084161	1.14331531411492	35
0.0551929287270201	0.812976909394855	35
-0.0617387135672201	0.903247106831305	1013
-0.0589159815488001	0.914143303603117	763
-0.05572923120859	0.483702386076679	233
-0.0542384651636401	0.467229328036224	233
-0.0593809227603399	0.474013409533136	102
0.10406955780155	1.14520192114084	614
0.0189256789269801	1.19596580688131	795
0.0245646601010301	1.29591030761521	326
-0.11667494743985	2.18957819223158	83
-0.11136371903253	1.0845510331437	118
0.0643171403242999	0.728249921916184	4295
-0.0549968095186899	1.97263851251907	3950
0.10223673167184	1.11504925200346	40
-0.05554712878698	0.904899933753171	35
-0.0543704116858399	0.907843188053031	35
0.05315959470591	0.816442546773927	35
-0.0583572446607701	0.477525655657704	35
-0.06077149118462	0.891478625847695	220
-0.0530887356812899	0.467823577678091	411
-0.0616582425154799	0.492373840580877	404
-0.0593809227603399	0.474013409533136	3945
-0.06279434677459	0.47788062848249	3945
0.06016034889532	0.758660536413917	605
0.01565157968338	1.83918633589358	795
0.0956320816087199	2.00627852679638	168
0.05302994366099	0.781077927548675	4295
0.0070011680855	1.13957489805916	365
0.12081478044748	2.3181360128237	3950
-0.0582118804921601	0.917638019544922	1386
0.10956937960495	1.15668374513788	1004
0.10931801144484	1.16730736985013	1425
-0.0568743160102401	0.495883856806621	220
-0.06279434677459	0.47788062848249	220
-0.0542384651636401	0.467229328036224	220
-0.0616582425154799	0.492373840580877	3239
-0.06063648613741	0.496241204441374	102
-0.059497719513	0.494214957169554	102
0.06210918964544	1.97437796109951	27
-0.05392091511109	0.94223471350495	5276
-0.06063648613741	0.496241204441374	185
-0.06063648613741	0.496241204441374	1443
-0.03815903479589	1.38298214931287	342
-0.03226244478295	1.45042488019241	1386
-0.03177786808223	1.35588077496614	316
0.0550630221319199	0.791928577934491	1
0.01967415290269	1.29485717638205	1
-0.11197653882545	1.07095100482302	1425
0.11204613614537	1.10006266028985	35
-0.0616582425154799	0.492373840580877	35
-0.05904286270737	0.481289667170511	35
-0.06052043613138	0.490388133177384	85
-0.0579004643040399	0.49202318700838	85
-0.0593809227603399	0.474013409533136	4039
0.05430753821247	0.779995019724468	5276
0.0572105793698401	0.834743156597484	35
0.0604796737503901	0.775008303988958	35
-0.06279434677459	0.47788062848249	1332
-0.05801767937361	0.484943359002049	1013
0.0582373153797899	0.833067250464455	220
-0.06559023197746	0.482086560282311	411
-0.06063648613741	0.496241204441374	404
0.05531089448754	0.792558984587613	233
-0.06063648613741	0.496241204441374	751
0.10706672658094	1.11100248716861	365
0.05809212963156	0.807140083414171	1386
0.0231478629680799	1.27362222365089	2027
-0.11153303863385	1.05344284186568	175
-0.0260810220527301	1.42286789177874	1
0.0582373153797899	0.833067250464455	1
-0.0593809227603399	0.474013409533136	1
-0.0582118804921601	0.917638019544922	35
-0.05146971352686	0.435174186335215	35
0.05809212963156	0.807140083414171	35
0.05544011731145	0.751130639606141	1332
0.0604796737503901	0.775008303988958	411
0.05315959470591	0.816442546773927	1013
-0.06052043613138	0.490388133177384	5843
-0.0939486573531001	2.16276663585834	614
0.10995349630372	1.12275632718197	118
0.0264818687400199	1.27242157954712	4295
-0.11736016584178	1.07108933302212	342
0.10903741590738	1.13339369968787	175
0.05619409578552	0.826891165505306	35
-0.05414602204599	0.947571526238211	75
0.00805224481387001	1.18492393258398	1013
-0.06063648613741	0.496241204441374	3537
-0.05801767937361	0.484943359002049	102
-0.06297299241856	0.471523509137131	751
0.12035112806697	2.32704601272624	614
0.0365670084277201	2.48259605335617	937
-0.11891013423942	1.04320319200212	83
-0.0556868595134099	0.879715024705756	1
-0.12045408195261	1.04279216042287	35
0.0251626232172699	1.24545211168476	35
-0.05392091511109	0.94223471350495	35
-0.05599723010918	0.927282037201194	35
-0.0616582425154799	0.492373840580877	35
-0.0561368663748001	0.900788573915677	247
0.0521412742210099	0.806514162297701	411
-0.059497719513	0.494214957169554	85
-0.0644513963175899	0.48021115895097	102
-0.06279434677459	0.47788062848249	102
0.04468738184659	2.44381747914616	5560
-0.0529250999145601	0.887906962352898	161
-0.0593809227603399	0.474013409533136	83
-0.0610382170719099	0.880644267347502	2
-0.0690632639031199	1.55905584574278	342
-0.06052043613138	0.490388133177384	35
-0.059497719513	0.494214957169554	411
-0.0608155681591001	0.898996858045327	1013
-0.0319888256855401	1.7751777462135	139
0.11429044404784	1.14172275863387	23
0.0572105793698401	0.834743156597484	1656
-0.06177354939839	0.4814693304651	1656
-0.06063648613741	0.496241204441374	345
0.0512767676389001	0.778844934092876	1004
-0.10087916987307	1.62122775442745	1004
0.0582373153797899	0.833067250464455	35
-0.05675634571362	0.480074557541369	3170
-0.0568743160102401	0.495883856806621	220
0.05709166989995	0.775275822590163	1319
-0.11455647908377	1.08666608103086	1319
-0.0667273575026499	0.468296326893888	85
-0.05801767937361	0.484943359002049	102
0.05944295917786	0.771333278731915	102
-0.05904286270737	0.481289667170511	102
0.06864488714337	0.7206284922124	102
0.05620793023729	0.800105690010203	751
-0.06063648613741	0.496241204441374	2
-0.06063648613741	0.496241204441374	1169
0.10748369259225	1.15499562353462	345
-0.0616582425154799	0.492373840580877	1004
-0.0593809227603399	0.474013409533136	1252
-0.05572923120859	0.483702386076679	34
0.10704609996381	1.96460753018197	35
0.0521412742210099	0.806514162297701	35
-0.06177354939839	0.4814693304651	35
0.0545670788433501	0.749882555232416	75
-0.06052043613138	0.490388133177384	3170
-0.0589159815488001	0.914143303603117	411
-0.11710416048985	0.980839285684297	102
0.0160748349928701	1.82511065592707	614
0.02563424049648	1.76350890946572	161
-0.06177354939839	0.4814693304651	83
0.0216846790632499	1.27717659065278	4245
-0.059497719513	0.494214957169554	83
-0.0482349684361101	0.912122269872628	40
-0.0667273575026499	0.468296326893888	1004
-0.05008100179551	0.93191090480766	35
-0.06177354939839	0.4814693304651	35
0.02264367445919	1.29245374434395	35
-0.033310788473	1.42551587551033	411
-0.06052043613138	0.490388133177384	247
-0.06052043613138	0.490388133177384	411
-0.06052043613138	0.490388133177384	1319
0.05315959470591	0.816442546773927	1319
0.05809212963156	0.807140083414171	102
0.0551764991331001	0.801738670462514	102
-0.0667273575026499	0.468296326893888	102
0.0199395750642599	2.15279857541035	392
0.0796361670133101	2.32542262217156	326
-0.0579890535307399	0.915536982755399	118
0.02264367445919	1.29245374434395	83
0.0188530346167299	2.18569670356584	4245
-0.11912973286885	1.03384969323687	448
-0.0617387135672201	0.903247106831305	1169
-0.05453892530747	0.916026297147207	40
-0.04083833555045	1.36672351540756	712
-0.11567369495828	1.07098959522738	35
-0.05484644504348	0.943849821194801	411
-0.0600658550298201	0.894793494020535	411
0.05430753821247	0.779995019724468	411
0.05809212963156	0.807140083414171	411
-0.0523190979128101	0.877804877821534	1319
0.0591167155802399	0.805629943872835	85
-0.06559023197746	0.482086560282311	102
-0.059497719513	0.494214957169554	102
0.0118834590310699	1.78359741891844	392
-0.0985741525965	0.947074069050403	2
-0.01913544381606	1.91923769901585	139
-0.11237377301473	1.03132490140873	23
0.05805796238995	1.52587210165665	23
0.0456899955805099	2.06814828135864	1169
0.02040215386323	1.78506133415605	1
-0.09265800517713	1.59336196879559	1004
-0.07653304659861	1.57644000260443	34
0.0572105793698401	0.834743156597484	1255
0.05247819558145	0.797130322649216	35
-0.0592241369437101	0.847130389903266	6405
-0.05904286270737	0.481289667170511	411
0.06255007059628	0.748998793856226	411
-0.059497719513	0.494214957169554	1319
-0.0616582425154799	0.492373840580877	102
-0.06063648613741	0.496241204441374	112
-0.0484620010672201	0.89404392051701	751
-0.08806056067553	1.62014681707924	118
-0.12351063358336	1.83122728846574	448
0.04936436528172	0.782164195498418	1537
-0.0388791679953899	1.39653206507822	23
-0.10368261732087	1.01729937490115	2171
-0.0644513963175899	0.48021115895097	411
-0.05904286270737	0.481289667170511	1319
0.05227173597449	0.783026833489421	1319
-0.06279434677459	0.47788062848249	102
0.0655136657025499	0.764230201963185	102
-0.059497719513	0.494214957169554	102
-0.06052043613138	0.490388133177384	102
-0.06279434677459	0.47788062848249	102
-0.11231997519982	1.08259488332025	326
-0.03322891986743	1.76026093039544	161
-0.0570005556689801	1.98012761393065	118
-0.11820107362078	1.03899899754029	175
0.10501259903969	1.08358214723045	1
-0.0595230362863	0.925253579314697	1
-0.0616582425154799	0.492373840580877	411
0.01656279801954	1.29421387024379	411
-0.059497719513	0.494214957169554	102
-0.05675634571362	0.480074557541369	102
-0.0568743160102401	0.495883856806621	102
-0.0633108456185501	0.464645860438123	836
-0.11643337020792	1.08363651938792	836
0.0521412742210099	0.806514162297701	83
0.0133495244815001	2.14906111420645	23
-0.11340666077454	1.0514912705261	139
0.04936436528172	0.782164195498418	23
-0.0299069491245001	1.43388622645545	23
-0.11952777979711	1.04974449363578	1
0.0623896220329201	0.800670855844171	1004
-0.11101891692513	1.06545061732556	1004
-0.0235053830599099	1.39346725407499	35
0.10815096957165	1.11135430803826	75
-0.0617387135672201	0.903247106831305	411
0.02048786239247	1.29813678128894	1319
-0.06063648613741	0.496241204441374	102
-0.06559023197746	0.482086560282311	112
-0.059497719513	0.494214957169554	836
0.0156013742919601	1.2929510089491	1142
-0.0812676100055201	1.59612087856291	1142
0.1086516545301	1.162799445185	2
-0.12426188100086	1.80853841162333	298
-0.05392091511109	0.94223471350495	411
-0.06052043613138	0.490388133177384	411
0.10748369259225	1.15499562353462	359
-0.05392091511109	0.94223471350495	359
0.06031954869066	0.803126574946966	102
-0.06559023197746	0.482086560282311	102
0.05735749803274	0.79819843367282	102
-0.0484620010672201	0.89404392051701	102
-0.0556578173492699	0.882969390899142	5626
-0.0530887356812899	0.467823577678091	3150
0.05531089448754	0.792558984587613	83
0.02048786239247	1.29813678128894	1537
-0.10983992343465	1.59086544726557	23
-0.0373760930906699	1.67667113041874	1977
-0.06063648613741	0.496241204441374	291
-0.02705473167787	1.405481224584	87
0.11365024484865	1.04195390943585	1004
0.1086516545301	1.162799445185	35
0.0744934858164901	1.66033740576836	35
-0.07842441557333	1.59569035248959	35
0.10093239357792	1.11029192774389	35
-0.06052043613138	0.490388133177384	411
0.11087498084161	1.14331531411492	102
0.10681616686465	1.15057815872485	102
-0.06052043613138	0.490388133177384	671
-0.0568743160102401	0.495883856806621	102
0.0462880218870401	0.748449176525628	795
0.01884218452972	2.15383729100651	4941
-0.1002678000695	2.13917067935049	326
-0.0542384651636401	0.467229328036224	161
0.0570768834731701	0.799909031316525	3150
-0.0616582425154799	0.492373840580877	83
-0.06052043613138	0.490388133177384	2
0.11217080635484	1.10598250916915	2
0.02264367445919	1.29245374434395	139
-0.11136371903253	1.0845510331437	298
-0.06279434677459	0.47788062848249	40
-0.03971114506095	1.39421017109899	1
0.10459142097559	1.12511545857684	87
0.1086516545301	1.162799445185	1
-0.0593809227603399	0.474013409533136	3532
0.06031954869066	0.803126574946966	712
-0.06063648613741	0.496241204441374	1004
0.05619409578552	0.826891165505306	1004
-0.06052043613138	0.490388133177384	1004
-0.0557725395913999	0.938123011895745	35
0.0594296545514501	0.764543302626751	35
-0.0618295465843	0.481736426029628	411
-0.06063648613741	0.496241204441374	2098
0.0582373153797899	0.833067250464455	359
-0.05008100179551	0.93191090480766	102
-0.0568743160102401	0.495883856806621	102
0.05351018089645	0.795689183809482	5626
-0.0606843724036299	0.470390640612341	1561
0.0582373153797899	0.833067250464455	2638
0.0623896220329201	0.800670855844171	3150
-0.06177354939839	0.4814693304651	1915
-0.05801767937361	0.484943359002049	2
-0.11694412243509	1.06613198625175	139
-0.10599166634718	2.21627479678681	65
0.0572105793698401	0.834743156597484	298
-0.0582118804921601	0.917638019544922	40
-0.0579004643040399	0.49202318700838	291
-0.06052043613138	0.490388133177384	291
-0.03155081581441	1.8162061019314	1
-0.05414602204599	0.947571526238211	411
-0.05675634571362	0.480074557541369	411
-0.06052043613138	0.490388133177384	411
-0.11550601073049	1.08861963142493	411
0.10526052876897	1.12933430140121	411
-0.0616582425154799	0.492373840580877	795
0.0225510209344799	1.2277499788299	1561
-0.0712771148865801	1.59891145649927	1142
-0.059497719513	0.494214957169554	83
-0.0568743160102401	0.495883856806621	5813
0.0262499671935501	1.24503584686094	1977
-0.12492625759352	1.76551295421827	3612
-0.06063648613741	0.496241204441374	1196
0.10459142097559	1.12511545857684	1
-0.06054859620235	0.871017347420199	34
-0.0556578173492699	0.882969390899142	582
0.05144520016315	0.790035584511304	1660
0.10748369259225	1.15499562353462	359
-0.0547656860205701	0.890389393566842	359
0.0551929287270201	0.812976909394855	671
-0.06052043613138	0.490388133177384	2529
-0.0579004643040399	0.49202318700838	3150
-0.0520056936211399	0.875031071665684	2
-0.11517050634554	1.07293846681634	23
-0.059497719513	0.494214957169554	298
0.11283035017921	1.07732088497609	1196
-0.06052043613138	0.490388133177384	1
-0.0568743160102401	0.495883856806621	1004
-0.02970288883266	1.35921271802811	35
-0.10418556577745	1.70212355376121	3866
-0.0598434617828501	0.906569864611512	1342
-0.0589159815488001	0.914143303603117	411
0.0582373153797899	0.833067250464455	411
-0.059497719513	0.494214957169554	2098
-0.05572923120859	0.483702386076679	359
0.05201175791706	0.757471405510824	102
0.0592727256605901	0.82219585210137	112
0.0483305036817101	0.780476174113536	1524
0.04606564566658	2.10098187675432	1142
-0.0616582425154799	0.492373840580877	83
-0.0409419175478201	1.36220765518168	139
-0.11736016584178	1.07108933302212	1977
-0.05170238781028	0.925757738005374	3350
0.10998412078309	1.12261686626038	6900
0.0492123872522101	0.781847457087024	1004
0.10684616645012	1.08615141846386	1004
-0.0557725395913999	0.938123011895745	1004
0.0241139061694899	1.266749894679	34
0.02384064063669	1.77110786735791	35
0.09976761733712	1.06580253429833	35
-0.0372751033593399	1.44877994231498	6615
0.05620793023729	0.800105690010203	4738
-0.11736016584178	1.07108933302212	870
-0.05919523792366	0.454981857050048	112
0.05302994366099	0.781077927548675	1561
0.0550630221319199	0.791928577934491	2638
-0.0568743160102401	0.495883856806621	161
-0.06279434677459	0.47788062848249	3428
-0.0406083507666799	1.4522905105175	23
0.05735749803274	0.79819843367282	2
-0.06177354939839	0.4814693304651	298
-0.0618295465843	0.481736426029628	1196
-0.11489063387922	1.08145651698971	1
0.0560605228864	0.77675196404921	1004
-0.0583572446607701	0.477525655657704	1004
0.06342313787237	0.778315916203884	1004
-0.0453242419828901	0.869156700164929	35
-0.05572923120859	0.483702386076679	2695
0.10039858757999	1.05581695387723	582
-0.0593809227603399	0.474013409533136	1326
-0.0579026301726699	0.90654892903118	1342
-0.05860018948734	0.930835334735118	652
-0.06052043613138	0.490388133177384	4451
0.05619409578552	0.826891165505306	996
-0.06052043613138	0.490388133177384	515
0.0550630221319199	0.791928577934491	1561
0.05531089448754	0.792558984587613	161
-0.0644513963175899	0.48021115895097	3150
-0.06052043613138	0.490388133177384	6896
-0.11388873554686	1.05924652695917	23
0.0570768834731701	0.799909031316525	432
-0.05904286270737	0.481289667170511	291
-0.11410307195889	1.03890877582514	1
0.0455085032225	0.735204475349366	1
0.0252944692586801	1.25769497076345	35
-0.06052043613138	0.490388133177384	2695
-0.059497719513	0.494214957169554	4122
-0.06063648613741	0.496241204441374	1418
0.10956937960495	1.15668374513788	582
-0.0661954727940901	0.837711428920373	1326
-0.0595230362863	0.925253579314697	1342
-0.0644513963175899	0.48021115895097	652
-0.05801767937361	0.484943359002049	80
-0.06279434677459	0.47788062848249	4451
0.11217080635484	1.10598250916915	996
-0.05572923120859	0.483702386076679	1446
-0.0217650264195499	1.9267627701065	23
-0.0507777272693699	0.928363970169061	211
-0.0583572446607701	0.477525655657704	291
0.10931801144484	1.16730736985013	1
-0.05904286270737	0.481289667170511	1004
-0.0616582425154799	0.492373840580877	2695
0.0591167155802399	0.805629943872835	1326
0.06342313787237	0.778315916203884	411
-0.0295584824505699	1.42152089723282	411
0.0179707646153799	1.29677511544725	359
-0.0579004643040399	0.49202318700838	1745
-0.06052043613138	0.490388133177384	102
0.05430753821247	0.779995019724468	112
0.0611841972679501	0.77123021804996	4451
-0.11327521709148	1.07252385669055	1561
-0.0673572149250801	1.78319778179544	161
0.0233703944324399	1.25577060158987	161
0.05735749803274	0.79819843367282	114
-0.0568743160102401	0.495883856806621	1524
-0.059497719513	0.494214957169554	2062
0.02264367445919	1.29245374434395	211
-0.06279434677459	0.47788062848249	1004
0.11651037501507	1.12402113995597	1004
0.11337356537987	1.15278986786289	34
-0.0606843724036299	0.470390640612341	1326
-0.059497719513	0.494214957169554	411
-0.11885972093326	1.07655575458954	441
0.0591167155802399	0.805629943872835	627
-0.10396661451661	2.13060188801121	392
-0.06279434677459	0.47788062848249	114
-0.06063648613741	0.496241204441374	1446
0.0502450767999101	0.783537885839418	2
-0.0460169975322999	0.899107574709868	139
0.11023515131562	1.16112993494461	1594
-0.10817596077847	1.06425847440415	1594
-0.06891784273938	1.52829958228168	1594
-0.06279434677459	0.47788062848249	1122
0.0492123872522101	0.781847457087024	1
-0.0644513963175899	0.48021115895097	1
-0.06063648613741	0.496241204441374	1
-0.06279434677459	0.47788062848249	991
-0.06177354939839	0.4814693304651	991
-0.0579004643040399	0.49202318700838	928
0.02479265701851	1.24234560156787	411
0.0192882091472599	1.2901599470966	359
-0.06279434677459	0.47788062848249	4855
-0.0510048869351101	0.929289822330005	102
-0.06052043613138	0.490388133177384	627
-0.0568743160102401	0.495883856806621	515
-0.06063648613741	0.496241204441374	795
-0.06196115310405	0.879330277718198	1561
0.0224132418274501	1.22211578896851	161
-0.1190268325126	0.983540548682195	161
0.10025504219843	1.96927744589214	392
-0.06063648613741	0.496241204441374	1524
-0.0667273575026499	0.468296326893888	114
0.05619409578552	0.826891165505306	496
0.02108546809488	1.28592442929199	432
-0.0630581048872201	0.860828321290556	1
0.0572105793698401	0.834743156597484	1
0.05944295917786	0.771333278731915	1004
0.05727240124322	2.05876572749177	35
-0.1091006178633	1.03020058587086	582
-0.0579004643040399	0.49202318700838	918
0.10998412078309	1.12261686626038	469
0.0674048756897601	1.60874581252467	1342
-0.05572923120859	0.483702386076679	411
-0.06279434677459	0.47788062848249	4855
0.05532377586147	0.768431001165015	112
-0.0552680630421101	0.463898534109862	515
-0.11736016584178	1.07108933302212	161
0.0615153794208301	0.76919911966243	392
-0.0568743160102401	0.495883856806621	114
-0.0568743160102401	0.495883856806621	1142
-0.059497719513	0.494214957169554	1142
-0.0568743160102401	0.495883856806621	3430
-0.11952777979711	1.04974449363578	23
0.11718355755421	2.27578607168816	804
0.11153011620871	1.07368204360779	65
-0.05675634571362	0.480074557541369	991
0.0601509585589199	0.795676917498899	991
0.0261165840728801	1.2865749431896	1004
0.0582373153797899	0.833067250464455	1004
-0.11704945072344	1.06996139490653	35
-0.0570626807847401	0.911139436427073	2440
-0.05904286270737	0.481289667170511	1418
0.10367347048948	1.12043484864481	421
0.0653506207102801	0.74306561837234	161
-0.059497719513	0.494214957169554	3430
0.07682740928045	1.62924826995259	825
0.0550630221319199	0.791928577934491	211
-0.059497719513	0.494214957169554	211
-0.0532212644682	0.945933692594188	34
-0.0552330056653201	0.889302931654914	1342
-0.0491576945835299	0.926423254674057	1342
-0.06063648613741	0.496241204441374	1342
-0.06063648613741	0.496241204441374	411
0.0550630221319199	0.791928577934491	996
-0.0568743160102401	0.495883856806621	114
0.0532901895769999	0.784702727100911	2042
-0.11798375534155	1.0442676163903	2
0.01380690238583	1.23482532111639	23
-0.059497719513	0.494214957169554	1594
-0.03191877027042	1.46042030616506	1
-0.0579004643040399	0.49202318700838	1
0.0668236041933301	1.58642166584417	1
0.05302994366099	0.781077927548675	1
0.11090067603576	1.11705358199858	35
-0.0616582425154799	0.492373840580877	152
0.0642957968520299	0.755318559305981	550
-0.05801767937361	0.484943359002049	1418
-0.05572923120859	0.483702386076679	4855
0.12418999610519	1.86667194420771	681
0.0216846790632499	1.27717659065278	161
-0.11663120481932	1.06110157195467	161
0.0572105793698401	0.834743156597484	447
0.0611957252190301	0.778152824659933	2042
0.0492123872522101	0.781847457087024	2042
-0.11517050634554	1.07293846681634	804
-0.10539685721519	1.71558639646887	211
-0.0532212644682	0.945933692594188	1594
-0.0543704116858399	0.907843188053031	298
-0.11885972093326	1.07655575458954	1
0.05531089448754	0.792558984587613	288
0.05429206010407	0.769865123208336	2440
-0.0589159815488001	0.914143303603117	4986
-0.0633108456185501	0.464645860438123	928
-0.0616582425154799	0.492373840580877	652
-0.0616582425154799	0.492373840580877	652
-0.06559023197746	0.482086560282311	652
-0.0616582425154799	0.492373840580877	996
-0.06052043613138	0.490388133177384	996
0.11403691272268	1.10961868546429	392
-0.0667273575026499	0.468296326893888	250
-0.0406083507666799	1.4522905105175	2
0.0954361734031199	1.0132088807718	432
-0.0503076435371499	0.896591158760689	139
0.0572105793698401	0.834743156597484	1
0.0502450767999101	0.783537885839418	1
-0.06177354939839	0.4814693304651	1122
0.0201288675325	1.24605848159405	1004
-0.0595230362863	0.925253579314697	35
-0.0605921941129799	0.863946346255176	121
0.05247819558145	0.797130322649216	411
0.05417681487601	0.818255775519272	102
-0.0616582425154799	0.492373840580877	102
-0.0579004643040399	0.49202318700838	1812
-0.0579004643040399	0.49202318700838	996
-0.05572923120859	0.483702386076679	996
0.05351018089645	0.795689183809482	996
-0.11742383962632	0.969997519230219	447
0.0550630221319199	0.791928577934491	432
0.01500161761903	1.28953056100348	23
0.10956937960495	1.15668374513788	211
-0.0792512928214499	1.58733824353653	1
0.02923555964308	1.22497915400065	1
0.0163268882608301	1.23738036547571	1004
0.1171332503746	1.05304711951311	1004
0.0572105793698401	0.834743156597484	35
0.0503972294267401	0.777490465282938	5222
-0.06279434677459	0.47788062848249	1347
0.0532901895769999	0.784702727100911	411
-0.0579004643040399	0.49202318700838	359
-0.05139865658831	0.885794899771119	102
-0.0542384651636401	0.467229328036224	1812
-0.0616582425154799	0.492373840580877	1812
0.0564710452019599	0.770249162234433	627
-0.06063648613741	0.496241204441374	996
-0.08539397989315	1.51659084558233	681
-0.0576779182904901	0.929291058365461	1146
-0.05675622581839	0.920757194893836	1146
-0.03824847748726	1.43482586487036	1146
0.02781216736614	1.2459877758091	161
0.0326919988334999	1.20506353005004	250
-0.11920197706466	1.03746578119205	250
-0.11057227147644	1.05179866981748	2042
-0.0691794610001599	1.59060332694535	227
0.07993262658	1.61859404267495	2
-0.0525218735491699	0.911679674545905	432
-0.0550713449557301	0.94180148871399	139
0.05417681487601	0.818255775519272	1
-0.059497719513	0.494214957169554	1004
-0.06052043613138	0.490388133177384	5222
-0.0568743160102401	0.495883856806621	5222
-0.05572923120859	0.483702386076679	102
0.05709166989995	0.775275822590163	627
-0.05043567218489	0.438011233059131	55
-0.059497719513	0.494214957169554	11
-0.0579004643040399	0.49202318700838	996
-0.11947361078498	1.07370359467212	421
-0.08482431941028	2.14886530807855	2042
-0.0568743160102401	0.495883856806621	227
-0.06279434677459	0.47788062848249	645
-0.06063648613741	0.496241204441374	1016
-0.10749270585539	2.1824808484381	1016
-0.0591385928217401	0.91000646137514	102
-0.0520056936211399	0.875031071665684	102
-0.05572923120859	0.483702386076679	80
-0.06063648613741	0.496241204441374	55
-0.05801767937361	0.484943359002049	55
-0.0633108456185501	0.464645860438123	55
-0.05269795350734	0.897010053406065	681
-0.11736016584178	1.07108933302212	1146
0.10565049046471	1.11545348653939	250
-0.03484368727473	1.45058453263079	227
-0.11674380720213	1.06420930573076	3664
0.05735749803274	0.79819843367282	427
-0.05904286270737	0.481289667170511	804
-0.0570626807847401	0.911139436427073	211
0.0550630221319199	0.791928577934491	1
-0.05008100179551	0.93191090480766	1
-0.06559023197746	0.482086560282311	589
-0.10150207071866	1.00727938212664	1016
-0.06052043613138	0.490388133177384	152
-0.06052043613138	0.490388133177384	121
-0.0568743160102401	0.495883856806621	411
-0.05801767937361	0.484943359002049	411
-0.0667273575026499	0.468296326893888	1812
-0.059497719513	0.494214957169554	80
-0.059497719513	0.494214957169554	2009
-0.059497719513	0.494214957169554	11
-0.059497719513	0.494214957169554	55
0.11151102190397	1.07334120989293	1708
-0.11785747616265	1.02154913895852	1708
-0.03086945665341	1.45393975206474	681
0.0143880644382599	1.77720949962055	3539
0.0178588994848701	1.69965041901465	161
0.05315959470591	0.816442546773927	250
-0.0583749548711501	0.901498517822088	1510
0.0483305036817101	0.780476174113536	307
-0.059497719513	0.494214957169554	35
0.0582373153797899	0.833067250464455	35
-0.05392091511109	0.94223471350495	1016
-0.11947361078498	1.07370359467212	36
-0.0593809227603399	0.474013409533136	359
-0.06297299241856	0.471523509137131	184
0.0540470337289101	0.790235868623946	80
0.05809212963156	0.807140083414171	80
-0.0579004643040399	0.49202318700838	55
-0.05572923120859	0.483702386076679	235
0.04585848700758	2.41943193846642	392
0.0317269856642	1.1896468047165	114
-0.0572857210901101	0.919036142009243	23
-0.04061758496262	1.3948527762374	3664
-0.11244471407348	1.02933937674839	427
0.11530237024813	1.06671275796656	804
-0.03540550971573	1.44647489561601	211
-0.0591385928217401	0.91000646137514	211
0.0500433521804	1.99620318272845	1
0.10840085810758	1.16543409033	5278
-0.059497719513	0.494214957169554	1004
0.0623896220329201	0.800670855844171	35
-0.06559023197746	0.482086560282311	119
-0.0536181436588601	0.910768344999018	119
0.05430753821247	0.779995019724468	121
-0.06559023197746	0.482086560282311	121
0.0502450767999101	0.783537885839418	121
-0.05572923120859	0.483702386076679	1543
-0.06559023197746	0.482086560282311	80
-0.0731200532648999	1.54935012150556	5909
-0.0298921594327599	1.43676160043651	5521
-0.06063648613741	0.496241204441374	447
-0.06559023197746	0.482086560282311	23
0.05315959470591	0.816442546773927	23
-0.11550601073049	1.08861963142493	23
-0.0315066431586599	1.45296304757092	705
-0.0568743160102401	0.495883856806621	1
0.0604796737503901	0.775008303988958	5278
-0.06279434677459	0.47788062848249	1
-0.05860018948734	0.930835334735118	589
-0.0536950895629	0.895596644472506	35
0.0483305036817101	0.780476174113536	1016
-0.06177354939839	0.4814693304651	36
-0.0542384651636401	0.467229328036224	80
-0.059497719513	0.494214957169554	55
-0.10979420087525	1.0719035872367	392
-0.05974733981212	0.888174408544622	392
0.0540470337289101	0.790235868623946	6491
0.11362743986127	1.13747907553979	3664
0.07008942641529	1.6985985686183	804
-0.0591385928217401	0.91000646137514	65
0.05315959470591	0.816442546773927	645
-0.0593809227603399	0.474013409533136	5278
0.05531089448754	0.792558984587613	309
0.05438529682761	0.797094245861736	307
-0.06052043613138	0.490388133177384	582
-0.0568743160102401	0.495883856806621	584
-0.06052043613138	0.490388133177384	80
-0.06177354939839	0.4814693304651	55
-0.11970371435195	2.0130812185227	681
-0.0616582425154799	0.492373840580877	114
-0.0667273575026499	0.468296326893888	250
-0.0532212644682	0.945933692594188	804
0.0551929287270201	0.812976909394855	804
-0.11721412830812	1.5798494873783	1623
0.0533544900604199	0.798543823637356	211
-0.06052043613138	0.490388133177384	211
-0.11436758391081	1.06463793832064	645
0.10470848435255	1.04232163789298	645
-0.05675634571362	0.480074557541369	225
-0.0598434617828501	0.906569864611512	309
-0.05801767937361	0.484943359002049	3823
-0.06063648613741	0.496241204441374	1
-0.0526276224301101	0.914086953393132	1496
-0.0566991956673699	0.923723307485463	152
0.0622300957094899	0.781886088315577	119
-0.0484620010672201	0.89404392051701	1347
-0.0583572446607701	0.477525655657704	36
-0.0626624251219099	0.901871383330684	36
0.056328617163	0.799655515803619	36
-0.0467100058460399	0.89587128285699	411
-0.0644513963175899	0.48021115895097	584
0.05417681487601	0.818255775519272	102
-0.05904286270737	0.481289667170511	184
-0.059497719513	0.494214957169554	102
-0.06063648613741	0.496241204441374	80
0.0613550904407401	0.807151003503648	55
-0.06279434677459	0.47788062848249	55
-0.0542384651636401	0.467229328036224	55
0.06668823915295	1.60189468353829	421
0.0483305036817101	0.780476174113536	141
-0.0568743160102401	0.495883856806621	141
-0.11697454682236	1.00988989162067	141
-0.05572923120859	0.483702386076679	5871
-0.0541193045433701	0.464483475976238	804
-0.05572923120859	0.483702386076679	211
-0.05801767937361	0.484943359002049	5390
-0.0616582425154799	0.492373840580877	1842
0.10212897070605	1.95902759706478	35
-0.0373317342947099	1.31619738259035	152
-0.0618295465843	0.481736426029628	5754
-0.05572923120859	0.483702386076679	584
-0.05801767937361	0.484943359002049	1323
-0.06063648613741	0.496241204441374	55
-0.0713462071854201	1.58450497514126	681
-0.10246761043175	1.72653957589715	5521
-0.11231997519982	1.08259488332025	5521
0.05619409578552	0.826891165505306	5871
0.0532901895769999	0.784702727100911	183
-0.05572923120859	0.483702386076679	3069
-0.03345156627769	1.45119767702652	432
-0.0420695606889201	1.31395330516482	139
-0.0248696230032399	1.86635126811273	1623
-0.0579004643040399	0.49202318700838	65
0.0613550904407401	0.807151003503648	309
-0.06177354939839	0.4814693304651	1
-0.0598929919884901	0.888959113504612	1
-0.0485569472991601	0.888856901949701	1
-0.0515984566505101	0.903607673295612	1
-0.0556868595134099	0.879715024705756	35
-0.0616582425154799	0.492373840580877	152
-0.0568743160102401	0.495883856806621	119
-0.06052043613138	0.490388133177384	2578
-0.05801767937361	0.484943359002049	102
-0.06063648613741	0.496241204441374	338
-0.0521555880953899	0.859060343570533	338
-0.06177354939839	0.4814693304651	55
-0.10307293096949	1.02914630959509	1263
-0.12488356590122	1.01818892111495	3905
-0.0606843724036299	0.470390640612341	4439
-0.11981599280839	1.07161688302208	1623
0.02003987206984	1.28896534165828	211
-0.0608155681591001	0.898996858045327	645
-0.08073264029277	1.60019947741865	1
-0.05801767937361	0.484943359002049	309
-0.0673391256953	0.830613701755689	1496
-0.0552680630421101	0.463898534109862	1496
-0.06559023197746	0.482086560282311	1496
0.10127797497685	1.97923172881356	35
-0.0616582425154799	0.492373840580877	119
0.05315959470591	0.816442546773927	1008
0.10748369259225	1.15499562353462	55
-0.06063648613741	0.496241204441374	55
-0.06559023197746	0.482086560282311	235
0.0208483300514499	1.30080804147551	681
0.0613550904407401	0.807151003503648	141
-0.05801767937361	0.484943359002049	447
-0.06063648613741	0.496241204441374	447
-0.06177354939839	0.4814693304651	250
-0.0593768970475099	2.02060406184602	211
-0.05730478764407	0.873944874447997	211
-0.05484644504348	0.943849821194801	645
0.0540470337289101	0.790235868623946	645
0.05735749803274	0.79819843367282	1
-0.05043567218489	0.438011233059131	1
-0.0616582425154799	0.492373840580877	13
-0.0507777272693699	0.928363970169061	35
-0.05860018948734	0.930835334735118	119
0.0592727256605901	0.82219585210137	36
-0.05023138676856	0.850918355191742	36
-0.0568743160102401	0.495883856806621	102
-0.06052043613138	0.490388133177384	338
-0.0520715614829099	0.916398031917543	421
-0.0462399249121901	2.26579031155441	421
0.0870010534303201	2.37534149129447	681
0.0985684569865	1.03082230013804	1579
0.10367347048948	1.12043484864481	1579
0.0570768834731701	0.799909031316525	183
-0.0568743160102401	0.495883856806621	183
-0.06052043613138	0.490388133177384	1041
-0.11489063387922	1.08145651698971	227
0.1064273031146	1.11467511764197	23
-0.00903644998660003	2.1831383044604	804
-0.10459442645487	1.64679441767721	804
0.01789590087375	1.74632218149707	65
-0.059497719513	0.494214957169554	1182
0.10459142097559	1.12511545857684	119
-0.06358669974006	0.894492342440027	119
0.0521412742210099	0.806514162297701	102
-0.11455647908377	1.08666608103086	80
-0.0579004643040399	0.49202318700838	55
-0.06177354939839	0.4814693304651	1362
0.0572105793698401	0.834743156597484	392
-0.05414602204599	0.947571526238211	447
-0.06063648613741	0.496241204441374	1579
-0.0568743160102401	0.495883856806621	447
-0.0579004643040399	0.49202318700838	447
0.0613550904407401	0.807151003503648	183
-0.0582906515161801	0.849339525659397	23
0.056328617163	0.799655515803619	432
0.05128984799298	0.768719477013773	23
0.05809212963156	0.807140083414171	804
-0.11394267717175	1.07954288843318	211
0.0240568253442901	1.79895078048044	211
-0.10828457191193	1.75271922630359	211
0.10720517934872	1.12835437402602	211
-0.0519293468741799	0.91752591613997	309
-0.06052043613138	0.490388133177384	1182
-0.06279434677459	0.47788062848249	35
-0.10986795027558	0.986748515467017	35
-0.06177354939839	0.4814693304651	119
-0.0616582425154799	0.492373840580877	119
-0.0579004643040399	0.49202318700838	36
0.10628902584527	1.11095143455206	36
0.05112185940806	0.780941164121999	184
0.056328617163	0.799655515803619	184
-0.0568743160102401	0.495883856806621	80
0.05430753821247	0.779995019724468	338
0.05201175791706	0.757471405510824	338
-0.059497719513	0.494214957169554	55
0.0582373153797899	0.833067250464455	235
-0.11581750224674	1.07655144912133	447
-0.0568743160102401	0.495883856806621	660
-0.0428827550172599	2.3733099759566	432
0.056328617163	0.799655515803619	6771
-0.06063648613741	0.496241204441374	3390
0.0152062468193599	1.24523306757073	645
-0.05599723010918	0.927282037201194	5791
-0.06063648613741	0.496241204441374	309
-0.05414602204599	0.947571526238211	309
0.11559374250629	1.12084544887553	309
-0.0644513963175899	0.48021115895097	1182
-0.05801767937361	0.484943359002049	1182
-0.05453892530747	0.916026297147207	1
0.056328617163	0.799655515803619	1
-0.06177354939839	0.4814693304651	582
-0.0667273575026499	0.468296326893888	36
-0.1176734767028	1.04624473819758	36
-0.06279434677459	0.47788062848249	36
-0.06052043613138	0.490388133177384	1008
-0.0538450984357901	0.892806824292108	184
-0.0633108456185501	0.464645860438123	102
0.0199136562308999	2.04887294465026	443
-0.09238933395269	1.65331503929493	329
0.0243307810931499	1.27722643259003	2126
-0.06052043613138	0.490388133177384	225
-0.059497719513	0.494214957169554	309
-0.0616582425154799	0.492373840580877	1182
-0.1176734767028	1.04624473819758	1182
-0.0616582425154799	0.492373840580877	6061
-0.0467100058460399	0.89587128285699	1496
0.0540470337289101	0.790235868623946	1496
0.1083977664708	1.07529939125719	338
-0.0616582425154799	0.492373840580877	338
-0.0575769251942599	1.99252561981876	421
0.0202487408777501	1.28392078212064	447
0.0572105793698401	0.834743156597484	947
-0.0542384651636401	0.467229328036224	250
-0.05904286270737	0.481289667170511	23
-0.06297299241856	0.471523509137131	23
0.10617789091583	1.12735314411844	6629
-0.05414602204599	0.947571526238211	432
0.0233680959975999	1.28801961088546	432
0.05023153785943	0.750898319852019	23
0.0231478629680799	1.27362222365089	804
0.06863075473278	1.58108801816218	211
0.05417681487601	0.818255775519272	3390
-0.11266192343964	1.06564799910309	645
-0.03135821695474	1.44188357202907	2243
0.0503972294267401	0.777490465282938	309
-0.0568743160102401	0.495883856806621	309
0.05735749803274	0.79819843367282	1182
0.04730248729957	0.771510174460089	1182
0.0261165840728801	1.2865749431896	207
-0.0577655068902101	0.875280147397066	1496
-0.0392848949345601	1.39598836526645	38
0.11179248647147	1.15044114722927	3121
0.0611957252190301	0.778152824659933	152
0.11061465661828	1.09294434999649	152
-0.0568743160102401	0.495883856806621	119
-0.11673740091779	1.03033050088244	119
-0.11829035641576	1.03365059411888	36
-0.11798375534155	1.0442676163903	36
-0.06052043613138	0.490388133177384	4041
0.05417681487601	0.818255775519272	184
-0.059497719513	0.494214957169554	2096
-0.059497719513	0.494214957169554	80
0.1086516545301	1.162799445185	338
0.0582373153797899	0.833067250464455	11
0.0591167155802399	0.805629943872835	1493
-0.0542384651636401	0.467229328036224	55
-0.0280242926375001	1.45047386477882	3959
0.02219958095798	1.23935066635835	1768
-0.08073264029277	1.60019947741865	443
-0.06832003569365	1.58452408038285	447
-0.0568743160102401	0.495883856806621	447
-0.0589159815488001	0.914143303603117	250
0.0550630221319199	0.791928577934491	250
0.0611957252190301	0.778152824659933	23
-0.0616582425154799	0.492373840580877	309
-0.05801767937361	0.484943359002049	309
0.05417681487601	0.818255775519272	1182
-0.0556092813935301	0.84844628176469	119
-0.0593809227603399	0.474013409533136	119
-0.0583572446607701	0.477525655657704	119
-0.06559023197746	0.482086560282311	4041
0.0540470337289101	0.790235868623946	55
-0.059497719513	0.494214957169554	3081
-0.0788383748263299	1.60760001977516	211
0.01747485110617	1.78510575910373	645
-0.0579004643040399	0.49202318700838	3438
0.11401450237608	1.10265462620382	4124
0.0592727256605901	0.82219585210137	1182
-0.0579890535307399	0.915536982755399	207
0.05438529682761	0.797094245861736	1496
0.0532901895769999	0.784702727100911	36
-0.06279434677459	0.47788062848249	36
-0.06177354939839	0.4814693304651	338
0.0551929287270201	0.812976909394855	21
0.0540470337289101	0.790235868623946	55
-0.0761385187131201	1.62598419708407	681
0.10931801144484	1.16730736985013	1921
0.11270997324955	1.14844496261305	211
-0.10341707558745	1.70177572419931	2243
0.10565049046471	1.11545348653939	1496
0.01485069840763	1.2568631665969	152
-0.10625794135182	1.05241018073963	36
-0.06063648613741	0.496241204441374	184
0.0540470337289101	0.790235868623946	80
-0.0593809227603399	0.474013409533136	55
0.0550630221319199	0.791928577934491	3081
0.0169925137867599	2.49310545660627	5909
0.1049859459328	1.1470405998044	945
0.00620967676105	1.0631587759864	447
-0.0310236261913599	1.36172702401419	251
-0.10403365853338	1.03519606176699	2688
-0.10625794135182	1.05241018073963	1
0.05315959470591	0.816442546773927	1
-0.0556578173492699	0.882969390899142	309
0.04717331212829	0.749720641545597	3121
0.0572105793698401	0.834743156597484	3121
0.0591167155802399	0.805629943872835	3121
0.0582373153797899	0.833067250464455	119
-0.0550713449557301	0.94180148871399	119
-0.0616582425154799	0.492373840580877	327
-0.0552680630421101	0.463898534109862	21
-0.07719169671016	1.5118922558992	681
-0.0526276224301101	0.914086953393132	1569
0.0455085032225	0.735204475349366	1807
0.0591167155802399	0.805629943872835	251
0.11090067603576	1.11705358199858	251
0.0733362987858	1.6221462644493	2688
0.0521412742210099	0.806514162297701	656
-0.05615515887141	0.886897512589869	1182
-0.10181610507054	0.990787982986672	1182
-0.0530887356812899	0.467823577678091	1496
-0.06052043613138	0.490388133177384	1496
-0.05962034724205	0.877908547686789	577
0.0604796737503901	0.775008303988958	3121
-0.0616582425154799	0.492373840580877	119
-0.06063648613741	0.496241204441374	119
-0.0626624251219099	0.901871383330684	36
-0.0473128264962399	0.881408142238369	36
-0.06063648613741	0.496241204441374	36
0.0512767676389001	0.778844934092876	36
0.0643171403242999	0.728249921916184	327
-0.05675634571362	0.480074557541369	1452
-0.06297299241856	0.471523509137131	2074
-0.06559023197746	0.482086560282311	55
0.02114515405838	1.79741526802004	421
-0.10409817173624	1.57666248904319	443
0.0257527806161899	1.26594894213995	23
0.0220448082711699	1.30146384793971	211
-0.10913344494848	1.05742620646572	1
-0.0616582425154799	0.492373840580877	1
0.11087498084161	1.14331531411492	4124
0.0292222895699601	1.25101352315699	13
-0.0552680630421101	0.463898534109862	13
0.0993486458766199	1.00590656340599	36
-0.059497719513	0.494214957169554	3216
0.05809212963156	0.807140083414171	1452
-0.0534458595932901	0.913133491220031	338
-0.01411326711544	2.22327671244243	443
-0.05904286270737	0.481289667170511	447
0.10812130981182	1.13530809652905	447
-0.0616582425154799	0.492373840580877	447
-0.05453892530747	0.916026297147207	3217
0.0152293583263301	1.8153046194104	2450
-0.08347759728102	1.54307441834863	65
0.0582373153797899	0.833067250464455	309
-0.0644513963175899	0.48021115895097	656
0.1149532040335	1.09959240016879	3121
0.05619409578552	0.826891165505306	119
-0.0593809227603399	0.474013409533136	36
-0.12048014165392	1.00354057060194	36
0.1049859459328	1.1470405998044	327
-0.05904286270737	0.481289667170511	1452
-0.0600658550298201	0.894793494020535	1452
0.105509365606	1.12315858878381	338
-0.0616582425154799	0.492373840580877	55
-0.0568743160102401	0.495883856806621	447
-0.0593809227603399	0.474013409533136	698
0.05619409578552	0.826891165505306	1694
-0.05392091511109	0.94223471350495	432
-0.05484644504348	0.943849821194801	211
-0.10603873875806	1.66000350521821	211
-0.06177354939839	0.4814693304651	13
0.10684616645012	1.08615141846386	1496
-0.05484644504348	0.943849821194801	119
0.10773391652068	1.16093427511844	977
-0.07039844043194	1.57269366276653	36
-0.059497719513	0.494214957169554	184
-0.0616582425154799	0.492373840580877	527
-0.0568743160102401	0.495883856806621	338
0.0583940771782701	0.788473508071466	55
0.0560779028635501	0.787101234740602	55
-0.06559023197746	0.482086560282311	447
-0.0351802015074401	1.46135110631858	23
0.0749037817144	1.67375385715991	2333
-0.05170238781028	0.925757738005374	4987
-0.05572923120859	0.483702386076679	1
0.11296419128818	1.09024132339132	1
0.0551929287270201	0.812976909394855	1496
0.0502450767999101	0.783537885839418	1496
0.0591167155802399	0.805629943872835	38
0.0695302829516999	1.61763855275302	13
-0.03379027322887	1.45643079906215	119
-0.05936048494702	0.864715483447482	36
-0.06052043613138	0.490388133177384	749
-0.0515984566505101	0.903607673295612	527
0.0591167155802399	0.805629943872835	1452
0.0521412742210099	0.806514162297701	21
-0.05675634571362	0.480074557541369	2074
0.04213776042305	2.44048324078053	2361
-0.0598434617828501	0.906569864611512	1807
-0.11197653882545	1.07095100482302	447
-0.06063648613741	0.496241204441374	447
0.10039858757999	1.05581695387723	1582
-0.11327521709148	1.07252385669055	1694
0.10684616645012	1.08615141846386	432
-0.0424785368368601	1.36526878620874	3217
0.0540470337289101	0.790235868623946	65
-0.1037732504214	0.990710299738816	13
-0.06177354939839	0.4814693304651	119
-0.11375561865858	1.06741214430783	749
-0.0618295465843	0.481736426029628	749
-0.0583572446607701	0.477525655657704	527
-0.06052043613138	0.490388133177384	5743
0.06326345478609	0.775940017987127	5743
0.0582373153797899	0.833067250464455	21
-0.06297299241856	0.471523509137131	338
0.0572105793698401	0.834743156597484	338
-0.05904286270737	0.481289667170511	55
0.02002906576604	1.81515559503574	421
0.11312060017542	1.11141385004251	447
-0.0541193045433701	0.464483475976238	447
0.06448003178871	0.765062254391552	23
-0.03824847748726	1.43482586487036	1582
-0.1129623820801	0.960624481009292	23
-0.01654372552176	1.80199611011442	23
-0.05801767937361	0.484943359002049	3217
0.10773391652068	1.16093427511844	1
-0.0616582425154799	0.492373840580877	1134
-0.0561368663748001	0.900788573915677	13
-0.0572857210901101	0.919036142009243	13
-0.11118301090106	1.04912780338572	1760
-0.05801767937361	0.484943359002049	103
-0.0616582425154799	0.492373840580877	977
-0.05801767937361	0.484943359002049	36
0.0502450767999101	0.783537885839418	36
0.0492123872522101	0.781847457087024	749
-0.0593809227603399	0.474013409533136	55
-0.06063648613741	0.496241204441374	55
-0.08173856363091	1.49363396757784	421
-0.03112535617004	1.82870857994067	421
-0.0644513963175899	0.48021115895097	447
0.0136045477362801	1.20537555572478	447
-0.06063648613741	0.496241204441374	447
0.11595969510128	1.04058535125857	2429
-0.0598434617828501	0.906569864611512	65
0.11651037501507	1.12402113995597	1
-0.12170942332205	1.0323048475527	1
-0.05801767937361	0.484943359002049	309
-0.0568743160102401	0.495883856806621	2800
0.0582373153797899	0.833067250464455	2800
0.0540470337289101	0.790235868623946	36
-0.0493845329776801	0.899018559316952	749
-0.06559023197746	0.482086560282311	184
-0.0532212644682	0.945933692594188	21
-0.033310788473	1.42551587551033	23
-0.0333809630894899	1.44314264219983	23
0.0173701428172399	1.27994770528828	1
-0.0616582425154799	0.492373840580877	84
0.0656897024079	1.53242814309809	1075
-0.06063648613741	0.496241204441374	309
0.01857117168373	1.28781044909218	656
-0.05801767937361	0.484943359002049	2800
-0.11314387661456	1.03385183905588	1496
0.056328617163	0.799655515803619	13
-0.11136371903253	1.0845510331437	5998
0.0521412742210099	0.806514162297701	119
-0.06177354939839	0.4814693304651	36
-0.059497719513	0.494214957169554	633
0.05735749803274	0.79819843367282	36
-0.0616582425154799	0.492373840580877	5743
0.0123035140512	1.80776690085135	443
-0.0630581048872201	0.860828321290556	447
0.1115397472547	1.14763224713205	447
0.0705006543528599	1.64807140427178	1
-0.03086945665341	1.45393975206474	309
-0.0572857210901101	0.919036142009243	309
-0.10695341411649	1.01943435273373	656
-0.1126434147524	1.06186434373416	13
-0.11231997519982	1.08259488332025	13
-0.0568743160102401	0.495883856806621	36
0.05247819558145	0.797130322649216	36
0.0503972294267401	0.777490465282938	1078
-0.06177354939839	0.4814693304651	378
-0.06063648613741	0.496241204441374	55
-0.1205991427238	0.996224074471634	447
-0.10273567379951	1.72340100562585	804
-0.0467100058460399	0.89587128285699	1
-0.0644513963175899	0.48021115895097	103
-0.11643337020792	1.08363651938792	36
0.0990991221131401	1.09410124458998	535
-0.11231997519982	1.08259488332025	535
-0.03469075558893	1.37403039612934	36
0.0550630221319199	0.791928577934491	1078
-0.0579004643040399	0.49202318700838	729
-0.06052043613138	0.490388133177384	729
-0.06063648613741	0.496241204441374	729
0.0540470337289101	0.790235868623946	1232
0.0153294211278301	1.78052131459169	443
-0.10883626110053	1.05858485182476	1178
0.05735749803274	0.79819843367282	447
-0.0519293468741799	0.91752591613997	804
0.10352872020671	1.04237245139729	2429
0.0173701428172399	1.27994770528828	5027
0.014708919806	1.83962365232908	309
-0.12266580498845	1.03668423968414	13
-0.05554712878698	0.904899933753171	13
-0.0536181436588601	0.910768344999018	13
0.01545229718917	1.24855883457777	13
0.0560779028635501	0.787101234740602	378
-0.06177354939839	0.4814693304651	2459
0.05315959470591	0.816442546773927	729
-0.05801767937361	0.484943359002049	1232
-0.059497719513	0.494214957169554	1670
-0.06063648613741	0.496241204441374	1670
0.0532901895769999	0.784702727100911	21
-0.01314677827397	1.87534955155157	421
-0.11266192343964	1.06564799910309	1582
0.02264367445919	1.29245374434395	1605
0.02420197584705	1.24770110334486	65
-0.02650041713698	1.89292370045374	1075
-0.0281682079640799	1.41347694743078	309
-0.0568743160102401	0.495883856806621	1670
-0.06559023197746	0.482086560282311	1670
-0.0579004643040399	0.49202318700838	2941
-0.11859352226078	1.01485695359047	804
-0.11087083816834	0.991361957072267	1
-0.05170238781028	0.925757738005374	1
-0.0572857210901101	0.919036142009243	1605
0.11023515131562	1.16112993494461	1605
0.0158524413396099	1.77453888961348	1075
0.05315959470591	0.816442546773927	1075
0.0560779028635501	0.787101234740602	309
-0.0547656860205701	0.890389393566842	616
-0.05904286270737	0.481289667170511	36
-0.05904286270737	0.481289667170511	3068
-0.05572923120859	0.483702386076679	55
-0.0579004643040399	0.49202318700838	55
-0.06559023197746	0.482086560282311	447
-0.0583572446607701	0.477525655657704	1178
0.05315959470591	0.816442546773927	447
-0.0568743160102401	0.495883856806621	447
0.0540470337289101	0.790235868623946	23
-0.05414602204599	0.947571526238211	65
-0.11293314448808	1.06903510951625	656
-0.06063648613741	0.496241204441374	5277
0.0582373153797899	0.833067250464455	4657
-0.0550713449557301	0.94180148871399	13
-0.0616582425154799	0.492373840580877	616
0.02767602359162	1.28005921728393	36
0.05144520016315	0.790035584511304	729
-0.05572923120859	0.483702386076679	729
0.05144520016315	0.790035584511304	378
-0.0644513963175899	0.48021115895097	1435
0.05944295917786	0.771333278731915	1435
-0.0568743160102401	0.495883856806621	1670
-0.0616582425154799	0.492373840580877	1670
-0.0644513963175899	0.48021115895097	55
0.0270790519652	1.28880322769986	162
0.07435331639904	1.66904771231349	1
-0.05572923120859	0.483702386076679	65
-0.06052043613138	0.490388133177384	656
-0.0633108456185501	0.464645860438123	13
-0.0617387135672201	0.903247106831305	13
0.0512767676389001	0.778844934092876	13
-0.06063648613741	0.496241204441374	1435
0.0540470337289101	0.790235868623946	1435
-0.06279434677459	0.47788062848249	1670
-0.069595352081	1.58505208811919	421
-0.12014563958766	1.03701343406302	447
-0.0579004643040399	0.49202318700838	23
-0.0582118804921601	0.917638019544922	948
0.07965467799281	1.63472348563503	23
-0.0506756120024401	0.887961948866425	1
-0.1068404318833	1.74992473732437	1
0.04936436528172	0.782164195498418	13
-0.0591385928217401	0.91000646137514	3551
-0.06865670084729	0.779853556997235	616
-0.06063648613741	0.496241204441374	616
0.04936436528172	0.782164195498418	36
-0.0616582425154799	0.492373840580877	36
0.0540470337289101	0.790235868623946	729
0.05620793023729	0.800105690010203	729
-0.06177354939839	0.4814693304651	1670
-0.06063648613741	0.496241204441374	21
-0.06559023197746	0.482086560282311	55
-0.0557725395913999	0.938123011895745	447
-0.06358669974006	0.894492342440027	804
-0.0572857210901101	0.919036142009243	65
-0.0589159815488001	0.914143303603117	13
-0.0574524815370701	0.893615686009155	13
-0.0530887356812899	0.467823577678091	378
0.10392206262821	1.07861024469518	650
0.10786811772884	1.09808596228482	3195
-0.0586926497862399	0.879211853418054	143
-0.05801767937361	0.484943359002049	1609
-0.10817596077847	1.06425847440415	1
0.10001576279484	1.10571681036778	1075
-0.05572923120859	0.483702386076679	1
0.0614902274723801	1.56954501324705	990
-0.11360045536856	1.0778716954881	656
0.0611957252190301	0.778152824659933	13
-0.0586926497862399	0.879211853418054	13
-0.06177354939839	0.4814693304651	3551
-0.0514747095956001	0.891142800035245	616
0.0540470337289101	0.790235868623946	650
-0.06052043613138	0.490388133177384	3603
-0.059497719513	0.494214957169554	729
0.0540470337289101	0.790235868623946	21
-0.06177354939839	0.4814693304651	55
0.0503972294267401	0.777490465282938	443
-0.11601840542675	1.02790356453038	443
0.0674145031052	0.72668500196466	447
-0.05801767937361	0.484943359002049	1350
-0.0618295465843	0.481736426029628	65
-0.05801767937361	0.484943359002049	1
-0.06063648613741	0.496241204441374	1075
-0.06052043613138	0.490388133177384	1
-0.0593809227603399	0.474013409533136	13
-0.0568743160102401	0.495883856806621	38
-0.0530887356812899	0.467823577678091	13
-0.05572923120859	0.483702386076679	13
-0.06052043613138	0.490388133177384	3551
-0.06063648613741	0.496241204441374	13
-0.06052043613138	0.490388133177384	616
-0.05801767937361	0.484943359002049	616
-0.0616582425154799	0.492373840580877	616
0.0221828253267999	1.27139933564922	36
-0.06063648613741	0.496241204441374	36
-0.06279434677459	0.47788062848249	650
-0.11197653882545	1.07095100482302	5458
-0.10643125885264	1.01946229267459	21
-0.1147151667838	1.07294021651615	443
0.05227173597449	0.783026833489421	23
-0.10752083090502	0.975386475048097	1350
-0.06279434677459	0.47788062848249	554
0.0483305036817101	0.780476174113536	13
-0.059497719513	0.494214957169554	13
-0.12300571530494	1.03822463443206	3483
-0.0593809227603399	0.474013409533136	3603
-0.0557725395913999	0.938123011895745	2021
-0.0420695606889201	1.31395330516482	1
-0.0234950138819701	1.84941873480697	1
-0.033310788473	1.42551587551033	1328
0.10406955780155	1.14520192114084	656
0.0584052412799301	0.752211677712976	13
-0.0598434617828501	0.906569864611512	13
-0.0595230362863	0.925253579314697	13
-0.0575080438660101	0.885683135326614	103
-0.05675634571362	0.480074557541369	1917
-0.06052043613138	0.490388133177384	729
-0.0644513963175899	0.48021115895097	729
-0.0579026301726699	0.90654892903118	421
-0.0598434617828501	0.906569864611512	5280
-0.0595230362863	0.925253579314697	162
-0.05801767937361	0.484943359002049	447
-0.0542384651636401	0.467229328036224	1609
0.0550630221319199	0.791928577934491	1609
-0.06297299241856	0.471523509137131	1
0.0142488837774499	1.24117223753578	1
0.05848538170967	2.05979556952066	13
-0.0659131224473799	1.49320105544231	13
0.11191512948261	1.07439192649412	13
-0.0579004643040399	0.49202318700838	13
0.0613550904407401	0.807151003503648	3483
-0.06279434677459	0.47788062848249	3483
-0.06279434677459	0.47788062848249	36
-0.0410278160994	1.39497205956287	421
-0.05675634571362	0.480074557541369	5280
-0.06177354939839	0.4814693304651	3315
-0.06063648613741	0.496241204441374	143
-0.06063648613741	0.496241204441374	143
-0.059497719513	0.494214957169554	1
0.05302994366099	0.781077927548675	1
-0.06063648613741	0.496241204441374	1
-0.0616582425154799	0.492373840580877	1
-0.0579004643040399	0.49202318700838	1075
0.0572105793698401	0.834743156597484	656
-0.0568743160102401	0.495883856806621	13
-0.06063648613741	0.496241204441374	3483
-0.06052043613138	0.490388133177384	36
-0.059497719513	0.494214957169554	36
-0.0616582425154799	0.492373840580877	283
-0.05801767937361	0.484943359002049	36
-0.05484644504348	0.943849821194801	633
-0.059497719513	0.494214957169554	378
0.10773391652068	1.16093427511844	54
-0.0579004643040399	0.49202318700838	425
-0.059497719513	0.494214957169554	55
-0.06559023197746	0.482086560282311	421
0.11181721599682	1.10396395538091	5280
-0.04800722143505	0.878302722423954	5280
-0.11489063387922	1.08145651698971	162
0.0540470337289101	0.790235868623946	3315
0.05544011731145	0.751130639606141	23
-0.06063648613741	0.496241204441374	1609
0.05619409578552	0.826891165505306	1
-0.059497719513	0.494214957169554	554
-0.06063648613741	0.496241204441374	309
-0.0568743160102401	0.495883856806621	13
0.0591159890469799	1.98920352022593	13
-0.06052043613138	0.490388133177384	4229
-0.0579004643040399	0.49202318700838	287
0.0483305036817101	0.780476174113536	333
-0.0616582425154799	0.492373840580877	21
0.00820294950856004	1.14270640594049	1050
-0.0224448625845299	1.89226765469624	1236
0.0295898927175	1.24365615296865	1
0.01967415290269	1.29485717638205	1
-0.0320672650081799	1.42699952706284	656
-0.0579890535307399	0.915536982755399	13
-0.05801767937361	0.484943359002049	55
-0.0616582425154799	0.492373840580877	55
-0.05904286270737	0.481289667170511	55
-0.05599723010918	0.927282037201194	447
0.0604796737503901	0.775008303988958	447
0.0575009489312	0.773923407155499	13
-0.0270478490133299	1.35625599673104	13
-0.06052043613138	0.490388133177384	71
0.05809212963156	0.807140083414171	4367
-0.06052043613138	0.490388133177384	1990
-0.10913344494848	1.05742620646572	1
0.11337356537987	1.15278986786289	1
0.0720884257304699	1.59557258505355	1
-0.10102524906945	1.7097222536472	1
0.0582373153797899	0.833067250464455	309
0.0189289548832601	1.30602536417147	4647
0.0179707646153799	1.29677511544725	36
-0.0616582425154799	0.492373840580877	2075
-0.11006027715072	1.05231684278074	1
-0.05414602204599	0.947571526238211	1
-0.11646247264186	0.98437479584354	1
-0.0536181436588601	0.910768344999018	71
-0.0579004643040399	0.49202318700838	1990
-0.06052043613138	0.490388133177384	2075
0.05619409578552	0.826891165505306	425
-0.0579004643040399	0.49202318700838	336
-0.0593809227603399	0.474013409533136	336
-0.0955119470043599	1.68511071280538	4031
0.0592727256605901	0.82219585210137	1
-0.0510048869351101	0.929289822330005	1
0.06326345478609	0.775940017987127	528
-0.05904286270737	0.481289667170511	379
-0.0616582425154799	0.492373840580877	13
0.05417681487601	0.818255775519272	283
0.05315959470591	0.816442546773927	109
0.0492123872522101	0.781847457087024	71
-0.06279434677459	0.47788062848249	109
0.0570768834731701	0.799909031316525	1990
-0.0532212644682	0.945933692594188	205
0.0550630221319199	0.791928577934491	1798
-0.07842441557333	1.59569035248959	1
-0.12195123698717	1.80948446747484	1
-0.05904286270737	0.481289667170511	528
-0.0602216324145199	0.897687119698517	616
0.11296419128818	1.09024132339132	283
0.056328617163	0.799655515803619	109
-0.06052043613138	0.490388133177384	21
-0.0616582425154799	0.492373840580877	336
-0.06177354939839	0.4814693304651	336
-0.11027708227978	0.977123267119558	443
-0.0583572446607701	0.477525655657704	162
-0.059497719513	0.494214957169554	447
-0.0758764500004601	1.48493199981833	3186
-0.0328905259924801	1.4553209219254	1
0.04266830676279	2.00875636801277	1
0.05023153785943	0.750898319852019	1
-0.06052043613138	0.490388133177384	528
-0.05177835802252	0.867391616679654	1906
0.10998412078309	1.12261686626038	616
0.0230051465241501	1.30756304505107	2061
-0.0579004643040399	0.49202318700838	333
-0.06063648613741	0.496241204441374	21
-0.0616582425154799	0.492373840580877	336
-0.08013175251761	1.47802221343155	5909
0.0591167155802399	0.805629943872835	23
-0.06052043613138	0.490388133177384	46
-0.06063648613741	0.496241204441374	1
-0.0176191277551501	1.75004073026292	1
-0.0536950895629	0.895596644472506	13
-0.11828639803093	1.0492718639215	1906
0.10367347048948	1.12043484864481	1600
-0.0589159815488001	0.914143303603117	109
-0.06177354939839	0.4814693304651	2398
-0.0616582425154799	0.492373840580877	6631
-0.06063648613741	0.496241204441374	23
-0.06441836823763	1.54511494191493	23
-0.059497719513	0.494214957169554	376
0.0583940771782701	0.788473508071466	1236
0.11900353965886	1.06163851499703	5666
0.05315959470591	0.816442546773927	1
0.05276457813073	0.727407395978099	1
-0.0554350733039299	0.904145700559754	656
-0.05801767937361	0.484943359002049	13
0.0521412742210099	0.806514162297701	13
-0.0610382170719099	0.880644267347502	13
-0.07918141708251	1.5143389446619	2772
0.08974092632528	1.83442690251775	109
-0.05484644504348	0.943849821194801	109
-0.0568743160102401	0.495883856806621	336
-0.0568743160102401	0.495883856806621	447
-0.0616582425154799	0.492373840580877	376
-0.06063648613741	0.496241204441374	23
0.0970787774480399	1.99637797030441	1
-0.0583572446607701	0.477525655657704	13
-0.11075112343313	1.0774886624297	13
-0.0583572446607701	0.477525655657704	1906
-0.06052043613138	0.490388133177384	3152
0.0255266534643901	1.2849600621561	109
-0.06177354939839	0.4814693304651	21
-0.06052043613138	0.490388133177384	447
0.10614839219768	1.10164863672985	447
-0.06052043613138	0.490388133177384	23
-0.0774915421751201	1.56918494222299	2122
0.1047346922515	1.11370770843097	2468
-0.0616582425154799	0.492373840580877	1096
-0.06177354939839	0.4814693304651	1906
0.05438529682761	0.797094245861736	2125
-0.06063648613741	0.496241204441374	287
-0.0616582425154799	0.492373840580877	21
0.05438529682761	0.797094245861736	162
0.07339226122305	1.6776625463332	397
-0.11074392687841	2.1906961668153	3186
-0.11394267717175	1.07954288843318	656
-0.0639784700283901	0.856142294970416	13
0.06654627099359	0.747367704005712	13
-0.0644513963175899	0.48021115895097	1007
-0.1176734767028	1.04624473819758	287
0.05532377586147	0.768431001165015	336
-0.06063648613741	0.496241204441374	6849
0.0110760446398099	1.17909787782145	1
-0.04893014094256	0.908758774541213	2468
-0.07158140052327	1.4472810795831	2125
-0.12109466956425	1.03493511781319	109
-0.11550601073049	1.08861963142493	109
0.05809212963156	0.807140083414171	109
-0.06288465291974	0.872388175376693	162
-0.0542384651636401	0.467229328036224	3215
-0.06358669974006	0.894492342440027	3215
-0.0568743160102401	0.495883856806621	13
0.0220448082711699	1.30146384793971	13
-0.03768741731409	1.45208167032689	13
-0.05473354220154	0.873446197491202	109
0.10459142097559	1.12511545857684	367
-0.059497719513	0.494214957169554	4925
-0.11860091151734	1.0508200053748	125
-0.059497719513	0.494214957169554	125
-0.11643337020792	1.08363651938792	23
-0.05801767937361	0.484943359002049	1081
-0.05698113828588	0.90513184999415	2265
-0.059497719513	0.494214957169554	3215
0.0572105793698401	0.834743156597484	656
0.0735335706526601	1.6599340939852	103
0.10709524541163	1.11879072917046	109
0.05230745423854	0.76729538273141	1120
0.10434316023762	1.12462170153756	1236
0.11245666601048	1.1548112201242	1
-0.06279434677459	0.47788062848249	3215
-0.06063648613741	0.496241204441374	1
-0.0579004643040399	0.49202318700838	248
-0.0616582425154799	0.492373840580877	248
-0.06063648613741	0.496241204441374	248
-0.06063648613741	0.496241204441374	13
-0.0487859513811599	0.866862002709817	103
0.05430753821247	0.779995019724468	2125
-0.06063648613741	0.496241204441374	1007
0.0166584642463301	1.24157400772829	4925
0.0232313062835501	1.70798533488413	1
-0.0709505347117201	1.50632930210159	1
-0.06177354939839	0.4814693304651	5479
-0.06052043613138	0.490388133177384	248
-0.0579004643040399	0.49202318700838	248
0.0613550904407401	0.807151003503648	248
-0.0568743160102401	0.495883856806621	13
-0.0579004643040399	0.49202318700838	13
-0.06177354939839	0.4814693304651	2023
-0.05392091511109	0.94223471350495	367
-0.0579004643040399	0.49202318700838	336
-0.0530658505030199	2.1670712404555	5280
-0.0728272447009699	1.59364634750073	162
0.0225678725955201	1.26172321453615	162
-0.059497719513	0.494214957169554	657
0.04730248729957	0.771510174460089	125
-0.0579004643040399	0.49202318700838	1236
0.0521412742210099	0.806514162297701	1236
-0.06063648613741	0.496241204441374	1236
0.05191592652331	2.14861637246078	3186
-0.0515984566505101	0.903607673295612	5479
0.11020996828022	1.09534509526261	656
-0.0616582425154799	0.492373840580877	350
-0.06052043613138	0.490388133177384	13
-0.06177354939839	0.4814693304651	1007
-0.059497719513	0.494214957169554	2023
-0.05572923120859	0.483702386076679	367
-0.05170238781028	0.925757738005374	336
-0.06063648613741	0.496241204441374	911
-0.10791019775569	1.01325172434281	397
-0.0295574920725099	1.44514898441127	3186
0.05022837587746	2.04101044719511	1
-0.0579004643040399	0.49202318700838	1
0.05315959470591	0.816442546773927	1
0.11493174938684	1.11678784693576	1
-0.0593809227603399	0.474013409533136	13
0.06031954869066	0.803126574946966	1548
-0.06063648613741	0.496241204441374	1909
-0.06052043613138	0.490388133177384	367
-0.0530887356812899	0.467823577678091	367
0.0551929287270201	0.812976909394855	21
-0.06243947055198	0.877176409952066	336
0.02360366761921	1.29845468731096	3888
-0.0500435517502	0.789792972663262	397
-0.0474032671156099	0.861918999927885	397
0.0720150693938599	1.67161051938073	430
0.05125218340712	0.774041711932911	2265
0.05144520016315	0.790035584511304	1
0.05315959470591	0.816442546773927	1
0.05276457813073	0.727407395978099	13
-0.0616582425154799	0.492373840580877	13
-0.0779827683033301	1.87092491851438	13
0.0965681512627801	2.02318567591762	59
-0.0493845329776801	0.899018559316952	1007
-0.11928982511278	0.982418426203531	287
0.0540470337289101	0.790235868623946	109
0.0591167155802399	0.805629943872835	21
0.056328617163	0.799655515803619	336
-0.06279434677459	0.47788062848249	6011
-0.07501116122305	1.50000619065248	3888
0.0256543483888001	1.20173449559774	911
0.11179248647147	1.15044114722927	2265
0.10931801144484	1.16730736985013	1
0.05417681487601	0.818255775519272	5479
0.0249213118061	1.21720872152008	1
-0.11293314448808	1.06903510951625	207
-0.0498536439347399	0.922931243078693	109
-0.0616582425154799	0.492373840580877	367
-0.05572923120859	0.483702386076679	21
-0.0579004643040399	0.49202318700838	21
-0.0568743160102401	0.495883856806621	336
-0.0342820510583799	1.432290555618	397
0.0521412742210099	0.806514162297701	1
-0.059497719513	0.494214957169554	207
-0.02267681947554	1.82470603005965	207
-0.10448437524704	1.71795739774715	207
-0.06279434677459	0.47788062848249	13
-0.0556578173492699	0.882969390899142	2125
-0.0593809227603399	0.474013409533136	287
0.0551929287270201	0.812976909394855	109
0.0560779028635501	0.787101234740602	10
-0.05599723010918	0.927282037201194	336
0.0611027876468899	1.58712865790964	443
-0.0343501142204901	1.43914601833911	165
0.05230745423854	0.76729538273141	42
0.0135496755154501	2.14853363921091	1
-0.06279434677459	0.47788062848249	1
-0.0568743160102401	0.495883856806621	1
0.05315959470591	0.816442546773927	1
-0.02507512051915	1.92016418030217	5479
-0.0520715614829099	0.916398031917543	1
0.10390941443468	2.00160341918296	2038
0.0762818575755	1.658147138047	2038
0.05125218340712	0.774041711932911	59
-0.05170238781028	0.925757738005374	366
-0.05675634571362	0.480074557541369	109
0.02264367445919	1.29245374434395	21
-0.05675634571362	0.480074557541369	1602
-0.0616582425154799	0.492373840580877	1602
-0.0568743160102401	0.495883856806621	367
-0.059497719513	0.494214957169554	367
-0.0541193045433701	0.464483475976238	336
-0.059497719513	0.494214957169554	336
0.0270790519652	1.28880322769986	443
-0.12075202266224	1.0223810125852	443
-0.0746581184736601	1.60099166364373	397
-0.0370585539735899	1.35916109822673	397
-0.0616582425154799	0.492373840580877	430
-0.059497719513	0.494214957169554	1
0.0601509585589199	0.795676917498899	156
-0.05572923120859	0.483702386076679	1
0.00961085694661001	1.21545572573591	207
0.02396648441176	1.30496325541941	716
0.0734460923315201	1.6001414093399	26
-0.0583572446607701	0.477525655657704	1548
-0.059497719513	0.494214957169554	1602
-0.0583572446607701	0.477525655657704	336
-0.0644513963175899	0.48021115895097	336
0.02829478486434	1.74681164578545	622
0.01428749817148	1.80670961171032	1
0.00697000156121996	1.73563579991414	1
0.05438529682761	0.797094245861736	1
-0.059497719513	0.494214957169554	1427
0.02396648441176	1.30496325541941	109
-0.059497719513	0.494214957169554	1630
-0.06279434677459	0.47788062848249	1630
-0.0616582425154799	0.492373840580877	2220
0.0521412742210099	0.806514162297701	3607
-0.0579004643040399	0.49202318700838	367
0.10526052876897	1.12933430140121	443
-0.06177354939839	0.4814693304651	1627
-0.05801767937361	0.484943359002049	5334
-0.06063648613741	0.496241204441374	566
-0.06063648613741	0.496241204441374	109
-0.05572923120859	0.483702386076679	1548
-0.059497719513	0.494214957169554	1032
0.0653506207102801	0.74306561837234	3591
-0.05070779583417	0.864532063848651	622
0.10523811655424	1.10567839343898	1953
-0.05521161337251	0.883414362785848	165
-0.1176734767028	1.04624473819758	594
-0.06559023197746	0.482086560282311	430
0.0623896220329201	0.800670855844171	4300
-0.0565826522592701	0.886995061924419	1
-0.0644513963175899	0.48021115895097	999
-0.06063648613741	0.496241204441374	1
-0.059497719513	0.494214957169554	1233
-0.05572923120859	0.483702386076679	1427
-0.059497719513	0.494214957169554	1427
0.0604796737503901	0.775008303988958	13
-0.059497719513	0.494214957169554	666
-0.06063648613741	0.496241204441374	5334
-0.0616582425154799	0.492373840580877	5334
-0.06052043613138	0.490388133177384	366
-0.05675634571362	0.480074557541369	26
-0.06177354939839	0.4814693304651	26
0.0575009489312	0.773923407155499	566
-0.06177354939839	0.4814693304651	1548
-0.0616582425154799	0.492373840580877	336
-0.05636011767244	0.914592758317666	1032
-0.06063648613741	0.496241204441374	1032
0.0583940771782701	0.788473508071466	1275
0.0550630221319199	0.791928577934491	3591
0.05302994366099	0.781077927548675	3310
-0.0568743160102401	0.495883856806621	594
0.0613550904407401	0.807151003503648	999
-0.0542384651636401	0.467229328036224	1
-0.05904286270737	0.481289667170511	1
-0.0583572446607701	0.477525655657704	1
-0.0616582425154799	0.492373840580877	1
-0.03191877027042	1.46042030616506	1
0.0566302768551601	0.77260766179336	1233
0.05417681487601	0.818255775519272	1233
-0.0593809227603399	0.474013409533136	1
-0.0583572446607701	0.477525655657704	1
0.1115397472547	1.14763224713205	13
-0.05801767937361	0.484943359002049	2038
-0.0568743160102401	0.495883856806621	5334
-0.05904286270737	0.481289667170511	26
-0.0579004643040399	0.49202318700838	109
0.0109424779938601	1.74352241223668	964
-0.06052043613138	0.490388133177384	1548
-0.0583572446607701	0.477525655657704	6453
-0.12043428607872	1.79290388108295	594
-0.04150267803949	1.35933197261522	42
0.0270869212254199	1.21763890004796	1
-0.0498536439347399	0.922931243078693	1
-0.06063648613741	0.496241204441374	1427
-0.0568743160102401	0.495883856806621	1
-0.09912559591929	1.70100572219023	1678
-0.0682308985856199	1.58233877797577	3359
-0.11013875186279	1.03742306770664	207
0.05247819558145	0.797130322649216	716
-0.05636011767244	0.914592758317666	1857
0.0572105793698401	0.834743156597484	1857
0.05944295917786	0.771333278731915	666
-0.06177354939839	0.4814693304651	5334
-0.0633108456185501	0.464645860438123	1027
-0.0568743160102401	0.495883856806621	602
-0.0557725395913999	0.938123011895745	165
0.0512767676389001	0.778844934092876	1
-0.1196389853797	1.00479093698236	1
-0.0665790300143301	1.56275704884218	3078
-0.03031090109472	1.44398560460031	248
-0.05801767937361	0.484943359002049	207
0.05928300236134	0.782032603010478	13
-0.0520715614829099	0.916398031917543	13
0.00522518960009011	2.12023140991056	13
0.05227173597449	0.783026833489421	666
-0.12045408195261	1.04279216042287	26
0.06342313787237	0.778315916203884	109
-0.06054859620235	0.871017347420199	370
0.05417681487601	0.818255775519272	1140
0.11048709045294	1.14236460876866	1027
0.10906755153209	1.12087371094244	1027
-0.05146971352686	0.435174186335215	602
-0.06063648613741	0.496241204441374	336
-0.06177354939839	0.4814693304651	422
-0.11298700175177	1.07090562407491	622
0.0551929287270201	0.812976909394855	594
0.01952901834901	1.29690666207169	594
-0.059497719513	0.494214957169554	1
0.05417681487601	0.818255775519272	999
-0.05675622581839	0.920757194893836	2910
-0.0616582425154799	0.492373840580877	1857
-0.0536950895629	0.895596644472506	1503
-0.0667273575026499	0.468296326893888	666
-0.05801767937361	0.484943359002049	666
0.11467708458496	1.10660423007783	26
0.0550800620885299	2.07887829646345	26
-0.11517050634554	1.07293846681634	26
-0.059497719513	0.494214957169554	109
0.0224085488677399	1.27785405705622	4300
-0.0506756120024401	0.887961948866425	430
0.0533544900604199	0.798543823637356	1
-0.0589159815488001	0.914143303603117	192
-0.1147151667838	1.07294021651615	192
-0.0543704116858399	0.907843188053031	1
0.10656626977951	1.10996948946959	738
-0.05801767937361	0.484943359002049	1
0.10748369259225	1.15499562353462	13
-0.0380984991811599	1.41812830285507	13
-0.0550713449557301	0.94180148871399	1663
0.05302994366099	0.781077927548675	26
0.05944295917786	0.771333278731915	109
-0.0593809227603399	0.474013409533136	1140
0.0532901895769999	0.784702727100911	602
-0.0568743160102401	0.495883856806621	336
-0.0644513963175899	0.48021115895097	336
-0.0626624251219099	0.901871383330684	657
-0.0593809227603399	0.474013409533136	397
0.09948353287907	1.04744618415845	594
0.0113281680856001	1.7274861781263	1
-0.10228581032322	1.68601711224003	430
0.0591167155802399	0.805629943872835	1
0.0752556807476099	1.63052920254055	192
-0.05475107488659	1.98055777697815	1
0.0255266534643901	1.2849600621561	1233
-0.0582118804921601	0.917638019544922	1503
-0.0583572446607701	0.477525655657704	109
-0.0572857210901101	0.919036142009243	109
0.11362743986127	1.13747907553979	1027
-0.06177354939839	0.4814693304651	1140
0.0575009489312	0.773923407155499	2055
-0.06279434677459	0.47788062848249	2055
-0.06063648613741	0.496241204441374	422
0.06031954869066	0.803126574946966	657
-0.0550713449557301	0.94180148871399	192
0.11245666601048	1.1548112201242	1
0.0270790519652	1.28880322769986	109
-0.059497719513	0.494214957169554	2055
-0.0568743160102401	0.495883856806621	422
-0.0579004643040399	0.49202318700838	422
-0.1185159696885	1.07185397783822	595
-0.0847663577209901	1.42186075264496	1
-0.06063648613741	0.496241204441374	248
-0.06279434677459	0.47788062848249	1027
0.0570768834731701	0.799909031316525	1027
-0.0616582425154799	0.492373840580877	782
0.05810431719942	0.750528004952212	1796
0.0114232283551201	1.73524496554989	2839
-0.06063648613741	0.496241204441374	657
0.11337356537987	1.15278986786289	595
0.11500890047715	2.15511129441989	1
0.02767602359162	1.28005921728393	1
0.01565157968338	1.83918633589358	13
0.0678141521476801	1.66891978190191	13
-0.0652067665004099	1.57442390291095	1503
0.02567688637816	1.25366127524458	103
0.01545606225027	1.23429320934879	440
0.05417681487601	0.818255775519272	782
-0.06177354939839	0.4814693304651	336
0.05144520016315	0.790035584511304	165
0.0564710452019599	0.770249162234433	165
-0.0566991956673699	0.923723307485463	248
-0.06279434677459	0.47788062848249	13
-0.0554350733039299	0.904145700559754	5
-0.06063648613741	0.496241204441374	422
0.0656776363132701	0.720951562210164	422
-0.0265758511491601	1.39254118393682	125
0.0699886004697901	1.63072497949497	1
0.0676152342879801	1.66739088775747	1
0.05531089448754	0.792558984587613	1
-0.11298700175177	1.07090562407491	2252
0.11429044404784	1.14172275863387	899
0.10276498202317	2.01981981199818	5
-0.059497719513	0.494214957169554	1796
-0.0616582425154799	0.492373840580877	1796
-0.0593809227603399	0.474013409533136	1923
-0.059497719513	0.494214957169554	422
-0.0718795265249199	1.5896717248523	1
0.10458350291318	1.96927262180312	1
-0.09821844568235	2.14641483905089	1
0.10092087994061	1.99848260242703	1
0.05232267192699	0.791428090071257	1
-0.06177354939839	0.4814693304651	1
0.0570768834731701	0.799909031316525	2252
0.05315959470591	0.816442546773927	13
-0.0586926497862399	0.879211853418054	103
-0.05904286270737	0.481289667170511	26
-0.11983594744279	1.03635738865717	2220
-0.11520122038141	1.01354707586894	1098
-0.06052043613138	0.490388133177384	1796
-0.06279434677459	0.47788062848249	3243
-0.06063648613741	0.496241204441374	422
0.0198813315420101	1.79111638144242	1
0.0767677807707201	1.6764251587056	1
-0.10400652226599	2.10974484633028	1
-0.11489063387922	1.08145651698971	13
-0.11279504894281	1.05418753111757	899
-0.0616582425154799	0.492373840580877	336
0.05735749803274	0.79819843367282	336
-0.06052043613138	0.490388133177384	336
-0.06063648613741	0.496241204441374	165
-0.11581750224674	1.07655144912133	165
-0.05919523792366	0.454981857050048	397
-0.0550713449557301	0.94180148871399	595
0.0128452905471399	1.24326951153448	595
-0.0616582425154799	0.492373840580877	13
-0.0644513963175899	0.48021115895097	13
-0.0616582425154799	0.492373840580877	440
-0.0616582425154799	0.492373840580877	2211
-0.11293314448808	1.06903510951625	2211
-0.11489063387922	1.08145651698971	109
0.0178899426774	1.27075132425247	109
-0.0522970753186201	0.937033479589718	782
-0.0326128482088599	1.30816942028168	165
-0.0765570777417199	2.38668200375011	1
-0.0584339891118599	0.878673737132313	1
-0.02207634760657	1.26089413485368	1
0.0521412742210099	0.806514162297701	13
0.05417681487601	0.818255775519272	13
-0.05414602204599	0.947571526238211	899
-0.05392091511109	0.94223471350495	878
0.05852982286663	0.76811319495648	103
-0.05801767937361	0.484943359002049	440
-0.02604056922677	1.91125773669657	26
-0.06559023197746	0.482086560282311	2211
-0.11249116730882	1.49636150979031	5
-0.05801767937361	0.484943359002049	964
-0.0377535334713499	1.42539016291889	964
-0.11998663413359	0.975398142855033	1
0.05227173597449	0.783026833489421	1
-0.11824605607188	1.04205964952949	430
0.0149114603195699	1.77125089974765	1
-0.11067853369359	1.70573908722947	1
-0.06177354939839	0.4814693304651	1
-0.0462458617307999	0.870214665390466	1
-0.06052043613138	0.490388133177384	2792
0.0572105793698401	0.834743156597484	82
-0.06177354939839	0.4814693304651	6860
-0.0618295465843	0.481736426029628	165
0.05809212963156	0.807140083414171	1606
-0.11436758391081	1.06463793832064	1
-0.0576779182904901	0.929291058365461	156
0.05544011731145	0.751130639606141	180
0.05619409578552	0.826891165505306	2792
-0.0493845329776801	0.899018559316952	2792
0.06031954869066	0.803126574946966	878
-0.05801767937361	0.484943359002049	1129
-0.06297299241856	0.471523509137131	165
-0.05801767937361	0.484943359002049	165
-0.059497719513	0.494214957169554	595
0.0296032712960099	1.2567255097914	1
-0.0616582425154799	0.492373840580877	1
-0.11612159969374	1.07481256558124	207
-0.06279434677459	0.47788062848249	3536
0.0532901895769999	0.784702727100911	336
-0.0579004643040399	0.49202318700838	179
-0.0568743160102401	0.495883856806621	165
0.0560605228864	0.77675196404921	819
0.0572105793698401	0.834743156597484	1
-0.0618295465843	0.481736426029628	1
0.10406955780155	1.14520192114084	156
0.10589840684577	1.12995381063432	1
-0.0616582425154799	0.492373840580877	248
-0.0588246983865699	0.901304275456203	3030
-0.059497719513	0.494214957169554	26
0.0560605228864	0.77675196404921	336
-0.0390746125916399	1.45059063677078	336
-0.0568743160102401	0.495883856806621	82
0.0583940771782701	0.788473508071466	766
-0.059497719513	0.494214957169554	594
-0.0765533248849299	1.60079325286981	1165
-0.0576779182904901	0.929291058365461	180
-0.06063648613741	0.496241204441374	248
-0.0580472669349199	0.844737335250004	2792
-0.05801767937361	0.484943359002049	878
-0.0466186857502	0.852865680864658	5
0.04936436528172	0.782164195498418	3023
-0.07610813316552	1.56301763118195	2392
-0.0756994329188201	1.55552678655578	165
0.05417681487601	0.818255775519272	165
0.10773391652068	1.16093427511844	165
-0.05801767937361	0.484943359002049	1129
0.105509365606	1.12315858878381	594
-0.02421417504527	2.14654528122011	1
-0.05904286270737	0.481289667170511	6309
-0.0530887356812899	0.467823577678091	180
-0.059497719513	0.494214957169554	180
-0.06559023197746	0.482086560282311	180
-0.0546208256780201	0.903492626650264	13
-0.05572923120859	0.483702386076679	2792
0.10085399876323	1.93864814943651	26
-0.0579004643040399	0.49202318700838	964
0.0540470337289101	0.790235868623946	2392
0.07814235552864	1.65386877451195	165
0.05541508664753	0.7873688359798	1129
-0.0568743160102401	0.495883856806621	695
-0.06063648613741	0.496241204441374	69
-0.0538450984357901	0.892806824292108	1
0.0695680984485201	1.66493220878664	1
-0.05904286270737	0.481289667170511	180
0.0156013742919601	1.2929510089491	6244
0.0233703944324399	1.25577060158987	878
0.05315959470591	0.816442546773927	878
-0.11612159969374	1.07481256558124	26
0.06342313787237	0.778315916203884	2392
0.06031954869066	0.803126574946966	82
-0.0593809227603399	0.474013409533136	165
-0.05904286270737	0.481289667170511	1129
-0.0579004643040399	0.49202318700838	69
0.0231478629680799	1.27362222365089	594
0.0208483300514499	1.30080804147551	1
-0.0644513963175899	0.48021115895097	3218
-0.11118301090106	1.04912780338572	3218
-0.059497719513	0.494214957169554	1
-0.0568743160102401	0.495883856806621	6309
-0.0616582425154799	0.492373840580877	1
-0.06279434677459	0.47788062848249	180
0.0206108156898499	1.21687043861705	13
-0.059497719513	0.494214957169554	3536
0.0564710452019599	0.770249162234433	878
0.01030138218809	2.11701703311156	1503
-0.06052043613138	0.490388133177384	26
0.05619409578552	0.826891165505306	26
-0.06063648613741	0.496241204441374	1686
-0.0769670896255901	1.52449791581106	109
-0.05572923120859	0.483702386076679	3023
0.0336773308954399	1.21288569849973	1098
0.0533544900604199	0.798543823637356	2392
-0.0460169975322999	0.899107574709868	336
-0.06052043613138	0.490388133177384	133
-0.05599723010918	0.927282037201194	133
-0.0616582425154799	0.492373840580877	165
-0.0568743160102401	0.495883856806621	69
-0.06297299241856	0.471523509137131	69
-0.0616582425154799	0.492373840580877	180
-0.0667273575026499	0.468296326893888	180
-0.0667273575026499	0.468296326893888	133
-0.0263243858415201	1.86530086187987	165
0.0739429649001699	1.68242781679465	4164
-0.0667273575026499	0.468296326893888	69
-0.0568743160102401	0.495883856806621	69
-0.059497719513	0.494214957169554	69
-0.059497719513	0.494214957169554	1165
-0.0453242419828901	0.869156700164929	180
-0.03053053537308	1.43456017517953	180
0.0183286769814901	1.28893411611574	878
-0.0532212644682	0.945933692594188	26
0.05735749803274	0.79819843367282	26
-0.0314281956270801	1.43679441751506	3578
-0.0593809227603399	0.474013409533136	336
-0.05572923120859	0.483702386076679	1291
-0.06063648613741	0.496241204441374	69
-0.0526276224301101	0.914086953393132	1
-0.05599723010918	0.927282037201194	1
-0.0349953531449101	1.41400882799696	1
0.05809212963156	0.807140083414171	13
-0.0534458595932901	0.913133491220031	415
0.0575009489312	0.773923407155499	878
-0.02220436293182	1.88749052151884	1503
0.04818653525713	0.772855055161654	26
-0.06044645557269	0.911249800351	26
-0.0568743160102401	0.495883856806621	3578
-0.05473354220154	0.873446197491202	3578
-0.059497719513	0.494214957169554	133
-0.11279504894281	1.05418753111757	133
0.10748369259225	1.15499562353462	133
0.10776293851848	1.07838659034821	133
0.0189289548832601	1.30602536417147	165
-0.05904286270737	0.481289667170511	1291
-0.06063648613741	0.496241204441374	695
-0.11736016584178	1.07108933302212	1
-0.0568743160102401	0.495883856806621	1
0.0261519203826399	1.77829047062014	1618
0.10628902584527	1.11095143455206	1
0.0160573709067899	1.24974910567643	6299
-0.0250589347969501	1.87494760001613	156
-0.0324795088763099	1.45627242398862	1
-0.11455647908377	1.08666608103086	1503
-0.06549760158745	0.838037714888813	2731
-0.05453892530747	0.916026297147207	2731
0.05315959470591	0.816442546773927	3578
-0.0498536439347399	0.922931243078693	336
-0.06641807664662	0.836823953691229	133
0.0483305036817101	0.780476174113536	695
-0.06177354939839	0.4814693304651	695
0.0582373153797899	0.833067250464455	1
-0.0617387135672201	0.903247106831305	78
-0.05554712878698	0.904899933753171	6299
0.0198881428409501	1.30726801757585	1
0.0699886004697901	1.63072497949497	1
-0.06063648613741	0.496241204441374	180
-0.06559023197746	0.482086560282311	2156
-0.0616582425154799	0.492373840580877	216
-0.059497719513	0.494214957169554	415
0.0570768834731701	0.799909031316525	1503
-0.0476331831607799	0.897043378997354	3340
-0.05675634571362	0.480074557541369	1643
-0.11704945072344	1.06996139490653	133
-0.0616582425154799	0.492373840580877	2311
0.08055178018588	1.65523689738767	1238
-0.0579004643040399	0.49202318700838	69
0.0255266534643901	1.2849600621561	1
0.05735749803274	0.79819843367282	1
-0.10246932886872	1.69751251726272	1
-0.0616582425154799	0.492373840580877	150
0.0954361734031199	1.0132088807718	180
-0.059497719513	0.494214957169554	2156
-0.0568743160102401	0.495883856806621	13
-0.0568743160102401	0.495883856806621	13
0.05852982286663	0.76811319495648	415
-0.04117050478827	1.4349581590193	878
-0.0507777272693699	0.928363970169061	1503
0.0255190539620001	1.27023963029289	26
-0.06063648613741	0.496241204441374	1973
-0.0613704442393399	0.880556764109695	336
-0.059497719513	0.494214957169554	133
-0.0542384651636401	0.467229328036224	165
-0.0568743160102401	0.495883856806621	1238
-0.12300571530494	1.03822463443206	1
-0.059497719513	0.494214957169554	88
-0.06052043613138	0.490388133177384	596
-0.0568743160102401	0.495883856806621	13
-0.0593809227603399	0.474013409533136	415
-0.0644513963175899	0.48021115895097	312
0.09919816867838	2.04104571562703	26
-0.06063648613741	0.496241204441374	133
0.0653506207102801	0.74306561837234	133
-0.05572923120859	0.483702386076679	165
-0.0491105639610301	0.771841900899715	165
-0.0568743160102401	0.495883856806621	165
-0.06063648613741	0.496241204441374	695
-0.05904286270737	0.481289667170511	69
0.0220448082711699	1.30146384793971	1
-0.05653058933202	0.878305912923911	1
-0.03526845323171	1.35428362856607	78
-0.05453892530747	0.916026297147207	1
-0.11891013423942	1.04320319200212	180
0.0166497532378	1.71769213615538	13
-0.05801767937361	0.484943359002049	415
0.07731743620836	1.65459397256039	1380
-0.0568743160102401	0.495883856806621	312
-0.11421413403052	1.06442727954312	133
-0.0583572446607701	0.477525655657704	133
0.05417681487601	0.818255775519272	133
-0.06297299241856	0.471523509137131	165
-0.05572923120859	0.483702386076679	2311
-0.05675634571362	0.480074557541369	165
0.0494224816028701	2.14372813620667	1238
-0.0667273575026499	0.468296326893888	69
0.0550630221319199	0.791928577934491	150
-0.0568743160102401	0.495883856806621	596
-0.05414602204599	0.947571526238211	485
0.0442072052587099	2.06783046808885	1380
-0.0644513963175899	0.48021115895097	26
-0.0778905950642901	1.5997445625197	26
-0.11298700175177	1.07090562407491	375
-0.11520184669079	1.0363144682696	336
0.1027656203304	1.10019213374763	1344
-0.0566991956673699	0.923723307485463	165
-0.0579004643040399	0.49202318700838	39
-0.06052043613138	0.490388133177384	116
-0.12315283241653	1.80692907183406	1
-0.0642890087018899	0.868972217533301	1
-0.0605921941129799	0.863946346255176	335
0.05852982286663	0.76811319495648	6290
-0.05904286270737	0.481289667170511	13
-0.10563132669442	1.67797488516999	336
-0.11231997519982	1.08259488332025	336
-0.0616582425154799	0.492373840580877	336
0.05438529682761	0.797094245861736	133
0.02515511612233	1.27446475881308	165
-0.059497719513	0.494214957169554	165
0.05620793023729	0.800105690010203	165
-0.06559023197746	0.482086560282311	69
-0.059497719513	0.494214957169554	69
0.0109250742703699	1.24138093881618	1
-0.05675634571362	0.480074557541369	150
0.04730248729957	0.771510174460089	485
-0.06063648613741	0.496241204441374	43
-0.059497719513	0.494214957169554	312
-0.059497719513	0.494214957169554	26
-0.06559023197746	0.482086560282311	927
-0.0568743160102401	0.495883856806621	927
0.0551929287270201	0.812976909394855	69
-0.0492517678762801	0.855468719816992	150
0.0502450767999101	0.783537885839418	150
-0.0616582425154799	0.492373840580877	1281
0.04936436528172	0.782164195498418	415
0.0070011680855	1.13957489805916	878
-0.059497719513	0.494214957169554	312
-0.06121913555776	0.852641465673923	396
-0.07519031653921	1.62179060644237	26
-0.0577655068902101	0.875280147397066	375
-0.0618295465843	0.481736426029628	336
-0.11628636605637	1.06818620323616	133
0.05232267192699	0.791428090071257	165
-0.11197653882545	1.07095100482302	39
-0.12282074538436	1.00913265293922	1
-0.06052043613138	0.490388133177384	1
-0.06063648613741	0.496241204441374	150
-0.08078125724778	1.5027531817973	150
0.10684616645012	1.08615141846386	37
-0.0541193045433701	0.464483475976238	1
-0.06052043613138	0.490388133177384	43
0.11179248647147	1.15044114722927	13
-0.0515984566505101	0.903607673295612	13
-0.0530887356812899	0.467823577678091	415
-0.0616582425154799	0.492373840580877	312
-0.06052043613138	0.490388133177384	312
-0.0598434617828501	0.906569864611512	617
-0.0616582425154799	0.492373840580877	336
0.00331717378211005	1.05394434160835	53
0.0587273772972201	0.720246234886374	165
-0.05572923120859	0.483702386076679	967
-0.0491576945835299	0.926423254674057	69
0.11061465661828	1.09294434999649	1
-0.11057227147644	1.05179866981748	415
0.0551929287270201	0.812976909394855	878
0.0171619938615899	1.25083366564799	1344
-0.0532212644682	0.945933692594188	165
-0.0616582425154799	0.492373840580877	165
0.0465357674914699	0.731250774047024	69
0.05541508664753	0.7873688359798	1
-0.0467737428609401	2.2428764761779	1
-0.06177354939839	0.4814693304651	150
-0.0547656860205701	0.890389393566842	249
-0.0538450984357901	0.892806824292108	335
-0.06559023197746	0.482086560282311	1281
-0.06063648613741	0.496241204441374	4228
-0.05919523792366	0.454981857050048	43
-0.06177354939839	0.4814693304651	415
0.0217677683388	1.74786848180496	1380
0.10484059032818	1.07689565108974	507
0.10275551540946	1.10851325832643	617
-0.0583572446607701	0.477525655657704	336
0.10406955780155	1.14520192114084	1344
0.0140463093949299	1.20668867533035	1344
-0.12205070094317	1.03934298751888	1344
0.05144520016315	0.790035584511304	1456
-0.06063648613741	0.496241204441374	3283
0.1012000360166	2.19655108914473	889
-0.05801767937361	0.484943359002049	150
-0.0618295465843	0.481736426029628	150
-0.1147151667838	1.07294021651615	4
-0.0374615703553201	1.33440828730434	26
-0.06063648613741	0.496241204441374	617
-0.05008100179551	0.93191090480766	1344
-0.0507777272693699	0.928363970169061	165
0.0584052412799301	0.752211677712976	2965
-0.0593809227603399	0.474013409533136	2965
-0.0593809227603399	0.474013409533136	2965
0.0550630221319199	0.791928577934491	1246
0.06016034889532	0.758660536413917	69
0.0582373153797899	0.833067250464455	69
0.10812130981182	1.13530809652905	69
-0.0260302226709099	1.80847787705935	1
-0.06052043613138	0.490388133177384	13
0.11179248647147	1.15044114722927	13
-0.06063648613741	0.496241204441374	13
-0.06063648613741	0.496241204441374	415
-0.05471525788645	2.04325547432063	1380
0.0582373153797899	0.833067250464455	1821
-0.05572923120859	0.483702386076679	258
-0.0579890535307399	0.915536982755399	133
-0.06052043613138	0.490388133177384	4935
-0.0579004643040399	0.49202318700838	39
-0.0725557416090301	1.54930561351952	1
-0.06177354939839	0.4814693304651	1
-0.06063648613741	0.496241204441374	249
0.11023515131562	1.16112993494461	37
-0.12396648745207	1.84578956864228	1
0.00675783301083999	2.14359877946767	1
0.0483305036817101	0.780476174113536	2116
-0.0618295465843	0.481736426029628	13
-0.06063648613741	0.496241204441374	415
0.056328617163	0.799655515803619	1503
-0.10272051656723	1.00173551391285	26
-0.0541193045433701	0.464483475976238	507
-0.05904286270737	0.481289667170511	617
0.0642957968520299	0.755318559305981	53
-0.10686884671596	1.03985066516514	133
-0.05572923120859	0.483702386076679	2965
-0.06177354939839	0.4814693304651	1246
-0.0609130389525401	1.87079394840015	1
0.12148278387591	2.33290739251803	1
-0.06559023197746	0.482086560282311	13
-0.06279434677459	0.47788062848249	13
0.0512767676389001	0.778844934092876	3297
-0.0710134849470101	1.59373233967027	13
0.0603071329204801	0.795614981865339	13
-0.0616582425154799	0.492373840580877	415
0.05417681487601	0.818255775519272	4897
0.06569443232769	1.61715591854406	415
0.0540470337289101	0.790235868623946	2661
0.02419464656148	1.25046600474897	133
-0.0568743160102401	0.495883856806621	165
-0.06279434677459	0.47788062848249	165
-0.05572923120859	0.483702386076679	2965
-0.06063648613741	0.496241204441374	2470
-0.06052043613138	0.490388133177384	69
-0.08065565892199	2.07419827864411	2473
0.0208483300514499	1.30080804147551	1
0.06638307685273	0.742316619573786	13
0.0524833868297101	2.08503700189965	3011
0.0592727256605901	0.82219585210137	507
0.10406955780155	1.14520192114084	507
-0.0667273575026499	0.468296326893888	375
-0.11231997519982	1.08259488332025	218
-0.05904286270737	0.481289667170511	218
-0.0400463830206901	1.44225419392618	547
-0.0579890535307399	0.915536982755399	133
0.05417681487601	0.818255775519272	133
-0.05254770308378	0.83404225468528	1456
-0.0542384651636401	0.467229328036224	5416
0.05620793023729	0.800105690010203	1
-0.0644513963175899	0.48021115895097	13
0.11245666601048	1.1548112201242	13
0.0251626232172699	1.24545211168476	26
-0.0616582425154799	0.492373840580877	507
-0.0530887356812899	0.467823577678091	507
-0.11996667012422	1.74436005806166	218
-0.0363009188268799	1.45391199729208	218
0.10223673167184	1.11504925200346	547
-0.06279434677459	0.47788062848249	133
-0.05572923120859	0.483702386076679	133
0.05417681487601	0.818255775519272	133
0.0583940771782701	0.788473508071466	133
-0.05904286270737	0.481289667170511	133
-0.0644513963175899	0.48021115895097	5416
0.06638307685273	0.742316619573786	3208
-0.0667273575026499	0.468296326893888	39
-0.06177354939839	0.4814693304651	69
-0.0618295465843	0.481736426029628	69
0.10535818818444	1.04668675631884	39
-0.0522970753186201	0.937033479589718	1
-0.0583572446607701	0.477525655657704	1
-0.05919523792366	0.454981857050048	1
-0.0460169975322999	0.899107574709868	1
-0.0752746781757201	1.56373328782802	1
-0.0504769820102899	0.884676617801706	1
-0.06177354939839	0.4814693304651	13
-0.0593809227603399	0.474013409533136	485
-0.11550601073049	1.08861963142493	51
0.0261165840728801	1.2865749431896	4
0.0551929287270201	0.812976909394855	878
0.0564710452019599	0.770249162234433	1503
-0.0568743160102401	0.495883856806621	1503
-0.06213832568065	0.859627482698052	507
-0.0616582425154799	0.492373840580877	218
0.04936436528172	0.782164195498418	218
-0.11674380720213	1.06420930573076	218
-0.05599723010918	0.927282037201194	547
0.0230051465241501	1.30756304505107	133
-0.05484644504348	0.943849821194801	133
0.06448003178871	0.765062254391552	5416
-0.06279434677459	0.47788062848249	165
-0.059497719513	0.494214957169554	243
-0.05572923120859	0.483702386076679	243
-0.0748549827815199	1.5238974325549	1
-0.0583572446607701	0.477525655657704	37
-0.05572923120859	0.483702386076679	37
-0.0542384651636401	0.467229328036224	13
0.0171143376634599	1.80574488738784	13
-0.06052043613138	0.490388133177384	668
-0.0579004643040399	0.49202318700838	507
-0.06052043613138	0.490388133177384	931
-0.06063648613741	0.496241204441374	218
-0.03206843138131	1.83652951276466	547
-0.0593809227603399	0.474013409533136	133
-0.05904286270737	0.481289667170511	133
0.11220426770725	1.10484526348279	1456
-0.05801767937361	0.484943359002049	165
-0.06063648613741	0.496241204441374	165
-0.05139865658831	0.885794899771119	136
-0.0579004643040399	0.49202318700838	69
-0.0322546049593	1.42630391011003	39
0.0582373153797899	0.833067250464455	1
-0.06451153434644	0.879805073395112	889
-0.0566991956673699	0.923723307485463	889
-0.0522970753186201	0.937033479589718	249
-0.06063648613741	0.496241204441374	335
-0.06052043613138	0.490388133177384	13
0.05809212963156	0.807140083414171	51
-0.059497719513	0.494214957169554	51
-0.10011292487758	1.67632608135224	492
-0.11581750224674	1.07655144912133	26
0.0166584642463301	1.24157400772829	218
-0.0474032671156099	0.861918999927885	218
0.10931801144484	1.16730736985013	6371
-0.11736016584178	1.07108933302212	2959
-0.0568743160102401	0.495883856806621	133
-0.06063648613741	0.496241204441374	165
-0.0579004643040399	0.49202318700838	243
0.06627098037927	1.60633278190287	69
-0.0550713449557301	0.94180148871399	1
-0.0295574920725099	1.44514898441127	3842
-0.07894927325876	2.06146083247172	1
0.0492123872522101	0.781847457087024	1
0.01308832231526	2.04803033663248	612
0.04443184909993	2.02711808564949	878
0.10459142097559	1.12511545857684	507
0.0744934858164901	1.66033740576836	547
-0.0600658550298201	0.894793494020535	165
0.0551764991331001	0.801738670462514	165
-0.06052043613138	0.490388133177384	165
-0.059497719513	0.494214957169554	165
-0.0579004643040399	0.49202318700838	69
-0.06063648613741	0.496241204441374	2005
-0.0487859513811599	0.866862002709817	13
0.10998412078309	1.12261686626038	13
-0.10414098924553	1.64250642377645	26
0.05735749803274	0.79819843367282	1908
-0.0568743160102401	0.495883856806621	507
-0.05675634571362	0.480074557541369	163
-0.05008100179551	0.93191090480766	547
0.0582373153797899	0.833067250464455	547
-0.059497719513	0.494214957169554	165
-0.10782871687058	1.04967446835597	165
-0.12439363623274	0.980629802523722	136
-0.06358669974006	0.894492342440027	2782
0.06300394333397	1.57679525362267	4535
-0.0591385928217401	0.91000646137514	1
0.01747485110617	1.78510575910373	1
-0.0593809227603399	0.474013409533136	970
-0.0404655506873901	1.34563216873764	51
-0.0728272447009699	1.59364634750073	492
-0.0305329680439801	1.44142140906483	26
0.10590231570336	1.14112766279333	218
0.03211602647113	1.24446440303631	476
0.0570768834731701	0.799909031316525	165
-0.0616582425154799	0.492373840580877	165
-0.05801767937361	0.484943359002049	136
0.0564710452019599	0.770249162234433	136
-0.0225975769761799	1.3967679079284	39
0.01772475262219	1.24999867364341	1
-0.0476331831607799	0.897043378997354	1
0.02048786239247	1.29813678128894	1
0.1049859459328	1.1470405998044	1051
-0.06063648613741	0.496241204441374	37
-0.06063648613741	0.496241204441374	5973
-0.0568743160102401	0.495883856806621	5973
-0.05904286270737	0.481289667170511	37
0.1049859459328	1.1470405998044	13
-0.06063648613741	0.496241204441374	13
-0.06063648613741	0.496241204441374	51
-0.11136371903253	1.0845510331437	26
0.05112185940806	0.780941164121999	2906
-0.059497719513	0.494214957169554	26
0.10956937960495	1.15668374513788	507
0.0533544900604199	0.798543823637356	507
0.11245666601048	1.1548112201242	507
-0.05904286270737	0.481289667170511	218
-0.05636011767244	0.914592758317666	218
-0.06279434677459	0.47788062848249	133
0.0601509585589199	0.795676917498899	133
-0.0361767997317901	2.35504241548317	476
-0.05392091511109	0.94223471350495	165
0.05315959470591	0.816442546773927	136
-0.0568743160102401	0.495883856806621	136
0.0521412742210099	0.806514162297701	493
-0.02510650435927	1.42959112503665	2137
0.0613550904407401	0.807151003503648	26
-0.0593809227603399	0.474013409533136	507
-0.0278790928323101	1.37387466777908	547
-0.0568743160102401	0.495883856806621	53
0.0161646074020201	1.24299951303303	133
0.10434316023762	1.12462170153756	165
0.0591167155802399	0.805629943872835	136
0.10628902584527	1.11095143455206	493
-0.0526276224301101	0.914086953393132	1
-0.06052043613138	0.490388133177384	1
-0.0616582425154799	0.492373840580877	13
-0.12170942332205	1.0323048475527	13
-0.059497719513	0.494214957169554	13
-0.07676776120888	1.51080846957774	492
-0.0550713449557301	0.94180148871399	26
-0.03608185014356	1.36869331403334	26
0.056328617163	0.799655515803619	133
0.11493174938684	1.11678784693576	165
0.0762179433080601	1.67171806992308	136
-0.06063648613741	0.496241204441374	136
0.0158524413396099	1.77453888961348	1375
0.0521412742210099	0.806514162297701	1
-0.0467050061190699	1.25747176618554	13
0.05429206010407	0.769865123208336	4725
0.06181475896139	0.718759213467187	2906
-0.06052043613138	0.490388133177384	26
-0.11006027715072	1.05231684278074	3050
0.0550630221319199	0.791928577934491	5630
0.06031954869066	0.803126574946966	218
-0.0308827737002	1.41605363434752	165
-0.10782871687058	1.04967446835597	136
0.0699886004697901	1.63072497949497	3842
-0.11643337020792	1.08363651938792	1
0.07063997548171	1.68618809450882	51
-0.11293314448808	1.06903510951625	26
-0.0700102059590999	1.55016860801064	2906
-0.05898134923807	0.849018231938026	26
0.0583940771782701	0.788473508071466	507
-0.11163161094693	1.02218443495726	163
0.0572105793698401	0.834743156597484	218
0.11023515131562	1.16112993494461	218
-0.05414602204599	0.947571526238211	218
0.06326345478609	0.775940017987127	547
-0.0346201199973	1.4066160784678	547
0.05417681487601	0.818255775519272	133
-0.11983594744279	1.03635738865717	165
-0.0547656860205701	0.890389393566842	1
-0.10625794135182	1.05241018073963	37
-0.0410173446879001	1.42568490242127	37
0.0189273717068299	1.19244197605703	13
-0.1205991427238	0.996224074471634	13
0.02767602359162	1.28005921728393	13
-0.0293488850800501	1.42428252849596	13
0.01190332378938	1.55043512968031	136
-0.0536336074843999	2.03250298443329	493
-0.05274052673062	2.02238445091315	78
-0.10966672934837	0.95026850081744	37
0.0551764991331001	0.801738670462514	13
-0.11070222318179	1.02826877135533	51
0.10589840684577	1.12995381063432	268
-0.10438319809883	1.02595812439571	547
0.1086516545301	1.162799445185	768
-0.0617000667146199	0.860996417865479	3321
0.10392206262821	1.07861024469518	1
0.05247819558145	0.797130322649216	13
-0.06052043613138	0.490388133177384	2414
-0.0593809227603399	0.474013409533136	51
0.056328617163	0.799655515803619	2707
-0.06177354939839	0.4814693304651	136
-0.10807589294248	1.60553935503914	78
-0.05414602204599	0.947571526238211	37
-0.05675634571362	0.480074557541369	13
-0.02982255824064	1.34594925609232	13
0.10615505823935	1.09285480086935	13
0.05430753821247	0.779995019724468	13
-0.02941288385005	1.42743567395178	399
-0.0639784700283901	0.856142294970416	2743
0.0591167155802399	0.805629943872835	668
0.10931801144484	1.16730736985013	26
-0.0579004643040399	0.49202318700838	2707
-0.0524001463600401	0.888745169321819	53
-0.06063648613741	0.496241204441374	562
0.05112185940806	0.780941164121999	165
-0.11489063387922	1.08145651698971	165
-0.05572923120859	0.483702386076679	136
-0.0776607994985301	2.02113903037388	37
-0.05801767937361	0.484943359002049	13
0.05809212963156	0.807140083414171	13
-0.059497719513	0.494214957169554	13
-0.06052043613138	0.490388133177384	13
0.01944181133013	1.24159371164382	26
-0.0600658550298201	0.894793494020535	163
-0.11663120481932	1.06110157195467	218
0.11048709045294	1.14236460876866	218
0.05709166989995	0.775275822590163	53
0.11048709045294	1.14236460876866	4573
-0.0524001463600401	0.888745169321819	165
-0.06279434677459	0.47788062848249	165
-0.02648545282421	1.70234860897293	181
0.0144966146540799	1.23773888941981	13
-0.059497719513	0.494214957169554	13
-0.06559023197746	0.482086560282311	2414
-0.0543704116858399	0.907843188053031	51
-0.06063648613741	0.496241204441374	2707
-0.059497719513	0.494214957169554	26
-0.05801767937361	0.484943359002049	507
-0.06177354939839	0.4814693304651	93
0.0256543483888001	1.20173449559774	53
0.0158077187263399	1.26102756108818	2491
0.05735749803274	0.79819843367282	278
-0.0556578173492699	0.882969390899142	1
-0.08317831603243	1.55616781962466	1
-0.0513734577016201	0.919854293823929	13
-0.0616582425154799	0.492373840580877	3861
0.05454115052908	0.786000257581696	2491
0.0560779028635501	0.787101234740602	562
-0.0707157374371701	1.99411218442823	78
0.10998412078309	1.12261686626038	752
-0.02802763430464	1.37508727316123	13
0.05544011731145	0.751130639606141	2814
-0.11421413403052	1.06442727954312	26
0.01256618734897	1.79466758610161	26
-0.0718795265249199	1.5896717248523	268
-0.0616582425154799	0.492373840580877	218
-0.12443463165202	0.953432852374592	562
-0.0633108456185501	0.464645860438123	4573
-0.0777946988645899	1.50981712391034	1351
0.01389467375291	1.24586701648856	1
0.00697000156121996	1.73563579991414	1
-0.12230498953712	1.00782575540898	13
-0.0552680630421101	0.463898534109862	13
-0.06063648613741	0.496241204441374	2814
-0.06559023197746	0.482086560282311	2814
0.0566343145692401	2.0851683720126	668
-0.0722935441968999	1.58844101378275	26
-0.0507777272693699	0.928363970169061	507
0.0225678725955201	1.26172321453615	2491
-0.0579004643040399	0.49202318700838	136
-0.06641807664662	0.836823953691229	1351
-0.0541193045433701	0.464483475976238	181
-0.06422385492369	1.93125893619897	181
0.05619409578552	0.826891165505306	13
0.1059293862015	1.08791553922085	93
0.11245666601048	1.1548112201242	93
-0.0616582425154799	0.492373840580877	914
-0.0583572446607701	0.477525655657704	165
0.05531089448754	0.792558984587613	136
0.10837541951219	1.098646764068	1424
0.0591167155802399	0.805629943872835	1
-0.05572923120859	0.483702386076679	6411
-0.0743896539765401	1.61272573713315	181
-0.0618295465843	0.481736426029628	703
-0.0421529068754301	1.38816006939183	753
0.0776619318146099	1.66191480030447	13
-0.0616582425154799	0.492373840580877	13
-0.11332910044369	1.03912795384071	13
0.10064588230665	2.02723561370486	16
0.01248564459871	1.24867751525818	26
0.10223673167184	1.11504925200346	781
-0.0528543784925499	0.888356693465991	901
-0.0566991956673699	0.923723307485463	268
-0.0616582425154799	0.492373840580877	93
0.0582373153797899	0.833067250464455	93
0.0572105793698401	0.834743156597484	93
0.0592727256605901	0.82219585210137	6527
0.10381887644512	1.10426790950947	2491
-0.0579004643040399	0.49202318700838	562
-0.0644513963175899	0.48021115895097	562
-0.059497719513	0.494214957169554	562
0.11401450237608	1.10265462620382	2859
0.0550630221319199	0.791928577934491	165
0.0613550904407401	0.807151003503648	914
0.10786811772884	1.09808596228482	136
-0.06297299241856	0.471523509137131	13
-0.05904286270737	0.481289667170511	13
-0.0299728335424401	1.44546559532539	4
-0.05170238781028	0.925757738005374	1397
-0.06052043613138	0.490388133177384	208
-0.0534458595932901	0.913133491220031	2491
0.0690164863407099	1.63452364624305	5305
-0.12395715044951	1.03136374223509	914
0.0243186971175899	1.21732188328124	78
-0.05334091115707	2.34855608014474	181
0.10617789091583	1.12735314411844	703
0.05852982286663	0.76811319495648	781
-0.05801767937361	0.484943359002049	507
0.0570768834731701	0.799909031316525	93
0.0208483300514499	1.30080804147551	93
0.0250809564907499	1.25051623666122	93
0.0592727256605901	0.82219585210137	914
-0.06063648613741	0.496241204441374	13
-0.0616582425154799	0.492373840580877	13
-0.12205070094317	1.03934298751888	2814
-0.0593809227603399	0.474013409533136	2814
-0.0568743160102401	0.495883856806621	2814
0.07008942641529	1.6985985686183	693
-0.11327521709148	1.07252385669055	1397
-0.0616582425154799	0.492373840580877	208
0.0592727256605901	0.82219585210137	93
-0.05484644504348	0.943849821194801	93
0.11493174938684	1.11678784693576	684
0.05315959470591	0.816442546773927	684
-0.0726925486668799	1.53247274607111	2859
-0.03963627717344	1.46076317704877	1424
-0.06052043613138	0.490388133177384	181
0.04936436528172	0.782164195498418	181
-0.0733611013272699	1.58012214034645	181
0.0611957252190301	0.778152824659933	13
-0.0575080438660101	0.885683135326614	13
0.0280425213528299	1.28171583350371	2814
0.10367347048948	1.12043484864481	26
-0.06279434677459	0.47788062848249	208
-0.0583572446607701	0.477525655657704	18
-0.05599723010918	0.927282037201194	507
0.0583940771782701	0.788473508071466	93
-0.10939939957782	1.00954331402915	93
0.05531089448754	0.792558984587613	53
-0.0524001463600401	0.888745169321819	136
-0.0439400969963299	1.38398963856628	136
-0.11136371903253	1.0845510331437	16
-0.0507777272693699	0.928363970169061	781
0.06326345478609	0.775940017987127	18
-0.0485569472991601	0.888856901949701	93
0.0550630221319199	0.791928577934491	93
-0.12362116930872	1.03556775228759	6527
0.11270997324955	1.14844496261305	684
-0.059497719513	0.494214957169554	53
-0.05675634571362	0.480074557541369	562
0.0668236041933301	1.58642166584417	1
0.00900885739366997	1.21243093733898	1
-0.0579004643040399	0.49202318700838	13
0.06654627099359	0.747367704005712	2968
-0.05572923120859	0.483702386076679	2407
-0.0587293388649801	2.03032006982097	50
-0.06063648613741	0.496241204441374	18
-0.06063648613741	0.496241204441374	208
-0.0579004643040399	0.49202318700838	53
-0.0556578173492699	0.882969390899142	476
0.10068367138582	1.07670030430738	136
-0.0667273575026499	0.468296326893888	136
-0.0835070226243	1.45852680419631	136
0.0290629208570701	1.70645752400414	1
-0.0747213585786699	1.50971593837655	13
0.01952901834901	1.29690666207169	399
0.0592727256605901	0.82219585210137	2968
-0.06063648613741	0.496241204441374	18
-0.0552680630421101	0.463898534109862	93
-0.11705681033892	1.03977317897777	1725
0.0572105793698401	0.834743156597484	53
-0.05675634571362	0.480074557541369	53
-0.03484368727473	1.45058453263079	165
-0.0552680630421101	0.463898534109862	136
-0.1126434147524	1.06186434373416	136
-0.07107530111004	1.58092282600908	1424
0.10773391652068	1.16093427511844	5571
0.0715125282379401	1.64882734310323	13
-0.06297299241856	0.471523509137131	3768
-0.06177354939839	0.4814693304651	693
-0.11170703041015	1.07555757668303	16
-0.0819927709841599	1.46504191217465	16
0.0723630495344101	1.67203974217	50
-0.0583749548711501	0.901498517822088	18
0.0142488837774499	1.24117223753578	93
-0.06052043613138	0.490388133177384	3579
-0.0599154402011199	0.846808824149191	715
-0.0584339891118599	0.878673737132313	562
-0.05554712878698	0.904899933753171	199
0.0611957252190301	0.778152824659933	354
-0.06044645557269	0.911249800351	402
0.06847832113053	0.69239497356787	16
-0.06559023197746	0.482086560282311	16
0.06031954869066	0.803126574946966	93
-0.059497719513	0.494214957169554	93
-0.0616582425154799	0.492373840580877	715
-0.07312582596252	2.37114570517095	473
0.10251574690634	1.07928186218542	1375
-0.0572857210901101	0.919036142009243	2169
-0.06279434677459	0.47788062848249	2012
-0.06063648613741	0.496241204441374	199
-0.06063648613741	0.496241204441374	199
-0.0568743160102401	0.495883856806621	199
-0.0568743160102401	0.495883856806621	16
-0.05904286270737	0.481289667170511	781
-0.05675634571362	0.480074557541369	268
-0.0644513963175899	0.48021115895097	438
-0.06052043613138	0.490388133177384	438
-0.06063648613741	0.496241204441374	438
-0.06177354939839	0.4814693304651	507
-0.0583572446607701	0.477525655657704	93
0.05809212963156	0.807140083414171	1725
-0.0667273575026499	0.468296326893888	386
-0.0606843724036299	0.470390640612341	1424
0.05619409578552	0.826891165505306	78
-0.059497719513	0.494214957169554	1
-0.06063648613741	0.496241204441374	199
-0.05675634571362	0.480074557541369	199
-0.06063648613741	0.496241204441374	199
0.05438529682761	0.797094245861736	199
-0.05904286270737	0.481289667170511	13
0.0583940771782701	0.788473508071466	402
-0.0617387135672201	0.903247106831305	693
-0.059497719513	0.494214957169554	18
-0.06063648613741	0.496241204441374	781
-0.0542384651636401	0.467229328036224	438
-0.06063648613741	0.496241204441374	53
-0.0476331831607799	0.897043378997354	1375
-0.0568743160102401	0.495883856806621	386
-0.08131569036978	2.01484466765417	181
0.0483305036817101	0.780476174113536	16
-0.0593809227603399	0.474013409533136	438
0.05417681487601	0.818255775519272	93
-0.0568743160102401	0.495883856806621	93
-0.05572923120859	0.483702386076679	93
-0.0530887356812899	0.467823577678091	93
-0.06063648613741	0.496241204441374	684
-0.0644513963175899	0.48021115895097	414
0.0241139061694899	1.266749894679	78
0.02003987206984	1.28896534165828	181
0.0551764991331001	0.801738670462514	1400
0.0158077187263399	1.26102756108818	399
0.0189289548832601	1.30602536417147	693
0.10706672658094	1.11100248716861	18
-0.0568743160102401	0.495883856806621	438
-0.05675622581839	0.920757194893836	93
0.10315315261435	1.13511610435915	93
-0.06063648613741	0.496241204441374	5523
-0.0616582425154799	0.492373840580877	534
-0.06052043613138	0.490388133177384	562
-0.0633108456185501	0.464645860438123	693
0.0551929287270201	0.812976909394855	16
-0.0580454053361901	0.455551518521699	16
-0.0568743160102401	0.495883856806621	16
0.0566302768551601	0.77260766179336	684
-0.0568743160102401	0.495883856806621	414
0.0165946595679001	1.82969637627553	1375
-0.0542384651636401	0.467229328036224	78
0.056328617163	0.799655515803619	78
-0.06063648613741	0.496241204441374	78
0.06031954869066	0.803126574946966	1
-0.0579004643040399	0.49202318700838	199
0.0492123872522101	0.781847457087024	13
0.10371876714158	2.01929441180978	438
0.11518732526473	1.07454548445805	93
-0.0579004643040399	0.49202318700838	93
-0.0579004643040399	0.49202318700838	684
0.0264818687400199	1.27242157954712	78
-0.11643337020792	1.08363651938792	78
-0.0589159815488001	0.914143303603117	199
-0.06063648613741	0.496241204441374	18
-0.059497719513	0.494214957169554	93
-0.0616582425154799	0.492373840580877	684
0.0221230795917899	1.79586703452791	136
-0.11705681033892	1.03977317897777	78
0.02048786239247	1.29813678128894	199
0.0264818687400199	1.27242157954712	16
0.05417681487601	0.818255775519272	16
-0.0667273575026499	0.468296326893888	16
0.0716023800287999	1.63145000786022	18
-0.05675634571362	0.480074557541369	6667
-0.0579004643040399	0.49202318700838	6667
-0.11550601073049	1.08861963142493	136
-0.11238263620382	1.67295513660907	136
-0.0534458595932901	0.913133491220031	78
-0.0591385928217401	0.91000646137514	6503
-0.0638087134429599	0.858580977821659	1
0.0533544900604199	0.798543823637356	199
-0.0550713449557301	0.94180148871399	13
-0.00514035503748	2.14204896292112	402
-0.10721746012315	1.06254383789611	402
-0.11675237049439	0.990593859769246	137
0.05417681487601	0.818255775519272	93
-0.11704945072344	1.06996139490653	93
-0.06177354939839	0.4814693304651	93
-0.059497719513	0.494214957169554	93
-0.06559023197746	0.482086560282311	6667
-0.0618295465843	0.481736426029628	562
-0.10660642610419	1.0558795265849	1375
-0.0579004643040399	0.49202318700838	6503
0.05144520016315	0.790035584511304	2227
-0.08394510879143	2.04465664230769	402
-0.059497719513	0.494214957169554	16
-0.06052043613138	0.490388133177384	50
-0.0588246983865699	0.901304275456203	534
0.0245646601010301	1.29591030761521	386
-0.03540550971573	1.44647489561601	482
-0.0550713449557301	0.94180148871399	5789
-0.0462458617307999	0.870214665390466	1
-0.05123132961671	0.885810660848429	199
0.0136815298407	1.26609990418053	181
0.0591167155802399	0.805629943872835	703
0.04818653525713	0.772855055161654	13
-0.0155338195055199	1.90217048880688	2842
-0.05008100179551	0.93191090480766	402
-0.04419007204489	1.22972186563343	137
-0.12334036713526	1.00012085283073	3639
0.10459142097559	1.12511545857684	1
-0.0557725395913999	0.938123011895745	199
0.0601509585589199	0.795676917498899	199
0.10575911143567	1.06929131605292	37
-0.0579004643040399	0.49202318700838	703
-0.11771560090717	1.00188269639799	13
-0.0386633934840599	1.46131581318859	2842
0.10343176581609	1.0716171232498	135
-0.06063648613741	0.496241204441374	135
-0.059497719513	0.494214957169554	3497
-0.11327521709148	1.07252385669055	482
0.10065067848295	1.05708711866653	6372
-0.0434827799955799	0.83509886046004	1
0.10656651618312	1.13420169721426	703
-0.11921828148414	1.03807540390746	402
0.0179965759203	1.80050052831512	399
-0.0579004643040399	0.49202318700838	16
-0.0583572446607701	0.477525655657704	16
-0.06063648613741	0.496241204441374	135
-0.059497719513	0.494214957169554	53
-0.05904286270737	0.481289667170511	2762
0.05417681487601	0.818255775519272	534
-0.0576779182904901	0.929291058365461	562
-0.059497719513	0.494214957169554	562
0.05620793023729	0.800105690010203	293
0.0214457287693199	1.28458484531245	293
-0.11829035641576	1.03365059411888	482
-0.04312508160186	1.39097264845427	13
-0.05008100179551	0.93191090480766	13
0.09370636985278	1.83512727169862	402
0.0570768834731701	0.799909031316525	16
0.0533544900604199	0.798543823637356	16
0.05112185940806	0.780941164121999	18
-0.0572857210901101	0.919036142009243	18
-0.0583572446607701	0.477525655657704	413
0.0572105793698401	0.834743156597484	3497
0.06031954869066	0.803126574946966	293
0.1086516545301	1.162799445185	402
-0.06177354939839	0.4814693304651	402
-0.11392646560583	0.968626112110158	18
0.05430753821247	0.779995019724468	53
0.05809212963156	0.807140083414171	78
-0.0616582425154799	0.492373840580877	199
0.07339226122305	1.6776625463332	199
-0.05960799861948	0.839324878359255	4268
-0.06063648613741	0.496241204441374	6729
-0.0576779182904901	0.929291058365461	13
0.10251574690634	1.07928186218542	2981
-0.10883626110053	1.05858485182476	18
-0.09744689695806	1.6735844667075	2724
0.09973505047119	1.05549480587302	93
-0.0568743160102401	0.495883856806621	517
-0.0568743160102401	0.495883856806621	413
0.0550630221319199	0.791928577934491	1666
0.0463654831930001	2.00251643167328	2586
0.10809649869514	1.97254933833187	136
0.0725651369940701	1.65970891150055	1259
0.0735865388564301	1.61255393872556	1375
-0.10105884760893	1.75201860240415	482
0.0611957252190301	0.778152824659933	1
-0.11633116032883	1.03253463380996	199
0.05351018089645	0.795689183809482	199
0.05315959470591	0.816442546773927	199
-0.0554602952897001	0.91347174087742	199
0.04862025858939	0.74819181230472	801
0.10773391652068	1.16093427511844	785
-0.06279434677459	0.47788062848249	402
-0.05675634571362	0.480074557541369	18
0.0550630221319199	0.791928577934491	135
-0.0589159815488001	0.914143303603117	517
-0.05675634571362	0.480074557541369	413
-0.05904286270737	0.481289667170511	413
0.0532901895769999	0.784702727100911	413
0.05619409578552	0.826891165505306	413
0.11869236430589	0.997104967207477	413
-0.11797673747806	1.05777226444277	53
0.11559374250629	1.12084544887553	136
0.0161902218984999	1.24378792003936	136
-0.11266192343964	1.06564799910309	482
-0.06177354939839	0.4814693304651	2260
-0.06052043613138	0.490388133177384	801
-0.0566991956673699	0.923723307485463	703
-0.10368261732087	1.01729937490115	6729
-0.05860018948734	0.930835334735118	13
-0.0572857210901101	0.919036142009243	13
0.0208483300514499	1.30080804147551	402
-0.0583018960310699	1.89620299162917	402
-0.0579004643040399	0.49202318700838	402
0.10315315261435	1.13511610435915	16
-0.10491029452112	1.66243274154732	18
-0.05414602204599	0.947571526238211	18
0.0251626232172699	1.24545211168476	135
0.0152062468193599	1.24523306757073	105
0.05417681487601	0.818255775519272	68
0.05323717058988	2.06940953509289	293
0.0551764991331001	0.801738670462514	1
-0.0520897677363199	0.861278743559969	526
-0.11891013423942	1.04320319200212	62
-0.0552330056653201	0.889302931654914	703
-0.04693939565294	0.90029653429341	13
0.1059293862015	1.08791553922085	13
0.0657498927906299	1.6644885592945	402
0.11087498084161	1.14331531411492	2724
0.0187115886076401	1.2888321196006	135
-0.11797673747806	1.05777226444277	68
0.0540470337289101	0.790235868623946	562
0.09818208812045	1.02529565305882	136
0.0544080501020201	2.13376039637443	78
0.0187115886076401	1.2888321196006	1
0.10275551540946	1.10851325832643	62
0.05112185940806	0.780941164121999	801
0.10696626864436	2.01529887680361	181
-0.0583572446607701	0.477525655657704	693
-0.0570626807847401	0.911139436427073	16
0.0575009489312	0.773923407155499	18
-0.0520715614829099	0.916398031917543	2724
-0.11710416048985	0.980839285684297	135
0.0582373153797899	0.833067250464455	135
0.11270997324955	1.14844496261305	53
-0.059497719513	0.494214957169554	53
0.0582373153797899	0.833067250464455	53
-0.0633108456185501	0.464645860438123	2489
-0.11231997519982	1.08259488332025	158
0.0282597130129001	1.23083893578678	4268
0.0643171403242999	0.728249921916184	399
0.0582373153797899	0.833067250464455	402
-0.059497719513	0.494214957169554	693
0.0190759554748301	1.29145046177666	693
-0.11705681033892	1.03977317897777	18
-0.10844019650953	1.00810560716632	135
-0.06177354939839	0.4814693304651	68
-0.11828639803093	1.0492718639215	5517
-0.0525218735491699	0.911679674545905	199
0.10684616645012	1.08615141846386	16
0.05351018089645	0.795689183809482	4569
0.0713294368905899	1.57216073930803	157
-0.059497719513	0.494214957169554	157
-0.10944815733412	1.06530983362102	293
0.10798242202994	1.97361264160891	482
0.0233680959975999	1.28801961088546	526
-0.10782871687058	1.04967446835597	785
-0.11136371903253	1.0845510331437	37
-0.0557725395913999	0.938123011895745	13
0.0615153794208301	0.76919911966243	199
-0.12043023384943	1.06878830857885	785
-0.0579026301726699	0.90654892903118	801
0.11179248647147	1.15044114722927	13
0.10275551540946	1.10851325832643	402
-0.0591385928217401	0.91000646137514	690
-0.0160726188611	2.1360463728215	293
0.0201288675325	1.24605848159405	293
0.0550630221319199	0.791928577934491	3097
0.11140478577734	1.11839627095125	37
0.10275551540946	1.10851325832643	785
-0.05636011767244	0.914592758317666	13
-0.0460169975322999	0.899107574709868	402
-0.11885972093326	1.07655575458954	16
0.05417681487601	0.818255775519272	16
0.10251574690634	1.07928186218542	18
-0.05801767937361	0.484943359002049	18
-0.11766574394259	1.02590463054581	18
0.0560605228864	0.77675196404921	1581
0.0198881428409501	1.30726801757585	135
0.1027656203304	1.10019213374763	157
-0.0498536439347399	0.922931243078693	1536
-0.01451141860795	2.1449332202639	293
0.05809212963156	0.807140083414171	293
-0.11598479252486	1.05051548114361	293
-0.05860018948734	0.930835334735118	3097
-0.06063648613741	0.496241204441374	13
-0.10987290016274	2.20434996261867	402
0.03739699186985	2.47609656121224	16
-0.0538450984357901	0.892806824292108	3644
0.0195273551012001	1.24320573133677	18
-0.11489063387922	1.08145651698971	788
0.0521412742210099	0.806514162297701	18
0.0611957252190301	0.778152824659933	1110
0.1073973302315	1.99745701965595	293
0.0483305036817101	0.780476174113536	3097
0.0613550904407401	0.807151003503648	37
0.0582373153797899	0.833067250464455	785
0.0667976350077799	1.62511956240994	905
0.10995745767011	1.12544632149745	16
-0.06177354939839	0.4814693304651	16
-0.0616582425154799	0.492373840580877	18
-0.06052043613138	0.490388133177384	1581
-0.06063648613741	0.496241204441374	68
-0.06063648613741	0.496241204441374	1399
-0.0616582425154799	0.492373840580877	157
0.01761432083568	1.27005655129762	157
-0.0642029429940201	0.844796860326639	136
0.0441059495318501	2.05020744389203	293
0.05619409578552	0.826891165505306	158
-0.05904286270737	0.481289667170511	3097
0.0622300957094899	0.781886088315577	2342
-0.059497719513	0.494214957169554	569
-0.0552680630421101	0.463898534109862	199
-0.0616582425154799	0.492373840580877	4516
0.10748369259225	1.15499562353462	399
-0.0651023891323399	1.50368673581608	402
-0.04067927220253	1.38403691586679	1761
-0.0616582425154799	0.492373840580877	1581
-0.06063648613741	0.496241204441374	3413
-0.0568743160102401	0.495883856806621	1545
-0.06063648613741	0.496241204441374	1545
-0.0579004643040399	0.49202318700838	53
-0.05801767937361	0.484943359002049	293
-0.0542384651636401	0.467229328036224	4213
-0.0618295465843	0.481736426029628	4213
0.08480825162191	1.58348599959587	158
-0.0568743160102401	0.495883856806621	158
-0.05801767937361	0.484943359002049	569
-0.0618295465843	0.481736426029628	785
0.0591167155802399	0.805629943872835	785
0.05417681487601	0.818255775519272	402
-0.06063648613741	0.496241204441374	860
-0.05801767937361	0.484943359002049	1905
-0.06177354939839	0.4814693304651	16
-0.06052043613138	0.490388133177384	377
0.0583940771782701	0.788473508071466	105
-0.0579004643040399	0.49202318700838	68
-0.07842441557333	1.59569035248959	158
-0.0616582425154799	0.492373840580877	2601
-0.06063648613741	0.496241204441374	62
-0.06063648613741	0.496241204441374	860
-0.0538450984357901	0.892806824292108	230
-0.0583572446607701	0.477525655657704	1372
0.05417681487601	0.818255775519272	1761
-0.06063648613741	0.496241204441374	2133
0.0483305036817101	0.780476174113536	2133
-0.06052043613138	0.490388133177384	1399
0.10956937960495	1.15668374513788	476
-0.0579004643040399	0.49202318700838	78
0.05227173597449	0.783026833489421	62
0.0521412742210099	0.806514162297701	785
-0.059497719513	0.494214957169554	37
-0.059497719513	0.494214957169554	4025
-0.06559023197746	0.482086560282311	4025
0.0613550904407401	0.807151003503648	13
-0.02678967654468	1.94329545386236	402
0.0249148082525199	1.22029109049813	402
0.0665843150429399	1.51027006019078	16
-0.0582118804921601	0.917638019544922	16
-0.059497719513	0.494214957169554	16
-0.0616582425154799	0.492373840580877	16
-0.06279434677459	0.47788062848249	16
-0.059497719513	0.494214957169554	788
-0.06063648613741	0.496241204441374	2133
-0.0644513963175899	0.48021115895097	2957
-0.059497719513	0.494214957169554	1459
-0.06559023197746	0.482086560282311	4806
-0.0542384651636401	0.467229328036224	135
-0.059497719513	0.494214957169554	1399
-0.0579004643040399	0.49202318700838	68
-0.06063648613741	0.496241204441374	1545
-0.0644513963175899	0.48021115895097	158
-0.059497719513	0.494214957169554	158
-0.0568743160102401	0.495883856806621	4629
-0.06559023197746	0.482086560282311	2312
-0.06063648613741	0.496241204441374	569
-0.06177354939839	0.4814693304651	37
-0.06052043613138	0.490388133177384	402
-0.06063648613741	0.496241204441374	16
-0.0644513963175899	0.48021115895097	16
-0.06063648613741	0.496241204441374	6049
-0.06063648613741	0.496241204441374	2957
-0.0568743160102401	0.495883856806621	135
-0.0579004643040399	0.49202318700838	1545
-0.0565826522592701	0.886995061924419	293
0.10602919842911	2.00587092939448	158
-0.0530887356812899	0.467823577678091	158
-0.0606843724036299	0.470390640612341	158
-0.059497719513	0.494214957169554	3097
-0.0568743160102401	0.495883856806621	3097
-0.0579004643040399	0.49202318700838	785
-0.0542384651636401	0.467229328036224	402
-0.0616582425154799	0.492373840580877	137
0.0550630221319199	0.791928577934491	230
-0.059497719513	0.494214957169554	16
-0.0579004643040399	0.49202318700838	2327
-0.10590414925281	1.67081009001378	293
0.0604796737503901	0.775008303988958	1306
-0.06052043613138	0.490388133177384	158
-0.0542384651636401	0.467229328036224	158
-0.059497719513	0.494214957169554	158
-0.06559023197746	0.482086560282311	6473
-0.0535534280094501	0.885153658106795	1363
-0.05675634571362	0.480074557541369	785
-0.06177354939839	0.4814693304651	3400
-0.0974478323774099	1.7319442484842	402
-0.04312508160186	1.39097264845427	137
0.0521412742210099	0.806514162297701	275
-0.0644513963175899	0.48021115895097	68
-0.06052043613138	0.490388133177384	68
-0.05572923120859	0.483702386076679	157
-0.0568743160102401	0.495883856806621	390
-0.0536950895629	0.895596644472506	293
-0.10342384112794	1.028992328076	293
-0.0579004643040399	0.49202318700838	293
0.05227173597449	0.783026833489421	1306
-0.0593809227603399	0.474013409533136	2614
-0.059497719513	0.494214957169554	158
-0.07750028406989	1.5879903600619	158
-0.0616582425154799	0.492373840580877	158
-0.05801767937361	0.484943359002049	158
-0.0616582425154799	0.492373840580877	997
-0.05801767937361	0.484943359002049	6202
-0.0568743160102401	0.495883856806621	158
-0.059497719513	0.494214957169554	158
0.10315315261435	1.13511610435915	158
-0.0616582425154799	0.492373840580877	626
-0.06063648613741	0.496241204441374	626
-0.0616582425154799	0.492373840580877	13
0.0592727256605901	0.82219585210137	402
0.0678141521476801	1.66891978190191	16
-0.12282074538436	1.00913265293922	541
-0.0579004643040399	0.49202318700838	755
-0.06063648613741	0.496241204441374	587
0.0582373153797899	0.833067250464455	587
-0.06063648613741	0.496241204441374	3490
-0.06052043613138	0.490388133177384	3490
-0.0616582425154799	0.492373840580877	611
-0.05801767937361	0.484943359002049	2310
-0.06052043613138	0.490388133177384	2310
-0.0616582425154799	0.492373840580877	2225
-0.0583572446607701	0.477525655657704	1545
-0.05675634571362	0.480074557541369	1545
-0.03992207608367	2.35624927704877	293
-0.06279434677459	0.47788062848249	293
-0.05919523792366	0.454981857050048	1306
-0.059497719513	0.494214957169554	1306
-0.0616582425154799	0.492373840580877	997
-0.06063648613741	0.496241204441374	6202
-0.0530887356812899	0.467823577678091	3434
-0.06063648613741	0.496241204441374	626
-0.0591385928217401	0.91000646137514	1580
-0.06052043613138	0.490388133177384	1071
-0.059497719513	0.494214957169554	1071
0.05232267192699	0.791428090071257	541
-0.05904286270737	0.481289667170511	755
-0.0616582425154799	0.492373840580877	587
-0.0333734919797299	1.41927111659811	377
-0.059497719513	0.494214957169554	3490
-0.06177354939839	0.4814693304651	2650
-0.0736408494843801	1.52938830361892	1459
-0.05801767937361	0.484943359002049	611
-0.06559023197746	0.482086560282311	135
-0.05675634571362	0.480074557541369	68
-0.06559023197746	0.482086560282311	2225
-0.06279434677459	0.47788062848249	2225
-0.059497719513	0.494214957169554	390
-0.05801767937361	0.484943359002049	390
0.0247101867642801	1.26998858648703	158
-0.06063648613741	0.496241204441374	6202
-0.11489063387922	1.08145651698971	785
-0.0510048869351101	0.929289822330005	402
-0.06279434677459	0.47788062848249	755
-0.05898134923807	0.849018231938026	587
0.05619409578552	0.826891165505306	377
-0.0532212644682	0.945933692594188	690
0.05619409578552	0.826891165505306	1406
0.0533544900604199	0.798543823637356	158
-0.12089982270991	1.00036478654867	785
-0.0326777109823599	1.38696914582064	13
-0.0542795485068399	1.97158601110792	402
0.10995349630372	1.12275632718197	377
0.10565049046471	1.11545348653939	18
-0.0568743160102401	0.495883856806621	275
-0.06063648613741	0.496241204441374	690
-0.06063648613741	0.496241204441374	6681
0.10681616686465	1.15057815872485	158
-0.0568743160102401	0.495883856806621	158
-0.0606843724036299	0.470390640612341	158
-0.0534458595932901	0.913133491220031	4093
0.04936436528172	0.782164195498418	13
-0.04853056643275	1.92739543849387	1580
0.0782788321196799	1.65063338460182	402
-0.0236715406917301	1.96433031835437	402
-0.11952777979711	1.04974449363578	377
-0.05904286270737	0.481289667170511	377
0.05619409578552	0.826891165505306	18
-0.06063648613741	0.496241204441374	275
0.05315959470591	0.816442546773927	611
0.11312060017542	1.11141385004251	511
-0.0626624251219099	0.901871383330684	511
0.11403691272268	1.10961868546429	1395
-0.05904286270737	0.481289667170511	1306
-0.0667273575026499	0.468296326893888	1306
-0.0616582425154799	0.492373840580877	2615
-0.06063648613741	0.496241204441374	158
-0.0606843724036299	0.470390640612341	3286
-0.06559023197746	0.482086560282311	1414
0.0492123872522101	0.781847457087024	611
-0.06052043613138	0.490388133177384	68
-0.05904286270737	0.481289667170511	472
-0.06297299241856	0.471523509137131	390
0.0113120118200001	1.17494613207043	511
-0.11581750224674	1.07655144912133	511
-0.0616582425154799	0.492373840580877	3075
-0.0616582425154799	0.492373840580877	158
-0.05904286270737	0.481289667170511	158
-0.06052043613138	0.490388133177384	158
-0.059497719513	0.494214957169554	13
-0.0333809630894899	1.44314264219983	1090
0.05809212963156	0.807140083414171	792
-0.06052043613138	0.490388133177384	2689
-0.06559023197746	0.482086560282311	18
-0.059497719513	0.494214957169554	18
0.0533544900604199	0.798543823637356	1534
-0.11300238690974	1.00871379122057	511
0.10931801144484	1.16730736985013	1395
-0.06559023197746	0.482086560282311	1306
-0.06063648613741	0.496241204441374	158
-0.06063648613741	0.496241204441374	158
-0.0530887356812899	0.467823577678091	158
-0.0616582425154799	0.492373840580877	4093
0.0569131083782899	0.694250153195253	599
-0.0568743160102401	0.495883856806621	458
-0.0542384651636401	0.467229328036224	785
-0.05801767937361	0.484943359002049	377
-0.06279434677459	0.47788062848249	18
-0.06063648613741	0.496241204441374	275
-0.059497719513	0.494214957169554	135
-0.0593809227603399	0.474013409533136	219
-0.02635123615476	1.88848852527389	511
-0.0552330056653201	0.889302931654914	1395
-0.10499336748645	1.03212062963374	1306
-0.059497719513	0.494214957169554	158
-0.0542384651636401	0.467229328036224	158
-0.06177354939839	0.4814693304651	785
-0.05904286270737	0.481289667170511	2101
-0.05801767937361	0.484943359002049	13
0.0492123872522101	0.781847457087024	137
-0.0616582425154799	0.492373840580877	237
-0.0633108456185501	0.464645860438123	275
0.0572105793698401	0.834743156597484	472
-0.06063648613741	0.496241204441374	390
-0.06052043613138	0.490388133177384	390
-0.0572857210901101	0.919036142009243	221
-0.06052043613138	0.490388133177384	1306
0.05144520016315	0.790035584511304	2962
0.06326345478609	0.775940017987127	158
0.10890336071473	1.10729097386897	158
0.0492123872522101	0.781847457087024	2808
-0.0568743160102401	0.495883856806621	626
-0.05572923120859	0.483702386076679	237
-0.10900888545356	1.69554707210087	377
-0.06052043613138	0.490388133177384	68
-0.04157961534841	1.43544155407907	1395
-0.05615515887141	0.886897512589869	158
-0.059497719513	0.494214957169554	158
-0.05801767937361	0.484943359002049	1361
-0.0530887356812899	0.467823577678091	800
-0.06177354939839	0.4814693304651	626
-0.06177354939839	0.4814693304651	532
-0.0565826522592701	0.886995061924419	13
-0.0583572446607701	0.477525655657704	402
0.0560605228864	0.77675196404921	3901
-0.0593809227603399	0.474013409533136	3621
-0.06063648613741	0.496241204441374	68
-0.059497719513	0.494214957169554	158
-0.05904286270737	0.481289667170511	61
-0.11920197706466	1.03746578119205	158
-0.05008100179551	0.93191090480766	800
-0.059497719513	0.494214957169554	5404
-0.06177354939839	0.4814693304651	2953
0.06031954869066	0.803126574946966	237
-0.06063648613741	0.496241204441374	275
-0.0579004643040399	0.49202318700838	3621
0.0572105793698401	0.834743156597484	275
0.0572105793698401	0.834743156597484	68
-0.06063648613741	0.496241204441374	1343
-0.05860018948734	0.930835334735118	390
-0.0579004643040399	0.49202318700838	158
-0.0580454053361901	0.455551518521699	158
-0.05801767937361	0.484943359002049	61
-0.06559023197746	0.482086560282311	158
0.0611957252190301	0.778152824659933	158
-0.05572923120859	0.483702386076679	785
-0.06063648613741	0.496241204441374	2812
0.05531089448754	0.792558984587613	377
-0.05572923120859	0.483702386076679	621
-0.06279434677459	0.47788062848249	135
-0.0616582425154799	0.492373840580877	4919
0.0572105793698401	0.834743156597484	135
-0.0476331831607799	0.897043378997354	390
-0.05801767937361	0.484943359002049	1306
-0.059497719513	0.494214957169554	814
-0.0644513963175899	0.48021115895097	1250
-0.059497719513	0.494214957169554	158
-0.10883626110053	1.05858485182476	785
-0.0576779182904901	0.929291058365461	402
-0.06063648613741	0.496241204441374	1260
-0.05904286270737	0.481289667170511	5095
-0.09574141082675	1.69999138114104	690
-0.0365658528433199	1.38892072023959	293
-0.05392091511109	0.94223471350495	158
-0.059497719513	0.494214957169554	1250
-0.0572857210901101	0.919036142009243	158
0.05438529682761	0.797094245861736	4061
0.05541508664753	0.7873688359798	858
-0.0616582425154799	0.492373840580877	457
-0.11219775577556	1.65611259290877	1090
0.0465357674914699	0.731250774047024	402
0.0551929287270201	0.812976909394855	402
-0.06063648613741	0.496241204441374	2956
0.10969916945116	1.10285237358036	5095
0.0611957252190301	0.778152824659933	5095
-0.059497719513	0.494214957169554	275
-0.0568743160102401	0.495883856806621	6122
-0.06297299241856	0.471523509137131	892
-0.05572923120859	0.483702386076679	959
-0.059497719513	0.494214957169554	135
-0.0633108456185501	0.464645860438123	1212
-0.0846085302262201	2.0932928959475	476
-0.0827258174001799	2.0836678547525	511
-0.05572923120859	0.483702386076679	293
-0.06063648613741	0.496241204441374	1306
-0.06559023197746	0.482086560282311	2647
-0.0568743160102401	0.495883856806621	1250
-0.05572923120859	0.483702386076679	158
-0.06063648613741	0.496241204441374	92
-0.06177354939839	0.4814693304651	457
-0.0580454053361901	0.455551518521699	92
-0.0593809227603399	0.474013409533136	402
-0.0371265424734299	1.44208137866153	718
-0.0595230362863	0.925253579314697	718
-0.05801767937361	0.484943359002049	1260
-0.06177354939839	0.4814693304651	5095
-0.06177354939839	0.4814693304651	275
-0.0579004643040399	0.49202318700838	68
-0.0568743160102401	0.495883856806621	390
-0.05801767937361	0.484943359002049	158
-0.04117050478827	1.4349581590193	158
-0.0644513963175899	0.48021115895097	1485
-0.0618295465843	0.481736426029628	158
-0.0568743160102401	0.495883856806621	158
-0.0568743160102401	0.495883856806621	5208
-0.0616582425154799	0.492373840580877	457
-0.06177354939839	0.4814693304651	532
-0.0616582425154799	0.492373840580877	13
-0.06177354939839	0.4814693304651	402
0.05302994366099	0.781077927548675	402
-0.059497719513	0.494214957169554	5095
0.05531089448754	0.792558984587613	237
0.05227173597449	0.783026833489421	959
-0.05904286270737	0.481289667170511	68
-0.05801767937361	0.484943359002049	68
-0.0579004643040399	0.49202318700838	1614
-0.0616582425154799	0.492373840580877	1614
-0.05801767937361	0.484943359002049	1614
-0.059497719513	0.494214957169554	390
0.00808293626130996	2.20735363377212	78
0.05315959470591	0.816442546773927	158
-0.06358669974006	0.894492342440027	5208
0.0592727256605901	0.82219585210137	92
-0.10817596077847	1.06425847440415	369
0.07435331639904	1.66904771231349	158
0.0174438086859401	1.74916877546174	158
0.0572105793698401	0.834743156597484	61
-0.05904286270737	0.481289667170511	513
-0.0568743160102401	0.495883856806621	2212
-0.11581750224674	1.07655144912133	390
0.0710516063682201	1.65267673517159	1735
-0.0260747666317001	1.42590799193149	956
-0.0498536439347399	0.922931243078693	513
0.0572105793698401	0.834743156597484	2212
-0.07533740769114	1.59301046416658	402
0.1049859459328	1.1470405998044	2689
0.01952901834901	1.29690666207169	2689
-0.059497719513	0.494214957169554	137
-0.0579004643040399	0.49202318700838	390
-0.10056957661425	1.70532871559753	956
0.10001576279484	1.10571681036778	956
-0.10564725841022	1.04591816116305	956
-0.06559023197746	0.482086560282311	129
-0.0552680630421101	0.463898534109862	513
-0.05675634571362	0.480074557541369	718
-0.07782331697866	2.05656178423089	1174
-0.11101891692513	1.06545061732556	78
-0.0579004643040399	0.49202318700838	4203
0.10367347048948	1.12043484864481	3288
0.07243186990972	1.67726731719522	513
-0.0644513963175899	0.48021115895097	1738
0.0611957252190301	0.778152824659933	402
-0.0572857210901101	0.919036142009243	718
-0.06279434677459	0.47788062848249	718
-0.059497719513	0.494214957169554	135
0.0653506207102801	0.74306561837234	135
-0.0524001463600401	0.888745169321819	68
0.0265252012541299	2.34197706402075	956
-0.11674380720213	1.06420930573076	956
-0.0673391256953	0.830613701755689	129
-0.0616582425154799	0.492373840580877	2212
-0.0912849192740901	2.04611241710371	1566
0.0540470337289101	0.790235868623946	718
0.0572105793698401	0.834743156597484	2689
-0.06279434677459	0.47788062848249	708
0.0786275657262701	1.64175715763471	5410
-0.0616582425154799	0.492373840580877	604
-0.0606843724036299	0.470390640612341	41
-0.0616582425154799	0.492373840580877	68
0.12096837861734	2.13834611723999	61
-0.11474359193762	1.65629841551065	2689
-0.0611621984439801	1.95189489799392	2953
-0.0579004643040399	0.49202318700838	237
-0.0498536439347399	0.922931243078693	62
-0.11766574394259	1.02590463054581	513
0.05478014648218	2.07949549727759	2212
-0.059497719513	0.494214957169554	2212
-0.0568743160102401	0.495883856806621	402
-0.08462075111823	2.09123213881029	1566
0.0572105793698401	0.834743156597484	718
0.0739429649001699	1.68242781679465	2461
0.0583940771782701	0.788473508071466	1028
0.05438529682761	0.797094245861736	604
0.1086516545301	1.162799445185	68
-0.10421374502334	1.74486692957313	402
-0.10599561465091	1.0179502153844	718
0.0517391648975001	0.724198618782369	237
-0.11144679835682	1.71701470752696	78
-0.06177354939839	0.4814693304651	4863
-0.059497719513	0.494214957169554	4202
-0.0568743160102401	0.495883856806621	750
-0.0606843724036299	0.470390640612341	129
-0.0583749548711501	0.901498517822088	129
-0.06052043613138	0.490388133177384	513
-0.05801767937361	0.484943359002049	92
-0.06279434677459	0.47788062848249	320
0.05619409578552	0.826891165505306	78
0.0611957252190301	0.778152824659933	506
-0.06052043613138	0.490388133177384	3058
-0.0606843724036299	0.470390640612341	62
-0.05675634571362	0.480074557541369	129
-0.06297299241856	0.471523509137131	513
0.05315959470591	0.816442546773927	137
0.0592727256605901	0.82219585210137	936
0.05809212963156	0.807140083414171	2953
-0.059497719513	0.494214957169554	604
-0.0579004643040399	0.49202318700838	1174
-0.0616582425154799	0.492373840580877	41
-0.0616582425154799	0.492373840580877	135
-0.059497719513	0.494214957169554	232
0.04730248729957	0.771510174460089	750
-0.0644513963175899	0.48021115895097	750
-0.0532212644682	0.945933692594188	129
-0.0870036668791501	1.46798948323993	62
-0.059497719513	0.494214957169554	2182
-0.0529250999145601	0.887906962352898	402
-0.0717599997237699	1.5622256376078	402
0.05531089448754	0.792558984587613	402
-0.0778905950642901	1.5997445625197	402
0.0183135669799199	1.84137671220922	718
-0.0514747095956001	0.891142800035245	2694
0.01300582082071	1.1753198007828	604
-0.0579004643040399	0.49202318700838	135
0.0591167155802399	0.805629943872835	690
-0.11162745252921	1.67615283012708	293
-0.0970024241827501	1.95826028571866	293
0.0521412742210099	0.806514162297701	78
0.0292222895699601	1.25101352315699	129
0.01132001913611	2.05809904117747	62
0.05417681487601	0.818255775519272	62
-0.059497719513	0.494214957169554	129
0.0592727256605901	0.82219585210137	137
-0.1147151667838	1.07294021651615	2694
0.0551764991331001	0.801738670462514	1828
-0.06052043613138	0.490388133177384	135
-0.0583572446607701	0.477525655657704	267
-0.0568743160102401	0.495883856806621	1195
-0.059497719513	0.494214957169554	239
-0.06063648613741	0.496241204441374	506
-0.0441739766197899	0.861999007421431	78
-0.06063648613741	0.496241204441374	750
-0.0568743160102401	0.495883856806621	129
-0.0583572446607701	0.477525655657704	129
-0.0583572446607701	0.477525655657704	3058
0.0566302768551601	0.77260766179336	467
-0.0616582425154799	0.492373840580877	402
-0.06063648613741	0.496241204441374	402
0.0550630221319199	0.791928577934491	343
-0.0681158942206701	1.55945713175359	343
0.05478014648218	2.07949549727759	343
0.05809212963156	0.807140083414171	402
-0.0616582425154799	0.492373840580877	936
-0.059497719513	0.494214957169554	816
-0.0568743160102401	0.495883856806621	2694
-0.05572923120859	0.483702386076679	613
-0.06279434677459	0.47788062848249	1828
-0.0616582425154799	0.492373840580877	1828
-0.05572923120859	0.483702386076679	135
-0.059497719513	0.494214957169554	690
-0.0593809227603399	0.474013409533136	68
-0.0629456284947001	1.50113967344354	293
-0.06063648613741	0.496241204441374	239
-0.0568743160102401	0.495883856806621	78
-0.0568743160102401	0.495883856806621	1084
-0.10151962076304	1.70559101046983	129
-0.06063648613741	0.496241204441374	402
-0.06052043613138	0.490388133177384	388
-0.0616582425154799	0.492373840580877	1253
-0.06063648613741	0.496241204441374	669
-0.06559023197746	0.482086560282311	506
-0.0616582425154799	0.492373840580877	2600
-0.0568743160102401	0.495883856806621	2412
-0.0606843724036299	0.470390640612341	1769
-0.06063648613741	0.496241204441374	1769
0.0358129444573101	1.2078934787044	92
0.05302994366099	0.781077927548675	402
-0.0644513963175899	0.48021115895097	402
-0.06279434677459	0.47788062848249	5637
-0.06063648613741	0.496241204441374	1195
0.05417681487601	0.818255775519272	506
0.0601509585589199	0.795676917498899	506
-0.06077149118462	0.891478625847695	78
0.0521412742210099	0.806514162297701	78
-0.0616582425154799	0.492373840580877	2600
-0.059497719513	0.494214957169554	129
0.0582373153797899	0.833067250464455	129
-0.059497719513	0.494214957169554	129
-0.0541193045433701	0.464483475976238	129
-0.0618295465843	0.481736426029628	62
-0.05675634571362	0.480074557541369	92
-0.06177354939839	0.4814693304651	4444
0.11179248647147	1.15044114722927	343
-0.11170703041015	1.07555757668303	402
0.0572218133672799	0.773281697522674	402
-0.05904286270737	0.481289667170511	2092
-0.059497719513	0.494214957169554	1174
-0.05801767937361	0.484943359002049	5637
-0.06297299241856	0.471523509137131	232
-0.06177354939839	0.4814693304651	68
-0.0644513963175899	0.48021115895097	506
-0.059497719513	0.494214957169554	78
-0.0616582425154799	0.492373840580877	2412
-0.0568743160102401	0.495883856806621	129
-0.0552680630421101	0.463898534109862	1084
-0.06052043613138	0.490388133177384	129
-0.06063648613741	0.496241204441374	1769
-0.06063648613741	0.496241204441374	92
-0.0616582425154799	0.492373840580877	402
-0.0303824445415799	1.40040902671217	402
0.05735749803274	0.79819843367282	402
0.0540470337289101	0.790235868623946	402
-0.06559023197746	0.482086560282311	402
-0.06063648613741	0.496241204441374	936
-0.05904286270737	0.481289667170511	2694
-0.0633108456185501	0.464645860438123	232
-0.0616582425154799	0.492373840580877	68
0.0582373153797899	0.833067250464455	6839
-0.0542384651636401	0.467229328036224	224
-0.05414602204599	0.947571526238211	78
-0.06063648613741	0.496241204441374	78
-0.05572923120859	0.483702386076679	1035
-0.05974733981212	0.888174408544622	129
-0.0785671397866099	1.60434844618062	129
-0.0593809227603399	0.474013409533136	513
-0.06052043613138	0.490388133177384	513
-0.0583572446607701	0.477525655657704	402
-0.05904286270737	0.481289667170511	402
0.06031954869066	0.803126574946966	936
-0.05572923120859	0.483702386076679	1253
-0.0593809227603399	0.474013409533136	1174
-0.0579004643040399	0.49202318700838	669
-0.05572923120859	0.483702386076679	68
0.05315959470591	0.816442546773927	2600
-0.05801767937361	0.484943359002049	78
-0.05801767937361	0.484943359002049	129
-0.06063648613741	0.496241204441374	1084
-0.059497719513	0.494214957169554	3139
-0.06177354939839	0.4814693304651	513
-0.059497719513	0.494214957169554	1828
-0.06177354939839	0.4814693304651	1801
-0.06052043613138	0.490388133177384	68
-0.11459221843452	1.66036936136368	506
0.0201288675325	1.24605848159405	78
0.0551929287270201	0.812976909394855	1035
-0.06279434677459	0.47788062848249	2758
0.0504112002052399	0.767400195079608	2758
-0.06052043613138	0.490388133177384	107
-0.06177354939839	0.4814693304651	78
-0.0507777272693699	0.928363970169061	1035
-0.0785671397866099	1.60434844618062	402
0.02396648441176	1.30496325541941	426
-0.10368261732087	1.01729937490115	237
-0.05801767937361	0.484943359002049	5787
0.10208499250904	1.06353575318535	1174
0.0572105793698401	0.834743156597484	380
-0.06052043613138	0.490388133177384	232
-0.059497719513	0.494214957169554	78
-0.05599723010918	0.927282037201194	129
-0.0617359097136501	0.780715271236722	750
-0.059497719513	0.494214957169554	1035
0.05620793023729	0.800105690010203	1135
-0.11249278530892	1.04671588007759	129
-0.10368261732087	1.01729937490115	129
-0.0554602952897001	0.91347174087742	402
0.06638307685273	0.742316619573786	402
-0.059497719513	0.494214957169554	1089
0.0591167155802399	0.805629943872835	1089
-0.0530887356812899	0.467823577678091	380
-0.06063648613741	0.496241204441374	122
-0.05572923120859	0.483702386076679	2255
-0.059497719513	0.494214957169554	2255
-0.0616582425154799	0.492373840580877	107
0.0540470337289101	0.790235868623946	68
0.06326345478609	0.775940017987127	78
-0.0618295465843	0.481736426029628	1035
-0.0616582425154799	0.492373840580877	1135
-0.0572857210901101	0.919036142009243	1135
-0.11741665782588	1.80014391065858	129
-0.0568743160102401	0.495883856806621	129
-0.0644513963175899	0.48021115895097	402
-0.0525218735491699	0.911679674545905	402
-0.0530887356812899	0.467823577678091	2612
-0.05904286270737	0.481289667170511	380
-0.0568743160102401	0.495883856806621	135
-0.0568743160102401	0.495883856806621	6267
0.0555991892937799	0.768942273133485	239
-0.06063648613741	0.496241204441374	239
0.0622300957094899	0.781886088315577	1135
-0.06063648613741	0.496241204441374	129
-0.0667273575026499	0.468296326893888	402
-0.06063648613741	0.496241204441374	3275
-0.06063648613741	0.496241204441374	2441
-0.06063648613741	0.496241204441374	380
-0.05801767937361	0.484943359002049	369
-0.0579004643040399	0.49202318700838	1858
-0.05572923120859	0.483702386076679	6392
-0.059497719513	0.494214957169554	3133
0.05232267192699	0.791428090071257	130
-0.06177354939839	0.4814693304651	129
-0.0568743160102401	0.495883856806621	129
-0.06279434677459	0.47788062848249	1135
-0.0568743160102401	0.495883856806621	129
-0.0568743160102401	0.495883856806621	402
-0.03851313392061	1.39655249164404	402
-0.059497719513	0.494214957169554	706
-0.0610382170719099	0.880644267347502	426
-0.0568743160102401	0.495883856806621	273
-0.05801767937361	0.484943359002049	1089
-0.0579004643040399	0.49202318700838	6717
-0.06063648613741	0.496241204441374	122
-0.06559023197746	0.482086560282311	1858
-0.0644513963175899	0.48021115895097	239
0.056328617163	0.799655515803619	130
-0.059497719513	0.494214957169554	130
-0.0278783341217199	1.31767734292773	129
-0.0580454053361901	0.455551518521699	1135
0.05227173597449	0.783026833489421	1135
-0.059497719513	0.494214957169554	1135
-0.05698113828588	0.90513184999415	129
-0.0552680630421101	0.463898534109862	3096
0.0230051465241501	1.30756304505107	402
0.05417681487601	0.818255775519272	3275
0.05417681487601	0.818255775519272	426
-0.0616582425154799	0.492373840580877	222
-0.0616582425154799	0.492373840580877	222
-0.06063648613741	0.496241204441374	5506
-0.06710679579525	1.58215490103661	237
0.05232267192699	0.791428090071257	6717
-0.06063648613741	0.496241204441374	5223
-0.06063648613741	0.496241204441374	369
-0.059497719513	0.494214957169554	107
-0.0616582425154799	0.492373840580877	2255
-0.05572923120859	0.483702386076679	1188
-0.06063648613741	0.496241204441374	1188
-0.0606843724036299	0.470390640612341	68
-0.0568743160102401	0.495883856806621	78
-0.0616582425154799	0.492373840580877	129
0.05809212963156	0.807140083414171	129
0.0533544900604199	0.798543823637356	129
0.056328617163	0.799655515803619	129
-0.06052043613138	0.490388133177384	129
-0.06177354939839	0.4814693304651	3096
-0.06177354939839	0.4814693304651	3096
-0.0530887356812899	0.467823577678091	402
-0.0872122571334599	2.0731919689768	402
0.12030443082239	1.04620116760618	706
0.0611957252190301	0.778152824659933	835
-0.06052043613138	0.490388133177384	380
-0.0579004643040399	0.49202318700838	122
0.1158489715223	1.11994504979428	423
0.05532377586147	0.768431001165015	173
0.10748369259225	1.15499562353462	129
-0.0616582425154799	0.492373840580877	129
0.0540470337289101	0.790235868623946	129
-0.05801767937361	0.484943359002049	3096
-0.11345151313465	1.03015684946916	402
-0.11798375534155	1.0442676163903	426
0.0603071329204801	0.795614981865339	820
-0.059497719513	0.494214957169554	273
-0.0616582425154799	0.492373840580877	273
-0.05801767937361	0.484943359002049	222
0.11493174938684	1.11678784693576	6717
-0.0568743160102401	0.495883856806621	2441
0.0613550904407401	0.807151003503648	1174
-0.0532212644682	0.945933692594188	380
-0.0618295465843	0.481736426029628	380
-0.05572923120859	0.483702386076679	107
-0.0579890535307399	0.915536982755399	107
-0.06063648613741	0.496241204441374	173
0.06638307685273	0.742316619573786	129
-0.0568743160102401	0.495883856806621	1035
-0.05801767937361	0.484943359002049	1135
0.05232267192699	0.791428090071257	1135
0.0213857490848901	1.13833218808436	129
-0.0593809227603399	0.474013409533136	129
0.05619409578552	0.826891165505306	402
-0.0644513963175899	0.48021115895097	222
-0.06052043613138	0.490388133177384	222
-0.0618295465843	0.481736426029628	2612
-0.0583572446607701	0.477525655657704	1174
0.11191512948261	1.07439192649412	1174
-0.06177354939839	0.4814693304651	503
-0.059497719513	0.494214957169554	135
-0.0568743160102401	0.495883856806621	107
-0.0667273575026499	0.468296326893888	107
-0.0568743160102401	0.495883856806621	1188
-0.0552680630421101	0.463898534109862	129
0.0239688672621601	1.20892739210645	129
0.0570768834731701	0.799909031316525	1035
0.0586893607724901	0.746685453812807	129
-0.06177354939839	0.4814693304651	129
0.05620793023729	0.800105690010203	129
-0.05414602204599	0.947571526238211	129
-0.0568743160102401	0.495883856806621	129
-0.059497719513	0.494214957169554	402
-0.0616582425154799	0.492373840580877	820
-0.11598479252486	1.05051548114361	2612
-0.0582118804921601	0.917638019544922	1174
-0.0616582425154799	0.492373840580877	1174
-0.06052043613138	0.490388133177384	503
-0.0281682079640799	1.41347694743078	4261
-0.0780336340933701	1.60844709920872	690
-0.06279434677459	0.47788062848249	107
-0.0583572446607701	0.477525655657704	1188
-0.0143447532106999	1.8805043807535	173
-0.06451153434644	0.879805073395112	129
0.1049859459328	1.1470405998044	129
0.0483305036817101	0.780476174113536	129
0.0591167155802399	0.805629943872835	260
-0.0550994366800199	0.824576457414919	129
-0.05801767937361	0.484943359002049	2612
-0.0591385928217401	0.91000646137514	1313
-0.0568743160102401	0.495883856806621	503
0.05430753821247	0.779995019724468	122
0.056328617163	0.799655515803619	3185
0.05417681487601	0.818255775519272	129
-0.0476331831607799	0.897043378997354	129
0.0570768834731701	0.799909031316525	129
0.0629536650314699	1.51338255145222	402
-0.05484644504348	0.943849821194801	2612
-0.06297299241856	0.471523509137131	503
0.05417681487601	0.818255775519272	122
0.0613550904407401	0.807151003503648	107
-0.06063648613741	0.496241204441374	68
-0.10592055671489	1.68299841167416	173
0.05227173597449	0.783026833489421	129
0.0582373153797899	0.833067250464455	2134
0.02434091403998	1.23526086734722	821
0.1115397472547	1.14763224713205	107
0.0189077392455601	1.7435332327942	107
-0.11422944633913	1.05267827513219	68
-0.06177354939839	0.4814693304651	68
-0.0266335078044	1.42200778701776	129
0.0224085488677399	1.27785405705622	260
0.0560605228864	0.77675196404921	129
-0.11136371903253	1.0845510331437	129
0.11467708458496	1.10660423007783	402
-0.06279434677459	0.47788062848249	3375
-0.059497719513	0.494214957169554	3375
-0.06052043613138	0.490388133177384	426
-0.11532748512475	1.07013036306803	1277
-0.06559023197746	0.482086560282311	2465
-0.06279434677459	0.47788062848249	2465
0.0622300957094899	0.781886088315577	167
-0.11170703041015	1.07555757668303	4261
-0.0510868827259101	0.847219635019233	107
-0.12200065819253	1.01967162579292	173
0.0540470337289101	0.790235868623946	129
-0.10599561465091	1.0179502153844	402
0.07063997548171	1.68618809450882	402
-0.10755347909584	1.64018698371789	217
-0.11947361078498	1.07370359467212	1277
-0.11828639803093	1.0492718639215	503
0.05709166989995	0.775275822590163	129
0.01596338871235	1.29079152326257	129
-0.0568743160102401	0.495883856806621	2285
0.0572105793698401	0.834743156597484	402
0.01679384385544	1.77003286268054	706
-0.05801767937361	0.484943359002049	503
-0.0280242926375001	1.45047386477882	369
0.10209922755353	1.06760008190437	423
-0.0169048610523099	1.34475831633687	402
-0.0333003187813701	1.42336299962892	281
0.00996646669121004	1.23061406500391	706
0.02731100876406	1.22919305290062	1277
-0.0317034613609599	1.39684953108406	2612
0.11270997324955	1.14844496261305	167
-0.04821628514989	0.845561076579963	4261
-0.05801767937361	0.484943359002049	68
-0.0579890535307399	0.915536982755399	68
-0.0722299191434099	1.50731450020906	129
0.0604796737503901	0.775008303988958	976
-0.06279434677459	0.47788062848249	402
0.11087498084161	1.14331531411492	426
-0.0591385928217401	0.91000646137514	879
-0.0600658550298201	0.894793494020535	503
-0.10721746012315	1.06254383789611	167
0.06836539021512	1.60514267158013	173
-0.06052043613138	0.490388133177384	2285
-0.0510048869351101	0.929289822330005	2285
0.0604796737503901	0.775008303988958	2285
0.0954361734031199	1.0132088807718	450
-0.02885311884533	1.37051209769356	3114
-0.10106369092148	1.68445407061308	17
-0.1019745719794	1.70161065601827	503
0.11204613614537	1.10006266028985	167
-0.0445034554843899	1.39306411001093	369
0.0550630221319199	0.791928577934491	217
-0.05860018948734	0.930835334735118	2285
-0.05675634571362	0.480074557541369	2285
-0.0560779809549301	1.87300745808494	402
-0.0532212644682	0.945933692594188	2902
-0.1147151667838	1.07294021651615	2056
-0.0593809227603399	0.474013409533136	17
0.06016034889532	0.758660536413917	167
-0.10418556577745	1.70212355376121	4051
-0.0320672650081799	1.42699952706284	1567
0.11964546545959	1.08304023453983	68
-0.0550713449557301	0.94180148871399	308
-0.0593809227603399	0.474013409533136	129
-0.0568743160102401	0.495883856806621	402
-0.0616582425154799	0.492373840580877	402
0.06031954869066	0.803126574946966	3114
0.0224064124096901	1.29051783634759	167
0.0758068091130999	1.6706130530326	4261
-0.11891013423942	1.04320319200212	78
-0.0568743160102401	0.495883856806621	2454
0.04818653525713	0.772855055161654	129
0.06326345478609	0.775940017987127	217
-0.0424072762221299	1.34484301711975	402
-0.11860091151734	1.0508200053748	402
0.0152408417535099	1.24119903055525	3116
0.05809212963156	0.807140083414171	3116
-0.06063648613741	0.496241204441374	17
-0.11484331363365	1.03996565335144	167
0.05351018089645	0.795689183809482	167
-0.12043023384943	1.06878830857885	68
-0.05904286270737	0.481289667170511	68
-0.05675634571362	0.480074557541369	2328
-0.11101891692513	1.06545061732556	129
0.0576603358969701	0.766819648057653	3447
0.10812130981182	1.13530809652905	3447
-0.0568743160102401	0.495883856806621	217
0.02180951808028	1.28660412701867	2056
0.07063997548171	1.68618809450882	3116
-0.11952777979711	1.04974449363578	871
-0.0853801135383501	1.46806998705638	95
0.0540470337289101	0.790235868623946	167
-0.12282074538436	1.00913265293922	129
-0.05414602204599	0.947571526238211	2454
0.05417681487601	0.818255775519272	3447
-0.11612929882186	1.02967307367674	402
-0.0570626807847401	0.911139436427073	402
-0.0788383748263299	1.60760001977516	2056
0.0521412742210099	0.806514162297701	6117
0.0591167155802399	0.805629943872835	369
-0.10974540347309	1.0446703934989	1176
0.01656279801954	1.29421387024379	129
-0.03964408963513	1.37905979847802	129
0.0988194004932801	1.04712333391212	129
0.0572105793698401	0.834743156597484	129
-0.0600658550298201	0.894793494020535	3447
0.0230051465241501	1.30756304505107	402
0.10720517934872	1.12835437402602	6581
0.05531089448754	0.792558984587613	17
-0.0550713449557301	0.94180148871399	95
-0.0627302726577199	1.5224566754822	369
-0.05615515887141	0.886897512589869	1567
-0.05675634571362	0.480074557541369	369
-0.0542384651636401	0.467229328036224	2328
0.11220426770725	1.10484526348279	129
0.0229039933128099	1.66925477800423	129
-0.11797673747806	1.05777226444277	2677
0.10484059032818	1.07689565108974	2677
-0.0476331831607799	0.897043378997354	402
-0.0755739001509801	1.57625685213006	217
0.02767602359162	1.28005921728393	402
-0.11022086696113	1.03929300569286	1974
0.1062728759319	1.03798607026196	95
0.0104908096453999	1.16222142048221	167
0.05232267192699	0.791428090071257	78
-0.11040644695602	1.07886192817719	5020
-0.0351802015074401	1.46135110631858	129
-0.0568743160102401	0.495883856806621	308
-0.0532212644682	0.945933692594188	3447
-0.11928982511278	0.982418426203531	3447
0.06665450136077	1.64775047638156	424
-0.11981599280839	1.07161688302208	17
-0.12138584052204	1.05652158342847	369
0.0179673483895599	1.20369884382458	1567
-0.0552680630421101	0.463898534109862	2115
-0.059497719513	0.494214957169554	173
0.0710910499993001	1.66561164984028	129
-0.12014563958766	1.03701343406302	129
-0.10403365853338	1.03519606176699	217
0.0220448082711699	1.30146384793971	706
-0.06177354939839	0.4814693304651	820
-0.0616582425154799	0.492373840580877	820
-0.0618295465843	0.481736426029628	17
-0.0568743160102401	0.495883856806621	17
-0.0583572446607701	0.477525655657704	167
-0.0616582425154799	0.492373840580877	167
-0.0568743160102401	0.495883856806621	1567
-0.0616582425154799	0.492373840580877	369
-0.06063648613741	0.496241204441374	6750
-0.0568743160102401	0.495883856806621	579
0.0613550904407401	0.807151003503648	2115
-0.0520897677363199	0.861278743559969	173
0.0120154419376299	1.66782331935603	129
-0.0616582425154799	0.492373840580877	308
0.0483305036817101	0.780476174113536	308
0.05809212963156	0.807140083414171	4502
-0.06279434677459	0.47788062848249	402
-0.06044645557269	0.911249800351	402
-0.0419223301843701	1.33949300494373	402
-0.06559023197746	0.482086560282311	6581
-0.0574524815370701	0.893615686009155	871
-0.06063648613741	0.496241204441374	167
-0.059497719513	0.494214957169554	721
-0.05572923120859	0.483702386076679	337
-0.06052043613138	0.490388133177384	369
0.0142488837774499	1.24117223753578	6845
0.0517391648975001	0.724198618782369	402
0.05212788806253	2.01178438573021	402
-0.11704945072344	1.06996139490653	721
-0.06177354939839	0.4814693304651	579
-0.11578475912308	1.02869876272328	369
-0.059497719513	0.494214957169554	173
0.09976761733712	1.06580253429833	173
0.10706672658094	1.11100248716861	129
0.11242740176824	1.06742000572102	129
0.09906668530964	1.90525335615147	402
0.05315959470591	0.816442546773927	17
0.05302994366099	0.781077927548675	17
-0.06559023197746	0.482086560282311	167
-0.0579004643040399	0.49202318700838	167
-0.059497719513	0.494214957169554	337
-0.0644513963175899	0.48021115895097	337
-0.11489063387922	1.08145651698971	579
0.0570768834731701	0.799909031316525	129
0.10565049046471	1.11545348653939	5020
-0.0205130454025499	1.87921468937468	129
-0.06559023197746	0.482086560282311	3020
-0.06279434677459	0.47788062848249	3447
0.05417681487601	0.818255775519272	6243
-0.0618295465843	0.481736426029628	402
-0.0530887356812899	0.467823577678091	17
-0.0644513963175899	0.48021115895097	95
-0.06063648613741	0.496241204441374	95
-0.0579004643040399	0.49202318700838	167
-0.06063648613741	0.496241204441374	721
0.05417681487601	0.818255775519272	1567
-0.06063648613741	0.496241204441374	337
-0.06177354939839	0.4814693304651	369
-0.0543704116858399	0.907843188053031	173
0.10906755153209	1.12087371094244	129
-0.11219775577556	1.65611259290877	308
0.05315959470591	0.816442546773927	4502
0.11179248647147	1.15044114722927	2643
-0.0763617889858199	2.06056997726346	402
0.11125499072372	1.10288407441593	17
0.0543290385912501	2.01149914493144	951
-0.12045408195261	1.04279216042287	78
-0.0681158942206701	1.55945713175359	129
0.11181721599682	1.10396395538091	129
-0.0560327215662	0.817789792571847	17
-0.11983594744279	1.03635738865717	17
0.0653506207102801	0.74306561837234	95
-0.05936048494702	0.864715483447482	95
0.10275551540946	1.10851325832643	167
0.0582373153797899	0.833067250464455	721
0.05454115052908	0.786000257581696	369
-0.10686884671596	1.03985066516514	173
-0.1046436975044	1.02316459842261	129
0.00937674870428995	1.74551732292489	2760
-0.06832003569365	1.58452408038285	402
-0.0743151944790901	1.57604684887708	17
0.0555991892937799	0.768942273133485	17
-0.11891013423942	1.04320319200212	721
-0.11067853369359	1.70573908722947	129
-0.06177354939839	0.4814693304651	402
-0.06177354939839	0.4814693304651	17
-0.059497719513	0.494214957169554	95
-0.11231997519982	1.08259488332025	721
-0.06177354939839	0.4814693304651	129
-0.11057227147644	1.05179866981748	308
-0.0616582425154799	0.492373840580877	402
-0.0783043272322499	1.58715322129532	167
-0.11126042975293	2.07513122219477	129
0.02219958095798	1.23935066635835	129
-0.05801767937361	0.484943359002049	402
-0.06052043613138	0.490388133177384	402
0.05944295917786	0.771333278731915	545
-0.0363009188268799	1.45391199729208	721
-0.05414602204599	0.947571526238211	402
0.0502450767999101	0.783537885839418	402
-0.0644513963175899	0.48021115895097	1974
0.0653506207102801	0.74306561837234	1340
0.04478322629874	2.04790449749275	173
0.0982617540119299	2.01677940748146	308
-0.06063648613741	0.496241204441374	402
-0.06177354939839	0.4814693304651	402
0.0171619938615899	1.25083366564799	402
-0.06063648613741	0.496241204441374	6838
-0.06177354939839	0.4814693304651	17
0.01248564459871	1.24867751525818	95
-0.0616582425154799	0.492373840580877	4433
-0.0616582425154799	0.492373840580877	4433
-0.059497719513	0.494214957169554	402
-0.06063648613741	0.496241204441374	402
-0.0542711247990799	2.04559457226328	545
0.02360366761921	1.29845468731096	17
0.0639202044429299	0.694475586893164	721
-0.0575080438660101	0.885683135326614	57
-0.11920197706466	1.03746578119205	129
-0.0816963266091799	2.00048074122409	308
-0.0519293468741799	0.91752591613997	402
-0.06052043613138	0.490388133177384	402
-0.0606843724036299	0.470390640612341	402
-0.05730478764407	0.873944874447997	17
-0.0636119628604099	1.93477027019756	17
-0.02080308964389	1.89221349756888	369
-0.0748652558457401	2.29733641272398	129
-0.05675634571362	0.480074557541369	402
-0.12326307095957	1.83617250190928	17
0.05315959470591	0.816442546773927	3484
-0.11628636605637	1.06818620323616	95
-0.0538450984357901	0.892806824292108	308
-0.05801767937361	0.484943359002049	500
-0.11467533911221	0.993461245747406	402
-0.0616582425154799	0.492373840580877	625
0.10251574690634	1.07928186218542	5345
0.05131623479113	2.02339458877669	167
-0.0542384651636401	0.467229328036224	167
0.11023515131562	1.16112993494461	369
0.0715125282379401	1.64882734310323	949
-0.0616582425154799	0.492373840580877	402
-0.12343435415514	0.984719087172918	545
-0.11867780532115	1.00654468391758	545
-0.0579004643040399	0.49202318700838	17
-0.11489063387922	1.08145651698971	57
0.10459142097559	1.12511545857684	129
0.0540470337289101	0.790235868623946	129
-0.06063648613741	0.496241204441374	402
-0.11920197706466	1.03746578119205	435
0.06249123764275	1.62002743947734	545
-0.0616582425154799	0.492373840580877	17
0.0560605228864	0.77675196404921	721
0.11586947278792	1.08012265959441	57
-0.059497719513	0.494214957169554	402
-0.06063648613741	0.496241204441374	2364
0.06031954869066	0.803126574946966	7
-0.0724130016947	1.57624446067372	369
-0.10526201601933	2.12971549952979	129
0.01021587613719	1.65635790617728	4017
-0.06063648613741	0.496241204441374	402
-0.0616582425154799	0.492373840580877	2364
-0.0205369777108599	1.90188730038171	60
-0.11170703041015	1.07555757668303	1723
0.0264751403537	1.20145678152142	129
-0.06054859620235	0.871017347420199	1029
0.04359257761902	1.92676505682484	402
0.0150258157384799	1.73766159365712	625
0.0171239670938801	1.23456910345632	60
0.05112185940806	0.780941164121999	1723
0.11337356537987	1.15278986786289	1029
-0.11427546899131	1.04081837334526	70
0.05315959470591	0.816442546773927	429
-0.05453892530747	0.916026297147207	429
-0.06177354939839	0.4814693304651	545
0.05144520016315	0.790035584511304	17
0.0483305036817101	0.780476174113536	167
-0.0633108456185501	0.464645860438123	70
-0.11432100224873	1.62343784131806	308
-0.0644513963175899	0.48021115895097	625
-0.03851313392061	1.39655249164404	625
-0.05904286270737	0.481289667170511	95
-0.0779146296259601	1.54930035165075	167
-0.05675634571362	0.480074557541369	167
0.0611957252190301	0.778152824659933	1564
-0.0577655068902101	0.875280147397066	545
-0.11136371903253	1.0845510331437	95
-0.0582118804921601	0.917638019544922	369
-0.08131902958877	1.45452332766187	625
0.11115227642713	1.14667912888302	17
0.05315959470591	0.816442546773927	57
-0.06769942053987	1.57724784603478	129
-0.0586926497862399	0.879211853418054	308
-0.07492130498302	1.60863605177548	402
0.06914880954013	1.66538763988118	424
0.01596338871235	1.29079152326257	2675
-0.06063648613741	0.496241204441374	1276
-0.08191635993991	1.41368820476183	369
0.11245666601048	1.1548112201242	24
0.0592727256605901	0.82219585210137	57
0.0560779028635501	0.787101234740602	57
0.05232267192699	0.791428090071257	805
0.05709166989995	0.775275822590163	2332
-0.0532212644682	0.945933692594188	625
-0.0616582425154799	0.492373840580877	95
-0.06052043613138	0.490388133177384	1723
-0.0157507158692201	1.8401916228456	369
-0.0579004643040399	0.49202318700838	24
0.0582373153797899	0.833067250464455	24
-0.0369388753769699	1.42012737563815	70
-0.05636011767244	0.914592758317666	2332
0.02264268274987	1.7656363348941	402
-0.0526276224301101	0.914086953393132	625
-0.0667858614385699	1.4651150838709	545
0.11179248647147	1.15044114722927	17
-0.05599723010918	0.927282037201194	95
-0.06063648613741	0.496241204441374	5675
0.02862596791168	1.23579312091721	402
-0.0324795088763099	1.45627242398862	625
-0.0538871005091399	1.98035792434306	625
-0.0351836805999399	1.38468254017552	17
-0.0512080920876801	2.02169508194576	167
0.05531089448754	0.792558984587613	1723
-0.05008100179551	0.93191090480766	1276
0.05557109888366	0.762150858788139	24
0.10526052876897	1.12933430140121	5927
-0.0289986503741799	1.42543928616322	1305
-0.05801767937361	0.484943359002049	15
0.02108546809488	1.28592442929199	1288
-0.06052043613138	0.490388133177384	7
-0.06052043613138	0.490388133177384	57
-0.0298258881520099	1.38060857421461	70
0.08348842070774	2.42302005514901	308
-0.0568743160102401	0.495883856806621	545
0.0206607877873199	1.79738742858713	60
0.0551929287270201	0.812976909394855	254
0.06031954869066	0.803126574946966	7
-0.06063648613741	0.496241204441374	7
0.05619409578552	0.826891165505306	57
-0.0734414724296799	1.62252110573028	129
0.05531089448754	0.792558984587613	70
0.10537391413578	1.85463014196609	70
0.11372912329387	1.96500581289198	117
0.06530200962841	1.5992827694451	992
-0.0644513963175899	0.48021115895097	992
-0.0593809227603399	0.474013409533136	625
-0.05170238781028	0.925757738005374	625
-0.05572923120859	0.483702386076679	545
0.0989514036086101	2.00276345871903	545
-0.0580454053361901	0.455551518521699	1288
-0.0633108456185501	0.464645860438123	95
0.10882100545477	2.02429146787488	24
-0.0309462064806401	1.45708404449974	129
-0.06063648613741	0.496241204441374	400
0.0540470337289101	0.790235868623946	402
-0.06063648613741	0.496241204441374	545
-0.05414602204599	0.947571526238211	1287
-0.059497719513	0.494214957169554	1288
0.0677795208446099	0.696559305006421	17
0.0613550904407401	0.807151003503648	254
-0.11197653882545	1.07095100482302	254
0.05735749803274	0.79819843367282	167
0.11245666601048	1.1548112201242	7
-0.10564725841022	1.04591816116305	24
-0.06063648613741	0.496241204441374	57
0.11964546545959	1.08304023453983	57
0.05144520016315	0.790035584511304	400
0.0521412742210099	0.806514162297701	15
0.0532901895769999	0.784702727100911	79
-0.0568743160102401	0.495883856806621	545
-0.06177354939839	0.4814693304651	254
0.10459142097559	1.12511545857684	2193
-0.0525218735491699	0.911679674545905	70
-0.11920197706466	1.03746578119205	79
-0.11293314448808	1.06903510951625	167
0.01389467375291	1.24586701648856	167
0.11154636138252	1.99971012491386	1442
-0.0785671397866099	1.60434844618062	400
-0.12186079594301	1.00761851442038	70
0.0649796770501201	2.05421806118326	60
0.10840085810758	1.16543409033	254
0.10748369259225	1.15499562353462	254
0.05315959470591	0.816442546773927	24
-0.0145392135928699	1.89546645050414	117
-0.03596751850438	1.42064804362212	940
0.0735335706526601	1.6599340939852	79
0.10815096957165	1.11135430803826	254
-0.0755739001509801	1.57625685213006	254
-0.0617387135672201	0.903247106831305	1409
-0.0332369996069	1.43966613977758	1525
-0.12089982270991	1.00036478654867	992
-0.0616582425154799	0.492373840580877	15
0.10432115573751	1.11111092982179	79
0.0653506207102801	0.74306561837234	79
0.05227173597449	0.783026833489421	1617
0.0566302768551601	0.77260766179336	167
-0.11214413239165	1.05075861955108	7
-0.05414602204599	0.947571526238211	57
-0.05572923120859	0.483702386076679	992
-0.05675634571362	0.480074557541369	2942
0.10093239357792	1.11029192774389	167
0.10254848574948	1.9328194169009	2975
-0.0533904652270401	0.871683056639003	57
-0.06177354939839	0.4814693304651	15
0.0540470337289101	0.790235868623946	2942
-0.05904286270737	0.481289667170511	238
-0.0485569472991601	0.888856901949701	1145
0.05521426317624	2.07096810620658	1525
0.0972667993242899	1.02677070578359	992
0.0685766318407599	1.6771713394521	383
-0.12109466956425	1.03493511781319	3245
-0.11952777979711	1.04974449363578	2975
0.05417681487601	0.818255775519272	245
0.0220448082711699	1.30146384793971	1409
0.01152638303422	1.24455352725546	805
0.0615153794208301	0.76919911966243	1305
-0.0566991956673699	0.923723307485463	1305
0.0582373153797899	0.833067250464455	1442
-0.0582118804921601	0.917638019544922	1145
-0.05860018948734	0.930835334735118	1145
-0.0583572446607701	0.477525655657704	992
-0.05904286270737	0.481289667170511	308
-0.1094778289894	1.03422686433229	383
-0.0522970753186201	0.937033479589718	238
0.10208499250904	1.06353575318535	238
0.0667456192314	0.687281235024455	254
-0.0583572446607701	0.477525655657704	7
0.0106683433853301	1.66374936758819	1305
-0.05860018948734	0.930835334735118	1145
0.0214457287693199	1.28458484531245	117
-0.10558732523231	1.6917417406982	60
-0.05801767937361	0.484943359002049	60
-0.05319709086375	1.99211256914197	254
-0.03078932617674	1.33610678646416	167
-0.0419993857750001	1.39782489152566	245
-0.0453242419828901	0.869156700164929	245
0.0235848865175201	1.76118198766822	78
-0.11673740091779	1.03033050088244	1305
-0.0610382170719099	0.880644267347502	992
-0.06553328512098	1.57310699186109	992
-0.12019119345511	2.31538602154622	254
-0.05801767937361	0.484943359002049	24
-0.06063648613741	0.496241204441374	245
0.10209922755353	1.06760008190437	1409
-0.0460169975322999	0.899107574709868	992
-0.10292355899485	1.68479727473877	2848
-0.11067853369359	1.70573908722947	1163
0.05144520016315	0.790035584511304	24
0.10776293851848	1.07838659034821	245
-0.0698582732235	1.51767960048455	117
0.02027213799857	1.25158162962406	1267
0.0741045566208001	2.37754696418318	3762
0.0169261632089199	1.2845469582298	1137
-0.06063648613741	0.496241204441374	167
0.05531089448754	0.792558984587613	144
-0.0507777272693699	0.928363970169061	79
0.05144520016315	0.790035584511304	79
-0.0616582425154799	0.492373840580877	79
0.01565157968338	1.83918633589358	238
-0.11101891692513	1.06545061732556	6439
-0.0324795088763099	1.45627242398862	254
0.0676268546408201	1.64790140682258	24
0.10723437618652	1.09240370888399	144
-0.0541193045433701	0.464483475976238	79
-0.0299705819603899	1.4385603591457	167
-0.05599723010918	0.927282037201194	24
-0.11550601073049	1.08861963142493	490
-0.059497719513	0.494214957169554	636
-0.0568743160102401	0.495883856806621	138
0.0532901895769999	0.784702727100911	935
0.10840085810758	1.16543409033	79
-0.06063648613741	0.496241204441374	238
-0.06177354939839	0.4814693304651	45
0.0604796737503901	0.775008303988958	245
-0.0579890535307399	0.915536982755399	245
-0.06328278077478	0.856467995132666	91
0.0532901895769999	0.784702727100911	117
-0.06063648613741	0.496241204441374	117
0.05351018089645	0.795689183809482	117
-0.0568743160102401	0.495883856806621	1880
-0.11704945072344	1.06996139490653	149
0.05315959470591	0.816442546773927	79
0.0611957252190301	0.778152824659933	79
-0.06063648613741	0.496241204441374	2701
-0.03484368727473	1.45058453263079	238
0.10344228831709	2.00833237417195	238
0.10315315261435	1.13511610435915	238
-0.06063648613741	0.496241204441374	369
0.0551929287270201	0.812976909394855	369
0.00556066983500991	2.41175471861775	144
-0.0579004643040399	0.49202318700838	138
-0.06052043613138	0.490388133177384	79
0.10340417709785	1.10937150594754	238
0.0572105793698401	0.834743156597484	789
-0.059497719513	0.494214957169554	45
0.02657877243493	1.74462493331626	166
-0.07781398593939	1.52408588598978	166
0.11090067603576	1.11705358199858	117
-0.06918293336082	0.793319580120949	138
0.05315959470591	0.816442546773927	1880
0.0601509585589199	0.795676917498899	1880
0.0576603358969701	0.766819648057653	79
-0.02600108932001	1.85064421840736	167
0.0592727256605901	0.82219585210137	91
0.0540470337289101	0.790235868623946	1403
-0.05414602204599	0.947571526238211	60
0.01545229718917	1.24855883457777	238
-0.05675634571362	0.480074557541369	1267
0.05417681487601	0.818255775519272	1880
0.10275551540946	1.10851325832643	1880
0.0642957968520299	0.755318559305981	1403
-0.0667273575026499	0.468296326893888	79
-0.0392210422910799	1.41111468204095	1267
-0.06063648613741	0.496241204441374	166
-0.059497719513	0.494214957169554	91
-0.06063648613741	0.496241204441374	5001
-0.05860018948734	0.930835334735118	1880
-0.06052043613138	0.490388133177384	1267
-0.0593809227603399	0.474013409533136	60
-0.0667273575026499	0.468296326893888	1373
0.10656626977951	1.10996948946959	167
0.11493174938684	1.11678784693576	144
0.01772475262219	1.24999867364341	144
-0.0565826522592701	0.886995061924419	91
-0.059497719513	0.494214957169554	91
-0.0552680630421101	0.463898534109862	4371
-0.0724928629261199	1.62292239290019	1114
0.01073819919909	1.71907814671231	144
-0.06052043613138	0.490388133177384	91
0.0609673415788701	1.59396397767616	91
0.0236281122648701	1.7968900228541	238
-0.0626624251219099	0.901871383330684	45
0.0152062468193599	1.24523306757073	167
0.0613550904407401	0.807151003503648	144
-0.05554712878698	0.904899933753171	146
0.0483305036817101	0.780476174113536	91
-0.05919523792366	0.454981857050048	15
0.05227173597449	0.783026833489421	934
-0.03963113058821	1.39090985018321	238
-0.1094778289894	1.03422686433229	5610
-0.059497719513	0.494214957169554	1373
-0.06559023197746	0.482086560282311	1373
-0.0547656860205701	0.890389393566842	1267
0.01757678182289	1.78604398349701	91
-0.06063648613741	0.496241204441374	91
-0.05572923120859	0.483702386076679	934
-0.0568743160102401	0.495883856806621	934
-0.0372761303698901	1.42251577027916	167
-0.02226524082711	1.94620479516752	144
0.11104103316178	1.98284075193859	1019
0.0785497950371601	1.63363638406861	91
0.10432115573751	1.11111092982179	15
-0.06071791886439	2.04143004741296	79
0.0168514185897799	1.83188152813244	79
0.05619409578552	0.826891165505306	167
0.05315959470591	0.816442546773927	2487
-0.06052043613138	0.490388133177384	2487
-0.0568743160102401	0.495883856806621	1544
-0.1087716996948	1.68329557472038	91
-0.11228579070415	2.1048500900082	479
0.02180951808028	1.28660412701867	167
-0.0554602952897001	0.91347174087742	144
0.05417681487601	0.818255775519272	91
-0.06177354939839	0.4814693304651	138
-0.0534458595932901	0.913133491220031	138
-0.05904286270737	0.481289667170511	3419
0.01404084836285	1.28046826795911	3419
0.0551929287270201	0.812976909394855	1114
-0.0568743160102401	0.495883856806621	1114
0.10998412078309	1.12261686626038	44
-0.0572857210901101	0.919036142009243	953
-0.0611458303880701	0.884657260706216	1019
0.0582373153797899	0.833067250464455	91
0.10878365604397	1.1046095781616	91
-0.05572923120859	0.483702386076679	15
-0.06052043613138	0.490388133177384	3419
-0.059497719513	0.494214957169554	3419
0.05619409578552	0.826891165505306	3419
-0.0568743160102401	0.495883856806621	79
-0.06063648613741	0.496241204441374	79
-0.10421523846585	2.20824914730558	238
-0.0616582425154799	0.492373840580877	1373
0.05315959470591	0.816442546773927	91
0.0550630221319199	0.791928577934491	138
-0.0568743160102401	0.495883856806621	3965
-0.05801767937361	0.484943359002049	79
-0.059497719513	0.494214957169554	79
-0.059497719513	0.494214957169554	2890
0.02419464656148	1.25046600474897	44
-0.0616582425154799	0.492373840580877	1373
-0.0568743160102401	0.495883856806621	1373
0.0540368647151599	2.02462797887167	144
-0.0450670014305301	1.37725900624263	5749
0.0680254766384401	1.60665472095861	91
0.0611957252190301	0.778152824659933	138
-0.0633108456185501	0.464645860438123	138
-0.05801767937361	0.484943359002049	138
-0.0579004643040399	0.49202318700838	79
-0.0667273575026499	0.468296326893888	79
0.1049859459328	1.1470405998044	1879
0.0696765624892199	0.710115046839039	89
-0.059497719513	0.494214957169554	2890
-0.0568743160102401	0.495883856806621	809
0.0582373153797899	0.833067250464455	953
-0.0606705513413801	0.85936505675261	144
-0.05675634571362	0.480074557541369	1094
-0.1062143720398	0.981462068250951	3419
0.11376040258418	1.07134696412447	79
-0.05572923120859	0.483702386076679	4499
-0.06063648613741	0.496241204441374	1570
-0.0633108456185501	0.464645860438123	44
-0.0664206754862999	1.54844167779483	164
-0.1125895829766	1.02709208890498	166
0.0257527806161899	1.26594894213995	91
-0.11612159969374	1.07481256558124	91
-0.0617387135672201	0.903247106831305	200
-0.06177354939839	0.4814693304651	4499
-0.06279434677459	0.47788062848249	89
0.0560779028635501	0.787101234740602	809
-0.06297299241856	0.471523509137131	144
-0.06297299241856	0.471523509137131	2117
-0.05904286270737	0.481289667170511	2117
-0.06177354939839	0.4814693304651	552
-0.06063648613741	0.496241204441374	200
0.0611957252190301	0.778152824659933	3419
-0.0552680630421101	0.463898534109862	3419
-0.06063648613741	0.496241204441374	2890
-0.06279434677459	0.47788062848249	44
-0.11755730891745	1.06334813952699	1094
-0.0353932604489799	1.41366527763012	3419
-0.12138584052204	1.05652158342847	200
0.0570768834731701	0.799909031316525	2103
0.06847832113053	0.69239497356787	2890
-0.11952777979711	1.04974449363578	238
-0.05860018948734	0.930835334735118	164
0.05709166989995	0.775275822590163	509
-0.0208269093743401	1.84838432458481	960
-0.0618295465843	0.481736426029628	117
-0.05919523792366	0.454981857050048	2103
0.0116247087010299	1.79125880290347	238
0.0790403736066201	1.64939161511531	238
-0.04589759706362	2.35732878710746	238
0.10342578658407	1.11260739130676	509
0.0201405128455501	1.78211588578392	1781
-0.0583572446607701	0.477525655657704	1019
-0.0368615548792399	1.3944650379328	1019
0.05531089448754	0.792558984587613	91
-0.03971114506095	1.39421017109899	200
0.06630173724536	1.68517821325492	79
-0.05801767937361	0.484943359002049	89
-0.0568743160102401	0.495883856806621	44
-0.0618295465843	0.481736426029628	44
-0.07051551148925	1.54514218884186	200
0.05128984799298	0.768719477013773	79
-0.0534458595932901	0.913133491220031	144
0.10798504984911	1.11272964754014	223
-0.11170703041015	1.07555757668303	1019
-0.11643280374416	1.00777928636054	1019
-0.05409703877157	1.98349073551124	91
-0.06279434677459	0.47788062848249	1116
0.06821130856414	1.5992255178399	509
0.10956937960495	1.15668374513788	646
-0.06011584790716	0.876685091748782	1116
-0.11674380720213	1.06420930573076	1881
-0.0112180743054	1.84912505838524	79
-0.06559023197746	0.482086560282311	79
-0.0593809227603399	0.474013409533136	60
0.0620421560603	1.57286286512068	536
0.0550630221319199	0.791928577934491	172
-0.06063648613741	0.496241204441374	1374
-0.06063648613741	0.496241204441374	1116
0.0582373153797899	0.833067250464455	44
-0.05801767937361	0.484943359002049	6774
0.0550630221319199	0.791928577934491	144
-0.05801767937361	0.484943359002049	223
-0.059497719513	0.494214957169554	646
-0.05981854117673	2.04790666683498	89
-0.0644513963175899	0.48021115895097	44
-0.0618295465843	0.481736426029628	2145
-0.05801767937361	0.484943359002049	509
-0.0616582425154799	0.492373840580877	172
-0.05675634571362	0.480074557541369	223
-0.059497719513	0.494214957169554	646
-0.06052043613138	0.490388133177384	817
-0.0583572446607701	0.477525655657704	509
-0.0616582425154799	0.492373840580877	1806
0.04448022209303	0.733700799575905	223
0.01701871587691	1.80682152058097	200
0.12163309985038	2.09374617958341	765
0.05247819558145	0.797130322649216	223
-0.0532212644682	0.945933692594188	1477
-0.11829035641576	1.03365059411888	89
-0.07653304659861	1.57644000260443	1529
0.05417681487601	0.818255775519272	44
-0.06063648613741	0.496241204441374	44
-0.0462458617307999	0.870214665390466	842
0.11023515131562	1.16112993494461	166
0.10786811772884	1.09808596228482	223
0.05227173597449	0.783026833489421	91
0.0582373153797899	0.833067250464455	1881
-0.059497719513	0.494214957169554	89
-0.06063648613741	0.496241204441374	4840
-0.07039844043194	1.57269366276653	44
-0.0570626807847401	0.911139436427073	223
-0.0616582425154799	0.492373840580877	1477
-0.0719621367993699	1.60215338569163	1116
-0.06177354939839	0.4814693304651	89
-0.0372751033593399	1.44877994231498	1529
-0.0633108456185501	0.464645860438123	166
-0.02586965979208	1.89264740214231	1806
-0.03191877027042	1.46042030616506	172
0.0156013742919601	1.2929510089491	1529
0.0177948258667799	1.83674815828897	44
-0.11798375534155	1.0442676163903	44
-0.09164687821128	1.32282668384048	842
0.0595947729108299	0.721388841167288	172
-0.0629456284947001	1.50113967344354	854
0.056328617163	0.799655515803619	223
0.0550630221319199	0.791928577934491	1881
-0.0751481029376599	1.55574042569559	1529
-0.08510856626939	1.50311193187517	1529
-0.0353259228081899	1.45065054523913	44
0.11161171229413	0.992149132241427	44
-0.0616582425154799	0.492373840580877	1144
-0.0573571753214499	0.845058095379569	2146
0.0532901895769999	0.784702727100911	2608
-0.03637656567133	1.4459664252338	91
0.0491091156277701	1.97751851901579	91
-0.11885972093326	1.07655575458954	1116
-0.0568743160102401	0.495883856806621	89
-0.0618295465843	0.481736426029628	1529
-0.0507777272693699	0.928363970169061	1529
-0.05919523792366	0.454981857050048	44
0.11808755210801	1.0775081244444	2146
-0.10269832471759	1.66049475664292	1806
0.12066230765575	2.22527478007883	854
0.10013773227118	2.05495383083723	91
-0.05484644504348	0.943849821194801	91
-0.0616582425154799	0.492373840580877	1881
-0.1196389853797	1.00479093698236	79
-0.0618295465843	0.481736426029628	89
0.05735749803274	0.79819843367282	1529
-0.11736016584178	1.07108933302212	5317
-0.05801767937361	0.484943359002049	2146
0.0533544900604199	0.798543823637356	1806
0.0502450767999101	0.783537885839418	117
-0.0616582425154799	0.492373840580877	646
-0.0526276224301101	0.914086953393132	580
-0.05801767937361	0.484943359002049	99
-0.11008991426282	1.04055802041079	99
-0.0616582425154799	0.492373840580877	166
0.0611957252190301	0.778152824659933	946
0.0611957252190301	0.778152824659933	172
-0.0712266111903599	1.49691514194995	854
-0.0616582425154799	0.492373840580877	2608
0.10720517934872	1.12835437402602	223
0.0754540644567301	1.6519630508432	3411
0.05417681487601	0.818255775519272	1184
-0.0616582425154799	0.492373840580877	200
0.04818653525713	0.772855055161654	2168
-0.12395715044951	1.03136374223509	79
0.05023153785943	0.750898319852019	580
0.0274405752284701	1.20887452198752	854
-0.06063648613741	0.496241204441374	200
-0.06044645557269	0.911249800351	2168
0.0502450767999101	0.783537885839418	79
-0.06052043613138	0.490388133177384	79
0.05430753821247	0.779995019724468	580
0.10840085810758	1.16543409033	1744
0.0153294211278301	1.78052131459169	44
-0.10334477739004	2.08622208998238	44
-0.0616582425154799	0.492373840580877	842
-0.1068404318833	1.74992473732437	177
-0.0498536439347399	0.922931243078693	45
0.0691826680843	1.58531676410057	854
0.10706672658094	1.11100248716861	223
-0.05698113828588	0.90513184999415	223
-0.0579004643040399	0.49202318700838	1184
-0.06177354939839	0.4814693304651	1477
-0.059497719513	0.494214957169554	197
-0.059497719513	0.494214957169554	99
0.07882806687041	1.58263410789785	44
0.0103842334050801	1.72766847133465	44
-0.0583572446607701	0.477525655657704	842
0.0514290905880801	0.765982722400118	177
0.08331438527832	2.33356411789742	646
-0.0357398709753001	1.41681343233609	646
-0.0579004643040399	0.49202318700838	1184
-0.11952777979711	1.04974449363578	264
0.11283035017921	1.07732088497609	2168
-0.05414602204599	0.947571526238211	1327
0.0591167155802399	0.805629943872835	1184
0.05112185940806	0.780941164121999	264
0.10615505823935	1.09285480086935	200
0.0643783193830301	1.55962585534398	3979
0.10406955780155	1.14520192114084	1744
0.0225668580329701	2.09895133835469	44
-0.0524001463600401	0.888745169321819	44
-0.1126816985551	0.93394133174236	842
0.08988299019331	2.31843346164116	3411
-0.11489063387922	1.08145651698971	91
0.0611957252190301	0.778152824659933	91
0.0575009489312	0.773923407155499	3979
0.02264367445919	1.29245374434395	79
-0.0328905259924801	1.4553209219254	580
0.10617789091583	1.12735314411844	1744
0.11245666601048	1.1548112201242	1744
-0.02828103832597	2.17475735002615	44
0.0502450767999101	0.783537885839418	946
0.05619409578552	0.826891165505306	172
-0.0667273575026499	0.468296326893888	264
-0.11109430995425	1.03561815113337	264
-0.0542384651636401	0.467229328036224	197
-0.11360045536856	1.0778716954881	79
-0.0541193045433701	0.464483475976238	737
-0.0618295465843	0.481736426029628	737
0.10589840684577	1.12995381063432	842
0.10998412078309	1.12261686626038	91
0.05944295917786	0.771333278731915	1155
0.0560779028635501	0.787101234740602	1155
0.0270790519652	1.28880322769986	264
0.05417681487601	0.818255775519272	197
-0.0583572446607701	0.477525655657704	3979
-0.11421413403052	1.06442727954312	79
-0.05904286270737	0.481289667170511	737
-0.05904286270737	0.481289667170511	737
0.10568417114944	2.05065664917754	842
-0.02150374917673	1.833645449027	45
0.11438687236894	1.05709372369119	177
-0.0393054141610301	1.39392415190024	177
-0.12075202266224	1.0223810125852	177
-0.0865601396567199	2.00573365094139	946
-0.0232095620471	1.9516074824944	25
-0.12463213177375	1.82407351376526	25
-0.0734414724296799	1.62252110573028	223
-0.059497719513	0.494214957169554	1184
0.0613550904407401	0.807151003503648	264
-0.0507777272693699	0.928363970169061	4900
-0.0575080438660101	0.885683135326614	737
0.05302994366099	0.781077927548675	3631
0.0190759554748301	1.29145046177666	3136
0.11181721599682	1.10396395538091	91
-0.03596751850438	1.42064804362212	117
0.0570768834731701	0.799909031316525	1184
-0.059497719513	0.494214957169554	1155
-0.05599723010918	0.927282037201194	264
0.11403691272268	1.10961868546429	79
-0.0377535334713499	1.42539016291889	79
-0.0616582425154799	0.492373840580877	737
0.00963819848443004	1.79836956730832	4543
-0.04379651350811	0.858334016094581	99
-0.0534458595932901	0.913133491220031	3142
0.11245666601048	1.1548112201242	5891
-0.0525555538510201	1.96560664180769	646
0.0492123872522101	0.781847457087024	4900
0.01536944221405	1.22305187611161	5029
0.10773391652068	1.16093427511844	4543
0.01256618734897	1.79466758610161	177
-0.11771560090717	1.00188269639799	177
0.12171129696497	2.15429476877911	223
0.10119180011433	1.96819709375197	3411
0.10406955780155	1.14520192114084	5891
0.05813510005925	2.24813841977964	646
-0.0644513963175899	0.48021115895097	200
-0.0274651289588601	1.43232989000215	197
0.01867721027876	1.73052640372899	79
0.0551929287270201	0.812976909394855	737
0.0098464847836901	2.2421151098879	5805
-0.0616582425154799	0.492373840580877	44
-0.11944841729404	2.22658048517273	842
-0.059497719513	0.494214957169554	45
0.0613550904407401	0.807151003503648	5891
-0.0318459404778899	1.46184878861468	575
-0.03963627717344	1.46076317704877	3783
0.0572105793698401	0.834743156597484	737
-0.08766793789036	2.10411860054061	172
0.02071870546965	1.7980996440845	412
0.11181721599682	1.10396395538091	200
-0.06052043613138	0.490388133177384	264
-0.06063648613741	0.496241204441374	737
-0.06177354939839	0.4814693304651	737
0.0183286769814901	1.28893411611574	44
-0.0546208256780201	0.903492626650264	842
-0.0498536439347399	0.922931243078693	842
0.11990315801539	1.07786021136801	223
-0.11455647908377	1.08666608103086	45
-0.0480908628893899	0.839433242215991	25
0.07814235552864	1.65386877451195	412
-0.06279434677459	0.47788062848249	3717
0.11245666601048	1.1548112201242	3717
-0.05801767937361	0.484943359002049	264
-0.0568743160102401	0.495883856806621	737
-0.0476331831607799	0.897043378997354	99
0.02862596791168	1.23579312091721	44
0.0483305036817101	0.780476174113536	842
-0.059497719513	0.494214957169554	45
-0.0552680630421101	0.463898534109862	6310
-0.04893944720223	2.37723438345988	264
-0.06297299241856	0.471523509137131	4085
0.0719494744946601	2.16851590102952	99
-0.0618295465843	0.481736426029628	842
-0.06177354939839	0.4814693304651	3219
-0.06052043613138	0.490388133177384	6310
0.05619409578552	0.826891165505306	3717
0.10684616645012	1.08615141846386	264
0.0220448082711699	1.30146384793971	264
0.05144520016315	0.790035584511304	47
0.0563522410439301	2.02852423254342	842
0.05417681487601	0.818255775519272	177
-0.1108345644716	2.12886064398948	25
-0.0346201199973	1.4066160784678	412
0.02062124922995	1.21474731767656	79
-0.0616582425154799	0.492373840580877	44
-0.0579004643040399	0.49202318700838	842
0.10995349630372	1.12275632718197	412
0.05247819558145	0.797130322649216	3717
-0.0557725395913999	0.938123011895745	264
-0.0543704116858399	0.907843188053031	79
-0.06063648613741	0.496241204441374	842
-0.0594805939015901	0.764102656764811	177
-0.08085505364127	1.57559560706518	25
-0.03176900189173	1.37888452077368	264
-0.0720743190637501	1.61013093954688	842
0.0824366996971	2.33993064629846	737
-0.12025136153958	0.980735381017643	567
0.0758652629302601	1.65609098998078	567
-0.04124307275132	1.3802860878318	412
-0.0845745625363701	1.51955322082806	412
-0.06279434677459	0.47788062848249	2780
-0.05572923120859	0.483702386076679	264
-0.0947523905226799	1.68331081838806	47
0.10545386157288	2.00463860470606	1410
0.0315050117707201	2.26654061485676	567
-0.05801767937361	0.484943359002049	264
-0.06052043613138	0.490388133177384	737
0.0701195316405601	1.66964902565874	1811
-0.06063648613741	0.496241204441374	25
-0.0618295465843	0.481736426029628	264
-0.05801767937361	0.484943359002049	264
0.0252838300612599	1.23709393299803	47
-0.06063648613741	0.496241204441374	214
-0.0568743160102401	0.495883856806621	44
-0.03191877027042	1.46042030616506	842
-0.06177354939839	0.4814693304651	842
-0.06052043613138	0.490388133177384	332
0.10903741590738	1.13339369968787	2780
-0.0323296712379	1.43692092533635	99
-0.05801767937361	0.484943359002049	44
-0.0176169983690799	2.24295663399406	177
-0.0534458595932901	0.913133491220031	172
0.0136815298407	1.26609990418053	332
0.10867970113511	1.06426007348249	25
0.06918671778119	1.64773527045516	25
-0.0365297137640399	1.35851968840867	25
0.0653937380779801	1.59856620249084	332
0.0550630221319199	0.791928577934491	332
0.0613550904407401	0.807151003503648	172
0.0198881428409501	1.30726801757585	25
0.01851815266164	1.79435346123237	264
0.05232267192699	0.791428090071257	193
0.0808966420444299	1.59420463675185	567
-0.12306035726	1.85490898525002	44
-0.0363009188268799	1.45391199729208	45
0.0156013742919601	1.2929510089491	25
-0.11624673287436	1.44988722686184	193
-0.11013875186279	1.03742306770664	1572
-0.0542384651636401	0.467229328036224	567
0.0566302768551601	0.77260766179336	567
-0.06063648613741	0.496241204441374	25
0.02862596791168	1.23579312091721	25
0.0533544900604199	0.798543823637356	25
0.11647688433534	1.02421544950569	193
-0.0328905259924801	1.4553209219254	1410
-0.11643337020792	1.08363651938792	567
0.0492123872522101	0.781847457087024	1173
0.056328617163	0.799655515803619	25
0.0572105793698401	0.834743156597484	25
-0.06177354939839	0.4814693304651	264
0.0152293583263301	1.8153046194104	264
0.02781216736614	1.2459877758091	193
-0.12328113535418	1.00142000252697	2864
-0.11581750224674	1.07655144912133	47
-0.11327521709148	1.07252385669055	299
-0.0241164513313701	1.89052735140617	1572
0.0130810793795799	1.26282032738315	1410
-0.11983594744279	1.03635738865717	44
0.01248564459871	1.24867751525818	332
0.0274456853274401	1.26556726708705	332
-0.08173856363091	1.49363396757784	264
-0.06063648613741	0.496241204441374	193
0.05351018089645	0.795689183809482	2864
-0.06559023197746	0.482086560282311	44
-0.0767536116569401	1.53083128884998	44
0.01389467375291	1.24586701648856	332
-0.11310423306717	1.04406413626695	3423
-0.02552264668733	1.40560079415262	264
0.11362743986127	1.13747907553979	99
0.05809212963156	0.807140083414171	2370
-0.0556578173492699	0.882969390899142	177
-0.11567369495828	1.07098959522738	147
-0.0579890535307399	0.915536982755399	25
-0.0583572446607701	0.477525655657704	25
-0.11581348734306	1.59693698310102	3423
-0.05008100179551	0.93191090480766	3423
-0.0557725395913999	0.938123011895745	264
-0.0340127922158	1.42524099828966	264
-0.0340127922158	1.42524099828966	193
0.06031954869066	0.803126574946966	47
-0.06063648613741	0.496241204441374	99
-0.0579890535307399	0.915536982755399	1183
0.0503972294267401	0.777490465282938	25
0.0622300957094899	0.781886088315577	25
-0.0532212644682	0.945933692594188	3423
0.05809212963156	0.807140083414171	3423
-0.1161276614095	1.02504444730538	3341
0.0564710452019599	0.770249162234433	264
0.06031954869066	0.803126574946966	79
0.0164991258973299	1.77516034992672	193
0.0570768834731701	0.799909031316525	1572
-0.01976620293517	1.79193990019451	431
0.0601509585589199	0.795676917498899	177
-0.06177354939839	0.4814693304651	332
0.0623896220329201	0.800670855844171	25
-0.06063648613741	0.496241204441374	25
-0.11360045536856	1.0778716954881	25
0.0575009489312	0.773923407155499	3425
0.10998412078309	1.12261686626038	47
-0.0542384651636401	0.467229328036224	300
-0.06279434677459	0.47788062848249	300
0.05620793023729	0.800105690010203	45
0.0582373153797899	0.833067250464455	177
0.0201288675325	1.24605848159405	177
-0.0568743160102401	0.495883856806621	332
0.0483305036817101	0.780476174113536	332
-0.05904286270737	0.481289667170511	261
-0.06063648613741	0.496241204441374	25
-0.06177354939839	0.4814693304651	25
-0.11585155586237	0.964271812267696	25
-0.12205070094317	1.03934298751888	264
-0.11643337020792	1.08363651938792	264
0.12343548036948	1.00078860692195	264
0.10315315261435	1.13511610435915	79
0.0765673754621701	1.58527737568921	193
-0.10348228265961	1.62674295783543	47
0.0465357674914699	0.731250774047024	300
-0.0507777272693699	0.928363970169061	3224
-0.0579004643040399	0.49202318700838	332
0.0533544900604199	0.798543823637356	332
-0.0496255686571101	0.873502861384323	25
0.05315959470591	0.816442546773927	855
0.1049859459328	1.1470405998044	2785
0.05302994366099	0.781077927548675	44
-0.0610382170719099	0.880644267347502	25
-0.06279434677459	0.47788062848249	25
-0.06052043613138	0.490388133177384	25
-0.0542384651636401	0.467229328036224	25
-0.05008100179551	0.93191090480766	264
-0.0543704116858399	0.907843188053031	264
0.0189289548832601	1.30602536417147	2564
0.10333180127122	2.02465648088739	47
-0.0644513963175899	0.48021115895097	47
-0.05801767937361	0.484943359002049	47
-0.06177354939839	0.4814693304651	300
-0.0542384651636401	0.467229328036224	2370
-0.06559023197746	0.482086560282311	332
-0.06052043613138	0.490388133177384	25
-0.0568743160102401	0.495883856806621	25
-0.0583572446607701	0.477525655657704	25
-0.06559023197746	0.482086560282311	855
0.05809212963156	0.807140083414171	855
-0.069595352081	1.58505208811919	264
-0.0598434617828501	0.906569864611512	264
0.05809212963156	0.807140083414171	47
-0.0644513963175899	0.48021115895097	2417
-0.0606843724036299	0.470390640612341	3146
-0.05801767937361	0.484943359002049	44
0.0521412742210099	0.806514162297701	431
-0.05801767937361	0.484943359002049	177
-0.05801767937361	0.484943359002049	25
0.0521412742210099	0.806514162297701	25
0.0126208510505399	1.73135086042829	25
-0.1037732504214	0.990710299738816	855
-0.0572857210901101	0.919036142009243	855
0.0533544900604199	0.798543823637356	2564
-0.08574913083229	2.105334324562	193
-0.0579026301726699	0.90654892903118	47
-0.0530887356812899	0.467823577678091	2417
0.0611957252190301	0.778152824659933	3146
-0.0579004643040399	0.49202318700838	3146
-0.0507777272693699	0.928363970169061	44
-0.11860091151734	1.0508200053748	2944
-0.06052043613138	0.490388133177384	431
-0.06052043613138	0.490388133177384	25
0.0533544900604199	0.798543823637356	25
-0.02104987944168	1.85261507763227	855
0.05417681487601	0.818255775519272	855
0.03018586629961	1.25909120620323	1711
-0.0568743160102401	0.495883856806621	431
0.06589330958062	1.66862623936306	431
-0.0532212644682	0.945933692594188	431
-0.0617387135672201	0.903247106831305	172
-0.059497719513	0.494214957169554	332
-0.0568743160102401	0.495883856806621	1304
-0.0532212644682	0.945933692594188	780
-0.0568743160102401	0.495883856806621	25
-0.06559023197746	0.482086560282311	25
0.0742204080382301	1.63772944184966	264
-0.05904286270737	0.481289667170511	47
0.10931801144484	1.16730736985013	47
0.10367347048948	1.12043484864481	45
-0.0601461672283301	0.837604920092065	177
-0.11075112343313	1.0774886624297	25
0.11559374250629	1.12084544887553	25
0.00679334454611991	2.04812944233257	855
-0.0494186529121901	1.97112538583472	884
-0.11394267717175	1.07954288843318	193
-0.05860018948734	0.930835334735118	431
-0.0349953531449101	1.41400882799696	1183
0.11245666601048	1.1548112201242	25
0.05417681487601	0.818255775519272	25
0.0214457287693199	1.28458484531245	25
-0.0579890535307399	0.915536982755399	25
-0.06559023197746	0.482086560282311	4513
0.0636090371732401	0.737000393147045	94
-0.0519293468741799	0.91752591613997	1698
-0.10817596077847	1.06425847440415	193
0.01605368027743	1.20192937010191	47
0.0192937302107701	1.18911518936117	47
0.1049859459328	1.1470405998044	47
0.07388071845758	1.39334496502321	300
0.0572105793698401	0.834743156597484	300
-0.0568743160102401	0.495883856806621	431
0.11179248647147	1.15044114722927	172
0.10969916945116	1.10285237358036	332
0.0551929287270201	0.812976909394855	25
0.05619409578552	0.826891165505306	193
0.0154525798449201	1.74522847157282	47
-0.0773800422403601	1.52444490660349	47
-0.10883626110053	1.05858485182476	356
-0.07264405135333	1.55919359001954	212
-0.05123132961671	0.885810660848429	332
-0.11388873554686	1.05924652695917	106
0.10773391652068	1.16093427511844	25
0.10748369259225	1.15499562353462	25
-0.0294108131420401	1.42073851591707	25
-0.0598434617828501	0.906569864611512	25
0.0521412742210099	0.806514162297701	3597
0.0566302768551601	0.77260766179336	193
0.0592727256605901	0.82219585210137	431
0.0598552833555399	2.07268220197133	431
-0.0510048869351101	0.929289822330005	431
0.03234106475829	1.20292213800696	212
0.04936436528172	0.782164195498418	25
0.0638804460439999	1.59407762310035	106
0.0502450767999101	0.783537885839418	94
-0.04353320229272	1.40347791673768	300
-0.11075112343313	1.0774886624297	332
0.0705773847822699	1.63001990437902	25
0.1112336504379	1.96315647044812	193
-0.05139865658831	0.885794899771119	47
-0.11517050634554	1.07293846681634	300
0.05430628279505	2.0540410286674	172
-0.1046342012157	1.71537888198076	332
0.10684616645012	1.08615141846386	25
0.0591167155802399	0.805629943872835	94
0.0198881428409501	1.30726801757585	47
0.10342578658407	1.11260739130676	47
0.10322044052823	1.91191356496024	47
-0.06542160677437	1.54655650287359	499
-0.0491576945835299	0.926423254674057	300
-0.0787528451555399	1.51316622698723	431
0.10467289048312	2.00889848296799	212
-0.0568743160102401	0.495883856806621	212
-0.12015688232528	1.02605076327233	47
-0.10775505908023	1.66433712233925	356
-0.0572857210901101	0.919036142009243	431
-0.06559023197746	0.482086560282311	45
-0.0349953531449101	1.41400882799696	332
0.056328617163	0.799655515803619	3597
-0.06063648613741	0.496241204441374	47
-0.11421413403052	1.06442727954312	356
0.02900699379303	1.26504684296964	332
-0.11327521709148	1.07252385669055	94
-0.06177354939839	0.4814693304651	47
0.0572105793698401	0.834743156597484	431
0.0786275657262701	1.64175715763471	172
-0.12013761952112	1.02495282899074	25
-0.0837366261164001	2.1180134308404	884
-0.07735693050912	1.5795646095028	47
0.10411153420918	1.93268357377393	212
-0.05599723010918	0.927282037201194	228
0.0887179144193599	1.82690137747441	332
0.10392206262821	1.07861024469518	25
-0.10979420087525	1.0719035872367	3292
0.06859707881622	1.66068950789585	3292
-0.0592980062042501	0.902896106299044	3358
0.0499366332792399	2.10415483320002	3358
-0.05484644504348	0.943849821194801	1833
-0.10487466280431	2.1425851844873	1698
0.0220448082711699	1.30146384793971	193
0.10812130981182	1.13530809652905	409
-0.06063648613741	0.496241204441374	2048
-0.0529959528896999	0.933421019675225	499
-0.03484368727473	1.45058453263079	499
-0.03079784880728	1.38344016042808	431
0.02337657624829	1.2331589136421	647
0.0591167155802399	0.805629943872835	212
-0.0568743160102401	0.495883856806621	332
0.05619409578552	0.826891165505306	106
-0.0529959528896999	0.933421019675225	25
0.0777294156513799	1.67231051041132	25
-0.0552680630421101	0.463898534109862	3292
-0.1147151667838	1.07294021651615	47
0.08412766212774	1.54118334681947	47
0.10406955780155	1.14520192114084	106
0.01485069840763	1.2568631665969	829
0.06031954869066	0.803126574946966	332
0.0147812609732101	1.20642670218489	106
-0.06063648613741	0.496241204441374	3292
0.02721711006476	1.24289723446728	264
-0.10524988159646	1.61728659541714	47
-0.06044645557269	0.911249800351	1878
-0.06063648613741	0.496241204441374	409
-0.05801767937361	0.484943359002049	106
0.02360366761921	1.29845468731096	106
0.02027213799857	1.25158162962406	855
-0.11581750224674	1.07655144912133	884
0.05417681487601	0.818255775519272	884
-0.0552330056653201	0.889302931654914	884
-0.06052043613138	0.490388133177384	47
0.0208534407577901	1.23913849129423	47
-0.0588246983865699	0.901304275456203	1878
-0.06177354939839	0.4814693304651	6393
-0.0616582425154799	0.492373840580877	212
-0.0568743160102401	0.495883856806621	829
-0.06063648613741	0.496241204441374	829
-0.05919523792366	0.454981857050048	3155
-0.0616582425154799	0.492373840580877	106
-0.0616582425154799	0.492373840580877	252
-0.05801767937361	0.484943359002049	3292
0.01227252312727	1.71945519710791	47
-0.0542384651636401	0.467229328036224	409
-0.06559023197746	0.482086560282311	3358
0.0570768834731701	0.799909031316525	829
-0.059497719513	0.494214957169554	252
-0.03443364552121	1.43951064142382	47
-0.03484368727473	1.45058453263079	195
-0.05414602204599	0.947571526238211	6393
-0.11567369495828	1.07098959522738	431
-0.05898134923807	0.849018231938026	212
-0.0925835525227401	1.65017304839412	829
-0.03734681447166	1.43776287903901	3155
-0.06196115310405	0.879330277718198	756
0.12120510910507	1.00552704502102	433
0.0551929287270201	0.812976909394855	47
-0.0959706323657299	1.68537481805552	47
-0.03971114506095	1.39421017109899	106
0.10931801144484	1.16730736985013	252
0.10773391652068	1.16093427511844	264
-0.0162598581409099	1.84046168909203	356
0.01752522483574	1.28792840104087	431
0.11687455715664	1.03929609528402	106
-0.0557725395913999	0.938123011895745	106
-0.11921828148414	1.03807540390746	106
0.105509365606	1.12315858878381	106
-0.08394510879143	2.04465664230769	433
-0.05675634571362	0.480074557541369	431
-0.11674380720213	1.06420930573076	332
-0.11585155586237	0.964271812267696	356
0.0551929287270201	0.812976909394855	356
-0.0618295465843	0.481736426029628	264
-0.03379027322887	1.45643079906215	47
-0.06052043613138	0.490388133177384	47
-0.059497719513	0.494214957169554	47
-0.06177354939839	0.4814693304651	47
-0.0347657766453999	1.46829008296875	356
-0.10747997466535	0.999262319343407	106
0.0139709006670099	1.75995162177166	106
-0.0545341504630401	1.98542155849694	106
0.10867384277434	1.84873834418524	106
0.10748369259225	1.15499562353462	3597
0.0540470337289101	0.790235868623946	94
-0.06177354939839	0.4814693304651	3761
0.05351018089645	0.795689183809482	6843
0.07652729283112	2.43951921101669	356
-0.059497719513	0.494214957169554	1390
0.0570768834731701	0.799909031316525	433
0.06630173724536	1.68517821325492	2420
-0.06063648613741	0.496241204441374	356
0.11702287159967	1.05305417344103	356
-0.05964190396003	1.84178215198795	106
0.11048709045294	1.14236460876866	94
-0.0568743160102401	0.495883856806621	30
-0.069595352081	1.58505208811919	47
0.0284105052817201	1.2494115055267	2395
0.0245646601010301	1.29591030761521	2395
0.06062375436938	0.735940457251246	47
-0.10590414925281	1.67081009001378	47
0.0615153794208301	0.76919911966243	597
-0.11758769800218	1.04164803973117	2395
-0.0583572446607701	0.477525655657704	2657
0.0591167155802399	0.805629943872835	597
-0.0722260769357299	1.5828389697499	274
0.05230745423854	0.76729538273141	3155
0.05315959470591	0.816442546773927	106
-0.0598434617828501	0.906569864611512	94
-0.06177354939839	0.4814693304651	264
-0.05801767937361	0.484943359002049	2627
-0.0582118804921601	0.917638019544922	3035
0.0502450767999101	0.783537885839418	597
-0.0568743160102401	0.495883856806621	106
-0.05919523792366	0.454981857050048	94
-0.059497719513	0.494214957169554	94
-0.06063648613741	0.496241204441374	194
0.1247408722488	2.25397962534893	597
-0.0507663108755401	2.03084951996187	597
-0.11194355192859	1.68054129368473	2087
0.0171511319484701	1.27025242708684	2087
0.11090067603576	1.11705358199858	94
0.10798504984911	1.11272964754014	1779
0.0622300957094899	0.781886088315577	47
-0.11612159969374	1.07481256558124	195
-0.0799270317291501	1.55293214630439	1329
0.0194599433014799	1.7939531688458	3155
-0.0557725395913999	0.938123011895745	3597
0.06448003178871	0.765062254391552	94
-0.0507777272693699	0.928363970169061	94
-0.0565826522592701	0.886995061924419	47
-0.0131806457039001	1.8421435671229	47
-0.0665937703844	1.52786506691596	194
0.10178922898039	1.9456457925272	194
0.10248186331875	1.04095804789038	106
-0.05484644504348	0.943849821194801	1058
0.0219707227386099	1.25851612104529	30
-0.04281007014729	1.26647368114354	1779
-0.06052043613138	0.490388133177384	265
0.05541508664753	0.7873688359798	106
-0.0649702510391701	1.98497650740988	106
-0.0606843724036299	0.470390640612341	1058
0.07195026819355	1.68675230474042	1058
-0.01118246406893	2.29558893367568	2395
-0.06177354939839	0.4814693304651	94
-0.05414602204599	0.947571526238211	194
-0.06279434677459	0.47788062848249	1058
-0.06648224656159	1.57696359579387	3597
-0.06052043613138	0.490388133177384	6071
0.09557743870268	1.84315610167424	94
0.05333713105181	0.743071299805174	3099
0.04936436528172	0.782164195498418	597
0.0533544900604199	0.798543823637356	94
-0.06559023197746	0.482086560282311	3099
0.0592727256605901	0.82219585210137	597
-0.10056957661425	1.70532871559753	1058
-0.05801767937361	0.484943359002049	94
0.05809212963156	0.807140083414171	5293
-0.0579004643040399	0.49202318700838	1166
-0.05414602204599	0.947571526238211	94
-0.11203030975828	1.05517263501183	195
-0.06063648613741	0.496241204441374	5293
-0.06052043613138	0.490388133177384	194
-0.11153303863385	1.05344284186568	2279
0.02337657624829	1.2331589136421	2280
0.10159971500185	1.08100785517287	3597
-0.0582118804921601	0.917638019544922	194
-0.11188856215234	1.65261939637283	194
-0.0579004643040399	0.49202318700838	94
-0.0618295465843	0.481736426029628	94
-0.05043567218489	0.438011233059131	1166
0.05809212963156	0.807140083414171	94
-0.06177354939839	0.4814693304651	195
-0.0618295465843	0.481736426029628	194
-0.05801767937361	0.484943359002049	1058
0.02572610060779	1.78180376039114	1058
0.0521412742210099	0.806514162297701	1237
-0.0712771148865801	1.59891145649927	5384
-0.0714644717930699	1.56457736404367	94
-0.06279434677459	0.47788062848249	274
0.0613550904407401	0.807151003503648	2395
-0.0568743160102401	0.495883856806621	94
-0.11314387661456	1.03385183905588	5384
0.0234896693843301	1.78341013946915	94
-0.06063648613741	0.496241204441374	94
-0.04413028389138	1.96047612018149	94
-0.0258124500100101	1.87114304580209	94
-0.0568743160102401	0.495883856806621	1058
0.0521412742210099	0.806514162297701	2280
-0.0175282267158501	1.937497397697	94
0.10251574690634	1.07928186218542	1166
0.10444346915976	1.04818441152957	106
-0.10800375590184	1.02285242162166	106
0.11454488498763	1.11625832790977	94
-0.05698113828588	0.90513184999415	1166
-0.06177354939839	0.4814693304651	5539
0.0570768834731701	0.799909031316525	98
-0.0606843724036299	0.470390640612341	5539
0.01389467375291	1.24586701648856	98
-0.05414602204599	0.947571526238211	274
-0.11489063387922	1.08145651698971	274
-0.10695341411649	1.01943435273373	1058
-0.10913344494848	1.05742620646572	2395
-0.0520715614829099	0.916398031917543	2395
-0.0225857806596299	2.32910592534383	3001
0.0270790519652	1.28880322769986	1058
0.06326345478609	0.775940017987127	1810
0.0833707709914999	1.6258469217048	1058
-0.0522970753186201	0.937033479589718	1058
0.11178557464904	1.06200107274878	2395
-0.07329262256938	1.58834265639667	106
0.00960670074777004	1.69353727827866	1058
-0.0482349684361101	0.912122269872628	529
-0.03581444255358	1.45007945326327	94
0.01213480344472	1.69763991803739	94
-0.11075112343313	1.0774886624297	94
0.05417681487601	0.818255775519272	822
-0.11612159969374	1.07481256558124	1058
-0.11596308566713	1.63014778601527	94
0.05928300236134	0.782032603010478	106
-0.06279434677459	0.47788062848249	1058
-0.11641132176223	0.96395891792693	94
0.01761432083568	1.27005655129762	72
-0.11551333545777	0.993581645503174	331
-0.0616582425154799	0.492373840580877	94
0.11191512948261	1.07439192649412	106
0.06638307685273	0.742316619573786	274
-0.059497719513	0.494214957169554	106
-0.0530887356812899	0.467823577678091	106
-0.0568743160102401	0.495883856806621	1058
0.0130810793795799	1.26282032738315	94
-0.02495553880007	1.88766071329162	1835
0.0179707646153799	1.29677511544725	1835
-0.0644513963175899	0.48021115895097	2610
-0.05904286270737	0.481289667170511	98
-0.06052043613138	0.490388133177384	98
0.0582373153797899	0.833067250464455	1635
-0.0595230362863	0.925253579314697	5224
-0.0525218735491699	0.911679674545905	106
0.05232267192699	0.791428090071257	106
0.05315959470591	0.816442546773927	1642
-0.06063648613741	0.496241204441374	1642
-0.059497719513	0.494214957169554	529
0.11125499072372	1.10288407441593	94
-0.0583572446607701	0.477525655657704	106
-0.06177354939839	0.4814693304651	56
-0.0542384651636401	0.467229328036224	331
-0.0644513963175899	0.48021115895097	94
-0.06297299241856	0.471523509137131	94
0.056328617163	0.799655515803619	1835
0.0169472914053399	1.79767659333853	1835
-0.0644513963175899	0.48021115895097	4306
-0.059497719513	0.494214957169554	3843
-0.0579004643040399	0.49202318700838	3843
-0.0568743160102401	0.495883856806621	529
0.05315959470591	0.816442546773927	1835
-0.06052043613138	0.490388133177384	1835
0.0572105793698401	0.834743156597484	1835
-0.06177354939839	0.4814693304651	106
-0.05801767937361	0.484943359002049	3272
-0.06063648613741	0.496241204441374	6593
-0.0529959528896999	0.933421019675225	94
-0.0667273575026499	0.468296326893888	4306
0.0623896220329201	0.800670855844171	4306
-0.059497719513	0.494214957169554	2271
-0.0644513963175899	0.48021115895097	1077
-0.06177354939839	0.4814693304651	1077
-0.0250684065593301	1.29404375573043	106
-0.0644513963175899	0.48021115895097	331
-0.059497719513	0.494214957169554	349
-0.08146047869878	1.52246962205915	106
-0.06177354939839	0.4814693304651	331
0.0638804460439999	1.59407762310035	349
-0.0484620010672201	0.89404392051701	1126
0.10187286234871	2.03118385525696	94
-0.05801767937361	0.484943359002049	2273
0.05852982286663	0.76811319495648	2754
-0.06177354939839	0.4814693304651	151
-0.0580454053361901	0.455551518521699	331
-0.0579004643040399	0.49202318700838	331
-0.0552680630421101	0.463898534109862	331
-0.06063648613741	0.496241204441374	331
0.10526052876897	1.12933430140121	94
-0.05572923120859	0.483702386076679	3299
-0.0616582425154799	0.492373840580877	1077
-0.0579004643040399	0.49202318700838	2273
-0.05904286270737	0.481289667170511	2273
-0.0616582425154799	0.492373840580877	1126
0.0157464263376601	1.21166908807152	4140
0.0540470337289101	0.790235868623946	6593
-0.05070779583417	0.864532063848651	1642
-0.059497719513	0.494214957169554	3630
0.10223673167184	1.11504925200346	8
0.06448003178871	0.765062254391552	151
-0.05008100179551	0.93191090480766	331
-0.0568743160102401	0.495883856806621	169
0.05809212963156	0.807140083414171	169
-0.0377724726168101	1.39486866581165	349
-0.0482349684361101	0.912122269872628	1126
0.05619409578552	0.826891165505306	106
-0.05801767937361	0.484943359002049	2271
0.0512767676389001	0.778844934092876	56
-0.06063648613741	0.496241204441374	169
-0.0568743160102401	0.495883856806621	1642
-0.06063648613741	0.496241204441374	1126
-0.0547656860205701	0.890389393566842	106
-0.10686884671596	1.03985066516514	1368
-0.06559023197746	0.482086560282311	2271
-0.06177354939839	0.4814693304651	169
-0.05801767937361	0.484943359002049	169
-0.059497719513	0.494214957169554	1642
-0.05904286270737	0.481289667170511	72
-0.05801767937361	0.484943359002049	331
-0.0579004643040399	0.49202318700838	331
0.0492123872522101	0.781847457087024	349
-0.10804762959341	1.51681149603831	106
-0.03525250590051	1.43177919960262	106
-0.11298700175177	1.07090562407491	106
-0.06063648613741	0.496241204441374	8
-0.0515984566505101	0.903607673295612	106
-0.0541193045433701	0.464483475976238	331
0.05201175791706	0.757471405510824	2166
-0.059497719513	0.494214957169554	1126
-0.0452528336604201	1.2839255232564	106
0.05247819558145	0.797130322649216	106
0.10526052876897	1.12933430140121	56
-0.11231997519982	1.08259488332025	72
0.0483305036817101	0.780476174113536	1642
0.0506719200911401	0.738780930870103	151
-0.0550713449557301	0.94180148871399	8
-0.10564725841022	1.04591816116305	56
-0.05762641019134	0.892159652458077	56
-0.0541193045433701	0.464483475976238	56
-0.06063648613741	0.496241204441374	56
-0.06063648613741	0.496241204441374	169
-0.0493845329776801	0.899018559316952	9
-0.0217735384651401	1.39613885783091	127
-0.0850982202826101	2.0724473472428	1368
0.0655136657025499	0.764230201963185	8
-0.0566991956673699	0.923723307485463	331
-0.059497719513	0.494214957169554	349
-0.10756457601192	1.05755839146043	56
-0.0361009484961301	1.25287897527752	56
0.0601509585589199	0.795676917498899	169
-0.11766954914396	1.04274567616455	72
-0.08886534676223	1.29512531387115	1023
0.10998412078309	1.12261686626038	4173
0.02048786239247	1.29813678128894	349
-0.11489063387922	1.08145651698971	1030
0.0182148563262301	1.22159163315353	106
0.11504479441642	1.0315210568346	72
0.0478780591033401	2.12255438964986	127
-0.0582118804921601	0.917638019544922	8
0.0613550904407401	0.807151003503648	331
-0.0595230362863	0.925253579314697	127
-0.02649107402361	1.424833319206	106
-0.0258828723355999	1.33806858359164	8
0.07807835798078	1.63727084866938	8
-0.0579890535307399	0.915536982755399	151
-0.06063648613741	0.496241204441374	8
0.04730248729957	0.771510174460089	8
-0.11766574394259	1.02590463054581	106
0.0711263426978599	1.53354853240117	169
0.0582373153797899	0.833067250464455	151
0.05315959470591	0.816442546773927	331
0.00609232838451002	2.13530585517914	56
-0.11891013423942	1.04320319200212	72
-0.11736016584178	1.07108933302212	331
-0.11567369495828	1.07098959522738	1126
-0.05675622581839	0.920757194893836	8
0.0483305036817101	0.780476174113536	8
-0.06279434677459	0.47788062848249	620
-0.03443364552121	1.43951064142382	56
-0.0428750520736401	0.862561255245727	331
-0.06279434677459	0.47788062848249	1126
0.0550630221319199	0.791928577934491	1126
0.11217080635484	1.10598250916915	56
0.03343992910734	1.69204040151343	72
0.05809212963156	0.807140083414171	331
0.0153637657871299	1.24302420442132	106
0.10406955780155	1.14520192114084	56
0.11023515131562	1.16112993494461	331
0.11128791662929	1.08840687552325	1126
-0.05146971352686	0.435174186335215	8
-0.0552680630421101	0.463898534109862	8
-0.0667273575026499	0.468296326893888	583
-0.0616582425154799	0.492373840580877	56
-0.0568743160102401	0.495883856806621	331
-0.0568743160102401	0.495883856806621	1126
-0.059497719513	0.494214957169554	106
-0.0633108456185501	0.464645860438123	2349
-0.0667273575026499	0.468296326893888	56
-0.0568743160102401	0.495883856806621	72
-0.059497719513	0.494214957169554	151
-0.06063648613741	0.496241204441374	151
-0.0616582425154799	0.492373840580877	331
-0.0616582425154799	0.492373840580877	5569
0.0502450767999101	0.783537885839418	2427
0.0483305036817101	0.780476174113536	8
0.07374568703716	1.62018565276011	2349
0.05315959470591	0.816442546773927	2349
-0.0552680630421101	0.463898534109862	56
0.10526052876897	1.12933430140121	56
-0.06063648613741	0.496241204441374	1126
0.05809212963156	0.807140083414171	2427
-0.10979420087525	1.0719035872367	56
0.0655136657025499	0.764230201963185	56
0.0177500261783401	1.27354987961084	938
0.0502450767999101	0.783537885839418	8
-0.11455647908377	1.08666608103086	56
-0.0592980062042501	0.902896106299044	2799
0.0483305036817101	0.780476174113536	151
0.11403691272268	1.10961868546429	339
-0.0737098709849799	1.58884486600183	1126
-0.0323387170596301	1.411500476006	127
-0.0591385928217401	0.91000646137514	56
0.0110760446398099	1.17909787782145	56
-0.11520184669079	1.0363144682696	8
0.0613550904407401	0.807151003503648	8
0.0622300957094899	0.781886088315577	583
-0.11170703041015	1.07555757668303	56
0.11031760021574	1.97757833860479	1023
0.02359642362078	1.23515814078902	127
0.0502450767999101	0.783537885839418	106
-0.0568743160102401	0.495883856806621	106
-0.06063648613741	0.496241204441374	938
-0.06052043613138	0.490388133177384	331
-0.05675634571362	0.480074557541369	331
0.10434316023762	1.12462170153756	106
-0.0568743160102401	0.495883856806621	1482
-0.06559023197746	0.482086560282311	4520
-0.0616582425154799	0.492373840580877	339
-0.11694412243509	1.06613198625175	127
0.11245666601048	1.1548112201242	3391
-0.0579004643040399	0.49202318700838	3369
0.0592727256605901	0.82219585210137	8
0.0878490407560999	2.25905527870991	4360
-0.05572923120859	0.483702386076679	56
-0.05801767937361	0.484943359002049	56
0.0582373153797899	0.833067250464455	72
-0.05904286270737	0.481289667170511	8
-0.0579004643040399	0.49202318700838	938
0.0533544900604199	0.798543823637356	331
-0.03304043289442	1.43013558302739	106
-0.0552680630421101	0.463898534109862	56
-0.04067927220253	1.38403691586679	56
-0.0644513963175899	0.48021115895097	786
0.0615153794208301	0.76919911966243	460
0.0514290905880801	0.765982722400118	3369
-0.0534458595932901	0.913133491220031	731
0.06344537489657	0.749120118552172	56
-0.06177354939839	0.4814693304651	2339
-0.06063648613741	0.496241204441374	331
-0.02899784134594	1.44920676271659	106
-0.09964731976066	1.71919300103188	106
-0.03191877027042	1.46042030616506	1126
0.05557109888366	0.762150858788139	106
0.0550630221319199	0.791928577934491	339
0.10526052876897	1.12933430140121	460
-0.06063648613741	0.496241204441374	796
-0.0626624251219099	0.901871383330684	841
0.05232267192699	0.791428090071257	556
0.0214457287693199	1.28458484531245	841
-0.0491576945835299	0.926423254674057	56
-0.05801767937361	0.484943359002049	56
0.0601509585589199	0.795676917498899	339
-0.03267114421059	1.39312017829965	106
0.0181240732938099	1.24510394739124	796
-0.05904286270737	0.481289667170511	319
-0.09505228031647	1.65972537569037	339
-0.10721746012315	1.06254383789611	339
-0.06832003569365	1.58452408038285	841
-0.12104470035332	1.03094874875863	339
-0.0579004643040399	0.49202318700838	52
0.0591167155802399	0.805629943872835	56
0.09838276393127	1.94637752472378	20
0.11245666601048	1.1548112201242	460
0.0146059540902801	1.07647202066626	3181
0.05288738853429	2.00044501996658	126
0.07449296717488	1.5956199341029	126
-0.059497719513	0.494214957169554	52
-0.0397471978037001	1.6673070533389	1132
-0.08652955648935	2.09156759236143	126
0.0604796737503901	0.775008303988958	2083
0.05809212963156	0.807140083414171	339
-0.05572923120859	0.483702386076679	52
-0.11040644695602	1.07886192817719	56
0.0575009489312	0.773923407155499	339
-0.04754005094346	0.881003413233429	339
-0.05054984931617	0.886280474609673	339
-0.11422944633913	1.05267827513219	3113
-0.10864766917571	1.02256977502553	1613
0.0613550904407401	0.807151003503648	1590
0.00921998478432995	1.78199564983225	841
0.06111034798272	2.04875584767576	841
-0.11921828148414	1.03807540390746	56
0.1086516545301	1.162799445185	339
0.02063772062327	1.29235264353671	2831
0.0652769251083101	1.58517592500949	20
0.0672627308614999	1.68105192234141	339
0.06448003178871	0.765062254391552	2831
-0.05892976147267	2.00405527679487	3074
-0.06063648613741	0.496241204441374	319
-0.059497719513	0.494214957169554	339
-0.0568743160102401	0.495883856806621	460
0.01404084836285	1.28046826795911	2451
0.0156013742919601	1.2929510089491	5403
-0.12424150248725	0.910252827839424	56
-0.0644513963175899	0.48021115895097	4931
0.0623896220329201	0.800670855844171	339
-0.059497719513	0.494214957169554	339
-0.0568743160102401	0.495883856806621	1786
0.05809212963156	0.807140083414171	841
-0.059497719513	0.494214957169554	841
-0.0579004643040399	0.49202318700838	470
0.0636090371732401	0.737000393147045	470
-0.0579004643040399	0.49202318700838	470
-0.0568743160102401	0.495883856806621	3384
0.0572105793698401	0.834743156597484	20
-0.0568743160102401	0.495883856806621	1103
-0.11674380720213	1.06420930573076	339
-0.0568743160102401	0.495883856806621	882
-0.06052043613138	0.490388133177384	339
-0.05904286270737	0.481289667170511	339
-0.05675634571362	0.480074557541369	1786
-0.07653304659861	1.57644000260443	841
-0.06052043613138	0.490388133177384	1044
-0.06177354939839	0.4814693304651	1832
-0.06063648613741	0.496241204441374	1282
-0.0644513963175899	0.48021115895097	742
-0.06177354939839	0.4814693304651	3242
-0.06559023197746	0.482086560282311	3242
-0.059497719513	0.494214957169554	339
-0.05170238781028	0.925757738005374	1786
-0.059497719513	0.494214957169554	841
-0.0579004643040399	0.49202318700838	1044
-0.05801767937361	0.484943359002049	52
0.0189289548832601	1.30602536417147	3487
0.10748369259225	1.15499562353462	3487
-0.06177354939839	0.4814693304651	1869
-0.05919523792366	0.454981857050048	470
0.05438529682761	0.797094245861736	470
-0.05904286270737	0.481289667170511	732
-0.06279434677459	0.47788062848249	1690
0.05315959470591	0.816442546773927	52
0.0540470337289101	0.790235868623946	1832
-0.0579004643040399	0.49202318700838	339
0.0572105793698401	0.834743156597484	460
0.06541598365633	1.53183200806631	52
0.0540470337289101	0.790235868623946	1832
-0.0568743160102401	0.495883856806621	20
0.11429044404784	1.14172275863387	3242
-0.0603443126298999	1.90340760665881	339
-0.05572923120859	0.483702386076679	1690
-0.06279434677459	0.47788062848249	339
-0.06052043613138	0.490388133177384	2391
0.1158489715223	1.11994504979428	246
0.0582373153797899	0.833067250464455	470
-0.0630581048872201	0.860828321290556	186
-0.05904286270737	0.481289667170511	72
-0.10403365853338	1.03519606176699	1690
-0.06177354939839	0.4814693304651	555
-0.05904286270737	0.481289667170511	555
-0.10495444929246	1.6565220116138	2024
-0.11798375534155	1.0442676163903	2024
-0.11728911770732	1.04038406090386	667
0.0623896220329201	0.800670855844171	732
0.11683418217576	2.22968701819031	20
-0.12439363623274	0.980629802523722	3384
0.06031954869066	0.803126574946966	555
-0.0498536439347399	0.922931243078693	555
0.05852982286663	0.76811319495648	1688
-0.0583572446607701	0.477525655657704	186
-0.0616582425154799	0.492373840580877	555
-0.0532212644682	0.945933692594188	2024
-0.06177354939839	0.4814693304651	2024
-0.059497719513	0.494214957169554	1682
-0.059497719513	0.494214957169554	732
-0.0616582425154799	0.492373840580877	732
0.10840085810758	1.16543409033	20
0.10684616645012	1.08615141846386	72
-0.11067079113728	1.64091730880909	3057
-0.0583572446607701	0.477525655657704	3214
-0.05801767937361	0.484943359002049	1682
-0.06177354939839	0.4814693304651	72
-0.0593809227603399	0.474013409533136	339
0.0615153794208301	0.76919911966243	3143
-0.059497719513	0.494214957169554	3143
0.05709166989995	0.775275822590163	3201
0.0622300957094899	0.781886088315577	460
-0.0574524815370701	0.893615686009155	555
-0.0568743160102401	0.495883856806621	3214
0.10602919842911	2.00587092939448	456
-0.0515984566505101	0.903607673295612	555
-0.03191877027042	1.46042030616506	3201
-0.11455647908377	1.08666608103086	555
0.05809212963156	0.807140083414171	52
0.0521412742210099	0.806514162297701	1682
0.0135080873521101	1.7900356384992	555
0.01152638303422	1.24455352725546	555
0.06638307685273	0.742316619573786	555
-0.0573571753214499	0.845058095379569	456
-0.0550713449557301	0.94180148871399	456
0.04606564566658	2.10098187675432	186
0.00918337880576003	1.72344685799485	732
-0.03710933480551	1.72779950160916	732
0.01344590726881	1.24644266243684	20
0.10009966598915	1.96046912241246	555
-0.10372092766852	1.75963270135987	555
-0.02947217357379	1.39382301096679	456
0.11181721599682	1.10396395538091	186
0.10159971500185	1.08100785517287	732
0.11964546545959	1.08304023453983	186
-0.07572266939376	1.61764248923318	732
0.0298184004627899	1.24292486279418	186
-0.11293314448808	1.06903510951625	52
0.05302994366099	0.781077927548675	1682
-0.0287758437649299	1.37575516333651	186
0.0572105793698401	0.834743156597484	446
0.0136815298407	1.26609990418053	555
-0.10292355899485	1.68479727473877	186
-0.11997654666077	1.78941037325138	3107
0.01862634198816	1.72554717733169	1640
0.10223673167184	1.11504925200346	456
-0.0167540791885801	2.24079522263981	841
-0.11006027715072	1.05231684278074	20
0.0551929287270201	0.812976909394855	72
0.05438529682761	0.797094245861736	446
0.0572105793698401	0.834743156597484	446
-0.0616582425154799	0.492373840580877	555
0.0601509585589199	0.795676917498899	1076
0.0582373153797899	0.833067250464455	456
0.0572105793698401	0.834743156597484	555
-0.11790243135627	1.07469087485898	29
-0.05599723010918	0.927282037201194	555
0.01167547359001	1.20947089461026	555
0.05315959470591	0.816442546773927	2533
0.0555991892937799	0.768942273133485	555
-0.11310423306717	1.04406413626695	20
-0.0616582425154799	0.492373840580877	2533
-0.04356510643387	0.859639362824401	29
-0.05675634571362	0.480074557541369	1682
0.05144520016315	0.790035584511304	20
-0.0626624251219099	0.901871383330684	29
0.0232423274859299	1.24220457813838	555
-0.12232440309351	0.997443394044551	456
-0.04353320229272	1.40347791673768	20
0.08438787027224	1.53688998025297	446
-0.0583572446607701	0.477525655657704	29
0.0582373153797899	0.833067250464455	456
0.0533544900604199	0.798543823637356	456
0.0167657362750999	1.25870517998737	72
-0.0510048869351101	0.929289822330005	446
0.0575009489312	0.773923407155499	456
0.05619409578552	0.826891165505306	202
-0.06063648613741	0.496241204441374	1202
-0.06297299241856	0.471523509137131	20
0.05315959470591	0.816442546773927	20
-0.06063648613741	0.496241204441374	1470
-0.06052043613138	0.490388133177384	29
-0.0616582425154799	0.492373840580877	202
-0.059497719513	0.494214957169554	202
-0.0667273575026499	0.468296326893888	202
-0.06559023197746	0.482086560282311	1202
-0.06559023197746	0.482086560282311	1470
-0.06177354939839	0.4814693304651	29
-0.11231997519982	1.08259488332025	20
-0.05385182970326	1.97160635137465	20
-0.10554487679971	2.20107959914342	3135
0.02384064063669	1.77110786735791	29
0.10656626977951	1.10996948946959	555
-0.0720743190637501	1.61013093954688	555
-0.0524001463600401	0.888745169321819	20
0.0572105793698401	0.834743156597484	20
-0.06177354939839	0.4814693304651	20
0.05247819558145	0.797130322649216	72
0.0601509585589199	0.795676917498899	72
-0.0720225790601701	1.56220389824981	456
-0.0515984566505101	0.903607673295612	20
-0.0265363679520001	1.78089681319431	29
0.0572105793698401	0.834743156597484	20
-0.11375561865858	1.06741214430783	555
0.0604796737503901	0.775008303988958	20
-0.0583572446607701	0.477525655657704	313
-0.11455647908377	1.08666608103086	20
0.0512767676389001	0.778844934092876	555
0.0533544900604199	0.798543823637356	313
0.0516961922330099	0.718320160727695	1245
0.0494614812829199	2.46826973322905	555
-0.0237100453032799	2.48378371324145	29
0.0560779028635501	0.787101234740602	1245
0.0762179433080601	1.67171806992308	1607
-0.09836288667858	1.69788504417163	20
-0.06090810949846	1.95366595576981	555
0.0329169934937299	1.19616843207006	686
0.0579763452457101	2.10839026602108	555
-0.0579026301726699	0.90654892903118	776
-0.08032031009931	1.60370381158844	555
-0.0882802111682	2.08190214658009	234
-0.0538450984357901	0.892806824292108	1607
-0.05982031457443	2.3692109344745	555
0.0208534407577901	1.23913849129423	686
0.0147812609732101	1.20642670218489	313
-0.08853851334731	2.1020451175436	555
0.04775545154867	2.34693686454885	1607
0.05417681487601	0.818255775519272	555
0.11023515131562	1.16112993494461	686
-0.05453892530747	0.916026297147207	686
-0.11705650614445	1.70919545860545	1607
0.05227173597449	0.783026833489421	313
0.0611957252190301	0.778152824659933	234
0.05417681487601	0.818255775519272	776
0.0560605228864	0.77675196404921	234
0.04818653525713	0.772855055161654	555
0.0550630221319199	0.791928577934491	1607
0.0540470337289101	0.790235868623946	555
0.05144520016315	0.790035584511304	313
0.10995745767011	1.12544632149745	686
0.0878857029584501	2.26063220223747	555
0.0243307810931499	1.27722643259003	1607
-0.0617387135672201	0.903247106831305	20
-0.0678990432521101	1.59090550585809	694
0.0503303226683101	2.14659477392268	1607
-0.05453892530747	0.916026297147207	1638
-0.00563143367250008	1.73589833852334	196
-0.0608155681591001	0.898996858045327	313
0.0729828117554201	1.68203688306935	1607
0.05302994366099	0.781077927548675	72
0.0502450767999101	0.783537885839418	196
0.06342313787237	0.778315916203884	3141
0.0540470337289101	0.790235868623946	686
-0.10660642610419	1.0558795265849	196
-0.0777704357943301	1.52367984548958	196
-0.0367843909249701	1.44183209461797	3141
-0.11885972093326	1.07655575458954	3827
-0.0152704009604401	1.86236151264339	153
-0.08806967559598	2.12680279103652	686
-0.03282161198561	1.46051629756433	313
-0.11040644695602	1.07886192817719	3141
-0.11550601073049	1.08861963142493	3141
-0.03031090109472	1.44398560460031	3141
0.05430753821247	0.779995019724468	686
0.10812130981182	1.13530809652905	196
-0.0785431618493699	1.48728769313614	153
-0.0161331087409899	2.3346172778753	313
-0.0547656860205701	0.890389393566842	72
0.10903741590738	1.13339369968787	686
0.07869171448268	1.65845550470538	313
0.0566302768551601	0.77260766179336	313
-0.05572923120859	0.483702386076679	196
-0.06559023197746	0.482086560282311	1273
0.0622300957094899	0.781886088315577	1273
-0.0460169975322999	0.899107574709868	153
-0.05170238781028	0.925757738005374	686
-0.06052043613138	0.490388133177384	313
-0.0583572446607701	0.477525655657704	196
-0.0579004643040399	0.49202318700838	1273
-0.06052043613138	0.490388133177384	694
-0.0633108456185501	0.464645860438123	1601
-0.12043023384943	1.06878830857885	1601
0.0576603358969701	0.766819648057653	313
-0.0541193045433701	0.464483475976238	196
-0.06052043613138	0.490388133177384	1273
0.0502450767999101	0.783537885839418	1273
0.05417681487601	0.818255775519272	2286
-0.06063648613741	0.496241204441374	1601
-0.06063648613741	0.496241204441374	313
0.0129232083080499	1.75099178563475	4413
-0.06063648613741	0.496241204441374	196
0.05619409578552	0.826891165505306	686
-0.06044645557269	0.911249800351	3098
-0.059497719513	0.494214957169554	995
-0.0593809227603399	0.474013409533136	196
0.0623896220329201	0.800670855844171	686
0.11179248647147	1.15044114722927	2286
0.0604796737503901	0.775008303988958	995
0.10773499492122	1.1039634798019	196
0.0601509585589199	0.795676917498899	1273
-0.04893944720223	2.37723438345988	1273
0.0418516447531601	2.46978895081301	694
0.0214457287693199	1.28458484531245	2504
-0.08198346948707	1.5274073497127	196
0.0678141521476801	1.66891978190191	196
-0.03128707897163	1.45174595695737	3285
-0.0322546049593	1.42630391011003	3285
0.11023515131562	1.16112993494461	686
-0.10979420087525	1.0719035872367	313
0.11625549245747	1.08061763894355	313
0.02827278376987	1.23124553640755	3285
-0.05675622581839	0.920757194893836	1151
-0.02345403025072	1.90838249601834	1151
0.0161646074020201	1.24299951303303	72
0.0144966146540799	1.23773888941981	196
-0.04728180568941	0.849705936591074	686
0.11023515131562	1.16112993494461	313
0.0305548195590899	1.24150755115183	1151
-0.0530887356812899	0.467823577678091	196
0.0613550904407401	0.807151003503648	686
-0.0415101385872101	2.22297075666054	196
0.0225833430543501	2.19881844207996	686
-0.02233926937717	1.74643305988617	563
-0.11790243135627	1.07469087485898	686
-0.00643913059027002	2.20523342283536	1222
-0.0532212644682	0.945933692594188	563
-0.0714644717930699	1.56457736404367	1222
0.0153792535659101	1.17963886934925	313
0.11115227642713	1.14667912888302	196
-0.0507777272693699	0.928363970169061	1312
0.0129232083080499	1.75099178563475	1312
-0.0733611013272699	1.58012214034645	1312
-0.0491576945835299	0.926423254674057	864
0.10812130981182	1.13530809652905	368
0.06968485692689	1.5427171242107	2924
-0.12220736108541	0.987563678307936	368
0.11273373936859	1.08198315108176	864
-0.0198145500671101	2.32201087627881	2924
-0.0759987518585601	1.57136080660013	2924
-0.1168458795644	1.76900363080966	864
-0.0298921594327599	1.43676160043651	2924
-0.0491576945835299	0.926423254674057	864
0.10406955780155	1.14520192114084	521
-0.0493845329776801	0.899018559316952	3037
-0.0284240426939999	2.19299702880169	864
0.10118203158066	1.07519843129653	1398
-0.0547186563939901	2.04110346344562	864
0.0720150693938599	1.67161051938073	368
-0.12121187491736	0.972632633793505	797
-0.06904877614231	1.49971624398125	635
-0.05981854117673	2.04790666683498	3123
0.06753689611481	2.2218410152433	3123
