x	y
0.140815536191423	0.979105792954913
-0.0671954411338219	0.297275399603154
-0.279625491494963	1.64040368812184
-0.47259328873605	2.617101617697
0.096169165011913	0.580391412321927
-0.0430549779189093	0.178238204473563
-0.282456879068004	1.60370219182341
-0.0217198236645038	0.0943304341052684
-0.116331741109189	0.564569640095245
-0.137090404129886	0.541335945779558
0.52927982372771	0.885801412437806
0.414477319509745	0.567945837879619
-0.00886644518043846	0.0360050169621303
-0.166876588068601	0.95262529196135
-0.191920578258254	0.827851118132076
-0.236658967104285	0.911087273858862
0.239206188239835	0.40524319122532
0.220813615268179	0.423986879446993
0.725005782890778	1.60627587808259
0.0355690282769697	0.161958220209505
-0.00410986759328108	0.0143902033497128
-0.243937758105028	1.21970044290741
-0.198035356563664	0.812877876906865
0.109058510259923	0.305322917057306
-0.32330721285869	1.12943767056529
0.395447263969335	1.13692170518177
0.336108415862997	0.76169198988585
0.343717610014741	0.819423676658765
0.389545529881351	0.967923607301992
0.0769373428273828	0.118841509654252
0.164401750995154	0.28590241654059
0.0328198407913988	0.0370057987824893
0.12284695090281	0.175671304912962
0.307211442505384	0.543273261581249
0.0497166899258492	0.234798081635615
-0.0432063382236145	0.172114055698644
-0.165090498155506	0.673542417234485
-0.160472015106044	0.549025725579654
-0.109076383857228	0.313202243932588
-0.143881493800805	0.372114540714467
0.291212357782652	0.760769871314756
-0.198269644333801	0.312245511101491
0.153716861708822	0.301798414701848
0.298526260658557	0.672944689487035
0.205468398097868	0.406936716090841
0.0564482642373046	0.0841746087878103
0.310124644118187	0.677692251365784
0.0519032178044907	0.0673722788338535
0.00731233825854715	0.00891507476677195
0.306443846637465	0.514656494645344
0.1615063968904	1.15033242413196
0.0179523107172775	0.0641108111917427
-0.0772121952363572	0.25280352759294
0.0535397571403913	0.13896930529477
0.0232636094221788	0.0522346237716632
0.170375444556815	0.38083870383656
0.376233312171834	0.927907927128659
0.353711482751091	0.981341753537656
0.295770331334494	0.688193029067809
0.389102244527388	0.911870884532875
0.204641093111026	0.415507419935274
0.109049101059693	0.182844889738297
0.0938948578632423	0.165002522314685
0.674130000137376	1.67768753980442
0.266724454280825	0.480958002308456
0.66024096334414	1.8635586748762
0.145250427979854	0.212647897169041
0.213381099351084	0.317199500925129
0.0379779531850956	0.0451099093613877
0.136731434760406	0.90761833323342
0.125067564932963	0.629536908055332
0.0286888940221981	0.0833299154543609
-0.0557998676080727	0.144803026533913
0.195629486034587	0.49651750657392
0.126513590478788	0.236207741699634
0.327021172132018	0.864838530823887
0.450199071392543	1.21739935271465
0.0916867923888893	0.164044052825212
0.329310146471409	0.866602775711239
0.0830429464365402	0.152614211371713
0.432143570507754	1.22782037278399
-0.262908748031097	0.462454028821009
-0.260615860517263	0.432509483933427
0.270098122367842	0.499933982065817
0.219368733847714	0.328075087517801
0.178443653623199	1.31593446055851
0.178863099910397	1.06254198664683
-0.184710155047834	0.81725267630033
0.0704736383848834	0.178697322591214
0.277600186842047	0.798598580014629
0.238120649819172	0.636482258642357
0.248840382509878	0.626646002126924
0.115364367116405	0.208585347942717
-0.057091421581166	0.107993009352508
0.140955761306495	0.274563359324289
0.183613478863215	0.382339364152487
0.356466502521218	0.61435470860833
0.109301037051811	0.16148378525393
0.561250797745918	0.435313717543388
0.11512406973499	0.729248487476704
0.0237957710215749	0.0887118988908664
0.147536690569571	0.559321257881625
0.337562978376303	1.36522124130315
0.402287739520671	1.72463852053336
0.366631822874119	1.18585118774556
0.142036948891301	0.349831412342095
0.389309818606721	1.35534566563414
0.133186411492201	0.275968558689408
0.321584054643141	0.95362806482652
0.0353376623586871	0.0543961269027414
-0.220002022031633	0.426325541736025
0.433869815052052	1.0800502670579
0.470420026239385	0.310168569372059
0.634573120178549	0.867616808991761
0.00312119805533596	0.00210104142940494
0.237852548169146	0.225391250052492
0.153516808541486	0.161962503857789
0.109089199748598	0.104545073368057
0.095382183717792	0.545840443402607
0.0956801942107511	0.430849081171987
-0.011967784732241	0.0296031493896943
0.0973356062541219	0.274986801418959
0.0813157781586824	0.194226168592814
0.0537720588395264	0.109767156620985
0.252643585663806	0.681748671679076
0.172488020392517	0.425736175179977
0.0846147518571026	0.135511255504807
0.0271061869889995	0.0359749606567939
0.426201692988999	1.05800251009805
0.159899115622589	0.207347256121461
-0.126210844319809	0.101561068312803
0.0071175588883048	0.00379703863606319
-0.285362158742322	0.363281902132098
0.0769558145016972	0.078334453886268
0.43951260423974	0.518733721413879
0.170666174616301	0.161165058962719
0.0925970857952501	0.0681505111791445
0.297514197068554	0.300855266591041
-0.277498615203271	0.316469759864211
0.323960961082965	0.385496753534946
0.402773010754772	0.390792820742359
0.627845559815581	0.658189531060382
1.4390960499444	1.97824084763626
0.592440463304692	0.547436352004781
0.51609917554602	0.574994350409878
0.373991423284894	0.303868865517401
0.0779218708395788	0.422006334594379
0.160593252096099	0.915423488965535
0.392461431120537	1.93639702257338
-0.0797305462381953	0.20282549329679
0.0528316380093402	0.10167746335588
0.0677110971568793	0.0798775016669228
0.0925012736548362	0.117907847975332
-0.093762440212456	0.183616681471604
-0.32496909755134	0.888835007558982
0.259061299472579	0.491701798596929
0.468959355730827	0.827546675858244
-0.0154991010863858	0.0155609147694673
0.344381511043232	0.452402266062721
0.224644581293462	0.232144191837006
0.531995739018501	0.944004055260134
0.360599385876941	0.472460990656828
-0.01839978624509	0.0171370577741018
0.232016422684091	0.222256997734764
1.215629413159	1.27199161450398
0.45878439384099	0.300632611538117
0.31197620541752	0.190554695491882
-0.133848845782883	0.0986213557286904
-0.731749984737027	0.716217768952373
0.461467263511147	0.319435335538042
0.140446908643413	0.954140133928394
0.128721005956538	0.619661797748452
0.26694047443937	1.30977902509014
-0.151551126699067	0.454185692495823
0.0499873031092675	0.117361215398815
0.0141123706656058	0.028194247025059
0.0496828294490361	0.061759316203135
-0.33964248216018	0.599663894673568
-0.237697093262936	0.654923177907798
0.0307798963749364	0.0508682442012165
0.148985727795712	0.201316267962386
0.179709398823324	0.222502487473009
-0.278012731623782	0.356809002713226
0.0817575235101612	0.0852626607908745
0.714042167164552	1.17570008016971
0.567349162744936	0.771483990326542
0.12038409374444	0.123082927657883
0.0510479679803155	0.0587563899674024
0.104778170294648	0.103280688918838
0.0541553218581513	0.0476495671218183
0.113029412315634	0.097810708083414
0.982185943444789	1.44578552671851
0.817373410351961	0.847563542843616
0.850733836179062	0.617743726449237
0.716887680537257	0.586982481779458
-1.26282411849116	1.09982027064205
-0.813562102416377	0.791960134068123
0.400263738602002	0.308769173715241
0.31342790648333	0.190353505721056
0.495019722203697	0.416603861885143
0.11408735660847	0.683545034558174
-0.074248602497027	0.32686419546771
-0.0485147536485	0.145227577572377
-0.0612562105806033	0.102583785994115
-0.309497751963971	0.596653931134312
-0.0673555702837115	0.102856725739028
-0.0344463053326828	0.0672661795578
-0.446127453506887	0.782826710362824
0.0637584792243044	0.0449943938848569
0.499568914515687	0.441025763392074
0.169104508599083	0.182377555259241
-0.225654781927689	0.249302300174268
-0.178926515573669	0.172198878090131
0.396189356047636	0.35977175561643
0.394671245988461	0.308927735788242
0.773292247469321	1.06666030606286
0.408947027508624	0.466427026008508
0.315535973888235	0.299373311455729
0.155769980608368	0.115544525713199
0.66794063515387	0.749152207047817
-0.927772521174101	1.27013626492213
-0.231822244162416	0.251773783823445
-0.0716663762951773	0.0700051765489222
0.911968791686599	1.19497593316233
0.561939190954656	0.605291605815168
0.239853512129735	0.228743312460941
0.221736790413966	0.229431603922029
-0.113590574831709	0.0855052471927253
-0.628120482221036	0.684749205139495
-0.520388822716385	0.591776728992855
0.15409692654108	0.11297880808754
-0.72128157970753	0.904570296371385
0.462246266109646	0.482716006009927
0.107619864202132	0.65332783510056
-0.0570603940523469	0.236738786687722
0.0685339176481225	0.226178963887538
-0.116347558145402	0.316222225740027
0.0280265729104481	0.0489338600207899
0.107657096526153	0.17223471187864
0.407335718160094	0.929861715038162
-0.310535684228882	0.909826658916906
0.184849442020451	0.288540760332949
0.514243615943283	0.570248184196025
0.531916649313742	0.428977021751829
-1.0108115849869	1.79176595161232
0.166965874102141	0.163424914123412
0.670530229565552	1.07133724342393
0.152970426693392	0.135118252499728
0.808053558090145	0.955675360453067
0.239179787531412	0.204059072468176
0.560909386525216	0.753319701675241
0.277671130991657	0.204209162168077
-0.811032767315831	0.826776342613937
0.304735322369521	0.303023432335627
0.279581002479372	0.282857792673618
0.168079354074718	0.170542907775391
0.774202902696929	1.01305221495174
0.322332733772984	0.308216519229676
-0.599839899473687	0.644949100580412
0.162103678464693	0.136435393988256
-0.182096628111273	0.175542283637782
-0.0221447237090004	0.0150674922601396
-1.73501016403614	2.65611706689845
0.313759822677653	0.302744913998681
0.252336268211221	0.211820825923768
-0.0482998544644509	0.223709762252336
0.0614669286926351	0.257578622996975
0.21124844729345	0.949092816719231
-0.0433222731555713	0.114440058630292
-0.0387238001848157	0.0757953110718552
-0.0856792356788826	0.168731669839504
0.308355308059386	0.432831546412798
-0.0978884849963389	0.156974353734951
-0.0230691473200099	0.0313302330607629
0.0860251684850113	0.12320687231117
-0.193751918544743	0.456021610807102
0.407884794403609	0.689750161655899
0.25899911416794	0.201661712627142
0.131022763669457	0.0609243383542281
0.365239347670621	0.384958187920768
-0.0667521050324519	0.0587461685062246
0.0492318577049228	0.0403398877031498
0.548791569036362	0.66684098873702
0.0613617468032086	0.0409321292071
0.310283010676778	0.289985718756335
0.830958205933165	0.684790380472052
0.628270494382198	0.57011630600681
0.548951586653023	0.604541426230898
0.302281209803821	0.305419348162611
1.00312704525673	1.602398657555
0.49823794589316	0.515865659217518
0.332550330845061	0.353177270545558
0.00107893353929926	0.000884524434676223
0.545577418311245	0.737674776892877
-0.421711654640753	0.433924000696685
0.240740378134773	0.218884376460194
-0.11836039844903	0.110419354178662
1.27973115693413	1.76686388200077
-0.340441674919263	0.367255276287278
0.684697942780761	0.840836800037507
0.155314491005094	1.08707161640061
-0.149494526508197	0.847459332548958
0.0293932884755484	0.0868525866584053
-0.155754048229417	0.468408352335604
-0.0525646064147615	0.0785927936318612
0.0453190064491142	0.0699866284349086
-0.102715355474402	0.223704771589891
0.175745707293468	0.241391622172752
-0.187586809146134	0.151347021122456
0.308499059828477	0.18113625549597
0.736283333245544	1.01764784305582
-0.0540208345616514	0.0524340838495524
0.079424138487593	0.0775130972539575
0.339930845685589	0.386284450981433
0.904168938739831	1.35076892882499
0.496711980007898	0.653885597498595
0.737943192606945	1.04870581105279
0.164249612581931	0.123838862750333
0.520042117057772	0.657967997713424
0.788227546909671	1.03846992378375
0.440316489131804	0.471774365207964
0.686353835090511	0.958790568881302
-0.229941137920178	0.189581866858863
-0.405743659158897	0.474787385852062
-0.0997214767168039	0.0921658150485295
0.166380528229276	0.173145989232914
0.119628915035605	0.113946400222461
0.476251885056506	0.48570352801845
0.54279479216069	0.655364191465168
-0.575343076285637	0.777432918887103
-0.75879844100618	0.939072434440163
0.643143497503105	0.898727583820541
0.0750092904475331	0.397319329867606
0.0754741406396288	0.348463583832816
-0.0442188820894433	0.119091386180263
-0.133652861053796	0.381742796761454
0.135986285934891	0.412270047866416
-0.158038891243024	0.41416891110073
0.11153000220943	0.202964757398179
0.345832380366698	0.84988031590972
0.219234047578826	0.639860562370538
-0.350223176975864	0.620100352010725
0.521714303489098	0.522694005803943
0.158662981776694	0.0984693373724131
0.35068854329799	0.473284631050518
0.171356323257202	0.195849293309464
0.630748944582588	0.914746707756414
0.495611372177779	0.765515346439324
0.560082123158711	0.666030030807382
0.280049317744361	0.296735641214575
0.343196600235711	0.379305453960163
0.0541068916572808	0.0463925104309669
0.0921987567768216	0.0796389558087372
0.449981389585392	0.494880373343464
0.59648164614912	0.899331823494452
-0.143654338594453	0.134554005850946
0.215331718020088	0.21668026552947
0.139098234043756	0.154909440215491
0.049475792775828	0.0418605634430901
0.123420627532087	0.113102171307843
-0.247628712366712	0.237270076055888
-0.129902074397124	0.129627142384365
0.145038732280424	0.147781624685303
-0.298889215461662	0.303130314215803
-0.303004743554031	0.343921196354632
0.54954572718589	0.766755984925422
0.119313212611677	0.743881045032513
-0.0880404546196364	0.368289651029314
-0.00395253417746924	0.0101160177286804
-0.0481971844493204	0.124424324792228
-0.121803381020949	0.308189070870783
-0.136993327300339	0.272940361146729
-0.0359038853243657	0.0627453501460057
0.38445406891692	1.49446871409398
-0.136267746430358	0.187515474407665
0.847378672885438	1.21365757008251
0.437011407625832	0.315723815256943
0.332348727911719	0.40561714620458
0.707506314863868	0.556284665084345
0.500797843642045	0.743223799456128
0.336945712949733	0.393580751257502
1.6305548716397	2.81980254098779
0.680621254717816	0.820674102050332
0.0694807600122459	0.0506459348743834
0.171420186689255	0.157594219982683
0.237162054026641	0.23016337625942
1.13777011902269	2.07113903922259
0.824382531357798	1.49304288905133
0.330334213152812	0.367088393488057
-0.572887453505231	0.865476475143157
0.0326496954425658	0.0313647608687965
0.0709288815620464	0.0652701243693376
-0.037926536312727	0.0303643946828335
0.0216046777523737	0.017351514307994
-0.114701845444221	0.116563267434345
0.380590310306683	0.467875438622568
0.542131993303101	0.655750977994183
0.235375402987086	0.227239420565499
1.00939147320251	1.62880164217395
0.0815687903584771	0.398442004995355
0.0319909923587985	0.109075141345836
0.184659923255695	0.675033158206076
0.0336112553018487	0.0684078590098477
0.0459558699530725	0.0575060730482599
0.370184636151915	0.896831004549602
0.189163560832817	0.376653525165087
0.294809398895592	0.651541587352151
0.139137698228136	0.301168127512467
0.372618684965579	0.53210315639147
0.137473943238986	0.0699333471280398
0.355610883680846	0.178029725304618
0.686992733657682	0.902132865124128
0.916183371139554	1.43141048421937
0.945212679485811	1.14801863063481
0.213942700360685	0.199020969099849
0.156801591076506	0.149174464507972
0.266404281494476	0.205537741001997
0.0966995501238354	0.0804844282451734
0.629936675290658	0.565529201774145
0.676247765794426	0.581600216326542
0.349110953838004	0.297382881839995
0.0784244587857474	0.0573141936954757
0.628537266859631	0.571352580495988
1.02411493668956	0.399362526920863
0.93640634666493	0.254775499038721
0.260635600391947	0.212310170691716
0.808130501782414	0.947540671283526
-0.222433243103971	0.198428843371611
0.949525285776509	1.21351615711175
1.0284362159022	1.78600577463761
0.989508782869034	1.38210058592547
-0.202302230638441	0.182805532091439
-0.696453838641685	0.700070066604903
1.00933439686207	1.35209629163821
0.160130792122176	0.13751838095517
0.29563844821534	0.30640205497259
-0.663951133210184	0.670268610029091
0.229267661047324	0.210438363387622
0.0448782265997509	0.198234743616338
-0.021757495936737	0.0770298561417949
-0.188614692433757	0.68885719139148
0.0124146807474134	0.0249683196703932
-0.00683872069384363	0.00781160463575355
0.101770442707524	0.153604476581421
0.0903116322763565	0.168735029754263
0.0438390793546507	0.0760406021902796
0.255122155117647	0.6070222215797
0.277751582989153	0.828382041252671
0.100575319169698	0.126606512388989
0.223215813391457	0.218456620873608
0.154431944975612	0.0955439439172933
1.11484814052089	1.07960084690297
1.35660461787666	1.21809191563936
0.524549139158072	0.4192837240013
0.36886216457294	0.378878216856645
-0.13879024800942	0.139260224393595
-0.0299319286902157	0.0242935457713437
-0.0588813205508538	0.0489331133050493
0.562033068463258	0.678803723214284
-0.0248603453143853	0.0171796822706069
-0.0730028753933145	0.0608592397650857
0.0727148100880234	0.0535275969000266
1.39650236535905	1.68374565035785
-0.658275957666423	0.569913429008022
0.981009851397756	0.772595094883438
0.147370948202585	0.068896543884548
0.145604005884882	0.0376220306325241
0.381166493400155	0.178105031398548
0.259921907959	0.202365432685945
0.00404996350242937	0.0027239839615691
-0.022759747777532	0.0154749254913511
0.0144770593772975	0.0104157529421604
0.16004616782825	0.137523039148936
0.581945744692468	0.790306006983625
1.29405619549829	2.11907656393584
0.62948674284827	0.583416237056298
0.414315065076587	0.52635531875734
0.23049368678227	0.208176324638558
0.111373826930444	0.0971179329907774
0.497092844980606	0.578956795735246
0.109098532938103	0.10049739058097
-0.149327285726095	0.128963637518619
-0.146294410351983	0.116382038655659
0.740172431372496	0.859870405511465
0.245249759020566	0.216632533648691
-0.00457547055541112	0.0176153475042037
-0.117118729792032	0.528598082330974
-0.160566979868211	0.610022287588831
-0.144531960943138	0.41860719337907
-0.129151269095869	0.257042876751712
-0.682478053870021	1.87648786162152
-0.0989564789153742	0.168956018546731
-0.175688980224042	0.436117228247285
0.0938334564053625	0.204050567708
0.54876499387514	2.26094275263586
0.142792225879441	0.382631224153183
0.212755620789011	0.363960365107651
0.435621750391605	0.320989612462645
1.02453985814425	0.931694538611991
0.492517732470297	0.696167891490704
0.678354388012442	0.807901665391727
-0.726666214957253	0.63550516764749
0.332234791406252	0.184566015768962
0.860325246126612	1.14413210412818
-0.527470471714733	0.746144378323465
0.480474994040587	0.6967950810627
-0.506741556017946	0.65167971679558
0.0433816218771654	0.0367571150690134
-0.318659698950354	0.291468790047356
-0.153252675753962	0.12202212191435
0.162539329991328	0.142168781262165
-0.0375829997679863	0.0308146711512206
-0.0864748155768815	0.0633905383403682
0.345162795706115	0.171055807225167
0.144013731109022	0.0446680190904957
0.325193752054581	0.185223103065402
0.348133347770227	0.289081370165468
0.157976141332741	0.142802260770101
0.00220443906630393	0.00177766673971247
-0.0164968849299562	0.0153321587735956
0.166227892701527	0.139890907270267
0.0245895073482077	0.0197250881878819
-0.0677126252654848	0.0520758625373614
1.07993262610026	1.42952682635631
0.862192494473597	0.838345115327313
0.405903682663173	0.454663901339294
0.521390130152455	0.726614783581997
0.0176934731692237	0.013754107374791
0.364231731803284	0.43550458560478
-0.337540164115588	0.361982189454348
0.114985942080208	0.109516512461662
0.309595089770227	0.376893403462938
0.344703246996022	0.374006355980293
0.772401640496427	0.804253530524939
0.395372989012762	0.382992866968973
0.593995405178444	0.64838374739515
0.00100573967652718	0.00379128837773889
-0.0343228109566281	0.12137145225354
0.0366396648083128	0.0964298894873865
-0.37826313389322	1.21260087605834
-0.167655665143294	0.325756104946098
0.315410548647442	0.898258249472951
0.494136756242823	2.18224939967056
0.67302836924699	3.48452154068572
0.244297617267246	0.736033239733879
0.079605491748921	0.204064852115207
0.179405635459446	0.307709065180852
1.20866573818295	1.43986132353941
0.359810235863628	0.315566127294569
0.453327740379014	0.293406716566151
-0.0303851791460122	0.0205013350366262
-0.0810784635471144	0.0807600666371725
0.455503943322386	0.657593937600225
0.585998389329582	0.9661180480438
0.62831612433699	0.965807393156471
0.0710726388880311	0.0542030448158879
0.16218386071083	0.126705014318421
1.10342669735564	0.913015555270614
0.690491255096222	0.406473998226144
0.458383914350577	0.495784700281449
0.469572489254402	0.579898437867385
0.534151213973741	0.652738375583684
-0.333785737375359	0.291872631159174
-0.153679679456507	0.142211395475201
-0.0704177480170187	0.03062571843704
-2.12838940191139	1.60726084363357
1.07443879899568	0.619992531274674
0.0683247954115771	0.0451797744244054
-0.177296458789502	0.159688721365943
0.282445629060896	0.292515937191496
0.473442903986334	0.643251337807039
-0.914442398604032	1.33344620143049
0.414751258997785	0.463883615902123
-0.450865320414603	0.459539490945115
-0.0898157115077271	0.0693572652054536
0.07140679267907	0.0522124253183132
0.525588435066449	0.600048581523023
0.221935165137306	0.207484029408829
0.316397875506279	0.31188018275361
0.790205620967289	1.16252353105723
0.682004150937345	0.922132022372488
0.399298416650319	0.396348422329182
0.510063548009356	0.631968582319681
0.525675607645558	0.597526025357756
-0.435190775905122	0.453428109286559
0.16412022241874	0.154093693966236
-0.165500699350098	0.167336434387061
0.381791441606959	0.311642076609442
0.240201793000439	0.212562207078362
0.37568763309386	0.313586899791143
0.0945827499949405	0.515326171771296
0.0809876857396955	0.335918807136986
0.227626019224978	0.807409797807861
0.140597418053248	0.327992857572319
0.172303819358608	0.491824486775347
0.720447996772518	5.06388287163813
0.542170134655707	2.63897932221845
0.357362017705883	1.39226171272772
0.0895987080935311	0.25527968267567
0.650617922353075	2.12882184407368
0.362269893654425	0.309111756543166
0.512501942475125	0.670415256661743
0.500546291149481	0.685241288511859
0.0863000184175038	0.0767017121393148
-0.027332977177038	0.0226298734592697
0.0413825298556014	0.0266820758782243
0.00380740481060468	0.00212424107969933
0.383981725194046	0.386412466112781
0.490158750800312	0.480033101061737
0.519187728673407	0.414736348221802
0.377090737613237	0.173539421395498
-1.049135615196	1.4867394436546
0.0307226195726558	0.0245485696212933
0.458581655966672	0.496637656974198
0.0321606221951477	0.0263979815148514
0.17198124654735	0.133991113639162
0.675037964115558	0.580297250869327
-0.0789783375258731	0.0338902411630522
-0.342696108679315	0.206485428998688
-0.205543322751004	0.184272308749019
-0.301953682631929	0.30876232841624
0.0902803079821292	0.074956095184812
0.232214063340145	0.222846952575644
-0.593861325752173	0.767487813924999
-0.424321891550596	0.525668617005874
0.117017908825407	0.109014238628889
0.17139141549815	0.152314131521205
0.440366181298253	0.480337257297223
0.43183928271008	0.469437677225663
0.517617523164369	0.582136577716866
-0.0357007806490196	0.031053082300886
0.334177619868037	0.370407349805403
0.30285470786567	0.370730771872966
0.296836792089753	0.303760917703337
0.399717429338848	0.51251726855696
-0.545656814359668	0.657804226113535
0.0700447471045826	0.0507544486765096
-0.353979187177035	0.400450566214448
0.237990447447396	0.226537157047083
-0.00524799493638412	0.00432735046988115
0.505591156019202	0.618833946786777
0.0757768252281407	0.0581311658865053
0.025731659818796	0.0204486864909788
0.549875802938223	0.622533930163697
0.626764727497407	0.538355353513417
-0.189488801978701	0.164952191542784
0.332493141590315	0.293289223534098
0.00812309897734773	0.0315918062856337
0.255911569775426	1.5637178313909
-0.0265526424293015	0.0604331516184269
0.640626953724457	4.48327929838998
0.548590907155201	3.54648393004792
0.454268106339975	2.19966306096148
0.539105705637191	2.64981060777345
0.0316060836085895	0.079557293959849
0.180832945396942	0.355792741953217
0.506305179785996	0.438047580636313
0.166726166139224	0.159675995730348
0.0219898196212496	0.0175201286084607
-0.0554880617769257	0.0438387743526309
-0.0208442750090029	0.0103101226707156
0.411699345481289	0.406878628449533
0.601370468005448	0.552199005172649
0.596257808027483	0.50523019157654
-0.0748378345728502	0.0328751994961703
0.476120018588778	0.493154275825939
-0.34376214036055	0.307741748875007
-0.878814155073893	1.15472703772096
-0.285591714275707	0.261050304249707
-0.0521185397264554	0.0345568119079105
0.137330633858539	0.0482669032646321
-0.814816117708044	0.539560466553343
-0.0436281734965136	0.0203673615642088
-0.0808410367776594	0.0628365167202758
0.293838198443674	0.299240957046752
-0.469001540542367	0.558086220699745
0.00220340916247131	0.00185645783261795
0.429669799170871	0.469024072323214
0.840180333716622	1.16244571180652
-0.279934710209271	0.258048488441564
0.263187411896129	0.191266723609342
-0.529952437889075	0.484759251214828
0.385806573274884	0.399632930388074
0.418100525666539	0.537572097404063
0.221046567342278	0.244673097251003
-0.00791721675394259	0.00661788989018462
1.18994820054074	1.9040934724143
0.766936970915473	1.13842076242475
0.811917391977745	0.916000150878604
0.0186053148713689	0.0145908065947635
0.289968292082404	0.29315019059113
0.0907655458967587	0.073189961149496
-0.644287275546694	0.748909876323428
0.0845186597564866	0.0685368887185769
-0.729615644609233	0.932159457751282
0.519314923687825	0.5101413344838
1.02002485750828	0.910914760596161
1.20356095769291	1.83002112916705
-0.359056567668263	0.295990745921134
-0.114591032690295	0.0988055644267613
0.157742463653534	0.116651955473673
0.622096699706624	0.643739624844259
-0.123038260288174	0.103244359974331
0.981372952413203	1.1156124904758
0.32030980486751	0.293992416416799
-0.476178611430917	0.308101015345827
0.102587214785218	0.523368893306214
-0.0184035545831414	0.0611502509726866
0.415008544310893	2.8043411323826
0.459288184747281	2.55393388088082
0.456769279334617	1.89123054524633
0.169103312370253	0.340253250555956
0.668327758764619	1.02295104124022
0.168224321846801	0.144819297179264
0.295834092977347	0.194583433609813
0.634927485639512	0.44318809117805
0.294636621049203	0.19048925024893
0.164960371611508	0.130658888667848
-0.460760138755807	0.363162204287933
0.772782307843143	0.596799129752573
0.677701623567515	0.329441563666543
-0.307205134167078	0.231050730366785
-0.556495095455236	0.483997327587228
0.280300793196775	0.20640077354792
-1.15879538125235	1.33566999670536
-0.799356613443769	0.678394570828144
-0.311620311117173	0.142452335415462
0.904024805404351	0.76098733156847
0.455160238854881	0.298311100386894
0.729987154358671	0.727990409047668
-0.307563700431651	0.272790943809862
0.430972588474413	0.406408462170392
1.05291755276496	1.2061630767281
-0.455392131686825	0.407098401800248
0.0730138904409541	0.051369164134557
0.0827036790489965	0.0593401757545295
-0.148166141424873	0.104184369669643
0.462446598076534	0.503220289640359
0.00434838880316805	0.00325250314954047
-0.0783548362266196	0.0599756260943622
0.0662408109998388	0.0462434095238815
1.12742821058566	1.1063079376153
0.38193903957736	0.310885467337249
-0.377632320249126	0.378189504887837
1.51463684635226	2.18024551520098
1.37813920405699	1.00761851442038
0.151606586723541	0.0845581700060194
0.148896068956624	0.0689199002999291
1.51759480865111	1.71817138875664
1.38371363394363	1.06818620323616
-0.666052115669999	0.402610691035204
0.315122515539027	0.192336264093351
0.00657598281196393	0.00356714157395331
-0.24257012046417	0.162697996718067
-0.0481210233099294	0.0223068142412322
0.135827993575283	0.0603732176782337
0.157919542996297	0.0890770944038424
-0.129839210326362	0.0960145747255816
0.77340005713151	0.580583679575435
-0.460720356098201	0.392746341283314
0.144050603312682	0.0672111142553796
-0.356496679808604	0.262353445814459
0.142689550213217	1.0206726593697
0.118936347526635	0.671660705511124
0.30795307201841	1.30205120089471
0.132902833284322	0.300496981129533
0.23339499489292	0.285162008543226
0.510419732286507	0.798585787486551
-0.412269112727823	0.450675183238297
-0.0702205921387875	0.0617509809023796
0.753829079802242	1.48235483742435
-0.510731570404782	0.821198500304799
0.619068601485104	0.853326776019491
-0.0141820926882793	0.00970583063002266
0.157534942117086	0.123895395219524
-0.686406685752127	0.726556835212486
0.171070887204021	0.147435187691095
0.296299643132941	0.399209816058223
0.398718339089503	0.624798953042288
-0.0434411365751291	0.0525580367005642
0.262454480300557	0.21218332977684
-0.493324713317675	0.470832993327826
0.390694889125842	0.392019837939021
0.987917872428498	1.1366826954263
-0.365401320136441	0.298294431849573
0.37227270084597	0.302097216260238
-0.152291425046287	0.110703138081974
-0.325806809883	0.274670314259076
-0.533556363355506	0.749244113676095
1.35891421935857	2.26176332786328
-0.731092360277801	0.622344662373661
0.663439437930221	0.771046447782773
-0.556478267955225	0.575551101083872
1.12473909342756	1.25736372131284
1.12228675360514	1.12656317829437
1.26447084594628	0.712703450377961
0.160580889828769	0.0959266885114536
-0.537378738945584	0.205700046879411
0.00372581186039472	0.00208663369079673
-0.416636780722988	0.238774725175644
1.01820811286403	0.394321331298827
0.135961595251738	0.0525664206442301
1.13355236420662	1.69482552427997
0.0475394870973391	0.0295759312574946
0.09888593278672	0.0857435271744564
-0.0488743088354347	0.0387253260904805
0.138351633939518	0.141435779008267
-0.0879449732290213	0.07425573080036
0.153816058723837	1.08704608988803
-0.0202872914884866	0.0677854051324898
0.222829144291917	0.239202380036718
-0.263043629030767	0.249730513849001
-0.237981052409063	0.187185415477755
0.129075188317322	0.130666029455347
-0.432798453066999	0.605223213471645
-0.149497285963011	0.140618822122493
-0.261411647185884	0.223789340542074
-0.554283053190195	0.568728828587466
-0.703512156340023	0.85431215156326
-0.2871544615523	0.271106916336799
0.228566175344669	0.256480364430521
0.0386577330676196	0.0326613576716325
-0.281654463934647	0.349316568522389
0.480974659538089	0.573062547576799
-0.358901092337103	0.294003355187326
0.114522385579727	0.106628115930246
-1.11603905228527	1.57393992460501
-0.0686245119568029	0.043356275693835
-0.533191502188735	0.489866236310151
0.455873650831602	0.424283961948469
0.48208491086888	0.493544153543182
-0.226249257451456	0.212576082884141
0.00250776254990598	0.00170543238610483
-0.0506193584755882	0.0318460364197691
0.0864453354002967	0.0713285502963779
-1.07684742247047	1.40641520614674
0.395903058966841	0.310525201496517
0.428461716882398	0.492584854986278
0.258303857624253	0.202983292301729
1.56877557224636	1.65666734069104
-0.658779652590539	0.576574981208901
0.528527583549538	0.429735712531977
1.26131683706865	0.734779276206035
-0.460472639932778	0.339936614999519
0.14003268941206	0.066357640110772
-0.186145192580768	0.14922941930365
-0.474551237391186	0.509893315056721
0.382395100637519	0.392886210227992
-0.0364169502862435	0.029366378232473
0.0774957159523925	0.058278498792922
0.595364176584147	0.455658513366782
0.946120172800285	0.645574227585604
0.104315323998951	0.5722584861827
1.09867651267009	1.76074545955846
-1.21051922818012	1.2607801015589
-0.273253530457178	0.211700239781808
1.25891668950697	0.720228398276574
0.459370970257598	0.54237858775931
-0.102482840825012	0.0881617336941916
0.409521482251395	0.472306552386297
-0.026334237470829	0.0218058441794447
-0.0473141150571135	0.0374209218470818
-0.360618173117269	0.105206136413076
0.374998000805284	0.167515379806009
-0.812100708391532	0.624879664786621
0.0454741110919251	0.0374288943917505
-0.443502259631187	0.480143169377785
0.0606741714745975	0.0531730290926391
-0.531611782412874	0.779244354725827
0.23085794082084	0.232583203644975
0.222286389197194	0.225021942094675
-0.109496807110928	0.101480608043249
0.565301978067194	0.687547147445507
0.51406727857043	0.568293252918696
0.370430072465461	0.398946538141719
0.0525351444556814	0.0465895965745932
0.712289564748774	1.26404912544841
0.221025275598744	0.236440243639387
0.232041668993524	0.221001110367108
0.252837023995935	0.218861191202809
0.4833108458823	0.585677743589716
0.600917111093028	0.552966601375374
0.212028362155766	0.229773860296063
0.0687043257198707	0.050393987912759
0.866242513618535	1.138921652297
-0.200331237790366	0.160972445292899
-0.0557494468212142	0.03730550967966
0.252461850175501	0.217207076642577
-0.0642387543150856	0.0504979703045915
0.479194401453175	0.421336087178904
0.536882834133012	0.535781146019721
0.819118072444505	0.826974937349647
-0.174544731575009	0.14410684477401
-0.233136861265038	0.147690044180919
0.16663951863104	0.106480137974996
0.469194998332742	0.312503469855282
-0.357881887790908	0.106221041283411
-0.443892709690297	0.381921668139558
0.146992127177736	0.0821099207148021
0.5341370407609	0.312731133338782
-0.259222952574357	0.126843110858861
-0.996828840245376	0.505871843374307
0.0740086005933497	0.054782089577266
0.0562620839997079	0.0348782186984092
0.648378338501937	0.451179917291567
0.515668449168628	0.648815658657519
0.526595970475191	0.498362453819755
0.310269268308882	0.290390606831297
-0.378399594613878	0.450185045880515
-0.266041143187764	0.225717296569007
0.14051240048132	0.053998490303462
-1.11700092312076	0.734164359581938
-0.165420585643325	0.0932019310293495
-0.500972785441377	0.582376653641212
-0.55792132917594	0.632205253193778
-0.155636232141518	0.154748781470586
0.263611531787437	0.311552143935704
-0.110337731417058	0.10012478393907
-0.307825776751771	0.313514456353857
1.15376405048147	2.15899061385912
-0.280830611814559	0.259992927236919
0.0678501376220082	0.0489417948238536
0.366330658425669	0.443573939183881
0.10704605375784	0.0993020621583866
0.175935238800812	0.174607442427674
-0.163100213060913	0.157730517204172
0.479796246803175	0.636240809658171
0.224104948099949	0.218178864858982
0.159069932288264	0.115664755965566
0.0073661111045103	0.00571168742768787
-0.438296457282732	0.460006686552882
0.592452573783676	0.713372278552151
0.100162521601764	0.0831201095527422
-0.285314183565896	0.263632167145429
0.315082203684297	0.307702513184234
-0.0113547959594368	0.00800233445545143
0.172422961804185	0.164521523856203
0.158992589903323	0.114421828784751
0.245805164646014	0.217944230424769
0.230414579893153	0.213729146225588
0.413302661505068	0.388854304705079
-0.086029587378897	0.0507594419605079
-0.0749292279714489	0.0489712819772488
0.129695656816751	0.0607540859657966
-1.15428849861567	0.360128618139807
-1.6866576348714	0.959984157891877
0.618609231790984	0.53072295494421
0.159380618719528	0.0779367024838461
0.892953657482238	0.716474978633062
-0.325230429248152	0.26875807774607
-0.0798830036305007	0.0500154391701804
0.00297786720762108	0.00167503180265414
-0.174481782257836	0.155701999061556
0.52366301001377	0.444435242177354
0.675129527829876	0.588188528432331
0.36149083425337	0.378199040579696
-0.0679483328795413	0.060089954247473
-0.0233459238977232	0.0211141329367772
-0.400838666730792	0.490251465787555
0.163683857369619	0.169396666878872
0.462749286379304	0.309168248922002
-1.29435503337495	0.604857472895685
-0.401913998289058	0.158659472216265
-0.272158675755262	0.252099194331896
0.15989056646264	0.154904932806734
-0.0451744694273704	0.0438785893981362
0.036629813425722	0.0398938223028652
-0.155259907007269	0.173366626415391
0.0247250985920919	0.0230947812944483
-0.219250945454452	0.238965057981637
0.277106567812576	0.289010286181218
-0.426031579012954	0.478573685387078
0.581911825574683	0.779295578908229
-0.0724428854853325	0.0678387694876196
0.352046472211708	0.457100614493115
-0.430878504468876	0.585590879118331
0.490671228514697	0.504621096707511
-0.0187821875324416	0.0170521849258624
-0.0451360339311587	0.0409063505311207
0.283652675616884	0.208931084280948
-0.03597564896733	0.0235876228901758
0.615802149204648	0.667358907082345
-0.0936716158059322	0.0942163248725468
-0.030956595294795	0.0287444384487543
-0.150311260133677	0.120374049262539
0.22074395976703	0.21896317585449
-0.516485179193628	0.518603278331898
-0.327022990129329	0.268353633610865
-0.101340898143189	0.0945091290623181
0.0520294861998841	0.0344151909992143
-0.0393695098921878	0.0312551297919764
0.157386673161737	0.134582821925932
0.565987586813402	0.74560262376342
-0.300266471137904	0.272023871076946
-0.0671828568364777	0.0532781470420853
0.472201200621565	0.427651016567437
0.0253018187227699	0.014553957970684
0.519986985079554	0.393481358745768
-0.556657651634392	0.33661196604624
-0.0126058976877258	0.00653447004886441
0.164537991397507	0.120118812389858
-0.0772499911462869	0.0490116003213204
0.241680049146014	0.205644503991585
-0.156843139377751	0.0892028445082149
0.0235731102121753	0.0132312765924147
0.258215325133701	0.211360599871918
0.303454648703472	0.525938837524182
-0.0964582240750918	0.146342590705168
0.0801920808624223	0.102979918027811
0.0381354640091428	0.0425675495067839
0.130963490440281	0.162491939335042
0.0896402676044235	0.141650620612942
-0.278007341468599	0.547513447404322
-0.132853022338515	0.212656694676437
0.160751393420094	0.276016162622068
-0.168556256508665	0.261550354319405
-0.144879677419471	0.151646570333253
-0.742442656557725	1.12206277315655
0.0612297784276667	0.0560713628632403
0.103556035582087	0.137424076578717
0.198285810336917	0.313252066767664
0.129519573260357	0.185813358997603
-0.209517322506387	0.371795361820593
0.438473791568858	1.0074126467331
-0.262165104766684	0.479210768759068
0.490550652070023	1.02003659646291
0.59955330644646	1.10331471293867
-0.125557555827923	0.169372158470954
0.247390434487857	0.463249996239064
-0.360063146961393	0.735531326684359
0.0397790267002905	0.0539667042541291
-0.0610968330259054	0.0831072895010911
-0.589245644525684	1.1393982460555
-0.480321865077372	1.08407584189384
0.0532872855941561	0.0678606574141521
-0.355145269840056	0.514422477925993
-0.459683635171802	0.734445354813038
-0.14123535014351	0.177315869385202
0.150440358951839	0.226092585379067
0.0299405652073817	0.0361492819681018
0.298777647818678	0.372589000822832
0.346647078395093	0.457951072482154
0.473303996296871	0.573141571586454
0.548968153216139	0.782727660689924
0.69271827453462	1.13641815561109
0.0633012816436739	0.0558034309100198
0.281521789305269	0.306986954192605
-0.325060414759976	0.417099394568927
0.865645330814161	1.40168935400728
0.367714622638922	0.469017138004686
-0.195551397509156	0.205581035694159
0.883017595927592	1.58126264613433
-0.412142728583374	0.453822353240048
0.495293619664429	0.513186543481197
0.609584928496109	0.692238822788698
-0.565742387743769	0.654354642286029
0.82995446111431	1.08455526695111
0.98769472474503	1.39471039734764
-0.234619188866521	0.216232383857409
0.233257182644426	0.232049062767348
0.294423663231891	0.29603613824796
-0.0321342620721144	0.0387058388373738
0.0999248324548875	0.126651800891158
0.104623876468252	0.136169184980969
0.28185333991766	0.461340235352337
-0.371562209417027	0.611467955167959
0.038612307315637	0.0530355843002962
-0.0889040337422172	0.143532471266287
-0.295215943409313	0.4703207705488
-0.545179201475391	0.796658396404568
0.277348356751173	0.389273190894613
0.280902142152958	0.370355611781338
-0.387248225567921	0.532334132828345
0.115800510673517	0.148191999297216
0.371586182360957	0.69388193357328
-0.485513243767905	1.1582910209424
0.0811786966700175	0.0831104669134147
0.460621633961438	0.636724224071744
-0.213565276001571	0.268693308475558
0.374493570921403	0.437019422482886
0.0558479403073834	0.0508925115041253
-0.204686657172777	0.230198353033665
-0.519968472476184	0.764527265602605
-0.180377665836089	0.190974348977764
-0.386566467294339	0.557272419405242
-0.114723375993927	0.125964528031434
0.849047049422088	1.53871615631596
-0.389869007951842	0.492688679397142
-0.258496495719374	0.286381830434936
-0.126743301903756	0.118250642080818
0.112424339512165	0.112085001140019
-0.389349013678834	0.618468418342761
-0.0914818792269038	0.121088550470907
0.282856331860954	0.41589477405429
0.293400175596887	0.410077890377082
0.580508937400837	0.919221320260702
-0.764362992250712	0.991860628775146
-0.629574719773663	0.67030151182843
0.00858640666404218	0.0062318788167282
0.698603749395219	0.795401131861423
0.494231802328906	0.311911775644854
0.0252670672788269	0.0146029991146537
0.0305614394488954	0.0174406278017926
-1.2175336135572	1.23054752591024
0.332458548182903	0.288984007084688
0.24035582315933	0.220964412377965
-0.314208688222686	0.243331590743882
0.405311221754094	0.453527886957832
0.0452080116999714	0.0391867993174736
0.476094191830996	0.619463638927101
0.26683984593556	0.217000679166702
-0.535124619417805	0.583379881283704
1.31050853795869	1.52587639622465
-1.45763076213789	1.55535328947983
-0.0350236435810062	0.0164726236613352
0.28354542892072	0.202893234362682
0.245598521161306	0.417641322509484
0.0346617356843586	0.0461299821813063
0.223822677410199	0.246737423704299
0.0538971575111306	0.0536426188550925
-0.221471615188983	0.379678601817513
0.272378841089864	0.550729805144826
-0.23821831820823	0.281749825674008
-0.622858498412142	0.759145877588589
0.639089656714127	0.805686487450299
0.369634169448599	0.297441675553156
0.408718277059217	0.407835083263083
-0.377421948427038	0.762851817820066
-0.193698288477793	0.294411776637632
0.30847057027874	0.622018770715403
-0.475287684528206	0.423806983689037
-2.65322703494786	2.58980943483833
0.694964363236379	0.411280740838733
-0.0934881561019044	0.0550125976816041
0.280249540569188	0.197441865312986
0.77267230729415	0.620562468650235
0.52240490490204	0.434344054531445
-0.107384690725058	0.078642901426098
0.120918859001278	0.107853563669917
0.610805491928531	0.651834006896783
-1.26868795561908	1.14762144875023
-0.709185496913814	0.562677646327186
0.0260051091360159	0.0147193453201023
-0.500581294183948	0.271800122854998
-0.0758456112375006	0.0494885790631831
0.0502224265170158	0.0434542034012678
0.0576569388133675	0.0676905796131302
0.328047060725223	0.469707569426558
0.357018709033145	0.389960225001605
1.35116126876591	1.19183599030353
-1.1074567770412	0.785164696365224
-1.83595316391303	0.786691282455354
-0.785081383438231	0.362906976960149
0.594911879567149	0.319135717363168
1.43834175748452	0.492373840580877
0.138552667374569	0.061082201884992
1.02088548899468	0.400936027164983
0.432287555709824	0.172024508906428
1.2240413631372	1.28896115415929
-0.149547155493457	0.107235420569889
-1.36334997897031	1.34704877216385
0.165177642358799	0.176418594211248
-0.489288730855146	0.572318896215344
0.294413776291507	0.19485410539904
-0.338388279549755	0.202778884891454
-1.11224811676496	0.747973994763437
-0.681955530860546	0.478931460380244
-0.550814590706279	0.202065642161038
1.07940036589414	0.662985052680684
0.13921438656404	0.0607715800003572
0.811350009630307	0.349040891447936
0.129298936407639	0.198582253389568
0.791172564545028	1.32831554403384
0.168441997899116	0.247412365225933
-0.117412811798817	0.166359798153925
-0.497336068192862	0.672921616403765
0.33087712653655	0.292340006690761
-0.017923377023799	0.0125620314226052
-0.180292833851854	0.125254554001355
0.230931150387226	0.21229098092841
0.08128725709676	0.11094764924084
0.0128148820268241	0.0152692668028085
0.375022312611888	0.652813391685364
1.12682797324305	1.29465743113605
-0.593564747004263	0.422228173624312
0.494045195793003	0.429470573768838
-0.0550945913928666	0.036680211377427
0.142338037020549	0.079792645173511
-0.336446607317582	0.199382030411044
0.38291380786645	0.308907387647512
1.28835554106644	1.50963025444203
0.0241494153965294	0.0189169906854291
-0.321191412943487	0.270056586425128
0.0235914070368542	0.0138984665844201
-0.52918826191714	0.200176918399274
-0.158258540341982	0.0885243994561906
-0.180450511429094	0.127261051636497
0.666278243725297	0.913579125372555
0.451906658250994	0.614010690414367
-0.434248517806158	0.514715888780268
-0.762191121456206	0.879765406409277
-0.955589709854808	0.568790636614578
-0.0408775330257538	0.0191029877700643
1.31437442382038	0.618123110095228
0.520344820894944	0.17667369091695
-1.14833763115789	0.351429943173082
2.09500861929647	0.954729376314145
0.150695735521944	0.0375923132398476
0.141929511339137	0.0427069510868342
0.142923338097577	0.0435648827361028
-0.209008980598042	0.111781983447663
0.676341190607247	0.323282649026748
0.30381060164006	0.188915325565967
-0.933181397665108	0.667048597354275
0.37747224007706	0.299605184730933
-0.273924859769831	0.210273919229385
-0.268723744779899	0.279924961589165
-0.0336163418042743	0.0221362377787978
0.454172780032901	0.305946307696098
-1.2344996352607	0.866857006826426
-0.116730129239035	0.0469345910003393
-1.52824166271591	0.549555586451851
-0.665557270798721	0.399024913295045
1.31340633790752	0.593211047439799
-1.04038355317258	0.428241517084643
0.145604005884882	0.0376220306325241
1.61273373936859	1.08198315108176
0.0251799916443201	0.0246060087175073
-0.157182309548896	0.170085895256583
0.362580850661046	0.614340627635152
0.11756445833794	0.13648440257469
-0.589759070695889	1.06310226250735
-0.230280901468985	0.308264659996176
0.226275132432246	0.310060138126999
0.110707901087254	0.0955761392976818
1.3227085272729	2.01405462813396
0.034570247757495	0.0278847020602708
0.00600867127129644	0.00611321971357216
-0.047607510411673	0.0426987667699274
0.22516689261356	0.237814684976497
0.559629470440292	0.849951188502104
0.490248370710659	0.699226928081295
-0.0969990099559895	0.0990950038095699
0.032369202718881	0.0260497473151864
1.22640356686013	2.07908510232164
-0.0382994030679523	0.0333471704768443
0.121515227183848	0.1240955292128
-0.138352687883244	0.135368252067034
-0.722875129488753	0.970973929616704
0.172269919011134	0.171780413494196
0.0580458055630108	0.055835275285248
0.496708261565398	0.715907993406991
-0.434087256887832	0.537383456216272
1.04041350600734	1.44274256813142
0.244489783182897	0.217229155187158
-0.565194690331379	0.728682975531514
0.474442559461857	0.508490899967831
-0.125209394215485	0.0758411114557143
-0.645824029507224	0.589319337912979
-0.186180797659188	0.128235557524185
-0.0967286304799305	0.0602468951839443
-0.236805888635152	0.15261134986942
-1.74099955721646	1.45739104670741
-0.412744209284562	0.230155290313516
-0.472157527046214	0.318354578857101
0.506084036244033	0.422423089580103
0.893217811482591	1.0570814910595
0.25978978624345	0.196550604200891
0.276211812717132	0.207325549023186
1.10148115196865	0.915377508659293
0.304228828451669	0.180456442270349
-0.464065546275019	0.358969262290953
-1.36440495523781	1.36900459129038
0.676326651098588	0.568929301499948
0.295783112436362	0.199976878112483
-0.203968176849922	0.105089241130601
0.137228514118183	0.0603223305487272
0.629732808259675	0.540559029015227
0.326760003903252	0.182976865072885
-0.665557270798721	0.399024913295045
0.704132286126008	0.439271425544284
0.454572091226404	0.812213824702331
-0.716372240113567	0.995473657536843
-0.313208280352688	0.408156233258207
0.177665780728423	0.280118004758299
-0.144978896993612	0.205095231630138
0.249088979207134	0.438621519094544
0.456232317821889	0.795908999376049
0.359424703763453	0.54164031796213
0.569489364802926	0.543499606497197
-1.02493118986171	1.2389253605454
-0.610772472202726	0.736147982125389
-0.146915903952649	0.169239962664614
-0.273656654465401	0.381611725039929
-0.206570381844203	0.236600067574696
0.179682922157359	0.226484084987739
-0.000831216414613192	0.000669996651877283
-0.359421224202105	0.46970151734828
-0.653993015674584	1.17090292554343
0.357501521197518	0.42305129510884
0.211537314462681	0.215423146097492
0.562077695534467	0.89335423920733
0.386869015932177	0.466441930931218
0.0575746871213538	0.0515749424589704
0.0395240864786628	0.0335368585826991
0.289720622667571	0.277651003634487
0.0104962750440047	0.00786197205788643
0.645120562217178	0.878724182148567
0.0870757968113084	0.0715884931590167
-0.480761952064844	0.464506488849577
-0.189791083958758	0.131292851864859
-0.978470674503153	1.07660164098979
-0.360318273409249	0.294484606348179
-0.206423973852356	0.141352363269876
-0.268124938919629	0.205168333456577
-0.270653351544926	0.205997691160253
0.156617140216293	0.0979123251778994
0.403974992973776	0.296869522917522
0.896992462716296	0.754152581463916
-0.408724547851594	0.335294096937486
0.494226288890828	0.301854231880628
-0.812100708391532	0.624879664786621
-0.731940153057862	0.710733839765617
-0.199961316492712	0.107570156977363
0.304116992275993	0.195859619031652
0.890584179898822	0.47208786732029
0.135485170924812	0.0654638758914206
-1.02763361719574	0.880232498241045
0.301966213788369	0.194198762982617
-0.250207931637249	0.128069833251115
0.152255612229685	0.0801842971341403
0.0390667609761168	0.0243249655310366
0.0778791813538474	0.389933778722927
0.18375276795988	1.02381651829716
0.193300799066311	0.617441250842969
0.199037227517527	0.574479589853913
0.0758441085129646	0.186228989259743
0.15138242758199	0.388655738878001
-0.154791790880572	0.242373064055279
-0.0483520135102393	0.0542957407253728
0.410181099608153	0.55696563495556
0.684543458535257	1.13215201746067
-0.0269060710854768	0.0318668190284174
0.153358673824274	0.227152654212568
-0.0161043052488929	0.0187752904989967
-0.116150879476018	0.147471806256596
-0.0154535760632552	0.016714504746097
0.437735079745595	0.417323746116341
-0.368126061550869	0.298852593277963
-0.0419931767015339	0.0332968181855669
-0.0460530180387946	0.049812413015055
-0.130262784907572	0.140811650190771
-0.0201010024578873	0.0218143420601668
0.574298362749356	0.946216536442432
-0.628267081982544	0.989671808966489
0.26367853556887	0.323727665633814
0.0774653710326294	0.0757176801971337
-0.636780925386054	0.800366581830375
0.256518230933276	0.289063113603451
-0.0297976432284269	0.029603084298788
0.0824273980202361	0.0770804692267742
-0.207542331683675	0.202520462450056
-0.28687200956871	0.278174394016207
-0.0993890749843208	0.0865124495517455
-0.556069385443894	0.742133127428446
0.316223575662098	0.300041926100228
-0.560589445666462	0.480867791826982
-0.351250273099943	0.258049109169951
-0.0777380222700175	0.0485919257617157
-0.894742723839431	0.90053909260702
-0.396700136844497	0.309926820140864
-0.477080276656361	0.310587659995501
0.160089493411379	0.113018542846271
-0.101660314637103	0.0643617900896588
-0.448352760121125	0.403355510306364
0.284811064621427	0.189963362581444
0.53571157746934	0.314887890939185
-0.40906737712132	0.178426595528026
0.69241850713427	0.413225730987991
-0.122711079784297	0.0731383720574557
0.274984309596982	0.195718572401986
1.05889635316298	0.510543887382712
0.0253892288638595	0.0149331366403279
-0.419980665733048	0.16779967437963
-0.211194689494392	0.143407326026988
0.153566392300274	0.0895838812425902
0.158501889979705	0.0984745297845423
0.501679876380302	0.308729962316805
-0.56367307390414	0.347815118870787
0.267763904260219	0.201852113881122
-1.85420537336923	1.19972693162192
-0.0135157050399617	0.0573782002401172
-0.102225249573051	0.517038282251562
0.015234679515042	0.0353013896064792
-0.0211878823459148	0.0428276142845926
0.0387545575644927	0.0594407572087887
0.0542286501500283	0.0769540915811392
-0.608649134281259	1.6756134881398
-0.0361769480021914	0.0471949202011917
0.225363195885984	0.460081748765585
-0.055529154034529	0.0913460968657141
0.194181090282949	0.333959685477179
0.179695221733604	0.249616599740938
-0.0611615626224044	0.0832864341479109
0.265863475716248	0.452085920715153
-0.263207921693425	0.421928567884872
0.271849723935614	0.317164193004603
0.261759944048545	0.28259787001294
0.00774027635243395	0.00775141464192042
0.198772737832361	0.209471362842097
-0.651349611584348	0.979499023197288
0.413364729021252	0.536137709717259
0.156873523554465	0.15880005980761
-0.336390162919746	0.357511539141152
-0.293167418279746	0.38441148220121
0.125113524314577	0.136591425711131
0.703478367520134	0.802887359905617
0.242565846949708	0.220379676932462
-0.0489939835936656	0.0428158382671917
-0.269440907488657	0.407657253871378
0.498273957533444	0.706799868843519
0.808724360890851	1.33692495083565
0.0397051822179564	0.0308851060183492
0.591181518697364	0.434661921691194
-0.93565765794739	0.672499280557374
1.39147829023616	1.05083038896795
-0.0332770704447867	0.0158869173296623
-0.160638446524626	0.093342936171542
-0.076331006093589	0.0497370180024898
-0.802663761014392	0.455747888080482
-0.269027301561654	0.123442282126579
0.491028474400293	0.282829352039212
0.0826118092360727	0.0624581479692056
-0.185315283069704	0.129077916907072
0.855620186883938	0.986971259459294
0.0217231887560419	0.0165273458871766
-0.371063819651939	0.445808876658312
0.10178326861058	0.0922013005921684
-0.0867942200080673	0.0665839658770784
0.0637783152049228	0.0453344670254722
1.52108546809488	1.28592442929199
-0.254269919262069	0.128116342740203
-0.343551048425057	0.20031229566356
-0.0463494189183908	0.020917715864431
-0.535434333049519	0.213943313751671
-0.346651470621719	0.202513547993736
-0.114417882269777	0.0451057972596515
-1.68712959202593	0.973406537720501
-0.893198465225353	0.930747550758753
0.0487911926099427	0.235482495176063
-0.14701198101748	0.933170108956461
0.0717765523376071	0.238309692093785
0.361666719336003	1.49039640413693
0.464046036634078	1.69897352218789
0.10968778217901	0.158401115183058
0.0836641542901758	0.111843325566768
0.0361537814374375	0.0458613976224162
0.136468902201451	0.192418418560796
0.294417323701339	0.478495125832292
0.11318939740187	0.142386390586566
-0.236293177371673	0.443544444496532
-0.135983569456453	0.241094274754718
0.390278012975206	0.728207621220107
-0.0396781316114912	0.0481689196084615
0.0825351559626481	0.110453287245235
0.97764428761418	1.59887575406237
-0.191937716776919	0.188607832132192
-0.2292085647169	0.213707662564612
0.021019596205572	0.0159214844918797
0.156011792208058	0.122791872511479
-0.0624691414251997	0.0405039747822953
-0.614061298432148	0.72917978529612
0.983221112265613	1.39407114122231
0.11425302551834	0.0970376999629804
0.0921672473778089	0.073975637867489
-0.0614907532336303	0.0481128545822074
0.833059763899413	0.721551183822643
0.731699390716223	0.882486724953422
0.0349885281944122	0.0218548739386766
-0.783640556969995	1.18596431531133
-0.151882376956675	0.181891182489655
0.52012617590747	0.73472780185046
0.0148135390586346	0.0131920494994632
0.0502055540480803	0.0319578149810548
-0.324332634971372	0.151801021777346
1.26226930293302	0.736813272833165
-0.155186326040078	0.0556752157065771
1.75416276328072	1.32237395340536
-2.49099698820227	1.41156139670898
-0.537346054879039	0.217331390886752
-0.409812701789317	0.179119254313499
-0.345259694535863	0.207333035390425
-0.808816159916686	0.448414386610837
-0.47132283795702	0.316317198398629
0.137485998606471	0.046647296055875
-1.74000956404432	1.38660326195591
0.154671017848563	0.104135415681467
-0.044843128769277	0.0300197933490772
0.160921467172037	0.142795643420557
0.41039156056197	0.474877536205347
-0.00736411523484447	0.00517782935281606
0.550700056700938	0.396479222447316
0.411460795639148	0.311177877209169
-1.10458043201218	0.751538082670932
-0.114050552254072	0.0458213285544961
0.138290920974107	0.0547733712679783
-0.154602039572758	0.056094744600154
1.25816731990536	0.717381511893217
-0.114985955778326	0.0458824202566723
-1.34333046695704	0.88627291265112
0.701214052277383	0.466578768831106
0.14188067506036	0.0431347266598017
0.158487464310281	0.0903294006012248
-1.66139075356052	1.73126164759495
-0.239832730881647	0.187884075520116
0.0276840759491033	0.120916007224465
0.232936320213662	1.62479917940725
0.103880512464168	0.304723930814788
0.11980300491074	0.294829853279452
-0.00596304826027986	0.00781942867767352
0.130045839739125	0.196137456843699
-0.151669968630957	0.298615970892638
-0.163676624466997	0.263021153266388
0.202712009960229	0.351780343608297
0.216557688547196	0.459031605642629
-0.034867320820675	0.0657642438369336
0.042669239621756	0.0496550259823043
0.101424904912757	0.164925797917885
0.59295260522227	0.750604435573614
0.62915346335357	0.818346515400968
-0.326113684011177	0.319199603851977
0.483678304116373	0.426089430583811
0.786089930714346	0.817887614179828
1.54925929522176	2.08418530204155
-0.0573206228609939	0.0458649465093703
0.475034744725958	0.554613004149887
-0.150255786721761	0.144092672249729
0.347061086065809	0.377541535745265
0.777631099810957	0.712773740257327
-0.0469576180366697	0.0422518159043726
-0.303062758968464	0.436788287897503
0.217224680213134	0.277398285966499
0.291260795624572	0.270231529652933
0.0196470118960856	0.0113167968666151
-0.797327480908481	0.432283745053055
-1.17613320943853	0.67914685670877
-0.322631419629276	0.146741918168277
-0.235666562978124	0.0782482609106247
-0.330009214751517	0.151493668367362
0.141450820061945	0.0544499243642364
-0.0367904189853188	0.0176106101014398
-0.110766333180403	0.04553007265409
-0.582619951212695	0.406676286472821
0.525117682566484	0.447721780394528
0.159960063903356	0.119002628029694
-0.147578138244531	0.104795298696648
0.223367477383473	0.218703548832362
-0.472672441850117	0.432994838325516
0.734603520649265	0.798688297862785
0.629035394199537	0.5502691953266
0.515269628401049	0.183892060228889
0.442055351158069	0.171210706418315
-0.0467614721271198	0.022023852179923
-0.319363395011397	0.152551632801927
-1.68615255015219	1.00767428003693
-0.046344567369847	0.0206917873284133
1.43936351386259	0.496241204441374
-1.34201649746328	0.876249895881018
-0.539121619563447	0.212020396153515
0.130717987931411	0.0498881215173523
-0.0204270055378707	0.0102021863030028
0.348675855314603	0.177914996610116
-0.934630492814412	0.69983898092563
-0.222492994927709	0.208083823752037
-0.0033334091416883	0.0133056207115365
-0.00812387282664596	0.0273373945831239
-0.0557540623217164	0.176415082774183
-0.165486933435974	0.468633085716544
0.112819965610768	0.276373526518776
0.114658341539859	0.199453482426081
-0.16959200175331	0.364124179274402
0.0616861656204395	0.103954340336195
-0.185275474977066	0.373488992004977
0.217852996870589	0.481911812828304
0.0718040233404779	0.112329412567022
0.262450695403599	0.423556100763396
0.432287786944671	0.804758666382311
-0.373066020680144	0.61310319716939
0.689512424745498	1.44498913868217
0.171106352828065	0.191815404485165
0.0237192609733903	0.0214988316375908
-0.272536268863157	0.354413868686324
0.0856112596456376	0.082460492813492
-0.215770492746501	0.236358198147127
0.519522786599476	0.850156240880455
0.302541351120899	0.301457903086116
0.105203312740088	0.118281116692158
-0.102890646693211	0.0844405016880611
0.0161187600592914	0.016534968480496
-0.143179449749747	0.162306199044709
-0.194964091075809	0.215257027998643
0.00173428994828877	0.00171712676300883
-0.00988120011567773	0.00703028450245213
0.336300315768415	0.299151885625491
-0.552021841356773	0.427292016304527
-0.501177936112452	0.261482674780776
-0.746527809108342	0.785836612357067
-0.504056681828423	0.265215460951151
-1.23320113903204	0.929953322261007
0.45865426933554	0.316948777438284
-0.904594002814182	0.867586831461104
0.621225944589808	0.663607381912874
0.723378380519701	0.560465109447442
-0.732770078868606	0.929798905410665
0.370138640250615	0.317967704011435
-0.0140377106437916	0.00992080369074289
-0.405601008117396	0.328466998452676
0.156264977887744	0.0941175037340299
0.27139109407558	0.206983263672773
-0.0760999055608891	0.033503186896888
-0.692888775040478	0.480409806796948
1.2333758830483	1.01885681329405
0.951078940940165	0.614476943687679
-0.622737887351569	0.313033677236779
-0.324332634971372	0.151801021777346
-0.620966223733092	0.305127263814096
-0.00840175881947759	0.00436285460598629
-0.781103247093962	0.338832040231469
1.07074984642077	0.675996973336483
-0.5543476445574	0.355406873310376
-0.201544468866514	0.112072315315867
0.776824425311227	0.463097105312709
-0.0371785925792855	0.0180038419790384
-0.666388672422782	0.392870103518381
-0.00956460881688905	0.0390383195302352
0.00550190891657734	0.0192825588232321
-0.123542949183231	0.457334739036901
-0.145475122193075	0.505831948283291
0.0299767418780541	0.0543829405348996
0.234009122071197	0.505208238315605
0.685080141080876	1.96205221952843
0.292415226427206	0.503064718833842
0.0255754397044097	0.0442542497017933
0.101414913175384	0.197833696309733
0.286774409440726	0.378021839437499
0.264171634988619	0.30842208223673
0.268836555661842	0.320569492520519
-0.243761435493613	0.422869874368103
0.435473883502845	0.890969522263783
0.234745891524213	0.415683138536003
0.420131473665957	0.908884225110636
-0.00912297670023794	0.011231261277737
-0.207366969322488	0.287815665883569
0.448558092982715	0.856541150556183
0.250262374609284	0.341460963888154
-0.447596663521906	0.715389501508884
0.253191692695319	0.391770013822681
0.32318314962747	0.471202152503152
0.531571650463597	0.968621076892117
-0.123338664928887	0.152366761725707
-0.25332085563025	0.268342222611248
-0.321632593668833	0.345153338147253
-0.198733894208206	0.177030853335812
-0.201617997233983	0.244257143373949
-0.164112235459805	0.16132211894018
-0.39285166433544	0.442458247533181
0.609913727254195	0.710125822999008
-0.263184304763988	0.22681591951752
0.0503387342712374	0.0324473629705497
-0.952723267428453	1.07574014902164
-1.37261370245439	1.71518176650297
0.163840749294006	0.127629294700433
0.464466169140955	0.401571269228069
0.269733482393588	0.191210957701293
-0.354206987032415	0.259238615805467
0.688569819046163	0.677026820647641
-0.0277110657178324	0.0188498485228733
-0.169389127138379	0.0913870829001618
0.0235914070368542	0.0138984665844201
0.159033078557222	0.106173241853686
0.725903159200681	0.717717370828655
-1.29827384780947	1.43378084097736
1.04703533275721	0.510068083924421
-0.250442001137098	0.127590209412327
-0.327986754199014	0.230784521073487
0.479996936780825	0.431923573341738
-0.136041206999985	0.0790003979118794
-0.41900485075683	0.275599195018692
-0.154312823910444	0.0881751490908751
0.851887822464547	0.611844507884937
-0.217913640064013	0.148481862452205
-0.155703453325046	0.0898204187943511
0.551577590693061	0.417933308765817
0.969579866378629	1.07294003174931
0.149768694220468	0.0829501099840294
-0.0247920493785945	0.108693212593525
-0.0104737027823749	0.0370152032466988
0.169375067835861	0.733864430734193
-0.0627321021123532	0.169352051818366
-0.129367977628807	0.360262483441732
-0.0766026519246696	0.105951696149407
-0.0446768614444903	0.0558153302288881
0.112554480343855	0.25142423443901
0.0326648170707344	0.060333499836236
0.52847215804493	1.45703477963353
0.667019503054585	1.79800509180189
0.247663368271045	0.604886178254392
0.0691280950666829	0.122979751006207
0.143983885263508	0.162319438348302
-0.17004539355249	0.183833038574921
0.477990003479365	0.646665253647223
0.38118396031836	0.751568108606607
0.137794261343373	0.208403031414929
0.0098537936771146	0.0134700412358911
-0.163178537680402	0.266790838856612
-0.0829242208588128	0.126890161677035
-0.15043674402313	0.241209438792751
-0.158001100752653	0.235072500599595
0.261635960122458	0.325145990034475
-0.378104724143719	0.587995753230057
0.187331931450007	0.289019496111842
0.340712519117635	0.637404301735653
-0.255232843748806	0.2935037530876
0.671934343705341	0.988505285896079
-0.182929789341493	0.20719345471056
0.270349788418761	0.346095522579827
-0.0581638006427752	0.0600492179732723
-0.0324078316814567	0.026771457504967
0.0945117138476033	0.0804011728077932
-0.0503591116233646	0.0397350898338565
-0.0720615267402715	0.044085115583464
-0.125596996636274	0.114451772525914
-0.0109518057160902	0.00774291271148324
-0.153118319139388	0.125410832844247
-0.341470707231161	0.308469822980694
-0.925595446603828	1.14152092351908
0.445032000362301	0.397632217811768
0.11519095771614	0.101229714900531
0.0737832974988916	0.053501689441967
-0.18915757763657	0.147942949093522
0.266385679227334	0.208017530548139
0.487090672167262	0.301704315423537
0.268884676743903	0.187307481708287
0.166834122083675	0.115398914040268
0.161936132905149	0.120218563487386
0.14738237891613	0.0844492199431653
-0.238844587771959	0.157469540510555
0.849900855302994	0.956255398425601
1.29009565195186	1.61827530923531
0.159669948481149	0.124195763254755
0.434658645739336	0.311952975933455
-0.091254169939313	0.0670302432344427
-0.306583366157917	0.216320615126568
1.09873019535519	0.955418186865581
0.600141306883007	0.56232858883642
0.069036803177315	0.0473730931924013
-0.24272683169556	0.15771143575802
0.265307619873439	0.209332966853941
-0.198185232963695	0.159933375487995
0.0173634116159791	0.0102294028114411
-0.143918189954303	0.077118342289919
-0.454706238073452	0.39801670226987
0.00049611595511565	0.00181049152661332
-0.0950926299608752	0.414601030532433
-0.0393351464896353	0.0993463135769132
-0.11034021129591	0.26954728502679
0.0486348583527919	0.0485685461623251
0.298801815446381	0.785061613072039
-0.195649583227923	0.344151707282086
0.522135174123521	1.06660939652903
0.521487773595919	0.893015591637168
0.0959204055688301	0.163135509168181
0.309529576183857	0.685416348946616
0.433702420197636	0.401638793801669
-0.037924599986964	0.025736937341222
0.057138847684508	0.0367491378725052
0.497586566794764	0.944953120063057
0.0204347799148936	0.023011530429017
0.631161185700282	1.51399125288361
-0.153126654184972	0.19500095918026
0.131941640563733	0.17762083291092
0.047652475145029	0.0537816293773761
-0.338151783328935	0.490731849082679
0.262815734855663	0.310822955325012
0.608559064803949	0.904244187611746
0.415502909454996	0.538070880750114
0.318535046194064	0.419544282913262
0.266566478692482	0.209979781084536
0.00790744780340385	0.00605382429965826
0.294309719155766	0.310361395839889
0.544439280204247	0.751949032526585
-0.743868065076134	0.735665223675555
-0.19848482984916	0.177197166727585
0.499568914515687	0.441025763392074
-0.378672240853062	0.347709703806752
-0.520261207593342	0.557176850648921
0.0423310726041254	0.0271045765383268
-0.0203346421537972	0.013910656480512
0.741606485681142	0.783838542856292
-0.721498591106967	0.680428678048786
0.0422955519776001	0.0268512799956145
0.384536503260059	0.302030171678628
0.135827993575283	0.0603732176782337
0.529304179990919	0.305126406132708
0.533078888900081	0.30193410787478
1.38078171851586	1.03807540390746
0.15898373989914	0.114540397174468
-0.195510526317963	0.0986294659701266
-0.0672048823882293	0.028948622627542
1.38907783277819	1.02104344992134
0.541737117619389	0.288505713199588
-0.20385787279506	0.104957110626942
0.430634616284559	0.180338254051688
1.35543256142262	1.22796939608725
1.1093832077565	0.983931781326068
0.849160361208306	0.62673963485581
0.497405083664652	0.419606748890947
0.15812937405625	0.0985077611183962
0.647811808994326	0.449957949988886
-0.0120607652208468	0.00621051539888992
-0.357876008762492	0.262728084882875
0.943033193675045	0.620041298005735
-0.11171380375684	0.0436445414984738
-0.0420937804445562	0.0201050697383875
0.27973447019733	0.18981397305934
-0.804645854915286	0.599889289600052
-0.422097618428254	0.238909086735426
-0.217058695074959	0.1693693763053
-0.532165301586996	0.379157700738558
-0.0117212083781757	0.0467992726112821
-0.00304395997042715	0.00950713953250956
-0.208552865208735	0.832483049828717
0.131796330963759	0.427169301515194
0.573805625380233	2.00190166495173
-0.162949572471285	0.24221816197279
0.1383566225179	0.197755533039462
0.598699022001409	2.41672063896751
0.247589158285064	0.579264221766044
0.210008019468442	0.346683205900316
-0.209697887103882	0.274892998429891
0.281679814168992	0.611634466023734
0.12368933584393	0.223562927437162
0.0861529447703326	0.0667069637212139
-0.191402134710096	0.270515963174676
0.317024693221212	0.491797062486295
0.362356335048764	0.681995028099568
0.120830925797669	0.162602549197136
0.274549037170797	0.438957356940812
-0.0857834715697101	0.0996969586569297
0.050755928802312	0.0579842908095951
0.159604721663829	0.176742175374796
0.257442257077225	0.297664851739036
-0.0601209632656616	0.068029010290059
0.0476539749091991	0.04787074748956
0.0530089765502675	0.0553468234846369
0.0422506610537304	0.0358069740052469
-0.155995335533801	0.123462104090809
0.418209591748217	0.389655382279933
-0.0281115540464282	0.0247586351291889
0.714316491321426	1.06086739826187
1.04770495805029	1.74552534076271
0.157524906505909	0.146141384319248
-0.28138596235818	0.251442739306847
0.169727794241601	0.144635853877155
-0.0476869343008084	0.038331763874811
0.0285703749928188	0.0230882596210336
-0.305852998190718	0.256620848986052
0.36427275996651	0.309882279286656
-0.485364352811607	0.490019788676209
-0.624613691178298	0.681467947284398
0.30994240859827	0.195039170131674
0.299904003356908	0.196162228015631
-0.0914535748086513	0.0691498461396776
0.589116229709597	0.442289062424806
0.381305473339639	0.170666116586793
-0.803492045167278	0.535903678278186
0.325581509176317	0.177366069576695
0.679423764703332	0.675348797366535
0.309184511812118	0.178862970696644
1.52841050528172	1.2494115055267
-0.94193968082128	0.67741408499603
0.0535618212051024	0.0354004722234608
0.411906766999542	0.313176874621046
-0.037752031132764	0.0171455268296814
0.498538037011815	0.31242920017493
-0.066362173243807	0.0421100642015593
0.630917238879859	0.580410520792171
-1.47713526158563	1.24906523603001
-0.941398751889209	0.693213689358337
-0.586607451121398	0.42172236476572
-0.0989143334301154	0.0624465881951314
-0.593101912805858	0.444884541964341
-1.00012887646995	0.494203510437228
-1.12240488531117	1.37673456708279
0.153448302415084	0.0890598335977956
-0.622408311599965	0.526222823829828
0.61689903214266	0.649406997496287
-0.574956527088698	0.533602243504299
0.0712459875411457	0.0495179791913087
-1.37074129436731	1.33469018623272
0.0219634607085888	0.0857982569553324
-0.0649522475746947	0.270940394721785
0.0357874609331519	0.0985805875292833
0.188403361320308	0.631508998702486
0.609600818147745	2.02421950819749
0.101319804417983	0.123341605187123
0.0837925889550088	0.111365315676504
0.494128113690099	1.5066391866204
0.281963375438011	0.643082235316377
0.579691031782212	1.4303265607428
0.856543945483925	1.86359545225413
0.0618818025264427	0.106173453684239
0.351745416611369	0.786904406382098
0.201271413266385	0.409207676403926
0.110958078343924	0.148463725524221
0.523964171158752	0.655148276449193
0.0591726229465558	0.0391789153587257
0.239369675356722	0.345521522417131
0.608209728251111	1.22361515904445
0.716731784222133	1.69491179671432
0.188420947799039	0.261679047481298
-0.400675161039108	0.6531080019346
0.0173649516978268	0.0183779553935906
-0.366492322916563	0.541681955075607
0.468223170587048	0.713927344937381
0.518894790755943	0.739694512924048
0.259226794527724	0.319716305072633
0.0176330367940693	0.0178288316038725
0.135723775936242	0.150525205130585
0.0843751229252133	0.0851409021896766
0.156526691659206	0.155002561206665
0.43834898402895	0.393429534814585
-0.350038294041933	0.378949654972391
-0.3187964356954	0.358783083979311
0.323184646157081	0.386260952904302
-0.214773490218473	0.170293854060185
-0.348465787878793	0.309557168572359
0.336277966038796	0.304721013402801
-0.208513802866912	0.186926478039029
0.252882911207233	0.200420289189383
0.738266611803151	0.866826960554434
0.350324548719455	0.309206012185651
0.253882842290114	0.206956303612519
0.0283071176405936	0.0160882383018694
0.696939727629518	0.448661169540399
0.140212750873762	0.0438266964952015
-0.802286976010706	0.447295037828361
0.351493404475771	0.180586514380823
0.340994409559949	0.162190167853936
0.309617635034411	0.191157778944474
0.592827346336048	0.449959788165616
0.153566392300274	0.0895838812425902
0.466254054207303	0.314086404506926
-0.506551500341527	0.440727863648983
-0.291298302404445	0.187166164277796
-0.159910165098196	0.0835426384802862
0.0502875555601647	0.032776011282537
-0.123926549614272	0.0743707922056782
0.154755161556601	0.0943199787837018
0.13752169142786	0.0591030383504613
0.051911943033396	0.0351590152363017
0.0103989562862585	0.00560747374792571
0.719635902553538	0.589388581678711
0.690272819587958	0.691646136053944
-0.479757639239563	0.318157395605878
-0.20810238812363	0.142109411063648
0.498137551197263	0.4134140969061
-0.648028612658988	0.601618734903705
0.0763950756526469	0.348156899866074
0.0901512221716777	0.381925803213166
-0.0739414381457945	0.20062175553352
0.855106764111867	4.09006221796718
0.306796838413081	0.55241721865717
0.251352135999441	0.379893790648899
0.506522579307055	1.9248774809232
0.485358133387381	1.34988573955513
0.764989203074593	2.35948170012794
1.1413548140359	3.17322097041723
0.409047383758928	1.1173833442951
-0.119094392271195	0.19869426599848
0.611685121830168	1.99231397199328
0.304854045490149	0.523564775747541
0.333670306340446	0.301107404553162
0.59400264848107	0.562459191475848
0.175066339715095	0.139616271140433
-0.278024833046707	0.432269225538755
-0.0513757234471777	0.058053628493556
0.167352812973636	0.238307836280621
0.152200481403711	0.198755155093812
0.0313867953104404	0.0370116779688497
0.480068832453845	0.796030198211584
0.167103177890687	0.17052528812449
0.381726575680035	0.37967585107107
0.728098497965329	1.08607773773398
-0.244021224454998	0.282996632795716
-0.146344480183734	0.145429435793521
-0.0892624135730059	0.0991072546487453
0.128628820658885	0.13268276471202
0.0123950374256085	0.0122684715654404
0.159730952606912	0.123613461905307
0.234218225397049	0.238831678899498
0.377567698114014	0.384603800145585
-1.63417980517424	2.45302107429423
0.243355437104143	0.212595361069611
-0.154183785426404	0.11166942534303
0.531887478117666	0.512265377987641
-0.0700269639360225	0.0451506746220609
0.043478762045765	0.0243330831549988
0.168072366494201	0.112542442788913
0.772460582867047	0.712850289690478
0.89289028893241	0.469255236849544
0.343529331169608	0.170931046645214
-1.14833763115789	0.351429943173082
0.776785088114613	0.473766793431802
0.495550336878137	0.305405179677862
0.531545986348389	0.316526573448826
-0.123183804266755	0.074185545786
0.140019255223081	0.0612054895706533
-0.692962317245537	0.482003540184567
-0.234793744858454	0.0805021626074223
-0.539255619735332	0.209143864739704
-0.46356411798654	0.359022174378853
0.685760378078654	0.689762552831153
0.461769971334565	0.311290412273493
-1.04927295166524	0.788461481762768
0.54545136485563	0.296733848187006
0.14682832464595	0.0845646804659307
-0.288858646667773	0.187672784980816
0.0375269474202699	0.0221571153330854
-1.22593239230256	1.42107025048019
0.896270391983187	0.79058741687662
1.33493750253246	1.35360345115569
0.108425240992242	0.629322434388448
0.313622472348343	2.36406545777473
0.768571745873966	5.43466924962365
0.385518764220031	1.20310700408089
0.825475260434669	3.51784434536345
0.568752556246346	3.21546046988494
0.590918308274035	2.94009144178042
0.69723141867684	3.05023525483386
0.550940714874719	1.53678579752426
0.20321929202736	0.581613001026041
0.103579735477014	0.21504905794193
0.337586341460604	0.432936320777355
0.289391724394746	0.312707240982452
-0.387257300098173	0.463585549463019
0.118554807728313	0.179162242355969
-0.112387109962567	0.16637545049888
-0.0594145785198596	0.0861318480244199
-0.121582366420864	0.185894164293189
0.0741687440767663	0.104251856007242
0.31368791337711	0.54107728844616
0.00736573240227923	0.00732540770607394
-0.236709955920561	0.27699379788532
-0.466333036305787	0.754003332213963
0.0646133686149517	0.0694386013178176
-0.461284842083863	0.707914386908026
-0.970486494146437	2.11278553098075
-0.382169929176608	0.609718265480928
0.204245808410119	0.248282880351811
0.056593506697372	0.0651539516284433
0.0436118646803125	0.0379911537769679
-0.182390868818375	0.183743218694153
0.0849505109433574	0.0665167240647504
0.677264959992349	0.789033891686611
0.620193120812988	0.661868502194437
-0.00161900263721259	0.00116380249941612
0.598205069860798	0.547342457172318
-0.80552026661881	0.755282281912174
0.806113219788702	0.346194047449125
1.23997677942347	0.814492095885549
0.945104449735719	0.641803639415465
0.941698220984015	0.644079252565666
-0.342131045368364	0.207951260796865
-0.414733772842545	0.175242837622414
-0.0151910879488932	0.00792272303871374
-1.36750944265988	1.32312384860742
-0.458558769659154	0.367875069075712
-0.162917610146393	0.0924694775449546
-0.86649294074123	0.95191901582402
-0.0126637563649301	0.00654026014141676
-0.908349463716143	0.862947166162708
0.288541424028046	0.1975341315013
-0.409225757869937	0.289248401370642
0.25912800788178	0.196698187781581
0.570739561682116	0.424492574093532
-0.153889248097135	0.109162209387088
-0.992267267746772	0.947052624628616
-0.454321348362478	0.402759122454492
0.0690000721406443	0.0497753287406388
0.641653974504696	0.745837644307627
0.16102164375081	0.11198926077132
0.252253891386164	2.19693254268243
0.400459607567504	3.48520826507656
-0.0153195830765717	0.037286079974662
0.418063980049204	1.96340134022848
0.226593068386414	1.08487532188906
0.159575434248452	0.535780032581471
0.139014334451133	0.199022844728886
0.0230473430666863	0.0233059328495095
0.147154287787363	0.202579300911958
0.116825064070687	0.174199618444029
-0.0779210626549904	0.105262469252959
-0.0293245007978798	0.0389964596869942
0.144029281343094	0.210419992394817
-0.386434582907506	0.686733067890714
-0.260447155642616	0.386168328774736
-0.0186718899114113	0.0217910087756527
-0.17389367776886	0.202675416389813
0.209725870569989	0.287776499924787
-0.366578592488623	0.557752590149099
-0.109006304745104	0.134775281692435
0.601119144119323	1.05475181232402
0.0829820277598674	0.0935840282677608
-0.211538436222877	0.250589637119305
0.00250514519674427	0.00260504880245868
-0.0802340927551088	0.0844110336212967
0.0652293712042548	0.0611377748729478
0.231513621453915	0.229133255694537
0.00989272709533394	0.00882306370341104
0.163451449134711	0.167825268478485
-0.333051814301251	0.28182454562293
-0.146215215693577	0.134417260033703
1.86137519492937	1.99561864034049
1.2630139378829	0.73980439910164
1.1002657850148	0.963246840821449
1.42262941978154	1.5048837346936
0.29741297668658	0.20105439602847
0.716051996353111	0.606934972052032
0.137329818726853	0.0548139237565338
-0.120121453015438	0.047496162171174
0.0112633883710759	0.00592295645840191
-0.340407812458819	0.205162804177363
-0.41722823912002	0.240999059782812
0.147502199165989	0.0809720415526013
0.337973661617141	0.297202910000371
0.143998793697587	0.0786374375514995
0.529495063626446	0.421671480291166
-0.998234322668831	0.985653656569163
1.47106968663976	1.44080478492865
-0.700490658229562	0.565890893355441
-0.31337402301814	0.221767318345476
-0.337325039993106	0.270188459963711
0.436020625526273	0.417310483304716
-0.0581259117587166	0.0867894167916495
0.183769211218756	0.268374988341229
-0.281585343365966	0.449337244320044
0.598256752139759	1.11518826214644
1.00782003360981	2.42693554727826
0.320349277214994	0.484912608527749
0.178648145319709	0.220266738370756
-0.054832730628825	0.0526775894779018
0.427921831868389	0.55265732130483
0.307711817639956	0.388830584422685
0.113142062308462	0.0996529721905012
-0.101621927454585	0.103417065746146
-0.286641937202337	0.372226811039413
0.334864446710838	0.395327389228265
-0.128875104036645	0.118015339854133
-0.768186565004757	1.10610321900714
0.459907748063967	0.490698906812369
-0.426837736311225	0.442837955944777
0.211950865189599	0.219780409447179
0.273768638254588	0.300866719296867
-0.0764609081254659	0.0335863898369428
1.94748056747918	1.19895939104393
0.887905050706166	0.485744167852639
0.315606125367009	0.187934104058429
0.493344863561863	0.419697422223702
0.901519209883105	0.774896085744859
0.597112343775084	0.450871173192024
2.23094011109922	2.28562784849561
-0.497077487220412	0.265677967892264
-0.0171894058119771	0.00862288765802728
-0.0438360296624505	0.0212588353595218
-0.61882814573273	0.506749573407081
1.38371363394363	1.06818620323616
-0.251483115627869	0.127889475232773
0.380882537555476	0.302109818021886
-1.22945743061274	0.857031688270041
0.152740347897891	0.10016541370648
0.0242593574993079	0.0394532264970289
-0.0580012887458108	0.0872641007489008
0.301762315007731	0.595588134609888
0.508431981169671	0.595325674373836
0.226922154321394	0.224933472448264
1.07308122795703	1.82790386475709
-0.375828607520169	0.331860522381355
-0.919966099853185	1.16846327656886
0.357985131280001	0.297913504446539
0.965957406690486	1.0357347254569
-0.14938166380208	0.122755927263706
-0.178777011885126	0.161577987884619
-0.569619672100918	0.734480664522742
0.304509017327085	0.174694076299044
0.56830695375457	0.557337739723448
0.36645907246665	0.287873945568797
-0.413927963359192	0.233856542558039
0.156919767002659	0.107242145651754
0.0762536036357331	0.0584079509116298
2.54854622196091	1.48730178364034
0.136059592448409	0.0420203261091253
0.648588432898613	0.209676886912635
1.54921238725221	0.781847457087024
2.88215395307954	1.85698984255767
0.346736065557338	0.178639443030367
-0.0422766230406048	0.0198224451178328
-0.785629108827809	0.349139094464494
-1.18800470804094	0.647735690498647
-0.108446254559401	0.0428041134515175
-0.959687390694165	0.572413975113226
0.137667139087	0.053101038352248
0.603013497289871	0.443974202498067
0.779092444926601	0.610216984274451
0.342898010293145	0.171349746550999
1.00512200559258	0.925104348097492
1.31340633790752	0.593211047439799
-0.249726244408619	0.609937634206915
-0.240322000293634	0.574616435690764
0.0702576391292297	0.112818928151592
0.843709302543189	1.45388958009707
0.1099019867896	0.0910093464092988
-0.284985982159033	0.28139544471637
0.0980333307800234	0.0782592082681242
0.407718201161956	0.483006555145584
0.8531852772283	0.993997114769294
-0.606023215744078	0.606838936850436
-0.297507279046755	0.288661410490516
-0.280943975116953	0.279647057813974
-0.752792166837756	0.914977291158787
-0.355426998035253	0.304870061376893
0.269482779539734	0.205404540179661
-0.0288674933941557	0.020055879319457
0.710988148451584	0.555086496376937
-0.0426505130764811	0.0206255224607291
0.134067903274327	0.0583330051587697
0.671710049230758	0.323018485469754
1.76138086113797	0.980631355798895
1.75777010692361	1.29861441244893
0.597165661246964	0.56508711985875
0.125846542172382	0.0530058392946113
0.378963969769696	0.173194760108453
0.129353817157867	0.0456019081276057
0.134173422755305	0.0529790077064493
0.130136143621683	0.0492569070153746
-0.247887130963356	0.0815456162678456
0.302802369413382	0.174528588281341
-0.126640566230914	0.0751609146577741
-0.0414607625385567	0.0188540407986692
1.85595413608568	1.91994659483352
0.137025034539408	0.0605847769009179
1.24030691034927	0.841139009605872
-0.240719396609457	0.478218205834844
-0.293547817148372	0.470850426021448
0.581797710406475	1.19764014667662
0.181588175304105	0.302240026228906
0.369585174394483	0.773419138903114
0.126589397612839	0.19021005851656
-0.136995169003485	0.221411896978601
-0.0894382250897824	0.105825327081278
0.306068359151385	0.465964784584467
-0.0574297179705112	0.0677726200311264
0.172686786190948	0.182222895791886
0.144965604248233	0.17771114101817
0.792874328616293	1.92813539430179
-0.233238872384533	0.284765188769138
-0.506964252102102	0.748336030221205
0.176677246576123	0.199846403912525
0.362114437771649	0.30424569901921
-0.356579303693527	0.293605203157293
0.639431975362394	0.565489641935095
0.487090672167262	0.301704315423537
0.773272541691745	0.744545405365487
0.356552468868572	0.173672294831516
0.0197029915003468	0.0113111533240086
0.776623018313953	0.739762914129946
0.84831191525769	0.929839256099241
0.845499135131693	0.706860853479544
0.713144899497398	0.599304497764594
0.279798930679458	0.205138830123677
-0.535186958100844	0.210095387101008
-0.407134474247431	0.176504493108501
0.463007882498487	0.319295883546126
-0.240178528266749	0.157079975816336
0.27036784168587	0.194960779729818
0.461040325157883	0.299779628338537
0.165679380268129	0.105775252042366
-0.446109657872057	0.386715827799834
-0.399746956249122	0.315063505129872
0.267286609125288	0.202796825791481
-0.0276822977366741	0.0400520868428099
0.221582467492751	0.349747933468006
0.14604027436563	0.222493609114251
-0.159197806414273	0.230220789501444
0.231076785763505	0.349508320458918
0.725470529364726	1.40090323158654
-0.466718315708257	0.74507037752267
-0.225839966793247	0.25083628061648
0.057597681563052	0.0579860336981212
0.245366380415593	0.32860926007621
0.146572849419001	0.182674429204948
-0.0893923061484986	0.0961145815174898
-0.658897363650466	0.893934884860229
-0.0198996433569773	0.0180318220283547
0.566082416883417	0.674443933377231
0.762880660049652	0.900043684745197
-0.13555823731787	0.0785699502893805
-1.16613932191359	1.02628356123311
-0.404139131377142	0.322600727184323
0.142212554442512	0.0749432581633212
0.542654583372245	0.539704776221057
0.160000074134274	0.10705558858503
0.562543337477879	0.444606966672616
0.423397972332767	0.292479587836395
0.0166322365980651	0.00843919523395886
0.294444708105461	0.202679245515335
0.401982103891326	0.311448541097967
0.654883005040091	0.679462296575635
0.76722782646321	0.825240750294571
-0.354206987032415	0.259238615805467
0.376612365663375	0.312855792604336
-0.0754729595055368	0.0327078933330197
-0.944114921948253	0.692164297829939
-0.472539161508808	0.306990411080376
-0.248305618577408	0.122569055022411
0.0124463975567009	0.00652995886547557
-0.500581294183948	0.271800122854998
-0.912020349094857	0.724692953193357
0.646245966228502	0.458424134548739
0.413451379832295	0.318707399518976
0.269030200798655	0.199139253398438
0.219587143984702	0.277977678639106
0.0656877200234813	0.0773707580970252
0.177338467215164	0.216914360515644
0.477611508446645	0.645937596055152
-0.415275895505868	0.529029189675918
0.0629542432782812	0.0581983640669949
0.0100492683556387	0.0079544387188198
-0.355399895383781	0.491922685309031
-0.0922527366233362	0.0978270858270537
0.0785072250746211	0.0658016156858346
-0.0697879424288127	0.0543515037558043
-0.0709045795729931	0.0512367121261004
0.133148912071093	0.151467464984074
0.173323262400291	0.18819037413
0.921423739099586	1.06150032321488
0.633117004412466	0.567924138547089
0.535249337986891	0.309699230554119
0.13924822253575	0.0608077937182835
-0.599657863629792	0.441834389358526
-1.68822773991152	0.964243625263309
-0.20096525524916	0.106777205667204
1.02307090575986	0.410762855321147
0.148898594231478	0.0427910061673174
-0.0219749914991129	0.0108979708900031
0.431990928809367	0.172500100293553
0.135827993575283	0.0603732176782337
-0.999396755901751	0.494509435912605
0.595724481659452	0.447521640899588
0.288207214870093	0.200865405850087
-0.524208320216354	0.40889770509688
0.777029082092685	0.727699287734577
-0.232323160270165	0.16947508218585
0.258130137723845	0.208443076957936
0.276103195203924	0.200302346249738
-0.114505939978878	0.0472997685623651
-1.28660595369426	0.593016928405194
-0.19422549688586	0.104000945346189
-0.506288954223506	0.275386227050871
-0.510106028785955	0.264143057662634
1.23378639978665	1.01793809190079
0.426944553046452	0.177586142190806
0.534346980412553	0.313332141160523
-0.207855226629173	0.108459383100234
0.157899324299541	0.108545551400875
0.115598585231344	0.149266862771901
0.458891414646569	0.853024096335645
0.915947997213313	1.5628183789913
0.327229579914986	0.395244858041644
0.782652150549576	1.35766191751085
0.491564486818741	0.652245585089006
-0.12201642661686	0.135983054216932
0.135428602369625	0.160229412567929
0.0300818334660883	0.0240997416485481
-0.950799256871994	1.40789402912551
0.328415725819407	0.30464408110102
0.153212953728217	0.102568186869028
0.00692940840875671	0.0052544380165256
0.0836362629122469	0.0859279499005429
0.815777900707304	1.78805669686852
0.438217326121076	0.625445812338557
0.322873900403574	0.180508427944935
-1.47020421489137	1.31496121002925
-0.24959965542876	0.127573603968611
0.342588747258868	0.170149787911879
-0.746356613660589	0.273282091273725
-0.404719515662062	0.177211506147356
-0.994633753674783	0.523323803017451
1.01925597811256	0.409912776295729
0.434120899891324	0.181191130123039
1.44853028647314	0.435174186335215
-0.155186326040078	0.0556752157065771
0.136206023862494	0.0473598775991366
-1.69996171172248	0.917450905787493
0.588753073993197	0.295423656454519
-0.624015728443226	0.297737688570949
-0.0773945504356967	0.0345599956565893
0.469626686758696	0.30844389467125
0.160906862934539	0.111253383970268
0.772946807882934	0.838658872644517
0.737360745442302	0.944840803875301
-0.335940241175231	0.310304494138024
0.293064654966794	0.201544471131116
-0.356808855141014	0.106266364821167
0.674121801662921	0.320736269701259
-0.609858688204015	0.285541718836643
0.133313359008765	0.0529139670530438
0.594581230856623	0.432640451821664
0.450158686050455	0.412089760859789
0.586117536366815	0.30817715652907
0.241624898052824	0.579549057500356
0.254092147547987	0.484708170895037
0.0431984439897253	0.056699531823642
0.188632961967753	0.322839732988964
-0.0968265474551753	0.131259402083878
0.568372789325072	1.31815565185564
-0.130839242507997	0.193664201336347
-0.173047877565848	0.240617744946593
0.313807288753812	0.506824910477711
0.507202200627765	0.927543621541378
0.00144681901701752	0.00154560718297469
0.0618308131115134	0.0636987564523501
0.219803942072363	0.261509816294517
1.30898717702695	2.64982733410282
0.42285380276554	0.655292550662095
0.414508543043598	0.479167667709621
0.570228387935741	0.612506254129698
0.700918695976717	0.861910922578661
-0.410596398673213	0.325092371933166
0.296048142789647	0.185857212976921
0.0380983377992574	0.0229194116847863
0.0457118996052401	0.029766002023614
1.07266237263239	1.45053058064792
0.149088793968524	0.095136859569211
-0.454387856175873	0.356688608944221
0.285409688111941	0.204840860686824
0.159541651710575	0.10688972514379
-0.591108419214331	0.551017709491643
0.722521884329432	0.703201836648912
0.288568102764919	0.202071214180357
0.404042564841209	0.298455170711986
0.842658813451797	0.601371322360968
-0.232155216207347	0.170554139096053
-0.179676974413861	0.125719569216909
1.23065539865182	1.02868610658457
-0.353696087095228	0.259763341174421
0.290996659140209	0.20198951263521
-0.627615843131309	0.302856881048043
-0.350382673074543	0.205291131270055
0.989962813135277	0.794551464875204
0.520059874230739	0.43769293016828
0.258793643547143	0.642618691470198
0.477752031946221	1.47014425171835
0.740326416949467	2.18168853856755
-0.105341335059264	0.148076755330399
0.205052945142054	0.339560340192714
-0.0624442535504688	0.0822686754584854
0.0254793647593548	0.0310877289859036
0.1725940712115	0.278646562479489
-0.0473274594914171	0.0534095333296419
0.285088351425546	0.464353306751838
0.855937942021827	1.19495274263082
0.139876828548665	0.15094220667874
0.258890229312751	0.313005260515881
0.933471055339615	1.32335818932791
1.10180081820845	1.7099125898017
0.237313862278722	0.214598746935425
0.164827911337167	0.12310159307686
-0.794109587609769	0.559247216780592
0.0207883725503123	0.0121164982867658
0.343869305648764	0.17461216342994
-0.442571309373467	0.419118614633494
-0.0048550794639155	0.00349743885636289
1.29075866289025	1.32215177878104
-0.00469436406139178	0.00248731991277728
0.278535001138937	0.202452707357132
-0.0122155499354538	0.00626679142154593
0.598702692317756	0.551540724352865
1.12079937778013	1.11847851838708
0.461592857143306	0.317863142036454
-0.265332356016371	0.196080100582436
-0.936232229777734	0.671972124461222
0.407300054281761	0.30062111251208
-0.683075129850828	0.483580345975168
0.846967929247668	0.625433810141903
0.294562020981	0.189239019887519
-1.29356029960964	1.41612651688791
-0.671067079641167	0.388665539368638
-0.251414217389798	0.127601090671485
-0.346086203716092	0.201967982351996
-0.0157559405271342	0.00817639266785206
-0.592056582528882	0.430503357316142
-0.357421394570297	0.262168279707078
0.150484147004345	0.356454914054853
0.238824279733545	0.649200892642195
0.391939446007871	1.10169630181501
0.213216715532409	0.418337220377095
0.391490761870318	0.887125192660852
-0.276628143710608	0.484692210598346
0.10321401455633	0.144797790133102
-0.0456180971754523	0.0611379928269191
0.135760067161587	0.215139843984053
0.126024364633175	0.137792618939801
0.739262010830997	1.41621468159109
0.381169573999309	0.518335449316354
-0.620423402199049	0.798102171332616
-0.727297746657142	0.959593479891879
0.0751058494299304	0.0561158323726269
-0.10900364431378	0.0792815162745057
0.807662438467739	0.957081576754726
-0.809914070292187	0.855825608131856
-1.63151881066039	1.69237523696829
-0.216036711130421	0.189797019862898
-0.0558429957429559	0.0367599955771389
-0.369025289104963	0.304642568820058
0.259119642547194	0.210741747290459
0.590854925427333	0.32068872122329
0.156252681065945	0.132233926239017
0.151265866025809	0.0990177607267192
0.170400556334978	0.123566376821891
1.28513520192904	1.59506544361046
0.945476626035738	0.905648133137902
-0.504674715024381	0.433326215330439
0.965479659966168	1.04296046537913
0.603440912140056	0.448570131502304
0.159086846813279	0.110004991047429
-0.17336267562949	0.128961774700315
-1.05764021242011	0.824398355355768
-0.637678079080703	0.570070544171012
0.15783438075586	0.405404055563273
0.327735648896813	0.842017753523963
-0.054678029472682	0.0883285192948865
0.116043877566553	0.213785587133795
0.128434402154557	0.174982732524809
0.0767751485627188	0.0967448286333224
-0.17094423605295	0.308751302327715
0.801483651152783	1.28826714188654
0.0190740105127895	0.0165705426373842
-0.206530422232557	0.226676430592234
-0.926909986577772	1.32503157561303
-0.443412630102265	0.462128283566087
-0.576892562318489	0.718925439106235
0.236527594415855	0.20153891494283
-1.10287512949108	1.55131069510048
0.287364174833237	0.199280829753435
0.147613435562304	0.0938537738391373
0.16930401631884	0.114792935219862
-0.990344526849671	1.00510775560918
1.29819096557872	1.45710362889639
-0.189568588558063	0.121226624253176
0.0360392712492488	0.0214954558752425
0.0430634585924563	0.0275684088162929
0.736726527853272	0.794099099714915
-0.270776044118511	0.202318749685689
0.389869282991668	0.397012256736489
-0.808378639450788	0.813544635036174
-0.704436406151549	0.560227189930843
0.147627063986249	0.0902360314495696
-0.968594904383128	0.591715779410707
-0.097611954750635	0.0721056455730786
-0.72228964544773	0.649076816312994
-0.203849397647194	0.109442624331862
-0.403966192804108	0.277781288358422
0.0456538026775181	0.108762304148481
-0.083055777343354	0.196223089605531
0.0450708151102291	0.0806588284960199
0.22984153620128	0.469996081844852
-0.385912740675279	0.989677421301278
0.329406148451919	0.636892916818398
-0.326850374148476	0.677063184737535
-0.159095833003807	0.278616658041324
-0.048256951826691	0.0625340456475015
-0.134492849726322	0.178691152867108
0.0573374669330064	0.0618571259299158
0.16853350583377	0.19305623643272
0.15216545519438	0.177736169006561
0.497307694721966	0.891528093346803
-0.231381976898743	0.230353848694707
-1.03004371894248	1.23135450960373
-0.114433887198576	0.0939895899474588
-0.273963018620274	0.269504266301559
0.284706271900101	0.1957569788134
-1.00190866211334	0.971705387447019
-0.363860886905491	0.29402620325595
0.408990423387102	0.298339075169513
-0.105835038245469	0.0651148884779573
-0.290687643100604	0.183740399479478
0.385989996604065	0.306620241964064
-1.16574815343212	1.45626002522096
0.155281455708146	0.0875967544168697
0.146085503545754	0.0974703990452897
-0.660679679093177	0.385094893059293
-0.992805672022968	1.01452670679875
0.153190930470296	0.107204852447692
-0.960016300770892	1.08391443794255
-0.559642421433924	0.340870632408445
-1.23748697791572	0.930281997578928
0.377857581120983	0.306348213914512
0.55711582606174	0.451667383755416
-0.271099845341547	0.767539329906199
0.435595709944799	1.04110633861829
0.414694638285507	0.705472404350713
0.374097178277099	0.539888427751164
-0.0805888281238031	0.100066691997347
-0.105516244054254	0.133709423667674
-0.502258693585979	1.19636540121302
-0.110350528801175	0.109432242678142
-0.159698095338782	0.168766897863624
-0.190703401847113	0.169061171247848
0.122353985034651	0.116805297249134
-0.0818398460284383	0.079878346201513
-0.0357691255341386	0.0546984359005813
-0.432076955961477	0.745751491211901
0.174419265774293	0.228985038360362
-1.16559220019529	1.00867700338446
0.472201200621565	0.427651016567437
-1.50126614379641	0.774732428798377
1.94591094917408	1.26053510707135
-0.493891255953011	0.255823396328734
0.769608777407334	0.727014048293183
0.776475102623693	0.578532586485071
-1.30030420723037	0.604645981500644
1.31135620446135	0.587426231279741
1.07034341340939	0.664823853952917
0.125648500701391	0.0417795300735956
0.139088999585537	0.0614541670485855
1.01184760761162	0.380027469888837
0.140168353562376	0.0417587511082613
1.76621372808139	1.31689072768133
1.07571170700497	0.627231073768386
-0.206134701556054	0.10663628080103
-0.169577172439655	0.113614576083718
-0.138820817715328	0.0965782649554963
-0.0000986293770283425	0.0000111458861736355
-0.475383958183134	0.663949331157059
0.10537201191913	0.0925764744287875
-0.399814543239427	0.377258532341945
-0.383354326543992	0.345513033348766
-0.113345929706637	0.0461357083206464
0.0759383475337937	0.164890786674626
0.169372559367317	0.258888661068742
-0.448912933892736	1.15527967927294
0.105695471666385	0.160618142904158
-0.275092525110565	0.337187812485252
-0.0972220408133533	0.0725829821264152
-0.802563920047158	0.703188847567968
0.680359808271791	0.33604475628359
0.676790649021812	0.317679558688347
-0.241681728939409	0.0798132682576695
-1.3424996852021	0.817438340309283
-0.563816656367122	0.356974216065523
0.133741040374324	0.0522778038599207
-0.499949433947448	0.25979387366352
-0.104454034831209	0.042075578550998
0.144013731109022	0.0446680190904957
-0.662935963316129	0.405086660072585
-0.10622085692575	0.0437280025102277
-0.962257747092438	0.594094542526021
0.134054511289016	0.0472844272232309
-0.491335037848064	0.242024621530811
0.771106294655677	0.458530354907514
0.463731620730722	0.312211850985212
-0.298755889063645	0.256983589853365
-0.624949302119849	0.668632623362812
-0.378693935919162	0.543057442603445
0.022489074313169	0.017971340799595
0.360764867290788	0.300993270957975
-1.45331485029456	1.50659631103582
-1.68615255015219	1.00767428003693
-0.816933124752702	0.522106770299991
0.172515845548052	0.594791083954392
0.410471299645524	0.477789922241596
-0.239622563856666	0.206864739206879
-1.16500618502102	1.03922864603531
-0.94024946157064	0.686798353698228
0.774946196036422	0.603757970618469
-0.205701594526296	0.111567775293607
-0.414293183146047	0.289242668431473
-0.805420499838961	0.533528767335209
-0.0336607865938106	0.0159919560500578
-0.294029864674485	0.183448476036538
-1.28764041494988	0.594482024126847
1.44537917432198	0.903492626650264
-0.0767753692128118	0.033856590594393
0.71137246454799	0.443377541516822
-0.807905935429745	0.716441756098543
-0.00392332312985813	0.00182453670728651
-0.80758798292713	0.825744444446375
0.27930797720623	0.206665610389968
-0.810775045309605	1.1287782901356
-0.441925414137225	0.42644848581867
0.191141260510182	0.220887504275294
0.220453747371609	0.23753251355364
-0.60400376652629	0.704637143753274
0.315941231092858	0.287857244529987
0.00897993334579524	0.00473777418397649
-0.743201468674383	0.27129411111425
-0.501216578528547	0.26181007377062
0.146504919417035	0.969267276381631
0.0462753172775293	0.184017847492535
-0.487812164926508	1.66141120771125
-0.189890130493776	0.328508952913339
-0.0534153328118342	0.0674651937967258
-0.305718666416518	0.480879524474263
-0.780424029605185	2.47182919435596
-0.607217015000561	1.31551883521364
-0.27353561259581	0.337275073264518
-0.729145095174563	1.06929207640702
-0.185714381232981	0.159909978454767
-0.20265813181469	0.211978262308137
-0.648497508012429	0.858794978499134
-0.824795128894824	1.00505877586584
-1.04462879567857	1.45774245573684
-0.430366740298183	0.514172238915187
-0.712745169364172	0.844251751979261
-0.514838961431504	0.531745879214481
0.235600607960272	0.215602735316744
-0.86201292554057	1.23285079477176
-0.425300526922704	0.356934005372239
-0.428447234216881	0.470942851260801
0.48301974785199	0.585605633664214
0.634972175605372	0.81292374556478
1.13747060786035	1.4719574655456
-0.199964380214524	0.110484332667455
0.159721126878189	0.105194902713923
0.766582750044786	0.900908550372812
-0.0158325635138372	0.011296821797837
0.501874327470095	0.515902274284726
-0.906097417578135	0.819319001113035
-2.35150083909675	1.99458520898274
0.104146559622433	0.58616124511773
-0.0179495104453923	0.060395321393503
-0.0935650345006728	0.31564534620079
-0.161003177647957	0.481214290454049
-0.373479371660669	0.675375379456772
-0.600890538676081	0.957024350871892
0.429241491791523	0.715304294908497
-0.430612798317064	0.912057301936712
0.0610519321345741	0.0727014412188463
-0.0441727509580109	0.043191017773565
-0.0012081042467805	0.000996768065706964
-0.0759226637269668	0.0733395661486941
0.523314328692073	0.637353415422639
-0.737995122430958	1.17569124358999
-0.823786439191906	1.02791884601549
0.17294835995903	0.140972089212328
-0.496846282153417	0.594000196531427
-0.324775311767179	0.254485134410378
-0.698510318586317	0.746362123545299
-0.382326505159929	0.378989005044026
1.44617631194163	2.0290268127296
-0.00640541261032329	0.00449712330547146
0.101083829458036	0.0808334472507306
0.700658554583559	1.08085851134885
-0.558942266658923	0.553423171655103
0.164024887450367	0.115989818013938
-0.604942272073532	0.421394745730954
1.26470786186503	0.710564081401421
-0.30867143758763	0.229979448956883
0.451643409300385	0.418384766655412
0.67201659606213	0.567350434538394
-1.05830713179538	0.85758544690967
-0.808761276381474	0.701363482442258
0.0277483534064537	0.118551272360422
-0.118517261631931	0.588931845427997
-0.138666325104072	0.438601855215772
-0.0872436512522448	0.228411635723784
-0.345075804713499	0.900856912410386
-0.137272700266431	0.197104640673985
0.106023584995331	0.125864731157004
0.503583720228455	0.955165244976152
-0.0669363250902623	0.10322556798574
-0.102917922225772	0.142160994836004
0.0987800007647197	0.107706123197311
0.132970763086489	0.152847825340001
-0.0085937039048003	0.00795269095434362
0.0921134675186353	0.0968064928988537
0.0560836625307151	0.0560538031537854
0.170515182247054	0.137205075084068
-0.217082578617722	0.212564826455107
-0.563939194512797	0.862703623610935
0.419361459674048	0.402148859060795
-0.483835707922198	0.603533444774545
-0.0086625539433266	0.00721637584141667
0.766777578115778	1.11537167611365
-0.338759770155412	0.311412247490321
0.898334210026287	1.43706130440383
-0.28332471169941	0.290926056171013
1.20260155952835	1.78575268609944
0.546152424653005	0.601504238690529
-0.65485351303888	0.580764507469629
-0.12046970366729	0.0717578063862386
-0.180929151665498	0.124656945570447
-0.10465906963797	0.0619321513665823
0.0454909768889765	0.215591033955931
-0.0876970833476904	0.371830901764796
-0.173816987993267	0.747258078567221
-0.0248126087627317	0.0642920600902983
-0.187008931558814	0.503845236058347
-0.276595523639071	0.704236154471159
-0.0860458139520406	0.12194709773446
0.237918465838167	0.332605220532744
0.119183339969371	0.164249556315716
-0.252986807291145	0.483446598852442
0.0664633979594119	0.0894664824271415
0.263434152721802	0.386454624921373
0.0344003408538122	0.0397380639548726
0.0871429419336876	0.0905733050321037
-0.484297384723932	0.793664490085839
0.173360614114519	0.189822206907232
0.297110050848505	0.301045833129248
0.461934631540892	0.553587967482978
0.288421439644125	0.374448660374449
-0.0290646318560234	0.0241441514139718
0.111857788563536	0.0992995424250436
0.0119401943200096	0.011515188995443
-0.693146226159908	0.795953200171872
-0.434418447945764	0.546492602762747
-0.48808971721754	0.504682678971558
-0.0110006997891715	0.0077945062428831
-0.436480951292774	0.506613630170953
0.717812064538266	1.08112132799828
-0.0213042313640037	0.0147190843979263
-0.166114980432762	0.0938035016080837
-0.915938163645689	0.743188135084726
0.169170106686062	0.11791496083935
0.0759982663005879	0.386696160475015
-0.00881335610542432	0.0290507317538049
-0.180387837554864	0.736389971519266
-0.172618016537961	0.537081171239848
-0.272966186401043	0.952842286028684
-0.0263494625787278	0.0541365913264726
-0.109240506424096	0.244154230992663
-0.362908805870348	1.23197878909905
-0.197936852619476	0.44736642526779
-0.0111520848076561	0.0130942296015959
-0.542150658997486	0.984779417016353
0.252601196136367	0.344469451631912
0.43843565568779	1.01885048809028
0.196342091152791	0.313099299116466
0.444219156668986	0.80097058841238
-0.0391051950497098	0.0418671359029198
0.338833532712858	0.468630307449308
-0.180791945304367	0.190347377694201
-0.187811943332892	0.225515435332027
-0.0140583275416126	0.012791639892559
0.263189865340338	0.334733989478454
0.328146184541345	0.38641674714971
-0.372952804793403	0.434238779461145
0.160662604058259	0.143918293172615
-0.420545007357978	0.602688056218521
0.538960810018156	0.667544071071519
-0.317028252186644	0.309841541606815
-0.41236329417092	0.467136971872875
-0.118305023136018	0.117769603454679
0.0118312810675977	0.00850459338478827
-0.677115639150626	0.852116996474599
-0.580629722531449	0.512234836035122
0.433788238962529	0.314855551571967
-0.0698058840891543	0.0451263072128214
0.369124164843659	0.293024815671892
-0.0200856319539298	0.013888490623238
-0.288317773805922	0.188026640132813
0.0565124360427991	0.0356759423663906
0.0342103870331067	0.156203052411284
-0.0947794590268525	0.420528490940565
-0.189001175314357	0.745911361615395
-0.0999708906023488	0.300845686508749
-0.243455341124306	0.917412683505909
-0.159652084110742	0.53548840554442
-0.166682283212024	0.508026954089658
-0.225796973260403	0.706228872811119
-0.332737011510701	1.07773483983431
-0.149081559373582	0.385138146756779
-0.0192511239557225	0.031894708901178
0.234073309256929	0.369349438827289
-0.539614041156584	0.968935799890636
0.672469702951622	1.72880690993882
-0.0708805769917163	0.108803692275374
0.11005169412299	0.159415248624049
0.229199501556624	0.319796429132109
0.222153476951589	0.315001010906466
0.576757255488807	0.950625874131407
-0.0664854994647135	0.0700462294349735
0.687978086902574	1.35113573073569
0.722727162396194	1.02097010965342
-0.00271882864713484	0.00247220527625532
0.0850482052297563	0.0969290457181948
-0.205864700732829	0.214667955829423
0.0154018104973965	0.0137212778139421
0.598093486620452	1.02589465283825
-0.493905861832387	0.579895807293077
0.161193038670971	0.1576313947011
-0.291764504560309	0.312747999672956
-0.0650707687059523	0.0610196098360325
-0.155215883469336	0.152200789995474
-0.207042109711818	0.185053402593549
-0.293994939908436	0.251125797876954
0.491659699194483	0.308752958340887
0.150874378840782	0.0965249150824961
1.56210918964544	1.97437796109951
0.353281176309801	0.311265608687739
0.978486734670604	1.12961561797295
0.257280870154547	0.211633335998445
-0.0434075859568537	0.0297294660642455
-0.218528598978837	0.171802364671651
0.0374772041886725	0.173977422862189
0.0309417124680976	0.111699153335553
-0.0978304005701247	0.317485888397789
0.046334521662607	0.140058525047263
-0.260512728641425	1.12755730048993
0.00890794171815221	0.0199147444419939
-0.218056375868614	0.6684038765971
-0.251950533317026	0.73961450262956
-0.324573409722367	1.06667979240284
-0.219283325387513	0.555532274538607
-0.346692582706543	0.609889866646567
0.300396570809144	0.553182540317395
0.0845320162940658	0.122899913778981
0.461523057548035	1.24639146916657
0.207244808555019	0.342034661060384
-0.345812642080432	0.482309067893159
0.0875474658764415	0.106867718446713
-0.110123622942436	0.121081544022463
0.621932208721556	1.03995122790136
0.358493508037667	0.460428613577602
0.501767253476881	0.657144560280264
0.0726227348460646	0.0671847595726566
-0.0206691333660168	0.0205369955474623
0.0560780102662834	0.0511428056481488
0.408047066176277	0.45776646597545
0.457662464472159	0.609688712586213
0.737106269688789	1.03442431320634
0.281776042785387	0.282485809739759
0.0764304943241576	0.0720765780546634
-0.0311101875440113	0.0287700836568402
0.225742267193115	0.218356977907049
0.00378860272064718	0.00319598899509092
0.170355441315576	0.116585648569393
0.561434593930185	0.444764375472263
-0.29284153080674	0.277714363456727
0.155051809738978	0.124271812724092
0.063301838331936	0.0445449574721254
-0.408698825903911	0.332646358612556
-0.0580846605667259	0.0381811064222611
0.289841588440163	0.194920064043187
-0.318526294283378	0.228577727521132
-0.0324468253088102	0.136147852181885
-0.0285376206789593	0.106176603594346
-0.0955895700696668	0.350886644270239
0.0487538521155379	0.123190989731735
-0.00172738353626869	0.00403488357558322
-0.592405807378332	2.91978135385646
-0.28964209343271	0.844419998517755
-0.371444452620094	1.24438831681116
0.0125521306448671	0.0219763550373056
0.319631051212343	0.607545982464224
-0.11519455585723	0.156393306906738
-0.135740288746074	0.193052254142235
0.828089312706434	2.29880310458663
0.322695988999167	0.529153095881914
0.177273811083155	0.195737338599443
0.0135319509140114	0.0132148481295154
0.64709738934238	1.00560005368869
0.417938536719618	0.55557787745061
0.867771296747658	1.35984898353804
-0.300802837491279	0.299950560046827
0.294016367564743	0.314705099541208
-0.284362867644637	0.31639784263789
0.523691830619581	0.530805720078612
-0.239123311299228	0.230050660479402
-0.55245283713675	0.764138498867122
-0.47911876399129	0.46060018199439
0.229024104426287	0.220389706980217
0.00510981272887106	0.00393551164672417
0.091349734174484	0.0707295485772391
-0.00692967589910087	0.00495344403039363
0.732851668806252	0.718775466801197
0.0391807954707539	0.0242776338620945
-0.00902208943706618	0.00643222441520865
-0.175744169799261	0.118194948548434
0.0652827879040894	0.0441232732793629
-0.158384721656842	0.0883305544775208
-0.161385343084083	0.0535298430062253
0.0534705004987809	0.250197010148194
0.0142257864451968	0.0528068150206132
0.0641341003141713	0.214564080675055
-0.0901055217875371	0.273733004189753
0.0125840304327157	0.0270548549303887
0.203398334629361	0.55451383502547
-0.178364620205471	0.450217798993334
-0.0516568494096241	0.101556129079138
-0.0855236984907018	0.166377512896815
0.281182280126534	0.555158199486946
0.958275730032347	3.33236037039035
0.0459344788512826	0.0610096468022253
0.0657254804773584	0.0795127363723729
0.0885965345183861	0.09423634732538
0.697803025853116	1.36756565922957
0.599868871999189	1.02484632797595
0.11020854716499	0.106559000579839
0.161956359300043	0.167231769116039
0.224908630914885	0.20472484270735
-0.299461298635085	0.359032003473489
0.637746451856611	0.958176871523291
0.329075793584184	0.305793405855091
-0.285638709830385	0.268786765870957
0.17788946893531	0.171641968351927
0.33583983387248	0.380014096259391
0.586824463556651	0.837256195330096
-0.127305747579318	0.115777769321772
0.0960495074695675	0.0843242535265983
0.475025834203108	0.493070337187205
0.735544650378732	0.981856970562642
0.407443671013383	0.40744848472399
0.870022900364826	1.17852213018515
0.0722589172438847	0.0529327304337687
0.159485873025181	0.119084456154771
0.0118733538322713	0.0506685275760092
-0.111810759810331	0.566536186813332
-0.142279696373666	0.565993556335748
0.0862079947268551	0.246487708329298
-0.140764004433335	0.385625755696213
-0.161644090688009	0.436912028315382
-0.242451041156323	0.751550748658173
0.0948697749782922	0.170829150993789
0.0260179500920351	0.0385309850702216
0.352073500783286	0.806021138483546
0.404930169178946	1.08964721577936
0.291079863161797	0.589692124497825
0.214903151725881	0.321583943478028
0.154138208803645	0.20671681088469
0.268996214401261	0.381469386684837
0.0483063345647922	0.0502628918272203
0.619777664324273	1.09289400227755
0.442188689857411	0.611745661315593
0.326518358526306	0.434340060091265
0.764511089409207	1.52813120924283
0.163863938565667	0.181651933090375
0.183818230868327	0.215130243202339
-0.342001969544736	0.407975055239812
0.0464621952334839	0.0392489455167567
0.111125481266377	0.101400749405719
-0.133820509963962	0.123928901879862
0.216048802861264	0.230738928819175
-0.36829757311779	0.417763407033984
-0.0287399725696508	0.0197181541312297
0.27919625011556	0.303819941878965
-0.522283848744931	0.539381638544401
0.106389036705541	0.0953623469552346
-0.128177650867726	0.107060174857381
0.0476315010284133	0.230340619141075
-0.0316682485574342	0.118230115225322
-0.143469207819087	0.571722246808577
-0.114943932238737	0.32987124052372
-0.100186722920169	0.274095616406062
-0.127612704516181	0.316329464944871
-0.0220293521214597	0.0314701216790942
0.22553468768772	0.34104963764622
0.18389387295688	0.315784776863881
0.115088813428054	0.242559705895435
0.79880818776423	3.05101114799303
0.0233466333533436	0.029779007767884
0.576610193610092	1.22916503556348
0.443472394780546	0.828973412002488
0.471866392400389	0.851986158593651
0.40980930879187	0.700705016824688
0.550078060479262	0.847897203308119
0.251423219275189	0.322795146527539
0.103763496181116	0.120536188582204
0.370689214593239	0.469354704177607
-0.180569368748141	0.214220670019054
-0.187406732443981	0.222418159154393
0.530573173914547	0.712736004342891
0.259498064262545	0.316460297608173
1.15664378448392	2.20380737986316
-0.0557517826650276	0.0550907831461833
-0.11330084403841	0.0843018659075258
0.312996984611549	0.303473463277496
-0.294055764749035	0.189646385060456
-0.175134584672163	0.121998340067061
0.124788986673198	0.782116451905037
-0.109613791078441	0.497981031504441
-0.0883679392032825	0.28477550089978
-0.0492538116688823	0.129039677233014
0.0822465771746948	0.211109979581333
-0.148095014884876	0.277546711640556
-0.476946412143033	1.10157433037379
0.358721895355493	0.79989138603578
0.369607899994271	1.05979331775652
0.471348177809903	1.42369173561881
0.668430997459036	1.87350413092561
0.594601854109258	1.56163187378272
0.680770564334188	1.60573447212301
0.212100889147284	0.342299953620203
0.860257857713362	2.35527185790637
-0.071914926913939	0.0753989436850848
-0.0730051150275382	0.0818811977071498
0.515030758487008	1.02700945806502
-0.18974721323007	0.20090541118356
-0.00425357527329986	0.00431874815477836
0.10893304454982	0.116938240345045
0.732745973403752	1.16386919066772
-0.0845852022745154	0.0885814286449683
0.21780943513044	0.235756084245295
-0.0905700514599022	0.077147303439377
-0.0957143906830175	0.0722313436732502
0.0370557221156901	0.170365434043317
0.126467615692083	0.629399405104701
-0.0319323292990311	0.0930260645870579
0.0164662784273261	0.0398678917480498
-0.0850482285128265	0.151703423223273
0.317335547701793	0.701876767457277
0.80433891423087	3.31391480936454
0.645489022863969	3.03936331772907
0.329069834494424	0.91742693487447
0.107225353021334	0.175039048359816
0.367837982371294	0.840375288415987
0.450641202252199	0.989757242376729
-0.364019064061446	0.733214011714675
0.546768601166059	1.13116401367871
0.461051552878473	0.768860545824233
0.543118388835891	1.17823467352654
0.136025426575519	0.171397204068427
-0.277204248711589	0.346574453407847
0.161351508390791	0.215274423785758
-0.185350049817781	0.248285324919507
0.404429307213925	0.540148333215578
0.232902025397852	0.290373052092324
-0.0564488734988339	0.0625492511325238
-0.289193637950905	0.234571597783188
-0.0270300175995295	0.114560828639281
0.00713702093355993	0.0241389932689234
-0.078562418251699	0.242639790966774
0.104838152334879	0.207408599157486
-0.218050596437035	0.461956297071753
0.75089602214699	3.31556253378215
0.574877121410225	2.65295440909348
0.450235450524442	1.46178612908918
0.370669213233236	0.898427856616496
0.472635465193966	1.2660828232765
0.639399420390239	1.50854914346111
0.40032897771197	0.865752149476305
0.158293000968934	0.254683894700285
-0.0927779378871263	0.108218679445676
-0.21228126132025	0.258783740652388
-0.137170091455839	0.185816455146139
0.101396905401011	0.113014119739319
0.406365852532299	0.713634832728424
0.168586934754038	0.176479708362231
0.421334826806548	0.649049327703992
0.253508309413505	0.329034177955753
0.349591584222277	0.426727801590956
-0.226192517405249	0.22161403562412
-0.159765318436081	0.149695742959693
0.15643585391447	0.122984006354819
-0.003752925476309	0.00266148779871638
0.024400726020564	0.109015394874976
0.108383767766004	0.535112081303326
0.201832453445563	0.743045395406399
0.149375824565491	0.371992905453036
0.483880151633007	2.23688201326343
0.707768583066655	4.55588685027624
0.506923516483676	2.44137620239311
0.275302587820444	0.774478398039093
-0.080813067280449	0.145812703068911
0.135497706274899	0.249415404361839
-0.223009436233675	0.382755470156123
0.159763819886978	0.264515018237221
0.475369385691741	0.881981410985781
-0.187339779952517	0.272456072815419
-0.060934509279839	0.0653424773263695
0.136730345135639	0.180125346710244
0.0403630767537322	0.0456246530511659
0.17370724745289	0.220083866533987
-0.456979628903657	0.666972960510227
-0.00657399102143891	0.00608423921816086
0.306203297238445	0.18327078787267
0.00342208111484827	0.002981683779773
-0.686784544356493	0.912757193733943
-0.161963882902794	0.141269337090701
0.0759779308024926	0.424357827633709
-0.103139015787283	0.524787133340391
0.0856316906782593	0.301855606785045
0.557437291014378	3.74490332714711
0.684996167204401	4.76185663144881
0.441431918483566	1.86466033036181
0.0522676081946674	0.0890857073054748
0.105681202724881	0.187851783848425
0.642949123338584	1.8687133796067
0.198372790025364	0.321971060064577
-0.0609553556707453	0.0781844309642037
0.177262124107913	0.250257225306638
-0.200277972084119	0.279457734947269
0.440916241653252	0.695040521919165
0.00644297392668999	0.00676649867680619
-0.24034291818185	0.31864615064275
-0.390274141453067	0.591255764640785
0.1081959628652	0.133960361040813
0.185587341689821	0.216114974258822
-0.114298864994029	0.134864236261215
0.0797193773684578	0.0897000669961899
0.115147169196577	0.113208978919324
-0.276568920612996	0.310509220950148
0.348124560794053	0.389569680689304
0.0377703213827739	0.0320152755754268
0.136734144763868	0.968992215706633
0.190039129426806	1.28562924421236
0.415236187287904	2.82908411654613
0.634900866834663	4.30320816950284
-0.145146678713074	0.388280973448358
-0.0299672194456361	0.0513337913124836
0.0273829932684938	0.0399953181096226
-0.167083186008257	0.241461782484841
0.244374917245618	0.366318584503055
0.106813097330769	0.122035635893203
-0.150379227495479	0.151624377760901
-0.454824921680531	0.670070891683524
-0.554149962706621	1.08784325500029
-0.055564047488173	0.0609807529437857
0.136439286121677	0.163074071120979
0.0489737128113067	0.0410089762056049
-0.264595236878714	0.253749120566211
-0.0901052736039985	0.0756122599531894
0.771649935197475	0.825219971880823
0.101886634726807	0.595053244622845
0.246910490313819	1.77851879229317
0.0312876406281174	0.0907991973100108
-0.770062618219733	5.59683331077141
-1.01612303474595	5.82824491829717
-0.151292415142928	0.304934173605828
-0.104091741330968	0.116844190055439
-0.234062496440946	0.235416001497017
0.0019241536892714	0.00171792966430955
0.077375346777747	0.430375982209247
0.0820417236625302	0.40036450863125
-0.630195655183384	5.37954168141563
-0.56764901831235	3.07194998145628
-0.196325491050181	0.54618790901349
-0.197897440785702	0.244761475940327
-0.0987668090170942	0.0938067838887851
-0.0218205271251548	0.0224643076701128
-0.00759208892948141	0.00718219259546794
-0.319296462484648	0.398748461037363
0.266679938478686	0.297445111188573
0.031857800199741	0.0311622586855802
0.128032519368761	0.130680522236179
0.0999714861281069	0.623257862890372
-0.12776318062706	0.689522508675768
-0.235663210642702	1.07828543451769
-0.351727305102067	1.68826093194677
0.0858837016998644	0.217377354112655
-0.155124359166172	0.172167838411094
-0.18126806945791	0.179663352120524
0.304855060478833	0.378558922769507
-0.0362167442161518	0.0392282796563067
-0.109067234281049	0.135065805855235
0.0624258291052785	0.0653927652586315
0.0349601430149919	0.0363348703143673
0.186976277336725	0.241247661935905
-0.0735003303305175	0.0867025191741814
-0.0906169048742845	0.103746597990918
-0.238802079876835	0.325708117812561
-0.0903001479053917	0.0992330469683903
-0.14892451246696	0.163963162885106
0.475408821177582	0.838223023248225
0.213943105881441	0.26455274464384
0.754789377302529	1.19363651452691
0.0431416198828081	0.0428018567781466
0.219809612116734	0.238039750515877
0.0697873240129821	0.375035109416898
0.0823096948391472	0.344892998122827
-0.0443633535234461	0.129869711364272
-0.116121722827045	0.335538202544533
-0.126961817472881	0.344221468779331
0.351247699135956	0.638508411809689
-0.0972677323029804	0.134727141474269
-0.0049044194293074	0.00591928893000447
-0.0828717164834474	0.0919197087030707
-0.148069805445044	0.142674487884929
-0.709250226078366	0.885785334452104
-0.285897243041758	0.307410265749241
-0.0971326833722971	0.097722791884771
-0.265312820467808	0.38183114729244
-0.0382592759671888	0.0412422976331755
-0.0120215083120877	0.0122784060500358
-0.118965229368017	0.15093638295305
0.690341627074919	1.34840422549103
0.0895775639572654	0.105895903947748
-0.0311396606301089	0.0306198613966383
0.414078811111331	0.713132879375091
0.0774142289708368	0.0748192038555318
0.357972562686241	0.478235886796369
0.213601658173307	0.250058748807941
0.454593668911952	0.56859709334728
-0.0253362179967054	0.0232642792554217
0.977359037571698	1.43489397718213
-0.147775438750055	0.15548828566079
0.221330818630737	0.262128036334957
0.0727820169815325	0.0728296303267794
-0.103885194076415	0.113644566903891
0.106881677236449	0.612267402225474
0.0197493034526813	0.0676938573987795
-0.152080159091353	0.571635692722597
-0.192958841769515	0.628073183734368
0.196899439853457	0.321540422663165
-0.0200335975395433	0.0239503012645021
0.507524932617355	0.928118608420841
-0.401814968331641	0.501633890540172
0.0393721429141439	0.0324673143933524
-0.647182810339397	0.548361616754769
0.101345855802919	0.0832816266586675
1.03397150107911	1.93270168333253
-0.0170161925960242	0.0166694410058207
0.117499184483222	0.124770583762873
-0.0928247932381567	0.0889703263757006
0.594822242045232	1.1224513061934
0.21566255933642	0.269270726507723
0.0629530952170999	0.0684800769717966
-0.487424909948645	0.638102314389095
0.143056429346547	0.181578392561721
-0.226438835649489	0.268852542469301
-0.105557838133094	0.108620050301252
-0.509228147774624	0.670979984038614
0.537177886816607	0.681089661261573
0.275127171257512	0.311797274247071
0.0567329924853013	0.0522710463399147
0.0886006046811633	0.0734210129588162
0.377854256973941	0.390422896278363
0.235119076009938	0.227020779609682
0.0281514002555049	0.0221583200730614
0.0110177922042892	0.0456806945222171
-0.109954017991419	0.538916433485467
-0.0950445169993113	0.328046706115105
0.0318729257672606	0.0556337299565358
-0.112442444656249	0.231973882804589
-0.422000057041562	0.97074955673861
-0.112932291290055	0.19159874390728
-0.106348446926569	0.172544669830955
0.222237237912344	0.353970835058533
0.27973589001022	0.4068362993143
-0.0086254604514942	0.00872007874126292
-0.505855651155759	0.62526528357156
0.703962275516034	0.785579753612925
-0.17638366057134	0.158427553732044
0.508946496179779	0.662072923157072
0.186338005750241	0.238192552273277
-0.15625936967556	0.178907165063338
-0.0671626915440606	0.0754013476461559
0.51903305104269	0.880644537587103
-0.0512789050791694	0.0609996627181028
0.711192140041418	1.1273619663543
-0.155813832108114	0.186451389839621
-0.0162653710047813	0.0173731593817668
-0.117694650177809	0.145505513964769
-0.560655688468504	0.829794575640043
0.0793746927725126	0.0811308900736056
0.0188060227145585	0.0183807582269529
0.308130820498006	0.291253863019951
0.0381893166344518	0.0309508836500278
0.334900861073425	0.381759720849361
-0.0397970891795003	0.0356117320146588
0.0538550034467521	0.266892835643026
0.148238144091403	0.802616957280816
-0.033158350284151	0.0720819274275219
-0.0859739510752086	0.16725944341162
-0.187548357219122	0.432298799322166
-0.200756619320366	0.399755568055739
0.0888050091523207	0.145542799493654
0.0883755561734014	0.138399248941674
0.426547607471938	0.777934454592864
0.2439271605765	0.374108426251571
-0.19630113526338	0.249942113723735
-1.15783826883452	1.77263093609594
0.282216211380513	0.203442255249079
0.26544854107323	0.262598022835782
0.567616938122421	0.824506868349824
-0.160928774886191	0.183441845520655
0.0215977418776584	0.0199778129229347
-0.0887302271944421	0.104352503912072
0.21584854567388	0.284308603820906
0.174713365798769	0.207292563415893
0.349925008177598	0.652019394039848
0.124101014929716	0.161197885786906
0.175798950286678	0.24068822152821
-0.00231843251834338	0.00237012946285517
-0.207620933293428	0.307674337525859
0.271217372006075	0.371391251966231
0.0358017478816362	0.0364964084640515
0.0879657425176443	0.0925125522387953
0.0840621433075225	0.0814890442813387
0.849286444389065	1.22583535516147
0.268775343314038	0.205077294183336
-0.0348412098543994	0.0235399055013713
0.0807414829533427	0.432775688342824
0.0365148008148575	0.137141613430981
-0.0554438826469753	0.152178319066796
-0.0252982937093946	0.0564684147662856
-0.0239578742159217	0.0530536756830027
-0.430804313000419	1.41239303241664
-0.0589131814128546	0.113987082857656
-0.0921698584746889	0.190637867348894
0.340632319615372	0.742818197649301
0.205314350713474	0.430128464740425
-0.259456691202039	0.512481440614645
-0.204290023855588	0.342834793759343
-0.179610862002034	0.244104495079698
-0.322665723875958	0.506672143119581
-0.720079673451882	0.934287421365691
0.406619733165573	0.404873164983705
-0.576754747520403	0.80043824941394
0.381477932456581	0.502074868272344
0.314659005786929	0.455805959502412
-0.134754626937125	0.133371250307925
0.183209855524264	0.242245011428892
0.0416367701528995	0.0456681448483135
0.258349549425866	0.369909016136008
0.287055537616012	0.509267271178893
0.275623131555866	0.438167188915814
0.126773023800174	0.159281233043478
0.0260899799362821	0.0300102809546201
0.186851995916172	0.254117541912083
0.230679432946675	0.309747504744432
-0.198896248832006	0.280872099473406
-0.351035321657565	0.447146852564589
-0.2265745488712	0.226966811990421
0.722045274455131	1.2454799066867
0.116546889824387	0.109679523363287
-0.199301254226424	0.17140523335543
0.65712805870565	0.891027817603025
0.0184609966815326	0.0796684322802531
0.0973872675920017	0.436557678899348
-0.0397815106082324	0.114368029964501
0.0877766386290824	0.25539834790985
0.0483096295889151	0.104400273553639
-0.000381588445387334	0.000741155743705122
0.0361412131525924	0.0725636973595933
0.0672897797757746	0.123877388522678
0.287122445969727	0.696661536056406
-0.15295213479893	0.262812780755367
0.0746328472856896	0.110750221429658
0.387957973375216	0.761747648960034
0.0613160650500095	0.0798994492240368
-0.208226238400769	0.217240849369855
-1.04733247899412	1.41090588661271
0.388571595259363	0.521405309555618
0.547188194535995	0.972510730481914
0.748928881321792	1.81382457752696
-0.0152920874782098	0.0174443474828
0.302992427233711	0.497538140100885
-0.310832585253792	0.474390671547008
-0.0296757003828177	0.0368539504743511
0.071252257297714	0.0957723992080753
0.46868250692848	1.00851905560966
0.323190878809257	0.592270435915339
-0.0713367990906685	0.100957794238197
0.122656503783449	0.15275114700344
-0.176918805167481	0.222530600966293
-0.103040411042503	0.139999304582911
0.00466456616697764	0.00513165728599685
-0.28025784716115	0.359354140213841
-0.103400874632359	0.120865082405527
0.0915955496675874	0.0787115164085445
-0.263689024370302	0.269762458495773
-0.407624883674961	0.471515309542098
0.338670466050118	0.46068041103212
-0.0148031375383558	0.0566953548926825
0.0738814044047992	0.295325484701836
-0.0526345960473926	0.148366395168339
-0.263925524897804	0.782230541180584
-0.186678655049508	0.503389149324825
-0.0348004438637763	0.0654772864840222
0.024698867790892	0.0385355823671287
0.186108005605001	0.354882552067964
0.159789111065589	0.260316138221121
0.0452302929982724	0.0669591870208459
-0.101710768994871	0.131191029083373
-0.533569372058141	0.947324980498011
-0.216508853748507	0.242553678789108
0.793242622961546	0.877687130728425
0.299907423771883	0.304484102878215
0.262397975176269	0.335105075022873
0.213679613811699	0.295242637792416
0.600486601589259	1.13473203917004
0.392427112399675	0.631902210196286
0.373972484892329	0.742820816143761
0.135796277071461	0.181026551439429
0.68775906729322	1.57296254045311
0.359933659141771	0.619797312856281
0.144043731908799	0.197972318634105
-0.180696552119424	0.234476942458541
0.418667858362827	0.751443389091716
-0.500961299169102	0.855236834353072
0.058123106089783	0.057818852783497
-0.0304930851455974	0.0292919390233992
-0.158102926771236	0.178434371619256
0.699667185819905	1.06906305209593
-0.0606682823279878	0.0539540911775708
-0.323877522384507	0.293760347185178
0.3405156653613	0.292410819326182
0.750634197893633	1.09949187702877
0.0924054256421832	0.500250361596349
0.0631449985245105	0.264126138921071
-0.157147830946306	0.5520603384481
-0.151748748363877	0.46514158741438
-0.163784145464323	0.44110230452419
0.130968273946564	0.271754881056265
-0.105354895153809	0.213054418843369
0.178116458457165	0.34692231878928
-0.153409926387423	0.282356923355269
0.0324271490101026	0.0448130596668164
-0.273289937349997	0.478272792435609
0.168976377961964	0.195720157015838
0.693570741885819	0.983467458737629
0.699331577238467	1.13067748665893
0.328089231953815	0.476252971782672
0.530393173195379	1.12996682420846
0.192318072064619	0.288920932590858
0.579589614079121	1.31520090500955
0.261390605603133	0.480311970427578
-0.0374332800135843	0.0494238295773531
0.193223029451086	0.352598787082422
0.283084466569069	0.543802459414347
0.0177620041632331	0.0220058995850415
0.291499863552455	0.549166179911123
0.359324219593881	0.591865326292447
-0.0398141441407294	0.0487063198582537
-0.120419472672932	0.158924450845987
-0.348952410870552	0.500322486185142
0.0860672960270325	0.102478746867908
0.560503258038991	0.906388080143559
0.356862050919445	0.464194211445574
0.576085690267798	0.620600689297008
0.162494109657778	0.136281755051653
0.0276905488118636	0.125849969955494
-0.02497792596368	0.0904493305287198
-0.0751481074101176	0.25259751157226
0.11067218682347	0.347965238786982
0.187171216179856	0.493056165245841
0.0613396353508244	0.138495895317031
0.0806483774632034	0.168255356230236
0.434435016124312	1.39860267994346
0.147996395998414	0.283451036322693
0.0416517362909921	0.0587747794403582
0.503963024585108	0.872750164411262
0.0656464874488316	0.0636081889972681
-0.0931239856664797	0.105022826924319
0.262733317630688	0.487339083552465
0.639139851312701	1.76167244718318
0.242662164203155	0.447289577305588
0.363918958847707	0.781058444015466
0.164661846777743	0.263048438569359
0.453802754909423	1.1628968315544
0.210607774508923	0.406316989724266
-0.245096921926158	0.48636364107864
-0.219097795473392	0.365429112623474
-0.0834491045771436	0.137299573006028
-0.0357552874891038	0.0456087908347052
-0.00553204539164847	0.00726954252259127
-0.0527648684961916	0.0724126623933057
-0.129573786485629	0.15971791938733
0.0802678142241415	0.104548315729816
0.205289260823917	0.259086071279505
0.125050643654897	0.141838501165586
0.0636424315649401	0.300046204081267
0.042967550365636	0.164405472415629
-0.0596409386343998	0.171461736863053
0.384358647160499	1.52581144399672
0.230784283089286	0.680160443760936
0.233239291850451	0.61636700503486
0.422854030704486	1.07998862207546
-0.193865577131601	0.353060248744172
0.127162091387643	0.209599167673797
0.0292950871696744	0.0304171744453201
0.274488718428852	0.279138703800959
0.420025056432471	0.706233399159115
0.0580156089899465	0.0714471293241144
0.254874761105806	0.448239988884069
0.464779096585194	0.934305357915577
0.524759220953085	1.16548370110327
0.302768999195583	0.621604909650532
-0.327520696649321	0.672589371059918
-0.203242857490763	0.377318673611245
0.481212186932111	1.19486375636356
0.206916697042318	0.332869919473536
0.169349635799775	0.289585473294324
-0.00559981576426102	0.00687318704823749
0.535938510908156	1.2830318794896
0.0822050064053267	0.109387129166823
0.0309709131428394	0.033385279445887
-0.304625677365761	0.444864903630725
0.202205948170182	1.58237226758667
0.110543420132947	0.531736894781371
0.182454893360165	0.641940217389513
0.120695419997055	0.362535038291897
0.233854716884995	0.725600644048229
0.28157309282611	0.876226030213808
0.342160583816784	0.928378510384584
0.190455611129851	0.365799888240193
0.0741742794183986	0.0962349695217804
0.0865213962182874	0.0929642207849535
0.569307513404894	1.31827599162923
0.483228503285315	1.17890728610272
-0.0877970088963706	0.151962271719498
0.275174952580241	0.531213213207128
-0.056212419285642	0.0890000111536609
0.0237900029414532	0.037207154005115
-0.117192911068018	0.188530594061215
-0.0537641867101155	0.093491968825793
0.015196993690777	0.0218364671551306
-0.16559726968662	0.306502388516681
0.0865937420791367	0.123710204141296
0.0513188389381469	0.0738930106225953
0.212437278441518	1.75760786720943
0.145166088685527	0.739926149958425
0.297274872679633	1.62414766144017
0.0637626162696348	0.175078466853741
0.3189828173089	1.29479675120842
-0.193867026224327	0.525502195857319
-0.440802063369331	1.6804446814203
-0.504905130202955	1.44450412080843
-0.200638534352972	0.306866230685768
-0.38604333412648	0.961592023973939
-0.278428144199711	0.688468062980662
0.263063999364589	0.745217920225777
-0.0935091134058768	0.188990902208452
-0.230680917065955	0.567713382816847
0.0690300472599426	0.136342892225952
0.0454928975613163	0.0791854271384462
-0.0553551090579155	0.0931948122917267
0.0405910952637421	0.0631370081604615
0.194860349721511	1.42518729562327
-0.00674602433249293	0.0231094019969763
-0.155328435813267	0.603446328988926
-0.135573422979044	0.440765459859655
0.115298848636079	0.29693054657284
-0.186353217206166	0.496532026451821
-0.688327492757482	2.49769987771059
-0.709764437330173	1.89328659317076
-0.0551801333263285	0.0913882383980792
0.217409019320837	0.473050840379044
0.155404942209153	0.35494703728626
-0.144866361433453	0.306492921399776
0.0389143856585174	0.0662718849781108
-0.46187398501847	1.55620331592483
0.319728407053144	0.889880111912827
0.100285802201228	0.181152827238831
0.134119401642711	0.242141781452255
0.249487136516715	0.55679189000487
0.0129263792908271	0.0173878146432517
0.101744726233184	0.611024916444244
-0.0771597422073852	0.321626205218539
0.173935551243599	0.75082997931982
0.0229208067918683	0.0574999363729508
-0.233539755646361	0.807117418839901
0.13222587879043	0.302874275171162
0.192493408106	0.352682090682743
0.152976235181891	0.351216029480978
0.364127087448876	1.26426860944971
0.261379040720176	0.857399352971362
0.0122372101706329	0.0222819133716406
0.0292475207030388	0.0564444588158783
-0.110444129249837	0.258248937393848
0.231968877050901	0.591647773792052
0.0703515447100275	0.366318542513232
0.041087427726136	0.160740145398351
0.0329832209847617	0.0920566168065426
-0.152550723217885	0.532203646359635
-0.0417469193256156	0.0844832395867292
-0.0848253739389597	0.161033341152522
0.128115105872736	0.32648439860318
-0.0881984134904088	0.208892446888743
0.342928108900725	1.42710992584763
0.0103472312754437	0.0205634015057493
0.0244486463681059	0.0480049902214386
0.0725700638203619	0.158877450233121
-0.0292277520998824	0.054713315665675
0.176459297298311	1.33662241009018
-0.0577773806085361	0.24751906575466
-0.156028424618777	0.681203247013658
-0.0606673036565143	0.169978378768877
0.215094644721331	0.635318575124462
0.148701433943018	0.502912544425439
0.221559470453231	0.835166909862246
0.0338937206363726	0.0900729062615767
0.100669906803788	0.266326758167037
0.0181514109708675	0.0344061886072025
0.117745630419101	0.264165096727712
0.0508732684004459	0.252359157289427
0.141549745715075	0.813659846391032
0.286109809048162	1.52516540489863
0.347662125349369	1.78768438311646
0.223782319917044	1.03503894784388
0.350386351758879	1.97878846831454
0.294508359793389	1.44989802549323
0.157040746477922	1.15145614350857
0.144592993991429	0.809126143289525
0.250541220303553	1.44580459779976
0.1679304942129	0.843862385579815
0.193984432331533	0.916766344797716
-0.17229705873776	0.752948760766733
0.142201447401607	0.476627902169155
0.00561795384466174	0.0225926188532492
0.162440456130583	0.981882172223598
-0.144617997888725	0.73011579712007
-0.0369244418808708	0.120826090028357
-0.0548818817467863	0.170950406038628
0.108139334680981	0.600235090558464
0.0532543966721074	0.233174136192014
-0.0312230452199435	0.0971515957277953
0.0291292431441066	0.126499002606721
-0.0276128046054874	0.104261878457112
0.162628146253445	1.07331922178205
-0.0321733249535612	0.127159106015134
0.11385851342497	0.703894834226267
