x	y
-0.280766138257651	0.203875368298657
-0.264292025194551	0.246984221577265
-0.60693162527047	0.723733249840815
-0.804566227316846	0.783470123160932
-0.540834770436082	0.601360619729486
-0.173578092049087	0.144675430920014
-0.312748408139473	0.34969663905197
0.48435601059782	0.617834820507838
-0.0904775456982205	0.0689329407086865
-0.180526190852433	0.178423271934578
-0.173462665910817	0.12184493238047
-0.261024182654226	0.223664563581032
-0.204793839015477	0.174564893805535
-0.245115165466773	0.191067469585638
-0.34513763596303	0.327442433155941
-0.123529702603915	0.100080404766384
-0.86152034334353	1.28712416461413
0.162190980563404	0.158277315537674
0.0943588456152594	0.0826090616632904
-0.338726148837608	0.3099647414667
-0.508842912942716	0.267684419436409
0.483939035843817	0.300251291648512
0.328986360286588	0.305003079418422
-1.53562965376205	0.57273266881158
-0.806204783937288	0.555835932659515
0.146674289060763	0.0866689621616726
-0.458528294309026	0.36114740681551
-0.184693286831991	0.147025344508457
0.016744029022042	0.0124846143053247
-0.956680506542658	1.1189897807835
-0.315888000067903	0.234709152709476
0.723260571011869	0.574306521009277
0.815632369848961	0.865327990842933
-0.340971184654409	0.206740500830878
-0.0224397762505614	0.0109899730181471
0.130534436980178	0.0441018425363849
-0.461256365477146	0.36846044053786
-0.0418849665269944	0.0283150328891655
-0.449772298598603	0.396748849569383
0.2575621710605	0.196009867494217
0.159586665261312	0.108136280153116
-0.119696372451756	0.070762610294968
0.669330847560677	0.813476674672755
-0.453916436430567	0.397718706404873
1.21207262110406	1.46769142642369
-0.317497933406016	0.292022710476566
-0.0452500862089056	0.0306080066213083
-0.693473873252825	0.474733444062255
-0.555498710328267	0.351690049713632
-0.23799463285574	0.208248952946638
-0.011861332123237	0.00969738563433716
0.462442563115803	0.50144217820212
0.167297850515664	0.126489304446199
0.298871110951656	0.306789479922292
-0.569254162162808	0.752757781825302
0.679400429411574	0.85517788411616
-0.145417882973746	0.118704576741042
0.619356574321152	0.637945539365403
-0.285778306955227	0.21252521171143
0.985755448894286	1.18686445336145
-0.915235861117502	0.799038140842573
0.248778821991678	0.206893436596933
-0.0409242683701282	0.0280877764078616
0.75990514431231	0.627753240864815
-0.803773834713718	0.612906669451655
0.84989089233185	0.959677549537057
0.157476046666009	0.0940638078861094
0.594774370917461	0.315934624654618
-0.960345125251926	0.592439797185939
0.992369619580504	0.790330518725467
-0.480691867151671	0.531134347551369
-1.04339520278681	1.53225965984191
-0.598834188406655	0.666568529466929
0.302888698590773	0.290199980017227
-1.16340523972129	1.47776865080955
-0.44890219054961	0.401685065636323
0.370912035950589	0.309225324011373
-0.105591800865995	0.0617151197059537
0.173945742830382	0.126822172963995
-0.0809188387191045	0.0332650205538194
-0.293614160570753	0.188900947878961
1.09243571275302	0.773520971429469
-0.152348022537393	0.086214838817342
-0.699020363989712	0.555424193106529
-0.497479058357399	0.397076888744667
-0.310010451118583	0.221587578641483
-0.18439178338825	0.148339238884848
-0.0961557453592537	0.0604990725249697
-0.265370343203	0.192218567211974
-0.349860514661557	0.397973025776392
-0.280633980583642	0.238564269388517
0.488294786066356	0.413005843014746
0.0210788685611685	0.0162507034779552
-0.340079044239426	0.357568878528041
-0.0195717866784877	0.0159612277309876
-0.806670612514791	0.595002060476624
-0.0155984589576696	0.00779229550024855
-0.177979223091744	0.124520270313012
-0.354674043427071	0.236884577356046
-0.216515839069607	0.166604672671098
0.86893649016985	0.874986320023919
-0.89776977001332	0.887171621592559
-0.281379980659597	0.210470077575975
-0.0496891506675954	0.0231527051688471
-1.06634694638102	0.817301680627186
-1.08654929546021	1.15906471360549
-0.914964405655413	0.757640168112565
-0.310126627048157	0.231334212006788
-1.66915160156726	1.66605868440092
-0.385751756779774	0.340179645622633
0.490637983796629	0.30750787036898
-0.113938243156036	0.0660075918584245
0.0515715549855308	0.0340715618528985
0.163938858184011	0.110973824702809
-0.480856124806979	0.304463117608351
0.134269695242213	0.0534796043500977
-0.355936351510356	0.257832756538921
-0.077720618842511	0.0343321187543143
-1.73454200988292	1.46718095507814
-0.0941755524849301	0.0579289899491773
-0.174437877862302	0.119679545190777
0.621748419239559	0.54465057292941
0.153691251736473	0.0914348381943948
-0.665867058243907	0.655392596390722
-0.800694370825843	0.456585474650706
-0.0777042333053343	0.0348073844312835
-0.248738215210799	0.162354742231283
-0.640561706863315	0.582424291100435
-0.239137536294822	0.186830837117285
-0.376614195595484	0.370836538832485
-0.716641154006806	0.554798479473301
-0.163593627106394	0.0931060968353479
-0.296691589947929	0.179881678603858
-0.59067026896203	0.420777479557089
0.138767944321795	0.066494549179058
-0.00992386377307943	0.00513544926433905
-0.174190831512781	0.12060074687588
-0.524924403979319	0.396592518408118
-0.404322303063192	0.385080996616948
-0.562126446772967	0.468511127948243
-0.524501969840732	0.396642357683827
-0.894341406683347	0.958134719013776
-0.121433290162047	0.0740139941065269
1.65323246557348	1.46820899188356
-0.511367187887758	0.268281952411548
0.50487281232823	0.439760368396256
-0.461254264169113	0.364947225818578
-0.558698109292537	0.456129930619704
0.312592591658912	0.188988996495132
0.0551906623824176	0.0374457102006953
-0.325035801740856	0.274148692940751
-0.116039637102314	0.046487335944964
-0.0141544045158665	0.00705346345940744
0.0142332119230696	0.00728896935589105
-0.357664733016027	0.261692067789271
-0.800414214827729	0.457652785092769
-0.20154339370226	0.107467096023076
-1.17300272387949	0.593505502589097
-0.207188718364684	0.141164086839163
0.503165754487293	0.416942815440938
-1.37439772117172	1.55854583464318
-0.330597818744086	0.27293938668921
-0.716572353612416	0.654641615808414
-0.126101922026217	0.0902943391872044
-0.941903403615998	1.14937590400978
-0.125762875017529	0.0771634079039557
0.579222744028933	0.621239254125892
0.361476712939006	0.304961821560926
-0.412106710189712	0.304541120085411
-0.415112519428788	0.232802250420648
-0.534309365974146	0.21015497619132
-0.260195879348614	0.129145629471991
1.09114802400186	0.82283297883586
0.278564089887369	0.19655486051053
-1.38069336975058	1.76095689129811
-0.342060939047583	0.302837428901718
-0.178359879685883	0.122641803217258
-0.535969952526774	0.499427300965058
-0.209419759467963	0.104362416094314
-1.23090244850327	1.48163423929065
-0.417748676191226	0.227369612131965
0.346693271643843	0.169554023182336
-1.73260309160744	1.39245419375479
-0.625948641057733	0.670880702771233
-0.412087408544871	0.337036134800517
-0.745508483745877	0.85034352884557
-0.470062692634433	0.31715295101197
-0.1436161271729	0.120282250038321
0.0666901922685305	0.0474350644719606
0.697245597734476	1.00323069799565
-0.654420382371027	0.739123470373651
-0.497737801625307	0.418395056191117
-0.56367307390414	0.347815118870787
0.548078877547076	0.4166722778116
-0.347226817410879	0.211452287067465
-0.289231099133585	0.185190591720493
-0.714517006234756	0.556126070716986
0.133313359008765	0.0529139670530438
-1.05204188018624	0.848984928246551
0.140005483888844	0.0659914609950891
-0.410665736086922	0.337131696103334
0.00898886504242222	0.00659026401623058
-0.335351199212223	0.306015899486781
-0.601772881419914	0.610765607792586
-0.483676196914033	0.318059807447455
0.13993597079007	0.0765403862645144
0.160325226808655	0.0891919761238959
0.322452077158193	0.297648033879591
-0.717034839205894	0.644286763529271
0.134365677383912	0.0472680043000072
-0.205433117215139	0.140350051257503
1.22052831099133	1.20460173231081
0.406470881311016	0.300291976537376
-0.706483683482104	0.581476761842788
-0.418796668762777	0.24199484853759
-1.47297298542564	1.25811789247476
-0.459577063852925	0.358513383396786
-0.562523850180197	0.479962535611802
-0.913178460738628	0.764923385487365
-1.26155758939178	1.06346553237764
-0.135950721349948	0.0961190785945667
-0.593722828690599	0.451178473861594
-0.685152837556302	0.459593311524885
-0.245418020928697	0.165127444328319
-0.159094940776029	0.0934279358925851
-0.471874818550022	0.31628669156975
0.349310626518736	0.17786348468474
-2.12390070466397	1.55823053117191
0.280079652001867	0.187507628991847
-0.0770708580042799	0.0344574463676292
-0.0576202389728225	0.0381400465417272
-1.65921608776696	2.25579999571136
-0.198156052799296	0.157582567090003
0.0679284669759722	0.0500977033604968
-0.185284687741999	0.14954090832164
-0.701317863262211	0.515280914486282
-0.412527736531293	0.28355428650554
0.148666343471778	0.078368794314564
-0.15671684448339	0.0871137803309292
0.141212719983855	0.0747624364770784
0.885880011446974	0.854978990877418
-0.207061775598531	0.202466063314453
-0.0354458731069192	0.0168662620306132
0.403812703046783	0.29852295660193
-0.0471451616086175	0.0218182375974397
0.137549878938075	0.0539147014603976
-0.255839258788718	0.13266788840888
-1.51236858685688	0.795124800463189
0.388307185290476	0.176095375096409
-0.618308717750437	0.305843820406039
-0.0444290912826475	0.0213863056733986
-0.168918415077493	0.0620158468679582
-0.20153860753414	0.104912114818198
-0.670726797134293	0.400065804416271
-0.333885190536275	0.280781514228261
-0.294579279407628	0.268894617266622
-0.243810280701027	0.246322531590754
0.469562635458406	0.410652352369155
0.383405874307286	0.465791727303401
-0.0981643746507922	0.105193375980523
0.119358785506996	0.110957908604054
-0.336326470172779	0.281639010651745
0.16114328887687	0.0948819893968029
-1.37887926252914	1.30046928715668
-0.011088528496949	0.00578740453266631
-2.35756452862032	2.04968140214824
-0.750540514145382	0.258981787791462
0.13712723617688	0.0564459081362424
0.594267759784373	0.312563070401406
1.59909912211314	1.09410124458998
-0.477958329419376	0.318571520245784
-0.0100759207856537	0.00525151713002886
-0.0535117567846221	0.0355599244455043
-0.384764511843198	0.43632285173697
-0.329262708964007	0.332517778059347
-0.492765286705256	0.738053553088906
-0.526434832655491	0.489816489608183
-0.637785435439175	0.837787444251674
-0.402068834656252	0.492572875929531
-0.360109402421437	0.263930087224668
0.311375735498668	0.192890057349419
-0.287400107288132	0.183493075650647
0.144787921708386	0.0783468370816939
0.146526971386186	0.0752276793823294
-0.0968088924712527	0.0583837198705928
0.298813216661591	0.186678749415915
-0.0325540669638909	0.0220915340924315
0.777569073240434	0.623562114154403
0.672999952196841	0.564792698782828
-0.423162073902567	0.372770908689634
0.165540404785363	0.106919400765145
-0.643874206841924	0.60024346074501
-1.21974089646809	1.19674891039984
0.3776215646845	0.292461720086171
-0.255261108478431	0.15803430092027
-0.585757688409957	0.534012357409965
0.15144251605538	0.0685790402267057
-0.408226049350302	0.332670453368846
-0.721761669087851	0.663077465802434
-0.272328297182614	0.208696660393926
-0.198634377422158	0.151568659210711
-1.44229622023138	1.68593962806258
-0.0865576044247358	0.0671491313035046
0.0697373015991284	0.048865502596686
-0.236028046350065	0.200129758799262
0.239321393191144	0.208817007910576
-0.189292977079406	0.163528812748098
0.170756252157251	0.113626432764092
-0.233008805748135	0.178835257652571
0.155958130459212	0.107376895862719
1.03227851804376	1.03360238501119
-0.318160044919648	0.235401187363765
-0.994814139001901	1.36626527182064
0.44355315127633	0.407967320608105
-0.273456776339619	0.21190891179983
0.725984883001979	0.590263176766965
-0.452649393317095	0.432585026424145
-1.15554997481483	1.29231618497716
-0.235738554739607	0.148543997409178
-0.409956756012669	0.367398208480344
-0.800939577759818	0.755186298894588
-0.495360847479735	0.436958148114638
0.0329633969421862	0.0198851495194278
-0.52147549251215	0.466428190283527
1.21940057193647	1.57687932089237
-1.37410366380789	1.56647757586883
0.302831253568184	0.198741003737849
0.818471550767459	0.840558752648263
-0.588744591397738	0.527042313996135
0.0124949355872114	0.00938669146589962
-0.218336953657373	0.188725454168579
-2.26265350763433	3.24491694872775
-0.465815319615862	0.449100279151921
-0.210801595967674	0.167320296242419
-1.36362164325389	1.21134229708079
-0.288356101191228	0.237619834525452
-0.267862475185628	0.230521593047682
-0.0149440074501515	0.0106798990042278
-0.309359230893866	0.231671823245026
-0.304030618684864	0.22482770287643
-0.318600502013179	0.148132483653131
-0.799354742800299	0.510511268269204
-0.933772442677976	0.654638020122909
-0.111247230202704	0.0450068009831044
0.132849544266533	0.0619912179752909
-0.465447991993493	0.370961709183598
-0.320902149077051	0.144608169184433
-0.340407812458819	0.205162804177363
-0.997796204201336	0.526527263663833
-0.901807674627121	0.859461751635309
-0.149970248219368	0.105574929789548
-0.256983185103028	0.130380250835827
0.306881473708799	0.184905371351671
-0.304514221439791	0.226796316875597
-1.01384009020808	0.910691774947439
0.248041417805929	0.200026790160413
0.147263909196959	0.0842837456656356
-0.705090414683955	0.557923539216495
0.164839026702896	0.105800198823508
-0.649175642730127	0.601642068716457
-0.42882392110161	0.424070014361453
0.0729775787920608	0.0543000501677715
0.159798293966302	0.109501525697967
-0.205397911947357	0.142923729701351
-0.240155426520535	0.159411303064915
0.144777031061896	0.0750418187684252
-0.0481058244442545	0.0220033307521419
0.53680409222595	0.299020154524899
-0.993497048060355	0.516919190277734
1.07141225286995	0.656814434192412
0.138767944321795	0.066494549179058
-2.92324293303845	2.10041513919696
0.475319695872443	0.416936349264038
-0.81780766204763	0.9799079705206
-0.340751534250651	0.277105372040368
-0.0925267570814869	0.0697518269220271
-0.81037396181748	0.691217511644683
-1.45638253490948	1.54593343756474
-0.740203964439149	0.766774964194231
-0.0930103231551378	0.0578296455262739
0.0385752378822527	0.0236070678589797
0.489654352259279	0.315705455158711
-0.354362627506252	0.247612418196905
0.778540794105107	0.850050758011688
-0.047752937873255	0.0368952258326713
-0.520019177836358	0.407600037245914
-0.988399087335083	0.49651805060988
0.142956872099441	0.0696134859185258
-0.457062674642765	0.358486975885338
0.59543694601638	0.32043616219961
-1.33725749006102	0.852838991389287
-0.242831203844467	0.0831146567067306
-0.324988770671333	0.151932569984729
-0.343538068770887	0.211213976708567
-0.288690913419924	0.185066896297966
-0.116379252180665	0.047831211586304
-0.322334642919534	0.147035989585577
-0.066207550035088	0.0422354141330703
-0.0221196674399509	0.0219155747335664
-0.708531795576852	0.583703317085992
-1.50307444338272	0.814556392712404
0.135222595560634	0.0475956627357811
-0.0719179181697481	0.0447211210618347
-0.114287371621318	0.0453982065052902
-0.351078606326605	0.209719657419238
-0.30500462503648	0.224567099493735
-0.28632650898367	0.181247119627913
-0.0532441442261179	0.0350327185496998
0.238186745041664	0.213808521824156
0.378769538967672	0.308900357588782
-0.704330193195677	0.78939521346898
-0.676236425208263	0.38288478413743
-0.804537947098021	0.601132225237875
-1.16577292980285	1.45859824090802
-0.660090721050664	1.00147799007946
-0.575603064845005	0.817088594846164
-0.652311940224496	0.925404538000662
0.615296467661503	0.694567205749596
0.517925879910345	0.518777524015387
0.0106246096450287	0.00565576222872794
-0.807905935429745	0.716441756098543
-0.661629134470798	0.405289725886276
-0.212769714886461	0.145867717083098
-0.683635193243802	0.482035463656008
-1.08067699434151	1.09830126911072
-0.0719927052654385	0.0318129297296247
-0.411449783469446	0.174075883424463
-0.509728364457667	0.373293970190325
-0.807382305724387	0.551691091035309
-0.240793683980085	0.0802221353379919
-0.311343604380467	0.139792936621516
0.00710634224336659	0.00413786934409489
-0.663201332748583	0.411317649981196
1.05392817488783	0.53445939384147
-0.29119977959089	0.184209633434754
-0.0188159894115133	0.0129058970550729
-0.043077431501834	0.0203040152948752
-0.0985893381596527	0.0843729831649825
0.0339813945655064	0.0287239349939781
-0.319566507852797	0.338049869461221
-0.114369642649737	0.0951036975232713
-0.118551797078404	0.119693340166972
-0.0296423705825588	0.0261777573779276
-0.412341890024962	0.235529511725748
-0.236727855931232	0.0810119912872077
-2.64846714969589	1.68284820084363
-1.84761139785069	1.58666220406548
-1.35384652804629	1.08139447106519
-0.89906324255433	0.83194412835654
-1.11946065839926	1.08647976553956
0.160492740115993	0.128853656229819
-0.462989523360395	0.362170782449966
-0.357717795800517	0.263287218067616
-0.0655529911363585	0.0426246215119134
0.301557717723358	0.188836733989709
-1.05512588308242	1.18223345041202
0.152827187156059	0.0956884344487187
0.619046879666269	0.540231687161555
-0.659108837591392	0.398534262190986
0.500770839971977	0.425891531279117
-0.73854364318513	0.7898502889238
0.562886175475	0.590091009438327
0.398755383412172	0.395014862867592
-0.0236070924877437	0.0159258074252169
-0.704717179037377	0.571045716530741
0.728342392433851	0.579200893634192
0.138820371946	0.0617615031510038
0.0531229730483683	0.0342440317775859
-0.807267323011087	0.635196738789564
-1.50417198548145	2.10267372120206
-0.27438257963199	0.236610043937301
0.0594736010105594	0.0392692763642817
-0.496762941358525	0.439222747975396
0.278341770902441	0.203304955269319
0.988238885128074	0.74296680879052
-0.0666782017522263	0.0420452578912345
-0.370933259620116	0.256855794822676
1.35221471033433	1.22301254065526
-0.587961324219126	0.521384759169201
0.176731955157045	0.126635325280793
-0.123716695889697	0.0753707772287648
-1.15939142720469	1.50476442090959
-0.0687033094869298	0.054458347739336
-0.0501054752495495	0.0403978187945358
-0.703764483183995	0.851031862619719
-0.0994177583248566	0.0752325505892424
0.0742811421742324	0.0559465082942898
-1.66826454549039	1.65414262313781
-0.354973418485937	0.260735091704988
-0.621408535600179	0.299808649716612
-0.51147157282613	0.383871239842056
-0.239348079155301	0.188867427297042
-0.136041206999985	0.0790003979118794
-0.0409095041547563	0.0199786711985094
-0.661791995209056	0.654511917488234
0.152436010644311	0.102696097579454
-0.0777042333053343	0.0348073844312835
-0.404394580806014	0.331695349192453
-0.409997980576166	0.286874596999856
0.375984493886654	0.312631927267899
-0.128108685102014	0.0769931036923094
0.787268823431743	0.462303922334789
-0.113970007975156	0.0843602927096289
-0.0587436293117961	0.0381434058565734
-0.478898600840745	0.327532663713876
-0.707990118596228	0.60411028759648
0.265345989389489	0.202635870341936
-0.198091639133186	0.155719554615302
-0.215905599282973	0.105784375712588
-0.804170993368105	0.858487430751386
-0.00860980196956558	0.00432160199406951
0.650543326706461	0.210772841656387
-0.616541098148163	0.300069355968744
-0.30597269694054	0.227533357988277
-0.814722552845508	0.834594343661267
-0.969825511160908	1.32082943966399
-0.0653347754265624	0.0508040284092762
-0.904229201109903	0.851937427733572
-0.621063515330002	0.518852269621195
-0.276451012633419	0.206049763405523
0.384564942503998	0.309600697791748
-0.000301135172584046	0.000269132293836542
0.00888220681573991	0.00472520753419833
0.265090162929904	0.192966323470865
-0.0461648155101826	0.0313693033393145
-0.310880483683244	0.235506015614905
0.0850554008266628	0.0670028147987819
-0.558984772798067	0.573230700504665
-0.878148705719865	0.988156398202837
-1.08296143575145	1.17202413955475
0.0757054339394847	0.0572733138632457
-0.251046929215874	0.127747077524687
-0.348352046307365	0.214277733272101
0.0225982025561571	0.0126951848259781
-0.0463361629744928	0.0309361622443958
-0.241658971319734	0.191328496447075
-0.580932770850217	0.615346336861581
-0.357106887274226	0.255396102271877
-0.73197723934702	0.697541048804487
0.291396527066176	0.203871968622549
0.283459450924421	0.195251409471567
-0.888306702662379	0.895983894414753
0.25995939112992	0.199726724788562
0.143790993688893	0.0744357010577323
0.00934721313190569	0.0071469785825155
-0.59962601578052	0.434487909970956
-0.396001677754115	0.340312004110489
-2.03242739751328	3.04743263622456
-0.287097788614011	0.181473806896924
-1.1924815180747	1.43826203445302
-0.191145287405969	0.15133801688344
-0.403523521989911	0.387769067582872
0.00911847317439437	0.00672270563891899
-0.716850757989686	0.885929385494124
-0.637116813447713	0.706280884337363
-0.407388793955609	0.372231034002939
-0.102556645948577	0.0746627019563611
-0.526640626579238	0.381553645825967
-0.562484512144055	0.551995803526737
-0.335985573129848	0.299834116055589
-0.708531795576852	0.583703317085992
-0.37532852145911	0.371064293494459
-0.374262128715325	0.335440828412326
-0.0169378647320277	0.0114832078108249
-0.968906876143869	1.02721775806552
-0.558654729678573	0.365409902392689
-0.161459432147656	0.0854269634398243
-0.726011173708308	0.725496274236456
-0.461695049465304	0.370173823359689
0.736521080818056	0.977254092738747
-0.237514366460453	0.178956422584452
-0.320234985050412	0.235954147865319
0.17166438722172	0.13305649936628
-0.348209072228604	0.210556885941595
-0.244005826536923	0.190637027037388
-0.216713887150968	0.173026405795366
0.606794698644427	0.594980718954019
-0.021872681065768	0.0108108764436021
1.39802420816281	1.69775328940782
-1.27135181934773	1.02622617668104
0.818713457587597	0.802582728399912
-0.196097407196185	0.157566654965098
-1.2367550523776	0.917540460678072
-0.961941081328037	0.58325349682535
-0.610109815205449	0.289937250146761
0.783166288702007	0.475177520070879
-0.458995755982031	0.367760701387254
-1.0908469723985	1.61699308324094
-0.275836026011424	0.238745888294253
0.316152217930326	0.307660638907617
-0.0696902403212351	0.0544286090573317
-1.44726865740619	1.73134062866204
-0.43609294656938	0.486008065889163
-0.108780456674259	0.081478871996623
0.121947386473822	0.11138243683884
-0.113406968348196	0.0657712633840679
-0.575488962551717	0.620475545219117
-0.575690815822041	0.625935346354923
-0.253974250259987	0.21722699565232
-0.150064766926717	0.105477242475238
-0.406052801027554	0.333065074212727
-0.614964091276901	0.744276085768131
0.73141787156038	0.708044877204919
-0.62416707148537	0.673503056264034
0.27450199260632	0.210276503049828
0.934353606359016	0.850374810708249
0.966249392276612	1.02629327391938
-0.407074716041394	0.282245784396119
-0.34860101497265	0.322439641129882
-0.191519460303798	0.154397440585304
-2.6498150183507	1.59880014629334
-0.136662586062196	0.0786253740767056
-0.234892206256004	0.0787477952299076
0.433747944643307	0.182639665997951
-0.152462897430067	0.0854378281474504
-0.942512921785175	1.27140720470162
-0.44707055522571	0.452879583975418
-1.34022855884294	1.91308491229863
-0.27163695623628	0.236035050386669
-0.436902347560447	0.446156243555699
-0.651366293153804	0.745980691025292
-0.247620434145632	0.225338188354353
-0.341655442233334	0.311291686481927
-0.747346648793025	0.771174988321615
-0.340614787560924	0.307381256701732
-0.209717957477505	0.160041345848627
-0.218677981822441	0.170050873609983
-0.901842224628558	1.4390073783657
-0.160636894448224	0.142496092716058
0.794515617643153	1.00117844237181
-0.534565457674781	0.495740815719616
-0.151795676053616	0.0858136453769949
-0.886167685756091	1.12722354085089
-0.748311965840805	0.853587726872059
-0.0903101774200385	0.0688414554652302
-0.135319726424264	0.100181132563946
-0.0157995814073713	0.0104996831351482
-0.813680455430725	0.97448588586453
0.435941047550037	0.31384600623777
-0.44175651261527	0.452250725312228
-0.206701295344842	0.161527001915231
-0.275762755479182	0.239849180201772
0.282581010112609	0.179611585309167
-0.632752584573225	0.684349956755719
0.143428950207078	0.0698574269952379
-0.447476376221173	0.395415775470392
-0.410775091606826	0.236829951780063
-0.236821861803662	0.079016271497548
0.594002019171806	0.315598457273054
-0.804514301745213	0.460033829477361
-0.923671248281133	0.759794737565652
-0.0518247099273324	0.0401998701302735
-0.169674588920677	0.139615619925557
0.0332761171445228	0.0278836931903343
-0.40977017620477	0.39242485294995
-0.198797512153867	0.170550538602318
0.0240748511766163	0.0179040944312086
-0.779865625014064	1.20179910635653
0.410997335487178	0.467252118948483
-0.532993500294595	0.617368652304396
-0.274457149412142	0.238748941738736
-0.17117906946492	0.140888733229113
-0.807341085255714	0.796314067894435
-0.748203001378505	0.842541494806734
-0.499382589308608	0.427618733346599
0.956867339088792	1.51703388978965
0.011330738708168	0.00884691942487639
0.439522998013318	0.412025749676848
0.54826456177121	0.531694840166977
-0.129091228756643	0.0780223589701677
-0.175471804754429	0.121497508231851
-1.94851914579207	1.8138950851381
0.160891633292536	0.137162835145728
-0.305447878676441	0.329930187734463
-0.223094205217069	0.196438347310585
-0.0141147652730954	0.00999729250948806
-0.358374952543472	0.283781793763148
-0.971018759091352	1.07026726390347
-0.0136557694730944	0.00972459124509967
-0.207507588428664	0.18207357257764
0.0386077743454629	0.0241289306886543
-0.40623722828376	0.322409022783727
-0.556987724759956	0.480503961790302
-0.558720673169308	0.570179535124132
-0.0146264176551256	0.00762658562548756
1.44361774954917	0.902106821523073
-2.08933702320907	1.00224173182883
-1.85022581105585	1.20189998022672
-1.32130568478182	1.76333090188625
-0.240640918949596	0.205943249765948
-0.758527583931833	0.963242338955929
0.245063817015543	0.215959756736238
0.0695569865295304	0.0508565375839459
0.373299143019839	0.395989408388819
0.164784972865619	0.141250272771507
0.158769355052115	0.140534680569093
0.3010475297826	0.27185513615076
0.0752305190796877	0.0526618601168999
0.168631761119451	0.129000296788544
-0.312276522744872	0.23700287393698
-0.812866641263724	0.76628004406025
-0.972092224588861	0.581425286325644
-0.691876654374499	0.488794783673855
-0.672065472150237	0.852868558320685
-0.092541000079713	0.0795443420911682
0.0662658049195014	0.0583254604905518
0.675732052098623	0.580091766289136
0.0701899860310374	0.052350596150164
-0.192794774960161	0.101456995722224
-0.0532012465729459	0.0239692738504917
-0.743404548007842	0.717578165780265
-0.0284822663457128	0.0223028629597849
-0.33742390173279	0.268113945937253
-0.656539096575184	0.61908343010136
-0.826102051724127	0.6589237723435
0.0418735319120626	0.0267330508943273
-0.621913382903016	0.591870030827395
0.679553689189742	0.653008876568879
-0.1696434639049	0.114393581016422
-0.391327036687374	0.376179423763254
-0.40810048673	0.178693883932417
-1.7364119888506	1.30949378405436
-1.53151586580405	0.574497786496295
-0.942966858448746	0.689138017633733
-0.684464582720769	0.714223406279143
-0.688161303390712	0.480893434538113
0.272598037275849	0.211103020582045
-0.204379375903773	0.178106175013805
-0.406174736446129	0.310294583148912
-0.250482321096046	0.272801044977026
0.0997620769909065	0.0816502725189349
-0.0104917181807562	0.00839370346015724
-0.127014547259994	0.0919739573303178
-0.375234368265329	0.338178798962748
0.236207478825182	0.218693839572724
1.70531148949727	2.91170726409007
-0.869133003403458	1.12428305578474
0.603337864415374	0.689506261478785
-0.167909227828697	0.134970882508398
-0.67647383844585	0.730523270919639
-0.803577781755745	0.454080213630328
-0.0905115902642327	0.0553450338228361
-0.613730621502494	0.82141942998019
0.209780405942222	0.193944141661496
0.772946807882934	0.838658872644517
0.0904443604300305	0.0695206922061124
0.28696149400502	0.202594986377206
-0.146373338409577	0.105598879025517
0.239429476244412	0.223129378900872
-0.117558864736833	0.0874420607874354
-0.29276909588057	0.250838930071657
0.0702608684637144	0.0525588249853356
0.152435039121402	0.105485620362721
-0.418943983344638	0.411408855401863
-0.816914301485724	0.895642913301493
-0.0793514447444458	0.0573252307948815
-0.72382169287722	0.712697659418639
-0.815989052045719	0.954246095822695
-1.84426205564365	0.755389897988905
-0.804719915676684	0.44621632326575
0.136096718959155	0.060836657955062
0.137917503035685	0.0593605373030022
-0.0121021553880864	0.00863035257764055
-0.302533063473965	0.301653404731219
-0.0240190903473673	0.019802160431246
0.0474783145721243	0.0402042243595298
-0.373083276824781	0.364315205668188
-0.218353493071544	0.209818450309864
-0.0616272204202179	0.0484719733197444
-0.486428490780447	0.559251822213103
-0.317149245757372	0.297261932755877
-0.629400809625955	0.682151519512085
-0.684158501861528	0.703027335959471
0.0422658393551448	0.0361057110460184
0.103225537142525	0.087444061256772
-0.563543011311639	0.708067672654696
-0.378350281639891	0.412368845873144
0.677230129387557	0.814211209001029
-0.265656874656585	0.271575489704251
-1.5647049921115	1.52892246618061
-0.661269495858009	0.394863628327867
-0.555255571753304	0.479500469287629
-0.800908914609824	0.42381436505388
-0.990106795273382	0.513997136030586
-0.4791039176751	0.496010920892837
-0.597720716429115	0.432449460721767
-0.516811020888224	0.390935970416924
0.0740983093925498	0.0698091853494279
-0.228802710447038	0.221434198574032
-0.0120143385163523	0.0113083775948474
0.306623808442707	0.297706318720865
-0.507064801164933	0.561055276665127
0.163451721567757	0.112114461758049
0.322060324759516	0.179232628269749
-0.407564799627999	0.334357769342581
-0.152368767695801	0.124388367207894
0.0206814037867296	0.0156522198881497
0.917552285188136	1.2863966009427
-0.164866684807614	0.134046527712307
-0.179470267150128	0.163325465893494
-0.283781582157159	0.231291846638978
-0.317673414004713	0.256042777540644
-0.135722483877638	0.113464285816066
0.984054468251915	1.15683727767459
0.670394882442196	0.561225811229064
-0.515471310818711	0.378865625129104
-0.589810743825184	0.438570145707303
-0.643222962229416	0.523557348790021
-0.761146119557176	0.928538732581357
-1.36646123803001	1.09808982055446
-0.292222698782103	0.186061777959041
-0.598090404643896	0.440400752841603
0.828403095721481	0.751900354189928
-1.0177520915798	1.14718022353986
-0.720892179114677	0.95073033116585
0.301729751198481	0.306577606638912
0.30302920955825	0.312501460835801
-0.709254755753326	0.884745293386172
-0.594153642639571	0.669806724079044
-0.464651649718525	0.486871850040386
0.796935076068916	1.09781525448493
0.388471441898248	0.388203829824846
0.059363229381415	0.0417044550982601
0.154790981063396	0.10981405387378
-0.112032233488978	0.0846552859013362
0.50654266476473	0.590393979220964
0.310039816172992	0.302351214309108
-0.909529160277869	1.37211243399373
0.128065367823229	0.124699557275693
0.162063011212413	0.128803830542133
-0.0571584512254911	0.037994054855974
0.645105706479775	0.424995510126944
-0.938388510357494	0.664447233261451
-0.321885012927898	0.150912232904397
-0.319261580217713	0.148251551864693
0.149238678528	0.0375615380295797
-0.247504409256672	0.213127007925545
1.59084532820479	1.61319310748753
0.589505072109875	0.310391742412212
-0.774545373960325	1.12065795423726
-0.429519024705307	0.459429434296903
-0.616839227916889	0.837707209719966
-0.241557995593119	0.212993828449879
-0.248395144195862	0.219201823339662
-0.935216240542202	0.671177554802375
-0.35144913029682	0.211371560622879
-0.722945978535396	0.636159638022644
0.00784751431159851	0.00601281649057597
-0.245726012644479	0.207837680879159
0.0571395784048656	0.0393715110938663
-0.0991877193692129	0.076244338345081
0.233062342110329	0.221406051229749
0.0836343831856946	0.0673280934718476
0.27930797720623	0.206665610389968
-0.483787336414498	0.455038245377355
0.0620496698806373	0.038794940744844
-1.44087091071324	1.30805230215049
0.445343821576441	0.382723232173134
-0.159648219964568	0.0931516321160126
-0.371511015168713	0.301954638878692
-0.100236617287707	0.0733568389067685
-0.541767822779441	0.587359098937218
-0.577564844984979	0.783502604547854
-1.03575085040905	1.76785091985302
-0.521835283463102	0.598658856058883
-0.0916571112380903	0.0790192829282622
-0.271909230328577	0.273772376478154
-0.32618796188497	0.325496022576357
0.160554056658363	0.130545229968746
0.871632072128379	0.889509318295028
-1.15378187158185	1.31228680122964
-1.28765415076818	1.45112957679498
-0.334052158055894	0.276524064507998
1.1322746577868	1.42357332719608
-0.408440172351985	0.333771346292877
0.895781722606865	0.735805213840152
0.388406040621175	0.308542043702535
0.152548347981103	0.094002154112498
-0.975176413513405	1.05723500104456
-0.162769775714279	0.09396275082392
0.625847651285562	0.574832970513448
-0.412640665244779	0.358507394029514
0.87973882209246	1.05345818430307
0.0667576012673966	0.062625386056732
0.807779262465738	1.21384663583219
-0.111699413920955	0.105238232007702
-0.298284557924234	0.321581491053848
0.48824698233075	0.606603695847123
-0.323125519850386	0.37225519024618
-0.0749479022714824	0.0580286773021718
-0.434284281575812	0.50235757400714
-0.556517377587863	0.826868573428224
-0.313301143902678	0.286594774053144
-0.728686428001597	0.722119718931845
0.00701542782435344	0.00381632786016454
-1.26951235885163	1.19448593376687
-0.109827249326234	0.0446471816700299
0.0412660530666911	0.0255194568039431
-0.154926130137313	0.0864182841256587
-0.130496529101612	0.0768719654631618
-0.0730574228214917	0.0441288422487303
-1.05674004296582	0.85978475217464
-0.396636691644071	0.312368789243833
-0.731686672898294	0.72413857958932
-0.697106665582743	1.00920187937057
-0.62752838235142	0.798679632774765
-0.608730802211293	0.688053729184394
-0.139730906392418	0.130299570231797
-0.70960326015865	0.84550283489392
0.100941802113545	0.087874070927246
0.122915278537306	0.113005546794084
-0.38629860540602	0.425830361223156
-0.500352863330997	0.467998540634182
0.0101522292135134	0.00776344178870474
-1.0455052201152	1.16873814430326
-0.736123277652764	0.723549903062247
-0.286701314719876	0.210510508544344
-0.642224145257826	0.588969179657603
-0.67728270629918	0.724410279844993
0.0629254194772828	0.0440194194226804
0.296917634813775	0.195593696223144
0.0788666401460409	0.0592265535538397
0.0444220713242268	0.0270285955430327
-0.601355632074439	0.610046625800308
1.05601098810244	1.24485169993927
-0.0676173472776606	0.0428658046792606
0.0136661798930584	0.00994564500010342
-0.229542702246157	0.233391544581766
-0.47857465872552	0.542658270100827
0.0829570300174099	0.0666228692721223
0.412589207214171	0.479125311340739
0.0599354785731773	0.0541539682762019
0.540446313016487	0.534087677519252
-0.669996288834044	0.70836939042073
0.152660293670289	0.116360375541057
-0.624225028968342	0.677272497340599
0.0371040600442231	0.0226926656814145
-0.112163198674956	0.0453316000773447
-0.156017514557969	0.113952532147569
0.0317195394168579	0.0194772039596441
-0.0738931747940454	0.0334333663476394
-0.111803499597514	0.0459039320051078
-0.726626018559445	0.708004262886993
-1.28426880499775	1.34282090747464
-0.0688371916178936	0.0413393018806166
-1.06278411852603	0.972850690583481
-0.886471188153641	0.949566565237207
-1.07480761120127	1.13380932004119
-0.579590318569549	0.538921379152112
0.862654437493599	0.844190672493026
-0.618308717750437	0.305843820406039
-0.411672504776714	0.179908248866406
-0.154312823910444	0.0881751490908751
-0.0761285642210919	0.0340897444121235
0.795930233834766	0.308019086306661
-1.28835345332995	0.601536278687429
-0.526037198943166	0.403358668896459
0.2648209103033	0.208095886428758
-0.0978355891478778	0.07510373463076
-0.88240977057856	1.04103422329688
0.270753241687845	0.214103139844205
-1.16527405622988	0.966300360053301
-1.29557028949863	1.43715948162897
-0.564323745705438	0.660583511537533
-0.325530910852056	0.316664439302149
0.559366405465473	0.585053244945783
-0.0337306161369345	0.0227831224088424
0.158498537862468	0.113404389780452
-0.151410673504567	0.124227689641805
-0.146197764379193	0.114793262799744
1.21353664450086	1.68554833199114
0.0936652171017343	0.0767647835275934
-0.443272538876206	0.435090490883612
-0.332137503338257	0.278718006986724
1.23693540578676	0.991632321919777
-0.970190896865671	0.602931281853728
-0.663450917561688	0.390898039318759
0.894268145367489	0.459326053835074
-0.241866562043846	0.0810837692126153
0.142017233886867	0.0588437805873621
-0.0344297103925539	0.0152586586483795
-0.209893685417225	0.164755573268934
-0.674213273266812	0.640507507719995
-0.589490846373118	0.549023697975944
-0.553068697730124	0.538712466571525
-0.72349556489003	0.618648712981106
-0.187129021231809	0.147543731664348
-0.128541956999134	0.09369232420632
0.00255227801416562	0.00141646972636839
-1.37919739188774	1.98891996583013
-0.452701410329728	0.404926256845555
-0.190359373771467	0.15266976851968
-0.292616883424441	0.251535274195388
-0.80169926389413	0.762989748736353
-1.3826557766	1.7886730188002
-0.600275376765822	0.57943549726799
1.00273016080942	0.833126779730344
-0.164148441164777	0.0923523031486183
0.135606958078081	0.0657207722766274
-0.402026466342194	0.316183056198673
-0.960003824306988	0.595433602596057
0.148962665761694	0.0806447062318492
0.327158476755723	0.182923712465948
-0.244587349431788	0.193052735420183
0.546443611598648	0.527441191558218
-0.245122117944451	0.215726446049154
-0.0159085499974948	0.010815374187916
-0.151846502343689	0.119875067168811
0.372898526792818	0.279110055754858
0.0936194830239588	0.0807863353129836
-0.240682138405187	0.211985660817904
-0.384769246609232	0.382137325552466
0.72542958430239	0.718523243023178
-0.226853305464053	0.200967003377611
0.597433350431871	0.569760193381998
-0.886891948277876	1.02171192898196
-0.194853918377752	0.154677781029597
0.0614521552514641	0.0432023040560309
-0.808353587136992	1.04445917235134
-1.76272812313052	2.21486200442931
-0.18125874419168	0.125758143049051
0.680661674733	0.67766096599105
-0.896144193860092	0.883022955434595
-0.703247414147259	0.582343969413504
-0.457980959686886	0.337057058254884
-0.246876124776606	0.164319494046798
0.154409977004608	0.079244169898028
-0.151243502099821	0.0850311561629183
-0.481409568222744	0.44429182727464
-0.115269618626157	0.0858758348268376
-0.555326012748689	0.481505036946714
-0.315685070750797	0.296991564292922
-1.23784043043318	1.46589942908448
0.36377169242942	0.306917362338186
0.158615952185607	0.128926301779648
-1.00480891752107	1.26056478192593
-0.679816565734324	0.643343643880031
-0.480906782916553	0.465649541250129
-0.0734170703203712	0.0474415010165899
-0.200602535010295	0.154370222088826
0.513040654016752	0.511577859035711
-0.406723006359966	0.283752244421681
-0.110351486953943	0.0894953252150086
-0.534164720738917	0.493728241925182
-0.858699072025714	1.03370455021588
-0.215299754137174	0.104027698397651
-0.366042074194784	0.303763700154891
-1.05151895635687	1.09004228121433
-0.701937889941794	0.565762637033444
-1.27535762107559	1.16138492836349
-0.0167211506206043	0.0118688683873839
-0.997285540070264	0.521265643213589
-0.538228232179672	0.217245564114017
-0.362761418010383	0.108072109203298
-0.994010926170791	0.516707923678894
0.883226528260553	0.482977459897994
-0.160520863239539	0.0595971805995578
-0.175081300439263	0.141100824976384
-0.420731705623763	0.368357008850407
0.962990198923157	0.970646258728691
0.592733764938368	0.622781744869955
0.16924704044144	0.145478350759656
-0.242861989417806	0.188199869652477
-0.523255461113795	0.475573608735487
-0.0265489621314614	0.0214190564543029
-0.150548401980522	0.107238712138842
-0.206906834114315	0.141245306425706
-0.450061477840118	0.385918202120251
0.384039389004487	0.387588064196801
0.865429050381685	1.15096418414202
0.438426296202274	0.320162256853609
-0.25835543281468	0.185626003931925
0.557696382338731	0.44056365929089
0.174480191643737	0.153756257976074
0.320114796288426	0.267550673494755
-0.0766554535925888	0.0484504987418552
0.491885408916577	0.427060134876404
0.154105032410789	0.0776874552574977
1.61020874145149	1.06971586940036
-1.15326790235359	0.352650907315544
-0.104101118217181	0.0649761544021201
-1.156804389156	0.955995980210805
0.443561705243645	0.294043645951131
0.359842806860647	0.310321200230137
0.0887548749436821	0.0731381818271054
0.112067983623053	0.104114336193831
-0.496202408955923	0.455250447809095
-1.73756690155065	2.74294165412016
-0.803592954576173	0.846034878164637
-0.127454015283435	0.103966909289114
-0.133050505473163	0.0979382691295127
0.0243393020674903	0.0142882219923009
-1.12300063292021	1.52989179265587
-0.289154418666201	0.23958369071532
-0.148810695346859	0.0999759484877324
-0.723103737471553	0.947087051070501
-0.364222507688506	0.257426953146566
-0.800155090153413	0.793203473935093
-0.978922595793484	1.04731668045055
-0.998535088445235	0.52395959859642
-0.415700894963007	0.172256573999387
-0.0417290461634613	0.0196451899589643
0.151078485407698	0.0949713483622598
-0.468071895449622	0.310409537964752
-0.65226926470876	0.592782161191794
-0.0408060313082078	0.0326283246282022
0.0596948084352541	0.0428599010345224
-0.191956266416569	0.163478316662179
-1.69066203095324	2.06372031729353
0.121531240104105	0.120925970057328
-0.299475060039199	0.278902067555914
0.833809210522498	1.15891037544979
-0.0732816321517919	0.0561873016429489
0.00324791878038191	0.00242665053730077
-0.0825856901720397	0.069449128857836
0.166211375594575	0.153857703203649
0.329157543711648	0.384471081302852
-0.194241327888256	0.192655802837741
0.155129814931074	0.124455474150233
-0.121429335939921	0.101846769345822
0.544548479386439	0.603491889320809
-0.2053112604212	0.177294588423482
-0.105064598195849	0.0645617853555982
-0.731831941138308	0.70273388763044
0.354979646872605	0.176765743560555
-1.05990002857373	0.835315790411321
1.07533369547328	0.678826492716159
0.693207119467696	0.432086713729791
-0.0745247693290963	0.0337844849174072
-0.19938377024803	0.107383746364957
-0.969887184451497	0.990670077625398
-0.592540139264575	0.438013056112609
-1.05105638519746	0.841506527765671
-0.445545373183471	0.541037618862945
-0.294826463583331	0.251678331977082
0.10155434800487	0.093287106667689
0.160338141400176	0.116125075343794
-0.538718773560417	0.508524025815517
-0.471052341272414	0.517981091189638
-0.815325762335603	0.707108347831052
-0.512826887921425	0.623801410726264
-0.811982813036669	0.854234559167376
-0.0727181726317995	0.0473984273544093
-0.471434930282042	0.314559743398415
0.541340845615291	0.297578166411803
0.0235914070368542	0.0138984665844201
-1.0335559052479	1.20304426969496
-0.246517775185405	0.21164701886757
-1.05739054164029	1.50031124516239
-0.576969957195231	0.625865927407849
-0.157179235603131	0.143928569115959
0.326729801023328	0.278436803694937
-0.458157533137949	0.604496939501976
-0.144433872926965	0.118277870659378
0.826158547520357	1.13065032260496
0.257311206841012	0.211109259429649
-0.891899481291699	0.989737463930833
-0.347222130009395	0.336456682737099
-0.0786628918066968	0.0691262128206616
-0.255385516502242	0.214287309724512
0.336292131645933	0.312114623950494
-0.532660231127781	0.713774669571729
0.15788195272076	0.120774285190894
-0.222373440007962	0.196049181542273
-0.600082641303596	0.79820928368686
0.383214914886038	0.383173177102984
0.142869618317712	0.0906790291772742
-0.167313772674373	0.0633554015250668
0.138110400502716	0.0488174440941719
-0.254626108598453	0.133228805851161
1.31833961279932	0.592281316130891
-0.998764455097477	0.529473029392655
-0.238758896681001	0.0823215813233085
-1.12228231499459	0.71117440650142
-0.746300320579955	0.852024083515565
-1.06721106254415	1.64505664194003
0.235655906066362	0.246062962447483
0.0812412826962445	0.0650701698254382
-0.408519857678447	0.442994807935927
-0.268005972950454	0.2315369492099
-0.749262723803292	0.866986199574546
-0.0691227230271946	0.054451306506404
0.0833668597701929	0.0574176180951936
-0.882992509931016	0.97855035693134
-0.0559367471289922	0.0353461235865166
-0.222978404994496	0.197084409423058
-0.770041541042972	0.885562172307933
-0.941656884751188	0.673095183093596
-0.619407689369963	0.489252648350577
-0.205006220700636	0.179659829783338
-0.130395811442624	0.0766369515586976
-0.36159698666187	0.291475023968991
-0.651563801932932	0.6013153222398
0.123570733428306	0.0413258418931324
0.451458039790638	0.401880025168847
-0.0447756270044022	0.0299480548017413
-1.28989723476532	1.4553969507445
0.0629676782687596	0.0457472820191743
0.460252642742042	0.415358393105948
-0.689039850922012	0.778729577085262
0.305954733807297	0.306921352927296
-0.819632396334293	1.03648855596918
0.657633643274857	0.721872989441697
-0.0514452439313701	0.0396007406032222
-0.311643633440593	0.307081441248457
-1.01924034767472	1.4355899737204
0.287864535968397	0.295075480940811
-0.512613105635168	0.513336617972551
0.17349948075035	0.144364283576683
0.042625714407386	0.0349501951456611
0.259923169321482	0.21818225789919
0.168001598064636	0.133060786830584
-0.302802009113342	0.279122167157373
-0.214205621378993	0.170874662474121
0.47419801826203	0.38688937136848
1.08136168285709	0.652690797980804
-0.538228232179672	0.217245564114017
-0.802497899073619	0.621159752970237
-0.617702359774845	0.311469676991868
-0.53050041756293	0.201188745080935
0.268272396922292	0.212751692009675
0.0976498294482475	0.0783434893109695
-0.0869146709168715	0.086371708287942
-0.526616640904703	0.604635251395053
-0.38174952821818	0.426467410392842
-0.165697840932251	0.151118197178471
-0.183595299094144	0.145706676374539
0.183097772983234	0.182776338131961
-0.534796947940721	0.575820435849018
-0.297352811219523	0.272592214497238
-0.452352418878871	0.439787801419555
0.0130844453236788	0.00952555828343487
-0.200438097397593	0.170562021271546
0.0709013898719982	0.0469479070235583
-0.375915623065609	0.346885460407323
-0.587581026546117	0.619097630126354
-0.178451352796976	0.161008956138958
0.00577375348511681	0.00420976540464795
-0.15435450914096	0.101889574315601
0.296437596603006	0.293915024362203
-1.1809985903631	0.69766730505061
-0.797592236502098	0.507630499523039
-0.412079410363082	0.287611488321018
-1.24106031228737	1.48429330475321
0.769149296774634	0.713895487111523
-0.217893976529117	0.14336160107602
-0.988399087335083	0.49651805060988
0.140212750873762	0.0438266964952015
-0.521863593289123	0.23293476473652
0.133924263595915	0.0407371768928001
0.0556431107255323	0.0380298027473202
-0.0311891567451674	0.020421997373702
-1.46081990937067	1.54253508915332
0.525206956903652	0.4298481829643
0.72802231725682	0.681412396511525
0.632164516950821	0.582488653913165
-0.536301505277819	0.513991861605901
0.0694154524308901	0.0484097322971142
-0.365299035399087	0.250128573593111
-0.233236667638915	0.194171682838035
-1.09725887697636	1.5255511346294
-0.306583366157917	0.216320615126568
0.0715282637392516	0.0522546024157719
0.245356264119658	0.217886219021287
-0.407906954535178	0.402150330023789
0.517017934362136	0.414643273106304
-0.0795108063922117	0.0518710432617773
-0.17754530006493	0.126224993869653
-1.36300247780783	1.0798048855322
0.003424852842963	0.00188451062091735
-0.800414214827729	0.457652785092769
-0.247887130963356	0.0815456162678456
-2.30337049707962	1.23732083473153
-1.29718312411634	0.582699254968868
-0.886582762685929	0.954556589847209
-0.0520196604605328	0.0326518445697059
0.0151362710245374	0.0118375254062184
-0.669197331670166	0.649572955264171
-0.98667758294557	0.956181741968005
-0.308669249008903	0.233993363252211
-0.957956968028572	1.10951438584567
0.275957843926608	0.207415009294097
-0.0135664826177191	0.00961454747060796
0.677716271222915	0.580368073932709
-0.220121337541499	0.176253637890323
-1.45231865324828	1.89916072064894
0.0819696730967497	0.0642487529647602
-0.185704675959613	0.127269417588742
-0.650206774666536	0.590442528926226
0.298425263185994	0.184841847989054
-0.215735931039395	0.188405115513869
0.0248643442144669	0.0146428865915444
0.0520469963752642	0.0444295625662427
0.157351636268152	0.0910713425335739
0.143040368763943	0.0796966609100932
-0.350998821047207	0.209629019741821
-0.324770885009137	0.155385695442566
-0.218306776137951	0.175182834386475
-0.421855484591143	0.437418148281425
-0.0210934461298563	0.0103632474723052
-1.83727742518919	0.761151259714728
-0.409368081157222	0.278309072337351
0.160045542223466	0.109434691071061
0.519367730319233	0.424025959647225
0.0661539276209905	0.0482976311738952
0.392295824621957	0.314265056194193
0.156774440347033	0.102638708762472
0.381398515148665	0.395982320665442
-0.242762753384957	0.19104784653795
-0.598504469046558	0.59680353680678
-1.44856161469514	1.88078744910162
-0.670169123569753	0.652706099450165
-0.36806638613038	0.301709724926155
-0.00689739763858907	0.00494827229221286
-0.96570375906668	0.987525270670699
0.388137711908865	0.306653204063399
-0.107914774980248	0.0814205818549117
-0.00521104010738712	0.00377988177869139
0.329322404585324	0.295471205233088
-0.820645134453788	0.598904505879171
0.266331679663022	0.201410386920246
-0.242645197927369	0.0783968437264996
1.02197830440715	0.411558328281195
-0.326828770417781	0.149800320774827
-0.971459866496788	1.05521029623792
0.0825874598217457	0.0590708753728014
-0.639360950824072	0.730710067656404
-0.533993711813904	0.461431208728785
-0.643874206841924	0.60024346074501
-0.289042250956634	0.268776698084959
-0.623430256487025	0.527999129923459
-0.24101512268938	0.209221410988611
-0.124489338759609	0.0712375375610371
0.730825037551649	0.750194049398453
-0.592811268829605	0.547259539893818
0.5287338579132	0.448083058630345
0.29251608560828	0.281525020856471
0.0615912235949682	0.0430021784462839
-0.813365140169968	0.776787411422995
-0.406119989553241	0.332464173165779
-0.682349239927178	0.732392581692258
-0.308820975042528	0.288653983778873
-0.40141503929832	0.398176356325116
-0.0125508739612003	0.00897231784358721
-0.0367611151087299	0.0252244417024482
0.0599782734741274	0.0409759863526524
-1.15407065096521	1.52186029032452
-0.0887595959456201	0.0648587912735031
0.00593775845937777	0.00400894147685238
-0.449667974849398	0.40307706190398
-0.153563070158802	0.139262484093036
-0.874801482031205	1.06746427284966
-0.147856493795943	0.0817498040834072
-0.561072876645526	0.48426361404375
0.29463971069735	0.20365364761407
-0.035702466159606	0.0242927827621955
-0.103074866546627	0.0644804680678448
0.160684575012416	0.122873584736668
-0.631415085589189	0.519800870548611
-0.167311825010918	0.132904052495643
-0.0998366385508864	0.0609131180280888
0.14234488743478	0.0432003227063061
-0.113570104501158	0.0463897491854613
-0.141977699461282	0.10024875602877
0.38399492253916	0.318860092249494
0.239146866851188	0.198607261193217
0.827519156931753	1.01440869550969
-0.869881525361329	1.03256280592941
0.667965677148051	0.978607267582283
-0.00454735536883635	0.0031614912304517
0.230147091560707	0.220082397236528
-0.0739673572500794	0.0560543786265437
0.240268615646781	0.224149535212035
0.22669471469158	0.234407275204053
0.164938583164329	0.11905628491981
-0.405081225205544	0.329951520275845
-1.50723844343685	2.03539014499125
-0.415598144875389	0.39328081484711
-0.375687413427045	0.302235516478349
-0.674959918199267	0.721884676822323
-0.187381777692719	0.130561055167214
-1.51335729848294	1.96586365495849
-1.3484727705427	0.806284362078773
-0.62130270013705	0.29914200785677
-0.310810138334171	0.233516061315241
0.259069406333308	0.210215444793965
-0.0828008642430601	0.0637200931456087
0.0358897032223087	0.0308377189365442
0.00684055819603373	0.00497744057398668
0.214962553023771	0.183295571089394
0.317901747092083	0.299177826781774
-0.53542255962019	0.643844427780091
-0.226714879950454	0.17603105588964
-0.323642472465631	0.236856537310077
0.163775047140247	0.139397563977678
0.591221283602713	0.556011438241859
0.256861577592335	0.205777155821609
-0.259908865694165	0.183656676282518
0.156518348396285	0.103477096148281
-0.129328388009321	0.0758014189467184
0.152161221677535	0.0972544226663922
-0.596639480827221	0.439315580974897
-0.303359791738459	0.259426352319275
-0.37346094177317	0.34334907598247
-0.274661968342661	0.213181489963704
-0.162913577565998	0.132089558898212
-0.296515949732404	0.251540550112267
0.496896989085674	0.408586604392634
-0.588324794523743	0.538051303876894
0.0159883686905872	0.0111749399105916
-0.385550836041326	0.335079358934816
0.609929195863617	0.624524743503667
-0.297812427461932	0.252048035988348
-0.0245122200172514	0.0168151574260585
0.491151174684254	0.492401286094825
0.0277071737958329	0.0217494992997275
-0.247382593874437	0.193655564820294
-1.15242169269966	1.39762964495325
-0.0117732085295247	0.0083663012335972
-0.273182772624948	0.201304332931284
-0.415426253363524	0.232880804883837
-1.14686854706303	1.18294934409465
1.21491941035357	1.42825938642339
-0.415705098535556	0.23045548462212
0.270288419767744	0.190390857850899
-0.325703658751924	0.154626417865869
-0.369622022874687	0.335574742736202
-1.1990294673902	1.51178382896325
-0.604383440968431	0.693828733982056
-0.129059585929703	0.075388772516175
-0.128188276512219	0.095104571079857
-0.407194722590401	0.363306445724393
0.416870642506781	0.308312197026522
-0.448066546032577	0.428841789648525
0.0883907858910797	0.0714417568884868
-0.447512522060498	0.436441786503568
0.56674944346134	0.556276740996135
-0.0506865975713782	0.0322681292120716
-0.505653526279639	0.543073251900937
0.0256789287982325	0.0142351476822849
-0.238150059393062	0.152975448199446
-0.251425084322285	0.126984922763823
-0.347763675843534	0.212049819177616
-1.02335131155789	0.940973823316466
0.24974735738066	0.222122298645566
0.154084209067563	0.101387291220545
-0.292671881910124	0.283598166153105
0.9736655539196	1.03664981310235
0.379590242726296	0.384836748942723
0.164469258421578	0.133623655733386
-0.252466821703087	0.241652984334713
-0.557860637239223	0.472004304678814
-0.278587076709089	0.215499072301994
-0.0208170788364284	0.0141851115898895
0.0667424775509425	0.0470711072438827
-0.667564773310007	0.681249837936062
0.149649253595014	0.0993293059834977
0.154062522176154	0.101122223040761
0.7751384290994	0.905841282514608
0.0250756000570954	0.0139179026995914
-0.0557494468212142	0.03730550967966
0.652030426537155	0.678834525495493
-0.375234368265329	0.338178798962748
-0.416178495460751	0.330023054186255
-0.0657749105661705	0.039283643428089
0.335094969299331	0.300548216359668
0.250638634498738	0.216222130591694
-0.464621828029997	0.365955617606534
-0.442382755691267	0.43036615955753
0.667439828570835	0.754764315928517
-0.574035261634927	0.614132813059453
0.00202000115696777	0.00154709173918248
0.0129232917889401	0.00994940243178799
-0.293377329354007	0.249253748596932
0.878748043624301	1.19074260058157
0.772925448181466	0.711738354830848
-0.55309395549102	0.55478196164036
-0.970558282995867	1.07140150537384
-0.685937458876118	0.46053446626905
-1.02388012236171	0.932563750069253
-0.408353488260906	0.29303963715683
-0.204485403326708	0.184217002499575
0.715082285924087	0.60774028643275
0.0330138983263509	0.0192285088084106
0.715976854182525	0.653110656534784
-0.320292088162031	0.317253661694496
-0.0951764504006423	0.0720139462098967
0.25243505975474	0.220612665512707
0.26216419648754	0.2138250072447
0.516367227951733	0.529651155548982
0.348091611346984	0.309707930088395
-0.525874535935615	0.499857687029868
-0.242127040139761	0.210437507489107
0.158804672681029	0.126709916369156
-1.06848127952468	1.09196365492748
-0.621056467437795	0.756483475503296
-0.660316242234006	0.827863085875524
0.238582083006443	0.219236684925243
-0.0210180907770621	0.0145283019220112
-0.805091638327908	0.838622224428809
-0.397603400524428	0.345563280363281
-0.628802699256137	0.296803570705251
-0.102987062863628	0.0635100547625988
-0.251759401031885	0.128678608025568
-0.887486585765077	0.942661120166554
-0.377778938817705	0.345690700640969
-0.40568548913594	0.178088867438725
0.724132670746655	0.600536053995068
-0.650680747257753	0.588841004991671
-0.413998941453922	0.408206065591507
-1.266846042681	2.00005423291531
0.938539730796707	1.1546108458856
-0.152130971359639	0.125510409287318
-1.26265275257337	1.63495217379816
-0.305738091435803	0.220801380752774
-0.0437501717537182	0.0296374723603993
-0.147291287378066	0.105714372804824
-0.0675539171349263	0.0427055855814551
-0.197336958121097	0.152925566483837
-0.265223342473266	0.23070693631092
0.0132146971991041	0.0099811994529405
0.637631972357213	0.438446290183987
-0.411139518582191	0.338588679436905
-1.26588415811723	1.16546577734102
-0.0922340777432063	0.0540858547606458
-0.597919923346754	0.451429942824393
0.268302334103495	0.205358180842586
0.379323224726801	0.305058719517344
-0.35715432869774	0.257458724231845
0.456385586753156	0.416383000937318
-0.616240699208469	0.499716061288349
-0.0599498285129997	0.0401288330010365
-0.273601107556414	0.23799683913039
-0.987028665143526	1.2508312420857
0.167223074721483	0.137619587245519
0.649174507638715	0.668948101524125
-0.564071533534391	0.451920282240384
0.77557568274109	0.716714892274209
1.14278612965393	1.36801082182824
0.600577936195033	0.455946811333836
-0.0498539852228364	0.0331426608799864
0.626572046588801	0.545456021134105
-0.364367170335785	0.304292626666899
-0.482716607109911	0.44228092031023
-0.272510882347216	0.203417192698086
-0.120901077500801	0.0732487765096121
0.162944565661106	0.140378103008074
-0.13081049955481	0.0776300051918973
-0.214552677325782	0.172491923139364
-0.286106107413779	0.181608891263785
-0.0231783748491611	0.0161955957873267
-1.49270822094824	2.24078140924665
0.348440913160548	0.294597108117176
0.159485873025181	0.119084456154771
-0.664884360503377	0.673780342038939
0.156379776801752	0.108366490230568
0.448622836779091	0.462933487391954
-0.484877109621759	0.456947190136506
-0.874384049983849	0.881376364056347
-0.509965504647631	0.377136261136873
-0.497224247720416	0.433624622419543
-0.242977011055832	0.19064929630244
-0.35940085270764	0.251102352643717
0.24270679464474	0.206948544944781
-0.178602174912933	0.123208178472799
-0.030065867972848	0.0209331600559219
-0.56678396676157	0.465406366974332
-0.542330268299448	0.212299688420961
0.14188067506036	0.0431347266598017
-0.398401525025816	0.313662431957885
-0.798167869847744	0.433805676687039
1.11440454346943	0.960150890146885
-0.177667342590278	0.120386788563556
-1.22390292157997	1.6760992559524
-0.127995376671405	0.0757943581567205
-0.321792296235988	0.150609221197596
0.968848346180876	1.03948740864885
-0.677532677397311	0.644856979514465
0.349671422541702	0.306759054142352
-0.739218997299609	0.788921013977469
0.713772965168263	0.582033486978354
0.0618107129692288	0.0437259413910804
0.0500554697810301	0.0333299366303199
0.426829580085597	0.425608956367653
0.309278798640067	0.305703731097857
-1.15912912768253	0.993159885645713
-0.266994911318382	0.204465909854868
0.0337376583563709	0.0203692477557024
1.07466560247137	1.31821156359538
0.562369844967001	0.448738918700983
-0.409869253348774	0.293278245279786
0.561093800093903	0.540880897916953
-0.362354464487066	0.261243873704874
0.780112773044858	0.569979825327389
-0.072322982078929	0.0324629053136307
0.293676990853745	0.202793528805406
0.0270685137286809	0.0156167021529993
0.292885551640492	0.202443476170808
0.263010667817961	0.219389977895926
-0.675467516346861	0.643914923126619
-0.238816247223551	0.184643031043863
1.04623257705278	1.03726049533589
-0.229567538563991	0.167672946106133
0.67212486954139	0.632096452447914
-0.0526180207010731	0.0231767008956841
0.069725234683634	0.0452240054141199
-0.343919584088424	0.237289848708369
0.933057477530104	0.910089018293173
-0.11634078032559	0.0674009011405607
0.396884835643096	0.310832503436873
0.144701016952365	0.0775714188252916
-0.249606508975532	0.167787038182216
-0.585277248412125	0.534730992113887
-0.969210510478054	0.573551088101424
-0.19838373196457	0.107920719055338
0.144065318625878	0.0840816341479085
-0.810116566127552	0.721709041700892
-0.476495197530916	0.315695553526973
-0.804366243239698	0.656571350769368
-0.399121602543178	0.156252288467179
-0.201693685997801	0.112027856851331
-0.157988901434447	0.092516698425685
-0.405530305823514	0.288453373164921
-0.0493071507229684	0.0231110236336062
-0.0702914582018807	0.044422786975347
-0.516811020888224	0.390935970416924
0.280767143808154	0.211975689885148
0.29322867743763	0.189647543105771
-0.500267244507588	0.262107129519374
0.510394159142838	0.424680778263284
-0.914427805639125	0.758309949759531
-1.48400405999876	1.03552463054954
-1.0625465260596	0.849565396810395
-1.17714488224438	0.694928277313394
-0.561670687850892	0.332245419235921
-0.93980136159636	0.6334357241348
-0.627564505095013	0.50660607450441
0.156004179051972	0.10949204940144
-0.701322110935175	0.536751447700994
-0.99326836763321	0.517175184688351
-1.04640363250161	0.428229873657116
-1.16165023845618	0.959328492356235
-0.207276807254199	0.109037623846314
1.45178371485011	0.845561076579963
0.143052877120082	0.0595604444789333
-0.460271805592531	0.360034036783171
-0.463624166514713	0.362717687787319
-0.607709682464921	0.418728637209271
-0.694573230022457	0.484572111106988
-0.153409015712883	0.105274775004576
-0.199965976771102	0.105974543916904
0.433350235840881	0.317394572776295
0.144521338984364	0.0767328510815086
-0.586068955396084	0.422782677449477
-0.254008061912923	0.124757268290273
1.39692706903051	1.02914630959509
-0.0780125450510741	0.0345466149205094
-0.111838769477721	0.0442518397408876
-0.670726797134293	0.400065804416271
0.594911879567149	0.319135717363168
0.162470691661047	0.11071534356645
-0.508524397836258	0.264594947093959
-0.913432464958971	0.759155623041677
-0.798842476263403	0.427075553000584
-0.317520481335117	0.148021199008711
-0.323203021747221	0.151159950872213
-1.15839827898458	0.973407375194822
1.23938227948261	0.866257249525985
0.853858698605365	0.605918131810189
0.807380345384727	0.360460877004038
-0.407556658469189	0.174796098530482
-0.320020894524032	0.154507692714615
0.290624251058223	0.180360223873798
-0.346238892517851	0.213328502868348
-0.320526132083952	0.143820903271947
0.942628771441744	0.649982838481005
0.534959225874198	0.315632439395873
0.383286698881803	0.179953863715965
0.374063906612634	0.166836299377544
-1.50752435363235	0.787249559464249
-0.253655224807827	0.132381862831199
-1.83608380709171	2.14742174907374
0.142187856655335	0.054816883160335
-0.995368926255743	0.520787378781233
0.491659699194483	0.308752958340887
-0.614209042574623	0.30549582696611
-0.792844004826682	0.351021792750132
-1.11118908049623	0.776925036036676
-0.261057785831069	0.225180822503647
-0.0253992936087659	0.0200573912037579
-0.272819902439857	0.236153506291362
-0.115874217817737	0.0870956110153898
0.1510543498528	0.0882105241516248
-0.40368727118933	0.559806933121373
-0.488252026469073	0.608375729197666
-0.798515088593078	0.73500919828439
-1.16405841287128	1.28697048726565
0.283668567486642	0.205581139972169
-0.403290550612628	0.209985180243783
0.00440798242044475	0.00242289483186042
-0.0136167162933119	0.00709972965129885
0.141927975918816	0.0674693311688748
-0.356453497044269	0.261461055221194
0.774955113048572	0.463884256612563
-1.23655924427956	0.905867265253258
-0.365836989763007	0.106464687450847
-0.816975058718915	0.61024320657217
0.27398898493763	0.203608742353627
-0.913432464958971	0.759155623041677
-0.453334134121173	0.391101383956597
-0.845788764066582	1.37492905376044
-0.219154338024978	0.146502044355007
-0.143879706427947	0.134347914840819
-0.565964600194848	0.783571221029292
-0.342608030019943	0.31658255411725
-0.593352615962451	0.425229372415324
-0.737978360020655	0.723473108046516
-0.417819897348686	0.241742618834443
-0.889341531676094	0.912378244235178
-0.150793377404004	0.144222062837341
-0.904912473231972	1.44899252542958
0.537965911819043	0.579219377278204
-0.686071803991231	0.495863053856761
-0.362761418010383	0.108072109203298
-0.671938243537841	0.397026319181043
0.510424922813668	0.193438302922747
-0.499940732661286	0.241338517036636
-0.108549820451671	0.0450134438348328
-0.790981430224017	0.401909900238119
1.05275532928899	0.543974137405928
-0.323401344569406	0.150113483564099
-0.537195858607784	0.215909303617558
1.21827829900034	0.914541122406405
0.347368797843493	0.17418510825053
-0.408322329864505	0.176291340403789
0.134508581599029	0.0601616800894901
0.350553624247295	0.181129869893444
-0.361689402338145	0.108124975750703
0.138524932940329	0.0462468176505508
-2.08237314112543	0.97231918104361
0.803187443740692	0.353530389589045
-1.68298726455755	0.96637146391094
-0.501845681845342	0.270229388948552
0.799361276514942	0.350100638307926
1.02138727952061	0.394754610362591
-0.235757734816455	0.0801423601127761
0.525974459863461	0.289510128137993
-0.315459609144878	0.14115470686776
-0.511367187887758	0.268281952411548
0.681102365092073	0.334715915734849
-0.800414214827729	0.457652785092769
-0.99498382527622	0.519562639486116
-0.541452252965535	0.207151966268256
1.04993532893428	0.521325928579868
-0.622737887351569	0.313033677236779
-0.155397965070696	0.0567555369850156
-0.112177534325853	0.0843881289202043
-0.0660909371819261	0.0502756645029626
0.295697473654027	0.200108494667719
0.593108039200449	0.64393420991678
-0.148958646175803	0.0821807447361933
-0.361094307600865	0.257201110957574
-0.283890032208726	0.181941812620073
-0.930884827253095	1.15982712461873
-0.37149186869994	0.380869586240647
-0.535107981058933	0.496172799383762
-0.598218397474855	0.748026805238054
-0.95930896073734	1.08059650370424
-1.0897501785557	1.35688799017479
-0.421444643158429	0.407911948826248
0.634964835457499	0.745132394554696
-0.441022036016032	0.460607630863818
0.168528390072751	0.128978899244056
-0.0558429957429559	0.0367599955771389
0.363698883067665	0.305896030088149
-1.23449013390849	1.42232067451806
-0.0781154904630589	0.0495599668395167
-0.800597519004616	0.441848575651483
0.30510343362375	0.196680371952847
-1.17287401356291	0.988838829524151
-0.205896694688247	0.142802850417104
0.137232011627528	0.0487073138362167
-0.591060673436109	0.430358378186506
-0.622551489369282	0.493572443840267
0.341161297432349	0.293626810421789
0.493982224952935	0.307386944785005
0.27950196434071	0.209979228855538
-0.341840035260428	0.368842375593149
-0.867956716438136	1.18464630151146
-0.454265591253473	0.3545073215172
-0.500889821858355	0.551481220117888
-0.521786271215169	0.400215270585711
0.897421526892578	1.52848563431506
-0.569346526465703	0.597853315894317
-0.95311565800021	1.06555289292989
-0.213258722891829	0.147793717754445
-0.235594788391338	0.150994483477091
0.129420045606031	0.0513312979752865
0.00701542782435344	0.00381632786016454
0.349272439042045	0.17701487309319
-1.23832307014146	0.888342482249603
0.594248627995953	0.321737609882008
1.52123535714172	1.24932801728487
-1.24394065352923	0.936811868743434
-0.629048082169904	0.288048173170361
-0.801152696408826	0.446465934858927
-0.110766333180403	0.04553007265409
0.322229457869555	0.17184353877618
-1.61051343172087	1.17974490187951
-0.51171818761196	0.236922500619458
1.52471018676428	1.26998858648703
1.55531089448754	0.792558984587613
0.466499230211995	0.316129812116837
0.153702503941319	0.0866704133391001
-0.786427635819681	0.352238689361047
0.145099516849662	0.0748537583949743
1.25986922515735	0.719070043588214
0.887204337964205	0.480500274962837
-0.322726962313831	0.149926638794303
-0.987299895475105	0.449114313812275
0.493214958768704	0.31711183157013
0.160861780947088	0.0890836936969178
0.895845109303979	0.785459448135302
-0.622491280980172	0.315037369086305
-0.0742421544047006	0.0326413006962764
0.351187411043721	0.181065865539684
-1.17645560710521	0.690548144813177
-0.109129953493908	0.0442891364499192
0.780929489768204	0.611565248435376
0.775593040098695	0.459814934665724
-1.34734114305259	0.851279446258277
-0.353130268220086	0.251529390624874
-0.209627972400214	0.144740949313019
-0.559411897512641	0.479357935477997
-1.07785890232947	1.1317724962607
-0.361883311071647	0.298120339092331
0.0662617654174727	0.0485031474966899
-0.357933972206853	0.259170714010982
0.0116148515496663	0.00611252968969192
0.532155909412055	0.313947113658871
-1.48654246450709	0.995164874561113
-1.80224057834231	0.435169887808059
-0.412420242174038	0.272398755083842
0.00328914863371568	0.00183064661215978
-0.250416061270821	0.220916592167042
-0.947944122971932	1.1186975840046
-0.303403133562097	0.260558190465002
0.0668465082917611	0.047164277150872
-0.126724348579334	0.0876329952550659
-0.224569515146825	0.174354851936016
-0.529146543167051	0.501599603480199
-0.595707708979987	0.660819499198138
-1.20954065534269	1.27413108889903
-0.496075348791123	0.435096667437669
-0.884478322684209	0.911145556525324
-0.194368386744975	0.166816478289477
0.172016586909516	0.128112993497631
-0.269781484042006	0.231732914385262
-0.524498508264548	0.473980751875361
-0.295523643523841	0.255867892259658
-0.0450303698071117	0.021569698120522
-0.404944822435181	0.177394552971478
-0.936949033785406	0.639980100059616
-1.179361264763	0.669422119044182
-0.236680401866938	0.182456852030896
-1.17714488224438	0.694928277313394
-0.294206740221094	0.186089313657154
-0.366724727887093	0.332566548671823
-0.897546231332644	0.913491356562604
-0.593722828690599	0.451178473861594
0.00673252431371737	0.00500298221356801
-0.272991485329875	0.210559176937901
-0.410732112952634	0.324995487525826
0.367420850542083	0.29430986842333
-0.62630204214469	0.51692305282264
0.155169492750569	0.0979321897108604
0.678154816160126	0.580207066325822
-0.442477811495526	0.385371008774706
0.0209385129499083	0.0114870551340964
0.500535679656591	0.429167652907428
0.0359465154149037	0.0224458261736472
-0.52276094934472	0.405676273439148
-0.385742908614684	0.333876173339128
0.77936182452212	0.478018878012709
-0.0688314308536728	0.0306659041042157
0.270235812717021	0.186542486716027
0.720680678889365	0.606419551675434
0.984373402168354	0.778424754358724
-0.810094123178322	0.822742158168246
-0.211777926250178	0.142478890108596
1.34516876127939	1.18236936234043
-0.479757639239563	0.318157395605878
0.638581215687038	0.463230606240783
0.0522183894562141	0.0337054671743451
-0.0700783649020689	0.0444832836818213
1.09589440289853	0.906763607007353
-0.529360645731741	0.48841574225753
-0.16106049360492	0.0917308710630088
-0.559783939425413	0.355420156481
0.454299064767599	0.307158657239075
0.0187049984525853	0.010540027132902
-0.153450646404271	0.0848559312360408
-0.505657646573442	0.273559592529044
-0.525874535935615	0.499857687029868
-0.287705736223374	0.183129797505356
-0.146531222793717	0.103391567461777
-0.720502507864302	0.641815655267781
-0.0727641257655686	0.0460330668998165
-0.62444211751914	0.674634400765342
-1.68274890297341	0.96586204658775
-0.252457986875833	0.161286775757402
0.491146265228502	0.510932598431629
-0.0399632458878068	0.0320146681197148
-1.12093490349582	1.26841563295511
-0.607190417788267	0.610771338290752
-1.12990127555319	1.2898444980042
-0.384479802052961	0.325541955191712
-0.503951072092029	0.424742988891262
-0.137011674452863	0.0996336938598755
-0.229609272406428	0.220023257363978
-0.156739202238758	0.113633724279361
-0.554920401407575	0.353752593539926
-1.49973937290429	0.779202075035729
-0.555585887365579	0.450813219887817
1.08199214807438	0.568907622085851
-2.48794294319839	1.46412649741973
-0.460758806208932	0.36941782393708
-0.195473125487982	0.175150188032166
-0.453556186508528	0.349588704941579
-0.531688194853914	0.511335853663948
-0.24060257429061	0.209877776932489
-0.462099484013581	0.360216503887248
-0.20323111098556	0.13897192319288
0.773776681443747	0.695019284286681
1.22768633768168	1.01341395534518
0.489656118958921	0.506130307707636
-0.591108419214331	0.551017709491643
-0.816771668053077	0.59752741782484
-0.463399960315357	0.359871717950869
0.00755693624345265	0.00407251121513499
-1.62977424617752	1.83863357316735
0.0507336561941819	0.0333214981154481
0.627066792102446	0.548340946458913
0.165614594731836	0.105952099985505
0.242622523730791	0.220452978538622
-0.897776888434533	0.914723062658202
0.348979938040292	0.17895470389172
-0.973062451961923	0.578914615389543
0.0419744259936149	0.0250009262741487
-0.217671385314484	0.169045631260997
0.400028019946514	0.291802940260226
0.0586529622511317	0.0402050367040899
0.983518962774294	0.802046909923149
0.551536082940495	0.429903859500586
1.08838333171412	0.806685662503776
-0.219893722742635	0.171241857395686
0.299984792302456	0.191159456047138
0.0650589720380938	0.045856103962114
-0.459745954607325	0.398811475461382
-0.10383268568851	0.0775425517628192
0.0469124203805222	0.0309083931994741
-0.22472251102918	0.170887172765288
0.155222080569044	0.109008396542062
-0.255839258788718	0.13266788840888
0.0951502712560249	0.0742605230874772
-0.145752792755698	0.103190137844448
-0.265718690612171	0.230219048769366
-0.809100040498207	0.953310786486749
-0.107671842185959	0.0741751303947626
-0.0991761001374698	0.0588090517368398
-0.315459609144878	0.14115470686776
-0.0151602792166338	0.00757284275532418
-1.50387806357019	0.813421648198263
-0.787422566026612	0.365763236185906
-1.22449749380187	1.62098415205258
-0.413677872894073	0.287651837264312
-0.481744840521553	0.319072109715813
-0.220790811181224	0.196903458191766
-0.244831604432489	0.191335569616803
-0.807334368969002	0.792117008056516
-0.2428448185093	0.159206265624628
-1.10902707116031	0.772016336960435
-0.344494497236497	0.316853038067562
-0.0122134755302404	0.00864805217342957
0.242108694552442	0.212712660306806
0.301602307940221	0.189561337410486
-0.490502126254739	0.418546212173053
0.331454328649341	0.182270267003724
-0.804945444035528	0.672684804003483
-0.596389392628334	0.450304987370377
-1.52557078105256	1.90666247513984
-0.638911152278595	0.571676108784244
1.41844139566399	1.54252969005594
-0.477234150585143	0.416464569654747
-0.0140177988935383	0.00946964654977029
0.368605641889516	0.317255813096257
0.717546825059177	0.583054419722305
-0.488934184921846	0.39975994113463
0.925539890600544	1.10933727944178
0.163938858184011	0.110973824702809
-1.48400723265231	1.03621014360802
0.921519871862651	1.27520630278144
0.463439335030277	0.310957407041634
0.0621107248495099	0.042157867590451
-0.1727992120834	0.119325005703654
0.0280262603845454	0.028211136530865
0.00550339204570215	0.0051753521132888
-0.697262014281723	1.0529769526719
0.0258893845881107	0.0204813886636223
-0.24157927780167	0.229402686292129
-0.580444940814984	0.768783550347371
-0.764242703108629	1.29429951644277
-0.158932687335567	0.197778862699776
-0.0618081753352423	0.0742616940431495
-0.0778184508502993	0.0835599222989589
-0.14724258964218	0.16840978887374
-0.0533540948632884	0.0549588419176613
-0.236180148806796	0.30477483542682
0.0838448681889953	0.0627746255378689
-0.177571689781976	0.188430639337402
-0.586439281692964	0.54764172693049
-0.22443378385267	0.261248989147988
0.00410180760629331	0.00367385355744513
-0.517363326812237	0.768656297827057
-1.2032461362512	1.795521682885
-0.767840494791505	0.942305177343715
0.0728808635024882	0.066818481540301
-0.631238184525063	0.671805530581937
-0.218836111562681	0.190964834022291
0.103118385825468	0.0831610749962218
-0.763273923434231	0.905386050886305
-0.36625130963277	0.419785381478575
0.225625843121195	0.192600686835168
0.812913849293028	0.923905859960478
0.792279692877765	0.988586935301944
0.162660762241823	0.136404973561488
-0.171179908547204	0.151662614173954
-0.489974319106067	0.572148132579969
-0.128975198418613	0.106529124193113
-0.771016292139985	0.95504434897773
-0.300720233102799	0.247118071480194
0.819847095494669	1.17118565253303
-0.291957347951722	0.317152720391036
0.311661150679393	0.286595518430357
0.3593876925701	0.450556096009483
0.0602892429039917	0.0395702118571569
0.16697070533439	0.166377821445189
-1.34598810763536	2.18100238952399
-0.146350503934976	0.148342763396085
0.0939184745437121	0.0829686908312808
-0.0706191913972277	0.066706539929921
-0.193330551454716	0.236066549720514
-0.0218550886447803	0.0148320014955362
-0.29675438566024	0.272233079579102
-0.201115367679747	0.172215850490796
0.0847082498538271	0.0674883638233433
0.0845186597564866	0.0685368887185769
-0.752921706564125	0.898316299999294
-0.460638887236964	0.550467368361842
-0.311378881975442	0.337255940109756
-0.143291018247515	0.128120107767851
0.87975801199238	1.68138784699997
-0.269101810274346	0.381204216728139
-0.481601786922701	0.583878522898504
-0.733682433046966	0.752486805944565
-0.862775811932169	1.42739004464475
-0.14648750181933	0.121617099256457
-0.261396881847711	0.303617828677371
-0.533278904561969	0.214121651489417
-0.199809555073451	0.103644117697796
-0.287495018386117	0.166547896198179
-0.161479398016456	0.0904569360809125
-0.617118662855393	0.304798852350109
-0.417395831749406	0.176029379159199
0.899887090532758	0.460041374067491
-0.686052604978355	0.471388175794835
0.13395683731647	0.0531064763399834
-0.0181622579424451	0.00913696321353318
-0.98862982864473	0.503721354612043
0.304627443808084	0.179558542764515
0.294406200819597	0.178136561008789
0.153240791494761	0.0799303309205112
-0.291449387908838	0.186218997949548
-0.0214095419453982	0.0106341373843341
0.147526656568485	0.0785674899958097
-0.990106795273382	0.513997136030586
-0.221093411937212	0.172980126648183
-0.502157498105078	0.276844929860409
-0.167763433718537	0.136511807501874
-0.696575205142889	0.478495947554815
-0.0993642682355946	0.0629203738753903
-0.00800177190928087	0.00531134958337869
-0.329096766562599	0.456873723609565
-0.286555999036034	0.18134268725332
0.139772181540016	0.055037519240423
-0.667138401470967	0.403551354416487
-0.0639731269386066	0.060768397458241
-0.503495384226626	0.434132495688443
-0.0218503840782937	0.0178516097880733
0.218094402758224	0.254031325168066
-0.996965377596089	0.487737641146243
0.804345219810016	0.354670067283374
-0.355248035976695	0.10057357526079
0.0574519573015159	0.0388279771148674
-0.642804526520728	0.160022734032778
-1.03952973450319	0.426155787261663
-0.23779019895304	0.0816855379093685
0.146629727735194	0.037888595860908
-1.83380790599731	0.7804545457661
0.138799006280562	0.0427246721841037
-1.2961365756397	0.581312465106046
0.651620019017489	0.218540697202247
0.146197123095659	0.0287159079027214
0.508308207049143	0.186876394225301
0.135448867544257	0.0520227526349437
-0.359014070766392	0.10669384643532
-0.24177445301126	0.0824405666747071
-0.746356613660589	0.273282091273725
-1.15150774848009	0.364078757050567
-0.075582048008192	0.0464172578550987
0.0211099110392105	0.0124716525160038
-0.190626931824259	0.154678177570441
-1.11023426389199	0.771347784732005
0.556817764824339	0.428776670704478
0.303131379654008	0.193784458303131
0.810729132583504	0.934732635634722
0.988914279533879	1.83911991152457
0.0805432935671164	0.0602297237780339
-0.293545437713405	0.277095709805463
-0.457723429846835	0.346683080742084
-0.342098469895761	0.206924726577049
-0.627615843131309	0.302856881048043
-0.0459248672963564	0.0370817431355523
-0.257428854109826	0.281706871891565
-0.163640254633394	0.0617987202008443
-0.23779019895304	0.0816855379093685
-0.0761285642210919	0.0340897444121235
-0.589679583807071	0.517608394785477
-0.542181473756869	0.219256936703721
-1.15645545358507	0.355419661653037
-0.363834221255445	0.105336776859405
-0.748438565787551	0.266401828876756
-0.361689402338145	0.108124975750703
0.428111516878465	0.175221939777085
-1.04746380174536	0.446251819108337
0.150695735521944	0.0375923132398476
-1.14934954991944	0.361642569623747
-0.621103143311843	0.310100312444642
0.127556569748911	0.0419596318178891
-0.367390061987361	0.298376428051408
0.0721775606271596	0.053809198596801
0.3384405705293	0.301907565149965
-0.444380349947738	0.385444429935497
-0.761636257630071	0.932857495692706
-0.040441973983364	0.0277721811004063
-0.459448478633709	0.495392889514832
-0.113184491406123	0.084822040333741
0.77267230729415	0.620562468650235
0.986512391348156	0.791486017868611
-0.176438697171855	0.121643944734584
-0.958745546213599	0.599674491276673
-0.355685942394939	0.254708332674314
-0.348299465383468	0.231376187180824
0.163778230888627	0.125982945649561
0.0641222668755561	0.0439465859211642
-0.309489633479896	0.218104972867308
-0.563284200510021	0.537054631258172
0.165042673760157	0.132123323277913
-1.23382107868659	1.45964400544118
-1.53233772721147	1.63935631056547
-0.291990329123535	0.188543540528534
-0.511367187887758	0.268281952411548
0.135222595560634	0.0475956627357811
0.283894476877705	0.195904167695224
-0.0261062067938515	0.0125439867690706
-0.659126657954594	0.367808788893605
-0.347731017319305	0.201451204280682
-0.932920689507787	0.680105264403455
-0.670121389120777	0.397457303360163
0.160617178912239	0.105461454641581
0.0529235933581673	0.0344475697310378
-0.0816599989070628	0.0523073406178634
-0.269809958170373	0.194352733872023
-0.410980153442178	0.234492533122071
-0.151204499941725	0.110329128132811
-0.865685256606521	1.20999577112291
-0.165608066702627	0.136451797976146
0.586521339626315	0.308031482997133
-0.422251877054767	0.320669078131955
-0.221007692264091	0.173868640635039
-0.464729355223175	0.298498802854502
0.045727851219407	0.0300278028510926
-0.213448874506241	0.170804384886772
-0.580389560996281	0.635663980320873
-1.11699628201658	1.33847753270456
-0.490965828007831	0.426058312013589
-0.151170211640283	0.138628401233433
-0.145737754056046	0.130091023646495
-0.111217051103193	0.0844757040328028
-0.729271391099438	0.686170114659831
0.408576177986012	0.297889864555311
-0.175870214213042	0.123369843308553
-0.155151540916385	0.0900677500197933
-0.255093014316596	0.165019397995742
-0.99252608142263	0.514089350246445
-1.6956960136728	0.93620092352906
0.941151863017165	0.644198008638014
0.143980168619091	0.0598696488755061
-0.506291515575952	0.271292827471863
1.2260782228083	1.02586093526657
-0.746356613660589	0.273282091273725
-1.62266715422957	1.24366453519488
-0.0443059620675223	0.0292518795498416
-0.498162168150075	0.438834236917233
-0.586203968586417	0.540443374490513
-0.184030459006221	0.123807904666809
-1.20632980276653	1.2772202744974
0.0775286881213605	0.0562692853094453
0.16820304846621	0.120622668139453
-1.42671139471736	2.1738005225747
-0.589246904449391	0.556341597860977
0.0140715432973872	0.00744569829596271
0.0266809003991689	0.015225412043708
-0.0377740509083199	0.0181302957850025
-0.804065853101991	0.444716320566317
-0.202278416606974	0.105690284054076
-1.01958700668584	0.941305593413011
-0.111591963447227	0.083944470857697
-0.474093328837405	0.475697421173849
-0.294213731264915	0.252785300213149
-0.409756462423442	0.290016427848056
-0.281208521875162	0.175229024474714
-0.603547818034825	0.428645952781049
-0.818712253235564	0.766654507987044
0.806359402540761	0.358507368695924
0.770406774396213	0.595421575736112
-0.662837422054309	0.404922269642755
-0.253403802429565	0.125014081764535
-0.416437285320486	0.176269162481311
0.35274986357898	0.173272124461314
-0.194378348048807	0.102706245256839
-0.11894728601317	0.0474239942640318
-0.280205527711668	0.16569614036061
-0.237425100604656	0.155437736539558
-0.398564941691569	0.441614587366386
0.352085623901005	0.312469630039851
-0.298083815356099	0.181791872872981
-0.365148926168754	0.342164344638519
-0.0636863665773817	0.0418594529039883
-0.437804495446139	0.453078916312504
-0.242813999629688	0.22691878071036
-0.624658271287694	0.791231735749577
-0.713518237770559	0.939551284836979
-0.407161215578113	0.456802664296876
0.674380026353927	0.847930051371635
0.572028476420343	0.542539115593251
0.0709957890881039	0.0516818432125642
-0.359386108673371	0.293721098474989
-0.719775577829414	0.645554506419307
-1.1049432271887	0.746989386183657
-0.245807387687485	0.164860813590778
-0.535032046720775	0.211935469347473
-2.09435207431954	0.960219995158489
0.351493404475771	0.180586514380823
0.14199994392832	0.0616466516629176
-1.03952973450319	0.426155787261663
0.525668154953018	0.29429960429154
0.131749166732433	0.0575436673341548
0.137890709949604	0.0609115962737022
-0.109970139335349	0.0446341070795334
-0.998024863222367	0.527784975096114
-0.263839842457681	0.125095906796675
-0.796768957596898	0.446579404993518
-0.413267889954929	0.175036509043347
0.14974544721465	0.069336889091995
-0.415400204215492	0.289473893388447
-0.695449631866438	0.481730712030366
-0.15331936485607	0.151534007577836
-0.230091802138227	0.238332639992366
-0.486577800337613	0.52828907855856
-0.15759535873938	0.112230580684625
0.27646388692123	0.20304443407147
-1.05776101534239	0.85605078027277
-1.35485534931732	1.09773418998762
-1.11378122752854	0.743520557916479
-1.04349566692495	0.428711682497803
0.138988387902156	0.0479479922116786
-0.240793683980085	0.0802221353379919
0.652695912520095	0.213141993776578
-0.790021083858651	0.363779597470419
0.145384026930887	0.0351445299626134
0.139031688439482	0.0551553886440224
-0.167502511317909	0.0629544677645849
-0.334043898760874	0.143720590283504
-0.742159792951855	0.273560129045021
-0.667510314444467	0.40247084916932
-0.474561569470814	0.327867000630791
-0.461263571308085	0.341261088103402
-0.814384154573933	1.01231089622407
-0.789291781310219	1.40339713834143
0.125336443993295	0.126896579703854
0.653474652889936	0.502510763392474
-0.0854882333450326	0.0527494424766188
-0.251759401031885	0.128678608025568
-0.252077720198854	0.129242573433571
-0.506291515575952	0.271292827471863
-0.040317668208709	0.0197222242853527
-0.24177445301126	0.0824405666747071
-1.04339806761328	0.44647504020799
-0.365836989763007	0.106464687450847
-1.15049600332665	0.365062590327348
-0.755739385861911	0.24049072655465
-0.742159792951855	0.273560129045021
0.157975224367896	0.037921494795094
1.44095713729263	0.481289667170511
0.151714458282224	0.0388912867750066
0.513322666607543	0.19461455271516
1.43834175748452	0.492373840580877
-1.54084152407037	0.548722359325435
0.138352980593499	0.0460470543968895
-0.161837926694675	0.06090852702236
-0.360560346528662	0.110506092787366
-0.549630706616625	0.54064354343813
0.244115098594162	0.203431811631559
-0.747877831309028	0.777757036652156
0.655101288872933	0.651427814265124
0.308789969776034	0.284632529043827
-0.166337662801362	0.15200184244
-0.396867348455118	0.371522503007648
0.496436856946442	0.432145091777764
-0.119577314750455	0.0701652933453939
0.0292892484913554	0.0179674629490838
0.01314595696226	0.00703401979339433
-0.0516295713552821	0.0232495618097434
-0.506611362020106	0.269646616928123
0.13395683731647	0.0531064763399834
-0.541304284053491	0.217969795952729
1.61187068542179	0.990729241453993
0.137507283025012	0.0646020386624445
1.55128984799298	0.768719477013773
0.136104373206364	0.04771177513027
0.143773199786866	0.0752839669739171
1.26674343174545	0.677733684606275
-0.365786309699024	0.111027187131026
0.310346521581177	0.185433255764655
-1.15049600332665	0.365062590327348
0.137853002565412	0.0545076249019817
0.134938318519499	0.0464604511200131
-0.50215819186836	0.267512638728285
-0.503420934750018	0.267315346187717
-0.162784016347003	0.0563570416138331
-0.780312192638077	0.335984203424086
0.887063481010915	0.484067989510335
-0.563958565394905	0.353481578378135
0.00685619238703011	0.0047315063081741
-0.0853464712703422	0.0354786063299787
-0.180450511429094	0.127261051636497
-1.49834857911922	0.766850978093335
-0.767185119426221	0.97188203746517
-1.29300786986555	2.0322194684647
0.899736424947653	1.35041841535705
-0.454863216127165	0.531438997225366
0.0843669180526317	0.0661041263292086
0.515412770049697	0.579909505218595
-0.36371414959001	0.32605760214208
-0.359376152521332	0.289025329461091
-0.50007343427545	0.426638646963284
-0.405561070285542	0.283399664205111
-0.506930146181536	0.514973504192748
-0.658532300462319	0.360731428959037
-0.0781154904630589	0.0495599668395167
0.146337781079979	0.0741956659562452
0.264420462584467	0.18313322676332
-0.667011563444877	0.626530820826673
0.26488903911521	0.198454773106776
0.0225982025561571	0.0126951848259781
-0.0697521086662472	0.0311362531816573
-0.477762247600642	0.317426952828787
-0.00525726179030714	0.00279125765072254
-0.154866105973399	0.0881956067630754
0.401480935136115	0.312536781930728
-0.920340693913175	0.68506917225787
-0.0767614468246812	0.0344390811156773
0.281969813797	0.193436029649637
-0.539121619563447	0.212020396153515
0.132943811608727	0.0582540000971299
-0.62515425890296	0.520402773473085
0.782906592157043	0.597967327316841
-0.620024689232023	0.312625345384732
0.137861045267139	0.071553287937483
-1.22905967373351	0.878407863836861
-0.923671248281133	0.759794737565652
0.304752270540035	0.181925321345528
-0.664953751089998	0.396396671939244
-1.27914193148041	1.14134812721599
-0.565274039497695	0.575351583845619
-0.407679421439361	0.325331077147966
-0.808238034669673	0.624545332314329
-0.598451304877166	0.693525627459247
0.0262622377656973	0.0213328210673173
0.331217828426344	0.37627184068879
0.504181030169034	0.571605451357105
-0.0545499542267108	0.0491154943642339
0.0476610939689964	0.042011632041136
-0.110837896801099	0.0920518129799896
-0.358842594222189	0.25920964441512
-0.34008166414926	0.316815900127796
0.817586051561262	0.819803262525505
0.156461096658887	0.120242140963709
0.158247995620172	0.104496835290711
0.31747681009242	0.287150409526451
0.15948356373409	0.128999782046316
-0.525355290899098	0.482861575372281
-0.191030470313053	0.152797920951761
-0.639833175722914	0.592268943773911
-0.20585442872475	0.112357318506222
1.22061372884572	1.32217369671635
-0.417385326496582	0.240142981318494
0.590431974039283	0.452151455334692
-0.506604870360918	0.272196634848816
-0.892059250563033	0.924652204640837
-1.34221390348992	0.85095440799452
0.151197275659085	0.0893214233670664
-0.0483794509143711	0.0319681572983414
-0.169108659489471	0.112757735229691
-0.715577969729315	0.643888882774466
0.4538703767588	0.304997001873569
0.459379127759326	0.30135773930383
-0.307958887237115	0.227141481431485
0.0238858529605686	0.0139846855000336
-0.554913990212479	0.357890017578043
-0.471162828038798	0.320421674968185
-0.546865097545814	0.500059619015887
-1.57358475755289	1.37419982373672
-0.242831203844467	0.0831146567067306
-0.166397946500408	0.0899759178631141
-0.542871128317061	0.495260705445571
-0.240671649673218	0.187294308710856
-0.454080903307175	0.413601236305702
0.537751950557665	0.53319689536746
-0.816307594782115	1.02979165349394
-0.81270919001463	0.827078945001919
-0.312606150938776	0.229165170668318
-0.392291736840995	0.239789841492163
-0.80959582066894	0.72423520308549
-0.558033710749397	0.469541823827718
1.21940395972452	1.32579741714799
0.0197229657591332	0.00999850364719086
-0.0808967301793628	0.0351391099382366
0.655118429097041	0.502365136466215
-0.202698172460838	0.11243909828756
0.134365677383912	0.0472680043000072
-1.76378546080001	2.33803376480316
0.304721536625493	0.19163780190002
-0.501845150329593	0.266946038037206
0.93921448025015	0.62060737956905
-2.00710618307209	1.32958369231984
0.15638504549455	0.0958450411533807
-0.13182367809962	0.0783655164866866
0.843076672401183	0.591724568308645
-1.16582090555143	0.965344086604478
0.304228828451669	0.180456442270349
-0.0151602792166338	0.00757284275532418
0.14694613102372	0.0785634170103561
0.0216797680537434	0.010451422232845
-0.106915794620885	0.0444299840185133
-0.680322330410407	0.698338120602726
0.736319341211457	0.819945897286479
-0.326294942555058	0.272767381780037
-0.130277775588033	0.0771826972349552
-0.164257609072034	0.0614857022139358
-1.74198847184281	1.46659127473711
-0.334383780261434	0.190676617703943
-1.84004584507334	0.776729715601015
-0.158254633912697	0.125992497249889
-0.265223342473266	0.23070693631092
-0.640992806933681	0.725030877747693
-0.480544523445048	0.472874433622723
-0.488946300788517	0.454231991485138
-0.20866489389486	0.161712573767735
-0.0729276463500103	0.0557926439126412
-0.313017904901207	0.126385540496575
-0.113219598557974	0.0852705546763857
0.161245599404113	0.136450884985159
-0.201540860504412	0.106143737409787
0.670646356717122	0.579014788655546
0.695551636336671	0.444991881405248
-0.64799963442498	0.604903479031216
0.0391078998324047	0.0243686099409672
-0.466621240657784	0.359611470721703
1.10848891545008	0.979406811903077
-0.191512194603457	0.129943389692176
0.271595826120203	0.174276464466677
1.95410139222743	1.26601505452128
0.483349633837168	0.290731576188155
-0.283445575125316	0.178892798287762
-0.0755061662416868	0.0331060009607495
-0.0379866274945986	0.0183964636646367
-0.241681728939409	0.0798132682576695
0.00795934704080835	0.00457315513787773
0.034030994989447	0.0211638544785211
0.0376416074169323	0.0223542548874324
-0.365776234008025	0.300811668085967
-0.811617759649157	0.769453380384252
-0.928411764705494	0.750160787674297
-0.728157035697395	0.638908132683047
-0.350588149724353	0.247406455038647
0.543933558654273	0.408126390034407
-0.813140463264872	0.853255770003018
-0.309842752231446	0.23334141159302
-0.485454169089982	0.311096771866546
0.142971955096055	0.0442241383996475
-1.68993555432446	1.02543325878458
-0.408770249755054	0.289709589172282
-2.13324024644584	2.65178542580508
-0.482263956138005	0.455392207038965
-0.739712272019633	0.787446518172165
0.256189551929498	0.195795107924095
-0.0242247525380515	0.0157917617416803
-0.505834673208199	0.427586508183675
-0.30780022281464	0.253651284203511
-1.07547539261184	1.11071666598666
-0.340554947531186	0.20891150472324
-0.213258722891829	0.147793717754445
0.233686508156696	0.198975055944455
0.020529834704481	0.0119618633241675
-0.806761853134574	0.784929582711841
-0.0457899661446966	0.0218155747679355
-0.136701169524047	0.100210588357395
-0.630186039988258	0.508457424220833
0.141952470403774	0.0718055927078662
-0.254150992470652	0.162831130784742
0.827710218231377	0.693098638961775
0.1398972230945	0.0509534555955023
-1.23926455004349	0.943339665304
-0.343509067191527	0.202625714256271
-0.354004943018509	0.256484502299878
0.647374222789388	0.456100636616678
-0.800155966771568	0.579960476805104
-0.678267658465923	0.460598366582769
-0.280763166641105	0.160156044724571
-1.23498973386181	0.87578031322709
1.22236681045085	1.03408940864849
-0.0460046246965853	0.0220748320059608
-0.321885012927898	0.150912232904397
0.307448739561552	0.185551430388632
-0.153936295546653	0.0867005312834361
-0.160268398419789	0.0864746243742644
0.152858148458586	0.0852298764066539
-0.200688069242538	0.110731887841927
-0.249081997852463	0.168062434741195
-0.149383666491457	0.104406509987053
-0.568113058892535	0.348823159915512
-1.11510849562627	1.04257375757785
-0.0418860505219444	0.0205613777746015
0.131096359070055	0.0506697150998409
-0.314525187026086	0.143524454151037
-3.09180216433298	1.00300677259101
-0.742214024546646	0.265076593943061
-1.44462326602242	1.80885443207947
-0.0995871045145287	0.0606555743169941
-0.361644030477311	0.264066763003298
-0.750407354947413	0.844567511776428
0.475474774096516	0.428791967296483
-0.248042936422082	0.190190233741257
-0.32117986227371	0.145149468602787
-0.236727855931232	0.0810119912872077
-0.322269812208497	0.15457168293373
-0.150940046747993	0.0807833417590455
-0.124868818818668	0.0752855035053463
0.159309184530169	0.110017224576557
-0.595716876031014	0.446285188169619
0.901818572559374	0.769659158871461
-1.18030620775793	0.698375725163885
0.150563728572111	0.0955334625686829
0.937107311282128	0.928091501045803
1.22452451599746	0.993378644275831
0.856264260503403	0.614571316743017
0.0485554495761414	0.0314340087775462
0.145520951173973	0.0776090646573485
-0.967004080853478	0.603731162763283
-0.420323834155714	0.226762974007514
-1.99917285615163	1.41104653182119
-0.620174769428335	0.506812068759794
-0.11648703582633	0.0467197919836423
-0.23779019895304	0.0816855379093685
-0.0726266734866235	0.0322265313834406
-0.260141370368669	0.131029387867171
-1.12005344766442	1.04141809446463
-0.341513232558848	0.208726987444172
-0.620978056500489	0.527464596611914
-1.12819522279326	1.33249799179725
-0.449423904744724	0.401431031682161
0.00934721313190569	0.0071469785825155
-0.473407437809205	0.30410235557616
-0.686197918371865	0.480559881452419
0.977878646019653	0.759158094494739
-0.918217147883828	0.781706753792406
-0.256933766682256	0.123926088526757
-1.84085906724748	1.07461164325384
-0.822244638047912	1.02426551942963
0.0743146042258992	0.0557152650340192
-0.0878636023328688	0.0683868934143835
0.249456115904115	0.209973260321012
-0.0229514348750319	0.0150694450269757
-0.0899216626097226	0.0671252239764942
-0.940068551875038	0.679681630580917
-0.815876910482412	0.69005399399867
0.773410824954517	0.842623201481298
-0.409745703743807	0.365999970415402
0.731419173864722	0.73058805008344
0.316812148726686	0.188112890530011
0.0118800502051053	0.0068347914552636
-0.0973739706330659	0.0616894054458313
0.896138537208052	0.734556543734491
0.297050358825926	0.192286386180895
-0.0473530138341271	0.021993195790372
-0.313210174625009	0.144106125803637
-1.84456803065086	1.50577835171252
0.148089416752586	0.0790590941470472
-2.93211247752344	2.14950453516291
-0.805255330999286	0.618197816588653
0.019683873772122	0.0109849252153422
-0.0454109240836039	0.0218224376110581
-0.358120891708795	0.258152409959211
-0.355328416683359	0.249056242706295
-0.644457539663587	0.594680875561546
0.299870556241079	0.192891227992176
0.347029092228923	0.305117901427061
0.0601683888681825	0.0402020240215522
-1.19931899141242	1.47727405413062
-0.024436503284901	0.0118971451180799
-0.162062178937772	0.0908396881686318
0.851717595142259	0.627058047404527
-0.162946267446777	0.11602582964441
0.321569849207684	0.188446256189625
-0.241866562043846	0.0810837692126153
-0.0000703822231434803	0.0001110398045103
0.256465377314052	0.212682310995314
-0.631115267949788	0.61548551457041
-0.75502445801637	0.833406092562897
-0.0497943184330811	0.0398628822323703
-0.180216345255202	0.12774787957104
0.0589800748590453	0.0380548196750748
-0.808703274662537	0.813871590928808
-0.634748901192536	0.690798312168794
-0.799709673912783	0.597443295640623
0.161235497231384	0.091482862048337
-0.0407018973064402	0.0199242455274434
-0.320738588413638	0.149570141217964
0.309457534993783	0.191146068841184
0.139056021749584	0.0653060760555201
-0.404435082303285	0.278020755875986
-0.168753019091489	0.0613575766485764
-0.10622085692575	0.0437280025102277
0.489074090449235	0.316155112910806
0.148100747388725	0.0759870541846464
0.289246538432259	0.194885197930389
0.121939588345555	0.0471412578871646
0.984016742038123	0.802780697168594
0.346103110842196	0.179823680062336
-0.623432839267134	0.314137722768669
-1.10937074488188	0.779208599663148
0.676999880107791	0.327675993957551
-1.10529852307657	0.778605023155457
0.526330691402996	0.288055592186596
0.321679237525596	0.178332257085562
-0.509472611054768	0.268678293107803
-0.927165702608121	0.620977151164031
-0.781147887766494	0.346011834756696
-1.17461082533658	0.951141561232307
-0.814618142800824	0.535852846622871
0.0145953079040404	0.00846475277123901
0.496545129947783	0.310222370262639
0.146004974468927	0.0821113144501193
0.938145849952815	0.910341870899747
-0.483368496131168	0.453993406251533
-0.418051710455578	0.284876003282226
0.164723298436696	0.130805950629827
-0.461636263231937	0.361886452699625
-0.397864012216685	0.315032458315903
0.726840431323373	0.566015978478018
-0.103524310536803	0.0633836336621702
-0.0586406109139874	0.0382925412499585
0.0596254875622283	0.0394244279434735
-0.480309433241844	0.31991494410685
-0.725205131447276	0.715322375719228
-0.341678732924819	0.207962807148964
-0.406383658578796	0.282511899016632
-0.472023377602994	0.321801257872821
-0.413598053527282	0.181863090289465
-0.362761418010383	0.108072109203298
0.432109111640775	0.175699957021401
-0.668114736517524	0.402310037247101
-0.665066146069274	0.380721066279154
0.655364036119464	0.218674474525788
0.13395683731647	0.0531064763399834
0.388307185290476	0.176095375096409
-0.0684673911996779	0.0292530010297741
-0.0659679125939011	0.0281823035215953
0.38106965070254	0.174879768700919
0.330670242384093	0.183028647524128
-0.365786309699024	0.111027187131026
-0.501525800844406	0.265217028429327
0.139046459888112	0.0729496349744858
-0.789415503798749	0.357067149108583
0.58220763399843	0.277860272619276
-0.414969104090676	0.172609368042727
-0.535284818783474	0.208452211168725
-0.107367365954032	0.0441482405081564
-1.04756464451673	0.422542066773274
-0.247428032435528	0.123085898723167
-0.803552836912279	0.69714223130008
0.698087360278947	0.466523712052381
0.15011659400174	0.0927507133436023
-0.399730069955964	0.372890274486428
-0.520174499558836	0.52132617046412
-0.30028680335826	0.182999195647767
-0.413446346068131	0.439303547518952
-0.674410647189589	0.88458999046277
-0.880861299222376	0.962105284696579
0.552676840410205	0.431684287627903
-0.411894430982352	0.180404527974127
0.426944553046452	0.177586142190806
-0.743201468674383	0.27129411111425
-1.1554350298159	0.363497790570843
-0.622491280980172	0.315037369086305
-0.541155363870536	0.217914309576922
-1.84315863125403	0.748298153660836
0.153009688936012	0.0367182323751559
-0.243889020737946	0.0813578121095118
0.937499190632754	0.261653783809326
2.750998534728	0.856347257355128
0.142923338097577	0.0435648827361028
-0.740023940193408	0.261682523765812
-0.780435660943107	0.359162183101376
-0.742159792951855	0.273560129045021
-0.780635032286793	0.350632558270339
0.13395683731647	0.0531064763399834
0.349595648470393	0.167208611740373
-0.208431398187342	0.111597015035436
0.637450221369854	0.791918164607945
0.73190015576628	0.887150763790595
-0.273995401309858	0.209040550304619
0.0839374600242203	0.067033310607983
-0.542506682825034	0.597465255884603
-0.447501832904487	0.385230140773236
0.254953151402578	0.192736578168256
-0.350791705241476	0.255113699987958
-1.23420619357409	0.900452567235578
-0.783756015091416	0.362696617831833
-2.57959143539798	0.718828611548918
-0.238853585534742	0.0799568001465923
-1.30204311905896	0.60348860230789
-1.30186228392267	0.565930811294691
-1.51236858685688	0.795124800463189
-1.15523338788962	1.32024012863447
-1.15921626116894	0.91768906621273
-0.216417159491336	0.144558103202884
-0.411700765641971	0.322213647785081
-0.413225794652535	0.410095832073387
-0.619544550673821	0.507488379313883
-0.315460433058166	0.239495998753916
-0.457360971474241	0.354894764618662
1.44144258128909	1.9541460938896
0.324815231038239	0.184937905655495
0.721837358813078	0.693886374916623
0.247528315160659	0.18546502618428
0.717498787370738	0.680898151742934
-0.627789209008141	0.683994541716236
-0.0411183872012292	0.0194125181083934
0.32053061167584	0.174368203874437
-0.164447948378672	0.061987630845636
0.143711496233304	0.0671826288762893
-0.347899119317162	0.213366421957395
-0.245351097707141	0.166254073129278
0.132167711963978	0.0557042294262064
-0.939382609893349	0.696079776374805
-0.613017992493778	0.296931369411878
-1.85325463676006	1.2457739210264
-0.403938722148307	0.284180952003212
-0.544966703844416	0.207391877181597
-0.579282096726433	0.509884038260467
-1.94910828340497	1.82729471625141
-0.526132482582337	0.483241745986796
-0.21173831250539	0.141672977389817
1.21210942754839	1.24722210703563
0.53571157746934	0.314887890939185
-0.217203801146268	0.173977550833693
0.249021620578775	0.195275479345885
-1.00512648215822	0.951449966235982
0.0216358630033267	0.0127632861453499
-0.288230291018972	0.187095872474139
-0.246881178844092	0.194644987167534
0.13395683731647	0.0531064763399834
-0.0465539109268985	0.0220001829941557
0.129924419041201	0.0557465100287888
-0.312553016688163	0.143146766811956
-0.625541054903268	0.302960912119805
-0.559509668231731	0.353392856294441
-0.405352534749444	0.171481542679042
0.329474465244692	0.182856167298531
-1.36388709178491	1.12012421731207
0.0442578968445708	0.0285504271039788
0.241296890099209	0.211205435760086
0.359963279623555	0.377461808227044
0.159258119716651	0.142987871446759
-0.0745021795069181	0.0577660919386722
0.165830471608496	0.152108597508689
-0.264439769621834	0.22907745741107
-0.273118646347642	0.234318259432396
-0.0566804671774222	0.0378693229393514
0.0112754343500945	0.00608351619358884
-0.541098570113599	0.428324310449571
-0.358359045617402	0.103670335208107
-0.111247230202704	0.0450068009831044
0.136012236058411	0.0414376999459869
-0.20782177358455	0.143162791857003
0.777040653296928	0.606350666892322
1.04865694548449	0.531508191445054
-0.308838058256495	0.132930222360401
-0.240938426368623	0.183605106042298
0.0026575184207814	0.0015001103649432
0.645853826318206	0.78824719406195
-0.294192061203776	0.332171147900388
0.173064323142233	0.173195000709378
0.00291475916178475	0.00165090115169687
0.11995803261383	0.127439457139721
-0.484315498049552	0.698350714811673
-0.32455589916162	0.369182735429619
-0.378869912176503	0.373149962422075
-1.15252026964086	0.35280108571698
-0.362705556816672	0.107501080075651
-0.243889020737946	0.0813578121095118
-0.30009330222493	0.259074843685077
0.0529071582669527	0.0344251407845145
-0.147972355153412	0.106543994296589
1.12361692276333	1.2329777864716
1.22234701777048	1.29482896267786
-1.44584923752121	2.08781358972216
0.164091811236079	0.119827310149925
-0.481934302605604	0.497083297846182
1.56201964802421	2.05824459758213
-0.723202781538495	0.650930310318496
0.42181929463908	0.307732717211139
-0.443319675306539	0.429970389291243
-0.0943010496286992	0.0551947739384921
-0.284572370493927	0.180307704619229
0.892528625896951	0.711985064079816
0.0738559652872647	0.0543890005965678
-0.190298811322103	0.172297889500443
-0.172596150662905	0.0927958363909091
-0.618062170451355	0.308574530477795
0.420812892984945	0.266124214564576
-0.547130328461144	0.206383992222033
0.15892714650145	0.0894301006793056
0.161028015533215	0.110149525106213
-0.456292199770029	0.364359121558951
-0.123944204901449	0.0863061693688635
0.360191540849982	0.310092356026343
-0.156843139377751	0.0892028445082149
-0.131941813045029	0.110563021079094
0.525064079605386	0.4419656703366
-0.589810743825184	0.438570145707303
-0.254880624192064	0.127940722056035
0.374315101873664	0.291152130545028
-0.197959481135833	0.107697528772762
-0.0783378300613387	0.0349270099663494
-1.73318808361266	1.4146693467055
-0.244881222686896	0.191703543510281
-0.483096816935537	0.396411194179982
-0.231650030583994	0.19880948359808
-0.210128835048546	0.106071433113951
-0.913812341357786	0.729141200255492
0.654458835496551	0.669993643277111
-0.577270261175099	0.536084992042715
-0.772737183537479	0.966315929267614
-0.465279895910587	0.516298901927915
0.594500099455916	0.540130740997801
-0.614890156749197	0.620609187820685
0.150066702906031	0.0880748571797168
-0.411179740234307	0.285759580649455
-0.0207783673088379	0.0146349668194914
0.138636788799519	0.0707996043618196
-0.471997117777627	0.305462002067479
0.0050548367358069	0.00273184124877057
-0.903352069651134	0.884000666681409
0.458938090018768	0.492989107768594
-0.368546619785772	0.308046151861642
-0.824872440419674	0.919175486366767
-0.646853816697941	0.583729949009757
-0.376110708643095	0.335295240028481
-0.556929841092022	0.365778837103748
-0.696804229907149	0.795854540774784
0.47842429632073	0.434857133297395
0.780523085056648	0.432495957729206
1.23463275164967	0.844093172719436
0.046428067041359	0.0278809504713169
1.67509815966522	1.90455580569931
0.345497630717889	0.173761545622922
0.529972215787583	0.31339018115314
-0.462637804880229	0.36025156413218
-0.44384450677963	0.417252499464302
-0.524696706329602	0.618571696297166
-1.04103183619869	1.16014669889119
-0.176103735266486	0.124503354890483
-0.444628046613533	0.397081661518978
0.152879337103019	0.08764011858992
0.90369569214647	1.01473319527407
-0.132244207409981	0.078766381045675
-0.217234499515156	0.208872681429868
-0.0736924668926919	0.0479242042337614
-0.702331110253246	0.563319798398888
0.0253018187227699	0.014553957970684
0.0560655326102746	0.037200341698357
0.0847292480603383	0.0622854238268143
-0.0911939775823842	0.0689888174023739
0.522655907558141	0.43319317949532
0.52655150632579	0.532495163033573
-0.488636838243091	0.467978376993888
-0.618745422919569	0.50262072525249
-0.807185048774892	0.603905158985775
-0.0370281616307072	0.0247410979972288
-0.128733368796743	0.093502064015721
0.779194477927755	0.797051994375863
-0.489207426346243	0.757923341916281
-0.0686489105668478	0.0605049882088835
0.0169812554527989	0.0127940371967106
0.149374979884612	0.167644652383389
-0.415914588488022	0.586929347319735
-0.464373955375753	0.578560096136986
0.3167116067917	0.291920729176429
-0.266519989115271	0.202171288834071
-0.420626893395437	0.217464365060957
-0.254651928360848	0.125789339123052
0.146211424317479	0.0914217863336587
-0.0460312045645488	0.0299115033607438
0.0135408634291022	0.0102855879439049
-0.430040852923382	0.607389876905479
-0.807144657553925	1.37000651636004
0.165916713575848	0.12842544142332
-0.440180478565853	0.72520455840224
-0.0228653116203368	0.0231332651136444
0.224752921316119	0.251603121771196
0.556640043173005	0.632441328751941
-0.63531332536938	0.55583855210037
-0.290305640447967	0.189076485366879
-0.810338905207884	0.548745347961216
-1.61737942317356	1.27075276155977
-0.347789342292597	0.213546337875659
-0.17900894511156	0.127761596492659
-0.751142217492045	0.773701108869741
-0.100989081725344	0.0836134161152523
-0.230984082676663	0.311144817839569
-0.132650288855723	0.143569835612644
-0.0732955992627831	0.0553651979621035
-0.736760874720126	1.45717799514823
-0.848653889880313	2.09465379912466
-0.684071146738766	1.12852315498551
-0.477606970286956	0.454091781229108
0.721652039638556	0.609661936014258
0.774855859867079	0.571222496468381
-0.40202941894001	0.314303726573295
0.134732232980068	0.0589037968861403
0.855684521805435	0.603774081957676
-0.158531498351676	0.0600096959484779
-0.337726157108023	0.282424939859689
0.540683365782758	0.530975405173857
-0.371978584219398	0.336491404232818
0.229609386264965	0.205599258575705
-0.146063133629049	0.102835133613748
-0.453089571129594	0.348389573253813
-0.547343587467392	0.644692200756675
1.29569602420955	1.41935911793449
1.35070977701021	1.24072729047705
0.146292761108282	0.0701658927610623
-1.09352642351293	1.5532753814037
-0.0181386570605086	0.0127917786352245
0.23999736135638	0.206919719323055
-1.00775933044481	1.26698665834934
0.152763868095091	0.119519934070288
-0.264315416614067	0.253237948486001
-0.986378825207454	0.91206670217278
-0.654521575142914	0.601816131692356
-0.511688599781347	0.519618601803002
-0.335089700114405	0.307859573416849
-0.0305494473202144	0.02113501571955
-0.415587222465938	0.221522217122293
0.309330787024533	0.18923599728208
-0.105485698757275	0.0643154595116945
-0.225384440427344	0.162920810420018
0.399811516206641	0.38510099429155
-0.474191394167222	0.496591282317285
0.712896565374377	0.956950193725218
-0.324665733360239	0.327439143318599
-0.160095925752857	0.133574366703555
-0.479431040057716	0.496844411934491
-0.148606486617293	0.143312448336647
-0.247052860129344	0.209636443945127
-0.0160464436402177	0.0113128196447602
-0.365150188630531	0.258879326362244
-2.29333075831077	2.63476287395618
-0.939774048549027	1.15618078131311
-0.630396710645667	0.51766943429961
0.901592966147886	0.789906036641247
-0.590648025088113	0.4356047395571
-1.6766486391741	1.60092702310453
-0.246458937903337	0.2138460314735
0.0573568981362785	0.050089926330809
-0.476138486331645	0.566502335160237
-1.96369661394163	3.75227893999127
-0.379350638950075	0.400858804103478
-0.356642404605048	0.377863281757291
-0.495656266512011	0.609985165347844
-0.727760228010413	0.723248339419288
-0.733347720995375	0.72242174715763
-0.281126738601021	0.173711742011046
-0.413430687916542	0.282534191309138
-0.800495140528021	0.788828607675122
0.896786166638382	0.762607774605555
-0.0659486803311184	0.0290796313095847
-0.62460406518049	0.299444018601871
-1.18946459184351	1.51994248133214
-0.423621921892179	0.509976880228639
-0.314017991908751	0.334858200519302
-0.104703887427848	0.100202367910263
0.482063943438853	0.635594794807245
-0.2078125949976	0.18529799536733
-0.310101661395876	0.285134497799652
-0.738886741988576	0.811799041492095
-0.312181052474155	0.334655809012673
0.131779494178384	0.0568165625585411
-0.588143947834638	0.42082718947445
-0.879511228555807	0.936178871462893
0.135628193631695	0.0653417031044087
-1.85256354163673	1.24329327350862
0.132601603471635	0.0617764613231906
-0.326079616005965	0.275230135244063
-0.175948743277773	0.160988479566486
-0.503102214590434	0.615067789767819
0.306586994817892	0.288922624066272
-0.758611014360399	0.992431159566085
0.157515551680948	0.142677138915938
-0.408081444126491	0.356581331662674
0.093250058947546	0.0735929660450115
0.00183296753791621	0.00121211683039871
-0.452458663326755	0.392834741188854
-0.561331178775642	0.650682976431896
-2.56099735919061	2.61515587851512
-0.504045924945749	0.270840892988651
-0.710377429127576	0.892192312510942
0.550145120135722	0.437362916773987
-0.328961787148754	0.14310643428265
0.776428083761706	0.445417708064582
-0.995490012863697	0.98574851121086
0.100315916394867	0.0816588282324315
-0.185501763048031	0.172634673559932
-0.449898223048125	0.537635220532313
-0.0469962847850193	0.0417948035616981
0.100787206703659	0.0851301015352411
-0.76210740894579	0.976082676077301
-0.321252024313394	0.280027997379004
-0.00153264901371293	0.00114145270477036
-0.805500349679024	0.840154547525135
-1.1134553726955	0.768635109973517
-0.80148525134879	0.525831053069668
0.959693222114622	1.18647925161056
0.136828056973235	0.0655136286738556
0.424167265657531	0.175208193744746
0.526217920262072	0.43218909361083
-0.566422991216553	0.48902389235073
-0.953677364911495	1.15181499428781
0.171166425482501	0.161498671595825
-0.584989822973875	0.712863160163636
-0.35742474690677	0.409683617913456
0.271140297400791	0.196010175836251
-0.99029819394262	0.944265881260533
0.214700846606049	0.211737510973793
-1.08121226456398	1.13668958236554
-1.12173932312991	1.07724888163417
-1.02261525735761	0.910271224387448
-1.04136409890739	0.424665264099882
-1.00845219612754	1.2423888953892
-0.577900997872044	0.712360539644065
-0.214508234593755	0.184285871741341
0.379242504779559	0.387808868094228
0.168130810016815	0.137479819211807
-0.03550039750451	0.0234636548383776
0.032683315358983	0.0272717892203264
-0.0449700976588896	0.0299774561310456
-0.405694976634446	0.457425824683831
0.167468095840579	0.135393896541523
-0.521714708129628	0.534171398860086
-1.16071713819355	1.31313203128939
-1.47650755413947	2.56334201229915
-0.654323590319478	0.781694495549489
0.108638744220615	0.0962285138885371
-0.465852561079008	0.552560242773059
-0.205047336514577	0.198880086400251
-0.105545358238069	0.0863964887729451
-0.302153717354999	0.308121532736165
-0.0215778691517365	0.0149670411714421
-2.09307962062078	3.58844102283206
0.0543509824039377	0.0479146141574133
0.163986672991845	0.147065894751441
0.301025346494999	0.302004739987001
0.154731978022954	0.142454292138992
-0.25529317597241	0.236388869804537
-0.498190483593392	0.53963824146784
0.684006763457239	0.834287400710842
-0.560061972767794	0.711163888277071
-0.0786190443210727	0.0689114468563718
-0.314589831894607	0.357255594310998
-0.213127046997817	0.184260450658994
-0.557063285034537	0.660517424474358
-0.769721818890882	1.04872624468903
-0.704638802861209	1.06774315794257
-0.523120251434931	0.660708422905727
-1.18662600216695	1.84351335143251
