x	y	showSelected1
4.08724886779566	3.8073549220576	1
2.51719589794997	1	2
2.79518458968242	1.58496250072116	3
2.45178643552429	1	4
2.69635638873333	2	5
2.97772360528885	1.58496250072116	6
2.56466606425209	0	7
2.79309160017658	2	8
1.53147891704226	0	9
2.15836249209525	1.58496250072116	10
2.27415784926368	1	11
1.82607480270083	0	12
3.74288217143727	3	13
2.81888541459401	1	14
2.8234742291703	1	15
2.83695673705955	2	16
3.13321945673249	2	17
2.96894968098134	0	18
1.11394335230684	0	19
3.26316246496222	1.58496250072116	20
3.11260500153457	1.58496250072116	21
1.82607480270083	0	22
3.64077947734486	2.32192809488736	23
2.79518458968242	1	24
3.05766610390983	1.58496250072116	25
3.38667728396084	2	26
3.57112627708431	2	27
2.77378644498119	1	28
2.5854607295085	1	29
2.78318869107526	1	30
2.30749603791321	1	31
3.21058602490516	2	32
2.86510397464113	1	33
2.93851972517649	1	34
3.76335310874822	2.58496250072116	35
3.10002573010786	1	36
3.41010207664286	2.32192809488736	37
2.71180722904119	1	38
2.93851972517649	2	39
2.4996870826184	0	40
2.34439227368511	0	41
2.07918124604762	1	42
1.27875360095283	0	43
3.07114529045108	2	44
3.17231096852195	1.58496250072116	45
2.33445375115093	1.58496250072116	46
3.18012587516405	2	47
1.14612803567824	1	48
1.17609125905568	0	49
2.77378644498119	1.58496250072116	50
2.19865708695442	1	51
2.72591163229505	1.58496250072116	52
3.17260293120986	2	53
1.85125834871908	1	54
2.7664128471124	1	55
3.08350261983027	1.58496250072116	56
2.69810054562339	1	57
3.0386201619497	1	58
1.66275783168157	0	59
3.44669246637153	2.58496250072116	60
2.86391737695786	2	61
3.01072386539177	1	62
1.60205999132796	0	63
2.42488163663107	1	64
3.40942586867144	2	65
1.23044892137827	0	66
2.53019969820308	0	67
3.1078880251828	2	68
2.39445168082622	0	69
2.42813479402879	1	70
2.10720996964787	2	71
3.55266821611219	3	72
2.61384182187607	1	73
1.96848294855394	0	74
2.98900461569854	1.58496250072116	75
1.73239375982297	1	76
1.98227123303957	1	77
3.71692107316676	2.8073549220576	78
3.2626883443017	2	79
2.6222140229663	2	80
1.11394335230684	0	81
2.77959649125782	2	82
3.80126647048962	3.16992500144231	83
1.07918124604762	0	84
2.73798732633343	1	85
2.17609125905568	0	86
3.52994340165867	2.58496250072116	87
2.47421626407626	0	88
2.19589965240923	0	89
2.10720996964787	0	90
3.07954300740291	1	91
2.84198480459011	2	92
2.81424759573192	1.58496250072116	93
3.31555053442191	1.58496250072116	94
2.67760695272049	1	95
1.75587485567249	0	96
2.32428245529769	2	97
2.35602585719312	1	98
3.10140335055533	2	99
2.65030752313194	0	100
2.91434315711944	1.58496250072116	101
2.84757265914211	1.58496250072116	102
3.15866398081399	2	103
1.44715803134222	1	104
2.55266821611219	2	105
3.83372069044463	3.16992500144231	106
2.34830486304816	0	107
0.903089986991944	0	108
2.81557774832427	2	109
3.23854788768133	2	110
1.25527250510331	0	111
2.2718416065365	1	112
1.38021124171161	0	113
2.44090908206522	1	114
1.34242268082221	0	115
1.5910646070265	0	116
3.18525876529659	2	117
2.28780172993023	0	118
2.5910646070265	1	119
1.49136169383427	0	120
1.80617997398389	0	121
1.97772360528885	0	122
2.08635983067475	0	123
2.01703333929878	0	124
3.09061070782841	1.58496250072116	125
1.90848501887865	1	126
2.77815125038364	0	127
1.07918124604762	0	128
3.44684771015581	2.32192809488736	129
2.96236933567002	1	130
1.38021124171161	0	131
2.7481880270062	1.58496250072116	132
2.51188336097887	0	133
2.02118929906994	1	134
2.94448267215017	1	135
2.90902085421116	1	136
3.08813608870055	1.58496250072116	137
2.12385164096709	0	138
2.61172330800734	1	139
2.78675142214556	2	140
1.73239375982297	0	141
2.41329976408125	0	142
1.77815125038364	1	143
3.00860017176192	2	144
1.11394335230684	0	145
2.26951294421792	1	146
1.95904139232109	1	147
2.20682587603185	0	148
1.69897000433602	0	149
1.93449845124357	0	150
2.4983105537896	0	151
2.86213137931304	0	152
2.8488047010518	1.58496250072116	153
2.30319605742049	0	154
1.95424250943932	0	155
2.76863810124761	1	156
1.93449845124357	1	157
3.10687054447865	1.58496250072116	158
2.17026171539496	0	159
2.568201724067	2	160
2.86923171973098	0	161
2.85913829729453	2	162
2.73719264270474	1	163
2.66745295288995	1	164
3.32345836684947	2	165
3.04257551244019	1	166
3.07591176148278	1.58496250072116	167
2.43775056282039	0	168
1.83250891270624	1	169
1.98227123303957	0	170
2.36361197989214	1	171
3.32221929473392	2	172
2.96189547366785	0	173
1.46239799789896	0	174
2.80955971463527	1	175
2.12385164096709	1	176
2.49276038902684	1.58496250072116	177
1.84509804001426	1.58496250072116	178
1.30102999566398	0	179
2.01703333929878	0	180
2.63748972951251	1	181
1.36172783601759	1	182
2.57287160220048	2	183
2.45331834004704	1	184
3.3040594662176	2	185
2.78247262416629	1	186
3.49401537475714	2.32192809488736	187
2.54530711646582	1.58496250072116	188
2.41161970596323	1.58496250072116	189
1.85733249643127	0	190
2.19312459835446	1	191
1.93449845124357	0	192
2.88309335857569	2	193
2.40993312333129	1	194
2.65030752313194	0	195
2.97081161087252	2	196
1.47712125471966	0	197
2.38560627359831	0	198
2.65801139665711	2	199
3.04532297878666	1.58496250072116	200
2.64443858946784	2	201
2.79865064544527	1	202
1.17609125905568	0	203
2.09342168516224	0	204
1.04139268515822	0	205
2.52891670027765	1	206
3.20817252666712	2	207
1.44715803134222	0	208
1.51851393987789	1.58496250072116	209
3.32056168019524	2.58496250072116	210
2.79028516403324	0	211
2.40993312333129	1	212
1.27875360095283	0	213
0.845098040014257	0	214
2.31175386105575	0	215
2.03342375548695	1	216
2.71096311899528	2	217
2.52374646681156	1	218
2.25527250510331	1	219
2.67577834167409	2	220
2.48855071650044	0	221
1.75587485567249	0	222
2.72672720902657	1	223
2.03742649794062	0	224
2.21218760440396	0	225
2.13987908640124	1	226
2.13353890837022	0	227
2.00432137378264	0	228
1.07918124604762	0	229
2.12385164096709	1	230
2.92992956008459	1.58496250072116	231
1.69897000433602	0	232
1.72427586960079	0	233
2.15836249209525	1	234
2.2405492482826	0	235
2.53019969820308	1.58496250072116	236
3.02284061087653	2	237
3.02325245963371	1	238
2.20682587603185	0	239
2.53147891704226	1	240
2.90525604874845	1	241
1.85125834871908	1	242
1.25527250510331	1	243
1.32221929473392	0	244
2.14921911265538	1	245
1.83884909073726	0	246
2.18184358794477	1	247
2.4983105537896	1.58496250072116	248
2.06445798922692	1	249
2.42324587393681	2	250
2.01283722470517	0	251
1.36172783601759	0	252
1.81954393554187	1	253
2.55990662503611	1	254
1.70757017609794	0	255
2.62531245096167	1	256
2.04139268515823	0	257
1.43136376415899	0	258
1.36172783601759	0	259
2.18184358794477	1	260
1.47712125471966	0	261
1.95424250943932	0	262
2.00860017176192	1	263
3.04999285692014	2	264
1.57978359661681	0	265
1.81291335664286	1	266
1.30102999566398	0	267
2.59879050676312	1	268
2.79169064902012	1	269
2.47421626407626	1	270
1.07918124604762	0	271
1.79239168949825	0	272
1.07918124604762	0	273
2.17026171539496	0	274
2.17609125905568	1	275
2.8926510338773	1.58496250072116	276
2.66931688056611	1	277
1.07918124604762	1	278
1.73239375982297	1	279
1.7160033436348	0	280
2.56937390961505	1	281
2.5910646070265	1	282
2.45939248775923	1	283
1.81954393554187	0	284
2.03742649794062	1	285
2.24551266781415	1	286
2.72672720902657	1	287
1.60205999132796	0	288
3.15381486434453	1.58496250072116	289
2.04532297878666	0	290
2.14921911265538	0	291
1.68124123737559	0	292
3.11991541025799	1.58496250072116	293
1.11394335230684	0	294
2.10720996964787	0	295
1.49136169383427	0	296
2.02530586526477	0	297
3.49303958831765	2.32192809488736	298
2.28780172993023	1	299
1.92941892571429	0	300
1.73239375982297	0	301
2.07188200730613	0	302
1.50514997831991	0	303
1.17609125905568	0	304
1.54406804435028	0	305
1.568201724067	1	306
2.28330122870355	1	307
3.21932250841934	1	308
2.9237619608287	1	309
1.82607480270083	1	310
1.81954393554187	0	311
1.43136376415899	0	312
3.23829706787539	1.58496250072116	313
1.57978359661681	0	314
1.74036268949424	1	315
2.12057393120585	0	316
2.41497334797082	1.58496250072116	317
2.07918124604762	0	318
2.85491302230786	2	319
2	0	320
1.14612803567824	0	321
1.66275783168157	0	322
1.77815125038364	0	323
0.778151250383644	0	324
1.23044892137827	0	325
3.01953168453126	1.58496250072116	326
1.95424250943932	0	327
2.1846914308176	1	328
1.14612803567824	1	329
2.12710479836481	0	330
2.6159500516564	0	331
2.86746748785905	1	332
1.68124123737559	0	333
3.02448566769917	1.58496250072116	334
1.79239168949825	1	335
2.97543180850926	2	336
1.77085201164214	0	337
2.18184358794477	1	338
2.92634244662566	1.58496250072116	339
1	0	340
1.25527250510331	0	341
3.24254142829838	1.58496250072116	342
2.28330122870355	0	343
2.42324587393681	0	344
1.07918124604762	0	345
2.27415784926368	0	346
2.69460519893357	1.58496250072116	347
2.28555730900777	0	348
2.73319726510657	1	349
1.66275783168157	0	350
0.845098040014257	0	351
1.43136376415899	0	352
1.72427586960079	0	353
1.39794000867204	0	354
1.7160033436348	0	355
2.92479599579791	0	356
1.38021124171161	1	357
2.70329137811866	1	358
2.35602585719312	0	359
1.04139268515822	0	360
2.50650503240487	2	361
1.38021124171161	0	362
1.11394335230684	1	363
2.03342375548695	1	364
2.03342375548695	1	365
1.51851393987789	0	366
2.05307844348342	0	367
3.25863728272408	2.32192809488736	368
3.44388854677737	2	369
2.21218760440396	0	370
1.47712125471966	0	371
1.14612803567824	0	372
2.19865708695442	0	373
2.69897000433602	1.58496250072116	374
2.42160392686983	0	375
1.07918124604762	0	376
2.56110138364906	1	377
2.51982799377572	1	378
1.97772360528885	1.58496250072116	379
1.98677173426624	1	380
1.63346845557959	0	381
2.03342375548695	1	382
1.86923171973098	0	383
0.954242509439325	0	384
1.04139268515822	1	385
1.53147891704226	0	386
0.778151250383644	0	387
1.32221929473392	0	388
1.568201724067	0	389
2.11058971029925	1	390
2.39619934709574	0	391
3.12057393120585	1	392
2.28330122870355	0	393
1.25527250510331	0	394
1.49136169383427	0	395
1.77815125038364	1	396
2.61804809671209	1	397
1.83250891270624	1	398
3.27021285489624	2	399
2.86923171973098	1	400
1.38021124171161	0	401
3.62428209583567	2.58496250072116	402
2.16136800223497	0	403
1.20411998265592	0	404
1.94448267215017	0	405
2.66651798055488	0	406
1.74036268949424	1	407
1.65321251377534	0	408
2.08278537031645	0	409
1.93449845124357	0	410
2.89486965674525	1.58496250072116	411
3.23070431361257	1.58496250072116	412
1.7481880270062	0	413
1.04139268515822	0	414
2.17609125905568	1.58496250072116	415
1.95904139232109	1	416
1.75587485567249	0	417
1.34242268082221	0	418
1.14612803567824	0	419
1.49136169383427	0	420
3.07188200730613	1.58496250072116	421
1.79934054945358	1	422
2.23552844690755	1	423
2.64836001098093	1.58496250072116	424
1.38021124171161	0	425
1.97772360528885	1	426
1.81954393554187	1.58496250072116	427
1.20411998265592	1	428
1.568201724067	0	429
3.14238946611884	2	430
2.48572142648158	1	431
2.65609820201283	1	432
1.89762709129044	0	433
1.568201724067	0	434
2.22530928172586	1	435
1.8750612633917	0	436
1.07918124604762	0	437
2.3654879848909	0	438
1.85733249643127	0	439
1.72427586960079	1	440
1.43136376415899	0	441
2.17026171539496	1	442
3.43552585149866	2.32192809488736	443
1.75587485567249	1	444
2.32837960343874	2	445
2.55750720190566	1	446
2.90687353472207	1.58496250072116	447
2.33445375115093	0	448
2.22788670461367	0	449
1.27875360095283	0	450
1.82607480270083	0	451
1.11394335230684	0	452
1.41497334797082	0	453
1.07918124604762	0	454
0.778151250383644	0	455
2.26007138798507	1	456
1.60205999132796	0	457
1.27875360095283	0	458
1.44715803134222	0	459
2.87098881376058	1	460
2.0899051114394	1	461
2.57978359661681	1	462
1.75587485567249	0	463
1.47712125471966	1	464
2.3096301674259	1	465
0.954242509439325	0	466
1.17609125905568	0	467
2.19589965240923	0	468
1.92427928606188	1	469
2.34439227368511	2	470
1.44715803134222	0	471
2.1846914308176	1	472
2.92685670894969	1	473
1.32221929473392	1	474
1.79239168949825	1	475
3.2380461031288	1.58496250072116	476
2.01283722470517	0	477
1.66275783168157	0	478
2.11394335230684	0	479
0.602059991327962	0	480
2.04532297878666	0	481
2.06445798922692	0	482
2.68124123737559	1	483
1.07918124604762	0	484
2.25527250510331	0	485
1.27875360095283	0	486
1.61278385671974	1	487
1.41497334797082	0	488
1.17609125905568	0	489
1.32221929473392	0	490
1.04139268515822	0	491
2.51719589794997	0	492
2.07188200730613	1	493
1.41497334797082	0	494
1.91381385238372	0	495
1.85733249643127	0	496
2.25285303097989	0	497
1.17609125905568	0	498
2.17897694729317	0	499
0.698970004336019	0	500
1.36172783601759	0	501
1.61278385671974	1	502
2.20411998265593	1	503
1.11394335230684	0	504
1.89762709129044	0	505
2.19865708695442	1	506
2.61066016308988	1	507
2.41995574848976	1	508
2.29885307640971	0	509
1.94939000664491	1	510
2.19865708695442	1	511
0.778151250383644	0	512
2.29003461136252	2	513
0.903089986991944	0	514
1.39794000867204	0	515
1.38021124171161	0	516
1.9731278535997	0	517
1.49136169383427	0	518
2.24551266781415	1	519
1.39794000867204	1	520
2.51321760006794	1	521
1.23044892137827	0	522
0.602059991327962	0	523
1.72427586960079	0	524
1.568201724067	0	525
2.32633586092875	1	526
1.04139268515822	1	527
1.34242268082221	0	528
2.23044892137827	0	529
1.68124123737559	1	530
1.568201724067	1	531
1.27875360095283	0	532
0.845098040014257	0	533
1.7160033436348	0	534
0.698970004336019	0	535
2.51587384371168	2	536
1.47712125471966	0	537
1.69897000433602	1	538
1.7160033436348	0	539
1.07918124604762	0	540
0.778151250383644	0	541
1.70757017609794	1	542
0.778151250383644	0	543
1.14612803567824	0	544
2.57634135020579	0	545
0.602059991327962	0	546
2.23552844690755	1	547
2.55990662503611	0	548
1.49136169383427	0	549
1.14612803567824	0	550
1.23044892137827	0	551
0.903089986991944	0	552
1.39794000867204	0	553
2.62013605497376	1	554
3.31952244906545	2	555
1.17609125905568	0	556
1.27875360095283	0	557
1.47712125471966	0	558
2.52891670027765	0	559
1.65321251377534	1	560
2.2148438480477	0	561
2.36361197989214	1	562
2.9484129657786	1	563
1.77085201164214	0	564
2.72754125702856	0	565
1.17609125905568	0	566
2.07188200730613	1	567
1.23044892137827	0	568
1.30102999566398	0	569
1.568201724067	1	570
1.46239799789896	0	571
1.27875360095283	0	572
1	0	573
2.38381536598043	0	574
2.51719589794997	1	575
1.20411998265592	0	576
1.38021124171161	0	577
1.07918124604762	0	578
1.57978359661681	0	579
1.32221929473392	0	580
2.1430148002541	1	581
2.63948648926859	2	582
1.78532983501077	0	583
1.17609125905568	0	584
1.79239168949825	0	585
1.74036268949424	1	586
1.75587485567249	0	587
2.24551266781415	0	588
1.66275783168157	0	589
1.32221929473392	0	590
1.54406804435028	0	591
1.43136376415899	0	592
1.32221929473392	0	593
2.60530504614111	1	594
1.78532983501077	1	595
1.50514997831991	0	596
2.45636603312904	1	597
1.65321251377534	0	598
0.602059991327962	0	599
1.04139268515822	0	600
1.63346845557959	0	601
1.27875360095283	0	602
1	0	603
1.73239375982297	0	604
1.81291335664286	0	605
1.86332286012046	0	606
1.04139268515822	0	607
0.602059991327962	0	608
1.568201724067	0	609
1.568201724067	1	610
1.6232492903979	0	611
1.70757017609794	0	612
0.845098040014257	1	613
2.35602585719312	1	614
2.15533603746506	0	615
2.20951501454263	0	616
2.01283722470517	0	617
1.81954393554187	1	618
2.23044892137827	0	619
1.17609125905568	0	620
1.27875360095283	0	621
2.43296929087441	1	622
1.64345267648619	1	623
1	1	624
2.32633586092875	1	625
2.10037054511756	1	626
1.85733249643127	1	627
1.23044892137827	0	628
1.51851393987789	0	629
1.49136169383427	1	630
1.81291335664286	0	631
1.32221929473392	0	632
2.23044892137827	1	633
1.04139268515822	0	634
2.85125834871908	1	635
1.04139268515822	0	636
1.66275783168157	1	637
1.49136169383427	0	638
2.05690485133647	1	639
2.34830486304816	0	640
1.55630250076729	0	641
1.69897000433602	0	642
1.46239799789896	1	643
2.14921911265538	0	644
2.3654879848909	1.58496250072116	645
2.65417654187796	1	646
1.49136169383427	1	647
1	0	648
1.69019608002851	0	649
1.51851393987789	0	650
0.903089986991944	0	651
1.7160033436348	0	652
2.21218760440396	0	653
1.41497334797082	0	654
1.17609125905568	1	655
2.61278385671974	1	656
2.11058971029925	1	657
1.72427586960079	0	658
1.67209785793572	0	659
1.30102999566398	1	660
1.50514997831991	0	661
1.41497334797082	0	662
1.7160033436348	0	663
1.43136376415899	0	664
1.32221929473392	0	665
1.75587485567249	0	666
1.20411998265592	1	667
2.22788670461367	0	668
1.63346845557959	0	669
2.16435285578444	1	670
2.30102999566398	0	671
1.49136169383427	1	672
2.7979596437372	1	673
1.47712125471966	0	674
1.96848294855394	0	675
2.13353890837022	0	676
0.903089986991944	0	677
1.20411998265592	0	678
2.11727129565576	0	679
1.11394335230684	1	680
2.88366143515362	1.58496250072116	681
0.954242509439325	0	682
1.41497334797082	0	683
1.77085201164214	0	684
0.698970004336019	0	685
2.82020145948564	1	686
1.65321251377534	0	687
2.82216807936802	1	688
1.72427586960079	1.58496250072116	689
2.75281643118827	1.58496250072116	690
1.79239168949825	1	691
2.26951294421792	0	692
2.4456042032736	0	693
2.27646180417324	1	694
1.54406804435028	1	695
2.60205999132796	1	696
1.14612803567824	0	697
2.08278537031645	1	698
1.74036268949424	0	699
1.85733249643127	1	700
1.07918124604762	0	701
1.04139268515822	0	702
2.30535136944662	0	703
1	1	704
2.2380461031288	2	705
2.68484536164441	1	706
1.36172783601759	0	707
1.54406804435028	0	708
1.11394335230684	0	709
0.698970004336019	0	710
0.477121254719662	0	711
2.61909333062674	0	712
1.50514997831991	1	713
1.25527250510331	0	714
1.23044892137827	0	715
1.57978359661681	0	716
1.11394335230684	0	717
2.13033376849501	1.58496250072116	718
0.602059991327962	0	719
1.34242268082221	0	720
2.17609125905568	0	721
1.67209785793572	0	722
1.75587485567249	0	723
1.91381385238372	0	724
1.34242268082221	0	725
1.9912260756925	0	726
1.17609125905568	0	727
3.04099769242349	1.58496250072116	728
2.35024801833416	1	729
0.477121254719662	0	730
1.9912260756925	1	731
2.04139268515823	0	732
1.98677173426624	0	733
2.12385164096709	0	734
2.30319605742049	0	735
2.60097289568675	0	736
2.02118929906994	0	737
2.41161970596323	1	738
2.84260923961056	1	739
2.19312459835446	0	740
1.04139268515822	0	741
1.17609125905568	0	742
2.14612803567824	1	743
1.30102999566398	0	744
1.9731278535997	1	745
1.95904139232109	0	746
0.954242509439325	0	747
1.81291335664286	0	748
1.39794000867204	0	749
2.44090908206522	0	750
1.96378782734556	1	751
2.16731733474818	1	752
1.61278385671974	0	753
0.301029995663981	0	754
1.51851393987789	0	755
0.698970004336019	0	756
2.50379068305718	0	757
1.67209785793572	0	758
1.34242268082221	1	759
1.25527250510331	1	760
0.778151250383644	0	761
2.00432137378264	2	762
1.36172783601759	0	763
1.36172783601759	0	764
1.75587485567249	0	765
1.6232492903979	0	766
2.17318626841227	0	767
1.90848501887865	1	768
1.23044892137827	0	769
0.301029995663981	0	770
0.845098040014257	0	771
1.39794000867204	1	772
1.49136169383427	0	773
1.04139268515822	0	774
1.55630250076729	0	775
1.63346845557959	0	776
0.845098040014257	0	777
0.301029995663981	0	778
2.05307844348342	0	779
1.97772360528885	1	780
2.5705429398819	0	781
2.58206336291171	1	782
3.09025805293132	1	783
1.14612803567824	0	784
2.80277372529198	1	785
1.63346845557959	0	786
1.04139268515822	0	787
1.95904139232109	0	788
1.07918124604762	0	789
1.30102999566398	0	790
2.16435285578444	1	791
0.602059991327962	0	792
1.76342799356294	1	793
1.568201724067	1	794
2.8998205024271	2	795
1.36172783601759	0	796
2.47421626407626	0	797
1.65321251377534	0	798
1.25527250510331	1	799
0.845098040014257	1	800
1.43136376415899	0	801
2.02938377768521	2	802
1.89762709129044	0	803
2.87621784059164	1	804
2.81822589361396	1	805
1.6232492903979	2	806
0.602059991327962	0	807
0.301029995663981	0	808
1.41497334797082	0	809
1.67209785793572	0	810
1.54406804435028	0	811
1.36172783601759	0	812
0.477121254719662	0	813
1.54406804435028	0	814
1.36172783601759	0	815
1.34242268082221	0	816
1.04139268515822	0	817
1.49136169383427	1	818
1.11394335230684	0	819
2.53781909507327	2	820
2.49554433754645	0	821
1.46239799789896	0	822
1.63346845557959	1	823
0.845098040014257	0	824
2.07188200730613	0	825
1.63346845557959	0	826
0.845098040014257	0	827
1.60205999132796	0	828
1.80617997398389	0	829
2.45636603312904	1	830
1.61278385671974	1	831
1.83884909073726	0	832
1.07918124604762	0	833
1.57978359661681	0	834
1.97772360528885	0	835
0.903089986991944	0	836
2.08278537031645	0	837
0.954242509439325	0	838
2.10720996964787	0	839
2.7160033436348	1	840
3.03342375548695	1	841
2.86923171973098	0	842
1.30102999566398	1	843
1.65321251377534	0	844
1.88649072517248	0	845
1.30102999566398	0	846
1.6232492903979	0	847
1.38021124171161	0	848
2.17318626841227	1	849
1.23044892137827	0	850
0.954242509439325	0	851
1.64345267648619	1	852
1.7160033436348	1	853
1.9912260756925	0	854
2.62531245096167	1	855
1.90848501887865	0	856
1.53147891704226	0	857
1.27875360095283	0	858
1.17609125905568	0	859
1.30102999566398	0	860
1.7481880270062	0	861
0.845098040014257	0	862
1.32221929473392	0	863
2.77959649125782	0	864
1.50514997831991	0	865
1.79934054945358	0	866
1.50514997831991	1	867
1.17609125905568	0	868
0.954242509439325	0	869
0.602059991327962	0	870
1.53147891704226	1	871
2.07554696139253	0	872
1.81291335664286	0	873
1.27875360095283	0	874
1.78532983501077	0	875
2.02938377768521	0	876
1.5910646070265	0	877
2.39967372148104	0	878
2.28780172993023	1	879
1.65321251377534	0	880
0.301029995663981	0	881
0.602059991327962	0	882
0.903089986991944	0	883
2.66181268553726	1	884
1.64345267648619	0	885
1.11394335230684	0	886
0.845098040014257	0	887
1.36172783601759	1	888
1.95904139232109	0	889
0.698970004336019	0	890
0.954242509439325	0	891
1.74036268949424	0	892
2.69635638873333	1	893
0.698970004336019	0	894
1.20411998265592	0	895
1.97772360528885	1	896
2.32014628611105	0	897
0.602059991327962	0	898
2.48000694295715	1	899
0.903089986991944	0	900
1.88649072517248	0	901
1.54406804435028	0	902
1.8750612633917	0	903
2.14921911265538	0	904
2.11394335230684	0	905
0.301029995663981	0	906
1.27875360095283	0	907
0.778151250383644	0	908
1	0	909
0.602059991327962	0	910
1.81954393554187	0	911
0.602059991327962	0	912
1.04139268515822	0	913
1.65321251377534	0	914
0.778151250383644	0	915
0.602059991327962	1	916
1.57978359661681	0	917
0.477121254719662	0	918
0.477121254719662	0	919
1.51851393987789	1	920
1.84509804001426	1	921
0.477121254719662	0	922
0.477121254719662	0	923
0.477121254719662	0	924
0.602059991327962	0	925
1.98677173426624	1	926
1.32221929473392	1	927
2.11394335230684	0	928
0.845098040014257	0	929
1.17609125905568	0	930
1.46239799789896	0	931
0.602059991327962	0	932
1	1	933
1.23044892137827	0	934
1	0	935
2.08278537031645	0	936
2.19033169817029	2	937
1.49136169383427	0	938
1.81291335664286	1	939
1.89209460269048	0	940
1.98677173426624	0	941
1.568201724067	0	942
0.845098040014257	0	943
2.39794000867204	0	944
1.44715803134222	0	945
1.93449845124357	1	946
1.04139268515822	0	947
0.845098040014257	0	948
1.30102999566398	0	949
1.32221929473392	1	950
1.44715803134222	0	951
1.14612803567824	0	952
1.51851393987789	0	953
0.903089986991944	0	954
1.20411998265592	0	955
2.42160392686983	0	956
1.7160033436348	0	957
0.477121254719662	0	958
0.845098040014257	0	959
1.88081359228079	1	960
0.954242509439325	0	961
1.07918124604762	1	962
0.477121254719662	0	963
2.00860017176192	0	964
0.698970004336019	0	965
1.32221929473392	0	966
0.602059991327962	0	967
0.301029995663981	0	968
1.07918124604762	0	969
0.698970004336019	0	970
1.64345267648619	0	971
1.11394335230684	0	972
1	0	973
1.50514997831991	0	974
0.954242509439325	1	975
1.38021124171161	0	976
0.778151250383644	0	977
1.25527250510331	0	978
1.20411998265592	0	979
0.778151250383644	0	980
1.11394335230684	0	981
1.61278385671974	0	982
1.07918124604762	0	983
1.11394335230684	0	984
1.46239799789896	0	985
1.77085201164214	0	986
1.96378782734556	0	987
0.602059991327962	0	988
1.30102999566398	0	989
2.57518784492766	1	990
1.57978359661681	1	991
2.65030752313194	1	992
1.04139268515822	0	993
1	0	994
1.23044892137827	0	995
1.81291335664286	0	996
1.14612803567824	0	997
1.46239799789896	1	998
1.88081359228079	0	999
0.301029995663981	0	1000
0.954242509439325	0	1001
2.41664050733828	0	1002
0.845098040014257	0	1003
2.90145832139611	1	1004
1.23044892137827	0	1005
1.41497334797082	0	1006
1.60205999132796	0	1007
1.23044892137827	0	1008
1.11394335230684	0	1009
1.25527250510331	0	1010
0.698970004336019	0	1011
1.36172783601759	1	1012
1.50514997831991	1	1013
1.7481880270062	0	1014
1.49136169383427	0	1015
1.80617997398389	0	1016
1.98677173426624	0	1017
1.04139268515822	0	1018
2.19312459835446	0	1019
1.92941892571429	0	1020
0.954242509439325	1	1021
0.477121254719662	0	1022
2.75127910398334	0	1023
0.845098040014257	0	1024
1.46239799789896	0	1025
1.20411998265592	0	1026
2.16731733474818	1	1027
1.20411998265592	0	1028
1	0	1029
1.70757017609794	0	1030
1.23044892137827	0	1031
0.954242509439325	0	1032
1.30102999566398	0	1033
1.44715803134222	1	1034
1.7481880270062	0	1035
0.301029995663981	0	1036
1.77815125038364	0	1037
1.38021124171161	0	1038
1.11394335230684	0	1039
0.903089986991944	0	1040
0.778151250383644	0	1041
0.301029995663981	0	1042
1.7481880270062	1	1043
1.04139268515822	0	1044
0.477121254719662	0	1045
1.25527250510331	0	1046
0.845098040014257	0	1047
1.04139268515822	0	1048
0.698970004336019	0	1049
1.07918124604762	0	1050
1.53147891704226	0	1051
0.602059991327962	0	1052
0.602059991327962	0	1053
1.5910646070265	1	1054
0.602059991327962	0	1055
1.38021124171161	0	1056
1.43136376415899	0	1057
2.77887447200274	1	1058
1.20411998265592	0	1059
2.26717172840301	0	1060
1.30102999566398	0	1061
2.58771096501891	2	1062
1.04139268515822	0	1063
1.04139268515822	0	1064
1	0	1065
2.34830486304816	1	1066
1.63346845557959	1	1067
0.698970004336019	0	1068
0.954242509439325	0	1069
0	0	1070
1.43136376415899	1	1071
1.07918124604762	1	1072
1.25527250510331	0	1073
0.477121254719662	0	1074
1.76342799356294	0	1075
1.63346845557959	1	1076
1.50514997831991	1	1077
1.36172783601759	0	1078
1.17609125905568	0	1079
0.903089986991944	1	1080
1.23044892137827	0	1081
1	0	1082
0.903089986991944	0	1083
1.23044892137827	0	1084
0.698970004336019	0	1085
1.86923171973098	0	1086
1.81954393554187	0	1087
0.477121254719662	0	1088
1.5910646070265	0	1089
2.44715803134222	0	1090
0.954242509439325	0	1091
1.17609125905568	0	1092
0.845098040014257	0	1093
1.04139268515822	0	1094
0.477121254719662	0	1095
1.11394335230684	0	1096
1.53147891704226	0	1097
2.28103336724773	0	1098
0.778151250383644	0	1099
1.72427586960079	0	1100
0.301029995663981	0	1101
2.25285303097989	1	1102
1.77815125038364	0	1103
1.30102999566398	0	1104
1.20411998265592	1	1105
1.60205999132796	0	1106
1.39794000867204	0	1107
0.602059991327962	0	1108
1.17609125905568	0	1109
1.55630250076729	0	1110
1.20411998265592	0	1111
1.60205999132796	0	1112
1.04139268515822	0	1113
1.50514997831991	0	1114
1.46239799789896	0	1115
1.99563519459755	0	1116
0.602059991327962	0	1117
0.698970004336019	0	1118
1	0	1119
1	0	1120
1.17609125905568	0	1121
1.36172783601759	0	1122
1.11394335230684	0	1123
1.568201724067	0	1124
1.34242268082221	0	1125
2.47275644931721	1	1126
1.17609125905568	1	1127
1	0	1128
1.568201724067	0	1129
2.57634135020579	1	1130
0.477121254719662	0	1131
1.54406804435028	0	1132
1.32221929473392	0	1133
1.73239375982297	0	1134
1.94939000664491	0	1135
1.32221929473392	0	1136
0.698970004336019	0	1137
0.602059991327962	0	1138
1.49136169383427	1	1139
1	0	1140
1.32221929473392	0	1141
2.06069784035361	1	1142
1.04139268515822	1	1143
0.602059991327962	0	1144
1.73239375982297	1	1145
1.81954393554187	0	1146
0.778151250383644	1	1147
1.04139268515822	0	1148
0.698970004336019	0	1149
1	0	1150
1.38021124171161	0	1151
0.698970004336019	0	1152
0.602059991327962	0	1153
0.845098040014257	0	1154
1	1	1155
1	0	1156
2.12057393120585	1	1157
1.04139268515822	1	1158
0.845098040014257	0	1159
1.04139268515822	0	1160
0.602059991327962	0	1161
1.49136169383427	1	1162
1.44715803134222	1	1163
2.48855071650044	1	1164
2.26951294421792	0	1165
1.57978359661681	0	1166
1.17609125905568	1	1167
0.698970004336019	0	1168
1.47712125471966	0	1169
1.25527250510331	0	1170
2.45788189673399	0	1171
1.7160033436348	0	1172
2.05307844348342	0	1173
2.51321760006794	2	1174
0.845098040014257	0	1175
1.04139268515822	1	1176
0.698970004336019	0	1177
2.06445798922692	0	1178
0.903089986991944	0	1179
1.07918124604762	0	1180
0.954242509439325	0	1181
1.95424250943932	0	1182
1.67209785793572	1	1183
1.68124123737559	1	1184
1.51851393987789	0	1185
1.14612803567824	0	1186
2.82607480270083	1.58496250072116	1187
1.67209785793572	0	1188
0.845098040014257	0	1189
1.17609125905568	0	1190
0.698970004336019	0	1191
0.954242509439325	0	1192
1.14612803567824	0	1193
1.568201724067	0	1194
1.14612803567824	0	1195
1.04139268515822	0	1196
1.14612803567824	0	1197
1.75587485567249	0	1198
1.07918124604762	0	1199
0.845098040014257	0	1200
2.01283722470517	0	1201
1.44715803134222	0	1202
1.68124123737559	0	1203
0.477121254719662	0	1204
0.301029995663981	0	1205
0.698970004336019	0	1206
0.301029995663981	0	1207
1.11394335230684	0	1208
2.24303804868629	0	1209
1.47712125471966	0	1210
1.14612803567824	1	1211
0.698970004336019	0	1212
1.43136376415899	1	1213
1.23044892137827	0	1214
1.46239799789896	0	1215
0.477121254719662	0	1216
0.903089986991944	0	1217
1.25527250510331	0	1218
1.76342799356294	0	1219
1.47712125471966	0	1220
0.602059991327962	0	1221
1.9731278535997	0	1222
0.602059991327962	0	1223
1.14612803567824	0	1224
2.2718416065365	0	1225
0.778151250383644	0	1226
0.301029995663981	0	1227
1	0	1228
1	1	1229
1.38021124171161	0	1230
1.54406804435028	0	1231
0.602059991327962	0	1232
1.5910646070265	0	1233
1.32221929473392	0	1234
0.698970004336019	0	1235
2.06445798922692	0	1236
2.75511226639507	0	1237
1.74036268949424	1	1238
0.602059991327962	0	1239
0.778151250383644	0	1240
0.778151250383644	0	1241
0.903089986991944	0	1242
1.36172783601759	0	1243
1.44715803134222	0	1244
1.41497334797082	0	1245
1.25527250510331	0	1246
0.602059991327962	0	1247
0.954242509439325	0	1248
0.903089986991944	1	1249
1.14612803567824	0	1250
2.03342375548695	0	1251
0.903089986991944	0	1252
1.63346845557959	0	1253
0.845098040014257	0	1254
1.77085201164214	0	1255
1.84509804001426	0	1256
1.50514997831991	0	1257
0.301029995663981	0	1258
1.86332286012046	1	1259
0.845098040014257	0	1260
0.301029995663981	0	1261
0.903089986991944	0	1262
1.46239799789896	0	1263
1.43136376415899	0	1264
2.42813479402879	1	1265
2.55144999797288	1	1266
2.53655844257153	2	1267
0.301029995663981	0	1268
1.7160033436348	1	1269
1.07918124604762	0	1270
0.477121254719662	0	1271
0.301029995663981	0	1272
1.88081359228079	1	1273
1.54406804435028	0	1274
1.77085201164214	0	1275
1.67209785793572	0	1276
2.02938377768521	0	1277
0.602059991327962	0	1278
0.845098040014257	0	1279
1.568201724067	0	1280
1.39794000867204	0	1281
1.14612803567824	0	1282
1.51851393987789	0	1283
1.20411998265592	0	1284
0.602059991327962	0	1285
0.602059991327962	0	1286
0.698970004336019	0	1287
1.51851393987789	1	1288
1.07918124604762	0	1289
0.477121254719662	0	1290
1.32221929473392	0	1291
0.477121254719662	0	1292
0.301029995663981	0	1293
1.04139268515822	0	1294
0.301029995663981	0	1295
0.954242509439325	0	1296
0.477121254719662	0	1297
0.845098040014257	0	1298
0.845098040014257	0	1299
1.47712125471966	1	1300
0.778151250383644	0	1301
1	0	1302
0.301029995663981	0	1303
1.17609125905568	0	1304
2.96894968098134	1	1305
2.13987908640124	0	1306
2.37657695705651	0	1307
1.75587485567249	0	1308
0.903089986991944	0	1309
1.54406804435028	1	1310
1.17609125905568	0	1311
2.13353890837022	1	1312
2.56584781867352	1	1313
1.91381385238372	1	1314
1.41497334797082	0	1315
1	0	1316
0.602059991327962	0	1317
1.81291335664286	1	1318
1.85733249643127	1	1319
1.83884909073726	0	1320
0.845098040014257	0	1321
1.66275783168157	0	1322
1.25527250510331	0	1323
0.301029995663981	0	1324
1.38021124171161	0	1325
1.73239375982297	1	1326
1.70757017609794	0	1327
1.43136376415899	0	1328
1.74036268949424	0	1329
0.954242509439325	0	1330
0.602059991327962	0	1331
1	0	1332
1.70757017609794	0	1333
1.43136376415899	0	1334
0.845098040014257	0	1335
0.602059991327962	0	1336
1.43136376415899	0	1337
1.11394335230684	0	1338
0.778151250383644	0	1339
1	0	1340
1.32221929473392	0	1341
1.91907809237607	1	1342
1.07918124604762	0	1343
2.11394335230684	1.58496250072116	1344
0.602059991327962	0	1345
0.903089986991944	0	1346
1.49136169383427	1	1347
2.14921911265538	0	1348
1.17609125905568	0	1349
1.30102999566398	0	1350
1.41497334797082	0	1351
0.602059991327962	0	1352
1.30102999566398	0	1353
0.778151250383644	0	1354
1	0	1355
0.954242509439325	1	1356
1.27875360095283	1	1357
0.477121254719662	0	1358
1	0	1359
0.698970004336019	0	1360
0.845098040014257	0	1361
1.04139268515822	0	1362
1.32221929473392	0	1363
1.14612803567824	0	1364
1.04139268515822	0	1365
0.301029995663981	0	1366
1.46239799789896	0	1367
1.44715803134222	0	1368
1.83884909073726	1.58496250072116	1369
0.301029995663981	0	1370
0.903089986991944	0	1371
0.698970004336019	0	1372
1.38021124171161	0	1373
1.44715803134222	0	1374
2.84695532501982	2	1375
0.602059991327962	0	1376
1.11394335230684	0	1377
0.698970004336019	1	1378
1.90308998699194	0	1379
2.42324587393681	0	1380
1.07918124604762	0	1381
0.301029995663981	0	1382
0.845098040014257	0	1383
1.38021124171161	0	1384
2.01283722470517	1	1385
2.29003461136252	1.58496250072116	1386
2.42160392686983	0	1387
1.34242268082221	1	1388
1.568201724067	0	1389
1.07918124604762	0	1390
2.28555730900777	0	1391
0.778151250383644	0	1392
2.42651126136458	0	1393
0.477121254719662	0	1394
1.27875360095283	0	1395
1.61278385671974	0	1396
1.41497334797082	1	1397
1.67209785793572	0	1398
1.23044892137827	0	1399
0.903089986991944	0	1400
0.602059991327962	0	1401
0.477121254719662	0	1402
0.698970004336019	1	1403
1.54406804435028	0	1404
0.698970004336019	0	1405
1.04139268515822	0	1406
1.07918124604762	0	1407
0.778151250383644	0	1408
1.72427586960079	0	1409
1.75587485567249	1	1410
1.34242268082221	1	1411
1.86923171973098	0	1412
1.23044892137827	0	1413
0.477121254719662	0	1414
1.7481880270062	0	1415
0.954242509439325	0	1416
1	0	1417
1.46239799789896	0	1418
0.602059991327962	0	1419
1.07918124604762	0	1420
1.11394335230684	0	1421
1.38021124171161	0	1422
1.43136376415899	0	1423
2.11058971029925	0	1424
1.36172783601759	0	1425
1.90848501887865	1	1426
1.49136169383427	0	1427
0.301029995663981	0	1428
0.602059991327962	0	1429
1.38021124171161	1	1430
1.23044892137827	0	1431
1	0	1432
0.477121254719662	0	1433
1.41497334797082	0	1434
1	0	1435
1.568201724067	0	1436
0.845098040014257	0	1437
1.54406804435028	0	1438
0.477121254719662	0	1439
0.954242509439325	0	1440
0.477121254719662	0	1441
2.06445798922692	0	1442
1.46239799789896	0	1443
1.25527250510331	0	1444
1.17609125905568	0	1445
1.17609125905568	0	1446
1.82607480270083	0	1447
0.845098040014257	0	1448
1.07918124604762	0	1449
0.698970004336019	0	1450
0.602059991327962	0	1451
1.63346845557959	0	1452
1.11394335230684	0	1453
1.07918124604762	0	1454
1.70757017609794	1	1455
2.66931688056611	0	1456
1.85733249643127	0	1457
1.23044892137827	0	1458
2.65801139665711	1	1459
0.477121254719662	0	1460
0.698970004336019	0	1461
1.20411998265592	0	1462
0.903089986991944	0	1463
0.602059991327962	0	1464
0.301029995663981	0	1465
1	0	1466
1.568201724067	0	1467
1.11394335230684	0	1468
1.39794000867204	0	1469
0.845098040014257	0	1470
1.41497334797082	0	1471
0.477121254719662	0	1472
1.39794000867204	0	1473
2.52633927738984	1	1474
1.25527250510331	0	1475
1.76342799356294	1	1476
2	0	1477
1.43136376415899	0	1478
1.61278385671974	0	1479
0.477121254719662	0	1480
2.19033169817029	1	1481
0.602059991327962	0	1482
0.301029995663981	0	1483
0.698970004336019	0	1484
0.301029995663981	0	1485
1	0	1486
1.47712125471966	0	1487
1	0	1488
1.43136376415899	0	1489
0.698970004336019	0	1490
1.27875360095283	0	1491
0.954242509439325	0	1492
0.903089986991944	0	1493
1	0	1494
0.602059991327962	0	1495
2.44404479591808	1	1496
1	0	1497
0.778151250383644	0	1498
2.18184358794477	0	1499
0.602059991327962	0	1500
1.27875360095283	1	1501
2.1430148002541	1	1502
2.65513843481138	1	1503
0.477121254719662	0	1504
1.46239799789896	1	1505
1.11394335230684	1	1506
1.41497334797082	0	1507
1.36172783601759	0	1508
0.698970004336019	0	1509
1.43136376415899	0	1510
1.25527250510331	0	1511
1.39794000867204	0	1512
1.07918124604762	0	1513
0.477121254719662	0	1514
1.14612803567824	0	1515
1.63346845557959	0	1516
0.845098040014257	0	1517
0.602059991327962	0	1518
0.903089986991944	0	1519
1.67209785793572	0	1520
1.50514997831991	0	1521
0.477121254719662	0	1522
1.27875360095283	0	1523
1.50514997831991	1	1524
1.74036268949424	1	1525
1.61278385671974	0	1526
0.602059991327962	0	1527
0.301029995663981	0	1528
1.47712125471966	0	1529
1.25527250510331	1	1530
0.602059991327962	0	1531
2.01283722470517	1	1532
1.65321251377534	0	1533
1.34242268082221	0	1534
1.07918124604762	0	1535
1.51851393987789	1	1536
1.79934054945358	0	1537
0.903089986991944	0	1538
1	0	1539
0.602059991327962	0	1540
0.301029995663981	0	1541
0.954242509439325	0	1542
1.63346845557959	0	1543
0.602059991327962	0	1544
1.47712125471966	0	1545
1.17609125905568	0	1546
0.477121254719662	0	1547
2.05307844348342	1	1548
1.27875360095283	0	1549
1.14612803567824	0	1550
0.301029995663981	0	1551
0.301029995663981	0	1552
0.845098040014257	0	1553
0.845098040014257	0	1554
0.477121254719662	0	1555
0.477121254719662	0	1556
0.845098040014257	0	1557
1.23044892137827	1	1558
0.903089986991944	0	1559
1.27875360095283	0	1560
2.70329137811866	1	1561
0.954242509439325	0	1562
1.41497334797082	1	1563
2.2148438480477	1	1564
0.903089986991944	0	1565
1.76342799356294	0	1566
2.45178643552429	0	1567
1.66275783168157	0	1568
1.44715803134222	0	1569
1.36172783601759	0	1570
1.17609125905568	0	1571
1.49136169383427	0	1572
1.11394335230684	1	1573
0.903089986991944	0	1574
0.698970004336019	0	1575
1.11394335230684	0	1576
1.20411998265592	0	1577
0.954242509439325	0	1578
1.23044892137827	0	1579
1.61278385671974	0	1580
1.11394335230684	0	1581
2.00432137378264	0	1582
1.63346845557959	1	1583
0.602059991327962	0	1584
0.477121254719662	0	1585
1.23044892137827	0	1586
1.11394335230684	0	1587
1.47712125471966	1	1588
1	0	1589
1.60205999132796	0	1590
1.34242268082221	1	1591
1.7160033436348	1	1592
1.07918124604762	0	1593
1.7160033436348	1	1594
1.81954393554187	0	1595
2.09691001300806	0	1596
1.53147891704226	0	1597
1	0	1598
0.778151250383644	0	1599
0.845098040014257	0	1600
1.17609125905568	0	1601
1.53147891704226	0	1602
1.23044892137827	0	1603
1.41497334797082	0	1604
1.55630250076729	0	1605
1.25527250510331	1	1606
2.80955971463527	0	1607
1.70757017609794	0	1608
1.64345267648619	0	1609
1.76342799356294	0	1610
1.53147891704226	0	1611
0.477121254719662	0	1612
1.17609125905568	0	1613
1.07918124604762	0	1614
1.07918124604762	0	1615
1.68124123737559	1	1616
1.51851393987789	0	1617
2.09342168516224	0	1618
1.51851393987789	1	1619
0.698970004336019	0	1620
1.43136376415899	0	1621
1.81954393554187	0	1622
1.11394335230684	0	1623
1.23044892137827	0	1624
1.44715803134222	0	1625
0.477121254719662	0	1626
0.602059991327962	0	1627
1.89762709129044	0	1628
2.06818586174616	0	1629
0.903089986991944	0	1630
1.30102999566398	0	1631
1.04139268515822	0	1632
0.602059991327962	0	1633
0.477121254719662	0	1634
1.57978359661681	0	1635
1.27875360095283	0	1636
1.7481880270062	1	1637
2.11727129565576	0	1638
0.778151250383644	0	1639
1.6232492903979	0	1640
2.97589113640179	1.58496250072116	1641
2.01283722470517	1	1642
0.477121254719662	0	1643
0.845098040014257	0	1644
1.04139268515822	0	1645
0.698970004336019	0	1646
0.602059991327962	0	1647
1.5910646070265	1	1648
1.27875360095283	0	1649
1.07918124604762	0	1650
1.34242268082221	1	1651
1.43136376415899	0	1652
1.14612803567824	0	1653
0.477121254719662	0	1654
1.25527250510331	0	1655
0.845098040014257	0	1656
0.845098040014257	0	1657
0.903089986991944	0	1658
0.602059991327962	0	1659
0.477121254719662	0	1660
1.47712125471966	1	1661
1.04139268515822	0	1662
1.67209785793572	1	1663
1.46239799789896	0	1664
1.81291335664286	0	1665
0.602059991327962	0	1666
1.53147891704226	0	1667
1.54406804435028	1	1668
0.903089986991944	0	1669
1.60205999132796	0	1670
1.97772360528885	0	1671
0.698970004336019	0	1672
1.07918124604762	0	1673
0.602059991327962	0	1674
1.34242268082221	0	1675
0.845098040014257	0	1676
0.698970004336019	0	1677
1.07918124604762	1	1678
2.03342375548695	1	1679
2.04921802267018	1	1680
1.63346845557959	0	1681
2.31175386105575	1	1682
0.477121254719662	0	1683
1.44715803134222	0	1684
1.11394335230684	0	1685
1.04139268515822	1	1686
2.5327543789925	0	1687
0.903089986991944	0	1688
1	0	1689
0.903089986991944	0	1690
0.903089986991944	0	1691
0.477121254719662	0	1692
0.778151250383644	0	1693
1.69897000433602	0	1694
0.698970004336019	0	1695
0.698970004336019	0	1696
0.301029995663981	0	1697
2.37657695705651	0	1698
0.954242509439325	0	1699
1.07918124604762	0	1700
1.38021124171161	1	1701
0.301029995663981	0	1702
0.602059991327962	1	1703
1.23044892137827	0	1704
1.46239799789896	1.58496250072116	1705
1.66275783168157	1	1706
1.11394335230684	0	1707
1.17609125905568	0	1708
1	0	1709
1.55630250076729	0	1710
0.845098040014257	0	1711
1.66275783168157	0	1712
0.903089986991944	0	1713
1.36172783601759	0	1714
0.698970004336019	0	1715
1.75587485567249	0	1716
0.477121254719662	0	1717
0.602059991327962	0	1718
1.14612803567824	0	1719
1.14612803567824	0	1720
0.778151250383644	0	1721
1.93449845124357	0	1722
2.22271647114758	1	1723
1.07918124604762	0	1724
1.14612803567824	0	1725
0.602059991327962	0	1726
1.30102999566398	0	1727
1.34242268082221	1	1728
0.778151250383644	0	1729
0.477121254719662	0	1730
1	1	1731
0.903089986991944	0	1732
2.10720996964787	1	1733
0.602059991327962	0	1734
0.954242509439325	0	1735
0.698970004336019	0	1736
0.698970004336019	1	1737
0.602059991327962	0	1738
0	0	1739
0.698970004336019	0	1740
0.845098040014257	1	1741
0.698970004336019	0	1742
1.6232492903979	0	1743
1.5910646070265	0	1744
0.477121254719662	0	1745
0.954242509439325	0	1746
1.76342799356294	0	1747
0.845098040014257	0	1748
0.477121254719662	0	1749
1.50514997831991	0	1750
0.602059991327962	0	1751
0.477121254719662	0	1752
0.301029995663981	0	1753
0.477121254719662	0	1754
1	0	1755
0.602059991327962	0	1756
0.602059991327962	0	1757
1.11394335230684	0	1758
1.61278385671974	0	1759
0.954242509439325	0	1760
1.04139268515822	0	1761
0.477121254719662	0	1762
0.301029995663981	0	1763
0.602059991327962	0	1764
0	0	1765
1	0	1766
0.301029995663981	0	1767
2.01283722470517	0	1768
1.54406804435028	1	1769
1.63346845557959	0	1770
1.47712125471966	0	1771
0.845098040014257	0	1772
1.36172783601759	0	1773
0.301029995663981	0	1774
1.63346845557959	0	1775
0.301029995663981	0	1776
0	0	1777
1.17609125905568	0	1778
1.90308998699194	1	1779
0.301029995663981	0	1780
0.602059991327962	0	1781
1.04139268515822	0	1782
0.778151250383644	0	1783
1.25527250510331	0	1784
0.698970004336019	0	1785
1.36172783601759	0	1786
1.43136376415899	0	1787
0.602059991327962	0	1788
1.27875360095283	0	1789
1.69897000433602	1	1790
0.602059991327962	0	1791
1.65321251377534	1	1792
1.5910646070265	0	1793
0.903089986991944	0	1794
1.49136169383427	0	1795
1.20411998265592	0	1796
1.23044892137827	0	1797
1.07918124604762	0	1798
1.7481880270062	0	1799
0.954242509439325	0	1800
0.698970004336019	0	1801
1.17609125905568	0	1802
0.301029995663981	0	1803
0.477121254719662	0	1804
0.954242509439325	0	1805
1.86332286012046	1	1806
1.27875360095283	0	1807
1.27875360095283	1	1808
1.23044892137827	0	1809
1.11394335230684	0	1810
1.34242268082221	0	1811
1.04139268515822	1	1812
0.477121254719662	0	1813
0.903089986991944	0	1814
0.698970004336019	0	1815
0.954242509439325	0	1816
0.602059991327962	0	1817
0.954242509439325	0	1818
1.04139268515822	0	1819
0.698970004336019	0	1820
1.69897000433602	0	1821
0.698970004336019	0	1822
1.51851393987789	0	1823
0.778151250383644	0	1824
0.602059991327962	0	1825
0.477121254719662	0	1826
0.903089986991944	0	1827
1.25527250510331	0	1828
1	1	1829
0.301029995663981	0	1830
0.301029995663981	0	1831
1.04139268515822	0	1832
1.07918124604762	0	1833
0.301029995663981	0	1834
2.04139268515823	0	1835
0.778151250383644	0	1836
1.46239799789896	0	1837
0.301029995663981	0	1838
0	0	1839
0.602059991327962	0	1840
1.04139268515822	0	1841
1	0	1842
0.602059991327962	0	1843
0.778151250383644	0	1844
0	0	1845
0	0	1846
0.477121254719662	0	1847
0.301029995663981	0	1848
0.301029995663981	0	1849
1.23044892137827	0	1850
0.477121254719662	0	1851
1.17609125905568	0	1852
2.53529412004277	0	1853
1.32221929473392	1	1854
1.20411998265592	0	1855
1.30102999566398	0	1856
1.32221929473392	0	1857
1	0	1858
1.36172783601759	0	1859
1.68124123737559	0	1860
0	0	1861
0.698970004336019	0	1862
0.778151250383644	0	1863
0	0	1864
0.778151250383644	0	1865
0.477121254719662	0	1866
0.778151250383644	0	1867
0.602059991327962	0	1868
0.301029995663981	0	1869
0.845098040014257	0	1870
0	0	1871
1.39794000867204	0	1872
0.903089986991944	1	1873
1.27875360095283	0	1874
0.845098040014257	0	1875
0.301029995663981	0	1876
0.301029995663981	0	1877
1.6232492903979	0	1878
0.778151250383644	0	1879
2.03342375548695	0	1880
1.82607480270083	1	1881
0.602059991327962	0	1882
1.51851393987789	0	1883
0.477121254719662	0	1884
0.301029995663981	0	1885
1.20411998265592	0	1886
0	0	1887
0	0	1888
0.301029995663981	0	1889
0	0	1890
1.77815125038364	0	1891
0.301029995663981	0	1892
0.477121254719662	0	1893
0.778151250383644	0	1894
1.17609125905568	0	1895
0.845098040014257	0	1896
0.301029995663981	0	1897
0.301029995663981	0	1898
0.477121254719662	0	1899
0.301029995663981	0	1900
0.903089986991944	0	1901
0.602059991327962	0	1902
0.698970004336019	0	1903
0.954242509439325	0	1904
1.5910646070265	0	1905
1.9731278535997	0	1906
0.301029995663981	0	1907
0.698970004336019	0	1908
0.778151250383644	0	1909
1	0	1910
0.903089986991944	0	1911
0.301029995663981	0	1912
0.698970004336019	0	1913
0.602059991327962	0	1914
0.698970004336019	0	1915
0.301029995663981	0	1916
0.778151250383644	0	1917
0.698970004336019	0	1918
0.301029995663981	0	1919
0.602059991327962	0	1920
1.46239799789896	1	1921
1.07918124604762	0	1922
0.778151250383644	0	1923
0.954242509439325	0	1924
0.301029995663981	0	1925
0.301029995663981	0	1926
0.602059991327962	0	1927
0.301029995663981	0	1928
0.301029995663981	0	1929
1.43136376415899	0	1930
0.301029995663981	0	1931
0.301029995663981	0	1932
1.27875360095283	0	1933
0	0	1934
0.602059991327962	0	1935
0.301029995663981	0	1936
0.301029995663981	0	1937
0	0	1938
1.69019608002851	0	1939
0.698970004336019	0	1940
0.845098040014257	0	1941
1.32221929473392	0	1942
0.778151250383644	0	1943
0.477121254719662	0	1944
1.43136376415899	0	1945
0.602059991327962	0	1946
0.301029995663981	0	1947
0.602059991327962	0	1948
0.301029995663981	0	1949
0.778151250383644	0	1950
1.11394335230684	0	1951
1.04139268515822	0	1952
1.07918124604762	0	1953
0.301029995663981	0	1954
0.698970004336019	0	1955
0.477121254719662	0	1956
0.602059991327962	0	1957
0.301029995663981	0	1958
0.602059991327962	0	1959
0.301029995663981	0	1960
0.602059991327962	0	1961
0.301029995663981	0	1962
0.477121254719662	0	1963
0	0	1964
0.301029995663981	0	1965
1.36172783601759	0	1966
1.04139268515822	0	1967
1.46239799789896	0	1968
1.7160033436348	1	1969
1	0	1970
0.301029995663981	1	1971
1.17609125905568	0	1972
1.17609125905568	0	1973
2.30319605742049	0	1974
2.07918124604762	0	1975
1.43136376415899	0	1976
1.6232492903979	0	1977
0.698970004336019	0	1978
0.698970004336019	0	1979
0.845098040014257	0	1980
1.36172783601759	0	1981
2.23299611039215	1	1982
1.04139268515822	0	1983
0.778151250383644	0	1984
0.301029995663981	0	1985
0.602059991327962	0	1986
0.301029995663981	0	1987
0.301029995663981	0	1988
0.698970004336019	0	1989
1.46239799789896	0	1990
0	0	1991
0.698970004336019	0	1992
0.301029995663981	0	1993
0.954242509439325	0	1994
0.477121254719662	0	1995
0.698970004336019	0	1996
1.20411998265592	0	1997
1	1	1998
0.301029995663981	0	1999
0.301029995663981	0	2000
0.477121254719662	0	2001
0.602059991327962	0	2002
0.477121254719662	0	2003
1.43136376415899	0	2004
0.698970004336019	0	2005
1.41497334797082	0	2006
0.477121254719662	0	2007
1.81954393554187	0	2008
1.07918124604762	0	2009
0.903089986991944	0	2010
1.30102999566398	1	2011
0.778151250383644	0	2012
0	0	2013
0.301029995663981	0	2014
0.698970004336019	0	2015
1.98227123303957	0	2016
0.477121254719662	0	2017
1.17609125905568	0	2018
1.568201724067	0	2019
0.301029995663981	0	2020
1.78532983501077	1	2021
0.477121254719662	0	2022
1.23044892137827	0	2023
1.86332286012046	0	2024
1.65321251377534	0	2025
0.602059991327962	0	2026
1.69897000433602	1	2027
0.477121254719662	0	2028
0.602059991327962	0	2029
1.61278385671974	1	2030
0.301029995663981	0	2031
0	0	2032
0.778151250383644	0	2033
2.06818586174616	0	2034
0	0	2035
0	0	2036
1.70757017609794	0	2037
1.23044892137827	1	2038
1.38021124171161	0	2039
1.30102999566398	0	2040
0.602059991327962	0	2041
1.69019608002851	0	2042
1.04139268515822	1	2043
0.954242509439325	1	2044
1.36172783601759	0	2045
0.778151250383644	0	2046
0.301029995663981	0	2047
1.36172783601759	0	2048
0.845098040014257	0	2049
0.477121254719662	0	2050
0.602059991327962	0	2051
0.477121254719662	0	2052
1.04139268515822	0	2053
1.27875360095283	0	2054
1.6232492903979	0	2055
1.76342799356294	1	2056
0.602059991327962	0	2057
0.698970004336019	0	2058
0	0	2059
0.477121254719662	0	2060
1.36172783601759	0	2061
1.14612803567824	0	2062
1.34242268082221	1	2063
0.602059991327962	0	2064
1.20411998265592	0	2065
0.602059991327962	0	2066
0.698970004336019	0	2067
0.602059991327962	0	2068
0.698970004336019	0	2069
0.845098040014257	0	2070
1.32221929473392	0	2071
0.301029995663981	0	2072
0.698970004336019	0	2073
0.903089986991944	0	2074
0.845098040014257	0	2075
1	0	2076
1.61278385671974	1	2077
0.477121254719662	0	2078
0.301029995663981	0	2079
0.477121254719662	0	2080
0	0	2081
0.698970004336019	1	2082
1.61278385671974	0	2083
0.477121254719662	0	2084
0.778151250383644	0	2085
0.778151250383644	0	2086
2	1.58496250072116	2087
0.477121254719662	0	2088
0.301029995663981	0	2089
0.301029995663981	0	2090
0.698970004336019	0	2091
0.477121254719662	1	2092
1.14612803567824	0	2093
1.11394335230684	1	2094
1.54406804435028	0	2095
0.778151250383644	0	2096
0.477121254719662	0	2097
1.07918124604762	0	2098
1.14612803567824	1	2099
0.954242509439325	0	2100
0.845098040014257	0	2101
0.477121254719662	0	2102
0.845098040014257	0	2103
0.301029995663981	0	2104
0.477121254719662	0	2105
1.36172783601759	0	2106
0.477121254719662	0	2107
1.25527250510331	0	2108
1.68124123737559	0	2109
1.73239375982297	0	2110
0.698970004336019	0	2111
2.32837960343874	1	2112
2.55870857053317	1	2113
0.698970004336019	0	2114
0.477121254719662	0	2115
0.477121254719662	0	2116
0.778151250383644	0	2117
1	0	2118
1.30102999566398	0	2119
2.24303804868629	1.58496250072116	2120
1.04139268515822	0	2121
1.25527250510331	0	2122
0.301029995663981	0	2123
1.32221929473392	1	2124
1.92427928606188	1	2125
1.04139268515822	0	2126
1.11394335230684	0	2127
0.698970004336019	0	2128
1.27875360095283	0	2129
1.43136376415899	0	2130
0.954242509439325	0	2131
1.17609125905568	0	2132
0.903089986991944	0	2133
0.903089986991944	0	2134
0.301029995663981	0	2135
1	0	2136
1.14612803567824	0	2137
0.698970004336019	0	2138
0	0	2139
0	0	2140
0	0	2141
0.698970004336019	0	2142
1	0	2143
0	0	2144
0.698970004336019	0	2145
1.67209785793572	1	2146
1.50514997831991	1	2147
1.14612803567824	0	2148
0.778151250383644	0	2149
0.602059991327962	0	2150
1.04139268515822	1	2151
0.477121254719662	0	2152
0.903089986991944	0	2153
0.301029995663981	0	2154
1.38021124171161	0	2155
1.11394335230684	0	2156
0.698970004336019	0	2157
0.778151250383644	0	2158
0.903089986991944	1	2159
0	0	2160
0.301029995663981	0	2161
1.23044892137827	1	2162
1.81291335664286	0	2163
0.698970004336019	0	2164
0.954242509439325	0	2165
0.602059991327962	0	2166
1.44715803134222	0	2167
1.32221929473392	1	2168
1.568201724067	0	2169
0	0	2170
2.05307844348342	1	2171
0.845098040014257	0	2172
0.778151250383644	0	2173
0.301029995663981	0	2174
1.57978359661681	0	2175
0.845098040014257	0	2176
1	0	2177
1.51851393987789	1	2178
0.845098040014257	0	2179
1.86923171973098	0	2180
1.11394335230684	1	2181
1.07918124604762	0	2182
1.47712125471966	0	2183
2	1	2184
0.602059991327962	0	2185
0.301029995663981	0	2186
0.477121254719662	0	2187
1.46239799789896	0	2188
1.11394335230684	0	2189
0.301029995663981	1	2190
0.301029995663981	0	2191
0.301029995663981	0	2192
2.29666519026153	1	2193
1.11394335230684	0	2194
0	0	2195
0.602059991327962	0	2196
1.69897000433602	1	2197
1.20411998265592	0	2198
0.301029995663981	0	2199
1.32221929473392	0	2200
0.778151250383644	0	2201
0.301029995663981	0	2202
0.301029995663981	0	2203
1.27875360095283	0	2204
1.34242268082221	0	2205
1.95904139232109	1	2206
0.698970004336019	0	2207
0.301029995663981	0	2208
1.11394335230684	0	2209
0.602059991327962	0	2210
1.54406804435028	0	2211
2.2148438480477	0	2212
1.27875360095283	0	2213
0.301029995663981	0	2214
1.25527250510331	0	2215
0.845098040014257	0	2216
1	0	2217
0.477121254719662	0	2218
0.778151250383644	0	2219
2.22530928172586	1	2220
1.04139268515822	0	2221
0.845098040014257	0	2222
0.602059991327962	0	2223
0	0	2224
1.04139268515822	0	2225
0.477121254719662	0	2226
1.20411998265592	0	2227
0.698970004336019	0	2228
0.477121254719662	0	2229
0.301029995663981	0	2230
0.301029995663981	0	2231
0	0	2232
0.477121254719662	0	2233
0.477121254719662	0	2234
0.301029995663981	0	2235
0.301029995663981	0	2236
0.602059991327962	0	2237
0.954242509439325	0	2238
0.698970004336019	0	2239
0.301029995663981	0	2240
1.04139268515822	0	2241
0.602059991327962	0	2242
2.16731733474818	1	2243
1.11394335230684	2	2244
0.698970004336019	0	2245
1.04139268515822	1	2246
0.301029995663981	0	2247
1.67209785793572	0	2248
1.32221929473392	0	2249
1.43136376415899	0	2250
1.36172783601759	1	2251
1	0	2252
2.22271647114758	1	2253
0.301029995663981	0	2254
1.30102999566398	0	2255
0.602059991327962	0	2256
1.98227123303957	0	2257
0.301029995663981	0	2258
0.698970004336019	1	2259
1.20411998265592	0	2260
1.30102999566398	1.58496250072116	2261
1.30102999566398	0	2262
1.44715803134222	0	2263
0.698970004336019	0	2264
1.81954393554187	0	2265
0.477121254719662	0	2266
1.38021124171161	0	2267
0.602059991327962	0	2268
0.477121254719662	0	2269
0.301029995663981	0	2270
1.50514997831991	1	2271
1.14612803567824	0	2272
0.698970004336019	0	2273
0.301029995663981	0	2274
1	0	2275
0.602059991327962	0	2276
0.477121254719662	0	2277
0.602059991327962	0	2278
1.79239168949825	0	2279
1.49136169383427	0	2280
0.602059991327962	0	2281
1.07918124604762	0	2282
0.301029995663981	0	2283
1.64345267648619	0	2284
1.69897000433602	1	2285
0.954242509439325	0	2286
0.845098040014257	0	2287
0	0	2288
0	0	2289
0.602059991327962	0	2290
0.845098040014257	0	2291
0.301029995663981	0	2292
0.778151250383644	0	2293
0.301029995663981	0	2294
0.778151250383644	0	2295
1.77085201164214	0	2296
0.301029995663981	0	2297
0.477121254719662	0	2298
0.301029995663981	0	2299
0.301029995663981	0	2300
0.602059991327962	0	2301
0.698970004336019	0	2302
0.845098040014257	0	2303
0.301029995663981	0	2304
0.698970004336019	0	2305
0.477121254719662	0	2306
0.477121254719662	0	2307
0.301029995663981	0	2308
1.17609125905568	0	2309
1.07918124604762	0	2310
1.32221929473392	0	2311
0.602059991327962	0	2312
0.602059991327962	0	2313
0.845098040014257	0	2314
1	0	2315
0.301029995663981	0	2316
0.301029995663981	0	2317
1.46239799789896	0	2318
1.32221929473392	0	2319
0.477121254719662	0	2320
0	0	2321
0.301029995663981	0	2322
1	1.58496250072116	2323
0.778151250383644	0	2324
0	0	2325
0	0	2326
0.602059991327962	0	2327
1.72427586960079	0	2328
1.07918124604762	1	2329
2.22530928172586	1	2330
0.698970004336019	0	2331
1.49136169383427	0	2332
1.04139268515822	0	2333
0	0	2334
0.301029995663981	0	2335
0.778151250383644	0	2336
0.301029995663981	0	2337
0.954242509439325	0	2338
0.778151250383644	0	2339
0.477121254719662	0	2340
0.477121254719662	0	2341
0.778151250383644	0	2342
0.698970004336019	0	2343
1	1	2344
0	0	2345
0	0	2346
0.301029995663981	0	2347
0.477121254719662	0	2348
1.47712125471966	0	2349
0.698970004336019	0	2350
1.51851393987789	0	2351
0.845098040014257	1	2352
1.47712125471966	0	2353
0	0	2354
0.698970004336019	1	2355
0.698970004336019	0	2356
0.698970004336019	0	2357
0.602059991327962	0	2358
0.301029995663981	0	2359
0.602059991327962	0	2360
2	0	2361
1.04139268515822	0	2362
0.301029995663981	1	2363
1	0	2364
0.698970004336019	1	2365
1.27875360095283	0	2366
0.301029995663981	0	2367
0	0	2368
0.903089986991944	1	2369
1.69897000433602	0	2370
0.602059991327962	0	2371
1	0	2372
0.301029995663981	0	2373
0.778151250383644	0	2374
0.778151250383644	0	2375
1.11394335230684	0	2376
0.778151250383644	0	2377
0.301029995663981	0	2378
1	0	2379
0.602059991327962	0	2380
0.778151250383644	0	2381
0.301029995663981	0	2382
0	0	2383
0.301029995663981	0	2384
0.301029995663981	0	2385
0.301029995663981	0	2386
1.34242268082221	0	2387
1.11394335230684	0	2388
0.602059991327962	0	2389
1.07918124604762	0	2390
0.698970004336019	0	2391
1.25527250510331	0	2392
0.301029995663981	1	2393
0.477121254719662	0	2394
2.47421626407626	1	2395
1.20411998265592	0	2396
0.698970004336019	1	2397
1.34242268082221	0	2398
1.41497334797082	0	2399
0.301029995663981	1	2400
0.301029995663981	0	2401
0.301029995663981	0	2402
1.8750612633917	1	2403
1.63346845557959	0	2404
0	0	2405
1.93449845124357	1	2406
1.07918124604762	0	2407
0.698970004336019	0	2408
0.845098040014257	0	2409
0.845098040014257	0	2410
0.477121254719662	0	2411
1.11394335230684	1	2412
0.778151250383644	0	2413
0.845098040014257	0	2414
0	0	2415
0.778151250383644	0	2416
1.04139268515822	0	2417
0.903089986991944	1	2418
0.778151250383644	0	2419
1.47712125471966	0	2420
1.07918124604762	0	2421
0	0	2422
0.602059991327962	0	2423
0	0	2424
1	0	2425
0.778151250383644	0	2426
1.32221929473392	0	2427
0.602059991327962	0	2428
1.34242268082221	1	2429
0.301029995663981	0	2430
0.477121254719662	0	2431
0.301029995663981	0	2432
0.477121254719662	0	2433
0.477121254719662	0	2434
0.301029995663981	0	2435
0.477121254719662	0	2436
0.954242509439325	0	2437
0.778151250383644	0	2438
0.301029995663981	0	2439
0.698970004336019	0	2440
1.07918124604762	0	2441
1.36172783601759	0	2442
0	0	2443
0.301029995663981	0	2444
1	0	2445
0	0	2446
0.301029995663981	0	2447
0.301029995663981	0	2448
0.477121254719662	0	2449
1.53147891704226	0	2450
0.778151250383644	0	2451
0.602059991327962	0	2452
1.83884909073726	0	2453
0.778151250383644	0	2454
0.301029995663981	0	2455
0	0	2456
0.477121254719662	0	2457
1.34242268082221	1	2458
1.04139268515822	0	2459
1.04139268515822	0	2460
1.82607480270083	1	2461
1.30102999566398	0	2462
0.698970004336019	0	2463
0.301029995663981	0	2464
0.698970004336019	0	2465
0.903089986991944	0	2466
1.27875360095283	0	2467
1.38021124171161	0	2468
1.7481880270062	0	2469
1.23044892137827	0	2470
0.845098040014257	0	2471
1.51851393987789	0	2472
1.72427586960079	1	2473
1.53147891704226	0	2474
0	0	2475
0.477121254719662	0	2476
1	1	2477
0.477121254719662	0	2478
0	0	2479
0.301029995663981	0	2480
1.07918124604762	0	2481
0.301029995663981	0	2482
0	0	2483
0.301029995663981	0	2484
1.49136169383427	0	2485
1.47712125471966	0	2486
0.778151250383644	0	2487
0.301029995663981	0	2488
1.49136169383427	0	2489
0.301029995663981	0	2490
1.49136169383427	0	2491
1	0	2492
0.698970004336019	0	2493
1.77085201164214	0	2494
1.20411998265592	0	2495
1.23044892137827	1	2496
0.301029995663981	0	2497
0.477121254719662	0	2498
1.07918124604762	0	2499
0.954242509439325	0	2500
0	0	2501
1.38021124171161	0	2502
0.301029995663981	0	2503
0.845098040014257	0	2504
0.477121254719662	0	2505
0.477121254719662	0	2506
0.698970004336019	0	2507
0.698970004336019	0	2508
0.845098040014257	0	2509
1.5910646070265	0	2510
0.301029995663981	0	2511
1.46239799789896	0	2512
1.30102999566398	0	2513
0.845098040014257	0	2514
1.23044892137827	0	2515
0.301029995663981	0	2516
0.477121254719662	0	2517
0.477121254719662	0	2518
0.698970004336019	0	2519
0.778151250383644	0	2520
1.07918124604762	0	2521
0.301029995663981	0	2522
0	0	2523
0.301029995663981	0	2524
0.602059991327962	1	2525
0.301029995663981	0	2526
1.23044892137827	0	2527
1.11394335230684	0	2528
0.954242509439325	0	2529
0.954242509439325	0	2530
0.903089986991944	0	2531
0.698970004336019	0	2532
1.43136376415899	1	2533
0.778151250383644	0	2534
0	0	2535
1.04139268515822	0	2536
0.477121254719662	0	2537
2.06818586174616	0	2538
0	0	2539
0.301029995663981	0	2540
0	0	2541
0.301029995663981	0	2542
1.74036268949424	0	2543
0	0	2544
1	0	2545
0.778151250383644	0	2546
1.72427586960079	1	2547
0.602059991327962	0	2548
0.301029995663981	0	2549
1.53147891704226	0	2550
0.602059991327962	0	2551
1.11394335230684	0	2552
0.477121254719662	0	2553
0.301029995663981	0	2554
0.698970004336019	0	2555
1.30102999566398	0	2556
0	0	2557
0.698970004336019	0	2558
0	0	2559
1.11394335230684	0	2560
0.477121254719662	0	2561
0.845098040014257	1	2562
0.477121254719662	0	2563
1.30102999566398	0	2564
1.17609125905568	0	2565
0.845098040014257	0	2566
0.602059991327962	0	2567
0.477121254719662	0	2568
0.301029995663981	0	2569
0.954242509439325	0	2570
0.698970004336019	0	2571
0.903089986991944	0	2572
1.11394335230684	0	2573
0.301029995663981	0	2574
1.54406804435028	0	2575
1.11394335230684	0	2576
0.301029995663981	0	2577
0.954242509439325	0	2578
0.477121254719662	0	2579
0.301029995663981	0	2580
0.845098040014257	0	2581
0.477121254719662	0	2582
0.477121254719662	0	2583
0.602059991327962	0	2584
0	0	2585
1.55630250076729	0	2586
1.5910646070265	2	2587
0.698970004336019	0	2588
1	0	2589
1.04139268515822	0	2590
0.778151250383644	0	2591
0.778151250383644	0	2592
1.44715803134222	1	2593
0.301029995663981	0	2594
0.602059991327962	0	2595
0.778151250383644	0	2596
0.301029995663981	0	2597
0.602059991327962	0	2598
0	0	2599
1.14612803567824	0	2600
1	0	2601
0.698970004336019	1	2602
0.845098040014257	0	2603
1.04139268515822	0	2604
0.477121254719662	0	2605
1	1	2606
0.602059991327962	0	2607
0.954242509439325	0	2608
1.55630250076729	0	2609
0.602059991327962	0	2610
1.14612803567824	0	2611
2.12385164096709	0	2612
0.954242509439325	0	2613
1.36172783601759	0	2614
1.23044892137827	0	2615
0.477121254719662	0	2616
0.477121254719662	0	2617
0.845098040014257	0	2618
0.301029995663981	0	2619
0.778151250383644	0	2620
0.477121254719662	0	2621
0.954242509439325	0	2622
0.698970004336019	0	2623
0.778151250383644	0	2624
0.698970004336019	0	2625
1.69897000433602	1	2626
0.954242509439325	0	2627
0.602059991327962	0	2628
0.301029995663981	0	2629
0	0	2630
1.11394335230684	0	2631
1.25527250510331	0	2632
1.41497334797082	0	2633
0.301029995663981	0	2634
0.698970004336019	0	2635
1.51851393987789	0	2636
0.602059991327962	0	2637
1.07918124604762	0	2638
1.04139268515822	0	2639
1.65321251377534	0	2640
0.477121254719662	0	2641
0.301029995663981	0	2642
0.301029995663981	0	2643
0.903089986991944	0	2644
0.602059991327962	0	2645
0.301029995663981	0	2646
0.778151250383644	0	2647
0	0	2648
0.301029995663981	0	2649
0.477121254719662	0	2650
2.5854607295085	0	2651
0.778151250383644	0	2652
0.602059991327962	0	2653
1.04139268515822	0	2654
0.778151250383644	0	2655
1.69897000433602	1	2656
0.778151250383644	0	2657
1.66275783168157	0	2658
1.36172783601759	0	2659
1.90848501887865	0	2660
0.301029995663981	0	2661
0.301029995663981	0	2662
1.04139268515822	1	2663
0.954242509439325	0	2664
0.477121254719662	0	2665
1.67209785793572	1.58496250072116	2666
1.54406804435028	0	2667
0.778151250383644	0	2668
0.954242509439325	0	2669
0.301029995663981	0	2670
0.301029995663981	0	2671
1.50514997831991	0	2672
1.70757017609794	0	2673
0	0	2674
0.698970004336019	0	2675
0	0	2676
0.698970004336019	0	2677
0	0	2678
1	0	2679
1	0	2680
0.845098040014257	0	2681
0.698970004336019	0	2682
0.954242509439325	0	2683
1.17609125905568	0	2684
0.477121254719662	0	2685
0.698970004336019	0	2686
0.698970004336019	0	2687
1.46239799789896	0	2688
2.32221929473392	0	2689
0.301029995663981	0	2690
1.23044892137827	0	2691
0.778151250383644	0	2692
0.778151250383644	0	2693
1.96378782734556	0	2694
1.43136376415899	0	2695
0.954242509439325	0	2696
0.602059991327962	0	2697
0.477121254719662	0	2698
1.11394335230684	0	2699
0.301029995663981	0	2700
0.778151250383644	0	2701
0.477121254719662	0	2702
0	0	2703
0.698970004336019	0	2704
1	0	2705
1.23044892137827	0	2706
1.04139268515822	0	2707
2.06445798922692	0	2708
2.50650503240487	1	2709
0.903089986991944	0	2710
0	0	2711
0.602059991327962	0	2712
1.73239375982297	0	2713
0.477121254719662	0	2714
0.778151250383644	0	2715
0	0	2716
0.698970004336019	0	2717
0.477121254719662	0	2718
1.32221929473392	0	2719
0	0	2720
0	0	2721
0	0	2722
0.477121254719662	1	2723
1.14612803567824	1	2724
0.301029995663981	0	2725
0	0	2726
1.04139268515822	0	2727
0.698970004336019	0	2728
0.903089986991944	0	2729
0.301029995663981	0	2730
1.20411998265592	0	2731
0.301029995663981	0	2732
0.301029995663981	0	2733
0.778151250383644	1	2734
0.954242509439325	0	2735
1.07918124604762	0	2736
0.301029995663981	0	2737
0	0	2738
1.34242268082221	0	2739
0	0	2740
0	0	2741
1.568201724067	0	2742
1.32221929473392	0	2743
0.778151250383644	0	2744
0.698970004336019	1	2745
0.301029995663981	0	2746
0.301029995663981	0	2747
0	0	2748
0.698970004336019	0	2749
0	0	2750
0.602059991327962	0	2751
1.60205999132796	1	2752
1.64345267648619	0	2753
1.39794000867204	1	2754
0	0	2755
0	0	2756
0.477121254719662	0	2757
0.845098040014257	0	2758
1.11394335230684	0	2759
1.20411998265592	0	2760
1.568201724067	0	2761
0.602059991327962	0	2762
0	0	2763
0.301029995663981	0	2764
0.301029995663981	0	2765
0	0	2766
0	0	2767
0	0	2768
1.30102999566398	0	2769
0	0	2770
0.477121254719662	0	2771
1.77085201164214	1	2772
0.301029995663981	0	2773
1.81954393554187	0	2774
0.954242509439325	0	2775
1.11394335230684	1	2776
0.698970004336019	0	2777
0.954242509439325	0	2778
0.477121254719662	0	2779
2.36361197989214	1.58496250072116	2780
0.698970004336019	0	2781
1.6232492903979	0	2782
0.477121254719662	0	2783
0.602059991327962	0	2784
0.903089986991944	0	2785
0.602059991327962	0	2786
0.698970004336019	0	2787
0.903089986991944	0	2788
0.301029995663981	0	2789
0.301029995663981	0	2790
1.60205999132796	0	2791
1.50514997831991	0	2792
0.698970004336019	0	2793
0.301029995663981	0	2794
0.778151250383644	0	2795
0.903089986991944	1	2796
0.301029995663981	0	2797
0.602059991327962	0	2798
0.698970004336019	0	2799
1.41497334797082	0	2800
0.477121254719662	0	2801
1.36172783601759	0	2802
1.07918124604762	1	2803
0.602059991327962	0	2804
1.51851393987789	0	2805
0.903089986991944	0	2806
0.698970004336019	0	2807
0.778151250383644	0	2808
0.301029995663981	0	2809
0.301029995663981	0	2810
0.845098040014257	0	2811
1.27875360095283	0	2812
1.25527250510331	0	2813
1.80617997398389	0	2814
0.698970004336019	0	2815
0.301029995663981	0	2816
0.301029995663981	0	2817
1.11394335230684	0	2818
1.32221929473392	0	2819
1.23044892137827	0	2820
0.477121254719662	0	2821
0.845098040014257	0	2822
0.602059991327962	0	2823
0.477121254719662	0	2824
1	0	2825
1.20411998265592	0	2826
0.602059991327962	0	2827
0.778151250383644	0	2828
0	0	2829
1.50514997831991	0	2830
1.49136169383427	0	2831
0.778151250383644	0	2832
0.845098040014257	0	2833
0.602059991327962	0	2834
0.698970004336019	0	2835
0.698970004336019	0	2836
0.903089986991944	1	2837
0	0	2838
1.04139268515822	0	2839
0.845098040014257	0	2840
0.698970004336019	0	2841
1.63346845557959	1	2842
0	0	2843
0.845098040014257	0	2844
0.698970004336019	0	2845
1.20411998265592	0	2846
0.845098040014257	0	2847
1.14612803567824	0	2848
0	0	2849
0.301029995663981	0	2850
0.301029995663981	0	2851
0.602059991327962	0	2852
0	0	2853
0.477121254719662	0	2854
0.845098040014257	0	2855
0.301029995663981	0	2856
0.477121254719662	0	2857
1.51851393987789	0	2858
0.903089986991944	0	2859
1.25527250510331	0	2860
0.477121254719662	0	2861
0.845098040014257	0	2862
0.477121254719662	0	2863
0.477121254719662	0	2864
0.301029995663981	0	2865
0	0	2866
0	0	2867
0	0	2868
0.301029995663981	0	2869
1.27875360095283	0	2870
1.20411998265592	0	2871
0.301029995663981	0	2872
1.38021124171161	0	2873
1.17609125905568	0	2874
1.14612803567824	0	2875
0.477121254719662	0	2876
0.301029995663981	0	2877
0	0	2878
0.301029995663981	0	2879
0	0	2880
1.07918124604762	0	2881
0.477121254719662	0	2882
0.301029995663981	0	2883
1.39794000867204	0	2884
0.477121254719662	0	2885
1.72427586960079	1	2886
0.301029995663981	0	2887
0	0	2888
0.602059991327962	0	2889
1.36172783601759	0	2890
0	0	2891
0.477121254719662	0	2892
0.845098040014257	0	2893
0.698970004336019	0	2894
0.477121254719662	0	2895
0.602059991327962	1	2896
1.04139268515822	0	2897
0	0	2898
0.845098040014257	0	2899
0.602059991327962	0	2900
0.301029995663981	0	2901
0.903089986991944	0	2902
0.602059991327962	0	2903
0.301029995663981	0	2904
1.14612803567824	0	2905
1.46239799789896	1	2906
0.477121254719662	0	2907
0.778151250383644	0	2908
1.17609125905568	0	2909
1.11394335230684	0	2910
1.23044892137827	0	2911
0.477121254719662	0	2912
0.954242509439325	0	2913
0.602059991327962	0	2914
1.04139268515822	0	2915
0.477121254719662	0	2916
0.301029995663981	0	2917
0	0	2918
0	0	2919
0	0	2920
1.20411998265592	0	2921
0.477121254719662	0	2922
0.845098040014257	0	2923
1.30102999566398	0	2924
0.477121254719662	0	2925
0	0	2926
0	0	2927
0.301029995663981	0	2928
0.301029995663981	0	2929
0	0	2930
0.301029995663981	0	2931
1.39794000867204	1	2932
0.602059991327962	0	2933
0.477121254719662	0	2934
1.79934054945358	0	2935
0.301029995663981	0	2936
0.602059991327962	0	2937
1.41497334797082	0	2938
2.06818586174616	0	2939
0.301029995663981	0	2940
0.903089986991944	0	2941
0.903089986991944	0	2942
0.477121254719662	0	2943
0.903089986991944	1	2944
0.477121254719662	0	2945
0.301029995663981	0	2946
0.845098040014257	0	2947
0.778151250383644	0	2948
1.96378782734556	0	2949
1.07918124604762	0	2950
1	0	2951
2.46389298898591	0	2952
2.68574173860226	0	2953
2.13987908640124	0	2954
0.954242509439325	0	2955
0.602059991327962	0	2956
0.698970004336019	0	2957
1.70757017609794	0	2958
1.23044892137827	0	2959
0.301029995663981	0	2960
0.903089986991944	0	2961
0.845098040014257	0	2962
2.41497334797082	1	2963
0.477121254719662	0	2964
1.04139268515822	0	2965
0.477121254719662	0	2966
1.23044892137827	0	2967
0.698970004336019	0	2968
0.602059991327962	0	2969
0	0	2970
0	0	2971
0	0	2972
0.477121254719662	0	2973
0	0	2974
1.17609125905568	0	2975
1.11394335230684	0	2976
1.07918124604762	0	2977
1.04139268515822	0	2978
0.778151250383644	0	2979
0.602059991327962	0	2980
1	0	2981
0.477121254719662	0	2982
2.04139268515823	0	2983
1.30102999566398	1	2984
1.32221929473392	1	2985
0.778151250383644	0	2986
0.301029995663981	0	2987
1.23044892137827	0	2988
0.301029995663981	0	2989
0.698970004336019	0	2990
0.602059991327962	0	2991
0	0	2992
1.25527250510331	0	2993
0	0	2994
0.301029995663981	0	2995
0	0	2996
0.477121254719662	0	2997
1.23044892137827	0	2998
0.778151250383644	0	2999
0.477121254719662	0	3000
1.11394335230684	0	3001
0.477121254719662	0	3002
1.76342799356294	0	3003
2.22010808804006	0	3004
0.602059991327962	0	3005
1	0	3006
0.602059991327962	0	3007
0.477121254719662	0	3008
0.301029995663981	0	3009
2.25767857486918	1.58496250072116	3010
1.90308998699194	0	3011
1.20411998265592	0	3012
1.81291335664286	0	3013
0.778151250383644	0	3014
1.07918124604762	0	3015
0.477121254719662	0	3016
0.954242509439325	0	3017
1.47712125471966	0	3018
0.477121254719662	0	3019
1	0	3020
1.27875360095283	1	3021
0	0	3022
0.778151250383644	0	3023
0.954242509439325	0	3024
0.698970004336019	0	3025
0.477121254719662	0	3026
0.778151250383644	1	3027
0	0	3028
0	0	3029
1.11394335230684	0	3030
1.32221929473392	0	3031
0.301029995663981	0	3032
1.04139268515822	0	3033
0.602059991327962	1	3034
1.65321251377534	0	3035
0.477121254719662	0	3036
0.301029995663981	0	3037
0.301029995663981	0	3038
1.14612803567824	0	3039
0.477121254719662	0	3040
0.778151250383644	0	3041
0.903089986991944	0	3042
1.75587485567249	0	3043
1.47712125471966	0	3044
0.845098040014257	1	3045
0.301029995663981	0	3046
0	0	3047
0.301029995663981	0	3048
1.04139268515822	0	3049
1	0	3050
0	0	3051
1.55630250076729	0	3052
1.14612803567824	0	3053
0.477121254719662	0	3054
0.778151250383644	0	3055
0.301029995663981	0	3056
0.602059991327962	0	3057
1.30102999566398	0	3058
1.65321251377534	0	3059
1.11394335230684	0	3060
1.47712125471966	0	3061
0	0	3062
0.477121254719662	0	3063
1.17609125905568	0	3064
0.698970004336019	0	3065
0.698970004336019	1	3066
1.57978359661681	0	3067
0.477121254719662	0	3068
0.698970004336019	0	3069
0.602059991327962	0	3070
0.301029995663981	0	3071
0.301029995663981	0	3072
0.903089986991944	0	3073
0.477121254719662	1	3074
0.301029995663981	0	3075
0	0	3076
0.477121254719662	0	3077
1.07918124604762	0	3078
0	0	3079
0	0	3080
0.778151250383644	0	3081
1.27875360095283	0	3082
0	0	3083
0.903089986991944	0	3084
1.34242268082221	0	3085
1.23044892137827	1	3086
0.698970004336019	0	3087
0.698970004336019	0	3088
0.602059991327962	0	3089
0.301029995663981	0	3090
0.845098040014257	0	3091
0	0	3092
0	0	3093
0.602059991327962	0	3094
0	0	3095
0.845098040014257	0	3096
1.55630250076729	1	3097
1.47712125471966	0	3098
1.27875360095283	0	3099
1.11394335230684	0	3100
0.845098040014257	0	3101
0	0	3102
0.477121254719662	0	3103
0	0	3104
0.301029995663981	0	3105
0.602059991327962	0	3106
1.32221929473392	1	3107
1.25527250510331	0	3108
0.602059991327962	0	3109
0.778151250383644	0	3110
0.778151250383644	0	3111
0.602059991327962	0	3112
1.23044892137827	0	3113
1.25527250510331	0	3114
0.301029995663981	0	3115
1.14612803567824	0	3116
0.602059991327962	0	3117
0.698970004336019	0	3118
0.301029995663981	0	3119
0.301029995663981	0	3120
1.84509804001426	0	3121
1.6232492903979	0	3122
2.80345711564841	1	3123
0	0	3124
1.11394335230684	0	3125
1.39794000867204	0	3126
1.41497334797082	0	3127
0.602059991327962	0	3128
1.23044892137827	1	3129
0.301029995663981	0	3130
0.903089986991944	0	3131
0.778151250383644	0	3132
0.698970004336019	0	3133
0.845098040014257	0	3134
2.22271647114758	1	3135
0.845098040014257	0	3136
0.301029995663981	0	3137
1.568201724067	0	3138
0.301029995663981	0	3139
0.301029995663981	0	3140
1.27875360095283	0	3141
0.698970004336019	0	3142
0.778151250383644	0	3143
0.903089986991944	0	3144
0.698970004336019	0	3145
1.27875360095283	0	3146
0.778151250383644	1	3147
0.903089986991944	0	3148
0.477121254719662	0	3149
1.47712125471966	1	3150
0.778151250383644	0	3151
0.301029995663981	0	3152
1.27875360095283	0	3153
1.14612803567824	0	3154
2.14612803567824	0	3155
1.17609125905568	0	3156
1.92427928606188	1	3157
0.698970004336019	0	3158
0.778151250383644	0	3159
0.477121254719662	0	3160
0.301029995663981	0	3161
0	0	3162
0.301029995663981	0	3163
1.04139268515822	0	3164
0.845098040014257	0	3165
1.25527250510331	0	3166
0	0	3167
0.301029995663981	0	3168
0.301029995663981	0	3169
0.698970004336019	0	3170
0.602059991327962	0	3171
0.778151250383644	0	3172
1.11394335230684	0	3173
0.602059991327962	0	3174
0	0	3175
0	0	3176
0.301029995663981	0	3177
1.11394335230684	0	3178
0.954242509439325	0	3179
0.778151250383644	1	3180
1.20411998265592	0	3181
1.57978359661681	0	3182
1.44715803134222	0	3183
0.698970004336019	0	3184
1	0	3185
2.1430148002541	2	3186
1.27875360095283	0	3187
1.63346845557959	0	3188
1.32221929473392	0	3189
0.778151250383644	0	3190
1.14612803567824	0	3191
0.301029995663981	0	3192
1.41497334797082	0	3193
1.6232492903979	0	3194
1.78532983501077	1	3195
0.954242509439325	0	3196
1.51851393987789	1	3197
1.25527250510331	0	3198
1.44715803134222	0	3199
0.845098040014257	0	3200
0.903089986991944	0	3201
0.698970004336019	0	3202
0.301029995663981	0	3203
0.602059991327962	0	3204
1.17609125905568	0	3205
1.95904139232109	1	3206
1.5910646070265	0	3207
0.477121254719662	0	3208
0	0	3209
0	0	3210
0.301029995663981	0	3211
1	0	3212
1.36172783601759	0	3213
0.778151250383644	1	3214
1.73239375982297	0	3215
0.301029995663981	0	3216
1.07918124604762	0	3217
1.68124123737559	0	3218
1.6232492903979	0	3219
0.301029995663981	0	3220
1.27875360095283	1	3221
0.903089986991944	0	3222
1.20411998265592	1	3223
1	0	3224
0.954242509439325	0	3225
1.11394335230684	0	3226
1.39794000867204	1	3227
1.34242268082221	0	3228
1.04139268515822	0	3229
0.301029995663981	0	3230
0	0	3231
0.698970004336019	0	3232
0	0	3233
0.845098040014257	0	3234
0.301029995663981	0	3235
0.602059991327962	0	3236
1.77085201164214	1	3237
0.698970004336019	0	3238
0.301029995663981	0	3239
1	0	3240
0.301029995663981	0	3241
1.30102999566398	0	3242
2.02530586526477	0	3243
0.602059991327962	0	3244
1.54406804435028	0	3245
0	0	3246
0.301029995663981	0	3247
0.301029995663981	0	3248
0.301029995663981	0	3249
1.41497334797082	0	3250
1.11394335230684	0	3251
0.477121254719662	0	3252
0.301029995663981	0	3253
0.698970004336019	1	3254
1	0	3255
0.778151250383644	0	3256
0.954242509439325	0	3257
1.07918124604762	1	3258
0	0	3259
0.477121254719662	0	3260
0.301029995663981	0	3261
0	0	3262
0.477121254719662	0	3263
0.301029995663981	0	3264
0.301029995663981	0	3265
0.477121254719662	0	3266
0.477121254719662	0	3267
0.602059991327962	0	3268
0	0	3269
0.698970004336019	1	3270
0	0	3271
0.477121254719662	0	3272
0.903089986991944	0	3273
0.602059991327962	0	3274
1.54406804435028	1	3275
0.301029995663981	0	3276
0.954242509439325	0	3277
1.14612803567824	0	3278
0.954242509439325	0	3279
0.602059991327962	0	3280
1	0	3281
1.7160033436348	1	3282
1.07918124604762	0	3283
1.27875360095283	0	3284
1.36172783601759	0	3285
0.698970004336019	0	3286
0.602059991327962	0	3287
0.477121254719662	0	3288
1	0	3289
0.778151250383644	0	3290
1.20411998265592	0	3291
1.36172783601759	0	3292
0.477121254719662	0	3293
0.301029995663981	0	3294
0.477121254719662	0	3295
0.845098040014257	0	3296
0.698970004336019	0	3297
0.778151250383644	0	3298
0.477121254719662	0	3299
0.301029995663981	0	3300
0.301029995663981	0	3301
0	0	3302
0.602059991327962	0	3303
0.602059991327962	0	3304
1.38021124171161	0	3305
1.17609125905568	0	3306
0.477121254719662	0	3307
0.477121254719662	0	3308
0.301029995663981	1	3309
1.14612803567824	1	3310
0.845098040014257	0	3311
1.32221929473392	1	3312
0.477121254719662	0	3313
0.301029995663981	0	3314
1.30102999566398	1	3315
0.602059991327962	0	3316
1.04139268515822	0	3317
0.954242509439325	0	3318
0.301029995663981	0	3319
0.301029995663981	0	3320
1.04139268515822	0	3321
0.954242509439325	0	3322
1.27875360095283	0	3323
0	0	3324
0.602059991327962	0	3325
0.602059991327962	0	3326
0.845098040014257	0	3327
0	0	3328
0	0	3329
0.301029995663981	0	3330
0.301029995663981	0	3331
0	0	3332
0.602059991327962	0	3333
1.17609125905568	0	3334
0.954242509439325	0	3335
0.698970004336019	0	3336
0.301029995663981	0	3337
0	0	3338
0.301029995663981	0	3339
0.698970004336019	0	3340
2.00432137378264	1	3341
0.301029995663981	0	3342
1.04139268515822	0	3343
0.698970004336019	0	3344
0.301029995663981	0	3345
0.954242509439325	0	3346
0.301029995663981	0	3347
0.301029995663981	0	3348
0	0	3349
1.568201724067	1	3350
0.954242509439325	0	3351
0	0	3352
0.477121254719662	0	3353
1.27875360095283	0	3354
0.301029995663981	0	3355
0.477121254719662	0	3356
0.778151250383644	0	3357
1.94939000664491	1	3358
1.41497334797082	0	3359
0.301029995663981	0	3360
0.301029995663981	0	3361
0.477121254719662	0	3362
0.301029995663981	0	3363
1.38021124171161	0	3364
0.477121254719662	0	3365
1.11394335230684	0	3366
0.477121254719662	0	3367
1.25527250510331	0	3368
0.954242509439325	0	3369
0	0	3370
1.20411998265592	0	3371
0.903089986991944	0	3372
0	0	3373
0.301029995663981	0	3374
0.845098040014257	0	3375
0.301029995663981	0	3376
0.477121254719662	0	3377
0.602059991327962	0	3378
0	0	3379
0	0	3380
0.954242509439325	0	3381
1	0	3382
1.07918124604762	0	3383
1.04139268515822	0	3384
0.301029995663981	0	3385
0.477121254719662	0	3386
0.903089986991944	0	3387
1.30102999566398	0	3388
0.477121254719662	0	3389
1.36172783601759	0	3390
0.845098040014257	0	3391
0.301029995663981	0	3392
0.301029995663981	0	3393
0.698970004336019	0	3394
0.301029995663981	0	3395
0.301029995663981	0	3396
0.477121254719662	0	3397
0.602059991327962	0	3398
0.301029995663981	0	3399
0.903089986991944	0	3400
0.477121254719662	0	3401
0	0	3402
0	0	3403
0	0	3404
0.477121254719662	0	3405
0.301029995663981	0	3406
0.602059991327962	0	3407
0.301029995663981	0	3408
0.903089986991944	0	3409
0.477121254719662	0	3410
1.6232492903979	0	3411
0.477121254719662	0	3412
0.778151250383644	0	3413
1.20411998265592	0	3414
1.07918124604762	0	3415
1	0	3416
0.301029995663981	0	3417
0.845098040014257	0	3418
2.16435285578444	0	3419
0.698970004336019	0	3420
1.36172783601759	0	3421
0.698970004336019	0	3422
1.90848501887865	0	3423
1.91381385238372	0	3424
1.65321251377534	1	3425
1.50514997831991	0	3426
0	0	3427
0.477121254719662	0	3428
0.477121254719662	0	3429
0.698970004336019	0	3430
0	0	3431
0.698970004336019	0	3432
0.477121254719662	0	3433
0.698970004336019	0	3434
1.04139268515822	0	3435
1.04139268515822	0	3436
0.477121254719662	0	3437
0.698970004336019	0	3438
1	0	3439
0.845098040014257	0	3440
0.477121254719662	0	3441
0.903089986991944	0	3442
0.903089986991944	0	3443
1.07918124604762	0	3444
1.47712125471966	1.58496250072116	3445
1.17609125905568	0	3446
1.79239168949825	0	3447
0.698970004336019	0	3448
0.845098040014257	0	3449
0.845098040014257	0	3450
0.477121254719662	0	3451
0.477121254719662	0	3452
0.698970004336019	0	3453
0	0	3454
0	0	3455
0	0	3456
1.36172783601759	1	3457
0	0	3458
0	0	3459
0	0	3460
0	0	3461
0	0	3462
0.602059991327962	0	3463
0.301029995663981	0	3464
0	0	3465
0	0	3466
0	0	3467
0	0	3468
1.07918124604762	0	3469
0	0	3470
0	0	3471
0	0	3472
0	0	3473
0.698970004336019	0	3474
0	0	3475
0.301029995663981	0	3476
0	0	3477
0	0	3478
0	0	3479
0.845098040014257	0	3480
1.51851393987789	0	3481
0	0	3482
1.57978359661681	0	3483
0.698970004336019	0	3484
1.20411998265592	0	3485
0.301029995663981	0	3486
0.778151250383644	0	3487
0.778151250383644	0	3488
0.778151250383644	0	3489
1.36172783601759	0	3490
0.301029995663981	0	3491
1.34242268082221	0	3492
0	0	3493
0	0	3494
0.903089986991944	0	3495
0	0	3496
0.845098040014257	0	3497
0	0	3498
0	0	3499
0.301029995663981	0	3500
0.602059991327962	0	3501
0	0	3502
0	0	3503
0	0	3504
0.477121254719662	0	3505
0.301029995663981	0	3506
0	0	3507
1.04139268515822	0	3508
0	0	3509
0	0	3510
0	0	3511
0	0	3512
1.11394335230684	0	3513
1.7481880270062	1	3514
0.602059991327962	0	3515
2	0	3516
2.73559889969818	0	3517
0.477121254719662	0	3518
0.903089986991944	0	3519
0	0	3520
1.60205999132796	0	3521
0	0	3522
0	0	3523
0	0	3524
0	0	3525
0.301029995663981	0	3526
0	0	3527
0	0	3528
0.301029995663981	0	3529
0	0	3530
0	0	3531
1.44715803134222	1	3532
0.602059991327962	0	3533
0	0	3534
0.954242509439325	0	3535
1	1	3536
1.20411998265592	0	3537
0.301029995663981	0	3538
1.32221929473392	0	3539
0.477121254719662	0	3540
0	0	3541
0	0	3542
0	0	3543
0.301029995663981	0	3544
0.698970004336019	0	3545
0.778151250383644	0	3546
0.301029995663981	0	3547
0	0	3548
0	0	3549
0.698970004336019	0	3550
1.50514997831991	0	3551
0	0	3552
0	0	3553
0	0	3554
0	0	3555
0.477121254719662	0	3556
0.778151250383644	1	3557
0.602059991327962	0	3558
1.30102999566398	0	3559
0	0	3560
0	0	3561
0	0	3562
0	0	3563
0.301029995663981	0	3564
0	0	3565
0.301029995663981	0	3566
0	0	3567
1	0	3568
1.11394335230684	0	3569
0	0	3570
0.477121254719662	0	3571
1.44715803134222	1	3572
0.698970004336019	0	3573
0.698970004336019	0	3574
0	0	3575
0.477121254719662	0	3576
0.778151250383644	0	3577
0.903089986991944	0	3578
0.301029995663981	0	3579
0	0	3580
0	0	3581
0	0	3582
0	0	3583
1.51851393987789	0	3584
1.23044892137827	0	3585
1.20411998265592	0	3586
0	0	3587
0	0	3588
0	0	3589
0	0	3590
1.11394335230684	0	3591
0.301029995663981	0	3592
0	0	3593
0.301029995663981	0	3594
0.602059991327962	0	3595
0.778151250383644	0	3596
2.53781909507327	1	3597
0.301029995663981	0	3598
0.477121254719662	0	3599
0	0	3600
0	0	3601
0	0	3602
1	0	3603
0.301029995663981	0	3604
0.778151250383644	0	3605
0	0	3606
0.698970004336019	0	3607
0.698970004336019	0	3608
0.301029995663981	1	3609
0	0	3610
0.301029995663981	0	3611
1.69019608002851	0	3612
0.602059991327962	0	3613
0.778151250383644	0	3614
0	0	3615
0	0	3616
0.602059991327962	0	3617
0	0	3618
0.301029995663981	0	3619
0.301029995663981	0	3620
0.778151250383644	0	3621
0	0	3622
0.477121254719662	0	3623
0.301029995663981	0	3624
0.698970004336019	0	3625
0.477121254719662	0	3626
0	0	3627
0.301029995663981	0	3628
0	0	3629
1.20411998265592	0	3630
0.845098040014257	0	3631
0	0	3632
0	0	3633
0	0	3634
0	0	3635
0.602059991327962	0	3636
0.698970004336019	0	3637
0.778151250383644	0	3638
0.903089986991944	0	3639
0.602059991327962	0	3640
0	0	3641
0.301029995663981	0	3642
0.698970004336019	0	3643
0.778151250383644	0	3644
1.04139268515822	0	3645
0.477121254719662	0	3646
0.954242509439325	0	3647
0.602059991327962	0	3648
0.301029995663981	0	3649
0	0	3650
0	0	3651
0	0	3652
0.477121254719662	0	3653
0	0	3654
0	0	3655
0	0	3656
0	0	3657
0	0	3658
0.477121254719662	0	3659
0	0	3660
0	0	3661
0	0	3662
0	0	3663
1.39794000867204	0	3664
1.49136169383427	0	3665
0	0	3666
0	0	3667
0	0	3668
0.301029995663981	0	3669
1.54406804435028	0	3670
0.301029995663981	0	3671
0.602059991327962	0	3672
0	0	3673
0	0	3674
0	0	3675
0.477121254719662	0	3676
0	0	3677
0	0	3678
0	0	3679
0	0	3680
0	0	3681
0	0	3682
0.698970004336019	0	3683
0	0	3684
0	0	3685
0	0	3686
1.25527250510331	0	3687
0	0	3688
0.301029995663981	0	3689
0	0	3690
0	0	3691
0	0	3692
0	0	3693
0	0	3694
0	0	3695
0	0	3696
0	0	3697
0	0	3698
0	0	3699
0.778151250383644	0	3700
0	0	3701
0	0	3702
0.301029995663981	0	3703
0.602059991327962	0	3704
0.698970004336019	1	3705
1.6232492903979	0	3706
1.11394335230684	0	3707
0	0	3708
0.698970004336019	0	3709
0	0	3710
0.954242509439325	0	3711
1.25527250510331	0	3712
0	0	3713
0.602059991327962	0	3714
1.47712125471966	0	3715
0	0	3716
1	1	3717
0	0	3718
0	0	3719
0.602059991327962	0	3720
0	0	3721
0	0	3722
0	0	3723
0	0	3724
0	0	3725
0	0	3726
0	0	3727
0	0	3728
0	0	3729
0.301029995663981	0	3730
0	0	3731
0.698970004336019	0	3732
0.301029995663981	0	3733
0.301029995663981	0	3734
0.477121254719662	0	3735
0.602059991327962	0	3736
0	0	3737
0.301029995663981	0	3738
0	0	3739
0	0	3740
0	0	3741
0	0	3742
0	0	3743
0	0	3744
1.07918124604762	0	3745
0	0	3746
0.301029995663981	0	3747
0	0	3748
0.301029995663981	0	3749
1.67209785793572	1	3750
1.30102999566398	0	3751
0.602059991327962	0	3752
0	0	3753
0	0	3754
0	0	3755
0	0	3756
0.602059991327962	0	3757
0	0	3758
0.301029995663981	0	3759
0.698970004336019	0	3760
0.903089986991944	1	3761
1.93951925261862	1	3762
0	0	3763
0	0	3764
0	0	3765
0	0	3766
0.602059991327962	0	3767
1	0	3768
0.954242509439325	0	3769
0	0	3770
0.301029995663981	0	3771
0	0	3772
0	0	3773
0	0	3774
0	0	3775
0	0	3776
0	0	3777
0	0	3778
0	0	3779
0	0	3780
0	0	3781
0	0	3782
0.477121254719662	0	3783
0	0	3784
0	0	3785
1.30102999566398	1	3786
0.778151250383644	1	3787
0	0	3788
0.477121254719662	0	3789
0.477121254719662	0	3790
1.25527250510331	0	3791
0.698970004336019	0	3792
0	0	3793
0	0	3794
0	0	3795
0	0	3796
0	0	3797
0	0	3798
0.301029995663981	0	3799
0	0	3800
0	0	3801
0	0	3802
0.301029995663981	0	3803
0	0	3804
0.845098040014257	0	3805
0	0	3806
0.301029995663981	0	3807
0	0	3808
0	0	3809
0.477121254719662	0	3810
0.602059991327962	0	3811
0	0	3812
0.301029995663981	0	3813
0.602059991327962	0	3814
0.698970004336019	0	3815
0.602059991327962	0	3816
1.44715803134222	1	3817
0.301029995663981	0	3818
0.301029995663981	0	3819
0	0	3820
0.698970004336019	0	3821
0	0	3822
0.845098040014257	0	3823
0	0	3824
0	0	3825
0	0	3826
1.04139268515822	0	3827
0	0	3828
0	0	3829
0	0	3830
0	0	3831
0	0	3832
0.301029995663981	0	3833
0.477121254719662	0	3834
0	0	3835
1.07918124604762	0	3836
0	0	3837
0.602059991327962	0	3838
0.301029995663981	0	3839
0.301029995663981	0	3840
0.477121254719662	0	3841
1.63346845557959	0	3842
0.698970004336019	0	3843
0	0	3844
0	0	3845
0.301029995663981	0	3846
0.301029995663981	0	3847
0	0	3848
0	0	3849
0	0	3850
0.301029995663981	0	3851
0	0	3852
0	0	3853
0	0	3854
0	0	3855
1.07918124604762	1	3856
0.602059991327962	0	3857
0.301029995663981	0	3858
0	0	3859
0.602059991327962	1	3860
0.954242509439325	0	3861
0	0	3862
1.36172783601759	0	3863
0	0	3864
0.301029995663981	0	3865
1	0	3866
0.477121254719662	0	3867
0	0	3868
0	0	3869
0.477121254719662	0	3870
0	0	3871
0	0	3872
0	0	3873
0	0	3874
0	0	3875
0	0	3876
0	0	3877
1.17609125905568	0	3878
0	0	3879
0.301029995663981	0	3880
0.778151250383644	0	3881
1.38021124171161	0	3882
0.301029995663981	0	3883
0.903089986991944	1	3884
0.778151250383644	0	3885
1.32221929473392	1	3886
0.477121254719662	0	3887
0.602059991327962	0	3888
0	0	3889
0	0	3890
0	0	3891
0.301029995663981	0	3892
0	0	3893
0.301029995663981	0	3894
0.301029995663981	0	3895
0.602059991327962	1	3896
0.477121254719662	0	3897
0	0	3898
0.477121254719662	0	3899
0.903089986991944	0	3900
0.778151250383644	0	3901
0.477121254719662	0	3902
0.301029995663981	1	3903
0.301029995663981	0	3904
0.954242509439325	0	3905
0.477121254719662	0	3906
0.954242509439325	0	3907
0.301029995663981	0	3908
0.602059991327962	1	3909
0.301029995663981	0	3910
0.301029995663981	0	3911
0	0	3912
0	0	3913
0	0	3914
0.301029995663981	0	3915
0	0	3916
0	0	3917
0.301029995663981	1	3918
0.477121254719662	0	3919
0	0	3920
0	0	3921
0.778151250383644	0	3922
0.778151250383644	0	3923
0	0	3924
0	0	3925
0.778151250383644	0	3926
0	0	3927
0	0	3928
0	0	3929
0.602059991327962	0	3930
0	0	3931
0	0	3932
0	0	3933
0.477121254719662	0	3934
1.69019608002851	0	3935
1.04139268515822	0	3936
0.301029995663981	0	3937
0	0	3938
0.698970004336019	1	3939
0	0	3940
0.301029995663981	0	3941
0.602059991327962	0	3942
0.301029995663981	0	3943
0	0	3944
1.07918124604762	0	3945
0.903089986991944	0	3946
0	0	3947
0	0	3948
0.301029995663981	0	3949
1.65321251377534	1	3950
1.64345267648619	0	3951
0	0	3952
0	0	3953
0	0	3954
0.477121254719662	0	3955
0.698970004336019	0	3956
1.11394335230684	0	3957
0	0	3958
0.954242509439325	0	3959
0	0	3960
0.477121254719662	0	3961
0	0	3962
1	0	3963
0.477121254719662	0	3964
0.778151250383644	0	3965
0	0	3966
0	0	3967
0	0	3968
1.47712125471966	0	3969
1.04139268515822	0	3970
1.27875360095283	0	3971
0	0	3972
0	0	3973
0.602059991327962	0	3974
0.301029995663981	0	3975
0	0	3976
0.301029995663981	0	3977
0.477121254719662	0	3978
1.17609125905568	0	3979
1	0	3980
0.698970004336019	0	3981
0	0	3982
0	0	3983
0	0	3984
0	0	3985
0	0	3986
0	0	3987
0	0	3988
0	0	3989
0.778151250383644	0	3990
0.301029995663981	0	3991
0.301029995663981	0	3992
0.301029995663981	0	3993
0	0	3994
0.698970004336019	0	3995
0.477121254719662	0	3996
0.301029995663981	0	3997
0	0	3998
0	0	3999
0	0	4000
0	0	4001
0	0	4002
0	0	4003
0	0	4004
0.477121254719662	0	4005
0	0	4006
0.301029995663981	0	4007
0	0	4008
0	0	4009
0	0	4010
0	0	4011
0	0	4012
0	0	4013
0	0	4014
0	0	4015
1.50514997831991	0	4016
1.64345267648619	0	4017
0	0	4018
0.845098040014257	0	4019
1.20411998265592	0	4020
0.845098040014257	0	4021
0.477121254719662	0	4022
0	0	4023
0.698970004336019	0	4024
0.698970004336019	1	4025
0	0	4026
0	0	4027
0	0	4028
0	0	4029
0	0	4030
1.55630250076729	0	4031
0	0	4032
0.698970004336019	0	4033
0	0	4034
0	0	4035
0.698970004336019	0	4036
0	0	4037
0	0	4038
0.778151250383644	0	4039
0	0	4040
0.954242509439325	0	4041
0	0	4042
0.954242509439325	1	4043
0.301029995663981	0	4044
0	0	4045
0	0	4046
0.301029995663981	0	4047
1.32221929473392	0	4048
1.17609125905568	0	4049
0	0	4050
1.92427928606188	0	4051
0	0	4052
0	0	4053
0	0	4054
0.602059991327962	0	4055
0.845098040014257	0	4056
0.602059991327962	0	4057
0	0	4058
0	0	4059
0	0	4060
0.602059991327962	1	4061
0	0	4062
0.845098040014257	0	4063
0	0	4064
0	0	4065
0	0	4066
0	0	4067
0	0	4068
0	0	4069
0	0	4070
0	0	4071
0	0	4072
0	0	4073
0.845098040014257	0	4074
0	0	4075
0.477121254719662	0	4076
0	0	4077
0	0	4078
0	0	4079
0	0	4080
0.602059991327962	0	4081
0.301029995663981	0	4082
1.32221929473392	0	4083
0.301029995663981	0	4084
0.903089986991944	0	4085
0.301029995663981	0	4086
0	0	4087
0.954242509439325	0	4088
0	0	4089
0	0	4090
1.20411998265592	0	4091
0	0	4092
1.20411998265592	0	4093
0	0	4094
0.301029995663981	0	4095
0	0	4096
0	0	4097
0	0	4098
0	0	4099
0	0	4100
0	0	4101
0	0	4102
0.477121254719662	0	4103
0	0	4104
0	0	4105
0	0	4106
0.301029995663981	0	4107
0.477121254719662	0	4108
0.903089986991944	0	4109
0	0	4110
0.301029995663981	0	4111
0	0	4112
0.477121254719662	0	4113
0	0	4114
0	0	4115
0	0	4116
0.301029995663981	0	4117
0	0	4118
0	0	4119
0	0	4120
0	0	4121
0.301029995663981	0	4122
0	0	4123
1.17609125905568	0	4124
0	0	4125
0.301029995663981	0	4126
0	0	4127
0	0	4128
0.477121254719662	0	4129
0	0	4130
0	0	4131
0	0	4132
0.698970004336019	0	4133
0	0	4134
0	0	4135
0	0	4136
0.301029995663981	0	4137
0.301029995663981	0	4138
0.301029995663981	0	4139
0.602059991327962	0	4140
0	0	4141
2.06818586174616	0	4142
0	0	4143
0	0	4144
0	0	4145
0	0	4146
0	0	4147
0.477121254719662	0	4148
0	0	4149
0.698970004336019	0	4150
0	0	4151
0.301029995663981	0	4152
0.301029995663981	0	4153
0	0	4154
0	0	4155
0	0	4156
0	0	4157
0	0	4158
0	0	4159
0	0	4160
0	0	4161
0	0	4162
0	0	4163
0.903089986991944	0	4164
0	0	4165
0	0	4166
0	0	4167
0	0	4168
0	0	4169
0	0	4170
0	0	4171
0	0	4172
1.11394335230684	0	4173
0	0	4174
0.301029995663981	0	4175
0	0	4176
0	0	4177
0	0	4178
0	0	4179
0	0	4180
0.301029995663981	0	4181
0.477121254719662	1	4182
0	0	4183
0.301029995663981	0	4184
0.301029995663981	0	4185
0.301029995663981	0	4186
0	0	4187
0	0	4188
1.17609125905568	0	4189
0.602059991327962	0	4190
0	0	4191
0.301029995663981	0	4192
0.301029995663981	0	4193
0	0	4194
0.477121254719662	0	4195
0.301029995663981	0	4196
0.301029995663981	0	4197
0.845098040014257	0	4198
0	0	4199
1.38021124171161	0	4200
0	0	4201
0.698970004336019	0	4202
1.07918124604762	0	4203
0	0	4204
0	0	4205
0	0	4206
0.845098040014257	0	4207
0.301029995663981	0	4208
0.698970004336019	0	4209
0	0	4210
0	0	4211
0.477121254719662	0	4212
1.07918124604762	0	4213
0	0	4214
0	0	4215
0	0	4216
0.845098040014257	0	4217
0	0	4218
0	0	4219
0	0	4220
0.602059991327962	0	4221
0.301029995663981	0	4222
0.602059991327962	1	4223
0	0	4224
0.301029995663981	0	4225
1.11394335230684	0	4226
0.602059991327962	0	4227
0.602059991327962	0	4228
0.698970004336019	1	4229
0	0	4230
0	0	4231
0.301029995663981	0	4232
0.698970004336019	0	4233
0.301029995663981	0	4234
0.301029995663981	0	4235
0.301029995663981	0	4236
0.301029995663981	0	4237
0.903089986991944	0	4238
0.778151250383644	0	4239
0.301029995663981	0	4240
0.903089986991944	0	4241
0.301029995663981	0	4242
0.602059991327962	0	4243
0	0	4244
0.778151250383644	0	4245
0	0	4246
0	0	4247
0	0	4248
0.698970004336019	0	4249
0	0	4250
0	0	4251
0.602059991327962	0	4252
0	0	4253
1.41497334797082	0	4254
1.14612803567824	0	4255
0	0	4256
0	0	4257
0.477121254719662	0	4258
0.477121254719662	0	4259
0.477121254719662	0	4260
2.07554696139253	1	4261
0.301029995663981	0	4262
0	0	4263
0.698970004336019	0	4264
0.301029995663981	0	4265
0	0	4266
0.903089986991944	0	4267
1.41497334797082	0	4268
0	0	4269
0	0	4270
0	0	4271
0	0	4272
0.301029995663981	0	4273
0.301029995663981	0	4274
0	0	4275
0	0	4276
0.602059991327962	0	4277
0	0	4278
0	0	4279
0	0	4280
0	0	4281
0	0	4282
0	0	4283
0	0	4284
0	0	4285
0	0	4286
1.94939000664491	1	4287
0	0	4288
0	0	4289
0	0	4290
0.954242509439325	0	4291
0	0	4292
1.04139268515822	0	4293
0.477121254719662	0	4294
1.17609125905568	0	4295
0.778151250383644	0	4296
0.301029995663981	0	4297
0	0	4298
0	0	4299
1.41497334797082	1	4300
0	0	4301
0	0	4302
0.301029995663981	0	4303
0	0	4304
0	0	4305
0.903089986991944	0	4306
1.44715803134222	1	4307
0	0	4308
0	0	4309
0	0	4310
0.778151250383644	0	4311
0	0	4312
0	0	4313
0.301029995663981	0	4314
0.301029995663981	0	4315
0	0	4316
0	0	4317
0.301029995663981	0	4318
0.954242509439325	0	4319
0	0	4320
0	0	4321
0.301029995663981	0	4322
0	0	4323
0	0	4324
0.698970004336019	0	4325
0	0	4326
0	0	4327
0	0	4328
0.301029995663981	0	4329
0	0	4330
0	0	4331
0	0	4332
0	0	4333
0	0	4334
0.903089986991944	0	4335
0.477121254719662	1	4336
0	0	4337
0	0	4338
0	0	4339
0	0	4340
0	0	4341
1.04139268515822	0	4342
0.301029995663981	0	4343
0.301029995663981	0	4344
0	0	4345
0.477121254719662	0	4346
0.477121254719662	0	4347
0.778151250383644	0	4348
0	0	4349
0.301029995663981	0	4350
0.301029995663981	0	4351
0.477121254719662	0	4352
0	0	4353
0.477121254719662	0	4354
0.301029995663981	0	4355
0	0	4356
1	0	4357
0.698970004336019	0	4358
1.07918124604762	0	4359
1.77085201164214	1	4360
0.301029995663981	0	4361
0.301029995663981	0	4362
1.11394335230684	0	4363
0.301029995663981	0	4364
0	0	4365
0	0	4366
0.301029995663981	0	4367
0.301029995663981	1	4368
0	0	4369
0	0	4370
0.602059991327962	0	4371
0.301029995663981	0	4372
0	0	4373
0	0	4374
0	0	4375
0	0	4376
0	0	4377
0	0	4378
0	0	4379
0	0	4380
0.778151250383644	0	4381
0	0	4382
0	0	4383
0	0	4384
0	0	4385
0	0	4386
0	0	4387
0	0	4388
0	0	4389
0	0	4390
0	0	4391
0.903089986991944	0	4392
0	0	4393
0	0	4394
0	0	4395
0	0	4396
0	0	4397
0	0	4398
0	0	4399
0	0	4400
0.903089986991944	0	4401
0	0	4402
0.301029995663981	0	4403
0	0	4404
0.301029995663981	0	4405
0	0	4406
0.301029995663981	0	4407
0.698970004336019	0	4408
0.954242509439325	0	4409
0	0	4410
0.602059991327962	0	4411
0.301029995663981	0	4412
1.69019608002851	0	4413
0.698970004336019	0	4414
0	0	4415
0	0	4416
0.301029995663981	1	4417
0	0	4418
0	0	4419
0	0	4420
0.903089986991944	0	4421
0.301029995663981	0	4422
0.301029995663981	0	4423
0.301029995663981	0	4424
0.778151250383644	0	4425
0	0	4426
0.301029995663981	0	4427
0	0	4428
0.301029995663981	0	4429
0.301029995663981	0	4430
0.477121254719662	0	4431
0.954242509439325	1	4432
0.602059991327962	0	4433
0.477121254719662	0	4434
0	0	4435
0	0	4436
0	0	4437
0	0	4438
0.602059991327962	0	4439
0.602059991327962	0	4440
0.778151250383644	0	4441
0	0	4442
1.38021124171161	0	4443
0.477121254719662	0	4444
0	0	4445
0.301029995663981	1	4446
0.698970004336019	0	4447
0	0	4448
0	0	4449
0.301029995663981	0	4450
1.17609125905568	0	4451
0	0	4452
0.301029995663981	0	4453
0	0	4454
0.301029995663981	1	4455
0	0	4456
0	0	4457
0	0	4458
0	0	4459
0	0	4460
0	0	4461
0	0	4462
0	0	4463
0	0	4464
0	0	4465
0	0	4466
0.301029995663981	0	4467
0	0	4468
0.698970004336019	0	4469
0.301029995663981	0	4470
0	0	4471
0	0	4472
0	0	4473
0	0	4474
0.301029995663981	0	4475
0.698970004336019	0	4476
0.301029995663981	0	4477
0.698970004336019	0	4478
0.301029995663981	0	4479
0	0	4480
0	0	4481
0	0	4482
0	0	4483
0	0	4484
1.04139268515822	1	4485
0.477121254719662	0	4486
0.602059991327962	0	4487
0	0	4488
0.602059991327962	0	4489
0	0	4490
0	0	4491
0	0	4492
0	0	4493
0.301029995663981	0	4494
0	0	4495
0	0	4496
0.845098040014257	0	4497
0	0	4498
1	0	4499
0	0	4500
0	0	4501
1.07918124604762	0	4502
1.44715803134222	0	4503
0.477121254719662	0	4504
0	0	4505
0.477121254719662	0	4506
0.954242509439325	0	4507
0	0	4508
0	0	4509
0.602059991327962	0	4510
0.477121254719662	0	4511
1.14612803567824	1	4512
0.477121254719662	0	4513
0	0	4514
0	0	4515
0.845098040014257	0	4516
0	0	4517
0.477121254719662	0	4518
0.301029995663981	0	4519
0.903089986991944	0	4520
0	0	4521
0	0	4522
0	0	4523
0	0	4524
1.53147891704226	0	4525
0.698970004336019	0	4526
0.301029995663981	0	4527
0	0	4528
0	0	4529
0.301029995663981	0	4530
0.301029995663981	0	4531
0	0	4532
0.301029995663981	0	4533
0.602059991327962	0	4534
0.954242509439325	1	4535
0	0	4536
0.698970004336019	0	4537
0.301029995663981	0	4538
0	0	4539
0	0	4540
0	0	4541
1.07918124604762	0	4542
1.39794000867204	0	4543
0	0	4544
0.301029995663981	0	4545
0	0	4546
0.301029995663981	0	4547
0	0	4548
0.301029995663981	0	4549
0	0	4550
0.301029995663981	0	4551
0.845098040014257	0	4552
0.301029995663981	0	4553
0	0	4554
0.698970004336019	0	4555
0	0	4556
0	0	4557
1.23044892137827	0	4558
1.07918124604762	0	4559
0.477121254719662	0	4560
0.602059991327962	0	4561
0	0	4562
1.36172783601759	0	4563
0	0	4564
0	0	4565
0	0	4566
1.04139268515822	0	4567
0	0	4568
1	0	4569
0.301029995663981	0	4570
1.11394335230684	1	4571
0.602059991327962	0	4572
1.07918124604762	1	4573
0	0	4574
0	0	4575
0	0	4576
0	0	4577
0	0	4578
0	0	4579
0	0	4580
0	0	4581
0.477121254719662	0	4582
0	0	4583
0	0	4584
0.477121254719662	0	4585
0.602059991327962	0	4586
0.477121254719662	0	4587
0	0	4588
0	0	4589
0.477121254719662	0	4590
1.11394335230684	0	4591
0.477121254719662	0	4592
0.477121254719662	0	4593
0	0	4594
0	0	4595
0	0	4596
0.301029995663981	0	4597
0.301029995663981	0	4598
0	0	4599
0	0	4600
0.301029995663981	0	4601
0	0	4602
0	0	4603
0.698970004336019	0	4604
0	0	4605
0	0	4606
0.301029995663981	0	4607
0	0	4608
0	0	4609
0	0	4610
0	0	4611
0	0	4612
0.301029995663981	0	4613
0	0	4614
0	0	4615
0.301029995663981	0	4616
0.602059991327962	0	4617
0	0	4618
0.301029995663981	0	4619
0.477121254719662	0	4620
0.698970004336019	0	4621
0	0	4622
0.301029995663981	0	4623
0	0	4624
0	0	4625
0	0	4626
0	0	4627
1.14612803567824	0	4628
0.602059991327962	0	4629
0.301029995663981	0	4630
0	0	4631
0	0	4632
0	0	4633
0	0	4634
0	0	4635
1.46239799789896	0	4636
0.477121254719662	0	4637
1.91907809237607	0	4638
0	0	4639
0	0	4640
0	0	4641
0	0	4642
0	0	4643
0	0	4644
0	0	4645
0.845098040014257	0	4646
0.778151250383644	0	4647
0	0	4648
0	0	4649
0	0	4650
0	0	4651
0	0	4652
0	0	4653
0	0	4654
0	0	4655
0.301029995663981	0	4656
0.778151250383644	0	4657
0.301029995663981	0	4658
0.903089986991944	0	4659
0	0	4660
0	0	4661
0	0	4662
0	0	4663
0	0	4664
0	0	4665
0.301029995663981	0	4666
0.477121254719662	0	4667
0	0	4668
0	0	4669
0	0	4670
0.477121254719662	0	4671
0	0	4672
0	0	4673
0	0	4674
0.301029995663981	0	4675
0.698970004336019	0	4676
0	0	4677
0	0	4678
0	0	4679
0	0	4680
0	0	4681
0	0	4682
0.698970004336019	0	4683
0	0	4684
0	0	4685
0	0	4686
0	0	4687
0	0	4688
0.954242509439325	0	4689
0	0	4690
0	0	4691
0	0	4692
0	0	4693
0	0	4694
0	0	4695
0.301029995663981	0	4696
1.27875360095283	0	4697
1.53147891704226	1	4698
1.49136169383427	0	4699
1.49136169383427	0	4700
0.778151250383644	0	4701
0	0	4702
1.43136376415899	0	4703
0	0	4704
0	0	4705
0	0	4706
0	0	4707
0	0	4708
0	0	4709
0	0	4710
0	0	4711
0.602059991327962	0	4712
1.07918124604762	0	4713
0	0	4714
0	0	4715
0	0	4716
0	0	4717
0	0	4718
0	0	4719
0	0	4720
0.477121254719662	1	4721
0.301029995663981	0	4722
1.30102999566398	0	4723
0.477121254719662	0	4724
1.17609125905568	0	4725
0	0	4726
0	0	4727
0.778151250383644	0	4728
0.301029995663981	0	4729
0.477121254719662	0	4730
0	0	4731
0	0	4732
0	0	4733
0.954242509439325	0	4734
0	0	4735
0	0	4736
0	0	4737
0.954242509439325	0	4738
0.477121254719662	0	4739
0	0	4740
0.477121254719662	0	4741
0	0	4742
0.778151250383644	1	4743
0	0	4744
0.301029995663981	0	4745
0	0	4746
0.301029995663981	0	4747
0.301029995663981	0	4748
0.301029995663981	0	4749
0	0	4750
0.301029995663981	0	4751
0	0	4752
1.04139268515822	0	4753
0	0	4754
0	0	4755
0	0	4756
0	0	4757
0	0	4758
0.301029995663981	0	4759
0.477121254719662	0	4760
0.477121254719662	0	4761
0.477121254719662	0	4762
0.602059991327962	0	4763
0	0	4764
0	0	4765
0	0	4766
0	0	4767
0	0	4768
0.301029995663981	0	4769
0	0	4770
1.07918124604762	0	4771
0	0	4772
0	0	4773
0.698970004336019	0	4774
0.698970004336019	1	4775
0	0	4776
0.845098040014257	1	4777
0.602059991327962	0	4778
1.20411998265592	0	4779
0	0	4780
0	0	4781
0.477121254719662	0	4782
0.301029995663981	0	4783
0	0	4784
0	0	4785
0	0	4786
0	0	4787
1.39794000867204	0	4788
1.25527250510331	0	4789
0	0	4790
1.14612803567824	0	4791
0	0	4792
0.602059991327962	0	4793
0.301029995663981	0	4794
0	0	4795
0	0	4796
0	0	4797
0.845098040014257	0	4798
0	0	4799
0.602059991327962	0	4800
0	0	4801
0.477121254719662	0	4802
0.477121254719662	0	4803
0	0	4804
0.301029995663981	0	4805
0.698970004336019	0	4806
0.477121254719662	0	4807
0.301029995663981	0	4808
0	0	4809
0	0	4810
0	0	4811
0	0	4812
1.27875360095283	0	4813
0	0	4814
0	0	4815
0	0	4816
0	0	4817
0.301029995663981	0	4818
0.301029995663981	0	4819
0.602059991327962	0	4820
0	0	4821
0	0	4822
0.301029995663981	0	4823
0	0	4824
0.602059991327962	0	4825
0.477121254719662	0	4826
0.602059991327962	0	4827
0	0	4828
0	0	4829
0	0	4830
0	0	4831
0	0	4832
0.477121254719662	0	4833
0.301029995663981	0	4834
0	0	4835
0	0	4836
0.301029995663981	0	4837
0.477121254719662	0	4838
0	0	4839
0.954242509439325	0	4840
0.301029995663981	0	4841
0.301029995663981	1	4842
0	0	4843
0	0	4844
0	0	4845
0	0	4846
0	0	4847
0	0	4848
0	0	4849
0	0	4850
0	0	4851
0	0	4852
0.845098040014257	0	4853
1.44715803134222	1	4854
1.07918124604762	0	4855
0.602059991327962	0	4856
0	0	4857
0	0	4858
0	0	4859
0	0	4860
0.301029995663981	0	4861
0.602059991327962	0	4862
0.602059991327962	0	4863
0	0	4864
0.477121254719662	0	4865
0	0	4866
0	0	4867
0	0	4868
0.477121254719662	0	4869
0	0	4870
0.698970004336019	0	4871
0	0	4872
0	0	4873
0	0	4874
0.602059991327962	0	4875
0	0	4876
0	0	4877
0	0	4878
0	0	4879
0	0	4880
0	0	4881
0.301029995663981	1	4882
0.301029995663981	0	4883
0.477121254719662	0	4884
0.477121254719662	0	4885
0	0	4886
0	0	4887
0	0	4888
0	0	4889
0	0	4890
0	0	4891
0	0	4892
0	0	4893
0	0	4894
0.602059991327962	0	4895
0	0	4896
0.602059991327962	0	4897
0	0	4898
1.11394335230684	0	4899
1.11394335230684	0	4900
0	0	4901
0	0	4902
0	0	4903
0	0	4904
1.23044892137827	0	4905
0.477121254719662	0	4906
1.07918124604762	0	4907
0	0	4908
0.301029995663981	0	4909
0	0	4910
0	0	4911
0	0	4912
0	0	4913
0	0	4914
0.845098040014257	0	4915
0	0	4916
0	0	4917
0	0	4918
0.698970004336019	0	4919
0	0	4920
0.477121254719662	0	4921
0	0	4922
1.11394335230684	0	4923
1.17609125905568	0	4924
1	0	4925
0.301029995663981	0	4926
0	0	4927
0.477121254719662	0	4928
0.477121254719662	0	4929
0	0	4930
0.602059991327962	0	4931
0	0	4932
0	0	4933
0	0	4934
0.903089986991944	0	4935
0.477121254719662	0	4936
0.477121254719662	0	4937
0.301029995663981	0	4938
0	0	4939
0	0	4940
1.66275783168157	1	4941
0.301029995663981	0	4942
0.301029995663981	0	4943
0.301029995663981	0	4944
0.845098040014257	0	4945
0.477121254719662	0	4946
0.477121254719662	0	4947
0	0	4948
0	0	4949
0	0	4950
0	0	4951
0	0	4952
0	0	4953
0	0	4954
0	0	4955
0	0	4956
0	0	4957
0	0	4958
0	0	4959
0	0	4960
0.778151250383644	0	4961
0	0	4962
1.07918124604762	0	4963
0	0	4964
0	0	4965
0	0	4966
0	0	4967
0.698970004336019	0	4968
0	0	4969
0.903089986991944	0	4970
0.477121254719662	0	4971
0	0	4972
1.38021124171161	0	4973
0.477121254719662	0	4974
0.301029995663981	0	4975
0	0	4976
0.301029995663981	0	4977
0.602059991327962	0	4978
0.698970004336019	0	4979
0.301029995663981	0	4980
0	0	4981
0	0	4982
0.903089986991944	0	4983
0.477121254719662	0	4984
0	0	4985
1.43136376415899	1	4986
0.845098040014257	0	4987
0.778151250383644	0	4988
0	0	4989
0.845098040014257	0	4990
1.79934054945358	0	4991
0	0	4992
0	0	4993
0	0	4994
0	0	4995
0	0	4996
0.301029995663981	0	4997
0	0	4998
0	0	4999
0	0	5000
0.602059991327962	0	5001
0	0	5002
0	0	5003
0	0	5004
1.39794000867204	1	5005
0	0	5006
0	0	5007
0	0	5008
0.301029995663981	1	5009
0.301029995663981	0	5010
0.301029995663981	0	5011
0	0	5012
0	0	5013
0	0	5014
0.477121254719662	0	5015
0	0	5016
1.14612803567824	1	5017
0	0	5018
0.477121254719662	0	5019
1.54406804435028	1.58496250072116	5020
0	0	5021
0	0	5022
0	0	5023
0	0	5024
1.44715803134222	0	5025
0	0	5026
1.34242268082221	0	5027
0	0	5028
2.06818586174616	0	5029
0.778151250383644	0	5030
0	0	5031
0.301029995663981	0	5032
0	0	5033
0.477121254719662	0	5034
0.301029995663981	0	5035
0.301029995663981	0	5036
0	0	5037
0	0	5038
0.602059991327962	0	5039
0.301029995663981	0	5040
0	0	5041
0.602059991327962	0	5042
0.698970004336019	1	5043
1.23044892137827	0	5044
0	0	5045
0	0	5046
0	0	5047
0	0	5048
0	0	5049
0	0	5050
0.602059991327962	0	5051
0	0	5052
0	0	5053
0	0	5054
0.903089986991944	0	5055
0	0	5056
0	0	5057
0	0	5058
0	0	5059
0.903089986991944	0	5060
1.32221929473392	0	5061
0	0	5062
0.602059991327962	0	5063
0	0	5064
0.845098040014257	0	5065
0.301029995663981	0	5066
0.778151250383644	0	5067
1.07918124604762	0	5068
0	0	5069
0	0	5070
0	0	5071
0	0	5072
0	0	5073
0	0	5074
1.20411998265592	0	5075
0	0	5076
0	0	5077
0	0	5078
0	0	5079
0	0	5080
0	0	5081
0	0	5082
0	0	5083
0	0	5084
0	0	5085
0	0	5086
0.778151250383644	0	5087
0	0	5088
0	0	5089
0	0	5090
0.845098040014257	0	5091
0.698970004336019	0	5092
1.11394335230684	0	5093
0.301029995663981	0	5094
0.903089986991944	0	5095
0	0	5096
0	0	5097
0.301029995663981	0	5098
1.43136376415899	0	5099
0.845098040014257	0	5100
0.477121254719662	0	5101
0	0	5102
0.301029995663981	0	5103
0	0	5104
0	0	5105
0	0	5106
0	0	5107
0	0	5108
0	0	5109
0	0	5110
0	0	5111
0	0	5112
0	0	5113
0	0	5114
0	0	5115
0	0	5116
0	0	5117
0	0	5118
0	0	5119
0	0	5120
0.477121254719662	1	5121
0.698970004336019	0	5122
0	0	5123
0	0	5124
0.477121254719662	0	5125
0.301029995663981	0	5126
0.301029995663981	0	5127
1.39794000867204	0	5128
1.07918124604762	0	5129
0	0	5130
0.301029995663981	0	5131
0.301029995663981	0	5132
1	0	5133
0.698970004336019	0	5134
0	0	5135
0	0	5136
0	0	5137
0	0	5138
0	0	5139
0	0	5140
0	0	5141
0.301029995663981	0	5142
0.301029995663981	0	5143
0	0	5144
0.698970004336019	0	5145
0	0	5146
0.301029995663981	0	5147
0	0	5148
0.301029995663981	0	5149
0	0	5150
0	0	5151
0	0	5152
0	0	5153
0.477121254719662	0	5154
0.301029995663981	0	5155
0	0	5156
0.698970004336019	0	5157
0	0	5158
0	0	5159
0.301029995663981	0	5160
0.301029995663981	0	5161
0	0	5162
0.301029995663981	0	5163
0.903089986991944	0	5164
0	0	5165
0.301029995663981	0	5166
0.698970004336019	0	5167
0	0	5168
0	0	5169
0	0	5170
0	0	5171
0	0	5172
0	0	5173
0.301029995663981	0	5174
0.698970004336019	0	5175
0.477121254719662	0	5176
0.602059991327962	0	5177
0	0	5178
0	0	5179
0	0	5180
0	0	5181
0	0	5182
0	0	5183
0.477121254719662	0	5184
0	0	5185
0	0	5186
0.301029995663981	0	5187
0	0	5188
0	0	5189
0	0	5190
0.301029995663981	0	5191
0.301029995663981	0	5192
1.04139268515822	0	5193
0	0	5194
0	0	5195
0	0	5196
0.698970004336019	0	5197
0	0	5198
0	0	5199
0	0	5200
0.477121254719662	0	5201
0	0	5202
0.954242509439325	0	5203
0	0	5204
0	0	5205
0	0	5206
1.30102999566398	0	5207
0.602059991327962	0	5208
0.301029995663981	0	5209
0	0	5210
0.477121254719662	0	5211
0	0	5212
0	0	5213
0.778151250383644	0	5214
0.477121254719662	0	5215
0	0	5216
0.301029995663981	0	5217
0	0	5218
0.477121254719662	0	5219
0.778151250383644	0	5220
1.04139268515822	0	5221
0.698970004336019	0	5222
0.477121254719662	0	5223
1.11394335230684	0	5224
0	0	5225
0.778151250383644	0	5226
0	0	5227
0	0	5228
0.301029995663981	0	5229
1.04139268515822	1.58496250072116	5230
0	0	5231
0.301029995663981	0	5232
0.778151250383644	0	5233
0.698970004336019	0	5234
1.04139268515822	0	5235
0.301029995663981	0	5236
0.477121254719662	0	5237
0.602059991327962	0	5238
0	0	5239
0	0	5240
0.778151250383644	0	5241
0.301029995663981	0	5242
0	0	5243
0.301029995663981	0	5244
0.301029995663981	0	5245
0	0	5246
0.778151250383644	0	5247
0	0	5248
0	0	5249
0.301029995663981	0	5250
1.07918124604762	0	5251
0.954242509439325	1	5252
1.23044892137827	1	5253
0.903089986991944	0	5254
0.301029995663981	0	5255
0	0	5256
0	0	5257
0	0	5258
0.301029995663981	0	5259
0	0	5260
0	0	5261
0	0	5262
1.11394335230684	0	5263
0	0	5264
0	0	5265
0	0	5266
0	0	5267
0	0	5268
0	0	5269
0	0	5270
0	0	5271
0	0	5272
0	0	5273
0	0	5274
0	0	5275
1.38021124171161	0	5276
0.602059991327962	0	5277
1.39794000867204	0	5278
0.845098040014257	0	5279
2.05307844348342	0	5280
0.845098040014257	0	5281
1.30102999566398	0	5282
0	0	5283
0	0	5284
0.301029995663981	0	5285
0.477121254719662	0	5286
0	0	5287
0	0	5288
0.903089986991944	0	5289
0	0	5290
0	0	5291
0	0	5292
0.698970004336019	0	5293
0	0	5294
0.954242509439325	0	5295
0	0	5296
0	0	5297
0.301029995663981	0	5298
0	0	5299
0	0	5300
0	0	5301
0	0	5302
1.07918124604762	0	5303
0.301029995663981	0	5304
1.46239799789896	0	5305
0.301029995663981	0	5306
0	0	5307
0	0	5308
0	0	5309
0.301029995663981	0	5310
0	0	5311
0.602059991327962	0	5312
0.477121254719662	0	5313
0.845098040014257	0	5314
0	0	5315
0.477121254719662	0	5316
0.602059991327962	1	5317
0	0	5318
1.25527250510331	0	5319
0	0	5320
0	0	5321
0	0	5322
0	0	5323
0.477121254719662	0	5324
0.301029995663981	0	5325
0.301029995663981	0	5326
0.301029995663981	0	5327
0.698970004336019	0	5328
0.477121254719662	0	5329
0	0	5330
0	0	5331
0	0	5332
0	0	5333
1.11394335230684	0	5334
0	0	5335
0	0	5336
0	0	5337
0	0	5338
0	0	5339
0	0	5340
0	0	5341
0.301029995663981	0	5342
0	0	5343
0	0	5344
0.698970004336019	0	5345
0.477121254719662	0	5346
0	0	5347
0	0	5348
0	0	5349
1.14612803567824	0	5350
0	0	5351
0	0	5352
0	0	5353
0	0	5354
0	0	5355
0	0	5356
0	0	5357
0	0	5358
1.41497334797082	0	5359
0.602059991327962	0	5360
0	0	5361
0	0	5362
0	0	5363
0	0	5364
0	0	5365
0	0	5366
0	0	5367
0	0	5368
0.301029995663981	0	5369
0.778151250383644	0	5370
0	0	5371
0	0	5372
0.477121254719662	0	5373
0	0	5374
0	0	5375
1.14612803567824	0	5376
1.07918124604762	0	5377
1	0	5378
0	0	5379
0	0	5380
0.477121254719662	0	5381
0.477121254719662	0	5382
0	0	5383
1.60205999132796	0	5384
0	0	5385
0.301029995663981	0	5386
1.07918124604762	0	5387
0.602059991327962	0	5388
0.903089986991944	0	5389
0.602059991327962	0	5390
0	0	5391
0	0	5392
0	0	5393
0	0	5394
0	0	5395
0	0	5396
0.301029995663981	0	5397
0	0	5398
0.903089986991944	0	5399
1.04139268515822	0	5400
0	0	5401
1.07918124604762	0	5402
0.845098040014257	0	5403
0.477121254719662	0	5404
0	0	5405
0	0	5406
0	0	5407
0.301029995663981	0	5408
0	0	5409
0.477121254719662	0	5410
0.301029995663981	0	5411
0	0	5412
0	0	5413
0	0	5414
0.477121254719662	0	5415
1.27875360095283	0	5416
0	0	5417
0	0	5418
0.602059991327962	0	5419
0	0	5420
0	0	5421
0	0	5422
0	0	5423
0.477121254719662	0	5424
1	0	5425
0	0	5426
0	0	5427
0	0	5428
0	0	5429
0	0	5430
0	0	5431
0	0	5432
0	0	5433
0	0	5434
0	0	5435
0.602059991327962	0	5436
0	0	5437
0.301029995663981	0	5438
1	0	5439
0	0	5440
0	0	5441
0	0	5442
0	0	5443
0	0	5444
0	0	5445
0	0	5446
0	0	5447
0	0	5448
0	0	5449
0	0	5450
0	0	5451
0	0	5452
0	0	5453
0.301029995663981	0	5454
0	0	5455
0.602059991327962	0	5456
0.698970004336019	0	5457
0.698970004336019	0	5458
0	0	5459
0	0	5460
0	0	5461
0	0	5462
1.14612803567824	0	5463
0.477121254719662	0	5464
0	0	5465
0	0	5466
0	0	5467
0	0	5468
0	0	5469
0.477121254719662	0	5470
0.301029995663981	0	5471
0.301029995663981	0	5472
0	0	5473
0	0	5474
0	0	5475
0	0	5476
0	0	5477
0.477121254719662	0	5478
1.34242268082221	0	5479
0	0	5480
0	0	5481
0	0	5482
0	0	5483
0	0	5484
0.602059991327962	0	5485
0.301029995663981	0	5486
0.698970004336019	0	5487
0.954242509439325	1	5488
0	0	5489
0.477121254719662	0	5490
0.477121254719662	1	5491
0	0	5492
0	0	5493
0.301029995663981	0	5494
0	0	5495
0	0	5496
0	0	5497
0	0	5498
0	0	5499
0	0	5500
0	0	5501
0.477121254719662	0	5502
0.698970004336019	0	5503
1.30102999566398	0	5504
0.477121254719662	0	5505
1.04139268515822	0	5506
0	0	5507
0	0	5508
0.602059991327962	0	5509
0	0	5510
0	0	5511
0	0	5512
0	0	5513
0.903089986991944	1	5514
0	0	5515
0	0	5516
0.698970004336019	0	5517
0.602059991327962	0	5518
0.477121254719662	0	5519
0.845098040014257	0	5520
1.43136376415899	0	5521
1.49136169383427	0	5522
0.778151250383644	0	5523
1.66275783168157	0	5524
1.20411998265592	0	5525
0	0	5526
0	0	5527
0	0	5528
0	0	5529
0	0	5530
0	0	5531
0	0	5532
0	0	5533
0	0	5534
0	0	5535
0	0	5536
0	0	5537
0	0	5538
0.903089986991944	0	5539
0	0	5540
0	0	5541
0	0	5542
0	0	5543
0	0	5544
0	0	5545
0	0	5546
1	0	5547
1.20411998265592	0	5548
0.477121254719662	0	5549
0	0	5550
0	0	5551
0.845098040014257	0	5552
0.477121254719662	0	5553
0	0	5554
0	0	5555
0	0	5556
0.301029995663981	0	5557
0	0	5558
0	0	5559
2.07188200730613	1	5560
0	0	5561
0	0	5562
0.301029995663981	0	5563
0.301029995663981	0	5564
0.845098040014257	0	5565
0	0	5566
0	0	5567
0.477121254719662	0	5568
0.602059991327962	0	5569
0	0	5570
0.477121254719662	0	5571
0	0	5572
0.301029995663981	0	5573
1.04139268515822	0	5574
0	0	5575
0	0	5576
0	0	5577
0	0	5578
0.301029995663981	0	5579
0	0	5580
0	0	5581
1.27875360095283	0	5582
0.477121254719662	0	5583
0	0	5584
1.07918124604762	0	5585
0.602059991327962	0	5586
0.301029995663981	0	5587
0.477121254719662	0	5588
0.954242509439325	0	5589
0.301029995663981	0	5590
0	0	5591
0	0	5592
0	0	5593
0	0	5594
0	0	5595
0	0	5596
0	0	5597
0.477121254719662	0	5598
0.903089986991944	0	5599
0.301029995663981	0	5600
0	0	5601
0.301029995663981	0	5602
0.301029995663981	0	5603
0	0	5604
0.903089986991944	0	5605
0.301029995663981	0	5606
0.301029995663981	0	5607
0.602059991327962	0	5608
0.602059991327962	0	5609
1.53147891704226	0	5610
1.32221929473392	0	5611
0.477121254719662	0	5612
0.698970004336019	0	5613
0.301029995663981	0	5614
0.301029995663981	0	5615
0.301029995663981	0	5616
0.477121254719662	0	5617
0	0	5618
0	0	5619
0.477121254719662	0	5620
0	0	5621
0.301029995663981	0	5622
0.301029995663981	0	5623
0.301029995663981	0	5624
0.477121254719662	0	5625
0.698970004336019	0	5626
0	0	5627
0	0	5628
0	0	5629
1	0	5630
1.11394335230684	0	5631
0	0	5632
1.20411998265592	0	5633
0	0	5634
0	0	5635
1.568201724067	1	5636
1.11394335230684	0	5637
0.778151250383644	0	5638
1.17609125905568	0	5639
0	0	5640
0.301029995663981	0	5641
0.301029995663981	0	5642
0	0	5643
0	0	5644
0	0	5645
0	0	5646
0	0	5647
0	0	5648
0.477121254719662	0	5649
0.477121254719662	0	5650
1.30102999566398	1	5651
0	0	5652
0.778151250383644	0	5653
0.477121254719662	0	5654
0.602059991327962	0	5655
0	0	5656
0	0	5657
0	0	5658
0	0	5659
0	0	5660
0.477121254719662	0	5661
0.477121254719662	0	5662
1.27875360095283	0	5663
0	0	5664
1.04139268515822	0	5665
0.477121254719662	0	5666
0.477121254719662	0	5667
0	0	5668
0.477121254719662	0	5669
0	0	5670
0.301029995663981	0	5671
0	0	5672
0	0	5673
0.301029995663981	0	5674
0.698970004336019	0	5675
0	0	5676
0	0	5677
0	0	5678
0.301029995663981	0	5679
1.20411998265592	1	5680
0	0	5681
0.301029995663981	0	5682
0.301029995663981	0	5683
0.698970004336019	0	5684
0	0	5685
0	0	5686
0	0	5687
0	0	5688
0	0	5689
0.301029995663981	0	5690
1.20411998265592	0	5691
0	0	5692
0	0	5693
0	0	5694
0	0	5695
0	0	5696
0	0	5697
0	0	5698
0	0	5699
0	0	5700
0	0	5701
0	0	5702
0	0	5703
0	0	5704
0	0	5705
0	0	5706
0	0	5707
0	0	5708
0	0	5709
0.301029995663981	0	5710
0	0	5711
0	0	5712
0	0	5713
0	0	5714
0	0	5715
1.23044892137827	1	5716
1.20411998265592	0	5717
0	0	5718
0	0	5719
0	0	5720
0	0	5721
0.698970004336019	0	5722
0	0	5723
0	0	5724
0	0	5725
0.301029995663981	0	5726
0	0	5727
0	0	5728
1.51851393987789	0	5729
0	0	5730
0	0	5731
0	0	5732
0	0	5733
0	0	5734
0	0	5735
0	0	5736
0	0	5737
0	0	5738
0	0	5739
0	0	5740
0.698970004336019	0	5741
0.602059991327962	0	5742
1.17609125905568	0	5743
0.778151250383644	0	5744
0.602059991327962	0	5745
0	0	5746
0.477121254719662	0	5747
0.477121254719662	0	5748
2.24797326636181	0	5749
0.954242509439325	0	5750
0	0	5751
1.04139268515822	0	5752
0.301029995663981	0	5753
0.845098040014257	0	5754
0	0	5755
0	0	5756
0	0	5757
0.698970004336019	0	5758
0	0	5759
0	0	5760
0	0	5761
0	0	5762
0.698970004336019	0	5763
0.477121254719662	0	5764
0	0	5765
0	0	5766
0.301029995663981	0	5767
0.301029995663981	1	5768
0.778151250383644	0	5769
0	0	5770
0	0	5771
0.301029995663981	0	5772
0.845098040014257	0	5773
0	0	5774
0	0	5775
0	0	5776
0	0	5777
0	0	5778
0	0	5779
0	0	5780
0	0	5781
0	0	5782
0	0	5783
0.845098040014257	1	5784
0.301029995663981	0	5785
0	0	5786
0.301029995663981	0	5787
0	0	5788
1.04139268515822	0	5789
0	0	5790
0.778151250383644	0	5791
0	0	5792
0	0	5793
0	0	5794
0	0	5795
0	0	5796
0	0	5797
0	0	5798
0	0	5799
0	0	5800
0	0	5801
0	0	5802
0.778151250383644	0	5803
0	0	5804
0.698970004336019	0	5805
0	0	5806
0.477121254719662	0	5807
0	0	5808
0	0	5809
0.477121254719662	0	5810
0.477121254719662	0	5811
0	0	5812
0.698970004336019	0	5813
0	0	5814
0.301029995663981	0	5815
0.602059991327962	0	5816
0	0	5817
0	0	5818
0	0	5819
0	0	5820
0.301029995663981	0	5821
0	0	5822
0	0	5823
0.301029995663981	0	5824
0	0	5825
0.301029995663981	0	5826
1.32221929473392	0	5827
0.301029995663981	0	5828
0	0	5829
0.301029995663981	0	5830
0	0	5831
0.778151250383644	0	5832
0.477121254719662	0	5833
0	0	5834
0	0	5835
0	0	5836
0	0	5837
0	0	5838
0	0	5839
0	0	5840
0	0	5841
0	0	5842
0.602059991327962	0	5843
0	0	5844
0	0	5845
0	0	5846
0	0	5847
0.301029995663981	0	5848
0	0	5849
0	0	5850
0	0	5851
0	0	5852
0	0	5853
0	0	5854
0	0	5855
0	0	5856
0	0	5857
0	0	5858
0	0	5859
0	0	5860
0	0	5861
0	0	5862
0	0	5863
0	0	5864
0	0	5865
0.301029995663981	0	5866
0	0	5867
0	0	5868
0.301029995663981	0	5869
0.477121254719662	0	5870
1.07918124604762	0	5871
1.25527250510331	0	5872
0	0	5873
0	0	5874
0	0	5875
0	0	5876
1.04139268515822	0	5877
0	0	5878
0.301029995663981	0	5879
0	0	5880
1.11394335230684	0	5881
0.301029995663981	0	5882
0.301029995663981	0	5883
0	0	5884
0	0	5885
0.477121254719662	0	5886
0.301029995663981	0	5887
0	0	5888
0.301029995663981	0	5889
1.81954393554187	0	5890
1.32221929473392	0	5891
0	0	5892
0.477121254719662	0	5893
0	0	5894
0	0	5895
0	0	5896
0.301029995663981	0	5897
0	0	5898
0.477121254719662	0	5899
1.04139268515822	1	5900
1.32221929473392	0	5901
0.477121254719662	0	5902
0.477121254719662	0	5903
0	0	5904
0	0	5905
0	0	5906
0.477121254719662	0	5907
1.72427586960079	1	5908
3.43312951758049	1.58496250072116	5909
0.602059991327962	0	5910
1.568201724067	0	5911
0	0	5912
0	0	5913
0	0	5914
0	0	5915
0	0	5916
0.698970004336019	0	5917
1.14612803567824	0	5918
0	0	5919
1.25527250510331	0	5920
0.301029995663981	0	5921
0.778151250383644	0	5922
0	0	5923
0.301029995663981	0	5924
1.23044892137827	1	5925
0.477121254719662	0	5926
2.16731733474818	0	5927
0.477121254719662	0	5928
0	0	5929
0	0	5930
0	0	5931
0	0	5932
0	0	5933
0.903089986991944	0	5934
0	0	5935
0	0	5936
0	0	5937
0	0	5938
0.477121254719662	0	5939
0	0	5940
0	0	5941
0	0	5942
0	0	5943
0	0	5944
0	0	5945
0.477121254719662	0	5946
0	0	5947
0	0	5948
0	0	5949
0	0	5950
0.477121254719662	0	5951
0	0	5952
0	0	5953
0	0	5954
0.301029995663981	0	5955
0	0	5956
0.477121254719662	0	5957
0.477121254719662	0	5958
0	0	5959
0	0	5960
0	0	5961
1.04139268515822	0	5962
0.301029995663981	0	5963
0	0	5964
0.301029995663981	1	5965
1.07918124604762	0	5966
0.602059991327962	0	5967
0	0	5968
0.477121254719662	0	5969
0	0	5970
0	0	5971
0	0	5972
0.477121254719662	0	5973
1.11394335230684	0	5974
0	0	5975
0	0	5976
0.778151250383644	0	5977
0	0	5978
0	0	5979
0	0	5980
0	0	5981
0.602059991327962	0	5982
0.301029995663981	1	5983
0	0	5984
0	0	5985
0	0	5986
0	0	5987
0	0	5988
0	0	5989
0	0	5990
0	0	5991
0	0	5992
0	0	5993
0	0	5994
0.477121254719662	0	5995
0	0	5996
0.301029995663981	0	5997
1.04139268515822	0	5998
0.477121254719662	0	5999
0.477121254719662	0	6000
0.903089986991944	0	6001
0	0	6002
1.04139268515822	0	6003
0.477121254719662	0	6004
1.20411998265592	1.58496250072116	6005
0	0	6006
1.11394335230684	0	6007
0.301029995663981	0	6008
0.778151250383644	0	6009
0.602059991327962	0	6010
0.778151250383644	0	6011
0.602059991327962	0	6012
0	0	6013
0.602059991327962	0	6014
0	0	6015
0.477121254719662	0	6016
0	0	6017
0	0	6018
1	0	6019
0.301029995663981	0	6020
0.903089986991944	0	6021
0.477121254719662	0	6022
1.39794000867204	0	6023
0	0	6024
0.698970004336019	0	6025
0	0	6026
0.301029995663981	0	6027
0	0	6028
1.04139268515822	0	6029
0.301029995663981	0	6030
0	0	6031
0.301029995663981	0	6032
1	0	6033
1.30102999566398	0	6034
0.903089986991944	0	6035
0	0	6036
0	0	6037
0	0	6038
0	0	6039
0	0	6040
0.602059991327962	0	6041
0	0	6042
0	0	6043
0	0	6044
0	0	6045
0	0	6046
0	0	6047
0	0	6048
0.602059991327962	0	6049
0	0	6050
0.602059991327962	1	6051
0.301029995663981	0	6052
0.477121254719662	0	6053
0	0	6054
0	0	6055
0	0	6056
0	0	6057
0	0	6058
0	0	6059
0.903089986991944	0	6060
0.301029995663981	0	6061
0	0	6062
1.27875360095283	1	6063
0	0	6064
0	0	6065
0.301029995663981	0	6066
1.43136376415899	1	6067
0	0	6068
0.602059991327962	0	6069
0.301029995663981	0	6070
1.14612803567824	0	6071
0	0	6072
0	0	6073
0	0	6074
0.477121254719662	0	6075
0	0	6076
0.301029995663981	0	6077
0.477121254719662	0	6078
0.477121254719662	0	6079
0.301029995663981	0	6080
0	0	6081
0.602059991327962	0	6082
0	0	6083
0.698970004336019	0	6084
0.845098040014257	0	6085
0	0	6086
0	0	6087
0	0	6088
0.778151250383644	0	6089
0	0	6090
0.301029995663981	0	6091
0	0	6092
0	0	6093
0	0	6094
0	0	6095
0	0	6096
0	0	6097
0.698970004336019	0	6098
0.903089986991944	0	6099
0	0	6100
1.07918124604762	0	6101
0	0	6102
0	0	6103
0.477121254719662	0	6104
0	0	6105
0	0	6106
0.301029995663981	0	6107
0.954242509439325	0	6108
0	0	6109
0	0	6110
0	0	6111
0	0	6112
0	0	6113
0	0	6114
0.698970004336019	0	6115
0	0	6116
1.34242268082221	0	6117
0	0	6118
0	0	6119
0	0	6120
0.477121254719662	0	6121
0.477121254719662	0	6122
0	0	6123
0	0	6124
0	0	6125
0.778151250383644	0	6126
1.39794000867204	0	6127
0	0	6128
0	0	6129
0	0	6130
0	0	6131
0	0	6132
0.477121254719662	0	6133
0	0	6134
0	0	6135
0.778151250383644	0	6136
0.301029995663981	0	6137
0	0	6138
0.301029995663981	0	6139
0	0	6140
0	0	6141
0	0	6142
0	0	6143
0	0	6144
0.301029995663981	0	6145
0.778151250383644	0	6146
0	0	6147
0	0	6148
0	0	6149
0.477121254719662	0	6150
0.301029995663981	0	6151
0	0	6152
0	0	6153
0	0	6154
0	0	6155
0	0	6156
0	0	6157
0	0	6158
0	0	6159
0	0	6160
0	0	6161
0	0	6162
0.301029995663981	0	6163
0	0	6164
0.301029995663981	0	6165
0	0	6166
0	0	6167
0	0	6168
0	0	6169
0	0	6170
0	0	6171
0.477121254719662	0	6172
0.778151250383644	0	6173
0	0	6174
0	0	6175
0	0	6176
0.477121254719662	0	6177
0	0	6178
0.301029995663981	0	6179
0	0	6180
0	0	6181
0	0	6182
0.301029995663981	0	6183
0	0	6184
0	0	6185
0	0	6186
0	0	6187
0	0	6188
0	0	6189
0	0	6190
0	0	6191
0	0	6192
0.778151250383644	0	6193
0	0	6194
0.301029995663981	0	6195
0	0	6196
0.477121254719662	0	6197
0.602059991327962	0	6198
0.845098040014257	1	6199
0	0	6200
0	0	6201
0.954242509439325	0	6202
0.301029995663981	0	6203
0	0	6204
0	0	6205
0.301029995663981	0	6206
0.698970004336019	0	6207
0	0	6208
0	0	6209
0	0	6210
0.301029995663981	0	6211
0	0	6212
0	0	6213
0	0	6214
0	0	6215
0.301029995663981	0	6216
0	0	6217
0.301029995663981	0	6218
1	0	6219
0.903089986991944	0	6220
0	0	6221
0.301029995663981	0	6222
0.301029995663981	0	6223
0.301029995663981	0	6224
0.477121254719662	0	6225
0.954242509439325	0	6226
0.301029995663981	0	6227
0	0	6228
0	0	6229
0	0	6230
0	0	6231
0	0	6232
0	0	6233
0	0	6234
0.301029995663981	0	6235
0.698970004336019	0	6236
1	0	6237
0	0	6238
0.845098040014257	0	6239
0.301029995663981	0	6240
0	0	6241
0.602059991327962	0	6242
0.602059991327962	0	6243
0.477121254719662	0	6244
0	0	6245
0	0	6246
0.477121254719662	0	6247
0	0	6248
0	0	6249
0	0	6250
0.301029995663981	0	6251
0	0	6252
0	0	6253
0.301029995663981	0	6254
0.602059991327962	0	6255
0.698970004336019	0	6256
1.20411998265592	0	6257
0	0	6258
0.301029995663981	0	6259
0	0	6260
0	0	6261
0	0	6262
1.14612803567824	1	6263
0	0	6264
0	0	6265
0.301029995663981	1	6266
0.477121254719662	0	6267
0.602059991327962	0	6268
0.301029995663981	0	6269
1.44715803134222	1	6270
0.954242509439325	0	6271
0	0	6272
0.477121254719662	0	6273
0.301029995663981	0	6274
1.44715803134222	0	6275
0.698970004336019	0	6276
0.698970004336019	0	6277
0	0	6278
1.44715803134222	0	6279
0	0	6280
0.301029995663981	0	6281
0	0	6282
0.477121254719662	0	6283
0.301029995663981	0	6284
0	0	6285
0	0	6286
0	0	6287
0	0	6288
0	0	6289
0.477121254719662	0	6290
0.477121254719662	0	6291
0	0	6292
0.301029995663981	0	6293
0.602059991327962	0	6294
0.602059991327962	0	6295
0	0	6296
0	0	6297
0.845098040014257	0	6298
0.954242509439325	0	6299
1.20411998265592	0	6300
0	0	6301
0	0	6302
0.477121254719662	0	6303
0	0	6304
0.698970004336019	0	6305
0	0	6306
0.602059991327962	0	6307
0.301029995663981	0	6308
0.778151250383644	0	6309
0.477121254719662	0	6310
0	0	6311
1.07918124604762	0	6312
0.602059991327962	0	6313
0	0	6314
0	0	6315
0	0	6316
0.301029995663981	0	6317
0.477121254719662	0	6318
0.301029995663981	0	6319
0.301029995663981	0	6320
0.301029995663981	0	6321
0	0	6322
0	0	6323
0	0	6324
0	0	6325
0	0	6326
0	0	6327
0	0	6328
0	0	6329
0	0	6330
0.301029995663981	0	6331
0	0	6332
0	0	6333
0	0	6334
0	0	6335
0	0	6336
0	0	6337
0.301029995663981	0	6338
0.477121254719662	0	6339
0	0	6340
0.301029995663981	0	6341
0	0	6342
0	0	6343
0.301029995663981	0	6344
0	0	6345
0	0	6346
0	0	6347
0	0	6348
0	0	6349
0	0	6350
0	0	6351
0	0	6352
0	0	6353
0.301029995663981	0	6354
0	0	6355
0	0	6356
0.602059991327962	0	6357
0.477121254719662	0	6358
0	0	6359
0.301029995663981	0	6360
0	0	6361
0	0	6362
0	0	6363
0	0	6364
0	0	6365
0	0	6366
0	0	6367
0	0	6368
0	0	6369
1.04139268515822	0	6370
0.778151250383644	0	6371
0.778151250383644	0	6372
0.301029995663981	0	6373
0.477121254719662	0	6374
1.11394335230684	1	6375
0	0	6376
0.845098040014257	0	6377
0.698970004336019	0	6378
0.698970004336019	0	6379
0	0	6380
0	0	6381
0.778151250383644	0	6382
0	0	6383
0	0	6384
1	0	6385
1.34242268082221	0	6386
1.17609125905568	0	6387
0.778151250383644	0	6388
1.04139268515822	0	6389
0.778151250383644	0	6390
0	0	6391
0.602059991327962	0	6392
0.698970004336019	0	6393
0.845098040014257	0	6394
1.14612803567824	0	6395
0	0	6396
0.477121254719662	0	6397
0.477121254719662	0	6398
1.04139268515822	0	6399
0	0	6400
0.698970004336019	0	6401
0	0	6402
0	0	6403
0	0	6404
0.903089986991944	0	6405
0	0	6406
0	0	6407
0	0	6408
0	0	6409
0	0	6410
0.301029995663981	0	6411
0.301029995663981	0	6412
0.477121254719662	0	6413
0	0	6414
0.301029995663981	0	6415
1.14612803567824	0	6416
1.25527250510331	0	6417
0	0	6418
0	0	6419
0	0	6420
0	0	6421
0	0	6422
0	0	6423
0	0	6424
0	0	6425
0	0	6426
0.477121254719662	0	6427
0	0	6428
0	0	6429
0	0	6430
0	0	6431
0	0	6432
0	0	6433
0.301029995663981	0	6434
0.477121254719662	0	6435
0	0	6436
1.14612803567824	0	6437
0	0	6438
1	0	6439
0	0	6440
0	0	6441
0	0	6442
0	0	6443
0.477121254719662	0	6444
0.778151250383644	0	6445
0.602059991327962	0	6446
0.301029995663981	0	6447
0.301029995663981	0	6448
0.698970004336019	0	6449
0.602059991327962	1	6450
0	0	6451
0.301029995663981	0	6452
0.602059991327962	0	6453
0	0	6454
0	0	6455
0	0	6456
0	0	6457
0	0	6458
0	0	6459
0	0	6460
0.301029995663981	0	6461
0	0	6462
0	0	6463
0	0	6464
0	0	6465
0	0	6466
0	0	6467
0	0	6468
0	0	6469
0.301029995663981	0	6470
0.477121254719662	0	6471
0.301029995663981	0	6472
0.698970004336019	0	6473
0	0	6474
0	0	6475
0.698970004336019	0	6476
0.301029995663981	0	6477
0	0	6478
0	0	6479
0	0	6480
0	0	6481
0	0	6482
0	0	6483
0.301029995663981	0	6484
0	0	6485
0.602059991327962	0	6486
0.954242509439325	1	6487
0	0	6488
1.07918124604762	0	6489
0	0	6490
0.698970004336019	0	6491
0	0	6492
0	0	6493
0	0	6494
0	0	6495
0	0	6496
0	0	6497
1	0	6498
0	0	6499
1	0	6500
0.301029995663981	0	6501
0	0	6502
0.845098040014257	0	6503
0	0	6504
0.301029995663981	0	6505
0.477121254719662	0	6506
0	0	6507
0	0	6508
0	0	6509
0	0	6510
0	0	6511
0	0	6512
0	0	6513
0.602059991327962	0	6514
0	0	6515
0.602059991327962	0	6516
1	1	6517
0	0	6518
0	0	6519
0	0	6520
0	0	6521
0	0	6522
0	0	6523
0	0	6524
0	0	6525
0.301029995663981	0	6526
1.11394335230684	0	6527
0	0	6528
0	0	6529
0	0	6530
0.477121254719662	1	6531
0.845098040014257	0	6532
0	0	6533
0.301029995663981	1	6534
0.778151250383644	0	6535
0	0	6536
0	0	6537
0	0	6538
0	0	6539
0	0	6540
0	0	6541
0	0	6542
0	0	6543
0	0	6544
0	0	6545
0	0	6546
0	0	6547
0	0	6548
0	0	6549
0	0	6550
0.477121254719662	0	6551
0	0	6552
0	0	6553
0.602059991327962	0	6554
0.477121254719662	0	6555
0	0	6556
0.301029995663981	0	6557
0	0	6558
0	0	6559
0	0	6560
0.845098040014257	0	6561
1.04139268515822	0	6562
0.602059991327962	1	6563
0	0	6564
1	0	6565
0.301029995663981	0	6566
1.49136169383427	0	6567
0	0	6568
0.698970004336019	0	6569
0	0	6570
0.602059991327962	1	6571
0	0	6572
1.17609125905568	0	6573
0	0	6574
0	0	6575
0	0	6576
0	0	6577
0	0	6578
1.50514997831991	0	6579
0	0	6580
0.954242509439325	0	6581
0	0	6582
0	0	6583
0	0	6584
0.698970004336019	0	6585
0.301029995663981	0	6586
0.301029995663981	0	6587
0	0	6588
0	0	6589
0	0	6590
0.698970004336019	0	6591
0	0	6592
1.07918124604762	0	6593
0	0	6594
0.301029995663981	0	6595
0	0	6596
0	0	6597
0	0	6598
0	0	6599
0.301029995663981	0	6600
0	0	6601
0.301029995663981	0	6602
0.477121254719662	0	6603
0	0	6604
0	0	6605
0.477121254719662	0	6606
0.301029995663981	0	6607
0.301029995663981	0	6608
0.477121254719662	0	6609
0	0	6610
0	0	6611
0	0	6612
0.778151250383644	0	6613
0.301029995663981	0	6614
0.602059991327962	0	6615
0.477121254719662	0	6616
0	0	6617
0.301029995663981	0	6618
0.903089986991944	0	6619
0	0	6620
0	0	6621
0.301029995663981	0	6622
0.477121254719662	0	6623
1.11394335230684	0	6624
0	0	6625
0	0	6626
0.698970004336019	0	6627
0	0	6628
0.602059991327962	0	6629
0.778151250383644	0	6630
0.698970004336019	0	6631
1.11394335230684	0	6632
0	0	6633
0.301029995663981	0	6634
0.301029995663981	0	6635
0	0	6636
0	0	6637
0.301029995663981	0	6638
0.778151250383644	0	6639
0	0	6640
0.903089986991944	0	6641
0.602059991327962	0	6642
0.845098040014257	0	6643
0	0	6644
0.477121254719662	0	6645
1.36172783601759	0	6646
0.845098040014257	0	6647
0	0	6648
0	0	6649
0	0	6650
0.301029995663981	0	6651
0	0	6652
0.698970004336019	0	6653
0	0	6654
0	0	6655
0	0	6656
0	0	6657
0	0	6658
0	0	6659
0.301029995663981	0	6660
0.477121254719662	0	6661
0	0	6662
0	0	6663
0	0	6664
0	0	6665
0.602059991327962	0	6666
0.602059991327962	0	6667
0	0	6668
0	0	6669
0	0	6670
0.602059991327962	0	6671
0	0	6672
0	0	6673
0	0	6674
0	0	6675
0	0	6676
0	0	6677
0	0	6678
0	0	6679
0	0	6680
0.301029995663981	0	6681
0.602059991327962	0	6682
0.477121254719662	0	6683
0	0	6684
0.301029995663981	0	6685
0.602059991327962	0	6686
0	0	6687
0	0	6688
0.778151250383644	0	6689
0.301029995663981	0	6690
1.30102999566398	0	6691
0	0	6692
0.845098040014257	1	6693
0	0	6694
0	0	6695
0	0	6696
0	0	6697
0	0	6698
0	0	6699
0	0	6700
0.301029995663981	0	6701
0.301029995663981	0	6702
0	0	6703
0	0	6704
0	0	6705
0	0	6706
0.903089986991944	0	6707
0.301029995663981	0	6708
0	0	6709
0	0	6710
0.778151250383644	0	6711
0	0	6712
0	0	6713
0	0	6714
0	0	6715
0	0	6716
1.51851393987789	1	6717
0.301029995663981	0	6718
0	0	6719
0	0	6720
0	0	6721
1.27875360095283	0	6722
0.477121254719662	0	6723
0.301029995663981	0	6724
0.903089986991944	1	6725
0	0	6726
0.477121254719662	0	6727
0.477121254719662	0	6728
1.07918124604762	0	6729
0	0	6730
0.698970004336019	0	6731
0	0	6732
0.301029995663981	0	6733
0.301029995663981	0	6734
0.301029995663981	0	6735
0.301029995663981	0	6736
0.477121254719662	0	6737
0.301029995663981	0	6738
0	0	6739
0	0	6740
0	0	6741
0	0	6742
0	0	6743
0	0	6744
0.301029995663981	0	6745
0	0	6746
0	0	6747
0	0	6748
0	0	6749
0.301029995663981	0	6750
1.23044892137827	0	6751
0	0	6752
0	0	6753
0	0	6754
0	0	6755
0	0	6756
0	0	6757
0	0	6758
0	0	6759
0	0	6760
0	0	6761
0	0	6762
0	0	6763
0	0	6764
0	0	6765
0	0	6766
0.903089986991944	0	6767
0	0	6768
0.301029995663981	0	6769
0.602059991327962	0	6770
0.477121254719662	0	6771
0	0	6772
0	0	6773
0.477121254719662	1	6774
0	0	6775
0	0	6776
0.477121254719662	0	6777
0.301029995663981	0	6778
0	0	6779
0	0	6780
0.477121254719662	0	6781
0.954242509439325	0	6782
0.698970004336019	0	6783
0	0	6784
0	0	6785
0	0	6786
0	0	6787
0	0	6788
0	0	6789
0	0	6790
0	0	6791
0	0	6792
0	0	6793
0	0	6794
0	0	6795
0	0	6796
0.301029995663981	0	6797
0.301029995663981	0	6798
0.602059991327962	0	6799
0.301029995663981	0	6800
0	0	6801
0	0	6802
0	0	6803
0	0	6804
0	0	6805
0	0	6806
0	0	6807
0	0	6808
0	0	6809
0	0	6810
1.32221929473392	0	6811
0	0	6812
0.301029995663981	0	6813
0.301029995663981	0	6814
0.301029995663981	0	6815
0	0	6816
0.301029995663981	0	6817
0	0	6818
0.903089986991944	0	6819
0.301029995663981	0	6820
0	0	6821
0	0	6822
0.954242509439325	0	6823
0.477121254719662	0	6824
0	0	6825
0	0	6826
0.301029995663981	0	6827
0	0	6828
0.301029995663981	0	6829
0	0	6830
0	0	6831
0	0	6832
0.301029995663981	0	6833
0	0	6834
0	0	6835
0	0	6836
1.14612803567824	1	6837
0.845098040014257	0	6838
1.30102999566398	0	6839
0.301029995663981	0	6840
0	0	6841
0.602059991327962	1	6842
1.17609125905568	0	6843
0.845098040014257	0	6844
0.698970004336019	0	6845
1.11394335230684	0	6846
0	0	6847
0	0	6848
0.477121254719662	0	6849
0	0	6850
0.845098040014257	0	6851
0.602059991327962	0	6852
0	0	6853
0	0	6854
0	0	6855
0	0	6856
0.301029995663981	0	6857
0	0	6858
0.477121254719662	0	6859
0.477121254719662	0	6860
0.698970004336019	0	6861
0	0	6862
0	0	6863
0	0	6864
0	0	6865
0	0	6866
0	0	6867
0	0	6868
0	0	6869
0	0	6870
0.301029995663981	0	6871
0	0	6872
0	0	6873
0	0	6874
0	0	6875
0	0	6876
0	0	6877
0	0	6878
0	0	6879
0	0	6880
0	0	6881
0	0	6882
0	0	6883
0	0	6884
0	0	6885
0.778151250383644	0	6886
0	0	6887
0	0	6888
0	0	6889
0.301029995663981	0	6890
0.698970004336019	0	6891
0.301029995663981	0	6892
0.301029995663981	0	6893
0	0	6894
0	0	6895
0.301029995663981	0	6896
0.602059991327962	0	6897
0	0	6898
0.301029995663981	0	6899
0.477121254719662	0	6900
0.301029995663981	0	6901
0	0	6902
0	0	6903
0	0	6904
0	0	6905
0.602059991327962	0	6906
