x	y	clickSelects
0.00818750243894495	1.01230117891017	783
0.057488331391645	0.683973037611493	783
-0.074690762758	1.14684148444648	783
-0.0433980676132799	0.44647504020799	286
0.00125918418600901	0.45106528703328	286
0.113023550227289	0.872184261742895	83
0.00123554490252298	0.529473029392655	83
-0.0936459313254101	1.3560871877881	83
-0.0850844873068199	1.15538030547442	83
-0.05209385736567	0.810200867875942	364
-0.00403205672488993	1.60119994284272	83
0.056343803465234	0.682867398364901	837
0.00513490229487401	0.509680765352785	837
0.062221283811582	0.690766627468789	837
0.00123554490252298	0.529473029392655	837
0.00197513677763295	0.527784975096114	837
0.0415757759140351	0.596758477825843	191
-0.05095204954335	0.831680313195525	191
-0.05251019161795	0.429734791833162	191
0.00439901407220999	0.51125433795232	2963
-0.10842163467365	0.76817921303729	83
0.00915942635765299	1.01302354877423	14
0.0104697844773129	0.915082568469968	14
0.037720858691934	0.56896854603217	142
0.070876421774564	0.731246798015573	142
0.0415757759140351	0.596758477825843	289
-0.10397450810671	0.758202020923154	289
-0.02340928414331	0.911692619768156	188
-0.04038355317258	0.428241517084643	188
0.118200647624477	0.961552193347332	154
0.034564110440276	0.615458717111082	87
-0.11118908049623	0.776925036036676	87
-0.0423287740670699	0.428449042358836	87
-0.04842602986207	0.44867035504741	87
-0.0196543945457	0.934654725517788	35
-0.0454357545055	0.433156322806163	1269
-0.01707794674221	0.947051433763566	736
0.078630779955181	0.780391551162384	783
0.0377422529075619	0.594094542526021	286
-0.0514532501040501	0.413654857637334	241
-0.0494907784776699	0.435890454815377	241
-0.11153222916333	0.778873184687404	241
0.109442636541363	0.902053487936391	83
0.00513490229487401	0.509680765352785	83
0.051040105627285	1.59256044700044	83
-0.09698017114526	1.38372479782116	837
0.00816696864779198	1.01525592786111	837
0.0611816279383301	0.66578538345504	191
0.034975892991207	1.1444435032194	83
-0.11235675749029	0.707106377670444	83
-0.10960688937236	1.01543376199064	83
-0.0404913862182701	0.429986031003074	14
-0.1049432271887	0.746989386183657	14
-0.0255855495699999	0.90733769250235	14
0.059572058595899	1.23468285003678	14
0.00366286090618595	0.508889612374996	142
0.118922962284435	0.973356465425947	1266
0.067521204120958	0.67670484091092	1266
0.108887441654825	0.948741032775705	1266
0.00157372035511905	0.505438985948541	289
-0.0473623375497601	0.430582208132322	289
-0.0394224817711899	0.428820497755674	289
0.032354706923577	0.611931679071181	289
-0.05248810185819	0.808499120940354	2040
-0.00024444578496996	0.519580235074901	87
-0.00329329124041999	0.510726010383714	87
0.00650295193964501	0.516919190277734	35
0.040938548916772	0.571151340530714	1489
0.093009537501741	1.38859532704831	736
-0.11942785223318	2.00452428582967	3481
0.018225764874788	0.919689715181239	783
-0.11438310589923	0.737523754290329	783
0.060634977748008	0.703536127183062	465
-0.04938876843792	0.445225820250445	465
0.037125395262032	0.617666119824078	286
0.00294241219737001	0.524856477976157	241
0.037824760733445	1.64991291966089	83
-0.11118908049623	0.776925036036676	2248
0.012324224306478	0.477953329393178	364
-0.0454357545055	0.433156322806163	2418
-0.11440669720491	0.765292285205779	837
0.00780017378261599	0.500662614108395	191
0.057909607949415	0.676470833499564	83
0.0839050479793561	0.794111514000436	14
-0.0583071317953801	0.85758544690967	1266
-0.04640120529454	0.428382015905654	289
-0.0445578371161801	0.429867191818012	289
0.040947015904264	0.593029045553984	289
0.00744227715221701	0.498324286424817	289
0.0355139939507469	0.607116606721464	289
-0.00232873693392	0.50805193852294	289
-0.0443643429565399	0.445800704702982	289
-0.00156684388770989	1.58101665012747	188
-0.10963270223314	0.771277710705763	188
-0.0425391962345201	0.417848797674199	188
-0.05856234686206	0.397293380093958	6
0.123832923786112	1.15750847935813	700
-0.05209385736567	0.810200867875942	328
-0.11058277354997	0.782393259015343	2040
0.030773864119889	0.558925225753047	328
0.0245558054588561	1.06459526355943	154
0.031065606499158	0.599504126969321	1256
0.06606493751057	0.654127640411024	853
0.00553111674045503	0.500869651939237	2223
0.03963898606601	0.588611757271608	1489
-0.0494907784776699	0.435890454815377	236
-0.0454357545055	0.433156322806163	2881
0.00226782246503598	1.64073114597362	736
-0.10971303875073	0.766753235580338	783
0.018250480702635	1.87858051000224	3481
0.060946477658508	1.13138603806196	783
-0.0374057723584	1.60498315193809	728
-0.0461271776875001	1.21536059200762	728
-0.0455159115247701	0.432093044759573	286
0.0886432448979531	0.760268153750783	83
-0.0494907784776699	0.435890454815377	3836
-0.11535576665425	0.73909092076831	191
0.00427237583115303	0.515543120569999	83
-0.11849543295591	0.995627775497138	83
0.015473461123215	1.33639369724085	14
-0.03164898232407	1.19206845772281	14
-0.04145354839253	0.429401569031903	142
0.114793772185804	0.949108992862745	289
0.00439901407220999	0.51125433795232	289
0.052763638230486	1.17469263895786	289
0.00299905039289705	1.00898585428504	289
0.00575970002729898	0.520040244943026	289
0.040625422085209	0.599198553208337	289
-0.04852745575138	0.433634927743835	6
-0.09995709463706	1.55228819754844	188
0.048255266047158	1.13779829758195	154
-0.0444683948150699	0.433758823456749	154
0.040557304955672	1.0632990373127	87
0.020879300199623	1.03717930898945	87
-0.11464078393412	1.31467624185613	87
0.032369132612166	0.598937776547361	87
-0.0433980676132799	0.44647504020799	87
-0.0137723076123599	0.908985480954394	483
-0.0443643429565399	0.445800704702982	483
0.088393022562864	0.815573280186163	35
0.110088823685256	0.88487895547323	64
0.039008906271935	0.591353630501703	32
0.105271673373142	1.9740113281401	1393
-0.11491587108628	1.05129838009726	783
0.113282851393765	1.14697777962412	728
0.102637234533339	0.899866208080754	83
0.00404507316163605	0.4714297151971	2248
0.0627751797757991	0.707592424647626	837
-0.0454357545055	0.433156322806163	837
-0.04349566692495	0.428711682497803	191
0.040625422085209	0.599198553208337	191
-0.04243230844476	0.442292931729212	191
0.029899348181905	1.02646653375639	142
0.04731836786496	1.14594688468395	1266
0.044090926053831	0.554896847229499	1266
0.029849208394141	1.04433133246196	289
0.00673163236678998	0.517175184688351	289
0.043460770954635	0.58800763136859	289
-0.0947463034960001	1.54896106246392	289
0.00220379579866403	0.526527263663833	289
-0.04360026686825	0.418948345293282	289
0.037125395262032	0.617666119824078	289
-0.0406357362771099	1.14667254765322	289
0.083051514741657	0.764218309454065	410
-0.1074567770412	0.785164696365224	188
0.100813034723665	0.931811427098868	2040
0.0627751797757991	0.707592424647626	154
0.06517278031438	1.20302213160414	87
0.122004401419448	0.977027148832984	87
-0.0501364964801301	0.774520006706557	483
-0.01701199494143	0.939735112731246	483
0.0422043216657551	0.597227396370121	607
-0.0454357545055	0.433156322806163	568
0.0495984862268311	0.652638612199388	783
0.028025891780788	1.44109797458956	783
-0.0624440171958201	0.843216851666672	241
0.086055270122483	0.763352923663414	241
0.087901206698662	0.724415736269236	241
-0.0242018823593699	0.914443719100832	241
0.025344502636424	1.03647369143629	83
0.030744039310375	0.588320087157007	83
0.026268904634261	1.03461385031281	83
-0.05729007967189	0.853215088583615	83
-0.11440669720491	0.765292285205779	83
0.064351195981407	0.657694807244969	142
-0.11737870198638	0.744491245795875	1266
0.037753106732376	0.616198039999054	289
-0.0831803368244399	1.31735044603803	289
0.008415164580301	0.509621036689629	289
0.037753106732376	0.616198039999054	289
0.08948803186302	0.732596114743483	188
-0.00707478605505996	0.486126523554787	188
-0.0236728510025901	0.917655544616537	700
-0.0529527074898899	0.745861361938475	154
0.060043099418955	0.693581016154905	154
0.00220379579866403	0.526527263663833	154
-0.10900325201475	0.727407287705167	171
0.033649296296845	0.568118384868097	87
0.078448206857482	0.776444740477874	87
0.027889403041878	0.571861250055943	483
0.000725759274744053	0.516767991607716	483
-0.000631192590289986	0.489631195802036	483
0.00501617472378002	0.519562639486116	35
0.061207481317509	0.699757730772474	5087
-0.10312404697441	0.717794806080055	35
0.041254453786401	0.599674491276673	416
-0.0494907784776699	0.435890454815377	33
0.023762506416473	0.547474469067114	783
0.100448113298406	0.905794303101647	465
0.00172542938198395	1.01794906038668	465
0.098657048828214	0.865047259629634	241
0.090675137830416	0.862457654157562	241
-0.1112125169459	0.748402020088029	241
0.064810835941978	0.669542449511375	83
0.027493265160338	1.04858183844262	83
0.000255638344024978	1.34642046933227	83
-0.10719339801243	0.960177819922865	83
0.086239996998486	0.700169802302394	191
0.043353011442529	1.06280072329539	191
0.00494487107898101	1.02388131447897	191
0.061779800286745	0.691228394070636	191
0.087894875981666	0.758820081775087	83
0.061757015458129	0.66942067429911	142
-0.01628040438193	0.422049671582024	142
-0.10371166901347	0.73727749142182	1266
-0.10901188469504	0.755954629091621	289
0.0851166944223381	0.764507800419289	289
0.057470571608611	0.689381399473152	410
0.00575970002729898	0.520040244943026	410
0.057470571608611	0.689381399473152	188
-0.0523420026775301	1.14563474216874	188
-0.00561153438482998	0.472999723463628	154
-0.09894479484442	0.699889630622942	154
-0.12242266266764	1.06447112907243	154
-0.0454357545055	0.433156322806163	87
0.0801710263222311	0.792832563043884	87
-0.0494907784776699	0.435890454815377	1045
0.00352830315109698	0.507456873448156	87
0.060757403849562	0.692986431409001	483
0.010863265882162	0.499378493957803	483
-0.11285203613069	0.761503260970935	35
-0.0423287740670699	0.428449042358836	32
-0.0474638017453599	0.446251819108337	236
0.028074170132144	1.4129164160107	783
-0.0593230439888199	0.849348702493047	465
0.00126890794334	0.978026228733976	465
0.0298091031343291	0.602931281853728	241
0.0854436317177621	0.788964129604101	241
-0.00319921739489004	1.28601596515451	83
0.031592912190493	1.02001186101564	837
0.00989320472661803	0.513997136030586	14
0.06751294269744	0.685546205188532	5389
-0.0404913862182701	0.429986031003074	1266
-0.02196129820688	0.919098323374051	1266
-0.0536202246284301	0.869413303515477	188
0.032675036530646	0.607875856809657	188
0.0679481625634381	0.676333883456025	188
0.0361520547581	0.578153246828919	242
-0.06509951185471	0.834738558463562	154
0.06434234205261	0.672499280557374	171
-0.10371166901347	0.73727749142182	171
0.061207481317509	0.699757730772474	87
-0.04134513400628	0.423430599953674	87
-0.0599906081520401	0.841416921945099	87
-0.0541796279064399	0.873242042179189	87
0.037117371830672	0.58033133497196	87
0.02792274643468	0.569067935889141	1771
-0.0455159115247701	0.432093044759573	66
0.062332215630787	0.669936547169464	483
0.00989320472661803	0.513997136030586	483
-0.04445264019477	0.430927724065131	607
0.00747391857737001	0.514089350246445	853
0.010863265882162	0.499378493957803	64
-0.00402941921510003	0.505501444134074	64
-0.0454357545055	0.433156322806163	416
-0.00159385871586992	0.508400245228127	658
0.00915431893902496	0.51354011901363	32
-0.04134513400628	0.423430599953674	32
-0.0475646445167299	0.422542066773274	236
0.067649311096474	1.31132402393217	783
-0.0490300282963401	0.802120045442133	465
-0.0405244003779	1.21390502044277	465
0.117806016560922	1.0456323187327	286
-0.06096582207496	0.84855503573994	241
-0.05169852963519	1.20362097325626	83
0.036179063247249	0.561328234836671	83
-0.11491587108628	1.05129838009726	5282
0.066076320040329	0.678006209915091	2963
0.060606052957765	0.658936457580038	2713
0.093414792761971	0.869622523119349	2713
0.00536624632521698	0.523323803017451	14
-0.10781639265484	0.759392921367675	142
0.0670793104922131	0.680105264403455	5389
-0.0453311350324299	0.440452046038488	5389
0.100305544948717	0.915602741966141	289
-0.03104914470033	0.876241866024041	289
-0.05356821355632	0.418422773072408	242
-0.11655953571096	1.05785520931886	154
0.058601248110791	0.693213689358337	171
0.00553111674045503	0.500869651939237	171
0.066380422112253	0.618715543807276	1256
0.00770269257824596	0.497260263712666	2609
-0.10215790595895	0.754266585368116	87
0.061905315479014	0.668463873893355	87
0.039320655194157	0.590001927151446	87
-0.0433980676132799	0.44647504020799	87
0.093487522307907	0.838504677458458	87
0.057744901636545	0.637217966123534	2136
-0.06397981901705	0.820399473706489	2136
0.06693078735587	0.632386137308594	2136
-0.0433980676132799	0.44647504020799	853
0.01137017135527	0.503721354612043	64
-0.0454357545055	0.433156322806163	64
-0.0444683948150699	0.433758823456749	236
-0.0444683948150699	0.433758823456749	33
0.099272982257589	1.2840673846737	783
0.120238876832616	1.01746332217591	465
0.030132626458019	0.59049505027754	465
0.00575970002729898	0.520040244943026	83
-0.06097253153868	0.849461598271536	83
0.0298091031343291	0.602931281853728	83
-0.0515520742478299	0.420495589182693	83
-0.04640120529454	0.428382015905654	1266
-0.0423287740670699	0.428449042358836	1266
-0.00561153438482998	0.472999723463628	289
0.026291056244325	0.538286830332467	188
0.068405005568319	0.651648111887153	6
0.037125395262032	0.617666119824078	171
0.039320655194157	0.590001927151446	171
0.072833045912724	0.644560717229149	1256
-0.0514795413653399	0.406090128575886	87
0.008415164580301	0.509621036689629	1771
-0.11416159279543	0.7471069158851	66
0.010863265882162	0.499378493957803	853
0.00610115503236997	0.521664477903687	323
-0.0453311350324299	0.440452046038488	236
-0.0432939638308401	0.427873668991277	2472
0.049357557018025	1.08922916231853	286
0.061826464294407	1.28173891749557	286
0.098234325523062	0.925044346124692	241
0.084368465060654	0.78741509452514	241
0.121053566483069	1.06306062685293	2248
-0.0142318012695599	0.891649685195207	2713
0.094431486438093	0.867087891023906	14
0.035531544585078	0.577374611026435	14
-0.04848810361579	0.41383247037589	289
0.00610115503236997	0.521664477903687	289
-0.0541796279064399	0.873242042179189	289
0.051795075569901	0.99130221954016	242
-0.10624823730327	0.781936167426071	242
0.032984886684108	0.614378163164001	242
0.037125395262032	0.617666119824078	154
-0.11743475349556	0.714221989385664	110
-0.0552196369279701	0.805331647991553	154
0.038059744089473	0.599220689975794	87
0.00448641338438605	0.96672424740855	3457
0.00524624276802499	0.512743170789752	87
0.0646436861404081	0.646828473229225	87
0.00673163236678998	0.517175184688351	64
-0.0483239786818099	0.427518463663862	64
-0.0444683948150699	0.433758823456749	64
-0.0443643429565399	0.445800704702982	310
-0.04136409890739	0.424665264099882	323
-0.0885876389716001	1.10706970867744	728
0.048309555971998	1.04809367274512	728
0.091680573839027	1.40949655820542	465
0.050438741164857	1.5516250974001	728
-0.10198280408418	1.60597585452716	286
0.0467782808042571	1.09393860039189	83
-0.11703084417896	1.07752605265174	83
-0.0132537404640301	0.909043491038529	83
0.115752746202822	1.0088102218487	83
0.124792936684155	1.02679085929606	83
-0.11501192009647	0.767084382818898	83
0.039996175693012	0.595433602596057	14
0.064494580127291	0.69088374804266	14
0.10828858546762	0.896918712238412	142
0.105760431290367	0.900525852431758	1266
-0.0444683948150699	0.433758823456749	289
0.0854436317177621	0.788964129604101	2908
-0.00591278958413999	1.30858185363993	188
-0.04640120529454	0.428382015905654	188
0.00404240892321395	0.503339908750422	5872
0.00368076094158598	0.518415662074474	110
0.114516163765553	0.96121261046045	154
0.068086236117116	0.682744660897901	154
-0.11118908049623	0.776925036036676	87
-0.0483239786818099	0.427518463663862	838
-0.07622010550276	1.13119848022659	87
0.01137017135527	0.503721354612043	1771
0.053754233927805	0.672463407422731	1771
0.060634977748008	0.703536127183062	35
0.040638681492113	0.581504175006857	853
-0.04445264019477	0.430927724065131	310
-0.0432939638308401	0.427873668991277	32
0.034564110440276	0.615458717111082	32
-0.0423287740670699	0.428449042358836	236
-0.04640363250161	0.428229873657116	2905
-0.0432939638308401	0.427873668991277	830
-0.05468864820947	1.44430075059825	565
0.044313474937702	1.04690905711126	783
0.029930016499316	1.06491907682519	728
-0.03080054383902	0.882353549693621	83
-0.04698538159204	1.17509771560549	364
-0.12447525748744	1.33337984049337	2774
0.0637951230712041	0.672109348028099	83
0.075842612218713	0.770925862930017	2713
-0.00605866414056999	0.982989936415436	14
0.00892225986164197	0.502407069289994	410
0.00446721679720297	1.02183788781075	188
-0.0232870132862399	0.902406139158258	700
0.097250542696922	0.807393969111985	242
0.00598907382920899	0.516707923678894	242
0.065952775959911	0.658529956377769	242
0.064366507333912	0.668693109049607	298
0.030116819106933	0.579663817926862	5872
0.00724593065857404	0.509545936419535	5872
0.033614851151743	0.612938485681252	110
-0.0423287740670699	0.428449042358836	838
0.059931448124962	0.679681630580917	811
0.033321905392507	0.596554632713741	483
-0.0433980676132799	0.44647504020799	483
-0.1049432271887	0.746989386183657	853
-0.0494907784776699	0.435890454815377	35
-0.0535196004803	0.842756295992226	241
0.0811889869161781	0.810494780418257	83
0.086284633765326	0.76238556584067	83
0.0533134086125861	0.6739514494197	3645
0.092625866307564	1.23093323311051	2713
0.115705638692216	1.08178916947885	83
-0.04734037390943	1.18425503260534	1266
-0.0787088432601699	1.42825910330519	1266
0.028866216863929	0.578939547039236	289
0.120877101025613	0.80896194971937	289
0.00404240892321395	0.503339908750422	289
0.064931244436506	0.703680819270732	298
0.067833384511868	0.646194201721955	5872
-0.00182182824985011	0.50649437666673	87
0.110910585302097	0.987651220706999	87
-0.12387079877004	1.06075140511039	87
0.091768659930876	0.821185951876028	87
0.083725052904972	0.745068805904	811
0.083367095306824	0.791301889020935	1679
0.01137017135527	0.503721354612043	35
0.063921632062659	0.700807241835322	35
0.00575970002729898	0.520040244943026	64
-0.0520723233185401	0.837970222725997	696
-0.05356821355632	0.418422773072408	310
-0.00182182824985011	0.50649437666673	310
-0.0432939638308401	0.427873668991277	696
-0.0494907784776699	0.435890454815377	628
-0.0454357545055	0.433156322806163	32
0.008768136282711	0.483875318620648	323
0.00146491155476503	0.52395959859642	236
-0.0473623375497601	0.430582208132322	236
-0.0251605636266501	1.25637534669363	783
0.045291324620516	1.16486258248806	465
0.06321224247701	0.707875602355158	241
0.060183168657535	0.698247076769362	241
0.062761823354119	0.675201006324962	241
-0.11596147365583	0.740753350308211	83
-0.0468933733419199	1.17130757740272	83
-0.06467188689203	1.28491156339089	83
0.088431307375649	0.749911934683009	83
0.026279928372286	0.523799569204562	83
0.036803156466459	0.598470488515215	83
-0.11355977597039	0.742260486686034	83
-0.04692804261254	0.801241250386946	83
0.060617390106651	0.696079776374805	83
-0.03104914470033	0.876241866024041	14
0.064810835941978	0.669542449511375	14
0.061192254507104	0.682187269557446	140
-0.05250194097672	0.846335602286151	1266
-0.0593230439888199	0.849348702493047	1266
0.101566265515568	0.934454269169763	289
-0.000474424787330063	0.510164144766332	289
0.084208805610661	0.719952838119344	289
0.060617390106651	0.696079776374805	2908
-0.05172746964732	0.814776470367401	242
0.037131993072537	0.571894662307801	242
0.079783235650759	0.754441071587601	298
-0.0588795705452101	0.864526168790027	5872
-0.04938876843792	0.445225820250445	110
0.037428964337155	0.598748930615882	110
0.084518606361181	0.770724103178486	87
-0.05729007967189	0.853215088583615	87
0.088360163790448	0.766760000627167	2004
0.00500801163635201	0.98675919250226	811
-0.1114391766148	0.769902997779985	811
-0.0542785874574701	0.854870063777494	811
0.00271445992973596	0.521265643213589	483
-0.00436458509966009	0.467606685890181	35
0.00146491155476503	0.52395959859642	310
-0.04350155286969	0.429872929116567	32
0.080098915984269	1.22656824200682	783
-0.0161858638405601	1.29584419345815	783
0.086949502137587	0.837782870697835	241
-0.0212375051345699	0.912887978208289	83
0.031112211105785	1.08038189140236	83
0.102341401574789	0.843043290036794	83
0.049358313212399	1.16773514608534	83
0.041242015735153	1.07867026153421	2963
-0.03633769495755	1.4670005037083	2713
0.05602324172957	0.683079416360525	83
-0.12397913510825	1.07385905632001	83
-0.09990775963325	1.3714084812264	1266
-0.0455159115247701	0.432093044759573	1266
0.058916358328872	0.688285303792182	289
0.067968152180489	0.629559121640662	289
0.082366591235976	0.783897861219842	3188
-0.02506019291651	0.942106671344998	3188
0.046022867491237	0.565086743064389	1793
-0.0573362680077001	0.833652659247232	242
-0.0454357545055	0.433156322806163	5872
0.089700226380131	0.851238467341648	110
0.00427237583115303	0.515543120569999	2004
-0.0548760768099299	0.781943151124966	2004
0.00427237583115303	0.515543120569999	1679
-0.11153222916333	0.778873184687404	483
-0.12438899827901	1.072040906995	483
-0.0583071317953801	0.85758544690967	483
-0.11058277354997	0.782393259015343	35
0.0383786107291501	0.590906537522147	35
-0.04445264019477	0.430927724065131	4712
-0.0474638017453599	0.446251819108337	64
0.00439901407220999	0.51125433795232	696
0.00770269257824596	0.497260263712666	551
-0.0474335749722601	0.417860442772463	236
-0.0718818467690501	1.40269007123468	783
-0.10838416090208	1.01004985763353	783
0.0855092834717091	0.824458733837533	783
-0.03132275296325	1.49615076425397	728
-0.05942927362414	0.851358946975575	83
-0.0552196369279701	0.805331647991553	2713
0.090702943731833	0.845912142229775	83
-0.05587116133638	0.818508136622699	83
0.059048997300992	0.70006021145959	289
-0.11464052216809	1.07715251516447	289
-0.10685740708046	0.703373570576254	3188
0.00575970002729898	0.520040244943026	1091
0.031388569652256	0.595511586262737	1091
0.0637966824273331	0.605595252729809	110
0.091168075241205	0.837004201449689	110
-0.10336877920854	0.760871891692769	87
-0.11466266660174	0.767215564744385	87
0.036803156466459	0.598470488515215	811
-0.10590221418551	0.782589610128703	811
-0.0544279392312601	0.420060519147179	483
0.00621923944518998	0.49330917448904	483
-0.0261841800954099	0.923552631743151	483
0.058475802538455	0.695129402768599	5784
-0.0442596687539101	0.423097140504412	310
-0.0495730630978699	0.4149080062341	374
-0.04842602986207	0.44867035504741	236
-0.04842602986207	0.44867035504741	405
-0.0423072248182801	0.411383327794049	2905
-0.0544673789327601	1.49092374780982	728
-0.00167538106033005	1.34171776868081	728
0.031042150756178	1.04096206362326	83
-0.01962373718122	1.27349262725124	83
0.064931244436506	0.703680819270732	83
0.083645058919731	1.20597715360995	83
0.113135604264327	0.993396139099388	14
0.0361520547581	0.578153246828919	1266
-0.0615312050683501	0.84862293171538	289
0.086858397712464	0.816575609014351	188
0.00724593065857404	0.509545936419535	6
0.0627751797757991	0.707592424647626	6
-0.0443643429565399	0.445800704702982	2250
0.00610115503236997	0.521664477903687	110
-0.0483239786818099	0.427518463663862	87
-0.0625465260596001	0.849565396810395	2004
-0.11247743377147	0.758025631917112	2004
-0.05856234686206	0.397293380093958	811
0.086718611890266	0.722659789430748	87
0.00198213981364603	0.934868557230015	483
-0.1134553726955	0.768635109973517	483
0.033934634041467	0.616913290371044	483
-0.05674004296582	0.85978475217464	483
-0.0037992834740801	0.489298506735902	310
-0.04842602986207	0.44867035504741	1055
-0.04938876843792	0.445225820250445	236
-0.0445578371161801	0.429867191818012	405
-0.05919598099837	0.77614285396723	565
-0.07798591505472	1.12734542958182	728
0.119985869073988	1.10440085288277	783
-0.11305086893893	1.31989138345403	783
0.011600912664917	0.49651805060988	241
-0.04842602986207	0.44867035504741	83
-0.10925493558062	0.768125170133473	83
-0.0851891739784001	1.13111466070905	2774
0.02885812692489	0.600573109989026	83
0.092696422663773	0.839339980817274	282
0.060634977748008	0.703536127183062	298
-0.0454357545055	0.433156322806163	110
-0.11118908049623	0.776925036036676	87
0.059608747063883	0.699551221692607	483
-0.0454357545055	0.433156322806163	828
0.00989320472661803	0.513997136030586	696
-0.04145354839253	0.429401569031903	32
0.00844401215262003	0.49444624929651	374
0.069105263186186	0.669156596166039	32
-0.0578579656340901	0.868362942814535	33
-0.04146706489408	0.429278291239433	160
-0.0433980676132799	0.44647504020799	301
0.00710967505651805	1.26956048736972	783
0.036146498199346	1.07746901471651	783
0.081575591842003	1.2281595469302	286
-0.08306348473061	1.13441270863336	83
0.0355465402210799	0.597554243152236	83
-0.01087466905344	0.831499006967805	2713
-0.1201294682939	1.0425058425885	14
0.041562267885248	1.10012786945301	14
-0.12173932312991	1.07724888163417	185
0.00536624632521698	0.523323803017451	6
-0.02320963900731	0.894243618262663	1318
0.0106318221348251	0.51093753674394	276
0.013059420609841	0.478286635579529	110
-0.0738059465458301	1.14955674936084	87
0.037428964337155	0.598748930615882	483
-0.06030500576006	0.832618335833871	483
0.037428964337155	0.598748930615882	483
-0.10649890404876	0.758594678841909	483
0.00989320472661803	0.513997136030586	3312
-0.04445264019477	0.430927724065131	696
0.00892225986164197	0.502407069289994	696
0.0368038472203009	0.561661303928399	696
-0.04640120529454	0.428382015905654	310
-0.10241926466834	0.757715784252609	696
0.010125351783785	0.498974421602091	32
0.00496259418150302	1.01565461888479	783
-0.0841563210668099	1.5634990505982	728
0.105355730660213	0.990302296750693	286
0.092590373230402	0.833661884885819	241
0.00220379579866403	0.526527263663833	3951
0.078903655548888	0.764008139124726	83
0.032369132612166	0.598937776547361	83
0.087592061973417	0.739513480632097	83
0.054900647860708	0.664594715044821	83
0.054327533414555	0.670808495306078	83
-0.05581259239379	0.800440506792197	83
0.0173285770748089	1.04835235426578	83
-0.00232873693392	0.50805193852294	14
-0.11466266660174	0.767215564744385	14
0.079046247950222	0.727549768429546	1266
-0.11118908049623	0.776925036036676	1733
0.0886432448979531	0.760268153750783	289
-0.0984317809480899	0.691470586212517	289
0.029180531260368	0.598184933881074	289
0.037125395262032	0.617666119824078	298
-0.0494907784776699	0.435890454815377	298
0.00553111674045503	0.500869651939237	2250
0.0298091031343291	0.602931281853728	298
0.00478690005961402	0.503756185059023	276
0.00575970002729898	0.520040244943026	110
-0.05729007967189	0.853215088583615	110
-0.04842602986207	0.44867035504741	87
-0.0181346067233199	0.940366340920345	87
-0.06269581744729	0.705384775767403	87
0.097863534169928	0.831936530320156	4091
0.000495684112402972	0.526867747572164	1679
0.00123554490252298	0.529473029392655	483
0.07067599359802	0.643572491558208	483
0.04031804149638	0.585829080973	483
-0.04145354839253	0.429401569031903	3312
0.00450313898621602	0.504760821107476	828
0.00989320472661803	0.513997136030586	828
0.003908799730446	0.504338198541581	696
-0.0474638017453599	0.446251819108337	374
-0.0125239729878099	0.880424050820857	783
0.120585147952892	1.10059653056592	783
-0.0254601275688999	1.23640751591519	286
0.000111702920853052	0.499992850577696	3951
-0.04501217904359	1.18758560772643	83
0.043319493457342	1.1189897807835	187
0.059608747063883	0.699551221692607	83
0.062332215630787	0.669936547169464	83
-0.0453311350324299	0.440452046038488	14
0.033614851151743	0.612938485681252	2469
-0.02985930658178	1.23972241619032	14
0.082062172274475	0.76732924998968	1266
-0.0183246901985501	0.889216395411619	289
-0.0252604145576101	0.894135980456788	289
-0.0454357545055	0.433156322806163	1318
0.000266411603936034	0.512528764904733	1619
0.034275302435175	0.577016396783911	276
0.00366286090618595	0.508889612374996	110
-0.0990351947378401	0.699667113432345	110
-0.10985694370232	0.769947104181061	171
-0.0214318347043401	0.924355854056641	87
0.00724593065857404	0.509545936419535	2494
0.00501617472378002	0.519562639486116	483
0.00427237583115303	0.515543120569999	483
-0.000474424787330063	0.510164144766332	3312
-0.0433980676132799	0.44647504020799	696
-0.05035201801992	0.432991314592281	696
0.085225399895248	1.4275263397449	783
0.0653650750152029	0.658134666114976	286
-0.0228795237475501	0.91260222862707	83
-0.10445513581685	0.705447227676063	83
0.023402034006602	1.05415575049405	14
0.00273917174431204	0.971733016984899	1389
-0.11514255151532	0.726070751088048	1266
0.081984635926638	0.765559297820188	1266
0.101793145923242	0.814958316321943	1266
0.091025790961063	0.738992553516369	1266
0.00140085371260101	0.911997725875643	289
0.093026198374722	0.824621332514485	289
0.0570331415512541	0.689138017633733	289
0.00818240332512599	0.50199336587149	289
0.102381304991131	0.83332671914017	289
0.060183168657535	0.698247076769362	1057
-0.10581370850777	0.710378764084257	1318
0.061076735116286	0.693838659005481	276
-0.05473920561919	0.872302526191695	87
0.063236241234762	0.664603185283369	87
0.077252431321755	0.772360172505668	87
0.034244600467445	0.607391228022738	483
-0.04145354839253	0.429401569031903	483
-0.00159385871586992	0.508400245228127	35
-0.0229526352544101	0.904119288517552	35
-0.0495730630978699	0.4149080062341	236
-0.0443643429565399	0.445800704702982	1079
-0.0222321560702601	0.909119824343436	241
-0.10904486841625	1.03884144022811	83
0.084764138882498	0.799038140842573	187
-0.0563181840584399	0.862823394020524	83
-0.000474424787330063	0.510164144766332	83
0.03203576343756	0.593927142513373	231
-0.11918899791783	0.725779068330002	83
0.067398032505072	0.62915583119548	14
-0.0702309368424201	1.0499427054846	14
0.00696110174087206	0.496865391829907	140
0.012409778300807	0.961525433415694	282
-0.11587078910015	0.744114616165457	282
-0.0246641349818499	0.927348956226293	1266
-0.04145354839253	0.429401569031903	1057
0.008415164580301	0.509621036689629	298
0.057488331391645	0.683973037611493	110
-0.04134513400628	0.423430599953674	171
-0.0599988223505299	0.852578506148051	87
0.093949928146341	0.839496214382116	87
-0.1086660910071	0.76901915270405	87
0.00220379579866403	0.526527263663833	483
0.0336263868866969	0.599812214032604	374
-0.03952973450319	0.426155787261663	1219
-0.0475646445167299	0.422542066773274	1219
-0.11058277354997	0.782393259015343	1219
-0.00182182824985011	0.50649437666673	1079
-0.0474638017453599	0.446251819108337	1079
0.066185178918064	1.2269223384592	783
-0.04801069566773	1.18881110211721	1975
0.0849061277544671	0.790191540655413	31
0.0982230252180259	0.810636469629091	31
0.0396548747480741	0.592439797185939	187
-0.0433952027868101	1.53225965984191	187
0.034244600467445	0.607391228022738	83
0.073657177044876	0.762792036424342	231
0.076328751718867	0.759794737565652	83
0.035216765024263	0.585619410807023	14
0.0931328115685091	0.848093938117233	1389
-0.12327894862823	1.3524404173871	1266
0.00146491155476503	0.52395959859642	1266
-0.00655006614988007	0.982011612749055	1266
-0.0619858834895599	0.852837268351295	1266
0.082366591235976	0.783897861219842	289
0.120625174439575	1.01976998947749	289
0.00439901407220999	0.51125433795232	210
-0.0474638017453599	0.446251819108337	6
-0.05251019161795	0.429734791833162	298
-0.05005245135479	0.82981165026797	298
-0.10963270223314	0.771277710705763	110
-0.0489202768077399	0.824274092865365	110
0.040947015904264	0.593029045553984	110
0.09265285442189	0.83001335913368	2494
0.0701071060890171	0.654750778444289	2494
-0.0672421765512401	0.820644522907042	87
0.00123554490252298	0.529473029392655	87
0.00463107374425698	0.520787378781233	87
-0.05346881310061	0.429427774421712	483
-0.04038355317258	0.428241517084643	483
-0.0474638017453599	0.446251819108337	696
-0.0444683948150699	0.433758823456749	696
-0.0483239786818099	0.427518463663862	374
-0.05035201801992	0.432991314592281	1219
-0.0545279416626001	0.418155888704423	1219
-0.04134513400628	0.423430599953674	236
-0.0425352281097999	0.417796316913952	1079
0.00230431069785098	0.500940538183344	33
-0.05260899115364	0.409809590248187	830
0.00271445992973596	0.521265643213589	83
0.106613031617253	0.803635467337654	83
-0.11596147365583	0.740753350308211	83
-0.0655608979889899	0.822863462503262	83
0.093923204238963	0.870516893445917	83
0.00277997202380298	0.976438448767337	83
0.029166248424043	0.57826810592293	1389
0.00770269257824596	0.497260263712666	282
0.042832653299355	0.594403039652802	282
-0.03684800656647	0.864493627451397	1266
0.042832653299355	0.594403039652802	289
-0.11118908049623	0.776925036036676	289
0.039028144271875	0.593797485290329	298
-0.10469502488068	0.769472947294151	298
-0.0029077070291601	0.48111015414329	1318
-0.06590386097506	0.811233884207866	110
0.00598907382920899	0.516707923678894	110
0.00536624632521698	0.523323803017451	2494
0.00463107374425698	0.520787378781233	2494
0.017624834626415	1.02747447329218	87
0.057470571608611	0.689381399473152	1679
0.00450313898621602	0.504760821107476	1082
0.053754233927805	0.672463407422731	35
-0.05045461324515	0.432727027587394	374
0.057909607949415	0.676470833499564	885
-0.04842602986207	0.44867035504741	6298
-0.04445264019477	0.430927724065131	231
-0.04350155286969	0.429872929116567	83
-0.04038355317258	0.428241517084643	83
0.056472608405049	0.681353724333973	14
-0.00539218010353992	1.19130034730565	14
0.025081384413848	1.06608021725488	282
0.002552602486389	0.492254066902289	289
-0.0444683948150699	0.433758823456749	289
0.120445347736547	1.03322987747136	289
-0.04349566692495	0.428711682497803	1309
-0.04038355317258	0.428241517084643	6
-0.0433980676132799	0.44647504020799	298
-0.0444683948150699	0.433758823456749	298
-0.03126541296126	1.27781665225751	298
0.037428964337155	0.598748930615882	110
-0.0433980676132799	0.44647504020799	110
0.042841647439365	0.568451179173125	87
-0.00329329124041999	0.510726010383714	483
0.090748951916648	0.839902844208662	483
-0.04640120529454	0.428382015905654	35
0.042515024329388	0.577355556592011	374
0.00966184695480499	0.499515744482457	33
-0.11854220842634	1.06846824716529	783
0.00174727462465096	0.504959742668425	3278
0.062651803163397	0.667142691170827	885
0.10223022998668	0.887171621592559	187
-0.10155276137017	0.744456388933042	6711
0.00368076094158598	0.518415662074474	6711
-0.10589164279445	0.757342887047417	83
-0.03952973450319	0.426155787261663	83
0.0495984862268311	0.652638612199388	83
0.0333049427850261	0.614432452222438	83
0.00989320472661803	0.513997136030586	83
-0.0781746754561901	1.08032985974337	83
-0.0974881955806799	1.36557419888906	14
0.010066367485138	0.978840603039117	140
0.068521326129399	0.676880797243675	282
0.105788551023004	0.912167823105216	282
-0.06096582207496	0.84855503573994	210
-0.04241622157411	0.424562607174006	210
0.066505701932759	0.68287646513989	210
-0.0475368435286101	0.405390075834971	298
-0.04243230844476	0.442292931729212	298
0.080708459923006	0.793619192967202	1318
0.00770269257824596	0.497260263712666	5382
0.0387036793121051	0.613624450501273	110
-0.00329329124041999	0.510726010383714	110
-0.05652814830103	0.401057728146976	1001
-0.10650609832428	0.781810867649974	87
0.00464617312006999	0.498499599262353	1082
-0.0454357545055	0.433156322806163	32
0.00197513677763295	0.527784975096114	1219
0.00220379579866403	0.526527263663833	405
-0.05843403446095	0.401170844991363	823
0.033491158409186	1.02416545882832	783
-0.06634694638102	0.817301680627186	187
0.087105989533057	0.76321975478109	31
-0.0865492954602101	1.15906471360549	187
0.085035594344587	0.757640168112565	187
0.081770287495432	0.748105274780143	83
0.098657048828214	0.865047259629634	83
0.06047904715566	0.674904454607899	185
0.0387036793121051	0.613624450501273	185
-0.0383713158132699	0.834472546139686	185
-0.01602191070571	0.935122541510653	289
-0.11118908049623	0.776925036036676	289
-0.05045461324515	0.432727027587394	210
0.00197513677763295	0.527784975096114	5382
-0.11647771456525	1.07114142828736	87
-0.0545279416626001	0.418155888704423	87
0.032671334487929	0.587464249678032	87
0.000495684112402972	0.526867747572164	483
0.00294241219737001	0.524856477976157	483
-0.000474424787330063	0.510164144766332	35
0.00598907382920899	0.516707923678894	35
-0.0442175137541501	1.43980458223338	783
0.01443409376966	0.957959977540383	2952
0.010559265301742	0.97318147526775	2952
-0.0483239786818099	0.427518463663862	83
0.008415164580301	0.509621036689629	83
-0.04938876843792	0.445225820250445	83
0.085283040967165	0.739062859216517	83
0.077252431321755	0.772360172505668	83
0.00816696864779198	1.01525592786111	83
0.058610187410564	0.678351149907038	1102
0.065386113137482	0.610258620893988	14
-0.05205812845745	0.807012631694778	14
-0.0515520742478299	0.420495589182693	289
0.00197513677763295	0.527784975096114	210
0.06751294269744	0.685546205188532	210
0.039045958614047	0.579168451522935	298
-0.04640120529454	0.428382015905654	298
-0.0445578371161801	0.429867191818012	2095
0.082167030584699	0.774359505108523	298
0.099073353291012	0.901012464810501	110
-0.04350155286969	0.429872929116567	277
-0.05315988542133	0.861232234604884	277
-0.1049432271887	0.746989386183657	87
0.10014010151419	0.850932594094638	87
0.00524624276802499	0.512743170789752	87
0.039950786830372	0.579210869218727	35
0.091025790961063	0.738992553516369	374
-0.0433980676132799	0.44647504020799	405
-0.0394224817711899	0.428820497755674	676
0.108885632526275	0.911239190058914	783
-0.12247827939623	1.0610485974745	885
0.030116819106933	0.579663817926862	542
0.083051514741657	0.764218309454065	31
0.105658593316653	0.958134719013776	187
0.00621923944518998	0.49330917448904	6711
0.036794821245046	0.575192801127966	83
0.06853387412054	0.67407265081065	83
-0.04350155286969	0.429872929116567	83
0.033934634041467	0.616913290371044	231
0.030875919030855	1.0494140516154	1102
0.060043099418955	0.693581016154905	1102
-0.05776101534239	0.85605078027277	14
-0.11466266660174	0.767215564744385	14
0.104783247094025	0.901470063681748	852
-0.0556091196688	0.827901790811436	185
0.037131993072537	0.571894662307801	1307
0.00294241219737001	0.524856477976157	1318
-0.11091644745571	1.02485532102286	1318
0.077252431321755	0.772360172505668	110
0.00294241219737001	0.524856477976157	277
0.039045958614047	0.579168451522935	87
0.008415164580301	0.509621036689629	87
-0.05739411711789	0.853251080395844	87
-0.11871398355371	1.07399561114127	35
0.00220379579866403	0.526527263663833	533
0.062761823354119	0.675201006324962	619
-0.10024260175559	0.705244870109426	35
0.00220379579866403	0.526527263663833	374
-0.0524107636909401	0.413403082615961	33
-0.0666877308099001	1.02088201132134	783
0.108007598145603	0.905593517107552	783
0.058096596384002	1.14937590400978	187
0.0240677361920389	1.05139125837961	83
-0.11092563699392	0.779636180888701	524
0.00892225986164197	0.502407069289994	83
-0.05251019161795	0.429734791833162	1860
-0.11495078305256	1.06274521924197	83
0.0581699463220931	0.667974403256444	14
0.039008906271935	0.591353630501703	289
-0.0187243282707199	0.882185440918853	210
0.00197513677763295	0.527784975096114	210
0.00439901407220999	0.51125433795232	298
-0.06575661598951	0.812862389368598	298
0.00368076094158598	0.518415662074474	1318
0.00989320472661803	0.513997136030586	1619
-0.0443643429565399	0.445800704702982	277
-0.04243230844476	0.442292931729212	277
0.036464502237861	0.583234111358566	277
0.0894326037429341	0.752751213655089	277
-0.1066379864425	0.73091509840622	87
0.083051514741657	0.764218309454065	87
0.081289628601501	0.766482611454422	87
0.00918506065914604	0.487830828931151	87
0.00197513677763295	0.527784975096114	35
-0.04842602986207	0.44867035504741	483
-0.0453311350324299	0.440452046038488	1364
-0.04650208354095	0.434292024849057	374
-0.0433980676132799	0.44647504020799	888
0.0802439577969361	0.782623342295971	783
-0.11285203613069	0.761503260970935	728
0.108413244015703	0.919876259568161	1062
-0.0520418801862399	0.848984928246551	187
0.00524624276802499	0.512743170789752	83
-0.01106988766023	1.29510002361987	83
-0.0630815328115999	1.41553154807288	83
0.034797804542761	1.03492707212195	14
-0.10241926466834	0.757715784252609	14
-0.10842163467365	0.76817921303729	140
0.070118765186175	0.648044802552866	282
0.00821593265742504	0.506804095237926	185
0.00770269257824596	0.497260263712666	298
0.069105263186186	0.669156596166039	1619
0.00818240332512599	0.50199336587149	110
-0.04350155286969	0.429872929116567	277
-0.0455159115247701	0.432093044759573	277
0.000317514718588985	0.989266765849556	87
-0.0777249041168999	1.15178727004461	483
0.090675137830416	0.862457654157562	483
0.0422043216657551	0.597227396370121	619
-0.0403999377976201	0.412918774533451	374
-0.0268811231263999	1.20055881573155	783
0.111866608692687	0.8778488422825	728
0.022933222521235	1.07816304132545	1187
-0.0614254159833101	0.8512575739106	1187
0.05115236124193	0.667293924968796	1062
0.086821539261372	0.764923385487365	187
0.037748099295993	0.587301493415263	83
-0.00319498626923997	0.956084061570474	1860
0.108225375618878	0.767852861312193	1860
0.024369078176574	0.998453192360236	83
0.013887271578425	1.28877486193383	83
0.086527971960633	0.817805720276133	132
0.069101863047825	0.554781998471928	132
0.00294241219737001	0.524856477976157	14
0.088244312756434	0.824839384120735	852
0.082514283775191	0.759505284505974	282
0.037125395262032	0.617666119824078	282
0.00404240892321395	0.503339908750422	4791
-0.10276324519887	0.759604525468119	289
-0.10172824942818	0.722883156744471	289
0.070679488695692	0.655230605136305	210
0.032671334487929	0.587464249678032	210
-0.11116706122458	0.70274295516935	1067
0.056896767220335	0.688804581087928	277
0.032675036530646	0.607875856809657	619
0.00220379579866403	0.526527263663833	1364
0.0415757759140351	0.596758477825843	374
0.00501617472378002	0.519562639486116	676
0.103939226472048	0.923496546968122	1225
0.031502672597193	1.0380357500913	1187
0.0387036793121051	0.613624450501273	1187
-0.07378591383239	1.12961683961484	1062
0.099052772824454	0.832818761796938	2547
-0.0455159115247701	0.432093044759573	31
-0.04842602986207	0.44867035504741	83
0.096595329764639	0.905017625413739	83
-0.0476779649346599	1.46956904489876	83
-0.10024260175559	0.705244870109426	83
0.0650673429548581	0.675439593460258	5758
0.106654134992418	1.02930660838932	852
-0.06968104667414	1.66151604604044	282
0.0104011647975381	0.492712037796665	1307
0.086417314518744	0.848993063503042	1307
-0.04640120529454	0.428382015905654	210
-0.0474638017453599	0.446251819108337	210
-0.04938876843792	0.445225820250445	110
-0.0453311350324299	0.440452046038488	277
-0.0474638017453599	0.446251819108337	277
0.075289963345309	1.3490217121868	2494
0.116802508060908	1.0375109986752	87
0.00960494823991798	0.932946456327885	619
-0.0433980676132799	0.44647504020799	726
-0.0394224817711899	0.428820497755674	374
0.048733560007205	1.8327943768781	783
0.047789967651097	1.47130963032775	783
-0.0105542102941101	1.29244033542375	783
0.124688783070865	1.02945282384671	728
-0.10744718058056	0.755357709842869	1187
-0.07675736371568	1.14488737811113	1187
0.00518586099809903	1.36626527182064	187
0.09091292433641	0.830554650662849	83
-0.02221625194548	0.831517195411969	83
-0.11083661728542	0.773183051980988	83
0.098734796886242	0.808191399280614	83
0.01238626870075	0.97550533477259	83
-0.0252604145576101	0.894135980456788	83
0.036794821245046	0.575192801127966	5758
0.092099574258019	0.737027564524905	282
-0.01436854141678	0.907847455238625	282
0.027889403041878	0.571861250055943	1307
0.063336709497381	0.675737035862366	1307
0.051379684467364	1.15319901268794	289
0.061757015458129	0.66942067429911	210
-0.10894982511851	1.05929437451418	210
0.077252431321755	0.772360172505668	298
0.104594186681191	0.866908779614762	298
-0.11693225888734	1.07386597246778	653
0.100350943790615	0.845431024842962	653
0.066818602334892	0.667048597354275	4973
-0.02295061306819	0.918625119534205	276
0.068086236117116	0.682744660897901	110
-0.10024260175559	0.705244870109426	2494
0.029902178784994	0.98091457473787	87
0.049357557018025	1.08922916231853	87
0.076251167891557	0.772070013831473	87
0.080708459923006	0.793619192967202	87
-0.04243230844476	0.442292931729212	3405
-0.07798591505472	1.12734542958182	619
0.00146491155476503	0.52395959859642	374
0.00627505916481197	0.494072427823342	374
0.0304374615010971	0.603384865564393	97
-0.0474638017453599	0.446251819108337	97
-0.03952973450319	0.426155787261663	256
-0.04928612923494	0.416526626751321	32
-0.0433980676132799	0.44647504020799	123
-0.0857293450074701	1.43241212222791	728
-0.10336877920854	0.760871891692769	2547
0.066227557322024	0.654638020122909	187
0.00220379579866403	0.526527263663833	187
0.098192325372879	0.859461751635309	187
-0.01384009020808	0.910691774947439	187
0.00650295193964501	0.516919190277734	187
0.011600912664917	0.49651805060988	187
0.082563772294172	0.723637179290083	83
-0.0223595784714401	0.950320686505322	83
-0.0520723233185401	0.837970222725997	83
0.110658468323906	0.912378244235178	83
-0.0646365137440399	0.829917220368317	83
0.063482054388792	0.661382060885788	1860
-0.0629576673779499	0.816487972444832	83
0.104997741161831	0.966715754111514	83
-0.0384619192567	0.425008614563889	14
-0.0485695328892499	1.12459061855453	14
0.0355465402210799	0.597554243152236	282
0.031388569652256	0.595511586262737	1307
0.00598907382920899	0.516707923678894	210
0.091562761807153	0.739596062748	210
-0.05406251357439	0.821415398179394	210
-0.00314879278260993	0.469378200407712	276
-0.00159385871586992	0.508400245228127	4973
0.001786563783299	0.992599571630489	110
0.077373083726437	0.775003988109592	110
-0.11044008380663	1.0746422631662	87
0.035848462199065	0.592737773141285	374
-0.07776019728359	1.78155266472132	783
0.109074889859792	1.42775574590058	1225
0.0664965887889401	1.27896872002733	1225
0.078882471838345	1.16584807395104	783
-0.08067699434151	1.09830126911072	187
0.070243167940101	0.636572781982096	83
0.00146491155476503	0.52395959859642	83
0.00366286090618595	0.508889612374996	231
0.096380995225738	0.858480102348473	83
0.117161956809059	0.85230738140948	132
0.0891810934524751	0.757554027055457	140
-0.05471518895577	1.18384791889646	1307
0.00989320472661803	0.513997136030586	289
0.0915685272453251	1.30244529875287	289
-0.0793490037232201	1.1779292244988	210
-0.0614254159833101	0.8512575739106	210
-0.00425874281861005	0.495431975075731	921
-0.0453311350324299	0.440452046038488	298
-0.0454357545055	0.433156322806163	653
-0.04855401490792	1.47024979309469	110
-0.00156831752699005	1.26199564066255	110
-0.04544058137198	0.417592493711629	110
0.00368076094158598	0.518415662074474	110
-0.04038355317258	0.428241517084643	110
0.00665097574479501	0.993738482837434	87
0.03963898606601	0.588611757271608	87
-0.0443643429565399	0.445800704702982	87
0.063336709497381	0.675737035862366	619
0.000603244098248967	0.494509435912605	619
0.032978156742139	1.02834792800832	374
0.123355871794228	1.13716305449065	728
-0.11440669720491	0.765292285205779	2547
0.10093675744567	0.83194412835654	187
-0.11946065839926	1.08647976553956	187
-0.05512588308242	1.18223345041202	187
0.086253457262195	1.36174180567999	83
0.113528811846359	0.949566565237207	83
0.107198468553809	0.884691548710322	83
0.0336224938323561	0.604189874898662	231
0.078630779955181	0.780391551162384	231
0.110402288522769	0.911759816199079	83
0.091019874942269	0.881677138039998	14
0.068521326129399	0.676880797243675	14
-0.02512256030586	0.930275342384191	282
-0.11718371118318	1.00937507574462	210
-0.04241622157411	0.424562607174006	210
0.058610187410564	0.678351149907038	210
0.00446721679720297	1.02183788781075	210
-0.10714421226077	0.991196285699268	653
0.037117371830672	0.58033133497196	110
0.041883270936962	0.596828158740491	110
-0.0489202768077399	0.824274092865365	277
0.00536624632521698	0.523323803017451	1799
-0.0564162991159201	0.789810439330219	1799
-0.0179341206827699	0.872143256472934	87
0.0849061277544671	0.790191540655413	87
-0.10807686479508	0.739943344437986	619
0.062200966211757	0.682077067574597	726
-0.05356821355632	0.418422773072408	726
0.012324224306478	0.477953329393178	97
0.00575970002729898	0.520040244943026	97
-0.04650208354095	0.434292024849057	97
-0.0433980676132799	0.44647504020799	256
0.00271445992973596	0.521265643213589	256
-0.0494907784776699	0.435890454815377	256
-0.05843403446095	0.401170844991363	4401
-0.04038355317258	0.428241517084643	1662
-0.11204194201194	0.761323031852508	783
0.119704372020734	1.08324425888765	728
0.109755983029499	0.965294002093009	2547
0.030174488839092	1.32082943966399	187
0.095770798890097	0.851937427733572	187
0.121851294280135	0.988156398202837	187
-0.0829614357514501	1.17202413955475	187
0.094145207599292	0.821463686516085	83
-0.0593230439888199	0.849348702493047	231
-0.11748539987236	0.713959938742692	132
0.00767574145826799	0.501723800458023	132
-0.04842602986207	0.44867035504741	132
-0.10701787271339	0.714720049843262	140
0.0333049427850261	0.614432452222438	1467
0.012283811372955	1.28960648968031	185
-0.12341710389341	1.07575771192802	210
-0.0794544817648399	1.13402492535215	210
0.033419683244866	1.04387592208229	210
-0.0454357545055	0.433156322806163	210
0.032984886684108	0.614378163164001	298
0.088360163790448	0.766760000627167	653
0.010863265882162	0.499378493957803	276
0.00598907382920899	0.516707923678894	110
-0.02401046575941	0.895036780430881	110
0.093872928167535	0.689579130250657	110
0.073272158304042	0.630450434855189	277
-0.00877877323135001	0.470181728732727	87
0.080907062279544	0.75684488113752	87
0.087644284521641	0.763898511494965	87
-0.0573362680077001	0.833652659247232	35
0.00598907382920899	0.516707923678894	97
-0.04938876843792	0.445225820250445	97
0.038690307661141	0.59639782815755	256
0.00123554490252298	0.529473029392655	256
-0.04650208354095	0.434292024849057	2691
-0.04145354839253	0.429401569031903	728
-0.0178653904276	0.884750254587777	1187
0.052399079944403	1.1732227476553	1187
0.010559265301742	0.97318147526775	2120
-0.0336288837457599	0.88674178544085	2120
0.111693297337621	0.895983894414753	187
-0.0433980676132799	0.44647504020799	83
0.0310931238561311	1.02721775806552	187
0.102594734718599	0.975756889265219	231
0.009447744281875	0.960432315323697	1860
0.063365095096233	0.668596024105216	231
-0.0433980676132799	0.44647504020799	132
-0.0443643429565399	0.445800704702982	282
0.065208960183674	0.631162651570934	210
-0.000467171792339904	0.982204787585774	210
0.080065966785394	0.757494172066734	298
-0.0162172096000099	0.860968670349983	653
-0.0473623375497601	0.430582208132322	110
0.062618065866731	0.661333853911908	6263
0.082728923138717	0.736176255882102	726
-0.0474638017453599	0.446251819108337	1217
0.038058918671963	0.58325349682535	187
-0.0908469723984999	1.61699308324094	187
0.07515182000354	1.13786365271677	83
0.0229233917931571	1.00436974714755	83
0.12173702937069	0.931096368225382	231
0.078966358971407	1.36055180649585	231
0.00123554490252298	0.529473029392655	2323
0.028080666492288	1.06074164529289	2323
-0.08033409197271	1.17693862836184	2323
0.045699654678836	0.54928919302918	282
-0.02608339182398	1.23324228198758	210
-0.05356821355632	0.418422773072408	210
-0.10842163467365	0.76817921303729	110
-0.0453311350324299	0.440452046038488	110
0.0605427313174151	1.11431293347169	110
-0.10397450810671	0.758202020923154	277
0.028229061756999	0.595886677498405	87
-0.0443643429565399	0.445800704702982	670
0.026009270466658	0.563880814355862	670
-0.0442596687539101	0.423097140504412	97
-0.0474638017453599	0.446251819108337	256
-0.0443643429565399	0.445800704702982	33
-0.0423287740670699	0.428449042358836	201
-0.00122675760942004	0.98190867055831	783
0.068412448575498	1.26420287063058	783
0.057487078214825	1.27140720470162	187
0.098157775371442	1.4390073783657	187
0.113832314243909	1.12722354085089	187
0.028037149931481	1.09252365342893	83
-0.0443643429565399	0.445800704702982	282
0.032984886684108	0.614378163164001	282
-0.0212974647559101	1.25146341672968	210
0.090893068059281	0.804253237686351	210
0.078985524294197	0.770135142328169	210
0.054299907419859	0.681421769773706	298
0.068659343834698	0.676413079635722	276
0.055748601009054	0.675038233558974	110
0.0891810934524751	0.757554027055457	1799
-0.04842602986207	0.44867035504741	1799
-0.0510563851974599	0.841506527765671	87
-0.000474424787330063	0.510164144766332	6263
-0.0433980676132799	0.44647504020799	28
-0.0442596687539101	0.423097140504412	97
0.063650905618821	0.69206287342235	97
-0.04842602986207	0.44867035504741	256
-0.0433980676132799	0.44647504020799	2691
0.000266411603936034	0.512528764904733	123
-0.04243230844476	0.442292931729212	2261
-0.04383314245332	2.13059208295947	1225
0.076567897945612	1.24160032854338	728
-0.000238052113769927	1.23331991581313	2547
0.04444573966165	0.55711199405563	673
0.076328751718867	0.759794737565652	187
0.0324464599911281	1.47348725958613	231
0.05760689454846	0.680994071181348	282
0.00303984062280804	0.97625863459529	724
-0.0763346904815601	1.41698280130693	1307
0.0987865384975331	0.790596542046867	210
-0.0150901662268199	0.868258156886302	110
0.056762083691163	0.663322875368644	110
0.106049709632401	0.906106834041819	110
0.0322751148513289	1.40444019711864	110
0.036163291437185	0.577775790520956	334
0.099328321158354	0.87989509060549	87
-0.05774632429198	0.853940588912901	619
0.081445928921381	0.763041765357811	3084
0.039003697458693	0.577102222610071	374
0.060043099418955	0.693581016154905	571
0.044410290145192	0.568790636614578	6653
0.0415757759140351	0.596758477825843	201
-0.06518104256126	2.05882592415362	1225
0.028981240908648	1.07026726390347	187
0.027907775411139	0.581425286325644	187
0.124079121476592	1.0701992675785	83
0.0278117377820311	1.06332682565492	231
0.080750908215686	0.751309758577158	83
0.0801710263222311	0.792832563043884	140
0.000809368075438965	1.35770975769736	1307
-0.05616926449841	0.84132788427058	298
-0.10909129751039	1.56523019113158	298
0.103252256718371	0.949279912122847	298
0.094413417570792	0.829152026885681	298
-0.0443643429565399	0.445800704702982	653
-0.0029077070291601	0.48111015414329	6585
0.120828395368109	0.90348251917722	110
-0.10710636173606	0.755960742779479	110
0.097029145508612	0.810301090705124	110
-0.04842602986207	0.44867035504741	2006
-0.0394224817711899	0.428820497755674	1799
0.0415757759140351	0.596758477825843	334
0.00271445992973596	0.521265643213589	334
-0.10649890404876	0.758594678841909	334
0.033614851151743	0.612938485681252	87
0.010354057942433	0.989505033886112	87
0.00892225986164197	0.502407069289994	28
0.060767471612724	0.688515138912235	97
-0.04136409890739	0.424665264099882	123
0.054382693396987	1.16802571962986	1348
0.101791420643285	0.936122233004316	1187
0.013833999995741	0.945364660384429	1187
0.0570331415512541	0.689138017633733	187
-0.0569918430474401	1.13613765369311	231
0.062638871096812	0.701130554535301	3172
-0.1038788954996	0.957378594927372	724
-0.00402941921510003	0.505501444134074	724
0.038059744089473	0.599220689975794	724
0.0547698387473	0.660913151609253	210
0.00169507928660895	0.497117398035405	210
-0.0218217129867799	1.24472984812696	210
-0.09667467895825	1.36823760901485	210
0.0618087813445301	1.1151960209673	298
0.00494487107898101	1.02388131447897	298
0.064223957962439	0.698587107261393	298
-0.05095204954335	0.831680313195525	653
0.0422043216657551	0.597227396370121	276
-0.0489641313959299	0.783269755133298	2006
-0.0473623375497601	0.430582208132322	334
0.003990647687798	1.00176438695534	87
0.041254453786401	0.599674491276673	87
-0.11617297388575	1.32653996429406	87
0.093772747156875	0.697332357511389	35
-0.0483239786818099	0.427518463663862	256
-0.10927103861912	0.752339350774205	1348
0.00349490950772902	1.0077393608601	728
-0.0767386164458299	2.03412089439188	1187
0.104047537440337	0.90024576327814	2330
0.00989320472661803	0.513997136030586	187
0.110600537464381	0.969288073145499	83
0.097724278190614	0.921781850999734	231
0.00230431069785098	0.500940538183344	132
-0.07089580201572	1.08651995197631	210
0.102261179834311	0.934851967516645	445
0.087105989533057	0.76321975478109	298
0.087823707120395	0.767933312236887	2667
0.078447726895108	0.760991566184578	298
-0.00255742764743006	0.511082458511344	276
0.00220379579866403	0.526527263663833	276
-0.0201158706200999	0.935765695652962	110
0.00292644260941499	0.502220079873968	110
0.065059133935394	1.20933888825548	110
-0.0701905472940501	1.08697474817324	1622
0.064796825114223	0.701162244301042	334
0.013059420609841	0.478286635579529	35
0.096530351038017	0.888921732894852	619
0.066939463463526	0.684972210204615	35
-0.0443643429565399	0.445800704702982	2249
-0.11737870198638	0.744491245795875	374
-0.0464744906310901	0.428988757616558	206
0.033207926337407	2.44202177559898	1225
0.000981365652517052	1.65621022887959	1348
0.058484541793184	0.638179698430584	1348
0.072730112781628	1.24849304611593	728
0.061192254507104	0.682187269557446	728
0.038416011016422	0.572439241568107	1187
0.079446263056333	0.770642596229945	1187
-0.0177520915798	1.14718022353986	187
0.090470839722131	1.37211243399373	187
0.061611489642506	0.664447233261451	187
0.064783759457798	0.671177554802375	187
0.025580421071961	1.06656526761313	83
-0.0014503264161001	0.982601177311588	83
0.109895714317623	0.924194664579492	83
-0.00522889633941004	1.57573378785708	83
0.00575970002729898	0.520040244943026	132
0.032984886684108	0.614378163164001	101
0.058951732239909	0.652523601145606	140
0.103903467890876	0.933419474090378	1307
0.116874252015132	0.925509472954534	1307
0.00294241219737001	0.524856477976157	210
-0.10806133718696	0.779615651282842	445
0.110367479141047	0.919403654485605	298
0.056896767220335	0.688804581087928	110
-0.11703084417896	1.07752605265174	110
0.00770269257824596	0.497260263712666	110
0.076328751718867	0.759794737565652	110
0.087567070075126	0.755579697851069	110
-0.0433980676132799	0.44647504020799	347
-0.04243230844476	0.442292931729212	501
0.118648962901824	0.938295362215251	6691
-0.11278897300828	1.04086928793698	87
-0.10831891008893	0.749289975205898	374
-0.11264491361076	0.74646779367546	374
-0.05251019161795	0.429734791833162	571
0.05828320649854	1.20422412567376	1187
0.084580022542437	0.767917774165396	1187
0.110409823775271	0.995537578859701	1187
-0.0805734987031701	2.25366713754808	982
0.090100906120997	0.712961389608956	2547
-0.03575085040905	1.76785091985302	187
0.024823586486595	1.05723500104456	187
0.077456248208237	0.780134112875585	83
0.058130223288986	1.15394777383643	83
-0.0851692374184301	1.13352225028428	83
-0.0546236419292201	0.826373869157705	140
-0.000954840855819983	0.983592068038505	1307
0.031565374242953	1.37454030417801	210
0.059544725796411	1.07786271005413	210
0.0863572750021831	0.740277025171381	210
-0.04794665727026	0.804321142454779	110
0.066801278271836	0.665412481898141	110
0.104328997341117	0.960865003698014	347
0.033321905392507	0.596554632713741	35
0.00740247307005404	0.994601665836755	35
0.00441440229748802	0.976013207972367	35
0.03203576343756	0.593927142513373	374
0.028229061756999	0.595886677498405	374
0.047599428841732	0.546743576746832	571
-0.04640120529454	0.428382015905654	32
0.063785428419289	0.710545406657148	256
-0.04842602986207	0.44867035504741	256
-0.0456342127728999	1.21026638832449	982
-0.0254576495230201	0.889893810348109	2330
-0.05674004296582	0.85978475217464	187
0.0981050940596701	0.8476159545593	673
-0.0455052201152	1.16873814430326	187
-0.02498835477453	0.895171582300535	83
0.00349490950772902	1.0077393608601	83
-0.0815609679598199	1.11429762791409	231
0.047058200930413	1.08376180931019	83
0.109442636541363	0.902053487936391	101
-0.10723651742602	1.03132763628513	185
-0.11639804518521	0.734749267635313	724
0.068521326129399	0.676880797243675	724
0.0355139939507469	0.607116606721464	1307
0.05760689454846	0.680994071181348	298
-0.00136508447476991	0.489340365771142	298
0.095365768730908	0.860980021612318	110
-0.05820098063761	0.837631444546449	347
0.000257302946695015	1.01608463461431	6691
-0.0495234463743299	0.780992542352752	87
-0.0127877704391901	0.873078709961799	87
0.00153696971565398	1.36860225039885	87
0.081629419464138	0.769482329087706	28
0.077867026170486	0.761684504311655	28
0.00478690005961402	0.503756185059023	35
0.094390036856528	0.870129100744059	32
-0.11449267278887	0.678865499666873	262
-0.0433980676132799	0.44647504020799	206
-0.0805948297066701	1.12134917490311	1187
0.072227478825899	1.27013626492213	27
-0.10577761780591	1.80856120062761	1187
-0.0627841185260301	0.972850690583481	187
0.113528811846359	0.949566565237207	187
-0.0748076112012701	1.13380932004119	187
0.11759022942144	1.04103422329688	187
0.0298091031343291	0.602931281853728	187
0.0706891439228861	1.26986087030178	83
-0.0245584133119401	1.25280694622691	83
-0.0494907784776699	0.435890454815377	132
0.00123554490252298	0.529473029392655	132
-0.0574388408777899	0.836948821634967	101
0.103823703182609	0.823075850941016	140
-0.02842038289371	0.915493267768178	185
-0.0811850401160901	1.1236604206089	724
0.051996814568513	1.1165492780184	298
0.104574423251328	0.88478868960342	298
0.090702943731833	0.845912142229775	298
0.00325525657813397	0.981982048491143	3521
-0.11058277354997	0.782393259015343	110
-0.11447977138896	1.06245223141705	110
-0.01800804927396	0.923408351748851	110
-0.07810337036029	1.13720986415581	110
-0.05360956424369	0.822324959105216	110
-0.05346881310061	0.429427774421712	2006
-0.0578579656340901	0.868362942814535	347
-0.0423287740670699	0.428449042358836	35
0.057902422594552	0.685625725963366	87
0.00724593065857404	0.509545936419535	6535
-0.10925493558062	0.768125170133473	6535
0.00621923944518998	0.49330917448904	1052
0.066939463463526	0.684972210204615	374
-0.05045461324515	0.432727027587394	256
-0.0423287740670699	0.428449042358836	256
-0.0394224817711899	0.428820497755674	1795
0.061757015458129	0.66942067429911	201
-0.0433980676132799	0.44647504020799	6317
-0.0108115849868999	1.79176595161232	27
-0.000105863080299917	1.34956692994363	1187
-0.0481999224252201	1.16961400449073	982
0.039996175693012	0.595433602596057	187
0.113108051722124	1.02171192898196	187
0.103855806139908	0.883022955434595	187
-0.00480891752106993	1.26056478192593	187
0.052585324780571	1.04924842214426	83
-0.10232355059403	1.39441879110574	83
0.123877176741156	1.01846177133809	83
-0.0403999377976201	0.412918774533451	101
-0.0477508245291201	1.12272398108686	140
0.057470571608611	0.689381399473152	2151
-0.0433980676132799	0.44647504020799	140
0.059622006993441	0.700677899984716	101
-0.0553128749718099	0.826218052224577	1307
0.031388569652256	0.595511586262737	185
0.114020459584774	0.951779499127949	210
0.076789946691124	0.772775031006851	210
0.078987300341423	0.763471834046138	210
-0.10619945715602	1.03755934797104	2536
-0.11820729762572	0.716645594532667	2536
0.085974378932515	0.834272560360538	3521
-0.04640120529454	0.428382015905654	347
0.00123554490252298	0.529473029392655	87
0.01504902848929	1.05549370514834	35
0.000842851166075964	0.505098527889264	28
-0.0464744906310901	0.428988757616558	28
0.014028459191797	0.477889657783569	374
-0.04145354839253	0.429401569031903	374
-0.0394224817711899	0.428820497755674	2210
-0.0423287740670699	0.428449042358836	2210
-0.000861257424509931	0.489405712019874	75
-0.0394224817711899	0.428820497755674	2018
-0.04842602986207	0.44867035504741	206
-0.0394224817711899	0.428820497755674	201
-0.0515189563568701	1.09004228121433	187
0.00271445992973596	0.521265643213589	187
0.00598907382920899	0.516707923678894	187
-0.12300063292021	1.52989179265587	187
0.085820237149144	0.74137434951871	231
0.083185439602142	0.744459372505193	83
-0.0818015601981601	1.15383774432439	83
-0.0566252356016801	0.832007924184094	185
0.0271614464452	1.05856296756135	210
0.034338526178287	1.04195506569779	210
-0.00232873693392	0.50805193852294	210
-0.0708377034383301	1.06012134132599	210
0.035256987548998	1.0237758451133	298
-0.09494952588347	1.35255227112556	298
0.0986193093218219	0.842223047388971	298
0.000266411603936034	0.512528764904733	3521
-0.0541968214349899	0.827767152263907	110
-0.04938876843792	0.445225820250445	347
-0.0646881996611599	0.820486337762631	334
-0.12162321934476	0.673315853161895	362
0.09025631327735	0.741507650068327	35
-0.05774632429198	0.853940588912901	374
-0.0464744906310901	0.428988757616558	1429
0.086028920959323	0.751674721306315	256
-0.0544279392312601	0.420060519147179	262
-0.0404913862182701	0.429986031003074	206
0.042832653299355	0.594403039652802	3585
-0.0423287740670699	0.428449042358836	1388
0.063807917502776	0.657061117280465	1348
0.068597353982278	1.26160825854286	1187
0.024336627300248	1.06419782992481	2330
0.021077404206516	1.04731668045055	187
0.00146491155476503	0.52395959859642	187
-0.0599000285737299	0.835315790411321	187
0.030112815548503	0.990670077625398	187
-0.0510563851974599	0.841506527765671	187
0.096455447578005	0.83218067781404	83
-0.10719733873003	0.758022465094413	615
0.058169042053463	1.1319188739577	83
-0.05035201801992	0.432991314592281	5748
-0.0505260591260801	0.414650692144383	5748
0.060183168657535	0.698247076769362	132
0.030670460342819	1.05305154200694	140
0.0106318221348251	0.51093753674394	101
0.00146491155476503	0.52395959859642	724
-0.0234168958576899	0.927831261391567	1307
0.054393914315544	1.22807923526767	210
-0.0454357545055	0.433156322806163	210
-0.02927834336546	0.912217365918048	210
0.081523495658534	0.772338934102425	298
-0.0181230380886399	0.889737580794619	298
0.090718032603428	0.738149654353729	298
-0.0443643429565399	0.445800704702982	110
-0.12217618446663	1.36293094271367	110
-0.0230178059339099	1.25001261165522	110
-0.01128395569471	1.27490679104877	110
-0.05251019161795	0.429734791833162	1546
-0.11368403925957	0.756674545649209	347
0.079440900028122	0.762485146181707	501
-0.04241622157411	0.424562607174006	362
-0.000474424787330063	0.510164144766332	28
-0.0552989578668299	0.866642321619431	28
0.000814761248093987	0.98806862270171	28
0.10223022998668	0.887171621592559	256
-0.0454357545055	0.433156322806163	206
0.00100697801016703	0.510959751285194	206
0.0214954402918081	1.44242829876173	1187
-0.0775802173988001	1.35190228298701	1187
-0.0421929782146799	1.11684094008908	1187
-0.11365887747341	1.08198511485169	982
-0.0335559052479	1.20304426969496	187
-0.05739054164029	1.50031124516239	187
0.108100518708301	0.989737463930833	187
0.00123554490252298	0.529473029392655	187
-0.12228231499459	0.71117440650142	187
-0.06721106254415	1.64505664194003	187
0.111540268889081	0.892674219568092	231
0.117007490068984	0.97855035693134	187
0.000018828169482954	0.969820257403173	83
-0.04852745575138	0.433634927743835	101
-0.0445578371161801	0.429867191818012	101
-0.0384619192567	0.425008614563889	2151
0.078906818137809	0.764306789586334	185
0.056805226479255	1.21641377278131	210
0.00915431893902496	0.51354011901363	298
-0.0470691249727999	1.20926190359233	298
-0.0220786974283	1.21932513359044	110
0.092927662582403	0.823300590065195	334
0.066818602334892	0.667048597354275	305
-0.0522794697381099	0.795839379786891	28
0.071556911693577	0.629225161909086	256
0.00123554490252298	0.529473029392655	5716
0.031388569652256	0.595511586262737	642
-0.0443643429565399	0.445800704702982	262
-0.0443643429565399	0.445800704702982	262
0.00366286090618595	0.508889612374996	262
-0.04243230844476	0.442292931729212	3012
0.031724311729383	0.605459242427306	3012
-0.05045461324515	0.432727027587394	206
0.00427237583115303	0.515543120569999	3585
-0.04243230844476	0.442292931729212	2932
-0.0494907784776699	0.435890454815377	2777
0.00146491155476503	0.52395959859642	862
0.034885006064964	0.608532993502877	1187
0.00294241219737001	0.524856477976157	982
0.058343115248812	0.673095183093596	187
-0.01924034767472	1.4355899737204	187
-0.11207460437778	1.24712983675043	3318
-0.0977713958203901	1.41613533953405	83
0.114325064485725	0.97812906534768	83
-0.0443643429565399	0.445800704702982	2151
0.024731117069399	0.576128925430867	101
0.108918032954141	0.928918789113979	101
0.059056390101059	0.673572307850427	185
-0.0163414750181601	1.50255056707979	210
0.091768659930876	0.821185951876028	210
0.00994587731075402	0.963181143954095	210
0.061192254507104	0.682187269557446	87
-0.0443643429565399	0.445800704702982	87
0.089172717068452	0.819459959061109	28
0.082167030584699	0.774359505108523	28
-0.02348046081519	0.909068420862553	941
0.00294241219737001	0.524856477976157	256
-0.11424537906533	1.02387815707276	5716
-0.10215790595895	0.754266585368116	2932
-0.0515520742478299	0.420495589182693	226
-0.0444683948150699	0.433758823456749	1187
0.103174818818819	0.899935794149652	1187
-0.04692804261254	0.801241250386946	1187
-0.05071128118654	1.22316474790115	1187
0.039996175693012	0.595433602596057	673
0.011600912664917	0.49651805060988	187
-0.09725887697636	1.5255511346294	187
0.00610115503236997	0.521664477903687	58
0.113417237314071	0.954556589847209	187
0.01332241705443	0.956181741968005	187
0.042043031971428	1.10951438584567	187
-0.05473920561919	0.872302526191695	83
-0.11083661728542	0.773183051980988	185
0.05157399429112	1.17742325700079	875
-0.11651060408679	1.08114636911124	298
-0.10649890404876	0.758594678841909	1546
-0.00121553135718999	0.503499544965371	87
-0.0504962390383401	0.405262111219475	35
-0.0423287740670699	0.428449042358836	28
0.032354706923577	0.611931679071181	75
-0.11153222916333	0.778873184687404	75
0.00621923944518998	0.49330917448904	32
0.00650295193964501	0.516919190277734	256
0.000495684112402972	0.526867747572164	256
-0.0453311350324299	0.440452046038488	206
-0.04350155286969	0.429872929116567	1388
0.00366286090618595	0.508889612374996	2932
0.000273245667301025	0.999445401049194	1187
-0.000984844982020006	0.503550423180714	982
0.03429624093332	0.987525270670699	187
-0.0464744906310901	0.428988757616558	58
0.0285401335032121	1.05521029623792	187
-0.0572989173926699	0.866712802909199	101
0.089105348591608	0.74607681269718	101
-0.04445264019477	0.430927724065131	210
-0.0796097877334501	1.09308507408361	210
-0.01918232107685	0.888088449791034	298
-0.12493096637147	1.07113736491746	298
-0.05107372705151	0.833113388281724	342
0.087519240885001	0.759935865802319	110
-0.02977106403223	1.25719719922499	110
-0.0475646445167299	0.422542066773274	110
0.056444219937691	0.661285157567368	110
0.0570331415512541	0.689138017633733	110
0.00301517748492197	0.95812573717143	110
-0.04845628859384	1.16683204985368	110
0.00683580005155904	0.515283271365812	347
0.00123554490252298	0.529473029392655	87
-0.0583346929932	0.78351093881894	87
0.058026322868704	0.690755917937263	87
0.0802439577969361	0.782623342295971	305
-0.02506019291651	0.942106671344998	28
-0.07525410689797	1.15284667601491	28
-0.0525943498286801	0.807345521590109	28
0.00524624276802499	0.512743170789752	28
0.00724593065857404	0.509545936419535	28
-0.000861257424509931	0.489405712019874	5716
0.039366714469288	0.588168639197439	508
0.00747391857737001	0.514089350246445	3012
0.000495684112402972	0.526867747572164	86
0.00524624276802499	0.512743170789752	2779
-0.0820510588435099	1.82108946037717	1853
0.0137943524824991	0.475696020725814	1187
0.106743895471559	0.768750662361859	1187
-0.00159385871586992	0.508400245228127	588
0.107366555645448	0.905932531522961	83
0.0298091031343291	0.602931281853728	101
-0.10997666171814	0.783170148459437	1136
-0.04938876843792	0.445225820250445	1136
0.062664380861828	0.66796107767432	1136
-0.11319183097073	1.11241731590193	210
0.00650295193964501	0.516919190277734	210
0.112697558631861	0.996378552160857	210
0.067833384511868	0.646194201721955	3559
-0.0442596687539101	0.423097140504412	3559
0.085648949724376	0.73161751449145	298
0.027135224573915	1.07655413944336	110
0.033934634041467	0.616913290371044	87
-0.0444683948150699	0.433758823456749	374
-0.05774632429198	0.853940588912901	374
-0.0453311350324299	0.440452046038488	5438
0.041254453786401	0.599674491276673	201
0.00673163236678998	0.517175184688351	1187
0.085557601395968	1.33344620143049	27
-0.0957581477590299	1.37175333937876	1187
0.014950077049056	1.24491444007842	1187
0.033934634041467	0.616913290371044	1062
0.025729828835128	1.08311742467404	2330
-0.00402941921510003	0.505501444134074	1231
-0.04339054709087	1.43826282027256	1231
0.042394701988763	1.10052313213468	1231
-0.0233513115578901	0.940973823316466	187
0.029441717004133	1.07140150537384	187
0.058916358328872	0.688285303792182	83
-0.05317285567167	0.824537015108513	140
0.110923115293564	1.04629111839733	101
0.059608747063883	0.699551221692607	875
0.077993800963484	0.773765153796929	210
0.00938717017933699	0.495354476486572	210
-0.11824009800128	1.0483758561784	3559
0.036794821245046	0.575192801127966	298
-0.0499572857438999	0.821745588443205	298
0.00966184695480499	0.499515744482457	110
-0.0250563008617599	0.896559199660574	110
0.056916159523899	0.685708652979281	110
0.114984964020322	0.976351235101651	110
-0.10836748614613	1.05977101559218	347
0.0547219791322729	1.09120612162175	87
0.058893958786458	0.676753271710522	87
-0.04640363250161	0.428229873657116	35
0.03201622178477	0.591744886924242	4617
0.039996175693012	0.595433602596057	28
-0.04640363250161	0.428229873657116	28
-0.0504962390383401	0.405262111219475	28
0.035240981016015	0.597053684192454	941
0.035848462199065	0.592737773141285	374
-0.11257808588571	0.739329415047813	75
-0.0444683948150699	0.433758823456749	3012
0.095434694572913	0.837922847363572	1853
-0.0491356151960001	1.4867394436546	27
-0.02388012236171	0.932563750069253	187
-0.12273104294979	1.06270332560204	1231
-0.0475368435286101	0.405390075834971	1231
-0.12173932312991	1.07724888163417	1231
0.014791543977878	1.02951576153039	1231
-0.0684812795246801	1.09196365492748	187
-0.0483239786818099	0.427518463663862	58
0.112513414234923	0.942661120166554	187
0.0129713348564739	1.2508312420857	187
-0.0526007957535499	0.857516243073343	588
-0.0295403267135901	1.22855992990295	101
-0.11083661728542	0.773183051980988	101
-0.0474638017453599	0.446251819108337	101
-0.04842602986207	0.44867035504741	159
-0.0245321493652599	0.937744558972482	101
0.111541141530971	1.13732897827186	210
-0.04842602986207	0.44867035504741	3559
-0.00306387845826994	0.502893451196626	3559
0.00909212240986901	0.99735934304311	210
-0.0169450312473201	0.898865749209376	110
0.0336224938323561	0.604189874898662	110
0.0294916231457441	0.581564627988091	347
0.00989320472661803	0.513997136030586	87
-0.04640120529454	0.428382015905654	28
0.038059744089473	0.599220689975794	941
-0.11092563699392	0.779636180888701	941
0.00711788779745104	0.974799537391717	374
0.065357926528013	0.678444629758369	75
-0.0193155485355401	0.901565974111196	75
0.063767770222266	0.671972124461222	75
-0.04243230844476	0.442292931729212	32
0.00501617472378002	0.519562639486116	32
-0.10624823730327	0.781936167426071	256
-0.0433980676132799	0.44647504020799	2008
-0.10780199349632	0.761750698680263	206
-0.05045461324515	0.432727027587394	206
0.121185844926107	1.15472703772096	27
-0.0725619972094	1.14507001179069	1187
-0.05618134225413	0.847100582630174	2330
0.060043099418955	0.693581016154905	2330
0.02226409914246	1.03684271015688	83
-0.10241926466834	0.757715784252609	588
-0.04038355317258	0.428241517084643	83
-0.0545279416626001	0.418155888704423	1136
-0.1184909329081	1.06570687148007	210
0.00404240892321395	0.503339908750422	210
0.064810835941978	0.669542449511375	342
-0.11319183097073	1.11241731590193	342
0.062339145005619	0.680085452117093	110
-0.00402941921510003	0.505501444134074	110
-0.11790197645488	1.10692094794928	110
0.00767055762713198	1.00969178002296	110
0.033948196401236	0.60130431751029	110
0.010354057942433	0.989505033886112	347
-0.0455159115247701	0.432093044759573	2821
-0.05886811487236	0.856710490235098	87
0.030377048884452	0.986077569081461	87
0.040625422085209	0.599198553208337	87
-0.0384619192567	0.425008614563889	35
-0.0445578371161801	0.429867191818012	585
-0.04938876843792	0.445225820250445	374
0.0670793104922131	0.680105264403455	256
-0.0433980676132799	0.44647504020799	32
-0.04136409890739	0.424665264099882	5552
0.00818240332512599	0.50199336587149	226
0.030789489521946	0.573551088101424	187
0.085572194360875	0.758309949759531	187
-0.0625465260596001	0.849565396810395	187
0.06019863840364	0.6334357241348	187
0.00673163236678998	0.517175184688351	187
-0.04640363250161	0.428229873657116	187
0.086567535041029	0.759155623041677	187
0.00463107374425698	0.520787378781233	187
0.0351933721219549	0.6098449656254	83
-0.00024444578496996	0.519580235074901	588
-0.10330903821421	0.740933728758152	83
0.06751294269744	0.685546205188532	132
-0.0444683948150699	0.433758823456749	101
0.00683580005155904	0.515283271365812	101
-0.04241622157411	0.424562607174006	101
0.00926449927594297	0.484898937344379	210
0.033934634041467	0.616913290371044	342
-0.03746168551681	0.403308488640235	210
0.039386730164401	0.565771404628553	110
0.06751294269744	0.685546205188532	110
-0.0546236419292201	0.826373869157705	110
0.038076458115613	0.61508237326934	110
0.041264340188553	0.583643894226027	110
0.101873908077638	0.842166878872985	347
0.00464617312006999	0.498499599262353	87
-0.04145354839253	0.429401569031903	87
0.06579194710414	0.673695210474364	28
0.00427237583115303	0.515543120569999	28
-0.05346881310061	0.429427774421712	28
-0.0464744906310901	0.428988757616558	374
-0.05251019161795	0.429734791833162	75
-0.0433980676132799	0.44647504020799	256
-0.0454357545055	0.433156322806163	256
0.113906678562951	0.863472411658084	6837
-0.11118908049623	0.776925036036676	187
0.086567535041029	0.759155623041677	187
0.110658468323906	0.912378244235178	187
0.095087526768028	1.44899252542958	187
0.00501617472378002	0.519562639486116	187
-0.0514795413653399	0.406090128575886	83
0.111323053098958	0.987586140358954	588
-0.04136409890739	0.424665264099882	101
0.028299482798374	1.0563924496612	101
-0.02136711645477	0.945652569321054	101
-0.09270433945362	1.39209484187116	875
-0.0443643429565399	0.445800704702982	210
0.00575970002729898	0.520040244943026	210
0.086982343707147	0.769123212063159	210
-0.0474638017453599	0.446251819108337	210
0.0701071060890171	0.654750778444289	110
0.036179063247249	0.561328234836671	110
0.060460406607659	0.638735172347095	347
0.00202686585349399	0.969750314890785	347
0.00909212240986901	0.99735934304311	35
0.064223957962439	0.698587107261393	35
-0.0948413784191	1.36529186975089	508
-0.0245321493652599	0.937744558972482	508
-0.0444683948150699	0.433758823456749	508
0.073060457564889	0.761681204742809	2515
-0.05045461324515	0.432727027587394	315
-0.11603905228527	1.57393992460501	27
-0.0768474224704701	1.40641520614674	27
-0.02169945580344	0.875758935222335	2330
0.069115172746905	1.15982712461873	187
0.04069103926266	1.08059650370424	187
-0.0897501785557	1.35688799017479	187
0.04688434199979	1.06555289292989	187
0.012700104524895	0.449114313812275	187
0.107501008094759	0.920472477068577	83
0.00123134656022394	1.01682924314836	132
0.025683342103361	0.578198916304411	132
-0.10467770910391	0.742387236326558	101
0.00665097574479501	0.993738482837434	101
-0.04848810361579	0.41383247037589	210
-0.11440669720491	0.765292285205779	210
-0.0630047997615399	0.844764487868701	210
0.056392920395951	1.23154015261898	342
0.027182247953625	1.3607474033866	342
-0.0197375001653299	1.14810189188537	298
0.00575970002729898	0.520040244943026	298
0.00587052576133296	0.50367174171513	298
0.091562761807153	0.739596062748	110
0.051191868035883	1.0656717525691	110
-0.0176061986982099	0.946002977270494	110
0.027442591004285	0.988925102297256	347
0.099088443263971	0.845754333797185	87
0.00368076094158598	0.518415662074474	35
0.00598907382920899	0.516707923678894	28
-0.11166420250358	0.743474926692658	519
0.00989320472661803	0.513997136030586	32
-0.10961185902353	0.721493857262257	256
-0.02736245109798	0.912341936514762	256
-0.10276324519887	0.759604525468119	1516
-0.0474638017453599	0.446251819108337	1516
-0.04640120529454	0.428382015905654	508
0.087567070075126	0.755579697851069	2515
0.0301156155619871	0.59718089001736	206
0.114082472074692	0.954592504407604	649
0.00317115975462401	0.505871843374307	27
0.028788283001377	1.03368034338877	673
-0.07785890232947	1.1317724962607	187
0.052055877028068	1.1186975840046	187
0.115521677315791	0.911145556525324	187
0.0630509662145941	0.639980100059616	187
0.102453768667356	0.913491356562604	187
0.10854384161364	0.923466323856973	893
0.114133281550261	0.98546992661353	588
0.02585685238026	1.03065343271115	101
-0.05723348174027	1.2113604217569	101
-0.10710636173606	0.755960742779479	210
0.058923602264872	0.649324849399363	210
-0.0473623375497601	0.430582208132322	210
-0.11045915747535	0.766699488336502	210
-0.0731438179617201	1.12246931959951	298
-0.0266452573029199	0.922939722817412	298
0.059034138955969	0.697021927271449	298
-0.0443643429565399	0.445800704702982	110
-0.05141896060354	0.421411961089526	110
-0.03952973450319	0.426155787261663	110
0.068086236117116	0.682744660897901	110
-0.00329329124041999	0.510726010383714	1430
-0.10181420852646	0.756456426196527	1430
0.058837386670283	1.12238626466172	110
0.022483010296063	0.547253168010463	347
0.00650295193964501	0.516919190277734	87
-0.10302451529148	0.755073010547601	87
0.00123554490252298	0.529473029392655	35
0.067261579346341	0.637126549484751	28
0.041254453786401	0.599674491276673	28
-0.0608651234403099	0.84467244420424	28
0.00478690005961402	0.503756185059023	519
0.062332215630787	0.669936547169464	519
-0.05672958446579	0.849606060899438	75
0.042511873677154	0.590379787164007	75
-0.0444683948150699	0.433758823456749	1516
-0.04350155286969	0.429872929116567	3
-0.05346881310061	0.429427774421712	1648
-0.05045461324515	0.432727027587394	315
-0.11700092312076	0.734164359581938	27
0.118100337651444	1.00216208674651	649
-0.10624823730327	0.781936167426071	1665
-0.12093490349582	1.26841563295511	187
0.102223111565467	0.914723062658202	187
0.026937548038077	0.578914615389543	187
0.026582410214989	1.33639564438522	893
-0.10946901878869	1.06707987916858	588
-0.01160892352089	1.5247508088025	83
-0.05251019161795	0.429734791833162	132
-0.04842602986207	0.44867035504741	132
0.114739888720214	0.941954446335685	101
-0.0334293644950501	1.25622325775704	101
-0.0454357545055	0.433156322806163	185
0.06491672713547	0.669835700278449	210
0.081711397702475	0.789737615962777	210
0.012967349935356	1.02345015305897	298
-0.04684508341919	1.20906490259335	342
0.040557429789108	1.12818272546983	298
0.00915431893902496	0.51354011901363	110
0.115870815445277	1.10074762016137	110
0.0879251143276481	0.833719389466802	110
-0.05751989445634	0.809154147166922	1430
-0.10717418961496	1.0065893676425	347
-0.11519290728493	0.719348339531021	347
-0.11058277354997	0.782393259015343	347
0.00673163236678998	0.517175184688351	87
0.0304374615010971	0.603384865564393	28
0.02885812692489	0.600573109989026	28
0.040625422085209	0.599198553208337	35
0.00598907382920899	0.516707923678894	4734
-0.04038355317258	0.428241517084643	75
-0.0474638017453599	0.446251819108337	508
-0.0549388012190499	1.14412856306961	649
-0.0688670189496701	1.09839552272967	2330
-0.10902707116031	0.772016336960435	187
0.116797425412651	1.08625938547592	893
-0.00445152144245009	1.23706194987028	588
0.112945247655177	0.9412907380329	588
-0.04544058137198	0.417592493711629	83
-0.0561981985348901	0.819966692229113	101
0.065931907315496	0.682313018930639	101
0.117508996173629	1.03943704194489	185
-0.10431768047177	0.738472291780333	185
-0.01319156904556	0.909732476214166	210
0.037428964337155	0.598748930615882	342
0.00935321843757697	1.24356741571737	298
-0.00232873693392	0.50805193852294	110
0.083951678638671	0.719864055033623	110
0.00448641338438605	0.96672424740855	110
-0.0944438184896801	1.37395709324209	347
0.041254453786401	0.599674491276673	35
-0.10589164279445	0.757342887047417	28
0.059468622349755	0.687237852513483	28
0.000111702920853052	0.499992850577696	28
-0.0475646445167299	0.422542066773274	6183
0.054690314219764	1.16337112302357	83
-0.0914920476333601	1.40361567493423	210
0.030159471410363	1.44136159173636	210
0.111074614739863	0.956934798392952	210
0.044374390621042	1.52139726082124	110
0.036395996183119	1.42200792049253	110
-0.04770925728632	1.16441662133451	347
-0.05188810720627	1.18585076296213	87
0.057594891236345	0.669166927319403	35
-0.06096582207496	0.84855503573994	28
0.00478690005961402	0.503756185059023	28
0.1222055894398	1.0788748249133	4734
-0.10910703243872	0.751599452030883	519
0.096225883633173	0.802994668232655	32
0.034885006064964	0.608532993502877	32
-0.11835827995799	0.741468885051124	2293
-0.05672958446579	0.849606060899438	3
-0.0433980676132799	0.44647504020799	2515
-0.04349566692495	0.428711682497803	315
-0.00905242223312008	1.34581676949122	1422
0.0415757759140351	0.596758477825843	6562
-0.01806848625582	0.951781233029151	58
0.01137017135527	0.503721354612043	187
0.00989320472661803	0.513997136030586	187
-0.0557581180042399	0.868405173627104	83
-0.0820800418957199	1.13980292696784	83
0.120798640188894	0.954811823883854	210
0.0617654127876	0.689577468961068	342
0.105760431290367	0.900525852431758	342
0.086258776956369	0.735424733986191	87
-0.04748673367611	0.798799425488512	87
0.00427237583115303	0.515543120569999	28
0.00524624276802499	0.512743170789752	28
-0.0443643429565399	0.445800704702982	35
0.03198744024751	1.05507892026665	519
0.042511873677154	0.590379787164007	75
-0.04241622157411	0.424562607174006	1883
-0.05751989445634	0.809154147166922	32
-0.04360026686825	0.418948345293282	321
-0.0545279416626001	0.418155888704423	3
-0.04241622157411	0.424562607174006	226
-0.1074567770412	0.785164696365224	27
-0.11224811676496	0.747973994763437	27
-0.04243230844476	0.442292931729212	2330
0.062201675330138	0.704960497736425	2330
-0.10060467921328	0.741435548750293	2330
0.064774858070483	0.660207821912437	6562
0.00303462240391095	0.487737641146243	187
-0.0494177413913901	0.36854236372901	1611
-0.03952973450319	0.426155787261663	187
-0.03962636704759	0.394462428760593	4561
0.0336224938323561	0.604189874898662	893
-0.05729007967189	0.853215088583615	588
-0.1121390168569	0.773479854806723	210
0.120536144921652	1.03457227069249	1164
0.00575970002729898	0.520040244943026	1215
0.064154960849792	1.21725343085546	110
0.029486978146907	0.601018076473175	110
-0.11925015482659	1.3566130554518	347
-0.0232870132862399	0.902406139158258	334
0.044410290145192	0.568790636614578	27
0.066818602334892	0.667048597354275	27
-0.04038355317258	0.428241517084643	27
-0.11023426389199	0.771347784732005	187
0.00938717017933699	0.495354476486572	6562
-0.0454357545055	0.433156322806163	6562
-0.0474638017453599	0.446251819108337	187
-0.0494907784776699	0.435890454815377	893
0.00220379579866403	0.526527263663833	893
-0.0443643429565399	0.445800704702982	83
-0.0495730630978699	0.4149080062341	83
-0.0834424556220501	1.17347867956418	101
-0.0429525169864899	1.19792434687331	101
-0.10174251561664	1.37713055445284	101
-0.04640120529454	0.428382015905654	110
0.117254937520162	0.93511180970154	334
-0.04145354839253	0.429401569031903	3343
-0.0425391962345201	0.417848797674199	1648
0.0799779819561141	0.756432692151483	2330
0.041254453786401	0.599674491276673	187
0.101957416162942	0.823320051671657	58
0.0670793104922131	0.680105264403455	187
-0.00255742764743006	0.511082458511344	5457
0.00759117878354498	1.34461372228306	83
0.086055270122483	0.763352923663414	83
0.00818240332512599	0.50199336587149	83
-0.09713627291423	0.696486402301926	83
0.032354706923577	0.611931679071181	101
0.092492515617544	0.700767973283435	210
-0.11896185265354	0.740865717992806	210
0.034255803756906	0.606144369982894	210
0.060194831726988	0.696942967280344	298
-0.0712805290405201	0.761653973517713	298
-0.0494907784776699	0.435890454815377	347
0.0422043216657551	0.597227396370121	347
0.052607079387752	0.662637854735386	347
0.023840065143927	1.05969607118608	87
0.00298036026996096	1.01120352686293	28
0.062664380861828	0.66796107767432	28
-0.10771444615894	0.765819092255341	519
-0.10842163467365	0.76817921303729	519
0.0333049427850261	0.614432452222438	374
-0.04136409890739	0.424665264099882	32
-0.0423287740670699	0.428449042358836	32
0.008415164580301	0.509621036689629	1883
-0.04842602986207	0.44867035504741	3
-0.0249311898617099	1.2389253605454	27
0.0215293254968471	1.07660164098979	27
-0.0276336171957401	0.880232498241045	27
-0.11699628201658	1.33847753270456	187
0.00747391857737001	0.514089350246445	187
0.042515024329388	0.577355556592011	67
-0.0453311350324299	0.440452046038488	893
-0.11120721752555	1.08504378446864	893
0.00123134656022394	1.01682924314836	893
0.00575970002729898	0.520040244943026	83
0.0104011647975381	0.492712037796665	101
-0.11703084417896	1.07752605265174	3886
0.038401201454247	0.59155600273571	342
-0.0137186798214299	0.917582264395987	1265
-0.0443643429565399	0.445800704702982	298
0.00650295193964501	0.516919190277734	298
-0.10902707116031	0.772016336960435	298
0.055310767325339	0.687415741001475	110
-0.06045988369821	0.832217376634674	110
-0.0878691883874301	1.08870270802131	110
0.035216765024263	0.585619410807023	290
-0.11654880098221	0.702462922336363	110
0.00220379579866403	0.526527263663833	110
-0.05672958446579	0.849606060899438	334
-0.04794665727026	0.804321142454779	347
0.00294241219737001	0.524856477976157	334
0.117125408763187	0.869011771480773	334
0.069972716043531	0.642315362540068	87
0.099108230536335	0.90656929697566	87
-0.11643439384143	1.11151073256645	3343
-0.11083661728542	0.773183051980988	28
-0.0404913862182701	0.429986031003074	28
0.0310937009600319	0.594214354645078	1520
0.105257276160569	0.90053909260702	27
-0.00194347432110997	1.00373495058336	673
-0.0195870066858399	0.941305593413011	187
0.118232993111308	0.973327428275099	58
0.036479942476106	0.596423707973031	58
0.064366507333912	0.668693109049607	58
-0.11501192009647	0.767084382818898	67
-0.0515120988447	0.836818438556885	67
0.040947015904264	0.593029045553984	588
-0.10373024467233	0.732501142714156	83
-0.10842163467365	0.76817921303729	83
-0.05346881310061	0.429427774421712	83
-0.0474638017453599	0.446251819108337	101
-0.0425352281097999	0.417796316913952	1387
0.0679481625634381	0.676333883456025	210
-0.0143082809153401	0.903038380648463	210
0.072973312486223	0.751952359412506	210
0.00146491155476503	0.52395959859642	210
0.00598907382920899	0.516707923678894	342
0.00918506065914604	0.487830828931151	979
-0.10181420852646	0.756456426196527	298
0.092948814227644	0.858950101957772	298
0.080065966785394	0.757494172066734	110
0.034244600467445	0.607391228022738	373
0.028467293816807	1.06624042071764	334
0.037111205998082	0.596886674385892	347
-0.04842602986207	0.44867035504741	347
-0.0325704802989399	0.878228110225926	347
0.123523049799067	1.04183098068219	347
0.096664081609151	0.86280984841976	347
-0.1062319032332	0.748910868308239	35
-0.08093570094398	1.10931713983318	3343
-0.05683224338458	0.836127712555709	28
-0.05251019161795	0.429734791833162	1520
-0.04938876843792	0.445225820250445	519
0.00673163236678998	0.517175184688351	374
0.00123554490252298	0.529473029392655	1181
-0.04842602986207	0.44867035504741	508
-0.04145354839253	0.429401569031903	987
0.00123554490252298	0.529473029392655	680
0.06434234205261	0.672499280557374	27
0.106801534774647	0.930747550758753	27
0.0611816279383301	0.66578538345504	284
-0.1049432271887	0.746989386183657	187
0.00683580005155904	0.515283271365812	1611
-0.03952973450319	0.426155787261663	187
0.00197513677763295	0.527784975096114	187
0.081711397702475	0.789737615962777	83
-0.0445578371161801	0.429867191818012	83
0.101299581533361	0.872715553117599	101
0.100594721870721	0.881059969727652	101
0.010055669202524	0.935602592492565	1387
0.059175986593387	0.691934666195644	185
-0.00384838311261992	1.28045851478936	342
0.028229061756999	0.595886677498405	1265
0.070108898985095	0.623320604731686	1265
0.036479942476106	0.596423707973031	1265
-0.04862055277964	0.406424397979457	298
-0.0154337125376101	0.893244156976255	35
0.024731117069399	0.576128925430867	28
-0.0474638017453599	0.446251819108337	35
-0.0474638017453599	0.446251819108337	983
-0.10458043201218	0.751538082670932	27
0.00621923944518998	0.49330917448904	2552
-0.05776101534239	0.85605078027277	187
-0.11378122752854	0.743520557916479	187
-0.00255742764743006	0.511082458511344	58
-0.04349566692495	0.428711682497803	187
0.058601248110791	0.693213689358337	67
-0.05941043310918	0.833921770540059	2403
-0.11687917507661	1.06037152817817	83
0.080179726205172	1.33422080761525	83
-0.0526327230657799	0.835220334829509	897
0.113617298432073	1.00983561084168	101
0.107850601070989	0.859560622442499	101
-0.09989600109263	0.717156903118718	210
-0.11120936200678	1.95663256745577	210
-0.0444683948150699	0.433758823456749	210
-0.0224209224345	0.923864668018027	342
-0.10683944354736	0.754118171408412	342
-0.04852745575138	0.433634927743835	1270
0.033934634041467	0.616913290371044	298
-0.00182182824985011	0.50649437666673	298
-0.00204899440886996	0.479031129793503	298
0.031066873803719	1.04886542465474	347
-0.10649890404876	0.758594678841909	347
-0.05049647127924	0.840344154951914	28
0.109036842031525	0.997571173209311	1520
-0.04243230844476	0.442292931729212	519
-0.0444683948150699	0.433758823456749	4239
-0.10596317506205	0.701242328122374	769
-0.10241926466834	0.757715784252609	987
0.047599428841732	0.546743576746832	987
-0.1228973321923	1.07417853568462	4287
0.065369507185588	0.69983898092563	27
-0.0433980676132799	0.44647504020799	187
0.00345351455084197	0.505537591379468	67
-0.0520418801862399	0.848984928246551	893
-0.0830852334351799	2.0373030982756	83
0.124380758206776	1.10857805013145	1432
0.019896175380795	1.02873263368913	101
0.0664167469582	1.22172975446607	101
0.00197513677763295	0.527784975096114	210
0.048296884755896	1.16485020174017	342
-0.04848810361579	0.41383247037589	342
-0.04241622157411	0.424562607174006	1265
0.117611393650079	0.936341224366108	298
0.039958693105826	0.568843526862525	298
-0.0454357545055	0.433156322806163	373
0.020843106025994	1.05309058331422	347
-0.05988433932516	0.848505217835184	347
-0.10026017457884	0.725095737481452	87
-0.0494907784776699	0.435890454815377	87
0.059931448124962	0.679681630580917	35
0.092405192200142	0.809873833344996	75
-0.0433980676132799	0.44647504020799	3
0.104809654797488	1.33479586959217	4287
0.095405997185818	0.867586831461104	27
0.056079332095367	1.17179287469982	673
-0.0474766537387199	1.20454135340786	83
0.092187103572917	0.842513733527564	83
0.088182420092932	0.76116080574902	4443
-0.0147733672522701	0.920014754551475	4443
-0.10997666171814	0.783170148459437	101
-0.04938876843792	0.445225820250445	1164
-0.0432939638308401	0.427873668991277	1164
-0.04842602986207	0.44867035504741	210
0.038373083346987	0.587771359065259	1265
-0.0551982267196201	0.869327969332561	270
-0.0444683948150699	0.433758823456749	373
0.0298091031343291	0.602931281853728	87
0.063767770222266	0.671972124461222	87
0.042189793988613	0.557486784928106	87
0.035869332542778	0.608542429103958	35
0.065490925583823	0.66383225858108	35
0.00892225986164197	0.502407069289994	75
0.047276732571547	1.07574014902164	27
0.118671645955431	0.968895076871293	58
0.093881863094707	0.864935033778707	2109
0.079659306086825	0.68506917225787	187
0.076328751718867	0.759794737565652	187
0.049209484049229	0.519368207420359	67
0.1018341118796	0.844106391980558	326
-0.04145354839253	0.429401569031903	1387
-0.0836471313092699	1.10350199174236	101
0.07646502317566	0.773060336537632	210
0.064937707949133	0.661016814955896	1164
-0.10839484237353	0.729755509151521	342
0.00553111674045503	0.500869651939237	1265
0.00706650816352095	0.506602529499069	1265
-0.05346881310061	0.429427774421712	1265
-0.10241926466834	0.757715784252609	1265
0.00724593065857404	0.509545936419535	1265
0.0670793104922131	0.680105264403455	270
0.090702943731833	0.845912142229775	270
0.098165488622157	0.896869185479054	298
0.115705387296853	0.94538475693462	298
-0.0175936323924299	0.885048091998216	298
-0.00441402098954002	0.986233000640248	373
0.03933705990658	1.09239396111072	347
0.0804063927168091	0.742149085386847	87
-0.03952973450319	0.426155787261663	87
0.054874538421578	0.686046046136122	87
0.114133281550261	0.98546992661353	87
-0.11308833761884	0.746487598323013	35
-0.0380740139726401	1.13226581307594	35
0.000317514718588985	0.989266765849556	28
-0.10985694370232	0.769947104181061	508
0.074404553396172	1.14152092351908	27
0.0452467492469401	1.10068540836458	284
0.107940749436967	0.924652204640837	187
-0.0530038948022999	1.49848520116276	893
-0.11271893291866	1.10808636367324	101
0.093029067531482	0.70405630541108	210
-0.11382973007387	1.03465557053023	210
0.00123554490252298	0.529473029392655	257
-0.12226917425644	1.0152430956301	1265
0.113417237314071	0.954556589847209	347
0.026318844049415	1.03550304116621	34
0.03204491513729	0.596490969006815	28
0.050578044143182	0.660238758749498	35
0.0377422529075619	0.594094542526021	35
-0.10431768047177	0.738472291780333	519
-0.0454357545055	0.433156322806163	508
0.00254564436363802	0.491656249275232	2603
-0.05356821355632	0.418422773072408	987
0.00404240892321395	0.503339908750422	6645
-0.0494907784776699	0.435890454815377	73
-0.02030372935657	0.901144034975525	67
-0.0907033387068801	1.10606053847186	67
-0.04145354839253	0.429401569031903	893
0.074050939639837	0.761966112013062	4443
-0.04350155286969	0.429872929116567	4443
0.054161587358301	0.663751114543197	83
0.029795163703585	0.570108903215886	101
-0.04243230844476	0.442292931729212	101
0.031065606499158	0.599504126969321	210
0.060480047441675	0.671061947931991	342
0.00524624276802499	0.512743170789752	342
-0.11970670251648	1.08560783185957	1265
0.097638817057068	0.863288644431206	1265
0.055588880627882	0.652730930657902	745
-0.0415314553581101	0.405757204943893	2025
0.00650295193964501	0.516919190277734	270
-0.11655953571096	1.05785520931886	298
-0.04349566692495	0.428711682497803	4713
-0.10564425747665	0.772723371678063	347
-0.00425874281861005	0.495431975075731	87
0.089283574144077	0.618850302540979	87
-0.0432939638308401	0.427873668991277	347
-0.0800055142332501	1.13358316263854	87
0.008415164580301	0.509621036689629	2118
0.037753106732376	0.616198039999054	2044
-0.05652814830103	0.401057728146976	519
0.00989320472661803	0.513997136030586	519
0.00406303554416698	0.95673565230344	497
0.05806031917872	0.67741408499603	27
0.058601248110791	0.693213689358337	27
-0.000128876469950079	0.494203510437228	27
-0.12240488531117	1.37673456708279	27
0.00172542938198395	1.01794906038668	284
0.060617390106651	0.696079776374805	3221
-0.05674004296582	0.85978475217464	67
0.037111205998082	0.596886674385892	67
-0.10330903821421	0.740933728758152	67
0.0402688502529061	0.582409531042717	83
0.121045909430506	1.04557481622355	83
-0.0504970218472101	1.16753045341218	83
-0.0433980676132799	0.44647504020799	83
0.00501617472378002	0.519562639486116	210
-0.11000773839595	0.728967371814622	210
0.00747391857737001	0.514089350246445	210
0.05602324172957	0.683079416360525	210
0.063785428419289	0.710545406657148	257
0.038373083346987	0.587771359065259	306
0.06207986729813	0.658544291649101	2025
0.040625422085209	0.599198553208337	2025
0.00719432797703201	1.01452670679875	2025
-0.0384619192567	0.425008614563889	1049
0.0333049427850261	0.614432452222438	298
0.029486978146907	0.601018076473175	6639
0.065503874734409	0.69363587969962	347
-0.0108272596983201	0.458091389094681	87
0.095405997185818	0.867586831461104	87
0.077907993183579	0.754879922367937	87
0.042043031971428	1.10951438584567	34
-0.0453311350324299	0.440452046038488	35
0.00673163236678998	0.517175184688351	987
-0.05045461324515	0.432727027587394	73
0.118144491000518	1.10344227913098	497
-0.11372493306667	1.01687358625478	497
0.071588235294506	0.750160787674297	187
-0.0754753926118401	1.11071666598666	187
0.00439901407220999	0.51125433795232	83
0.04723180345422	1.05295671763757	1185
-0.0822519636288	1.40713549542935	1185
-0.10562455951753	0.73934039693308	210
0.04031804149638	0.585829080973	210
0.00553111674045503	0.500869651939237	210
0.028537119040131	0.581810186251225	342
0.068086236117116	0.682744660897901	257
-0.0514060464533199	0.796247335966255	2045
0.00892225986164197	0.502407069289994	1265
0.038059744089473	0.599220689975794	1265
-0.04938876843792	0.445225820250445	1049
0.00892225986164197	0.502407069289994	373
-0.0557581180042399	0.868405173627104	6639
0.034885006064964	0.608532993502877	347
0.087028743634783	0.748175800385324	87
-0.10336877920854	0.760871891692769	87
-0.0442596687539101	0.423097140504412	34
0.02885812692489	0.600573109989026	34
0.00598907382920899	0.516707923678894	4503
0.061649101695562	0.694438434740759	35
0.031693538268302	0.590540365500309	2044
-0.0433980676132799	0.44647504020799	75
0.008768136282711	0.483875318620648	75
-0.04541011657835	0.427842189003177	508
-0.04145354839253	0.429401569031903	987
-0.0120582772429401	1.28487851597508	4287
-0.0444683948150699	0.433758823456749	497
-0.0492729516652399	0.788461481762768	27
-0.11510849562627	1.04257375757785	187
-0.05683521185938	0.856595755233154	284
0.032984886684108	0.614378163164001	2109
0.032995919146522	0.603731162763283	187
-0.12005344766442	1.04141809446463	187
-0.0153009440720899	0.914754959239212	67
-0.060504624692	0.829523032943657	67
0.00294241219737001	0.524856477976157	2708
-0.0404913862182701	0.429986031003074	1387
0.081648964115486	0.731968697858182	185
-0.0552989578668299	0.866642321619431	210
-0.11092563699392	0.779636180888701	210
0.044142500002015	0.563978903857764	1265
0.00650295193964501	0.516919190277734	1265
0.00633257992448399	0.5081612900386	1265
-0.04541011657835	0.427842189003177	1265
-0.00402941921510003	0.505501444134074	298
-0.04134513400628	0.423430599953674	4713
-0.10958155926346	0.691589975628951	2037
-0.10963270223314	0.771277710705763	6639
0.070239703851034	0.65806099268581	334
-0.0473623375497601	0.430582208132322	87
0.086445288179032	0.774214271878569	87
-0.01991294057425	0.91559671884154	35
-0.04038355317258	0.428241517084643	87
-0.04640363250161	0.428229873657116	4503
-0.04842602986207	0.44867035504741	4503
-0.0432939638308401	0.427873668991277	2837
-0.04241622157411	0.424562607174006	75
-0.0433980676132799	0.44647504020799	557
0.0295135058535631	2.11278553098075	27
0.091650536283857	0.862947166162708	27
0.00773273225322801	0.947052624628616	27
0.081782852116172	0.781706753792406	187
0.059931448124962	0.679681630580917	187
0.028894890362037	1.41627786757163	2109
-0.12163754946458	1.09658670503646	67
-0.12019373063734	1.09813254189416	83
-0.00387760489767008	0.471609619325647	83
-0.0474638017453599	0.446251819108337	101
0.032258587199771	1.04041539906904	1185
0.076918532558706	0.78172250770883	210
0.00123554490252298	0.529473029392655	210
0.103095307618903	0.803911013021247	210
0.0106318221348251	0.51093753674394	257
0.038373083346987	0.587771359065259	257
0.000725759274744053	0.516767991607716	257
0.062339714013521	0.68331670526784	298
-0.11018970692084	0.981379535628455	2037
0.0298091031343291	0.602931281853728	373
-0.04145354839253	0.429401569031903	347
0.00220379579866403	0.526527263663833	87
-0.05008164766989	1.16150823319426	87
0.037428421141513	0.558354089443815	87
0.080907062279544	0.75684488113752	34
-0.11106157703122	0.758198472994469	2530
-0.11187444098993	0.751119485145186	4503
0.00123554490252298	0.529473029392655	35
-0.05346881310061	0.429427774421712	2837
-0.04243230844476	0.442292931729212	35
-0.10997666171814	0.783170148459437	75
0.011588763385491	0.474737111154984	75
-0.11466266660174	0.767215564744385	557
-0.0444683948150699	0.433758823456749	1649
0.025269401435536	1.07966491106513	497
0.00176567733116895	0.985653656569163	27
0.00864872087794399	0.488028996661974	326
-0.10937074488188	0.779208599663148	187
-0.10529852307657	0.778605023155457	187
0.072834297391879	0.620977151164031	187
0.059034138955969	0.697021927271449	67
0.00958538280716603	0.991459205667983	67
0.093902582421865	0.819319001113035	83
-0.12309754210601	1.32050612045742	83
-0.11921126007381	1.0770701202609	83
0.0680977169410521	0.645119006065763	1387
-0.00513405243906995	0.467357690211273	1185
0.078212304451427	0.787093233940193	210
0.00197513677763295	0.527784975096114	210
-0.06453957826664	0.830354792384811	210
0.062761823354119	0.675201006324962	342
-0.0303966074570301	0.894169223124228	342
-0.0572989173926699	0.866712802909199	257
0.036797968262077	0.595015362806921	2045
0.032671334487929	0.587464249678032	1265
-0.10865313297803	0.760952172039257	1265
0.000549409237637022	0.916026903075456	306
0.054874538421578	0.686046046136122	306
-0.12190311925037	1.06292024493288	2025
-0.0442596687539101	0.423097140504412	2025
0.00818240332512599	0.50199336587149	270
0.064223957962439	0.698587107261393	2037
0.052561277528542	1.18155737583272	87
-0.10215790595895	0.754266585368116	2530
-0.04134513400628	0.423430599953674	35
-0.0452258893921	0.411133831471644	213
0.031065606499158	0.599504126969321	348
-0.0433980676132799	0.44647504020799	987
0.00368076094158598	0.518415662074474	1649
-0.0494907784776699	0.435890454815377	1384
0.00196478305206005	1.31006326564597	4287
0.101066368288221	0.945393030372192	4287
0.0304374615010971	0.603384865564393	497
0.078253552061167	0.72945176211568	795
-0.0583346929932	0.78351093881894	795
0.0570331415512541	0.689138017633733	67
0.022183574356655	0.553465662149506	937
-0.11285203613069	0.761503260970935	937
-0.0317754314345999	1.1915506721368	83
0.065381897650642	0.666150021750898	83
-0.0242395239072399	1.26273104582877	2708
0.00294241219737001	0.524856477976157	1185
-0.05356821355632	0.418422773072408	210
0.000842851166075964	0.505098527889264	1265
0.057361334367585	0.674481421646851	298
-0.0445578371161801	0.429867191818012	486
-0.0224209224345	0.923864668018027	317
-0.04794665727026	0.804321142454779	4238
0.010151398637077	0.992510432324526	34
-0.0423287740670699	0.428449042358836	35
0.00317115975462401	0.505871843374307	348
-0.04057866279389	0.40382184559749	75
-0.0433980676132799	0.44647504020799	75
-0.0455159115247701	0.432093044759573	1012
-0.04842602986207	0.44867035504741	2150
0.080033900146815	1.16846327656886	27
0.00747391857737001	0.514089350246445	548
0.040312609305835	0.572413975113226	27
-0.0475646445167299	0.422542066773274	187
0.119138700777624	0.962105284696579	187
-0.05886811487236	0.856710490235098	2708
0.064494580127291	0.69088374804266	2708
-0.0431063745256699	1.45861801844097	83
0.080776394289651	0.75731695089458	1387
-0.04038355317258	0.428241517084643	1185
-0.0453311350324299	0.440452046038488	185
0.062777249286143	1.16665122780051	317
0.086646186540531	0.757115723504889	87
-0.04445264019477	0.430927724065131	87
-0.00306387845826994	0.502893451196626	87
-0.0432939638308401	0.427873668991277	34
-0.0464744906310901	0.428988757616558	35
-0.05045461324515	0.432727027587394	2150
-0.00159385871586992	0.508400245228127	497
0.084599776320654	0.734792590246164	2545
0.00427237583115303	0.515543120569999	795
0.00412921764101804	0.484679759132993	326
0.084693907955656	0.649793108290474	83
0.075388958121743	0.771651251702094	1387
-0.0443643429565399	0.445800704702982	1185
0.069799385013939	0.744063870161271	185
0.030760704589352	0.595081876801006	210
0.08160244303872	0.758043957337917	342
0.104218397950657	0.916749064789769	1265
-0.0444683948150699	0.433758823456749	486
0.00373162494506296	0.973659840391723	317
-0.11421186469705	0.692641488283392	87
-0.0768410336602099	1.08662550262179	87
0.064931244436506	0.703680819270732	87
0.041564277098733	0.566419615920303	87
-0.0494907784776699	0.435890454815377	75
0.00559838888095798	0.505830204067153	75
-0.0117951073259499	0.446780486543178	497
-0.05413658322589	0.803497063997179	497
-0.0566252356016801	0.832007924184094	497
-0.10807686479508	0.739943344437986	548
-0.0667803596490999	0.816718572268527	2545
-0.00658472325119996	1.20071792273387	58
0.060617390106651	0.696079776374805	187
0.123987669963741	1.01812090826142	83
-0.0546236419292201	0.826373869157705	83
0.000266411603936034	0.512528764904733	83
0.01963573210392	0.521221251289342	12
0.00536624632521698	0.523323803017451	185
0.0387036793121051	0.613624450501273	210
0.056916159523899	0.685708652979281	342
-0.0247310701832799	0.906652726928598	342
0.00598907382920899	0.516707923678894	1265
0.032984886684108	0.614378163164001	298
-0.0443643429565399	0.445800704702982	3346
-0.0483239786818099	0.427518463663862	334
-0.0536202246284301	0.869413303515477	87
-0.0433980676132799	0.44647504020799	35
-0.0635657576270901	0.841584957630023	35
0.077252431321755	0.772360172505668	34
0.084368465060654	0.78741509452514	3366
0.063767770222266	0.671972124461222	348
-0.04842602986207	0.44867035504741	1243
-0.0432939638308401	0.427873668991277	1243
-0.00537317221354994	0.481406625845313	548
0.055885078051747	0.692164297829939	27
0.087979650905143	0.724692953193357	27
-0.00512648215821998	0.951449966235982	187
0.061053206272794	0.680954212149789	795
0.09010052732844	0.83307133101367	67
-0.05071128118654	1.22316474790115	83
0.083442916927021	0.785412792511015	2708
0.082200137704356	0.821487852451751	2708
0.091827924020364	0.808108509621117	2708
-0.05315988542133	0.861232234604884	185
-0.0271739236180599	0.905264260003726	210
-0.0474638017453599	0.446251819108337	361
0.041883270936962	0.596828158740491	361
-0.10650609832428	0.781810867649974	361
-0.0269623671722701	0.881118981956827	298
-0.0433794063116699	0.412450666083172	3205
0.000266411603936034	0.512528764904733	486
0.034564110440276	0.615458717111082	317
-0.11440669720491	0.765292285205779	87
-0.11750113009354	1.08046021422674	87
0.063193011531364	0.66828165679019	87
0.083523737218951	0.747848131581075	87
0.054588813467534	0.466904059487655	35
0.00524624276802499	0.512743170789752	34
0.00610115503236997	0.521664477903687	3366
-0.0443643429565399	0.445800704702982	553
0.00650295193964501	0.516919190277734	348
-0.0444683948150699	0.433758823456749	75
-0.0444683948150699	0.433758823456749	1243
-0.04350155286969	0.429872929116567	1156
0.000603244098248967	0.494509435912605	27
0.047959643706597	0.52120013980258	795
0.118815112486879	0.948163608942666	795
-0.0965442750744201	1.85507608699158	58
-0.04243230844476	0.442292931729212	58
0.00536624632521698	0.523323803017451	6819
0.11797696054677	1.12502508767272	83
0.055115960020782	1.03317934147553	2708
-0.10941939511736	1.24288885470602	2708
-0.10600200930402	1.62754438314401	2708
-0.0507534616676899	1.16996993980447	2708
0.092157295542895	0.856872355509524	83
-0.05795319615325	0.84489152043724	210
-0.04938876843792	0.445225820250445	342
-0.04146706489408	0.429278291239433	342
-0.04038355317258	0.428241517084643	342
-0.0404913862182701	0.429986031003074	1583
0.0627751797757991	0.707592424647626	348
-0.11122896347091	1.01896156003252	1243
-0.0191256021624699	0.945016632229763	220
-0.04350155286969	0.429872929116567	73
0.0492007431280061	1.40789402912551	27
0.00536624632521698	0.523323803017451	27
0.00627505916481197	0.494072427823342	497
0.00747391857737001	0.514089350246445	795
0.0638014378260791	1.20144841243109	795
0.028624151095659	1.07338497637131	12
0.105451937696858	0.922093384137028	1387
-0.00610415428629008	0.483766860311607	2071
-0.12138372493184	1.05586054428511	298
0.042146536041508	1.10384610475986	298
0.118346565007348	0.932282694340507	2037
0.0570331415512541	0.689138017633733	2037
0.076291497056922	1.11996691178332	317
0.000516445197872972	0.936179357002777	87
-0.0444683948150699	0.433758823456749	87
-0.0433980676132799	0.44647504020799	34
-0.05045461324515	0.432727027587394	348
-0.12173932312991	1.07724888163417	348
0.092696422663773	0.839339980817274	348
-0.03952973450319	0.426155787261663	220
-0.0236728510025901	0.917655544616537	1243
0.04256326990714	0.547680418513412	220
-0.04938876843792	0.445225820250445	866
0.00536624632521698	0.523323803017451	866
-0.06209870664819	1.12893015764703	58
-0.05948195092391	0.794733491295944	58
0.010228794083624	0.48450663657105	168
0.036163291437185	0.577775790520956	2858
-0.02294895129115	0.887968672628642	326
0.066939463463526	0.684972210204615	67
0.00220379579866403	0.526527263663833	67
0.093658930926239	0.891721847272804	83
-0.0428573040057501	0.81556395717913	3182
0.059034138955969	0.697021927271449	3182
0.00501617472378002	0.519562639486116	342
0.00197513677763295	0.527784975096114	65
-0.00108649286156992	0.493016698253027	361
0.0351933721219549	0.6098449656254	298
0.027262903779312	0.573696562802232	298
-0.0562156838360299	0.839539715703486	2037
0.073710653924312	0.579533809370841	2037
0.00989320472661803	0.513997136030586	3205
-0.04350155286969	0.429872929116567	373
0.069220212331616	1.20654636642497	317
0.0872172982306701	0.739728897931039	87
0.05975053842936	0.686798353698228	34
0.0735758715692541	0.753199889085952	34
0.0336263868866969	0.599812214032604	35
0.036142767554287	0.601677947092876	348
0.063767770222266	0.671972124461222	27
0.00501617472378002	0.519562639486116	548
-0.0444683948150699	0.433758823456749	795
-0.0820800418957199	1.13980292696784	58
0.00327545529382201	0.487448231526994	58
-0.00425874281861005	0.495431975075731	168
0.099213681642409	0.920486967732338	67
0.095616893668187	0.839643003426739	937
0.029180531260368	0.598184933881074	2708
0.0617654127876	0.689577468961068	2708
-0.11700092312076	0.734164359581938	3182
0.059648355818524	0.657167644795572	3086
-0.10336877920854	0.760871891692769	210
-0.04146706489408	0.429278291239433	210
0.034245423178254	0.551064240051645	210
0.00230431069785098	0.500940538183344	210
0.036479942476106	0.596423707973031	2071
0.00478690005961402	0.503756185059023	342
0.008415164580301	0.509621036689629	298
-0.0494907784776699	0.435890454815377	373
-0.03962636704759	0.394462428760593	373
0.0355465402210799	0.597554243152236	317
0.00770269257824596	0.497260263712666	317
-0.04038355317258	0.428241517084643	87
-0.04349566692495	0.428711682497803	87
-0.04842602986207	0.44867035504741	87
0.00706650816352095	0.506602529499069	87
0.06435842903529	0.709189783039237	87
0.00747391857737001	0.514089350246445	712
0.036142767554287	0.601677947092876	34
-0.0404913862182701	0.429986031003074	34
-0.0423287740670699	0.428449042358836	35
-0.05045461324515	0.432727027587394	75
-0.0576402124201101	0.824398355355768	27
-0.12441081706772	1.07507351079991	5134
0.086187658642214	0.729141200255492	187
0.096647930348866	0.884000666681409	187
0.080065966785394	0.757494172066734	67
-0.11470254728301	1.10221783885996	937
0.061627985200536	0.69830409915042	83
0.00770269257824596	0.497260263712666	83
0.065217909754035	0.662588275850974	12
0.013034738063437	0.945678137532128	342
-0.09808603925588	0.713595711025829	65
0.033934634041467	0.616913290371044	178
0.032321256946494	0.571537462046291	178
-0.05672958446579	0.849606060899438	1583
-0.02552490840719	0.928743894352744	1583
0.08591521597255	0.709646711388215	298
0.00673163236678998	0.517175184688351	298
-0.05774632429198	0.853940588912901	298
0.00404240892321395	0.503339908750422	373
0.037428964337155	0.598748930615882	373
-0.0489624364024299	1.18002878975087	87
0.116704013343299	1.01443584089749	87
0.01137017135527	0.503721354612043	712
0.111066666445709	0.888634315458484	34
0.067962301030382	0.675311161222383	34
0.098734796886242	0.808191399280614	34
-0.04938876843792	0.445225820250445	601
-0.04145354839253	0.429401569031903	75
-0.0404913862182701	0.429986031003074	75
-0.0544279392312601	0.420060519147179	775
0.073090013422228	1.32503157561303	27
-0.10287512949108	1.55131069510048	27
0.009655473150329	1.00510775560918	27
0.031405095616872	0.591715779410707	27
0.068086236117116	0.682744660897901	2351
-0.0410318361986901	1.16014669889119	187
0.103393958738791	0.821383103307276	795
0.054299907419859	0.681421769773706	168
0.059489416364686	0.697910082909278	168
0.055458041766876	0.660687104582143	168
0.0637951230712041	0.672109348028099	168
0.036803156466459	0.598470488515215	2858
0.00770269257824596	0.497260263712666	67
-0.0630047997615399	0.844764487868701	937
-0.07788194568883	1.16651943311538	83
0.081174256652099	0.788963035784331	83
-0.0404913862182701	0.429986031003074	83
-0.04038355317258	0.428241517084643	185
0.0670793104922131	0.680105264403455	185
-0.09808603925588	0.713595711025829	210
0.00243325300321595	0.50358452883394	1040
-0.04640363250161	0.428229873657116	342
-0.0423287740670699	0.428449042358836	65
0.00780017378261599	0.500662614108395	298
0.077252431321755	0.772360172505668	1583
0.00989320472661803	0.513997136030586	298
0.034574276000743	0.601756282991128	175
0.0828289836082971	0.784443291963916	298
-0.04243230844476	0.442292931729212	317
0.0617654127876	0.689577468961068	87
-0.10615699333071	0.745674334275735	87
0.06579194710414	0.673695210474364	87
0.0383786107291501	0.590906537522147	87
0.091709382792484	0.724478360537967	712
0.036479942476106	0.596423707973031	712
0.003908799730446	0.504338198541581	34
0.040588288682165	0.566334819069355	35
0.0396548747480741	0.592439797185939	348
-0.0404913862182701	0.429986031003074	348
-0.0425352281097999	0.417796316913952	2806
-0.03004371894248	1.23135450960373	27
-0.00190866211333995	0.971705387447019	27
0.00719432797703201	1.01452670679875	27
0.0399836992291081	1.08391443794255	27
0.037125395262032	0.617666119824078	168
0.033522470674568	1.09314123620563	83
-0.06076272029034	0.806690766443839	3182
-0.0505990861839101	0.827768616555007	185
0.087644284521641	0.763898511494965	342
0.058343115248812	0.673095183093596	514
-0.0443643429565399	0.445800704702982	2063
0.000495684112402972	0.526867747572164	1583
0.082982069436605	0.752796184846397	298
0.00536624632521698	0.523323803017451	298
0.037428964337155	0.598748930615882	175
-0.05473920561919	0.872302526191695	317
0.062339145005619	0.680085452117093	87
0.040588288682165	0.566334819069355	87
-0.01938401770944	0.912289046692889	87
0.00500801163635201	0.98675919250226	712
0.079985547919131	0.773221771008977	34
0.040305208155718	0.58306290111589	5133
-0.11197682235069	0.728164663286433	1020
0.071251686423744	0.652687180654218	1020
0.036479942476106	0.596423707973031	326
0.00598907382920899	0.516707923678894	326
-0.000474424787330063	0.510164144766332	83
0.120335788424059	1.26846776626906	12
-0.0433980676132799	0.44647504020799	2640
0.00271445992973596	0.521265643213589	5565
0.0137943524824991	0.475696020725814	5565
0.089454405601999	1.34886837429046	361
-0.10395039883387	1.37101821760731	1583
0.080708459923006	0.793619192967202	87
0.041531797608571	1.11709945387309	87
0.102291039065532	0.989821583872919	87
-0.10997666171814	0.783170148459437	712
0.055588880627882	0.652730930657902	712
0.103903501620879	0.815473629788339	35
0.094431486438093	0.867087891023906	348
0.038380605128154	0.610531580886766	220
-0.0493771681623201	0.825696545249351	220
-0.05045461324515	0.432727027587394	346
-0.03693018863325	2.08071773862396	3516
0.0377422529075619	0.594094542526021	27
0.00220379579866403	0.526527263663833	2351
-0.05251019161795	0.429734791833162	2351
-0.0545279416626001	0.418155888704423	1020
-0.11476361485266	0.746481624507795	1020
-0.0455159115247701	0.432093044759573	795
-0.0394224817711899	0.428820497755674	795
-0.08353130625539	1.13607194245411	937
0.035523995615344	1.11382258764435	83
-0.0566252356016801	0.832007924184094	83
-0.04862055277964	0.406424397979457	83
-0.11116224098075	1.08848242941439	185
0.0301156155619871	0.59718089001736	185
-0.0473623375497601	0.430582208132322	975
0.114074702831498	1.16824373933888	298
-0.0394224817711899	0.428820497755674	175
-0.12117570184597	1.10350579503361	175
-0.0394224817711899	0.428820497755674	175
-0.11368403925957	0.756674545649209	316
0.045721161935146	0.554165634693659	6270
0.114147422062396	1.04679993869184	87
-0.0443643429565399	0.445800704702982	87
-0.10649890404876	0.758594678841909	894
0.02585685238026	1.03065343271115	220
-0.0445578371161801	0.429867191818012	220
0.00478690005961402	0.503756185059023	85
0.00220379579866403	0.526527263663833	85
-0.0454357545055	0.433156322806163	346
0.05975053842936	0.686798353698228	27
0.036479942476106	0.596423707973031	1020
0.00271445992973596	0.521265643213589	795
-0.11192784380003	1.82038183081814	168
0.0805246728128211	0.772052831159134	168
0.068808119303744	0.735405528722339	83
-0.04842602986207	0.44867035504741	975
-0.0494907784776699	0.435890454815377	23
0.050065012229861	0.636184264358376	210
-0.04852745575138	0.433634927743835	210
-0.0453311350324299	0.440452046038488	342
0.090433917689707	1.37193739406408	361
-0.0445578371161801	0.429867191818012	1386
0.065804972697547	0.669617226864514	175
-0.0474638017453599	0.446251819108337	175
-0.04842602986207	0.44867035504741	175
-0.0339109338158401	1.25400286861351	87
-0.0541796279064399	0.873242042179189	87
-0.04243230844476	0.442292931729212	712
-0.10937074488188	0.779208599663148	34
0.050661468814771	1.62272852533683	34
0.092626421989074	0.85403353466148	926
-0.00159385871586992	0.508400245228127	346
0.038058918671963	0.58325349682535	346
-0.04462879567857	1.45774245573684	27
0.093902582421865	0.819319001113035	27
-0.12022671536439	1.08437424073632	2351
0.08190548355399	0.758726197916168	614
0.023267733019414	0.942264209003351	1020
-0.0251933957578501	0.924048060760864	1020
-0.0935264235129301	1.5532753814037	187
-0.00775933044481003	1.26698665834934	187
0.013621174792546	0.91206670217278	187
-0.09645075754467	1.42196644158382	795
0.083588583064036	0.764906760741489	168
-0.0464744906310901	0.428988757616558	67
-0.10193469180167	0.949805272627928	1455
0.037449024141709	0.612602824581026	1455
0.0982230252180259	0.810636469629091	83
0.033614851151743	0.612938485681252	83
-0.00329329124041999	0.510726010383714	83
-0.10624823730327	0.781936167426071	83
0.0301156155619871	0.59718089001736	900
-0.01576482140707	0.850424595393343	175
0.03201622178477	0.591744886924242	175
-0.0433980676132799	0.44647504020799	1598
0.00128967720362605	0.993809325523013	175
0.040877965288069	1.07489745883497	87
-0.01001530030894	0.875577619851423	87
0.00894455606317002	0.437350702229445	5017
0.00133510446151697	0.490255901465947	601
0.013294238595989	0.477557072989038	35
0.00650295193964501	0.516919190277734	75
-0.0583071317953801	0.85758544690967	27
-0.00020171299520011	0.970630974335117	168
-0.0137186798214299	0.917582264395987	326
0.030810467476228	1.02565813397342	937
-0.0947282895794801	1.40684708925849	83
0.054736270464952	0.678248395701314	210
0.088876625976215	0.841721004696162	23
-0.0433980676132799	0.44647504020799	23
-0.05774632429198	0.853940588912901	23
0.062332215630787	0.669936547169464	342
0.00406303554416698	0.95673565230344	23
-0.0494907784776699	0.435890454815377	342
-0.0251253567738701	0.925461999407812	342
0.00269959268012499	1.00721393124343	65
0.106914791225806	0.950573312801775	65
-0.10649890404876	0.758594678841909	1386
0.00989320472661803	0.513997136030586	1386
0.038373083346987	0.587771359065259	175
0.037748099295993	0.587301493415263	175
0.01065832214122	0.995765827480601	87
0.06853387412054	0.67407265081065	87
0.061627985200536	0.69830409915042	712
0.035825801518558	0.58889382751541	34
0.00892225986164197	0.502407069289994	5017
-0.0453311350324299	0.440452046038488	926
0.00389563710337704	0.51367246038528	926
-0.11187399751331	0.752040311336054	35
-0.04938876843792	0.445225820250445	247
0.060225951450973	1.15618078131311	187
0.021722149409746	1.02399162900243	3157
0.077790918747316	0.773068181908214	326
-0.00513405243906995	0.467357690211273	937
-0.07111772313826	1.11296121718824	83
-0.0442596687539101	0.423097140504412	83
-0.10434819553722	0.750326198791765	210
0.045721161935146	0.554165634693659	210
0.093172724314894	0.721919704856023	342
-0.05360956424369	0.822324959105216	971
-0.10710636173606	0.755960742779479	1157
0.099404785571829	0.819690312041281	298
0.057594891236345	0.669166927319403	298
-0.0578579656340901	0.868362942814535	1583
0.00610115503236997	0.521664477903687	1583
0.00820946581476401	0.978709020623394	175
0.0383786107291501	0.590906537522147	175
-0.10805511445349	0.752760153611237	175
-0.04243230844476	0.442292931729212	317
-0.05774632429198	0.853940588912901	87
-0.1074567770412	0.785164696365224	712
0.054327533414555	0.670808495306078	34
-0.0454357545055	0.433156322806163	5017
-0.0474335749722601	0.417860442772463	2683
0.032984886684108	0.614378163164001	926
0.00767574145826799	0.501723800458023	926
-0.00476581175792989	0.491743471991424	5547
-0.05045461324515	0.432727027587394	5547
-0.0454357545055	0.433156322806163	35
0.041883270936962	0.596828158740491	75
0.00575970002729898	0.520040244943026	247
0.00724593065857404	0.509545936419535	247
-0.04842602986207	0.44867035504741	247
-0.04544058137198	0.417592493711629	247
-0.04145354839253	0.429401569031903	763
-0.0475646445167299	0.422542066773274	411
-0.04640363250161	0.428229873657116	346
-0.04640120529454	0.428382015905654	346
-0.04136409890739	0.424665264099882	346
0.084061836354311	0.743188135084726	27
0.114362056128328	1.02733805037758	548
0.115496855606517	0.827284177092829	168
0.0547698387473	0.660913151609253	168
-0.00819473474114996	1.25013541250938	1455
-0.0432939638308401	0.427873668991277	83
0.058601248110791	0.693213689358337	83
-0.01806848625582	0.951781233029151	83
-0.04349566692495	0.428711682497803	4357
0.00197513677763295	0.527784975096114	3546
0.00478690005961402	0.503756185059023	185
0.064366507333912	0.668693109049607	1443
-0.0151728855142299	0.877361519730982	4056
0.096365553368743	0.765145041385228	185
0.113234904264283	0.845204149663832	23
-0.05581130723608	0.822245422184462	1157
0.0140218969803591	0.951288104751338	65
0.00501703982701296	0.471049362986392	65
0.058044190334502	0.685802783754939	65
0.074136961131993	0.754248609246556	298
-0.0109408731043401	0.877388829316031	298
-0.0624440171958201	0.843216851666672	175
0.060183168657535	0.698247076769362	175
0.04378265801677	0.574683275136836	175
-0.0384619192567	0.425008614563889	87
0.092187103572917	0.842513733527564	87
-0.04544058137198	0.417592493711629	34
-0.11031924022944	0.77572281644483	34
0.056916159523899	0.685708652979281	5017
-0.04243230844476	0.442292931729212	35
-0.1121390168569	0.773479854806723	926
0.00724593065857404	0.509545936419535	35
-0.0404913862182701	0.429986031003074	85
-0.0454357545055	0.433156322806163	85
-0.11591543611623	1.11285756682014	548
0.00540159992003797	0.993303331126466	548
0.120488771444193	0.936178871462893	187
0.113472844377069	0.961189934383475	795
-0.0879460924617199	1.37283945135697	795
0.071693926532914	0.632942030101986	3157
0.038373083346987	0.587771359065259	168
0.00319319166988197	1.00324971441775	168
-0.11698081608612	1.07926802092105	168
-0.01857987988784	0.874078204123657	168
-0.11742825382926	1.11709549249497	937
-0.04243230844476	0.442292931729212	83
-0.10659287769563	0.749498516270016	83
-0.04741531132753	0.761620052790888	185
-0.0495730630978699	0.4149080062341	3546
0.087894875981666	0.758820081775087	185
-0.11742825382926	1.11709549249497	2681
0.063785428419289	0.710545406657148	210
0.058475802538455	0.695129402768599	210
0.00767574145826799	0.501723800458023	210
0.110187457158088	0.906011058207649	65
0.098614040578644	0.85423791966916	1386
0.083321872274013	0.764739688844465	298
0.070791385832344	0.744310963721369	175
-0.11871398355371	1.07399561114127	175
0.02390725591274	1.05974472506165	175
0.028270637608255	1.06665085167863	175
0.00220379579866403	0.526527263663833	317
0.003908799730446	0.504338198541581	87
0.056762083691163	0.663322875368644	712
0.095590769890504	0.874955662365836	1004
-0.0423287740670699	0.428449042358836	34
0.010125351783785	0.498974421602091	35
0.00404240892321395	0.503339908750422	926
-0.05718569226113	0.845575464826567	5547
0.00450998713630302	0.98574851121086	187
0.072521491168399	0.758872498471383	168
-0.11863750593168	1.09301329097558	392
-0.0246641349818499	0.927348956226293	185
0.038059744089473	0.599220689975794	210
0.109482225758629	0.921235038468498	2171
-0.0547317299733201	0.820830274740921	175
0.00536624632521698	0.523323803017451	175
0.099013972410793	0.801979424456313	175
0.041254453786401	0.599674491276673	1
-0.00108649286156992	0.493016698253027	317
-0.04241622157411	0.424562607174006	34
0.0806050599563301	0.748770704205639	1004
-0.0464744906310901	0.428988757616558	1472
0.033934634041467	0.616913290371044	926
-0.03746168551681	0.403308488640235	922
-0.0514532501040501	0.413654857637334	922
-0.00329329124041999	0.510726010383714	75
-0.04136409890739	0.424665264099882	75
-0.0444683948150699	0.433758823456749	220
0.00575970002729898	0.520040244943026	247
-0.0443643429565399	0.445800704702982	85
-0.1134553726955	0.768635109973517	187
0.046322635088505	1.15181499428781	187
0.00970180605738003	0.944265881260533	187
0.106878405807551	0.88335426447237	3157
0.020512091198098	1.38663303629425	1561
0.092865128087008	0.841462186922988	168
0.099264663622929	0.886294157351147	326
-0.04710999123986	1.17382002188923	1455
0.0301156155619871	0.59718089001736	83
-0.10683944354736	0.754118171408412	1157
-0.0551849463520799	0.827493232279059	1386
0.058036856595645	0.677809789656514	2171
0.037111205998082	0.596886674385892	175
0.00404240892321395	0.503339908750422	175
-0.04243230844476	0.442292931729212	87
-0.0447355843383499	1.20378211690313	87
0.00938717017933699	0.495354476486572	87
-0.0404913862182701	0.429986031003074	35
0.045072803559765	0.554700285772151	4083
-0.0444683948150699	0.433758823456749	926
-0.0443643429565399	0.445800704702982	2584
-0.0443643429565399	0.445800704702982	85
-0.0443643429565399	0.445800704702982	3440
-0.0203739246190999	0.927631060829069	795
-0.0812122645639799	1.13668958236554	187
-0.12173932312991	1.07724888163417	187
-0.0226152573576099	0.910271224387448	187
-0.04136409890739	0.424665264099882	187
-0.00845219612753989	1.2423888953892	187
-0.11548315352386	1.01514808720992	326
-0.0520723233185401	0.837970222725997	392
0.124644350767531	1.14980127698683	161
-0.10428775180532	0.725720396507139	83
0.00660588465876	0.489175410841298	83
0.063911408650067	0.673049290590659	83
0.057488331391645	0.683973037611493	210
0.062638871096812	0.701130554535301	342
0.057451210754104	0.684509067848462	342
0.00220379579866403	0.526527263663833	1157
-0.04038355317258	0.428241517084643	1157
0.02885812692489	0.600573109989026	65
-0.11551935401086	1.06957447506309	65
0.103554946394262	0.835940682636894	175
0.000266411603936034	0.512528764904733	175
-0.1049432271887	0.746989386183657	175
-0.11444449252643	1.04102069732377	87
0.08350619154101	0.762442544855992	87
-0.10650609832428	0.781810867649974	1
0.034578363353301	0.57672113719477	712
0.04031804149638	0.585829080973	34
0.090238902227226	0.843068282868386	35
0.00650295193964501	0.516919190277734	35
-0.0494907784776699	0.435890454815377	4083
0.036166755721982	0.587809446079738	926
-0.0226152573576099	0.910271224387448	2882
-0.0442596687539101	0.423097140504412	1872
0.00673163236678998	0.517175184688351	1013
-0.04842602986207	0.44867035504741	411
-0.04650208354095	0.434292024849057	85
0.000495684112402972	0.526867747572164	85
-0.0385685927002399	0.414267050166112	85
-0.06171983128866	1.44504855119303	5560
-0.1116349128156	1.07617756852946	168
-0.00416920612991989	0.969298374304629	83
0.00275885159688605	0.987674451059682	83
-0.11475009222677	1.10060895300293	83
-0.10276324519887	0.759604525468119	83
0.100819146177843	0.835032874266242	1588
-0.0651964776667799	0.824080317272195	448
0.032466165217702	1.01931963363096	448
0.084256515260375	0.812342730067547	365
0.110409823775271	0.995537578859701	23
0.0336224938323561	0.604189874898662	1157
0.000317514718588985	0.989266765849556	175
-0.01990789121687	0.880261329396024	175
-0.11842138786967	1.1056025926624	175
-0.1221376781009	1.2997522612188	87
-0.0593847769709299	0.831082622586928	87
0.051970610048757	1.18050115315656	87
-0.0148971490124801	0.901133442611243	3533
-0.000476293951690021	0.968875013670667	712
-0.11466266660174	0.767215564744385	1004
0.089152981771538	0.85306091166421	34
-0.0425352281097999	0.417796316913952	35
-0.00499585628642008	0.490637515849951	654
-0.04544058137198	0.417592493711629	75
0.00553111674045503	0.500869651939237	247
-0.04640363250161	0.428229873657116	3149
-0.04842602986207	0.44867035504741	85
-0.04136409890739	0.424665264099882	85
-0.04640363250161	0.428229873657116	3440
-0.0433980676132799	0.44647504020799	1039
0.058695414666607	1.21447442552486	1561
0.03203576343756	0.593927142513373	2437
0.085980977035959	0.783650790737754	83
-0.11023852801059	0.7660076500325	83
-0.05308145949664	0.810109230617258	83
0.034244600467445	0.607391228022738	83
0.102007112596922	0.753586377229698	1588
0.075042155617435	0.754428776837913	23
-0.05627188564248	0.836933331227023	23
0.11087379355962	0.910800952362412	23
0.0570331415512541	0.689138017633733	1157
0.027262903779312	0.573696562802232	1157
0.034244600467445	0.607391228022738	1157
0.036797968262077	0.595015362806921	65
0.038380605128154	0.610531580886766	1386
-0.0583071317953801	0.85758544690967	298
0.000495684112402972	0.526867747572164	969
0.080445663320012	0.770922774434341	175
0.027907775411139	0.581425286325644	175
-0.0199804863200199	0.889484471362695	87
-0.0871384062184599	1.13378827910502	1
0.085913964294037	1.4194326111241	1
0.104022062946172	0.749411869676764	712
-0.0404913862182701	0.429986031003074	34
-0.0474638017453599	0.446251819108337	85
0.032354706923577	0.611931679071181	2076
-0.04650208354095	0.434292024849057	943
0.025854956304854	1.36516054693878	795
-0.11820687692573	1.51372414059096	326
-0.11179558267584	0.766478710900199	876
0.073201942014258	0.752047557867107	83
0.00146491155476503	0.52395959859642	83
0.040312609305835	0.572413975113226	139
0.091677654451658	0.841722822908926	23
0.0480880885489821	1.16425705288715	342
-0.05250194097672	0.846335602286151	1157
-0.0200473862963799	0.907549587223753	2171
0.038059744089473	0.599220689975794	298
-0.0594391093226701	0.861108210898373	175
0.051726492578168	0.669921789499445	175
-0.00255742764743006	0.511082458511344	1
0.063785428419289	0.710545406657148	87
0.00575970002729898	0.520040244943026	1
-0.02439692072095	0.877390829996663	1
-0.07378591383239	1.12961683961484	712
0.00706650816352095	0.506602529499069	1004
0.037428964337155	0.598748930615882	35
-0.00024444578496996	0.519580235074901	35
-0.10840684211209	0.761047476053682	1255
-0.00896096164591009	0.870013667460559	926
-0.04243230844476	0.442292931729212	2509
0.037428964337155	0.598748930615882	2509
0.038690307661141	0.59639782815755	75
0.02885812692489	0.600573109989026	75
-0.05035201801992	0.432991314592281	247
0.116792324513893	1.11038190202019	614
0.00536624632521698	0.523323803017451	795
0.028808842106101	1.0906039257259	5560
-0.1099653264308	1.56202215588723	5920
-0.0547547617042701	0.829283108610509	83
0.04252675298202	0.576890645055056	83
0.084518606361181	0.770724103178486	83
0.082754523740881	0.754314689484498	83
-0.0814714989279	1.16186433959073	1588
0.098745412454415	0.915072850536402	185
-0.0029077070291601	0.48111015414329	23
-0.0585224035845799	0.812196661338045	139
0.079526713609301	0.762331290024734	23
0.058601248110791	0.693213689358337	342
0.00673163236678998	0.517175184688351	65
0.034248856806387	0.600271686289094	2171
0.040907699227446	0.57751803968612	711
0.059489416364686	0.697910082909278	175
-0.00685700424019009	1.20348374249106	175
-0.11102749699509	1.0635956917352	175
-0.10336877920854	0.760871891692769	175
-0.11204194201194	0.761323031852508	1
0.00597978193811199	0.981858716023577	87
0.000725759274744053	0.516767991607716	1
0.072434253199818	0.740048543993651	1969
0.032995919146522	0.603731162763283	1969
0.085980977035959	0.783650790737754	712
0.0304374615010971	0.603384865564393	34
-0.000128876469950079	0.494203510437228	247
-0.0494907784776699	0.435890454815377	1770
0.00844401215262003	0.49444624929651	1770
-0.11906297290587	1.05525684304926	614
0.109690965059395	0.941097410435675	795
-0.04842602986207	0.44867035504741	1561
0.054312216513256	0.659734149409951	3157
-0.000429534763420003	1.56656287067532	5920
-0.0443643429565399	0.445800704702982	83
-0.0524107636909401	0.413403082615961	83
-0.0474638017453599	0.446251819108337	83
-0.04350155286969	0.429872929116567	83
-0.05045461324515	0.432727027587394	83
-0.10243096379619	1.39324959218975	448
-0.05094636908675	1.17535681042702	448
0.043818462845966	0.556765830686883	448
-0.0201833433265	0.919480311801577	23
0.094390036856528	0.870129100744059	23
-0.02083279237498	0.913637421788763	23
0.093886322820446	0.832372052409268	1157
0.025946904674038	1.02991661756649	1157
-0.0811130926250501	1.11721680734324	2171
-0.08109618967356	1.13412479583505	87
-0.04349566692495	0.428711682497803	1969
0.110409823775271	0.995537578859701	1969
0.00100697801016703	0.510959751285194	1969
-0.02388012236171	0.932563750069253	1969
0.008415164580301	0.509621036689629	712
-0.0629005536017999	0.807090901517894	35
0.07646502317566	0.773060336537632	1255
0.008768136282711	0.483875318620648	6019
0.036142767554287	0.601677947092876	582
-0.04134513400628	0.423430599953674	85
-0.00275090161630009	0.421436898267354	592
-0.12254934238553	2.1695785868767	297
0.110714537548531	1.02854400523922	614
-0.02671382690477	0.915587906425935	2112
0.05334867533821	1.17950274187709	392
-0.02697715144677	1.26045693927424	392
0.005935024247816	1.01639225832024	392
0.0386988558618731	0.565227067302917	876
0.00294241219737001	0.524856477976157	876
0.106571609481839	0.797796298755972	161
0.016084617275108	1.25363135172437	161
0.094898081534222	0.871027492866664	83
-0.0494907784776699	0.435890454815377	83
-0.04243230844476	0.442292931729212	83
-0.0526533011655099	1.18771765996708	83
0.00172542938198395	1.01794906038668	83
0.00544000789098198	1.02259827718671	23
0.034825575237119	1.02153651699653	1157
0.065369507185588	0.69983898092563	65
-0.01614792224287	0.881199480059442	65
-0.12076819358585	1.02191285987566	298
-0.0555742625436899	1.1883177161111	175
0.032995919146522	0.603731162763283	175
0.0810636378238671	0.767057831369903	175
0.0886432448979531	0.760268153750783	175
-0.05163220794746	0.832314832237037	87
-0.0222371529112899	1.23724400291396	87
-0.04646666414923	0.773460232491622	87
-0.12190311925037	1.06292024493288	87
-0.1134553726955	0.768635109973517	87
-0.11603936993774	1.06605336885779	87
0.048803729813518	1.06160117543541	34
-0.07340524347402	1.06855770500628	1004
-0.0474638017453599	0.446251819108337	926
0.00197513677763295	0.527784975096114	926
-0.04350155286969	0.429872929116567	35
-0.0394224817711899	0.428820497755674	1039
0.115930755627708	1.46665943223927	688
-0.11968878739523	1.35510039669425	5560
0.050265964517955	1.06090776362336	5560
-0.0208526024821301	1.39823336996711	392
0.00276134255239402	0.971781055960369	5920
0.105451937696858	0.922093384137028	139
-0.05056977253894	1.13148316245815	139
0.107348570000792	0.89158194411057	65
0.047624253526056	1.14708822442551	2171
0.00811836010939504	1.00210803429176	2171
0.00248449979885801	0.998008491305861	298
0.029180531260368	0.598184933881074	87
0.039452114326915	0.968011669155506	87
-0.0473623375497601	0.430582208132322	87
0.034574276000743	0.601756282991128	1969
0.0949446823014391	0.698834064365317	712
0.00273917174431204	0.971733016984899	34
-0.01805040705036	0.865843056433947	1255
-0.05652814830103	0.401057728146976	1255
0.054874538421578	0.686046046136122	6019
0.061611489642506	0.664447233261451	75
-0.0423287740670699	0.428449042358836	75
0.011600912664917	0.49651805060988	498
0.00918506065914604	0.487830828931151	498
-0.0494907784776699	0.435890454815377	1770
0.0106318221348251	0.51093753674394	85
-0.0444683948150699	0.433758823456749	85
0.00683580005155904	0.515283271365812	85
-0.04350155286969	0.429872929116567	85
0.096595329764639	0.905017625413739	795
-0.09457576721199	1.86567146622475	1629
-0.11695350046062	1.10458548986796	326
-0.1074567770412	0.785164696365224	392
0.050979047742857	1.10961616976714	392
0.124882952982085	1.24028458731735	392
0.012338292322375	0.489792476368873	83
0.037428964337155	0.598748930615882	83
0.076713784619421	0.767568910880521	83
-0.11248106959915	0.75137344551645	448
-0.0176061986982099	0.946002977270494	448
-0.07036450668896	1.4111629941433	23
0.10093675744567	0.83194412835654	1157
-0.0266452573029199	0.922939722817412	65
-0.11975370633701	1.06652367349144	65
0.097129506110914	0.856493091313158	2171
-0.10795976281127	1.05423309178273	298
0.087327195913811	0.773005873753146	87
-0.11931161340094	1.3221371771311	2175
-0.10997666171814	0.783170148459437	712
-0.03736976401774	1.23386908709742	34
-0.0557117030057399	0.833473624845843	34
0.000035768792242985	0.971288100491675	1255
-0.0557179222755799	0.848268726874163	926
-0.1031058527317	0.732316775795461	35
-0.05356821355632	0.418422773072408	411
0.024063090475003	2.33508621589266	297
0.081741753443459	1.99534275362086	297
0.116547896971039	0.976771992340725	1629
-0.05691993364153	1.17746423154795	1629
-0.10150561964256	0.729989651168586	1561
0.048337322912079	1.18519474976315	1629
0.041254453786401	0.599674491276673	392
-0.10308458139177	0.722953413474829	326
-0.0574137331151801	1.18681708924295	83
0.078300231403541	1.29524497022123	83
0.084723695185763	0.823940593379166	83
-0.12185823648382	1.05380929582424	83
0.0617654127876	0.689577468961068	83
0.0495984862268311	0.652638612199388	1537
0.00513490229487401	0.509680765352785	23
-0.109632116302	0.764113429733103	23
-0.02183115380055	0.953911772813362	1157
-0.10307676031183	1.793832072144	65
0.00844401215262003	0.49444624929651	65
0.044142500002015	0.563978903857764	175
-0.0245961800944301	0.919316563970498	87
0.09121275852577	0.846715789133293	1
-0.01384009020808	0.910691774947439	2175
0.0072901254687	0.926341446541878	34
-0.10456179212175	1.34449241476552	34
-0.04038355317258	0.428241517084643	34
-0.0282012473514199	1.23413249426957	34
0.106522628887814	0.916334113950237	34
-0.07742193476617	1.15091249251072	35
0.0945097245916801	0.832777081175979	411
0.00706650816352095	0.506602529499069	85
0.113828990619202	1.9943275616096	297
0.095371737243565	1.51398173022028	297
0.121380804432246	1.04116618894189	688
0.079494568449664	1.30687989196801	688
0.012788022288834	1.18306743030637	269
0.042838972029169	1.103869971152	5560
-0.11106157703122	0.758198472994469	2112
-0.05630808380897	0.818446666201196	2112
-0.01806848625582	0.951781233029151	83
0.103349338462161	0.805610083360543	83
-0.04243802063876	1.16526008664376	448
0.029194611989922	0.569211211654115	23
0.058931092407181	0.647244552304663	139
-0.10840684211209	0.761047476053682	23
0.0636681618874651	0.664619122643644	1157
0.0670793104922131	0.680105264403455	65
0.097356480809808	0.839249528335424	2171
0.031065606499158	0.599504126969321	298
0.090025449551391	0.73629799731487	175
0.077993800963484	0.773765153796929	175
0.00404240892321395	0.503339908750422	175
-0.11302123075981	0.739200624489263	87
0.0364974705783629	0.615161111056148	87
0.060194831726988	0.696942967280344	2175
-0.0475646445167299	0.422542066773274	2175
-0.10997666171814	0.783170148459437	1255
-0.0453311350324299	0.440452046038488	582
-0.10433663803721	0.741882678653013	247
0.00966184695480499	0.499515744482457	247
0.00770269257824596	0.497260263712666	359
-0.0404913862182701	0.429986031003074	407
0.123577828686142	2.07691596071176	297
0.028653674798276	1.9873576948742	688
-0.0767152426912101	1.75895679355705	269
0.124456289890844	1.21663744846465	269
-0.000438441660540079	1.63775140015298	269
-0.0165498507722901	0.943464412258379	392
-0.0451242208487099	1.35995627850982	876
0.032984886684108	0.614378163164001	2246
0.0849061277544671	0.790191540655413	2246
0.097900432238759	0.856205844557947	83
0.07351220793604	0.759147940372133	23
0.082167030584699	0.774359505108523	23
0.00590344161359402	0.978652009084601	23
-0.05049647127924	0.840344154951914	23
-0.05774632429198	0.853940588912901	65
0.056916159523899	0.685708652979281	65
0.097569642364431	0.843319518727553	65
-0.00367502333069991	0.962776060663466	65
-0.0529407846622401	0.798897166646986	65
-0.09929248758567	0.719444955240488	2171
-0.05908123002096	0.806626418525217	2171
-0.07615636155592	1.15614614569698	2171
0.076251167891557	0.772070013831473	87
-0.0589650670789501	0.791588850762019	712
-0.0444683948150699	0.433758823456749	712
-0.0588795705452101	0.864526168790027	6609
0.00329764313202097	0.499670633316748	34
0.057379195446184	0.632777062638811	1255
0.00673163236678998	0.517175184688351	152
-0.04541011657835	0.427842189003177	35
-0.00232873693392	0.50805193852294	2421
-0.0423287740670699	0.428449042358836	75
0.00926449927594297	0.484898937344379	3021
0.032675036530646	0.607875856809657	3021
-0.0474638017453599	0.446251819108337	247
-0.0443643429565399	0.445800704702982	5314
0.0137943524824991	0.475696020725814	407
-0.04145354839253	0.429401569031903	4111
-0.04350155286969	0.429872929116567	671
-0.0433980676132799	0.44647504020799	671
-0.0275315691315901	1.57874733962903	269
0.038873488388291	1.3985818164253	1629
-0.0474638017453599	0.446251819108337	3039
0.10014010151419	0.850932594094638	392
0.117964821098475	1.0748689371478	392
-0.0588052100898799	1.16930571627094	161
0.00747391857737001	0.514089350246445	83
0.030892062538445	1.04397654032622	448
-0.0442837750979199	0.73967590258835	23
0.0396864581289	0.570397885345652	23
-0.02136201217169	0.921449677971682	23
0.041139425060804	1.09057337142414	1157
0.096380995225738	0.858480102348473	23
0.0648462910847299	1.10871003688008	1157
-0.00101252395995011	1.59041873018689	23
-0.10181420852646	0.756456426196527	40
0.113720244875141	0.868941495028208	175
0.057539413342497	1.18985475412507	87
0.104280855358121	0.893983450978051	1
-0.0452258893921	0.411133831471644	3532
0.038059744089473	0.599220689975794	3532
-0.02926537862793	1.25723684013212	1
0.116112195675724	0.916950233528254	1004
0.108034420905608	0.923831454476941	1004
0.00673163236678998	0.517175184688351	34
0.084368465060654	0.78741509452514	1255
-0.02083892194593	0.949201925571103	1255
-0.10868201468722	0.739311710086396	152
-0.04145354839253	0.429401569031903	582
0.0383786107291501	0.590906537522147	582
-0.04350155286969	0.429872929116567	35
-0.04145354839253	0.429401569031903	75
0.033614851151743	0.612938485681252	3021
0.00427237583115303	0.515543120569999	247
0.00123554490252298	0.529473029392655	5314
0.0402688502529061	0.582409531042717	359
-0.04136409890739	0.424665264099882	407
-0.0433980676132799	0.44647504020799	2163
0.023392020570407	1.06946305589394	795
0.115022759487559	1.17138971368945	1629
0.061629210335195	1.21939488553194	2112
0.105257276160569	0.90053909260702	161
0.111129374467415	0.915092872816119	6751
0.110334104909839	0.902563357027261	23
0.080708459923006	0.793619192967202	825
-0.0813187720370501	1.16026787543068	825
0.024111703583534	1.04088802055768	65
-0.07139791981376	1.08561275354818	65
0.00490995099734704	0.992266186572095	298
0.097938859968394	0.81244144744868	298
0.078985524294197	0.770135142328169	298
-0.0253373437234099	0.849529576978236	175
0.116237978901694	0.882432371890351	2175
0.022043626546335	1.0587605560091	2175
-0.0191256021624699	0.945016632229763	34
-0.10362996051429	0.748471178792662	34
0.00823187427677996	0.949684150734871	152
0.060617390106651	0.696079776374805	582
-0.04350155286969	0.429872929116567	4534
-0.0181230380886399	0.889737580794619	2496
0.123386689047466	1.01634427715384	392
0.119639709515467	0.93961352436706	183
-0.0578507502175001	0.852353885645522	1142
-0.04243230844476	0.442292931729212	2
-0.05251019161795	0.429734791833162	2
-0.11601883777992	0.706167141743742	23
0.107663386762102	0.986786412449311	175
-0.0433980676132799	0.44647504020799	1381
-0.05988433932516	0.848505217835184	87
0.078167170057146	0.757827588908052	87
0.00271445992973596	0.521265643213589	87
0.059076876147047	0.669160286117387	1
0.00197513677763295	0.527784975096114	1
-0.00425874281861005	0.495431975075731	1
0.060062289467388	0.702906764985437	2175
0.041254453786401	0.599674491276673	35
0.00915431893902496	0.51354011901363	152
-0.05035201801992	0.432991314592281	75
-0.0442596687539101	0.423097140504412	2121
-0.0445578371161801	0.429867191818012	2121
-0.04640120529454	0.428382015905654	2121
-0.04445264019477	0.430927724065131	2355
-0.0432939638308401	0.427873668991277	671
0.049263009682861	1.49965458546426	269
-0.02083279237498	0.913637421788763	269
0.083447273603011	1.36178791570481	269
0.044553425199099	1.11599600860881	1629
-0.05785907103476	1.33979802697177	392
0.094924121601268	0.835339683755825	161
0.0741134607484421	0.758660594582415	1142
-0.00329329124041999	0.510726010383714	448
-0.10589164279445	0.757342887047417	23
0.065809371879639	0.673882488474114	23
0.12103876048173	1.02726854322091	23
0.071069186371985	1.17811042994481	23
0.053466849502527	1.17095311932141	65
0.0257693333393481	1.03032065246219	65
-0.000128876469950079	0.494203510437228	298
-0.02506019291651	0.942106671344998	298
-0.0474638017453599	0.446251819108337	40
0.102196681798981	0.907932233110272	175
0.0801710263222311	0.792832563043884	175
0.103377204569665	0.951620840549824	87
0.082319810878528	0.76837746323495	87
0.039366714469288	0.588168639197439	1
-0.0311762184014099	0.88609967525459	6886
-0.11107583201939	1.03438869160404	34
0.0415757759140351	0.596758477825843	671
0.082775831505203	1.26041157590277	5909
0.025683342103361	0.578198916304411	2496
0.0743025877461711	1.20431203842563	2496
0.040312609305835	0.572413975113226	876
0.014762416420408	0.47529941241316	161
-0.08875504135612	1.11930087617596	23
-0.0689639602815699	1.09896980605969	23
0.100714840571852	0.903016131164299	825
0.00954034137794402	1.26896802918706	65
-0.0546385101042199	0.865545342371948	298
-0.00142228081691997	1.33949489763083	175
-0.0750133024729101	1.09397706535644	1
-0.04136409890739	0.424665264099882	87
0.00157372035511905	0.505438985948541	87
-0.09894479484442	0.699889630622942	2029
0.0696670966613801	0.668003029879594	2752
-0.00143229636933007	0.984664096019273	6886
-0.00425874281861005	0.495431975075731	34
0.102196681798981	0.907932233110272	35
0.105731198184317	0.896072953508641	152
-0.04243230844476	0.442292931729212	75
-0.0489202768077399	0.824274092865365	75
0.086179857487469	0.72211612016012	75
0.064223957962439	0.698587107261393	75
-0.0394224817711899	0.428820497755674	928
-0.04145354839253	0.429401569031903	671
-0.04938876843792	0.445225820250445	112
-0.04842602986207	0.44867035504741	2163
-0.00655493535432994	2.06084172300553	269
-0.12337754343476	1.36221150386309	269
0.065490925583823	0.66383225858108	2496
0.0106318221348251	0.51093753674394	876
-0.12015307374723	1.03559503378562	23
0.032044265166288	0.587059014910198	448
0.0425952127974349	1.07935105316953	23
0.040133944815776	1.12707092447391	6033
-0.00804594445278006	0.472790256715632	23
-0.0474638017453599	0.446251819108337	298
0.0106318221348251	0.51093753674394	298
-0.04852745575138	0.433634927743835	87
0.00673163236678998	0.517175184688351	87
-0.10683944354736	0.754118171408412	712
-0.10910703243872	0.751599452030883	1004
0.0333049427850261	0.614432452222438	34
0.00770269257824596	0.497260263712666	34
-0.0619858834895599	0.852837268351295	34
-0.05035201801992	0.432991314592281	152
-0.0495730630978699	0.4149080062341	75
-0.05886811487236	0.856710490235098	75
0.0931328115685091	0.848093938117233	75
0.075636013040947	0.74507585429869	928
0.00650295193964501	0.516919190277734	411
-0.04640363250161	0.428229873657116	984
-0.10553028939456	0.729880093537928	984
0.00989320472661803	0.513997136030586	671
-0.0473324789941201	1.41090588661271	27
0.112951723511886	1.02035211538323	795
-0.0839666986784799	1.63834155309142	269
-0.0641388318756699	0.811998030627654	1629
0.033801838940748	1.09865110619142	183
-0.0160866797153101	0.92881645618156	23
-0.00159385871586992	0.508400245228127	6033
0.000309079280612967	0.954107294765859	6033
-0.0161329081160899	1.28235524122141	23
-0.01343487446328	1.15786236278631	65
0.00972855932305605	0.936314717033385	65
-0.01384009020808	0.910691774947439	211
0.037117371830672	0.58033133497196	298
0.00463107374425698	0.520787378781233	40
-0.05049578829599	1.17333003340192	175
0.010174895857088	0.932348941179662	6886
0.055310767325339	0.687415741001475	6886
0.054345714628284	0.657410114111871	152
0.0383786107291501	0.590906537522147	793
0.095081321510884	0.891566964755038	75
-0.0432939638308401	0.427873668991277	359
-0.0551849463520799	0.827493232279059	671
-0.0433794063116699	0.412450666083172	671
-0.04852745575138	0.433634927743835	112
0.102223111565467	0.914723062658202	161
-0.0365047538376599	0.403762808866673	876
-0.04243230844476	0.442292931729212	876
-0.0404913862182701	0.429986031003074	496
0.00633257992448399	0.5081612900386	23
-0.1074567770412	0.785164696365224	6033
-0.0583071317953801	0.85758544690967	825
0.090025449551391	0.73629799731487	40
-0.00024444578496996	0.519580235074901	40
-0.0432939638308401	0.427873668991277	3882
-0.05251019161795	0.429734791833162	87
0.039958693105826	0.568843526862525	1
0.0422043216657551	0.597227396370121	712
-0.0578579656340901	0.868362942814535	75
0.0650673429548581	0.675439593460258	441
-0.0404913862182701	0.429986031003074	671
0.00123554490252298	0.529473029392655	671
-0.04445264019477	0.430927724065131	11
-0.12085131984964	1.50230513404787	795
0.033614851151743	0.612938485681252	269
0.0106419579547991	1.37846269818774	443
-0.01186039177747	1.21645750744753	392
-0.10391058809796	0.736154597670788	3138
-0.0423287740670699	0.428449042358836	161
-0.0384619192567	0.425008614563889	874
-0.05748084880232	0.406971590654532	83
0.00174727462465096	0.504959742668425	23
-0.05700811486296	1.17395090186277	2576
0.035825801518558	0.58889382751541	298
0.044669470792535	1.11921298450231	705
0.00524624276802499	0.512743170789752	1299
0.00915431893902496	0.51354011901363	712
0.032340303149639	0.57293179608006	34
-0.05107372705151	0.833113388281724	34
0.00915431893902496	0.51354011901363	2695
0.056789119152702	0.667125854000323	582
0.00915431893902496	0.51354011901363	469
-0.04243230844476	0.442292931729212	928
0.00724593065857404	0.509545936419535	671
-0.08807468250314	1.82298158311221	688
0.039519540230583	1.47497897870938	688
0.049080595123052	1.79048168824421	269
0.00536624632521698	0.523323803017451	876
0.093886322820446	0.832372052409268	23
-0.01713584247592	0.890133994371564	23
0.077867026170486	0.761684504311655	23
0.000495684112402972	0.526867747572164	23
0.026357140977223	1.0523808041456	23
0.105451937696858	0.922093384137028	65
0.065236823805624	0.671582877808277	211
0.101283164499347	0.930554005618917	803
-0.11848250147306	1.25679340212463	1994
-0.0174424282950001	1.3740672302559	705
-0.10155276137017	0.744456388933042	291
0.00780017378261599	0.500662614108395	1
-0.10589164279445	0.757342887047417	182
0.0839050479793561	0.794111514000436	34
-0.01963929738633	0.879597299324965	2442
0.031336904786246	1.05047660860839	152
-0.0137723076123599	0.908985480954394	75
-0.0557581180042399	0.868405173627104	1326
0.033029767816299	1.02140854771678	469
-0.11153222916333	0.778873184687404	671
-0.10842163467365	0.76817921303729	671
-0.05035201801992	0.432991314592281	112
0.0849804765891981	0.787510329548813	269
-0.05886811487236	0.856710490235098	795
0.00478690005961402	0.503756185059023	795
0.060757403849562	0.692986431409001	269
0.113962126631794	1.08852025558322	443
-0.12416387705831	1.53305086116394	3138
-0.0856901757833901	1.11392806406946	3138
-0.0454357545055	0.433156322806163	161
0.00271445992973596	0.521265643213589	1033
-0.04136409890739	0.424665264099882	83
-0.0474638017453599	0.446251819108337	496
-0.0240671599581801	0.908169885164682	23
-0.00352189480810994	0.495739708789825	2
-0.10241926466834	0.757715784252609	23
-0.11226881976498	1.03781290883263	2576
0.055448983154036	0.686610363945481	139
0.056896767220335	0.688804581087928	825
0.01137017135527	0.503721354612043	803
-0.0444683948150699	0.433758823456749	3882
-0.10997666171814	0.783170148459437	1994
0.00595729700979697	0.962131030057291	175
-0.03626083916268	1.26202176536455	1
0.115262661893457	0.982668862914286	1
-0.11368403925957	0.756674545649209	75
-0.0452258893921	0.411133831471644	1326
-0.10649890404876	0.758594678841909	314
-0.04243230844476	0.442292931729212	671
-0.0455159115247701	0.432093044759573	671
-0.0443643429565399	0.445800704702982	112
0.030810497720165	1.97261046557302	269
0.099615383818586	1.35714454102023	269
0.102629570685371	0.804118835121379	269
0.00388301744633202	1.30023714930359	5909
-0.0783635072490201	1.16516530164269	2112
0.0656741093583459	1.22715380438707	392
0.08346525358281	1.20548351535666	392
0.037328754679174	1.09450397759079	161
0.027599782503736	0.586306605870557	161
0.0533134086125861	0.6739514494197	161
0.0333049427850261	0.614432452222438	161
-0.00232873693392	0.50805193852294	1033
0.092560002583398	0.815654461483271	1033
0.05760689454846	0.680994071181348	1033
-0.0932401828744	1.31742410300543	183
-0.05356821355632	0.418422773072408	496
-0.1062319032332	0.748910868308239	23
-0.02089904529272	1.23874212763075	23
-0.11308063315024	0.759786505656415	803
0.029216605379586	1.06748308097508	705
-0.1055500122466	0.748210538804692	87
-0.04852745575138	0.433634927743835	1438
0.033614851151743	0.612938485681252	87
-0.0588513450711401	0.823765302601139	1
0.068521326129399	0.676880797243675	288
-0.10434819553722	0.750326198791765	34
-0.0464133249740699	0.390990648312404	359
0.037774046157526	0.585580162286054	502
-0.0474638017453599	0.446251819108337	80
0.00292644260941499	0.502220079873968	671
0.00368076094158598	0.518415662074474	112
-0.0117518943015	2.29876059962151	269
-0.0487371110333401	1.81659527865362	269
0.111761557857746	0.988512367041689	269
-0.1050404708554	0.757166531154902	1561
-0.0183200257507801	1.26080228004565	443
-0.04061924637908	1.22169442314237	3138
-0.01042390858333	0.868638055657433	3138
-0.09230017833849	1.40071083708646	392
-0.11207942881566	1.28849488086946	183
0.0168730222399029	1.02725922008786	183
-0.11835827995799	0.741468885051124	496
-0.0783852475654601	1.17536001035569	23
-0.0143082809153401	0.903038380648463	23
0.00989320472661803	0.513997136030586	1100
0.038059744089473	0.599220689975794	23
-0.0319477658485601	1.20080580598485	23
0.094390036856528	0.870129100744059	65
-0.01910950997179	0.878624178639557	65
-0.10781639265484	0.759392921367675	705
-0.07820884283642	1.14813718992718	705
0.100379388806016	0.820031305341471	705
-0.0495730630978699	0.4149080062341	1438
-0.00024444578496996	0.519580235074901	1251
-0.10683944354736	0.754118171408412	1251
0.034885006064964	0.608532993502877	34
-0.0655608979889899	0.822863462503262	34
0.00726109238985995	0.945655896171296	152
-0.04842602986207	0.44867035504741	5974
0.0351933721219549	0.6098449656254	411
0.00650295193964501	0.516919190277734	359
0.037111205998082	0.596886674385892	359
-0.04241622157411	0.424562607174006	11
-0.0432939638308401	0.427873668991277	11
0.00610115503236997	0.521664477903687	515
0.00273297078115697	2.14878936959312	269
0.060183168657535	0.698247076769362	269
0.05251542096883	1.15297641151931	421
-0.05260899115364	0.409809590248187	1033
-0.0433980676132799	0.44647504020799	5043
0.0332981916589959	0.583809045528837	570
0.06435842903529	0.709189783039237	496
-0.10961712136297	0.746193913524754	496
-0.04842602986207	0.44867035504741	23
0.0396548747480741	0.592439797185939	23
0.092976223945978	0.835927862141894	23
-0.05473920561919	0.872302526191695	23
-0.0223499204589499	0.909336398576918	825
-0.0246641349818499	0.927348956226293	65
0.00220379579866403	0.526527263663833	705
0.00478690005961402	0.503756185059023	87
0.000495684112402972	0.526867747572164	1251
0.062761823354119	0.675201006324962	1251
0.022475220046044	0.524807004151854	1004
0.040638681492113	0.581504175006857	1693
0.0333049427850261	0.614432452222438	34
-0.10609314337515	1.01439278626101	152
-0.04842602986207	0.44867035504741	152
-0.01568816466191	0.863400935626154	152
-0.0708130708950101	1.09172117643389	469
0.082105731338092	0.733753120084741	469
-0.0474638017453599	0.446251819108337	2652
0.032984886684108	0.614378163164001	11
-0.05346881310061	0.429427774421712	235
0.103621415778674	2.12930784277258	688
0.115869403507155	1.54088144408198	269
-0.0721121852878901	1.36724802415246	269
0.048931723774128	1.08821935873885	443
0.108600088215991	0.994547465088137	392
-0.0494907784776699	0.435890454815377	1033
-0.04640363250161	0.428229873657116	570
0.00673163236678998	0.517175184688351	83
0.047599428841732	0.546743576746832	1100
0.108585211094999	0.900410496417229	23
-0.01007601194291	1.25387827477694	1508
-0.07884517949558	1.15862880344597	1508
0.055885078051747	0.692164297829939	23
0.018529050056203	1.04621410885821	825
-0.06422562563949	0.822035049013941	803
-0.11536584227386	0.740431235890235	298
0.068521326129399	0.676880797243675	1
0.032643661126213	0.583053026728356	1
0.036464502237861	0.583234111358566	34
-0.1068524104524	0.785954285689314	34
0.00368076094158598	0.518415662074474	152
-0.11466266660174	0.767215564744385	831
0.00220379579866403	0.526527263663833	582
-0.0433980676132799	0.44647504020799	469
-0.0453311350324299	0.440452046038488	928
-0.0444683948150699	0.433758823456749	411
-0.04146706489408	0.429278291239433	1223
0.00108518828565896	0.486618940528135	2471
0.0106318221348251	0.51093753674394	2471
-0.0750728917443999	1.89179003199624	269
0.123773193132928	1.26865109058144	2112
-0.07810337036029	1.13720986415581	392
-0.04145354839253	0.429401569031903	114
0.045699654678836	0.54928919302918	183
0.00342816424663905	0.990988752970224	570
-0.0404913862182701	0.429986031003074	570
-0.08652282294462	1.15150936426646	23
0.061779800286745	0.691228394070636	1100
0.031388569652256	0.595511586262737	4854
-0.11393347321398	1.01068841739905	23
0.040312609305835	0.572413975113226	825
-0.10565586288107	0.713003909298253	803
-0.04852745575138	0.433634927743835	211
-0.0756508622611101	1.14933139249199	2486
0.079330795635067	0.761844589869357	1198
0.00747391857737001	0.514089350246445	1438
0.00587052576133296	0.50367174171513	1438
0.0670793104922131	0.680105264403455	1
0.038059744089473	0.599220689975794	1004
-0.0455159115247701	0.432093044759573	152
0.00146491155476503	0.52395959859642	469
0.00197513677763295	0.527784975096114	5974
0.00892225986164197	0.502407069289994	2394
-0.0474638017453599	0.446251819108337	11
0.066712155760672	1.8960676341513	269
0.082471992557022	1.42557494307118	269
-0.00259926271383004	1.21612370266238	421
0.098151267851597	0.82293472744158	392
0.00197513677763295	0.527784975096114	114
0.114441860872594	0.87440430674037	183
-0.04349566692495	0.428711682497803	570
0.066365798303183	0.681053059319385	23
-0.0510563851974599	0.841506527765671	432
-0.0614254159833101	0.8512575739106	139
0.031065606499158	0.599504126969321	4854
-0.0625465260596001	0.849565396810395	825
0.00821593265742504	0.506804095237926	211
0.010389805362178	0.941866794403687	705
0.041670387415498	1.08451887767795	1
0.00427237583115303	0.515543120569999	802
0.059048997300992	0.70006021145959	1004
-0.04650208354095	0.434292024849057	307
-0.11466266660174	0.767215564744385	152
-0.04445264019477	0.430927724065131	1418
0.00146491155476503	0.52395959859642	152
0.0333049427850261	0.614432452222438	75
-0.05045461324515	0.432727027587394	582
-0.05045461324515	0.432727027587394	80
-0.04136409890739	0.424665264099882	11
-0.04350155286969	0.429872929116567	11
0.026731564991645	2.13825050810719	269
-0.11247743377147	0.758025631917112	443
0.060757403849562	0.692986431409001	681
-0.0139068692397699	0.884883771101366	392
-0.01806848625582	0.951781233029151	83
0.037125395262032	0.617666119824078	83
0.037774046157526	0.585580162286054	23
0.097318859568953	0.811195419863015	23
0.098941820341538	0.816890242713701	4854
0.087644284521641	0.763898511494965	23
0.029829541579344	0.542811459915257	23
0.052165977748189	0.672920996800342	804
0.089105348591608	0.74607681269718	65
0.034564110440276	0.615458717111082	804
0.037125395262032	0.617666119824078	211
0.064774858070483	0.660207821912437	705
0.063767770222266	0.671972124461222	705
0.043140262147111	0.579503113085236	705
0.0291881526712769	1.05994003270744	1198
0.00616422806289396	0.947872266908556	1438
-0.0127836566184001	0.904669439659551	1
-0.05795319615325	0.84489152043724	1251
-0.0423287740670699	0.428449042358836	802
-0.0433980676132799	0.44647504020799	288
0.032984886684108	0.614378163164001	288
0.037125395262032	0.617666119824078	152
0.060043099418955	0.693581016154905	152
0.00780017378261599	0.500662614108395	152
-0.0384619192567	0.425008614563889	152
-0.05045461324515	0.432727027587394	152
-0.0473623375497601	0.430582208132322	582
0.07041525503053	1.95132446844721	269
-0.00853979908716007	1.19665631186317	5909
0.010354057942433	0.989505033886112	443
0.031065606499158	0.599504126969321	392
0.0851166944223381	0.764507800419289	392
0.066377234293732	0.675605470123754	392
-0.11181521528605	0.750120955502934	161
-0.06621990244593	0.828055642516191	6277
0.0333049427850261	0.614432452222438	432
-0.01748084979041	0.92201797451234	23
0.066073525242546	0.659150720632637	23
-0.10620967841315	0.93875291128662	4854
-0.0615261490753001	0.845322435873891	23
0.040947015904264	0.593029045553984	298
-0.0443643429565399	0.445800704702982	705
-0.05161647415642	0.838717814848235	1
0.0980674151682041	0.794016522360933	1438
0.077790918747316	0.773068181908214	2819
-0.11031924022944	0.77572281644483	1
0.033948196401236	0.60130431751029	1
0.081711397702475	0.789737615962777	1
-0.0683541268233001	0.803314375278996	802
0.00169507928660895	0.497117398035405	802
0.00100697801016703	0.510959751285194	802
-0.04146706489408	0.429278291239433	1004
-0.000631192590289986	0.489631195802036	582
0.00536624632521698	0.523323803017451	582
-0.04640363250161	0.428229873657116	121
-0.1114391766148	0.769902997779985	928
0.00915431893902496	0.51354011901363	1543
-0.00419048909307995	1.58068301686622	269
-0.12443177917701	1.58457482991677	269
0.066048316155675	1.55301245401853	269
-0.11319183097073	1.11241731590193	2818
0.068721694269435	0.738351473451239	421
0.00575970002729898	0.520040244943026	392
0.0665096837785361	0.659118531721968	2935
0.078329246981919	0.769655508449523	114
-0.0625465260596001	0.849565396810395	114
-0.10876502292248	0.770125167680193	183
0.08882674195615	0.758241206879364	23
0.041563597765096	0.574396607450424	3017
0.062201675330138	0.704960497736425	23
-0.10181420852646	0.756456426196527	23
0.000842851166075964	0.505098527889264	23
0.00536624632521698	0.523323803017451	65
0.00575970002729898	0.520040244943026	211
-0.10276324519887	0.759604525468119	298
0.00575970002729898	0.520040244943026	645
0.034564110440276	0.615458717111082	705
-0.10624823730327	0.781936167426071	1
-0.05453611910499	0.815133280765874	5769
-0.04544058137198	0.417592493711629	2819
-0.11677568282818	0.739712692967063	1251
0.060757403849562	0.692986431409001	1251
0.031405095616872	0.591715779410707	1
-0.0425352281097999	0.417796316913952	1254
-0.0453311350324299	0.440452046038488	2157
-0.0514532501040501	0.413654857637334	1016
-0.1060371740256	0.729272647571577	152
-0.0443643429565399	0.445800704702982	582
0.0355139939507469	0.607116606721464	582
-0.04243230844476	0.442292931729212	1153
0.00501617472378002	0.519562639486116	359
-0.0454357545055	0.433156322806163	359
-0.05718569226113	0.845575464826567	6734
0.124348591335587	1.15283119215119	688
0.061053206272794	0.680954212149789	269
-0.05161647415642	0.838717814848235	269
0.020327060700509	1.38249812362833	1210
0.00673163236678998	0.517175184688351	421
-0.0432939638308401	0.427873668991277	392
0.034244600467445	0.607391228022738	392
-0.04350155286969	0.429872929116567	392
-0.0538799202828999	1.50047045868803	161
-0.0566183076457101	1.34207085020462	392
-0.0850844873068199	1.15538030547442	2935
-0.02182047419352	0.901781231240852	2654
-0.0423287740670699	0.428449042358836	23
-0.0444683948150699	0.433758823456749	23
-0.04243230844476	0.442292931729212	804
-0.08011416654509	1.08640351679241	825
-0.04146706489408	0.429278291239433	65
-0.0635657576270901	0.841584957630023	2262
0.039366714469288	0.588168639197439	298
0.00598907382920899	0.516707923678894	298
0.0396864581289	0.570397885345652	1
0.0855179526976561	0.777817903408782	1
0.037111205998082	0.596886674385892	2819
-0.04243230844476	0.442292931729212	288
-0.1114391766148	0.769902997779985	1004
0.124665349220419	1.23578259678406	307
-0.0432939638308401	0.427873668991277	152
-0.0443643429565399	0.445800704702982	582
-0.0464744906310901	0.428988757616558	928
0.104472722819383	0.921556384531264	359
0.033852525173229	1.04565195426385	184
0.0383786107291501	0.590906537522147	235
0.046147622568499	2.23988678668032	688
-0.05105931743027	2.1987437597192	688
-0.02717423626367	0.911464928115847	2939
0.067437835140852	1.19069405151615	1210
0.034885006064964	0.608532993502877	392
0.00757018156866796	0.499894760531006	392
0.015477068283076	0.942313663040588	392
-0.11219643399728	0.719150905283638	392
0.033948196401236	0.60130431751029	23
0.107879120471689	0.744049033393287	23
-0.04360026686825	0.418948345293282	23
0.091143648986514	0.864367592153983	23
0.00294241219737001	0.524856477976157	804
-0.0494108566103699	1.19883289182078	825
0.010125351783785	0.498974421602091	3426
0.050667140351613	1.16482451807315	65
-0.11092563699392	0.779636180888701	211
-0.11204194201194	0.761323031852508	211
0.073135265396823	0.745217081984663	259
0.038690307661141	0.59639782815755	298
0.061191494525398	0.694785896524665	2706
0.003908799730446	0.504338198541581	1198
-0.00329329124041999	0.510726010383714	1198
0.00100697801016703	0.510959751285194	5769
0.00349490950772902	1.0077393608601	5769
-0.02254443875332	0.915859978704323	1
-0.0604056699023201	0.846988371274188	1251
-0.06030500576006	0.832618335833871	1251
0.037449024141709	0.612602824581026	1004
-0.11153222916333	0.778873184687404	34
0.098684452706122	0.806075505437286	1016
-0.00513405243906995	0.467357690211273	152
-0.11923377018758	1.07280255852396	152
0.058044190334502	0.685802783754939	582
0.040625422085209	0.599198553208337	582
-0.04640120529454	0.428382015905654	928
-0.04145354839253	0.429401569031903	80
-0.00121553135718999	0.503499544965371	11
0.110195611594055	0.966145126027972	2939
-0.00441402098954002	0.986233000640248	443
-0.05107372705151	0.833113388281724	681
-0.11083661728542	0.773183051980988	161
-0.0546385101042199	0.865545342371948	392
0.037753106732376	0.616198039999054	2935
-0.1052845778529	0.752073309366968	23
0.035531544585078	0.577374611026435	23
0.00427237583115303	0.515543120569999	3426
0.063193011531364	0.66828165679019	65
-0.04038355317258	0.428241517084643	705
-0.04842602986207	0.44867035504741	225
0.038690307661141	0.59639782815755	225
-0.10971303875073	0.766753235580338	309
0.00478690005961402	0.503756185059023	1251
-0.0433794063116699	0.412450666083172	1797
0.037748099295993	0.587301493415263	802
-0.04640363250161	0.428229873657116	307
0.033948196401236	0.60130431751029	307
-0.04541011657835	0.427842189003177	582
-0.0433980676132799	0.44647504020799	928
-0.0404913862182701	0.429986031003074	184
0.042052517441188	2.03547908912403	269
-0.0403199639207099	1.14606202850667	269
0.083176890211845	0.831531048611487	2939
0.027352743050147	1.05560411666676	443
-0.10433663803721	0.741882678653013	681
-0.0784704416594899	1.12837488609462	392
-0.11066044066471	0.740245947605734	392
-0.04852745575138	0.433634927743835	114
-0.0535196004803	0.842756295992226	183
-0.02136711645477	0.945652569321054	183
-0.04640120529454	0.428382015905654	23
-0.10767307289073	0.734346688181136	227
0.032995919146522	0.603731162763283	23
0.015771579231576	0.986330403336278	23
0.064931244436506	0.703680819270732	427
-0.0546236419292201	0.826373869157705	804
-0.0495730630978699	0.4149080062341	804
-0.10589164279445	0.757342887047417	2262
0.063785428419289	0.710545406657148	705
0.010125351783785	0.498974421602091	705
0.0912588711315	0.83268005779125	1198
0.00271445992973596	0.521265643213589	225
0.00633257992448399	0.5081612900386	225
-0.0572989173926699	0.866712802909199	225
0.034574276000743	0.601756282991128	1251
-0.10683944354736	0.754118171408412	1251
0.00744227715221701	0.498324286424817	1251
0.00536624632521698	0.523323803017451	1141
-0.00136508447476991	0.489340365771142	152
-0.0423287740670699	0.428449042358836	582
0.00146491155476503	0.52395959859642	582
-0.0423287740670699	0.428449042358836	839
-0.04349566692495	0.428711682497803	3508
-0.0240671599581801	0.908169885164682	269
0.00966184695480499	0.499515744482457	2939
0.029486978146907	0.601018076473175	2939
-0.05049647127924	0.840344154951914	2939
-0.04350155286969	0.429872929116567	392
-0.0433980676132799	0.44647504020799	1421
-0.0432939638308401	0.427873668991277	3426
0.0355139939507469	0.607116606721464	65
-0.03952973450319	0.426155787261663	1
-0.00402941921510003	0.505501444134074	1
-0.09910836798918	0.675934909953788	1
0.040305208155718	0.58306290111589	1
0.00706650816352095	0.506602529499069	309
0.06491672713547	0.669835700278449	1251
-0.10805153576245	0.747349406956169	1
-0.0445578371161801	0.429867191818012	802
-0.04350155286969	0.429872929116567	307
0.00146491155476503	0.52395959859642	36
-0.04640363250161	0.428229873657116	839
-0.00182182824985011	0.50649437666673	80
-0.05346881310061	0.429427774421712	3508
0.035263444765141	1.12246939266362	269
0.0627751797757991	0.707592424647626	443
0.026220395861757	1.00959526416134	392
0.00501617472378002	0.519562639486116	23
-0.0385685927002399	0.414267050166112	227
0.008768136282711	0.483875318620648	23
-0.04848810361579	0.41383247037589	23
0.062618065866731	0.661333853911908	211
-0.000474424787330063	0.510164144766332	6782
-0.04038355317258	0.428241517084643	705
0.05115236124193	0.667293924968796	1198
-0.10467770910391	0.742387236326558	1
-0.02148974594978	0.891127286328259	309
-0.00159385871586992	0.508400245228127	1141
-0.04243230844476	0.442292931729212	802
0.00621923944518998	0.49330917448904	307
0.00501617472378002	0.519562639486116	152
-0.00780683125481008	0.483294424787851	1426
-0.0442596687539101	0.423097140504412	582
-0.0433980676132799	0.44647504020799	839
-0.04248474526484	0.403156617361677	235
-0.00482857449155993	1.84014524643573	269
0.119901116524093	1.06672111236798	269
0.094924121601268	0.835339683755825	681
0.106571609481839	0.797796298755972	23
0.041264340188553	0.583643894226027	23
0.070791385832344	0.744310963721369	5549
0.080946861137518	0.795308951908644	23
0.039008906271935	0.591353630501703	3426
-0.02148974594978	0.891127286328259	65
-0.11725332754178	1.03622912828303	65
-0.0587262613474899	0.8099379181653	211
0.0383786107291501	0.590906537522147	211
-0.10590221418551	0.782589610128703	211
-0.10624823730327	0.781936167426071	645
0.0854436317177621	0.788964129604101	1198
-0.0433980676132799	0.44647504020799	1251
-0.10744718058056	0.755357709842869	802
0.081711397702475	0.789737615962777	802
0.00501617472378002	0.519562639486116	802
0.000495684112402972	0.526867747572164	802
-0.04243230844476	0.442292931729212	307
0.061191494525398	0.694785896524665	307
-0.0544279392312601	0.420060519147179	582
0.00501617472378002	0.519562639486116	36
-0.00024444578496996	0.519580235074901	36
0.043140262147111	0.579503113085236	80
-0.0494907784776699	0.435890454815377	80
0.0804583156306951	2.42030473689484	688
0.119421386690261	1.50857423908839	269
0.040844197885772	1.03934088258442	443
0.118047309073178	0.957475696941646	2167
-0.00232873693392	0.50805193852294	392
0.095837881812358	0.835946149331898	392
-0.1082203953653	0.713633469798998	23
-0.05683224338458	0.836127712555709	5549
-0.07896958750953	1.13298977254014	65
0.084061836354311	0.743188135084726	65
0.077790918747316	0.773068181908214	211
-0.05843403446095	0.401170844991363	1377
0.032995919146522	0.603731162763283	645
-0.0454357545055	0.433156322806163	225
-0.00182182824985011	0.50649437666673	761
-0.04938876843792	0.445225820250445	309
-0.04938876843792	0.445225820250445	309
-0.04241622157411	0.424562607174006	152
0.00747391857737001	0.514089350246445	3187
-0.04136409890739	0.424665264099882	3187
-0.0404913862182701	0.429986031003074	1426
0.00989320472661803	0.513997136030586	36
-0.0444683948150699	0.433758823456749	839
-0.00387760489767008	0.471609619325647	839
0.035825801518558	0.58889382751541	80
0.114410040644244	0.871862733384393	269
0.10027288566901	0.895824449013889	269
-0.0597053286204501	1.17996442356539	421
-0.10941939511736	1.24288885470602	2167
-0.0384619192567	0.425008614563889	392
0.071693926532914	0.632942030101986	392
0.093949928146341	0.839496214382116	392
0.00575970002729898	0.520040244943026	114
-0.10925493558062	0.768125170133473	23
0.107909222553058	0.961723432994415	432
0.082366591235976	0.783897861219842	23
0.066543480731632	0.721588020284593	804
-0.0622507298474799	1.18605654926243	804
-0.11031924022944	0.77572281644483	65
-0.11366370540836	1.09459443621908	65
0.00536624632521698	0.523323803017451	5377
0.011912368395849	0.970163420644072	3213
0.040011912265404	1.13061528864949	3213
-0.0443643429565399	0.445800704702982	225
-0.05260899115364	0.409809590248187	225
-0.0519276341659001	0.795121044955742	802
-0.05250194097672	0.846335602286151	802
0.042511873677154	0.590379787164007	307
-0.05261540578234	0.818340647049323	307
0.033614851151743	0.612938485681252	307
0.00892225986164197	0.502407069289994	152
0.047599428841732	0.546743576746832	1426
-0.0443643429565399	0.445800704702982	80
0.044142500002015	0.563978903857764	2939
-0.0646552428618401	1.41501431645687	421
0.111510397434056	0.887205581899212	443
0.066398444761221	0.645427065535025	392
-0.10814092424476	0.985177076621654	392
0.115727908786587	0.882167826864383	183
0.06032490373154	0.677438848401336	23
-0.04737202936464	0.415917962530664	23
0.062638871096812	0.701130554535301	23
0.03963898606601	0.588611757271608	211
-0.11118908049623	0.776925036036676	5377
0.00439901407220999	0.51125433795232	309
0.00536624632521698	0.523323803017451	309
-0.0483239786818099	0.427518463663862	207
-0.10520700870578	0.716085926178623	152
0.00821593265742504	0.506804095237926	839
-0.04243230844476	0.442292931729212	2049
-0.0572989173926699	0.866712802909199	269
-0.0525850702653301	1.46363778499998	5909
0.00536624632521698	0.523323803017451	5909
0.00650295193964501	0.516919190277734	2939
-0.11904146172605	1.02372222729581	2167
0.073534531980449	1.15627046080657	2167
-0.1060371740256	0.729272647571577	681
0.0632235550510381	0.671581534992575	392
-0.0530609956852499	0.860609659516008	23
0.0627751797757991	0.707592424647626	432
0.032354706923577	0.611931679071181	23
0.00317115975462401	0.505871843374307	23
-0.0455159115247701	0.432093044759573	804
-0.00255742764743006	0.511082458511344	211
-0.0433980676132799	0.44647504020799	1
0.061627985200536	0.69830409915042	5377
0.07351220793604	0.759147940372133	2243
-0.01192974205778	0.850849728637395	1
-0.0475646445167299	0.422542066773274	225
-0.10676417056102	0.739323175213629	35
-0.0433980676132799	0.44647504020799	3187
-0.0443643429565399	0.445800704702982	1300
-0.04350155286969	0.429872929116567	36
-0.11247743377147	0.758025631917112	36
-0.0515520742478299	0.420495589182693	80
-0.0454357545055	0.433156322806163	80
-0.04842602986207	0.44867035504741	11
-0.0445578371161801	0.429867191818012	2939
-0.03952973450319	0.426155787261663	2939
-0.02122960445589	0.861375172570173	443
0.055342814698229	0.659314670390462	443
0.089853908568747	0.823682900318505	392
0.00513490229487401	0.509680765352785	183
-0.10529852307657	0.778605023155457	250
0.064664090785965	0.66570368105841	23
0.063336709497381	0.675737035862366	23
0.034245423178254	0.551064240051645	65
-0.0779702621008001	1.10885446005905	65
0.0271614464452	1.05856296756135	211
-0.02617355327399	0.840410316132563	65
0.059489416364686	0.697910082909278	5377
0.00701872753157296	0.479457747845462	225
0.000725759274744053	0.516767991607716	309
-0.10887619270548	0.742618857489989	207
-0.0433980676132799	0.44647504020799	307
-0.0530609956852499	0.860609659516008	38
-0.05652814830103	0.401057728146976	119
0.037753106732376	0.616198039999054	36
-0.0433980676132799	0.44647504020799	920
-0.0432939638308401	0.427873668991277	4264
0.119604038590103	1.15473147075124	5909
0.00146491155476503	0.52395959859642	2939
0.005935024247816	1.01639225832024	681
0.118741631926043	0.894575170952103	443
0.117911381815301	1.0461893534229	681
0.084442841711621	0.792875270926155	183
-0.0137186798214299	0.917582264395987	183
0.037449024141709	0.612602824581026	250
-0.0494907784776699	0.435890454815377	2396
-0.04842602986207	0.44867035504741	2396
-0.04938876843792	0.445225820250445	23
0.106096942777501	0.964697317460547	432
0.057470571608611	0.689381399473152	23
0.031712931839549	0.572569183992331	23
-0.00194731734165998	0.994367741295023	23
0.085180855115064	0.737358647983738	65
0.031712931839549	0.572569183992331	1
-0.0540789680578999	0.856852188273013	1
-0.0483239786818099	0.427518463663862	225
-0.03952973450319	0.426155787261663	225
0.063784869279496	0.649621744879888	207
0.034564110440276	0.615458717111082	207
0.031388569652256	0.595511586262737	1
0.0333049427850261	0.614432452222438	1496
0.037449024141709	0.612602824581026	1300
-0.04136409890739	0.424665264099882	505
-0.0122859085615901	0.449944071641399	839
-0.0455159115247701	0.432093044759573	80
-0.0463680966101201	0.416773813351232	920
0.123612231117111	1.51568450194825	5909
0.00271445992973596	0.521265643213589	392
0.011588763385491	0.474737111154984	183
0.092895873321888	0.866588726379371	183
-0.04146706489408	0.429278291239433	23
0.081984635926638	0.765559297820188	23
-0.10615699333071	0.745674334275735	65
0.037428964337155	0.598748930615882	65
0.104579174432235	0.80469942151272	2243
-0.04640120529454	0.428382015905654	225
-0.0474638017453599	0.446251819108337	225
-0.0394224817711899	0.428820497755674	309
0.000725759274744053	0.516767991607716	309
0.00317115975462401	0.505871843374307	1496
-0.04136409890739	0.424665264099882	1496
0.100899739436423	0.834557249474118	35
0.034564110440276	0.615458717111082	152
0.00450313898621602	0.504760821107476	1300
0.0640595107593031	0.654932998178677	863
-0.04842602986207	0.44867035504741	839
-0.04243230844476	0.442292931729212	80
-0.0423287740670699	0.428449042358836	920
0.113277459813734	0.955753792449596	443
0.00402964852296595	1.32399319666002	443
0.085951612265745	0.722458706731129	392
0.060062289467388	0.702906764985437	1449
-0.0494398476354501	0.413578242222271	183
-0.05363905406531	0.82152408616752	183
-0.04350155286969	0.429872929116567	2396
0.00133510446151697	0.490255901465947	2396
0.062638871096812	0.701130554535301	23
0.00553111674045503	0.500869651939237	23
0.060606052957765	0.658936457580038	23
0.10091528281689	0.911080015764387	23
0.060043099418955	0.693581016154905	65
0.00610115503236997	0.521664477903687	65
0.102341401574789	0.843043290036794	65
0.094390036856528	0.870129100744059	1
0.086284633765326	0.76238556584067	2243
-0.04349566692495	0.428711682497803	309
-0.04541011657835	0.427842189003177	309
-0.11210127379736	0.729126625552677	1182
-0.11690906917364	1.11846159752442	35
-0.01568816466191	0.863400935626154	152
0.00747391857737001	0.514089350246445	152
-0.04241622157411	0.424562607174006	152
-0.05045461324515	0.432727027587394	152
0.027889403041878	0.571861250055943	184
-0.11092563699392	0.779636180888701	11
0.085283040967165	0.739062859216517	443
0.00747391857737001	0.514089350246445	392
0.108249902649765	0.910078022135245	183
0.000495684112402972	0.526867747572164	23
-0.0574052709347399	0.808736407144728	23
0.021503935804859	1.04689721746199	23
-0.0552525477274499	0.801128039223828	23
-0.11973601093373	1.04112516876311	65
0.029171966972843	0.977381677074033	65
0.061339926761659	0.67437361469154	65
0.0256838872427611	1.02876190940714	65
0.00146491155476503	0.52395959859642	65
0.058475802538455	0.695129402768599	309
0.054299907419859	0.681421769773706	207
-0.12221042820068	1.06888818128705	38
0.041254453786401	0.599674491276673	152
0.034574276000743	0.601756282991128	1426
-0.0494907784776699	0.435890454815377	1426
-0.04350155286969	0.429872929116567	11
-0.0196861266598101	1.19441831888881	681
0.05101780483247	0.653081563847842	23
-0.10146913633205	0.731141085418582	23
0.0333049427850261	0.614432452222438	23
0.079168664535028	0.785427605356846	23
0.037753106732376	0.616198039999054	65
-0.06534427539476	0.820564970324966	65
0.0231679285920851	1.04180268230006	65
-0.0260531839154099	0.933002245617664	65
0.029444318237747	1.02986980536569	65
-0.0234765286349401	0.911665537163564	211
-0.11428765223207	0.748508439647609	65
-0.00402941921510003	0.505501444134074	65
-0.0473623375497601	0.430582208132322	309
-0.0443643429565399	0.445800704702982	309
0.0396864581289	0.570397885345652	207
-0.10711017560976	0.776316276698443	207
0.037449024141709	0.612602824581026	207
0.03203576343756	0.593927142513373	38
0.027262903779312	0.573696562802232	38
0.00220379579866403	0.526527263663833	3121
0.09121275852577	0.846715789133293	152
0.0355139939507469	0.607116606721464	152
0.054917167585921	0.647316450343266	152
-0.04737202936464	0.415917962530664	1426
-0.0423287740670699	0.428449042358836	1426
-0.1134553726955	0.768635109973517	36
-0.0432939638308401	0.427873668991277	839
-0.0560227307721699	1.1895173981533	392
0.068827290098323	0.618352038416253	392
-0.05360956424369	0.822324959105216	23
0.106925171348874	0.856694226882015	23
0.088182420092932	0.76116080574902	23
-0.11058277354997	0.782393259015343	2450
-0.10210655411836	0.738043761907753	65
-0.0443643429565399	0.445800704702982	65
-0.0453311350324299	0.440452046038488	65
0.034564110440276	0.615458717111082	309
0.0364974705783629	0.615161111056148	38
-0.04852745575138	0.433634927743835	505
0.0137943524824991	0.475696020725814	184
-0.04842602986207	0.44867035504741	184
-0.0444683948150699	0.433758823456749	21
-0.04852745575138	0.433634927743835	11
0.076487829457934	1.66621452536031	269
-0.0103453239162099	1.22197423065073	5909
-0.0525240376304601	0.792306240326848	1768
0.028677882412683	1.01787835452548	1768
-0.07051865322128	1.08348985648131	443
0.016040467475674	0.952132020754674	681
-0.0474638017453599	0.446251819108337	2899
-0.02795634125239	0.900441447424324	183
0.00123554490252298	0.529473029392655	698
0.03201622178477	0.591744886924242	23
0.084722043463061	0.745284786253935	23
0.082248380599705	0.786124062635092	23
-0.0536202246284301	0.869413303515477	23
-0.00731339616930993	0.470562587557875	1
0.075712229604112	0.767294334035405	1
0.037428964337155	0.598748930615882	2243
-0.11866712553137	1.07213769854857	2243
0.083643228684406	0.740901317580573	2243
0.037125395262032	0.617666119824078	309
0.058632122995315	0.6650746992136	309
0.00427237583115303	0.515543120569999	38
-0.10937074488188	0.779208599663148	38
0.033948196401236	0.60130431751029	13
0.065369507185588	0.69983898092563	3207
-0.04544058137198	0.417592493711629	80
-0.0473623375497601	0.430582208132322	21
-0.0463680966101201	0.416773813351232	55
-0.0368433019487899	1.60824148206784	1768
-0.06509951185471	0.834738558463562	443
0.114946686177012	0.974539861921162	176
0.0402688502529061	0.582409531042717	23
-0.10469502488068	0.769472947294151	23
-0.0845682464691699	1.61670911614773	65
-0.0218954667872899	0.937099384256908	65
0.102297743572553	0.80807483587424	65
0.016849451221302	0.941153574349005	65
0.063767770222266	0.671972124461222	1
0.00683580005155904	0.515283271365812	2243
0.0633479825051509	0.667994961839422	2243
0.010228794083624	0.48450663657105	2243
-0.01462922488221	1.30688809595702	225
-0.10371166901347	0.73727749142182	309
0.078587316980584	0.72721648890556	309
-0.10615699333071	0.745674334275735	207
0.099658273558134	0.795352496420803	13
0.0336224938323561	0.604189874898662	13
-0.0423287740670699	0.428449042358836	38
-0.00255742764743006	0.511082458511344	38
0.063348498649391	0.70625020869975	38
-0.0288117977854001	0.922587930940572	152
0.015488680219789	0.952048053502386	103
0.107411488943505	0.961435467903571	2913
-0.0433980676132799	0.44647504020799	3207
0.0338274227137521	1.01785148047821	505
-0.11526662420966	0.75876085042601	505
-0.02413503075298	0.925965579606105	184
-0.00143229636933007	0.984664096019273	5909
0.106147606493236	0.798130720118654	443
0.079906507424706	0.764566790077998	443
-0.1092664850568	1.00467385615468	392
-0.0445578371161801	0.429867191818012	2899
0.033296452036129	0.587490743763027	183
-0.05356821355632	0.418422773072408	183
-0.05251019161795	0.429734791833162	698
-0.00329329124041999	0.510726010383714	698
-0.0474638017453599	0.446251819108337	23
0.029166248424043	0.57826810592293	23
-0.11031924022944	0.77572281644483	23
-0.0142459458628701	0.920971265741306	23
-0.0865742895048001	1.12842886265458	65
-0.11023852801059	0.7660076500325	65
-0.00402941921510003	0.505501444134074	65
0.00146491155476503	0.52395959859642	65
0.037748099295993	0.587301493415263	65
0.059175986593387	0.691934666195644	1
-0.05473920561919	0.872302526191695	2243
0.064223957962439	0.698587107261393	1
0.040281393020698	0.58727627397157	2243
0.00918506065914604	0.487830828931151	516
0.040625422085209	0.599198553208337	309
-0.0326358161134199	0.89786382100527	309
-0.0483239786818099	0.427518463663862	309
-0.04640120529454	0.428382015905654	309
0.010125351783785	0.498974421602091	309
0.011600912664917	0.49651805060988	13
0.00892225986164197	0.502407069289994	38
0.014028459191797	0.477889657783569	38
-0.0454357545055	0.433156322806163	119
-0.0453311350324299	0.440452046038488	36
-0.04852745575138	0.433634927743835	184
0.022502415845611	1.06945591048451	443
0.096124025049713	0.844449028874652	176
0.016757821141937	0.913919761352547	3990
-0.10650609832428	0.781810867649974	251
-0.10308458139177	0.722953413474829	698
-0.04038355317258	0.428241517084643	698
-0.0541705591397299	0.823436358283011	23
0.110884464320744	0.982844325788614	23
-0.01073892214534	0.866740923153106	23
0.059622006993441	0.700677899984716	23
0.114213103513181	0.959984629554192	804
-0.0604458105705099	0.843300625997257	65
-0.04536920746641	0.757855034636494	1
-0.1134553726955	0.768635109973517	2243
-0.02736245109798	0.912341936514762	1
-0.11060335463255	0.997752996040994	554
0.00220379579866403	0.526527263663833	309
0.00844401215262003	0.49444624929651	207
0.0351933721219549	0.6098449656254	152
-0.05729007967189	0.853215088583615	103
0.038373083346987	0.587771359065259	3207
0.00633257992448399	0.5081612900386	505
-0.04848810361579	0.41383247037589	36
0.037428964337155	0.598748930615882	184
-0.11700092312076	0.734164359581938	1768
-0.10097388308464	1.60055235261355	1768
0.119276623268377	1.08276097061982	443
-0.0209817371936301	1.11063871532338	443
-0.00707237377809999	1.30485890644	443
0.0761932357306701	1.1518206316528	443
0.00967635229074304	0.974400840721891	443
0.104560298169901	0.875687457024495	681
-0.0646365137440399	0.829917220368317	681
0.060043099418955	0.693581016154905	23
0.070337985097106	0.740109258221981	23
0.013387627560292	1.01258154275798	23
0.056322777057799	0.684108635830202	65
-0.0574561148244901	1.18723294048376	65
-0.0455159115247701	0.432093044759573	65
-0.09989600109263	0.717156903118718	554
0.012324224306478	0.477953329393178	309
0.062651803163397	0.667142691170827	309
-0.04038355317258	0.428241517084643	309
-0.1052845778529	0.752073309366968	207
-0.10392193489401	0.983675099315499	207
-0.10771401597675	0.74938389035867	13
0.00989320472661803	0.513997136030586	38
-0.10876502292248	0.770125167680193	38
0.033614851151743	0.612938485681252	13
0.00220379579866403	0.526527263663833	119
-0.0443643429565399	0.445800704702982	3207
0.037431144254634	0.593205988609784	36
0.078792758795307	0.765184658102144	1768
0.048145194542337	1.1258012532494	443
0.00825971405063997	0.940401076180365	443
0.040938548916772	0.571151340530714	681
0.042832653299355	0.594403039652802	392
-0.0251933957578501	0.924048060760864	392
0.012338292322375	0.489792476368873	447
-0.02155828858288	0.88300466971911	3990
0.113471722721038	0.941793783717016	698
0.0301156155619871	0.59718089001736	23
-0.04136409890739	0.424665264099882	23
-0.0576402124201101	0.824398355355768	23
0.038273261334925	0.982497287108618	23
0.117428410622888	0.914507351727749	65
-0.0403999377976201	0.412918774533451	65
0.058475802538455	0.695129402768599	65
0.00108518828565896	0.486618940528135	2065
-0.04349566692495	0.428711682497803	207
-0.10659287769563	0.749498516270016	38
-0.04842602986207	0.44867035504741	38
0.061779800286745	0.691228394070636	152
-0.0454357545055	0.433156322806163	152
0.035200144327334	0.597868924156495	119
-0.0403999377976201	0.412918774533451	103
-0.10615699333071	0.745674334275735	103
-0.04842602986207	0.44867035504741	387
0.0383786107291501	0.590906537522147	36
-0.0404913862182701	0.429986031003074	184
-0.0454357545055	0.433156322806163	2466
-0.05548817601067	0.409456969556057	21
-0.0433980676132799	0.44647504020799	55
0.040836212748675	1.45942489914827	421
0.088029430624975	0.735166712572364	2709
0.066533351561598	1.20564503560155	443
0.039405828226084	1.07764790670369	443
0.054222583247824	0.653631844457619	681
0.0250559210107501	0.57066669592931	392
-0.11092563699392	0.779636180888701	392
-0.10362996051429	0.748471178792662	392
-0.04546629654486	0.391174903391305	1505
-0.04852745575138	0.433634927743835	183
0.084722043463061	0.745284786253935	23
0.088941851886254	0.835238638154924	65
-0.11219988655359	1.10683290970496	65
-0.10737436336261	1.04602575354268	554
-0.01748084979041	0.92201797451234	554
-0.04349566692495	0.428711682497803	554
-0.10711017560976	0.776316276698443	2065
-0.0474638017453599	0.446251819108337	309
-0.0433980676132799	0.44647504020799	38
-0.0474638017453599	0.446251819108337	1943
-0.0433980676132799	0.44647504020799	103
-0.0394224817711899	0.428820497755674	387
0.0333049427850261	0.614432452222438	3207
-0.10373024467233	0.732501142714156	3207
-0.04640363250161	0.428229873657116	204
-0.0454357545055	0.433156322806163	184
0.00513490229487401	0.509680765352785	184
0.039996175693012	0.595433602596057	21
0.014879595926411	0.432870057648782	421
-0.02855770680426	1.21164890486562	443
-0.0583071317953801	0.85758544690967	443
0.00220379579866403	0.526527263663833	392
0.04159152659728	0.567709966972323	176
0.037131993072537	0.571894662307801	176
0.00724593065857404	0.509545936419535	698
-0.10937074488188	0.779208599663148	23
-0.02439692072095	0.877390829996663	23
0.118715941645263	1.04803802850983	65
0.042894081054765	1.11998264396254	65
0.0106318221348251	0.51093753674394	65
-0.0583071317953801	0.85758544690967	65
-0.10181420852646	0.756456426196527	65
0.103858781269758	0.806286855847446	554
-0.00242387315499992	0.987422704893129	554
-0.02196129820688	0.919098323374051	309
0.060757403849562	0.692986431409001	309
0.024731117069399	0.576128925430867	152
0.00352830315109698	0.507456873448156	152
-0.10902707116031	0.772016336960435	36
0.00294241219737001	0.524856477976157	1996
0.01137017135527	0.503721354612043	36
-0.11023852801059	0.7660076500325	190
-0.0404913862182701	0.429986031003074	190
-0.0423287740670699	0.428449042358836	184
0.102628180686361	0.742606193987101	681
0.036803156466459	0.598470488515215	392
-0.0726478929332299	1.03357009224655	23
0.061649101695562	0.694438434740759	23
0.00693604938091197	0.486019973126913	65
0.00868390724981705	1.00441403623051	65
0.062221283811582	0.690766627468789	65
0.089152981771538	0.85306091166421	65
-0.04350155286969	0.429872929116567	554
-0.10589164279445	0.757342887047417	554
0.060062289467388	0.702906764985437	309
-0.04842602986207	0.44867035504741	2065
-0.00255742764743006	0.511082458511344	2065
0.0295949317331931	0.970177350562913	207
-0.04938876843792	0.445225820250445	38
0.04315481234216	0.5772967449002	13
-0.0253835208516999	0.831260783387063	152
-0.10761903161211	0.71629182854618	103
-0.0514532501040501	0.413654857637334	184
-0.0443643429565399	0.445800704702982	21
-0.0443643429565399	0.445800704702982	55
-0.02129360538184	1.15051281116745	421
0.093833701837324	0.841607176886822	443
0.00252308577215699	0.968587174324366	443
0.0304374615010971	0.603384865564393	176
0.00747391857737001	0.514089350246445	698
-0.1116349128156	1.07617756852946	698
-0.0384619192567	0.425008614563889	494
0.0851166944223381	0.764507800419289	23
0.0494696188395281	0.64429032929367	23
-0.0246641349818499	0.927348956226293	65
0.061649101695562	0.694438434740759	65
0.00513490229487401	0.509680765352785	65
-0.00255742764743006	0.511082458511344	516
-0.10744718058056	0.755357709842869	2065
0.066505701932759	0.68287646513989	207
0.036174955168349	0.599849694489256	1134
0.00864872087794399	0.488028996661974	38
0.0364974705783629	0.615161111056148	152
-0.0404913862182701	0.429986031003074	103
-0.0483239786818099	0.427518463663862	103
0.029504335119714	0.581108646740107	103
0.00329764313202097	0.499670633316748	36
-0.0515520742478299	0.420495589182693	633
-0.05251019161795	0.429734791833162	633
-0.0453311350324299	0.440452046038488	190
0.113417237314071	0.954556589847209	443
0.099088443263971	0.845754333797185	443
0.104292899466366	0.793548300989009	443
-0.0433980676132799	0.44647504020799	1661
0.061766077169195	0.684572997160026	698
0.061649101695562	0.694438434740759	23
-0.11365887747341	1.08198511485169	23
0.00197513677763295	0.527784975096114	65
0.011588763385491	0.474737111154984	554
0.06032490373154	0.677438848401336	3191
-0.0433980676132799	0.44647504020799	1
0.067652733106169	0.673846061128005	2065
-0.02400426129886	0.927776830582811	520
0.0310937009600319	0.594214354645078	13
-0.0531550349279699	0.808422950582252	1134
0.00501617472378002	0.519562639486116	204
0.00197513677763295	0.527784975096114	6177
-0.0444683948150699	0.433758823456749	633
-0.0444683948150699	0.433758823456749	190
-0.00024444578496996	0.519580235074901	21
0.098941820341538	0.816890242713701	443
0.036565148369074	1.08400130090421	443
0.102770202589299	0.931405748055892	443
0.078906818137809	0.764306789586334	443
-0.07750150125086	1.12178701259741	443
-0.02888338668471	0.915930355278029	443
0.046649231777315	0.559409909919054	443
0.037753106732376	0.616198039999054	698
0.00271445992973596	0.521265643213589	494
-0.0433980676132799	0.44647504020799	777
-0.06097253153868	0.849461598271536	23
0.00545785092195505	1.00443780799257	23
-0.0799528494555	1.12766828811537	23
0.097728685246539	0.839286633641608	430
0.098112930183979	0.849772046670162	804
0.040947015904264	0.593029045553984	65
0.065357926528013	0.678444629758369	65
-0.01754016256609	0.948160564315941	65
-0.0037992834740801	0.489298506735902	65
-0.10483616237528	0.710867757541342	65
-0.119560408179	1.05290738805928	554
-0.1068524104524	0.785954285689314	554
-0.11179558267584	0.766478710900199	554
-0.10649890404876	0.758594678841909	3043
0.00650295193964501	0.516919190277734	520
0.00747391857737001	0.514089350246445	656
-0.0119961172219001	0.883037427383415	207
-0.07820884283642	1.14813718992718	207
-0.10399419619914	0.717212868834382	13
0.00197513677763295	0.527784975096114	13
0.078587316980584	0.72721648890556	38
-0.10649890404876	0.758594678841909	1436
0.00747391857737001	0.514089350246445	152
-0.04938876843792	0.445225820250445	103
0.00744227715221701	0.498324286424817	4905
-0.04938876843792	0.445225820250445	633
0.00610115503236997	0.521664477903687	378
-0.0375018650847101	0.413180773326961	184
-0.02070151944604	1.49165678281319	5909
0.092636228398881	0.7311980670147	443
0.0387036793121051	0.613624450501273	1178
0.039320655194157	0.590001927151446	494
0.025683342103361	0.578198916304411	23
0.063482054388792	0.661382060885788	23
0.087184608899568	0.754437412651488	65
-0.09929248758567	0.719444955240488	65
0.00248449979885801	0.998008491305861	65
0.071251686423744	0.652687180654218	65
-0.0604458105705099	0.843300625997257	65
-0.01754016256609	0.948160564315941	1
0.056459202756348	0.692750717167242	3043
0.085035594344587	0.757640168112565	309
0.084691540819365	0.810663009209507	207
-0.0445578371161801	0.429867191818012	38
0.00724593065857404	0.509545936419535	1436
-0.04145354839253	0.429401569031903	13
-0.0443643429565399	0.445800704702982	103
0.0857198960464161	0.737948657812786	204
-0.0473623375497601	0.430582208132322	633
-0.0433980676132799	0.44647504020799	633
-0.04350155286969	0.429872929116567	633
-0.04650208354095	0.434292024849057	633
0.009594572551473	1.57366600298562	5909
0.066914258477248	1.50845278453945	2709
0.00446721679720297	1.02183788781075	443
-0.04796943840396	1.20664480941495	443
0.020394866515676	1.04288623395395	443
0.093881863094707	0.864935033778707	722
-0.01984438506875	0.914098094514641	722
0.0779107266979761	0.77802101854074	722
0.055198538333719	0.662080519089454	1178
0.037117371830672	0.58033133497196	1178
0.00600369287650104	0.97630621205428	698
0.083588583064036	0.764906760741489	23
-0.00857551534150991	0.945147962086766	1
0.00464617312006999	0.498499599262353	804
-0.0366486995523201	1.2161671677325	804
0.118100188279859	0.994629200323097	65
-0.1068524104524	0.785954285689314	65
0.00918019051647001	0.991861859026694	65
0.063921632062659	0.700807241835322	65
-0.0610471531715899	1.14619853852802	65
-0.0233513115578901	0.940973823316466	65
-0.0689639602815699	1.09896980605969	554
0.059048997300992	0.70006021145959	554
-0.0551849463520799	0.827493232279059	3043
-0.0474638017453599	0.446251819108337	309
0.069260621434817	0.743465853772464	309
-0.11405891614132	0.770445692259346	520
0.039996175693012	0.595433602596057	38
-0.10241926466834	0.757715784252609	38
-0.1055500122466	0.748210538804692	38
-0.0236728510025901	0.917655544616537	38
0.098614040578644	0.85423791966916	103
-0.0443643429565399	0.445800704702982	103
-0.10997666171814	0.783170148459437	204
-0.0404913862182701	0.429986031003074	36
-0.10985694370232	0.769947104181061	633
0.00575970002729898	0.520040244943026	633
0.00818240332512599	0.50199336587149	190
0.032369132612166	0.598937776547361	190
-0.0432939638308401	0.427873668991277	190
0.065357926528013	0.678444629758369	1573
0.00536624632521698	0.523323803017451	1573
-0.04938876843792	0.445225820250445	21
-0.0454357545055	0.433156322806163	21
-0.0416689292994901	1.15676906834592	443
0.011838779302344	0.992625441491613	443
0.088396043002522	1.26593754460251	443
0.094898081534222	0.871027492866664	443
-0.10778662997868	0.728596818498854	162
0.0298091031343291	0.602931281853728	1661
0.032995919146522	0.603731162763283	447
0.0806050599563301	0.748770704205639	1178
0.034244600467445	0.607391228022738	23
0.038076458115613	0.61508237326934	23
-0.0725619972094	1.14507001179069	65
-0.0234168958576899	0.927831261391567	65
-0.04774891820357	1.18925657829969	65
0.095434694572913	0.837922847363572	65
-0.0561981985348901	0.819966692229113	554
-0.04949445864185	0.826377546272335	3043
0.00174727462465096	0.504959742668425	3043
0.043949577479512	1.06421985851111	1413
0.00575970002729898	0.520040244943026	103
0.0333049427850261	0.614432452222438	103
-0.10892791254639	1.06400475555739	204
0.032675036530646	0.607875856809657	378
-0.04038355317258	0.428241517084643	2757
-0.0704063018228101	1.42192157345249	2709
-0.11105329800124	1.28229447979583	443
-0.0317990235785699	1.23021505382179	443
-0.0433273982300499	1.17055587806765	722
-0.01963929738633	0.879597299324965	176
0.026310551066695	0.58079778873351	447
0.113607315055879	0.882149695956536	23
0.00598907382920899	0.516707923678894	23
-0.08035352988859	1.15777192545027	65
-0.11737870198638	0.744491245795875	65
0.034244600467445	0.607391228022738	3043
-0.0619858834895599	0.852837268351295	1413
-0.0403999377976201	0.412918774533451	520
-0.0404913862182701	0.429986031003074	656
0.087823707120395	0.767933312236887	656
-0.10898144544637	0.692056122901781	13
0.079985547919131	0.773221771008977	38
-0.10609314337515	1.01439278626101	38
0.06491672713547	0.669835700278449	13
-0.0433980676132799	0.44647504020799	13
-0.04842602986207	0.44867035504741	103
0.00633257992448399	0.5081612900386	103
-0.0432939638308401	0.427873668991277	103
0.00818240332512599	0.50199336587149	36
-0.04842602986207	0.44867035504741	36
-0.04938876843792	0.445225820250445	378
-0.0403999377976201	0.412918774533451	378
-0.0423287740670699	0.428449042358836	21
0.000266411603936034	0.512528764904733	21
0.014974114619359	0.884584810334992	443
0.077716208090226	0.759832147874074	162
0.123297894865984	1.08012094624195	722
-0.0432939638308401	0.427873668991277	23
-0.10780199349632	0.761750698680263	23
-0.08827411991209	1.12046576922603	23
0.046022867491237	0.565086743064389	430
0.033296452036129	0.587490743763027	65
0.06751294269744	0.685546205188532	1
-0.05315988542133	0.861232234604884	65
0.06434234205261	0.672499280557374	65
-0.0652276853353699	0.818746771687238	65
0.034578363353301	0.57672113719477	990
-0.05739411711789	0.853251080395844	3043
-0.0433980676132799	0.44647504020799	38
-0.05141896060354	0.421411961089526	103
-0.0423287740670699	0.428449042358836	103
-0.10624823730327	0.781936167426071	103
0.03582241922687	0.599224330426086	204
0.032984886684108	0.614378163164001	204
0.0351933721219549	0.6098449656254	204
0.01137017135527	0.503721354612043	4905
0.00673163236678998	0.517175184688351	21
0.00818240332512599	0.50199336587149	21
0.106540847164911	0.950216033020396	3195
0.056511080793315	1.16556526083777	443
-0.04241622157411	0.424562607174006	1661
0.033934634041467	0.616913290371044	162
0.082704478734321	0.775082987369217	23
0.039008906271935	0.591353630501703	23
-0.0444683948150699	0.433758823456749	3008
-0.0444683948150699	0.433758823456749	23
0.050949750772209	1.14899791844085	46
0.00174727462465096	0.504959742668425	23
0.11719630464882	1.03494771840528	23
-0.0855899773903599	1.1438014700901	2021
-0.0217049598782599	0.905076932967175	23
-0.00605866414056999	0.982989936415436	1
-0.02196129820688	0.919098323374051	1
-0.0625465260596001	0.849565396810395	65
0.00427237583115303	0.515543120569999	65
-0.0474638017453599	0.446251819108337	65
0.037720858691934	0.56896854603217	65
-0.0433980676132799	0.44647504020799	990
-0.02710382627428	0.878980950696142	1413
-0.0454357545055	0.433156322806163	309
-0.10971303875073	0.766753235580338	656
-0.0473623375497601	0.430582208132322	1069
-0.0557117030057399	0.833473624845843	38
-0.0814714989279	1.16186433959073	38
0.087105989533057	0.76321975478109	13
0.093949928146341	0.839496214382116	103
0.039028144271875	0.593797485290329	36
0.00706650816352095	0.506602529499069	633
0.064774858070483	0.660207821912437	633
0.00650295193964501	0.516919190277734	633
0.000266411603936034	0.512528764904733	378
0.00892225986164197	0.502407069289994	378
-0.04640363250161	0.428229873657116	21
-0.08035691322708	1.44785208000589	443
0.092464794024082	0.829755315031321	443
0.061627179254055	0.683327544543985	23
0.037428421141513	0.558354089443815	23
-0.10650609832428	0.781810867649974	23
0.094431486438093	0.867087891023906	23
-0.11510849562627	1.04257375757785	955
0.082597875025512	0.74148593390332	430
0.085137557203832	0.722248495294742	430
0.010227207507793	0.924514166216953	1
0.061207481317509	0.699757730772474	1
0.037428964337155	0.598748930615882	1852
0.00673163236678998	0.517175184688351	344
-0.10676417056102	0.739323175213629	65
-0.11092563699392	0.779636180888701	65
0.00254564436363802	0.491656249275232	65
-0.10876502292248	0.770125167680193	896
0.00650295193964501	0.516919190277734	896
-0.1159406380043	1.06211707851711	65
0.00770269257824596	0.497260263712666	65
-0.0760338522297499	1.09592812270376	65
0.041254453786401	0.599674491276673	554
0.031065606499158	0.599504126969321	1
0.112077445942286	1.07258954995419	990
-0.0155588116435801	0.92537601519704	1413
-0.10683944354736	0.754118171408412	207
-0.0433794063116699	0.412450666083172	103
0.00989320472661803	0.513997136030586	2921
0.046095300857364	1.10276992648118	421
-0.00134685107936994	0.961288984349572	443
-0.02564905475684	1.23883225585627	443
0.050148424137479	1.18246587987439	162
-0.0879023114861801	1.10440298842612	722
-0.0552196369279701	0.805331647991553	1178
0.084264505771082	0.742500444044569	1667
0.037428964337155	0.598748930615882	23
0.009447744281875	0.960432315323697	23
-0.0593230439888199	0.849348702493047	955
0.098358995144632	0.821468624627324	430
0.064366507333912	0.668693109049607	430
0.0696670966613801	0.668003029879594	1
0.0301156155619871	0.59718089001736	65
-0.04145354839253	0.429401569031903	65
-0.00499585628642008	0.490637515849951	65
-0.0795257279171	1.12691326190053	554
0.084518606361181	0.770724103178486	554
0.036479942476106	0.596423707973031	554
-0.05988433932516	0.848505217835184	990
0.078253552061167	0.72945176211568	990
-0.0433980676132799	0.44647504020799	207
0.042216692364814	0.569705893817838	38
-0.0635657576270901	0.841584957630023	103
0.106925171348874	0.856694226882015	103
-0.04640363250161	0.428229873657116	204
-0.0433980676132799	0.44647504020799	36
-0.0444683948150699	0.433758823456749	633
-0.0474638017453599	0.446251819108337	378
-0.04842602986207	0.44867035504741	3147
-0.00255742764743006	0.511082458511344	3147
-0.0494907784776699	0.435890454815377	729
0.059137350029808	1.83612436285208	2709
0.00553111674045503	0.500869651939237	1002
-0.1052845778529	0.752073309366968	443
-0.0633249565581699	1.42323816290403	443
-0.0551982267196201	0.869327969332561	443
-0.04748673367611	0.798799425488512	443
0.124022547891892	1.08795787862621	162
0.082597875025512	0.74148593390332	125
0.071120905815165	0.577908771694631	162
-0.0515010235986699	0.789343982361226	162
-0.08035352988859	1.15777192545027	162
-0.06509951185471	0.834738558463562	447
0.05975053842936	0.686798353698228	23
0.080984659369147	0.773510740839225	23
-0.05683521185938	0.856595755233154	23
0.00691322134852801	0.970284453172818	46
0.094898081534222	0.871027492866664	46
0.088176961232767	0.842201336030036	23
-0.0442596687539101	0.423097140504412	430
0.00747391857737001	0.514089350246445	344
-0.0444683948150699	0.433758823456749	896
-0.00402941921510003	0.505501444134074	896
-0.10215790595895	0.754266585368116	554
-0.00024444578496996	0.519580235074901	2204
-0.0526007957535499	0.857516243073343	554
0.00621923944518998	0.49330917448904	1
-0.0330996039195	0.885054347170455	990
-0.0502491827463101	0.755986876961948	990
-0.1060371740256	0.729272647571577	309
-0.11772053775239	1.04948283378692	207
0.00439901407220999	0.51125433795232	207
0.103355594943014	0.829428276337054	38
-0.11031924022944	0.77572281644483	38
0.00536624632521698	0.523323803017451	13
0.081245735159308	0.789972117732132	103
-0.00278531206733001	0.491492916094687	103
-0.04640363250161	0.428229873657116	103
-0.04136409890739	0.424665264099882	2687
0.029166248424043	0.57826810592293	2687
-0.04243230844476	0.442292931729212	633
-0.00108649286156992	0.493016698253027	1002
0.044088674771269	0.577220677857505	1002
0.000111702920853052	0.499992850577696	443
0.037748099295993	0.587301493415263	162
0.022015342153563	1.08074751360437	1178
-0.0833332742464299	1.13706115816002	23
-0.11023852801059	0.7660076500325	6063
0.064931244436506	0.703680819270732	344
0.06751294269744	0.685546205188532	65
-0.04243230844476	0.442292931729212	65
-0.0473623375497601	0.430582208132322	65
0.065931907315496	0.682313018930639	65
0.112599318797341	1.02074781942947	65
-0.04136409890739	0.424665264099882	554
0.037449024141709	0.612602824581026	554
0.120861747131316	1.20479303990232	990
0.031066873803719	1.04886542465474	103
0.079168664535028	0.785427605356846	21
-0.04350155286969	0.429872929116567	1002
0.00404240892321395	0.503339908750422	2951
0.111510397434056	0.887205581899212	46
-0.05045461324515	0.432727027587394	6063
0.034255803756906	0.606144369982894	6063
0.024407721226052	0.561409304240715	430
-0.04852745575138	0.433634927743835	1852
0.055885078051747	0.692164297829939	65
-0.0365047538376599	0.403762808866673	1
-0.0215308776455601	1.20569577011704	65
0.00463107374425698	0.520787378781233	65
-0.01667703548455	0.882181613372892	554
-0.0861728079655499	1.12585915001227	554
-0.10589164279445	0.757342887047417	554
-0.04842602986207	0.44867035504741	554
0.028651574151933	1.41584655671828	990
0.000956638414957967	0.482797052920635	309
-0.12223312691007	1.5520763088812	4567
0.104113260301883	0.814902460805034	207
-0.04146706489408	0.429278291239433	207
0.098147997943225	0.866147097236595	38
0.000495684112402972	0.526867747572164	38
0.00501617472378002	0.519562639486116	38
-0.0443643429565399	0.445800704702982	352
-0.03919533357967	1.15715753614571	103
0.041883270936962	0.596828158740491	2921
0.116360509957477	0.983119725908601	204
0.079246213287035	0.751666758673075	204
0.046961983531293	1.4408848089548	2709
0.065195302628217	1.82293916889074	2709
-0.01125071557123	1.84031778297536	2709
0.0773032571426669	1.31265970534412	2709
-0.12091912129209	0.701952605632345	1002
0.063785428419289	0.710545406657148	1002
0.0333049427850261	0.614432452222438	1002
0.032675036530646	0.607875856809657	443
0.056459202756348	0.692750717167242	443
0.074050939639837	0.761966112013062	443
0.11895802036446	1.10872457360049	162
0.027755114783974	1.02736556118328	46
-0.11464052216809	1.07715251516447	46
0.036193517308448	0.594659588484459	46
-0.00108649286156992	0.493016698253027	430
0.012324224306478	0.477953329393178	4798
-0.00232873693392	0.50805193852294	896
0.031069331106117	0.57746726400409	65
0.114325064485725	0.97812906534768	65
0.081711397702475	0.789737615962777	65
-0.10971303875073	0.766753235580338	65
-0.00610415428629008	0.483766860311607	1434
0.00610115503236997	0.521664477903687	65
-0.0557581180042399	0.868405173627104	990
-0.0515120988447	0.836818438556885	309
-0.07585794253297	1.0914364200269	4567
0.095300221261586	0.825222628364469	207
0.00494487107898101	1.02388131447897	13
0.026928620936129	1.07883257416228	207
-0.1062319032332	0.748910868308239	103
-0.0597450628421701	0.813825034168207	103
-0.11308833761884	0.746487598323013	103
-0.0442596687539101	0.423097140504412	287
0.030744039310375	0.588320087157007	443
0.070679488695692	0.655230605136305	443
0.072779661394861	1.3094572688846	1178
0.040903826826054	1.09910172036317	447
0.101400112189498	0.831567209154449	23
-0.11058277354997	0.782393259015343	6063
0.0365074962306871	0.567733786159928	430
-0.05886811487236	0.856710490235098	430
-0.04349566692495	0.428711682497803	554
0.0359713054420791	1.40641477746178	990
-0.01754016256609	0.948160564315941	990
0.00536624632521698	0.523323803017451	309
-0.00232873693392	0.50805193852294	4567
0.00100697801016703	0.510959751285194	207
0.042511873677154	0.590379787164007	207
0.062638871096812	0.701130554535301	207
-0.05336878033176	0.404940315495735	287
-0.0210872128051001	1.571434800265	36
0.040625422085209	0.599198553208337	5909
0.09704309218871	1.5060983990069	1002
-0.0443643429565399	0.445800704702982	1002
0.00206670480113003	0.477781212828176	1002
-0.00561153438482998	0.472999723463628	1002
-0.04852745575138	0.433634927743835	443
-0.0066673828288899	0.453701438655004	162
-0.02123762902	0.924842253287231	162
-0.0450097594674399	1.18821293873549	23
-0.03719713243613	1.57920107060074	23
-0.04640120529454	0.428382015905654	6063
-0.05777241695563	0.789183642030877	1
0.030444523782287	1.49251769674188	1
-0.0442596687539101	0.423097140504412	1
-0.05999991572824	1.85274958961256	65
-0.12392570077583	1.08760888395628	65
0.064757960582487	1.23332780486651	309
0.08895045540008	0.725749744090896	207
0.00610115503236997	0.521664477903687	207
0.060053416100078	1.24298741751445	207
0.00670188114942905	0.49090566566959	103
-0.0494907784776699	0.435890454815377	103
-0.10899785472762	1.06517996069207	103
0.0561522710907481	0.956357195488643	103
0.0333049427850261	0.614432452222438	283
-0.04350155286969	0.429872929116567	333
-0.0986949917054201	1.37862771970506	5909
0.0924400842102811	1.26433232170718	1002
0.037753106732376	0.616198039999054	1002
0.00100697801016703	0.510959751285194	1002
0.039003697458693	0.577102222610071	1002
-0.0394224817711899	0.428820497755674	443
-0.0433980676132799	0.44647504020799	443
-0.11775491386962	0.736744397176375	125
0.062164573553125	1.29690715706221	125
0.035263444765141	1.12246939266362	23
0.071895029986173	0.722400123005337	23
-0.0433980676132799	0.44647504020799	430
-0.04350155286969	0.429872929116567	344
-0.04445264019477	0.430927724065131	65
0.037753106732376	0.616198039999054	1337
-0.0158175696732401	0.906503850027037	65
0.112578305823375	0.914632996312096	990
-0.11118908049623	0.776925036036676	6067
-0.0474638017453599	0.446251819108337	6067
0.083980841133341	0.780177808275369	309
-0.0883644916527799	1.38596817821264	309
0.0150163180833111	1.04744276884017	309
-0.07615636155592	1.15614614569698	309
-0.00476581175792989	0.491743471991424	207
-0.0454357545055	0.433156322806163	13
-0.04349566692495	0.428711682497803	103
0.039332914988235	0.555805676378479	616
-0.0454357545055	0.433156322806163	287
-0.11126712124168	0.748449157096089	633
0.042468593899275	1.11681053986206	71
-0.0173370073982599	0.87312923882814	71
0.034244600467445	0.607391228022738	54
-0.11377783481498	1.04029950903306	1002
0.094971668472687	0.841069523359937	1002
0.028229061756999	0.595886677498405	1002
-0.10207390826064	0.728751888400546	443
-0.0854443610434299	1.39295044869526	443
-0.0236728510025901	0.917655544616537	443
0.00981239302124903	1.34882502000537	162
-0.12240488531117	1.37673456708279	162
0.025502086396493	1.0654201789677	162
-0.07033276244926	1.09493438465157	125
-0.0589765839587799	0.856250729081283	125
0.037125395262032	0.617666119824078	162
0.010863265882162	0.499378493957803	162
0.027913329189493	0.564103750717415	2742
0.059629503165921	0.665843098174062	2742
-0.0257228131642	0.916056479249773	23
0.042832653299355	0.594403039652802	23
-0.05219086247061	0.827297477167294	46
0.027110536170648	1.06574678131735	23
0.036479942476106	0.596423707973031	430
-0.00499585628642008	0.490637515849951	344
-0.1112125169459	0.748402020088029	344
-0.0587619244600299	0.845789852622569	65
-0.10865313297803	0.760952172039257	3711
-0.11118908049623	0.776925036036676	1
-0.10589164279445	0.757342887047417	1434
-0.07274621004586	1.10294877189781	554
-0.0443643429565399	0.445800704702982	3226
-0.0444683948150699	0.433758823456749	990
0.10888103322131	0.848694433155189	207
-0.0583071317953801	0.85758544690967	207
0.065357926528013	0.678444629758369	13
0.00915431893902496	0.51354011901363	13
0.0976830409973251	0.864560689387871	207
0.081711397702475	0.789737615962777	13
-0.04241622157411	0.424562607174006	762
0.00696110174087206	0.496865391829907	1728
-0.0425352281097999	0.417796316913952	103
0.097173626429076	0.86565735289855	103
0.062780565260163	0.654943023919986	103
0.032354706923577	0.611931679071181	103
-0.0432939638308401	0.427873668991277	2108
-0.05045461324515	0.432727027587394	2108
-0.11204194201194	0.761323031852508	1053
-0.0433980676132799	0.44647504020799	287
0.04031804149638	0.585829080973	287
-0.0524107636909401	0.413403082615961	71
-0.05045461324515	0.432727027587394	71
0.008768136282711	0.483875318620648	71
-0.0474638017453599	0.446251819108337	3127
0.062065314166978	0.690007541140462	1002
0.031299965019993	1.03207406903515	443
0.025417914674099	1.31544528838594	443
-0.11157077325974	1.19415147722677	443
0.064366507333912	0.668693109049607	162
-0.05350156118592	0.812409862646283	2742
-0.10589164279445	0.757342887047417	2742
0.019473918216743	1.04531307816374	46
0.113778572949988	0.973806072352258	23
0.080781366649485	0.774560322727825	430
0.087644284521641	0.763898511494965	430
-0.0122608068241099	0.873875578659792	430
0.025991979557194	1.04875880028872	65
0.0599047017902939	0.664886878680883	3711
0.080781366649485	0.774560322727825	3711
0.060617390106651	0.696079776374805	1337
-0.05363905406531	0.82152408616752	1434
0.037111205998082	0.596886674385892	554
0.098909417630036	0.811650363847065	990
0.093998689169834	0.837472441886352	309
0.079706390453858	0.786185123721628	207
-0.07711742683853	1.14842482897924	207
0.090636633593663	0.861223965128494	13
0.096664081609151	0.86280984841976	523
-0.04145354839253	0.429401569031903	762
0.00918506065914604	0.487830828931151	283
-0.04852745575138	0.433634927743835	283
-0.03841912089306	0.399227515088377	71
-0.0423287740670699	0.428449042358836	21
-0.0432939638308401	0.427873668991277	6255
-0.10865313297803	0.760952172039257	23
-0.00436951046695011	0.967538831221209	23
-0.11587114671122	1.10395469264785	23
0.112487153144136	0.891003942574859	430
-0.07651778587603	1.10577427809514	430
-0.11575339582465	0.988866094339698	430
-0.10747190907967	0.736462988800785	344
-0.07519573593157	1.14327908529289	1
-0.0767407702484999	1.16823903052618	1
0.077252431321755	0.772360172505668	1
0.059622006993441	0.700677899984716	1
0.00368076094158598	0.518415662074474	1337
0.081313018071368	0.755813918205876	1434
0.032004259420772	1.0237313318494	1434
0.078792758795307	0.765184658102144	1434
-0.0604458105705099	0.843300625997257	554
-0.11700092312076	0.734164359581938	554
-0.00255742764743006	0.511082458511344	6067
0.081174256652099	0.788963035784331	6067
-0.08042460957285	1.12256324769882	207
0.083442916927021	0.785412792511015	207
-0.0581252975919899	1.21422559589162	13
0.0931619376270439	0.83076573515716	762
-0.10887619270548	0.742618857489989	103
-0.10806133718696	0.779615651282842	103
-0.0453311350324299	0.440452046038488	283
-0.10717861470911	0.723810394548641	633
-0.00232873693392	0.50805193852294	71
-0.0432939638308401	0.427873668991277	21
-0.0444683948150699	0.433758823456749	3127
-0.0288495043252299	1.26766168430905	1002
0.12120792090176	0.994140864455161	443
0.07099468334004	1.26955304815304	443
0.033296452036129	0.587490743763027	2742
0.079906507424706	0.764566790077998	2742
0.034564110440276	0.615458717111082	23
0.0363279068088001	1.12970407717676	46
0.067729954943865	0.729892873176916	430
0.040625422085209	0.599198553208337	344
0.086339064129732	0.727539142218108	1
-0.11656737513538	0.737872017815703	344
0.109327964713681	0.866843365295638	65
0.031724311729383	0.605459242427306	896
-0.0536202246284301	0.869413303515477	1337
0.00536624632521698	0.523323803017451	4907
0.063785428419289	0.710545406657148	1
0.058319108616348	0.661201687692519	1
-0.0655608979889899	0.822863462503262	990
0.040934510381573	0.580402517293281	1
0.106625269314321	0.909156844040279	990
0.00650295193964501	0.516919190277734	990
-0.04852745575138	0.433634927743835	990
-0.11092563699392	0.779636180888701	990
0.032703797565079	1.03038042917892	6067
-0.10876561213022	0.694288356443781	762
0.015736979484724	0.439459339861637	762
0.056896767220335	0.688804581087928	1968
-0.0455159115247701	0.432093044759573	287
0.00427237583115303	0.515543120569999	287
0.033614851151743	0.612938485681252	929
-0.04136409890739	0.424665264099882	3127
-0.00278531206733001	0.491492916094687	21
0.121780135192203	1.13334419544233	1002
-0.0528865934558001	1.49600302006674	5909
-0.000227513929889955	1.34304783350955	443
0.122566697731774	0.955810341461125	443
-0.0964413892159699	1.55992273006079	443
0.113023550227289	0.872184261742895	125
0.119896934232764	0.838576440337472	2742
-0.05251019161795	0.429734791833162	23
0.00146491155476503	0.52395959859642	46
-0.02087545171002	1.23114714454606	46
-0.05188810720627	1.18585076296213	23
-0.1126727091207	1.10586656734277	430
0.102830077704877	0.879219244773964	430
-0.0158175696732401	0.906503850027037	1
0.123671898983468	0.945919178737376	896
-0.0875343614181801	1.14318454941811	1
-0.10892791254639	1.06400475555739	1337
0.062761823354119	0.675201006324962	1434
0.058343115248812	0.673095183093596	2404
-0.02065906211362	1.17083526977191	2404
-0.05841718778961	0.864895659563658	1
-0.0724859754404299	0.770702097140978	990
-0.09281386119915	1.41748875676705	309
0.008626262292594	0.953838004658538	309
-0.0489178694005401	1.21857130295252	207
0.010698764455392	0.931892262398516	13
0.083643228684406	0.740901317580573	2949
-0.0542785874574701	0.854870063777494	13
0.066949311397951	0.67795053382266	762
0.077373083726437	0.775003988109592	762
-0.11586083841751	1.01156279318767	103
-0.11308833761884	0.746487598323013	103
-0.04145354839253	0.429401569031903	616
-0.1049432271887	0.746989386183657	287
0.00575970002729898	0.520040244943026	287
0.00598907382920899	0.516707923678894	71
0.00157372035511905	0.505438985948541	10
-0.0453311350324299	0.440452046038488	21
-0.0443643429565399	0.445800704702982	21
-0.05045461324515	0.432727027587394	21
0.105398209027423	1.07744001055078	1002
-0.0532046623484701	1.68556326797242	1002
0.124031389245456	1.13247198810669	443
-0.0942435387007201	1.40534115781014	443
0.00773099970844504	1.34835622949979	443
0.114659378887545	0.811191222883485	443
-0.0423287740670699	0.428449042358836	447
0.00146491155476503	0.52395959859642	23
0.111412387167251	0.967628964194969	23
-0.11639804518521	0.734749267635313	430
0.083725052904972	0.745068805904	430
0.100819146177843	0.835032874266242	430
0.078903655548888	0.764008139124726	344
-0.09645075754467	1.42196644158382	65
-0.05988433932516	0.848505217835184	65
0.00294241219737001	0.524856477976157	1
0.083980841133341	0.780177808275369	1
0.080708459923006	0.793619192967202	3334
0.0466522193742031	1.10446464936773	896
0.0108940033398039	0.966925493585477	990
-0.11715175425534	0.725774025891118	990
0.008663258207387	1.01638192641838	6067
0.00197513677763295	0.527784975096114	6852
-0.11428765223207	0.748508439647609	2949
0.039045958614047	0.579168451522935	762
0.068538089303347	0.626603547562247	103
0.035531544585078	0.577374611026435	103
0.085568862860319	0.752505547941536	283
-0.04640363250161	0.428229873657116	633
-0.04145354839253	0.429401569031903	10
-0.0494398476354501	0.413578242222271	10
0.0106318221348251	0.51093753674394	10
-0.04038355317258	0.428241517084643	21
-0.12050438192423	1.94157557230144	2709
0.020969312423337	1.41946994829278	443
-0.0578579656340901	0.868362942814535	125
0.107354999772112	0.896411371764601	125
0.00404240892321395	0.503339908750422	162
0.00146491155476503	0.52395959859642	162
-0.04852745575138	0.433634927743835	1335
-0.10744718058056	0.755357709842869	46
0.063348498649391	0.70625020869975	430
-0.11599051391957	1.07995112052451	430
-0.0192552725347399	0.929280314831661	430
-0.11106157703122	0.758198472994469	430
0.0751881515121911	0.755128220815607	1
0.083367095306824	0.791301889020935	3010
0.00220379579866403	0.526527263663833	1
0.06434234205261	0.672499280557374	638
0.000266411603936034	0.512528764904733	990
-0.1049432271887	0.746989386183657	2572
-0.11526662420966	0.75876085042601	207
-0.0568699170467399	0.808126289808772	207
0.0324732551167261	1.05478552620941	38
-0.1068524104524	0.785954285689314	4525
-0.0474638017453599	0.446251819108337	2949
0.00197513677763295	0.527784975096114	13
0.034564110440276	0.615458717111082	103
0.077716208090226	0.759832147874074	103
0.000495684112402972	0.526867747572164	103
0.039028144271875	0.593797485290329	283
-0.1068524104524	0.785954285689314	283
0.00673163236678998	0.517175184688351	1031
-0.11501192009647	0.767084382818898	109
-0.0433980676132799	0.44647504020799	1586
0.035240981016015	0.597053684192454	21
0.00650295193964501	0.516919190277734	651
0.0792995722023731	1.56448445614286	5909
-0.11387359669769	1.79492378074821	443
-0.0901385380941899	1.65691269362768	443
-0.03512429480519	1.47865711835248	443
-0.0228226569047501	0.944459830900792	125
-0.04145354839253	0.429401569031903	1047
0.0379241147952421	1.05953834163737	430
0.106799250400777	0.975495753225985	2257
0.055014488851547	0.660022817509939	430
-0.01602191070571	0.935122541510653	430
0.092143641379362	0.825461727453279	430
-0.12427940770088	1.58549058122103	6312
-0.0151803346488499	0.874675277117273	990
0.0377422529075619	0.594094542526021	990
0.031065606499158	0.599504126969321	207
-0.1060371740256	0.729272647571577	207
0.00770269257824596	0.497260263712666	2572
0.037748099295993	0.587301493415263	4525
-0.09633835878583	1.39095130255929	103
-0.10428775180532	0.725720396507139	103
-0.10683944354736	0.754118171408412	4254
-0.0394224817711899	0.428820497755674	287
-0.0192460733198001	0.859205235883337	287
-0.00402941921510003	0.505501444134074	287
0.05320225830028	0.661335066842534	283
0.09265285442189	0.83001335913368	283
-0.10589164279445	0.757342887047417	21
-0.0443643429565399	0.445800704702982	1010
0.110928905177559	1.45849307640372	5909
-0.0657810085831401	1.44205854620306	1002
0.00146491155476503	0.52395959859642	443
-0.04640363250161	0.428229873657116	23
0.00197513677763295	0.527784975096114	23
-0.0340821741307	0.882594206025714	23
-0.0404913862182701	0.429986031003074	23
0.042511873677154	0.590379787164007	430
0.041883270936962	0.596828158740491	430
0.084368465060654	0.78741509452514	430
-0.00291984272210999	0.981691981339601	430
-0.0783635072490201	1.16516530164269	6312
-0.0456236083775401	1.45861136620938	3334
0.018045853919588	1.03924811565967	1
-0.0432939638308401	0.427873668991277	2404
0.101546203129494	0.789713450296603	990
-0.01602191070571	0.935122541510653	990
-0.0433980676132799	0.44647504020799	990
-0.04842602986207	0.44867035504741	38
-0.0494907784776699	0.435890454815377	2949
0.0231679285920851	1.04180268230006	13
-0.0473623375497601	0.430582208132322	762
0.088433547660342	0.836567346821307	616
0.096664081609151	0.86280984841976	287
0.027704221259089	1.02684960041981	283
-0.0578579656340901	0.868362942814535	283
-0.0442596687539101	0.423097140504412	1031
0.038737038273406	0.576658540921136	71
0.00770269257824596	0.497260263712666	71
-0.11126712124168	0.748449157096089	71
0.037111205998082	0.596886674385892	71
0.00818240332512599	0.50199336587149	21
0.00989320472661803	0.513997136030586	1586
0.033258714366922	2.08939173486381	5909
0.098657048828214	0.865047259629634	443
-0.0919137028424	1.31559481880399	443
-0.0844737275684699	1.63230094230331	443
-0.09989600109263	0.717156903118718	443
0.00536624632521698	0.523323803017451	125
-0.04243230844476	0.442292931729212	1047
-0.04938876843792	0.445225820250445	23
0.028059992403392	1.05546177702388	1
0.11891716013233	0.848691779905768	318
-0.0262664447618901	1.26273200687447	3010
-0.12163754946458	1.09658670503646	3010
0.010863265882162	0.499378493957803	1
0.00575970002729898	0.520040244943026	65
-0.04650208354095	0.434292024849057	2404
0.082447061097541	0.746590358612983	990
0.000111702920853052	0.499992850577696	379
-0.10892791254639	1.06400475555739	207
-0.00306387845826994	0.502893451196626	207
-0.03952973450319	0.426155787261663	207
-0.11846707036928	1.09742666901052	207
-0.0365047538376599	0.403762808866673	1083
0.073060457564889	0.761681204742809	2949
0.093949928146341	0.839496214382116	13
-0.10649890404876	0.758594678841909	13
0.00966184695480499	0.499515744482457	13
0.076565192751897	0.599203175690403	103
-0.00136508447476991	0.489340365771142	103
0.039045958614047	0.579168451522935	287
0.00146491155476503	0.52395959859642	283
0.084498832025358	0.753016580332615	283
-0.04842602986207	0.44867035504741	1031
0.058610187410564	0.678351149907038	71
-0.0494907784776699	0.435890454815377	10
0.00294241219737001	0.524856477976157	21
0.00892225986164197	0.502407069289994	21
-0.1145403865421	0.721552278425574	3173
0.00724593065857404	0.509545936419535	651
0.099615617974971	0.895881625766243	443
-0.0115842402589399	1.30831943470134	430
-0.0284854660578699	0.889766849666998	430
0.0859109786796361	0.843443447848204	318
0.111510397434056	0.887205581899212	1
0.102769643637547	0.805068754736218	3334
0.032643661126213	0.583053026728356	990
-0.0202422334201899	0.871860427125608	207
-0.04725849346228	1.15936726378359	207
0.07054515150858	0.648833174109977	4525
0.00501617472378002	0.519562639486116	2949
0.00553111674045503	0.500869651939237	2949
-0.105863187631	0.99076762284096	103
-0.02565469007957	0.926841736974142	4254
-0.0454357545055	0.433156322806163	287
-0.0444683948150699	0.433758823456749	287
0.000495684112402972	0.526867747572164	287
-0.05045461324515	0.432727027587394	1031
0.010863265882162	0.499378493957803	21
0.000725759274744053	0.516767991607716	21
0.00463107374425698	0.520787378781233	21
-0.0384619192567	0.425008614563889	741
-0.0278913388879001	0.916414311457149	397
-0.0432939638308401	0.427873668991277	46
0.00892225986164197	0.502407069289994	430
-0.05683521185938	0.856595755233154	430
0.061207481317509	0.699757730772474	1
0.119616838180019	1.02024618757934	1
0.108324952134315	0.954534674526639	318
-0.04350155286969	0.429872929116567	318
0.062186750106957	0.671469126944942	318
0.096455447578005	0.83218067781404	3010
0.014816577594664	1.03529514838498	3010
-0.0423287740670699	0.428449042358836	96
0.031398270036893	0.561303584944765	2404
-0.0443643429565399	0.445800704702982	207
-0.0483996334538599	1.16594859108592	207
0.00243325300321595	0.50358452883394	287
0.0931328115685091	0.848093938117233	287
-0.0500393082839901	0.830459741559136	103
-0.11256599719331	1.04993393885078	283
0.060177643021288	0.644011096519023	283
0.00575970002729898	0.520040244943026	109
-0.0445578371161801	0.429867191818012	21
-0.0443643429565399	0.445800704702982	21
0.052872138327279	1.19655107591208	5909
0.041883270936962	0.596828158740491	23
0.00650134972173599	0.964645459173327	46
0.065931907315496	0.682313018930639	3186
0.095689833979423	0.851457136430652	430
-0.0188552513836899	0.90463246552386	318
0.034556278853072	0.558948850740171	4217
0.0891810934524751	0.757554027055457	1
0.00926449927594297	0.484898937344379	207
0.110218953531184	0.928022147441337	207
0.00329764313202097	0.499670633316748	207
-0.0535475223105999	1.21693344775321	103
-0.11748539987236	0.713959938742692	10
-0.0433980676132799	0.44647504020799	21
0.00673163236678998	0.517175184688351	21
-0.03952973450319	0.426155787261663	3173
0.0351933721219549	0.6098449656254	3173
-0.0433980676132799	0.44647504020799	303
-0.05774538119349	1.49197087166825	443
-0.12390908671384	1.58706432939733	622
-0.05356821355632	0.418422773072408	125
-0.0515520742478299	0.420495589182693	23
0.010293879382352	0.913843213082139	397
-0.0433980676132799	0.44647504020799	23
-0.0464744906310901	0.428988757616558	430
-0.11061002469343	0.741691461285339	2265
0.041650405814317	1.07705301700799	318
-0.10997666171814	0.783170148459437	318
0.00938717017933699	0.495354476486572	318
0.0798686735804151	0.754307218847203	3215
0.116891540026372	1.04314337400119	65
-0.04650208354095	0.434292024849057	207
0.000790959074768005	0.984622061753075	4525
-0.0365047538376599	0.403762808866673	2949
-0.11031924022944	0.77572281644483	762
0.00317115975462401	0.505871843374307	287
-0.05251019161795	0.429734791833162	21
-0.0365047538376599	0.403762808866673	21
-0.0433980676132799	0.44647504020799	21
-0.0394224817711899	0.428820497755674	21
0.0168516900660251	1.65044345371196	443
0.115262661893457	0.982668862914286	125
0.107153758230335	0.835846216194235	125
0.00271445992973596	0.521265643213589	23
-0.0474638017453599	0.446251819108337	23
0.034255803756906	0.606144369982894	46
0.01019373031366	1.30699656828296	430
0.042841647439365	0.568451179173125	430
-0.0970744629535401	1.39973041872201	318
0.085568862860319	0.752505547941536	318
-0.11486351790871	1.34520845507366	318
-0.09868916701235	0.718297272475252	65
0.00123554490252298	0.529473029392655	263
-0.10590221418551	0.782589610128703	207
0.055885078051747	0.692164297829939	207
-0.05045461324515	0.432727027587394	207
0.037449024141709	0.612602824581026	207
0.061076735116286	0.693838659005481	207
-0.05687842498287	0.852470403593816	762
-0.00121553135718999	0.503499544965371	103
0.062186750106957	0.671469126944942	287
-0.05841718778961	0.864895659563658	283
0.037753106732376	0.616198039999054	283
0.032354706923577	0.611931679071181	10
0.036163291437185	0.577775790520956	3173
-0.10330903821421	0.740933728758152	125
0.071117402116926	0.652282461234206	125
0.088901215757487	0.822369327824905	397
-0.0455159115247701	0.432093044759573	23
-0.0443643429565399	0.445800704702982	23
0.095148940112499	0.910936734727647	318
0.108951867687496	0.922381666745072	1
0.116071398707364	0.974048909173565	1
0.076867502521181	0.752352988493275	746
0.0627751797757991	0.707592424647626	656
0.100350943790615	0.845431024842962	287
0.00220379579866403	0.526527263663833	3980
0.037111205998082	0.596886674385892	21
0.000495684112402972	0.526867747572164	21
-0.04350155286969	0.429872929116567	21
-0.0415314553581101	0.405757204943893	367
0.0826841241583161	1.36692087470808	443
-0.04253907410973	1.43145625587734	443
0.081711397702475	0.789737615962777	125
-0.0423287740670699	0.428449042358836	125
-0.10985694370232	0.769947104181061	430
0.118704259507321	0.957611136462758	1855
0.022502415845611	1.06945591048451	3010
-0.0443643429565399	0.445800704702982	1
0.101321557471099	0.932993061030955	1
0.00123554490252298	0.529473029392655	207
-0.04248474526484	0.403156617361677	207
0.122780910250046	1.00136018017149	207
0.0650673429548581	0.675439593460258	103
0.107940749436967	0.924652204640837	103
-0.0578579656340901	0.868362942814535	103
0.00816696864779198	1.01525592786111	103
0.00123554490252298	0.529473029392655	287
-0.0483239786818099	0.427518463663862	287
-0.10650609832428	0.781810867649974	109
0.00180728678677899	0.477456734836591	109
-0.0454357545055	0.433156322806163	10
0.092976223945978	0.835927862141894	10
-0.04136409890739	0.424665264099882	21
-0.0423287740670699	0.428449042358836	782
-0.0474638017453599	0.446251819108337	782
-0.0432939638308401	0.427873668991277	21
0.075671103982509	1.24439805447883	443
-0.0545279416626001	0.418155888704423	1043
0.082985478828672	0.748957850030733	125
-0.0902160812557799	1.29820278919673	42
0.115070757878199	0.968228129743651	318
-0.11368403925957	0.756674545649209	3010
-0.0433980676132799	0.44647504020799	96
0.032984886684108	0.614378163164001	1
0.029849208394141	1.04433133246196	746
0.095300221261586	0.825222628364469	207
-0.11614580608271	1.03564466315679	439
0.083830643550793	0.780631023688335	439
0.036821377252259	0.606045751900081	3387
-0.00306387845826994	0.502893451196626	2949
-0.11895018647027	1.0558023978005	103
-0.0239392017301501	0.906646804523818	103
0.103949629827447	0.800786096314198	103
-0.0546385101042199	0.865545342371948	103
-0.05274969072026	0.817947376636943	103
0.083367095306824	0.791301889020935	287
-0.0423287740670699	0.428449042358836	287
-0.0545279416626001	0.418155888704423	287
-0.0453311350324299	0.440452046038488	3980
-0.0423287740670699	0.428449042358836	109
-0.0403999377976201	0.412918774533451	109
-0.0454357545055	0.433156322806163	109
0.0627751797757991	0.707592424647626	1563
-0.0404913862182701	0.429986031003074	21
-0.04640363250161	0.428229873657116	21
0.00598907382920899	0.516707923678894	6257
-0.04737202936464	0.415917962530664	455
-0.0462984443994901	0.427154861750129	336
-0.04889718130233	1.41509264338733	443
0.11203862891953	1.00002775564144	443
0.119780334232797	1.06721636792318	443
-0.04640363250161	0.428229873657116	397
0.05602324172957	0.683079416360525	430
0.09265285442189	0.83001335913368	1855
0.119110214507561	0.960871433198759	3010
-0.11814756124116	1.05701072767464	746
0.06435842903529	0.709189783039237	746
-0.04837640135043	1.20525138601023	746
0.054327533414555	0.670808495306078	103
0.032984886684108	0.614378163164001	287
-0.0526327230657799	0.835220334829509	3154
-0.10649890404876	0.758594678841909	283
-0.0415314553581101	0.405757204943893	21
0.00220379579866403	0.526527263663833	21
-0.00159385871586992	0.508400245228127	21
-0.11058277354997	0.782393259015343	125
0.00181555543052303	0.491357704023644	125
0.104374896384812	0.934353428769882	430
0.083830643550793	0.780631023688335	42
0.09482782033229	0.84308731227108	430
0.031755104563702	0.988692577135904	1855
-0.12277433587345	1.32612954480101	3010
-0.0541796279064399	0.873242042179189	738
-0.00707478605505996	0.486126523554787	1
0.0161828757195011	1.01458840868539	207
-0.0473623375497601	0.430582208132322	207
-0.10086455847742	0.729963118413842	207
-0.04981439755314	1.23087966868173	207
-0.11003654425941	1.058508341084	207
-0.04842602986207	0.44867035504741	2949
0.07886741611131	0.761944965496552	13
0.036821377252259	0.606045751900081	287
-0.0261841800954099	0.923552631743151	287
-0.0433980676132799	0.44647504020799	287
-0.0155588116435801	0.92537601519704	287
0.035216765024263	0.585619410807023	287
0.063193011531364	0.66828165679019	10
-0.0504962390383401	0.405262111219475	1563
-0.04842602986207	0.44867035504741	6257
-0.0442596687539101	0.423097140504412	21
-0.0492953460941199	1.35740424559374	443
0.055717479318132	1.18131403471208	443
0.054514047668474	1.22575343822552	443
-0.04816011165844	1.16531603167914	1043
0.085699115492713	0.820046725498291	125
0.049844524164413	1.1505347417014	125
0.00650295193964501	0.516919190277734	125
-0.0526533011655099	1.18771765996708	46
-0.0822411576002	1.4154300920521	42
0.092026996544597	0.730095058490441	430
0.071251686423744	0.652687180654218	430
0.099615617974971	0.895881625766243	430
0.030744039310375	0.588320087157007	430
0.073038119739262	0.742647406087406	1
0.09486185958494	0.839829895048406	1855
-0.02063986306635	0.846273695917823	1855
0.058044190334502	0.685802783754939	1
-0.0212911848677	0.889700228582845	1
0.028080666492288	1.06074164529289	3010
-0.10615699333071	0.745674334275735	3010
0.037111205998082	0.596886674385892	3010
-0.04146706489408	0.429278291239433	738
-0.0425391962345201	0.417848797674199	5479
0.00123554490252298	0.529473029392655	96
-0.05841718778961	0.864895659563658	1
-0.11561733705367	0.763899989114807	156
0.036797968262077	0.595015362806921	156
0.107654451122984	0.875308329762069	156
0.0324732551167261	1.05478552620941	156
-0.11452737898773	1.04516598633041	207
-0.04938876843792	0.445225820250445	207
-0.11687917507661	1.06037152817817	207
-0.11023852801059	0.7660076500325	207
-0.10564425747665	0.772723371678063	207
0.085035594344587	0.757640168112565	439
-0.04445264019477	0.430927724065131	3387
-0.06096582207496	0.84855503573994	2125
0.00642992020041999	1.00513422831746	287
-0.0432939638308401	0.427873668991277	287
-0.04640120529454	0.428382015905654	287
0.043515285501269	0.557653068824936	287
0.02885812692489	0.600573109989026	109
0.00427237583115303	0.515543120569999	1563
-0.0483239786818099	0.427518463663862	21
0.0222226342978999	1.03386762960812	443
-0.0297112967989599	1.19352322947074	443
0.101447152350996	0.829341382206539	125
0.00248730164073197	0.490477724589777	125
-0.03562258922442	1.21630676160649	125
0.063193011531364	0.66828165679019	125
0.080514901423488	0.745440155650206	125
-0.00804594445278006	0.472790256715632	397
0.000842851166075964	0.505098527889264	397
0.03914179568427	1.10006879984328	430
0.058601248110791	0.693213689358337	430
0.087416551830195	0.82668640532308	430
0.00610115503236997	0.521664477903687	1
-0.0578579656340901	0.868362942814535	1
-0.0619968585086199	0.845867906555773	3010
-0.05674004296582	0.85978475217464	3010
0.082785205428634	0.777939045460541	738
0.030760704589352	0.595081876801006	746
-0.11412168792261	1.07836940602169	746
-0.0541796279064399	0.873242042179189	263
-0.10467770910391	0.742387236326558	263
0.00536624632521698	0.523323803017451	263
0.036179063247249	0.561328234836671	4226
-0.01436854141678	0.907847455238625	207
0.054439910783612	0.6632720963839	207
-0.000441202374549921	0.962202596983812	439
-0.04842602986207	0.44867035504741	59
0.031724311729383	0.605459242427306	103
0.0818281895795811	0.777223971177691	103
0.038107146964605	0.556270398027458	287
-0.11045915747535	0.766699488336502	109
0.00744227715221701	0.498324286424817	109
0.061207481317509	0.699757730772474	10
-0.0432939638308401	0.427873668991277	10
-0.04243230844476	0.442292931729212	1563
0.00352830315109698	0.507456873448156	782
0.00427237583115303	0.515543120569999	2481
-0.0423287740670699	0.428449042358836	5917
-0.0127836566184001	0.904669439659551	443
-0.04842602986207	0.44867035504741	443
-0.10997666171814	0.783170148459437	622
-0.0320937489111499	1.27518856910852	622
-0.00567267025882989	1.58378281238712	1043
0.10559936618419	0.965371407550569	125
0.011825006559799	0.467794554644517	125
-0.11693225888734	1.07386597246778	125
0.027277832619153	1.0792333683107	125
0.085180855115064	0.737358647983738	430
0.106184504714447	0.843386779645379	430
-0.10710636173606	0.755960742779479	430
0.00724593065857404	0.509545936419535	3010
0.00673163236678998	0.517175184688351	3010
-0.04145354839253	0.429401569031903	3010
0.033924836817965	0.575384630153598	738
0.099589752429158	0.835142618095173	738
0.0201634114684059	1.06560054084058	4563
0.0617654127876	0.689577468961068	4563
0.102848562576652	0.838186184706594	156
0.00989320472661803	0.513997136030586	156
0.030774211926891	0.5858180585843	746
0.079068418153025	0.744234204639138	207
-0.07282132340409	1.12295176409883	207
-0.0565693666381599	1.49426891385833	207
0.0857198960464161	0.737948657812786	207
-0.04640120529454	0.428382015905654	207
0.050139897745306	0.645770772163626	439
-0.00117495676979007	0.966404622132863	13
-0.03260011614425	1.26828221729916	13
-0.060504624692	0.829523032943657	464
-0.10876502292248	0.770125167680193	13
0.105870323474179	0.984168952151454	287
0.00938717017933699	0.495354476486572	26
0.00375154019383195	0.971671445769979	10
0.123132615924217	1.10132330501627	1548
-0.0474638017453599	0.446251819108337	21
0.012324224306478	0.477953329393178	2239
0.00892225986164197	0.502407069289994	443
-0.0900689978416001	1.34047153238833	443
0.062042933115091	0.650824448770803	622
0.086476170519777	1.27020061232565	125
-0.0993965760562401	1.37839082431726	397
0.121025662219206	1.2369558307962	430
-0.0432939638308401	0.427873668991277	430
0.00598907382920899	0.516707923678894	430
0.030105288495575	1.03495719880445	1
-0.0423287740670699	0.428449042358836	344
-0.0433980676132799	0.44647504020799	1
0.00501617472378002	0.519562639486116	6532
0.034885006064964	0.608532993502877	738
-0.1068524104524	0.785954285689314	4563
0.079330795635067	0.761844589869357	1487
-0.0432939638308401	0.427873668991277	746
0.110720172181191	1.01814977714837	263
0.075694575749507	1.23270107342551	207
0.030116819106933	0.579663817926862	207
0.036821377252259	0.606045751900081	207
-0.04594558830137	1.07688443576338	464
0.112794233960292	0.875509221011154	103
-0.0432939638308401	0.427873668991277	1563
0.00892225986164197	0.502407069289994	21
0.00598907382920899	0.516707923678894	782
-0.1212318900354	1.07173239833006	782
0.121235592501686	0.957352687231552	443
0.03491791148562	0.591447556618059	443
-0.11308063315024	0.759786505656415	125
0.097250542696922	0.807393969111985	397
-0.07131827289434	1.0610781439284	397
0.122255330829883	1.07227295795508	397
0.038076458115613	0.61508237326934	430
-0.05061061736058	0.829022652339251	430
0.020652361147978	1.05178040685828	42
-0.0619858834895599	0.852837268351295	430
-0.10902707116031	0.772016336960435	738
-0.11158583867598	1.05443657867982	4563
0.00598907382920899	0.516707923678894	1487
0.103834867668406	0.892870947571142	263
0.040638681492113	0.581504175006857	207
-0.02248350282902	0.907413479289541	207
0.11907004099924	0.959598604971808	207
0.090636633593663	0.861223965128494	207
0.099653251627304	0.864343821602172	207
0.083725052904972	0.745068805904	207
0.032447579617345	1.05206036496017	207
-0.0404913862182701	0.429986031003074	103
-0.04842602986207	0.44867035504741	103
-0.0473623375497601	0.430582208132322	103
0.0901815215489	0.725039194050937	287
0.000814761248093987	0.98806862270171	26
-0.04842602986207	0.44867035504741	2220
-0.0203733782189299	0.921934777272878	21
-0.04243230844476	0.442292931729212	1290
0.031388569652256	0.595511586262737	443
-0.04737202936464	0.415917962530664	443
0.068068570948268	1.63584657675915	125
0.0853793672980549	1.32301088240378	125
-0.12327416221564	1.97267710275561	125
0.055833659348135	1.58757751144418	397
0.00197513677763295	0.527784975096114	430
-0.10997666171814	0.783170148459437	430
-0.0768303076175601	1.0854101638974	430
0.067504357299504	0.627149150873078	1
-0.03746168551681	0.403308488640235	2228
-0.04640120529454	0.428382015905654	3010
0.0308526554476261	1.06295957825489	1
0.024731117069399	0.576128925430867	1
-0.0233216608397999	1.57534122459427	263
0.038690307661141	0.59639782815755	248
0.038380605128154	0.610531580886766	207
0.066079764649478	1.09292341781825	207
-0.1062565327737	0.710370601924961	103
0.080299378371568	1.27936055532774	287
-0.04136409890739	0.424665264099882	2220
0.03963898606601	0.588611757271608	5909
-0.1066379864425	0.73091509840622	443
0.0805246728128211	0.772052831159134	443
-0.10120934674752	0.751162686121947	443
-0.0394224817711899	0.428820497755674	622
0.0812586365218561	1.72829744867511	125
-0.12037854085598	1.31412257958796	397
0.032984886684108	0.614378163164001	430
0.00989320472661803	0.513997136030586	430
0.000102437246733977	0.485490600386722	738
0.071982360854527	0.751699428821384	738
-0.04842602986207	0.44867035504741	1
0.034679132960217	1.09332259480784	207
0.00706650816352095	0.506602529499069	207
-0.0300560449459899	0.876618309375775	207
-0.0433980676132799	0.44647504020799	13
-0.0445578371161801	0.429867191818012	464
0.038059744089473	0.599220689975794	103
-0.0567599886167201	0.817402611699295	26
0.0630509662145941	0.639980100059616	5
-0.11101133004312	1.52371485357044	2220
-0.12173932312991	1.07724888163417	2220
-0.04350155286969	0.429872929116567	1548
0.105286659301129	0.897963604113893	21
0.100282204363277	1.3626632884442	2575
-0.04848810361579	0.41383247037589	125
0.065842322717385	1.96206268058716	125
0.037887817552079	1.38920235565289	594
0.00100697801016703	0.510959751285194	4563
0.00230431069785098	0.500940538183344	4563
-0.0453311350324299	0.440452046038488	248
0.042832653299355	0.594403039652802	207
-0.1052845778529	0.752073309366968	207
0.0886432448979531	0.760268153750783	207
-0.05928588963882	0.828539917606223	13
0.00650295193964501	0.516919190277734	287
0.00673163236678998	0.517175184688351	287
-0.01549852423482	1.2611028785486	287
0.083588583064036	0.764906760741489	443
0.003971718717943	1.02311680405657	594
0.083725052904972	0.745068805904	594
-0.0514532501040501	0.413654857637334	430
-0.04852745575138	0.433634927743835	430
0.050578044143182	0.660238758749498	1
-0.00352189480810994	0.495739708789825	1
0.00747391857737001	0.514089350246445	1
-0.0735466605086199	1.13385829437376	738
0.00548211485573702	0.980863316826314	156
0.060183168657535	0.698247076769362	156
-0.04938876843792	0.445225820250445	1557
-0.04145354839253	0.429401569031903	1557
0.120341365178741	1.03675065594815	263
-0.0119432982049199	1.24839622917578	248
-0.0742108774763801	1.13788052501869	207
0.015496110467343	0.469240620678984	757
0.086451434539973	0.710162168851364	287
-0.0394224817711899	0.428820497755674	287
-0.0394224817711899	0.428820497755674	287
-0.04136409890739	0.424665264099882	26
-0.0442596687539101	0.423097140504412	26
0.00100697801016703	0.510959751285194	109
-0.10518655104388	0.740557990462207	782
0.063214885598837	1.26151992171345	125
-0.0775155828009	1.10204139072417	125
0.00400498842969099	0.475111896503184	397
-0.0423287740670699	0.428449042358836	1
-0.03962636704759	0.394462428760593	738
-0.00121111082788006	0.466844281259577	738
0.0355139939507469	0.607116606721464	4563
0.00598907382920899	0.516707923678894	156
0.039332914988235	0.555805676378479	5582
-0.0132974694955299	1.2751443713125	1
-0.08067699434151	1.09830126911072	263
0.00999542358273997	0.479555325257534	263
-0.05577789463868	0.806765005542707	263
0.032675036530646	0.607875856809657	207
0.093631839268078	0.883214949972527	207
-0.00492257322538992	1.25154501964194	207
0.031065606499158	0.599504126969321	207
0.00513490229487401	0.509680765352785	103
0.0887079697204191	0.82891830072378	287
-0.0473623375497601	0.430582208132322	370
0.062186750106957	0.671469126944942	1275
0.065369507185588	0.69983898092563	125
0.00892225986164197	0.502407069289994	165
0.0701071060890171	0.654750778444289	430
-0.0385685927002399	0.414267050166112	1
-0.05251019161795	0.429734791833162	1
0.07012564170826	0.60696087517982	1
0.054327533414555	0.670808495306078	743
0.09266392682078	0.845927691207129	738
0.037111205998082	0.596886674385892	156
-0.0445578371161801	0.429867191818012	1
-0.00921636121656011	1.31561638904691	207
-0.0735963518267699	1.06519815835798	207
0.00770269257824596	0.497260263712666	207
0.039996175693012	0.595433602596057	207
0.00353834520557195	0.981291835107117	13
-0.04243230844476	0.442292931729212	899
-0.0454357545055	0.433156322806163	103
-0.0423287740670699	0.428449042358836	5
0.00575970002729898	0.520040244943026	5
-0.04445264019477	0.430927724065131	109
0.036797968262077	0.595015362806921	2220
-0.0375018650847101	0.413180773326961	782
-0.08744097259512	1.34988218382775	295
-0.01485558813655	1.53097179949781	125
0.051053969071159	1.1680806602895	125
0.100160198889157	0.887934692766515	657
0.093923204238963	0.870516893445917	397
0.052402866103195	1.54373024926431	430
-0.02736245109798	0.912341936514762	430
-0.0423287740670699	0.428449042358836	743
0.0387036793121051	0.613624450501273	738
0.072257556688652	1.26648808557323	207
0.030774211926891	0.5858180585843	207
0.104309110943647	0.898905827842794	207
0.047275383854905	0.549836423406044	13
0.115198397368875	0.983760972797263	255
0.00230431069785098	0.500940538183344	13
-0.0423287740670699	0.428449042358836	757
0.00660588465876	0.489175410841298	103
-0.11319183097073	1.11241731590193	725
0.066505701932759	0.68287646513989	5
0.00176567733116895	0.985653656569163	2220
0.00501617472378002	0.519562639486116	82
0.0387036793121051	0.613624450501273	397
0.116188802053011	1.01713664063035	397
0.087358286638524	0.763760467370178	430
0.016193429153271	1.40073200193524	430
0.06321224247701	0.707875602355158	1
0.071123466541928	0.634046260364528	1
-0.11526662420966	0.75876085042601	1
0.00598907382920899	0.516707923678894	156
0.041905481490669	1.1193047848363	156
0.00146491155476503	0.52395959859642	156
0.085441120990328	0.838317867858777	88
0.112930062481619	1.14220782070456	88
0.043818462845966	0.556765830686883	263
-0.01458794136449	1.26368054306932	207
-0.03729948758817	1.1946632086872	207
-0.000128876469950079	0.494203510437228	757
-0.04636952545761	0.800167195732628	26
0.00486393484812198	0.499245992481136	1054
0.055310767325339	0.687415741001475	6136
-0.10963270223314	0.771277710705763	370
-0.00424248215950995	1.43628912305446	443
-0.09031667551996	2.10000555977782	443
-0.00209923859038996	0.484683055232585	125
0.0670818636990011	0.714812183107308	125
-0.0593847769709299	0.831082622586928	657
-0.0394224817711899	0.428820497755674	165
0.101724072973153	0.903303293189	165
0.00353834520557195	0.981291835107117	165
0.053180749289282	0.669794656212401	397
0.00478690005961402	0.503756185059023	397
-0.05163220794746	0.832314832237037	430
-0.0000136612325198904	0.500937161674043	738
0.084216185704161	0.827663932718172	156
0.02885812692489	0.600573109989026	156
0.117685489330022	0.862635872425246	1
0.023191978247325	1.04666650431046	207
-0.0433980676132799	0.44647504020799	207
0.06751294269744	0.685546205188532	207
-0.0960478891605701	1.42346889092847	207
0.06909430412476	0.674154273589654	13
-0.0206448910308199	0.925683941983639	103
0.00598907382920899	0.516707923678894	103
-0.0561981985348901	0.819966692229113	103
0.033934634041467	0.616913290371044	103
0.066827730168193	0.625418198550821	26
-0.10110360737502	0.701798530377556	5
0.088360163790448	0.766760000627167	1054
0.00989320472661803	0.513997136030586	2220
-0.04038355317258	0.428241517084643	370
0.063336709497381	0.675737035862366	370
-0.0433980676132799	0.44647504020799	1027
-0.0454357545055	0.433156322806163	782
-0.0433980676132799	0.44647504020799	782
-0.0443643429565399	0.445800704702982	1727
0.043238030134234	1.53054810596662	165
0.104783247094025	0.901470063681748	125
0.00892225986164197	0.502407069289994	125
0.029930016499316	1.06491907682519	165
-0.11031924022944	0.77572281644483	397
-0.1153524087524	1.08764784714796	1
0.123585327090701	1.02056720118039	430
-0.0311132033230099	0.896567095099762	3432
-0.0444683948150699	0.433758823456749	743
0.113556832197737	0.905178561129437	1
0.00299905039289705	1.00898585428504	1
-0.04350155286969	0.429872929116567	1
0.079243047279308	0.755213131943333	1
-0.0520723233185401	0.837970222725997	156
0.060634977748008	0.703536127183062	88
0.0368038472203009	0.561661303928399	248
-0.04360026686825	0.418948345293282	248
-0.0794147018414599	1.41092052555146	207
-0.00990094674683006	1.2231097830953	2019
-0.05843403446095	0.401170844991363	255
-0.05897261773142	0.837234045321935	255
-0.04350155286969	0.429872929116567	899
0.043267700395866	1.11274112234052	103
-0.0462984443994901	0.427154861750129	725
0.0595024990069391	0.654048013407876	5
0.059175986593387	0.691934666195644	6136
0.00938717017933699	0.495354476486572	370
-0.01933196443063	1.70311607029002	443
0.088087153328423	1.26425172254768	406
0.07831177097761	1.77808749523907	406
0.061920721819453	1.50527099467792	125
0.0627751797757991	0.707592424647626	430
-0.11116706122458	0.70274295516935	1
0.00298036026996096	1.01120352686293	1
0.082306674814397	0.746635686307339	88
-0.00829973422560992	0.95267523080592	1
0.066497070371435	0.652374040857555	207
-0.04145354839253	0.429401569031903	207
-0.1018248678003	1.35577151614112	248
-0.01754016256609	0.948160564315941	207
0.076789946691124	0.772775031006851	207
-0.00632293864200006	1.31467839745498	2019
0.086284633765326	0.76238556584067	2019
-0.0483239786818099	0.427518463663862	1859
-0.04842602986207	0.44867035504741	899
0.03204491513729	0.596490969006815	757
0.040625422085209	0.599198553208337	103
0.0377422529075619	0.594094542526021	5
-0.11915611233114	1.10071477572981	6136
0.026790789468627	2.21059722814548	443
0.089150083080266	1.74228051508234	406
0.069332762025954	1.21354539503399	125
0.025188982449601	1.41671754378886	125
-0.07837030760049	1.39272384392477	125
-0.0404913862182701	0.429986031003074	125
-0.04349566692495	0.428711682497803	3144
-0.03554832531997	0.400461170922289	397
-0.11536584227386	0.740431235890235	430
0.106975095835697	0.96380104617502	430
0.110088823685256	0.88487895547323	430
-0.09211261792974	1.38473316370998	2253
0.093414792761971	0.869622523119349	1
0.055748601009054	0.675038233558974	738
0.0498986404038	1.05637846328358	1311
-0.02360608298749	0.919800858095239	1311
0.00498432535531401	0.975816242480743	207
0.099558671353712	0.833591219695006	207
0.00220379579866403	0.526527263663833	207
-0.0540789680578999	0.856852188273013	757
-0.0566252356016801	0.832007924184094	103
-0.0500829358277199	0.775390306700061	103
-0.0587262613474899	0.8099379181653	103
-0.0404913862182701	0.429986031003074	26
0.00243325300321595	0.50358452883394	26
0.031069331106117	0.57746726400409	370
0.00650295193964501	0.516919190277734	782
-0.00024444578496996	0.519580235074901	782
0.00486393484812198	0.499245992481136	782
-0.000474424787330063	0.510164144766332	1531
0.023159710079819	1.34332856575449	443
0.03299271770145	1.12038141665506	443
0.106096942777501	0.964697317460547	443
0.104410497057497	0.932691974358638	406
-0.0710957610009699	1.13385085981288	125
0.122767705048206	1.03074789167136	165
-0.12015488596251	1.36661290172668	594
-0.05356821355632	0.418422773072408	1
0.060899082612822	0.662857391246797	1
0.044027392213879	1.52763440446923	156
0.00501617472378002	0.519562639486116	88
0.106899102523797	0.911389607865579	207
0.013970049967348	1.28909401871	13
-0.10711017560976	0.776316276698443	207
0.12229885757126	0.949650091611565	13
-0.02295061306819	0.918625119534205	899
0.043140050046784	0.567964927782032	757
-0.0442596687539101	0.423097140504412	103
0.060617390106651	0.696079776374805	444
0.00478690005961402	0.503756185059023	5
-0.04938876843792	0.445225820250445	1054
-0.04136409890739	0.424665264099882	3305
0.0642395907241891	0.669021291238439	2220
0.0415757759140351	0.596758477825843	2220
0.00463107374425698	0.520787378781233	370
-0.04544058137198	0.417592493711629	4646
0.061766077169195	0.684572997160026	782
0.067081711329834	0.65448058107152	82
-0.04842602986207	0.44867035504741	82
0.107471417554941	0.962790602698751	443
0.00298036026996096	1.01120352686293	443
-0.12493096637147	1.07113736491746	443
-0.07401761411581	1.40071522484265	165
0.034244600467445	0.607391228022738	125
0.0894326037429341	0.752751213655089	165
0.100729837890335	0.789911630030137	39
0.026670528147837	1.36713645717149	397
0.057909607949415	0.676470833499564	397
-0.07948266122885	1.04780098413759	165
0.00157372035511905	0.505438985948541	594
0.06751294269744	0.685546205188532	430
0.107742396370336	0.911682310817646	430
-0.11379139400982	1.56963928152364	743
0.066505701932759	0.68287646513989	743
-0.0432939638308401	0.427873668991277	640
-0.05315988542133	0.861232234604884	640
0.090129490048094	0.853514921637049	156
-0.0454357545055	0.433156322806163	156
-0.00232873693392	0.50805193852294	156
0.093414792761971	0.869622523119349	88
0.085648949724376	0.73161751449145	88
0.121039277075886	0.816451418183555	88
-0.06143803902858	0.841319623201409	207
-0.0557179222755799	0.848268726874163	2019
-0.0330996039195	0.885054347170455	899
-0.0619968585086199	0.845867906555773	899
0.0364974705783629	0.615161111056148	5
0.121731500752796	1.10299071097091	2220
0.0387036793121051	0.613624450501273	782
0.0377422529075619	0.594094542526021	782
-0.04038355317258	0.428241517084643	82
0.121036164104631	1.52226511509589	443
0.065081073962224	1.62697243882262	443
-0.0433980676132799	0.44647504020799	165
0.058744814516303	0.663266161208673	165
0.080099499752177	0.774275852979994	1165
-0.07567599380779	1.15232420582212	2253
0.110658468323906	0.912378244235178	1
0.113048635982359	0.909926573316907	1
0.117943946363382	0.973721983480421	640
-0.1247043324298	1.02358392431726	738
-0.02506019291651	0.942106671344998	1
-0.0236728510025901	0.917655544616537	1
0.059608747063883	0.699551221692607	1
-0.11248106959915	0.75137344551645	88
0.078987300341423	0.763471834046138	88
-0.0494797051920901	0.829322640237784	88
-0.05585888474981	0.856149873128728	899
0.10793983477291	0.950858128040337	3031
0.090025449551391	0.73629799731487	103
-0.11118908049623	0.776925036036676	103
-0.03952973450319	0.426155787261663	103
-0.0445578371161801	0.429867191818012	26
-0.11440669720491	0.765292285205779	5
-0.0666815756207799	0.826392861475399	109
-0.03952973450319	0.426155787261663	917
0.00123554490252298	0.529473029392655	917
0.00108518828565896	0.486618940528135	4646
0.00598907382920899	0.516707923678894	3243
0.00352830315109698	0.507456873448156	3243
-0.04541011657835	0.427842189003177	3243
0.095392763702822	1.80012762830768	443
-0.09389397974779	2.19347015632021	406
-0.00649168264049993	1.60657070494886	406
0.117295302625548	1.03572798317331	125
0.113412015018693	0.984832767224361	125
0.090180630210186	0.744089242713466	125
-0.0474335749722601	0.417860442772463	125
0.049236397204605	1.05728074901545	39
0.104118984915482	0.897825366220024	1
0.084518606361181	0.770724103178486	2253
-0.06923699045867	1.44334669707678	743
0.093077581627166	0.782074043173789	640
0.075250771448103	0.762424029470453	156
0.108249902649765	0.910078022135245	1
0.0355139939507469	0.607116606721464	88
-0.04136409890739	0.424665264099882	88
-0.10270769359831	0.741576004587304	207
0.0694636575654211	1.20270989068504	2019
-0.0454357545055	0.433156322806163	4558
0.000992982940615006	0.946150254170567	899
-0.0537191492893301	0.860335213726001	3031
-0.0224209224345	0.923864668018027	103
-0.04445264019477	0.430927724065131	103
-0.05616926449841	0.84132788427058	103
-0.02592589621307	0.856538394206141	5
-0.0224209224345	0.923864668018027	5
-0.0171428834140099	0.922471626886274	5
-0.0620866510037399	0.837227563430871	3305
-0.10806133718696	0.779615651282842	1098
0.110246044353056	0.887309385406736	3243
-0.0453311350324299	0.440452046038488	336
-0.0444683948150699	0.433758823456749	336
0.10502766661891	1.99371104940571	443
0.0960924049895669	1.34216141802945	406
0.12291758950375	1.07254944194893	39
-0.0425352281097999	0.417796316913952	1394
-0.04842602986207	0.44867035504741	430
0.045072803559765	0.554700285772151	2253
0.095043292022468	0.898267323352221	2253
0.03168352231379	1.39634917460748	2253
-0.0236728510025901	0.917655544616537	743
0.047810956070515	1.16680646650984	743
-0.0423287740670699	0.428449042358836	156
-0.0514228687021301	1.20908057157975	1
0.0422043216657551	0.597227396370121	88
-0.0444683948150699	0.433758823456749	88
-0.01910950997179	0.878624178639557	420
-0.10276324519887	0.759604525468119	13
0.094924121601268	0.835339683755825	899
-0.04243230844476	0.442292931729212	899
0.07936719159689	0.754319168655753	899
-0.11466266660174	0.767215564744385	899
-0.01866317090055	0.930115777797544	103
0.098112930183979	0.849772046670162	103
0.068086236117116	0.682744660897901	103
-0.10624823730327	0.781936167426071	444
-0.1121390168569	0.773479854806723	5
-0.0340583634304199	1.18788735281032	5
0.116507877126377	0.998330470893399	5
0.00650295193964501	0.516919190277734	3305
0.00100697801016703	0.510959751285194	917
-0.0494907784776699	0.435890454815377	82
-0.0404913862182701	0.429986031003074	82
-0.0453311350324299	0.440452046038488	82
0.085833501512805	2.20653505645039	406
0.024309981533309	1.35512799762197	443
-0.0800055142332501	1.13358316263854	125
0.00633257992448399	0.5081612900386	397
0.06251972288077	1.21754948014243	594
-0.0116755822158701	1.53690302681213	1
-0.0474638017453599	0.446251819108337	430
-0.0632434301760501	1.4164266959871	430
-0.00457662470406994	1.27588776452659	2253
0.048940886878236	1.43700348177511	640
0.090434766393319	0.743476765700589	1
-0.0494398476354501	0.413578242222271	156
-0.0394224817711899	0.428820497755674	88
0.039320655194157	0.590001927151446	623
0.094108814849499	0.829551939757077	420
-0.0551849463520799	0.827493232279059	538
-0.0201692422156801	0.877052694496734	103
-0.04852745575138	0.433634927743835	444
0.108820095231933	0.963215583575522	444
-0.0330525094423999	1.20176734156818	5
0.038549837610293	1.06070197843216	5
-0.10843078085249	1.04684708437065	3305
-0.0483239786818099	0.427518463663862	917
0.087567070075126	0.755579697851069	917
0.036797968262077	0.595015362806921	782
0.028551745740191	0.58848827065633	782
0.062200966211757	0.682077067574597	6146
0.076174978554471	0.758591975539537	82
0.095123424263451	2.29816325737932	443
0.067237652413932	1.77978184552354	443
-0.000631192590289986	0.489631195802036	39
-0.0282838386079101	0.92074518263036	1165
-0.09058301544031	1.36204168508265	2253
-0.0545279416626001	0.418155888704423	1
-0.11092563699392	0.779636180888701	156
-0.0554489708945301	0.387679224464708	156
0.116360509957477	0.983119725908601	156
0.081523495658534	0.772338934102425	207
-0.11179558267584	0.766478710900199	623
-0.11591543611623	1.11285756682014	757
0.09916596977082	0.859930899633248	26
-0.00290072267905006	0.98397371948758	444
0.030194094013328	1.02233638529461	444
-0.0652276853353699	0.818746771687238	26
-0.0124703688752099	0.866609152746242	370
-0.0614254159833101	0.8512575739106	370
-0.0579534845882499	0.821722983159711	370
0.093881863094707	0.864935033778707	1098
-0.11700092312076	0.734164359581938	1098
-0.0444683948150699	0.433758823456749	82
-0.0433980676132799	0.44647504020799	82
-0.0433980676132799	0.44647504020799	82
0.068958006627342	0.651229766068492	165
0.00121807972056798	0.988951323942824	39
0.086131855861519	0.788752944536241	165
0.00989320472661803	0.513997136030586	165
0.00230431069785098	0.500940538183344	594
0.061490620657884	0.647778644238117	594
0.106685126468027	0.883721309199469	430
-0.11802159418126	1.07685295627638	430
0.084490075518342	0.815020929674635	1
-0.12464978230208	1.5791770821363	88
0.000725759274744053	0.516767991607716	207
0.018486587723429	0.997844393436518	353
-0.0142459458628701	0.920971265741306	420
-0.08093570094398	1.10931713983318	444
-0.04243230844476	0.442292931729212	3305
0.038690307661141	0.59639782815755	3305
0.032354706923577	0.611931679071181	452
-0.00121553135718999	0.503499544965371	82
-0.1074567770412	0.785164696365224	82
-0.07983104816969	1.17121599678276	1521
0.113471722721038	0.941793783717016	39
-0.05116895675835	0.824048887965883	165
-0.04848810361579	0.41383247037589	397
-0.0871193228935101	1.12629599547231	1
0.105167375127768	1.40900886881084	1
0.00938145048295902	1.31237572883333	2253
0.06032490373154	0.677438848401336	1
0.0802439577969361	0.782623342295971	1
-0.0484238385540099	1.22112353642979	156
-0.11539662720903	1.10856630609993	88
0.060757403849562	0.692986431409001	207
0.024407721226052	0.561409304240715	13
-0.04136409890739	0.424665264099882	538
0.026190160402421	1.0819858248317	899
-0.0873359493224899	1.56453087294674	26
0.00575970002729898	0.520040244943026	444
-0.0305461751640901	1.22104601455822	26
0.0944608639343249	0.842111027502616	5
-0.10676417056102	0.739323175213629	782
0.026636192966526	0.571183495938606	165
-0.09599608010799	1.30708246791998	2253
0.00970180605738003	0.944265881260533	1
0.121119620679388	1.24087453916061	640
-0.10362996051429	0.748471178792662	1618
0.00949859459945102	0.485929223822926	156
0.00146491155476503	0.52395959859642	156
0.063785428419289	0.710545406657148	2791
-0.11476361485266	0.746481624507795	88
-0.0433980676132799	0.44647504020799	88
0.061207481317509	0.699757730772474	207
-0.05346881310061	0.429427774421712	353
0.111583394127667	0.981190989228784	353
-0.0423287740670699	0.428449042358836	353
0.058475802538455	0.695129402768599	353
0.065236823805624	0.671582877808277	13
0.032995919146522	0.603731162763283	103
-0.0216298836041	1.28261128473029	103
-0.0741847474633699	1.12884631826679	26
-0.1198645218573	1.54165782444321	5
0.085800217325293	0.736857678160746	82
-0.0525943498286801	0.807345521590109	82
-0.0385685927002399	0.414267050166112	39
0.113196172018178	0.994516653553556	1165
0.060899082612822	0.662857391246797	1165
0.0298091031343291	0.602931281853728	2253
0.06290722856986	0.667306303233555	1
-0.0618834098291601	0.836791420018846	1618
0.111522482364719	1.01403518337857	1
-0.0066673828288899	0.453701438655004	1577
-0.1121390168569	0.773479854806723	1577
0.079405426221112	0.749507046900525	156
-0.0226152573576099	0.910271224387448	156
-0.0442596687539101	0.423097140504412	13
0.083367095306824	0.791301889020935	420
-0.0474638017453599	0.446251819108337	538
0.00501617472378002	0.519562639486116	878
-0.0483239786818099	0.427518463663862	878
0.093949928146341	0.839496214382116	103
0.103141581744424	0.905795269278707	26
-0.10711017560976	0.776316276698443	782
-0.0273981450680201	1.91296916499715	406
0.057933365531554	0.677229534780107	443
-0.0813187720370501	1.16026787543068	39
-0.0403999377976201	0.412918774533451	594
-0.10431768047177	0.738472291780333	1507
0.012047100770327	0.924791655934559	2253
0.01137017135527	0.503721354612043	1
-0.0444683948150699	0.433758823456749	1
0.111062938460896	0.965080173389453	1
-0.11023426389199	0.771347784732005	353
0.0894500270633481	0.829648941830903	198
0.000603244098248967	0.494509435912605	103
0.059034138955969	0.697021927271449	26
-0.0444683948150699	0.433758823456749	26
0.00254121309171496	0.96719127410752	26
-0.04842602986207	0.44867035504741	82
-0.00121553135718999	0.503499544965371	82
0.003908799730446	0.504338198541581	594
-0.12252781333613	1.54745964035222	1165
0.0351933721219549	0.6098449656254	1507
0.063911408650067	0.673049290590659	1
0.039705400913254	1.08222643528466	2253
0.05806031917872	0.67741408499603	1618
0.111270216005022	0.878306237446501	88
0.106294529648258	0.928049878078812	88
0.0336263868866969	0.599812214032604	353
0.0637951230712041	0.672109348028099	420
0.032695402837764	0.586850038711702	757
0.00463107374425698	0.520787378781233	103
0.031388569652256	0.595511586262737	103
0.077867026170486	0.761684504311655	103
0.10087067695564	0.896889999509412	26
-0.08090984321523	1.11010821187196	5
0.097199085388844	0.806174914023079	5
-0.0454357545055	0.433156322806163	375
0.00123554490252298	0.529473029392655	165
0.00197513677763295	0.527784975096114	1165
-0.06741808872273	1.4179874371722	1
0.084137869305407	0.737476020073023	1165
0.020854567200679	1.30725802694479	1
-0.0521100082525701	1.22358799692951	1
0.054783602554668	1.1891279535787	640
0.05760689454846	0.680994071181348	1
0.064223957962439	0.698587107261393	156
0.062273277557549	1.104263170809	88
0.0649082390911691	1.21604421993196	88
0.046118816182073	1.17012405793584	88
-0.0444683948150699	0.433758823456749	13
-0.0474638017453599	0.446251819108337	757
-0.06361225522148	0.814895097088654	757
0.024617132270735	1.01748121924109	757
0.099417801739233	0.810659490616782	757
0.092514669431691	0.82562585665283	1503
0.01504902848929	1.05549370514834	26
0.117595741321722	0.999840492988193	5
-0.04640120529454	0.428382015905654	5
-0.0583071317953801	0.85758544690967	5
0.06853387412054	0.67407265081065	375
0.014827053599196	0.940043820241933	336
0.0803332132867291	0.745529183359638	336
-0.0761801885520199	1.13215815927779	3243
-0.0255883920350499	0.941086426871072	82
-0.03962636704759	0.394462428760593	82
-0.0524107636909401	0.413403082615961	82
-0.11120721752555	1.08504378446864	165
-0.04852745575138	0.433634927743835	165
-0.0525969294744599	1.19638712567473	165
0.079168664535028	0.785427605356846	2130
0.078792758795307	0.765184658102144	2130
-0.04842602986207	0.44867035504741	39
0.119833562897414	1.03158252145339	39
-0.12337096685645	1.06629812726488	39
0.092187103572917	0.842513733527564	1165
-0.00608005889000007	1.25994378979331	564
0.064485920925391	0.666987510682409	1759
0.031536767197224	1.0397886055176	3712
-0.04842602986207	0.44867035504741	1712
0.000603244098248967	0.494509435912605	1712
0.00821593265742504	0.506804095237926	1714
0.034303449664759	0.532822545296151	538
0.0851166944223381	0.764507800419289	899
-0.0783635072490201	1.16516530164269	899
0.00123554490252298	0.529473029392655	878
0.0106318221348251	0.51093753674394	757
-0.11933678093615	0.717442992567831	26
-0.05356821355632	0.418422773072408	26
-0.04349566692495	0.428711682497803	4771
0.00757018156866796	0.499894760531006	26
0.081108743419311	0.725253909159431	375
-0.00255742764743006	0.511082458511344	82
-0.04145354839253	0.429401569031903	2130
-0.0870291181730201	1.15776019670717	39
-0.02183115380055	0.953911772813362	1
0.058459344221006	0.690607596062103	1165
-0.10838416090208	1.01004985763353	1
0.00587052576133296	0.50367174171513	1
-0.0554489708945301	0.387679224464708	471
0.00744922536481396	0.96494063730338	216
-0.04241622157411	0.424562607174006	538
0.041883270936962	0.596828158740491	899
-0.11068854497108	1.07883877220739	757
-0.0455159115247701	0.432093044759573	103
0.105558392377684	0.957315159328838	5
0.00837274146797795	0.924817161712533	375
-0.10094781131402	0.729088561707225	375
0.090180630210186	0.744089242713466	375
0.00146491155476503	0.52395959859642	82
0.00747391857737001	0.514089350246445	82
0.00478690005961402	0.503756185059023	82
0.033934634041467	0.616913290371044	133
0.035531544585078	0.577374611026435	82
0.00389563710337704	0.51367246038528	1914
0.094570192690273	1.58548047728471	406
-0.00767104358149995	1.2911107685819	872
-0.05897261773142	0.837234045321935	165
-0.0537304782238099	0.826043842533492	1
-0.06142852657957	1.45051468989386	2253
0.052300438263618	0.668286020544841	1
-0.00192802438776996	0.988428540430344	564
0.00949859459945102	0.485929223822926	1759
-0.11039940847142	1.02588946129006	156
0.076789946691124	0.772775031006851	88
-0.03952973450319	0.426155787261663	13
-0.04650208354095	0.434292024849057	216
0.057335938639461	0.671992324167311	899
-0.1068524104524	0.785954285689314	899
-0.11118908049623	0.776925036036676	757
0.110277467785381	0.859191929241709	1503
-0.000954840855819983	0.983592068038505	198
-0.0473623375497601	0.430582208132322	103
0.00673163236678998	0.517175184688351	103
0.063625783638676	0.650044307525604	26
0.097810088006696	0.772000891183936	5
0.066801278271836	0.665412481898141	26
0.056459202756348	0.692750717167242	375
-0.0490300282963401	0.802120045442133	53
-0.05446458897971	0.394083936538874	53
-0.04852745575138	0.433634927743835	133
0.099615617974971	0.895881625766243	564
-0.11083661728542	0.773183051980988	564
-0.11000773839595	0.728967371814622	1759
-0.0780445313745599	1.44265606165681	1618
0.026416110799747	1.06287530510595	1618
-0.1231172579387	1.36158979839402	1
-0.0494907784776699	0.435890454815377	13
0.00683580005155904	0.515283271365812	216
0.0106318221348251	0.51093753674394	757
0.0828289836082971	0.784443291963916	1380
-0.01754016256609	0.948160564315941	103
0.061191494525398	0.694785896524665	103
-0.04650208354095	0.434292024849057	103
-0.0604056699023201	0.846988371274188	1533
-0.00243580923393005	1.00000106187077	26
0.078092736628972	0.770976340501283	26
-0.04640120529454	0.428382015905654	26
0.00683580005155904	0.515283271365812	26
0.010863265882162	0.499378493957803	375
0.060194831726988	0.696942967280344	53
-0.01001530030894	0.875577619851423	82
0.03582241922687	0.599224330426086	82
0.0818281895795811	0.777223971177691	82
-0.10963270223314	0.771277710705763	133
-0.12402252144566	2.1062670025855	406
0.074989039626755	0.715833659325959	165
0.063785428419289	0.710545406657148	165
0.086821539261372	0.764923385487365	1
-0.0442596687539101	0.423097140504412	78
0.109173570585015	0.870099156916311	640
0.078329246981919	0.769655508449523	1618
0.00501703982701296	0.471049362986392	1712
-0.10649890404876	0.758594678841909	37
0.0825231833815781	0.764407053699888	37
-0.0394224817711899	0.428820497755674	1714
0.00853331524864598	0.486321399617649	2958
0.00366286090618595	0.508889612374996	485
-0.11596147365583	0.740753350308211	899
0.000266411603936034	0.512528764904733	3907
-0.04243230844476	0.442292931729212	757
0.062761823354119	0.675201006324962	1380
0.089409280040608	0.825113264020597	1380
0.03639025699903	1.01439578095555	1380
-0.0756508622611101	1.14933139249199	1380
-0.11703084417896	1.07752605265174	198
0.00329764313202097	0.499670633316748	103
-0.0494907784776699	0.435890454815377	5
-0.05317285567167	0.824537015108513	5
-0.0133784877691301	0.891290919229449	26
-0.10458043201218	0.751538082670932	375
-0.0615255933086201	2.03362191693098	406
-0.0546385101042199	0.865545342371948	39
-0.1249542666981	1.27242389660853	1165
-0.05473920561919	0.872302526191695	78
0.118019076081531	1.01983809755133	564
-0.0474638017453599	0.446251819108337	1
-0.07651778587603	1.10577427809514	37
0.124898832103238	0.920415083341951	1
0.01137017135527	0.503721354612043	88
-0.04842602986207	0.44867035504741	471
-0.0473623375497601	0.430582208132322	485
-0.0551849463520799	0.827493232279059	216
0.0101318344105999	1.00223753397841	216
0.038690307661141	0.59639782815755	899
0.00575970002729898	0.520040244943026	899
0.111984041219564	0.881497166748594	1380
0.086454155470398	0.835228843806617	103
0.037786734378175	0.976568296032966	103
0.0422043216657551	0.597227396370121	4771
-0.04243230844476	0.442292931729212	375
-0.10026017457884	0.725095737481452	375
-0.10276324519887	0.759604525468119	6671
0.034244600467445	0.607391228022738	53
0.032354706923577	0.611931679071181	82
0.037131993072537	0.571894662307801	82
-0.11153222916333	0.778873184687404	82
0.069260621434817	0.743465853772464	82
-0.04541011657835	0.427842189003177	697
0.00180888866926399	0.972111405127678	165
-0.04243230844476	0.442292931729212	39
0.061256128858794	1.20907112055	1
-0.03952973450319	0.426155787261663	1
0.033321905392507	0.596554632713741	37
0.081245735159308	0.789972117732132	37
0.089265534418665	0.830084152411731	1
0.00100697801016703	0.510959751285194	485
0.033934634041467	0.616913290371044	757
-0.12153115180877	1.37990134963675	198
0.0383786107291501	0.590906537522147	103
-0.10397450810671	0.758202020923154	1533
0.014529020111257	0.46963542981735	5
-0.0453311350324299	0.440452046038488	3501
-0.0433980676132799	0.44647504020799	375
0.055771263105321	0.675281509865606	375
-0.0224209224345	0.923864668018027	6671
-0.0132537404640301	0.909043491038529	82
-0.07035270773825	1.65749073939343	872
-0.12267693426891	1.08242147094614	165
0.074853402183625	0.614281032317122	125
-0.03217098519734	0.89487370224155	1
-0.04938876843792	0.445225820250445	1759
0.104472722819383	0.921556384531264	640
0.079985547919131	0.773221771008977	1618
0.072150156541639	1.18559116089156	1
-0.0423287740670699	0.428449042358836	88
-0.0423287740670699	0.428449042358836	485
0.0798686735804151	0.754307218847203	216
-0.01368702987952	1.27009006319799	13
0.0415757759140351	0.596758477825843	576
-0.0045706142644999	0.972864442426396	396
-0.10937074488188	0.779208599663148	375
0.029486978146907	0.601018076473175	53
0.0402688502529061	0.582409531042717	82
-0.0475646445167299	0.422542066773274	3298
-0.04241622157411	0.424562607174006	3670
0.02885812692489	0.600573109989026	3670
0.038380605128154	0.610531580886766	3670
0.03203576343756	0.593927142513373	3670
-0.08872525660208	1.63752892036217	1481
-0.0960945013827299	1.58420643180875	5524
0.106305643187472	0.9894188960066	640
-0.11720112678591	1.04573103660682	1
0.00368076094158598	0.518415662074474	1
0.089192599952139	0.85261768745058	37
0.0479320515117631	1.10765320460812	216
0.084442841711621	0.792875270926155	576
0.03582890857997	1.12615338678789	198
0.085568862860319	0.752505547941536	198
0.060767471612724	0.688515138912235	5
0.062761823354119	0.675201006324962	375
-0.04243230844476	0.442292931729212	133
-0.04243230844476	0.442292931729212	872
-0.10469502488068	0.769472947294151	165
-0.0454357545055	0.433156322806163	3298
0.03963898606601	0.588611757271608	3670
-0.12220187374696	1.70826224749312	3670
-0.12190854276168	1.0659809062652	78
-0.0542293903486699	1.15502593395783	1
-0.0443643429565399	0.445800704702982	1759
0.0431909729740631	0.553685822230511	5524
0.108729487953696	0.766928966568547	5524
-0.09374334156296	1.09381900512574	640
-0.0990629045471301	0.893023160016747	37
0.112444838565617	1.01743254142117	37
-0.0545279416626001	0.418155888704423	88
0.060617390106651	0.696079776374805	4
0.00220379579866403	0.526527263663833	878
-0.0442596687539101	0.423097140504412	198
0.00915431893902496	0.51354011901363	103
0.021044364464324	1.05513317333143	1533
-0.12447525748744	1.33337984049337	26
0.055327431523183	0.680268301235614	82
-0.04541011657835	0.427842189003177	82
0.038690307661141	0.59639782815755	82
-0.0464744906310901	0.428988757616558	82
-0.05346881310061	0.429427774421712	903
0.085640943184483	0.718639004007264	872
0.00706650816352095	0.506602529499069	39
-0.05346881310061	0.429427774421712	1
0.094431486438093	0.867087891023906	78
-0.11058277354997	0.782393259015343	1
0.04432045845352	1.11676642084216	640
0.097318696826096	0.804110513990161	37
0.026613599888785	0.570006744106048	37
0.053865146311611	0.662783757622502	37
0.110839138356837	0.910740059673322	37
-0.0945328294015	1.40775048604081	1
0.055406189126622	1.16666871246116	37
0.096664081609151	0.86280984841976	37
0.00439901407220999	0.51125433795232	88
-0.0483239786818099	0.427518463663862	2958
-0.04938876843792	0.445225820250445	2958
-0.04541011657835	0.427842189003177	485
0.06434234205261	0.672499280557374	13
-0.0594391093226701	0.861108210898373	198
-0.0625465260596001	0.849565396810395	103
0.084442841711621	0.792875270926155	1533
0.072261349207989	0.650229631655963	26
0.012796813474835	0.971792906683799	375
-0.1068524104524	0.785954285689314	2467
0.000495684112402972	0.526867747572164	2467
-0.04852745575138	0.433634927743835	82
0.117664529839604	1.66918242896147	406
0.033610168945763	1.00909668247053	165
0.00989320472661803	0.513997136030586	39
0.058610187410564	0.678351149907038	39
0.037753106732376	0.616198039999054	39
0.112991281246394	0.889092624518834	1
-0.06612114946675	0.827146761597342	1
0.00633257992448399	0.5081612900386	1
0.033934634041467	0.616913290371044	1481
0.087458304275398	0.84066441910136	1
-0.01748084979041	0.92201797451234	1
-0.0433980676132799	0.44647504020799	1
0.00966184695480499	0.499515744482457	37
0.036174955168349	0.599849694489256	2958
-0.10529852307657	0.778605023155457	13
0.047662260884544	0.513075056803995	485
0.118899933243511	0.907048203354399	26
0.115459918026091	0.816871128337119	396
-0.0433980676132799	0.44647504020799	845
-0.0524107636909401	0.413403082615961	845
0.027278217397664	0.577148386076745	82
-0.01016781267745	2.34073403641872	406
-0.04650208354095	0.434292024849057	872
-0.05045461324515	0.432727027587394	872
-0.04842602986207	0.44867035504741	39
0.00673163236678998	0.517175184688351	39
-0.0423287740670699	0.428449042358836	39
-0.04243230844476	0.442292931729212	3670
0.123603055251308	1.06252376653215	1
-0.0768303076175601	1.0854101638974	1
0.0445016512979251	1.07227249600201	1481
0.00356454301014597	0.963691910125276	1
0.063767770222266	0.671972124461222	249
-0.000179853759519899	0.986053242532302	37
-0.0562391153811901	1.21433723312339	1
-0.04955361156496	1.17237973078104	1
-0.05816680748301	0.777251365720403	485
-0.0524107636909401	0.413403082615961	485
0.093881863094707	0.864935033778707	4
-0.0263051438340101	0.888056933380899	1380
-0.04938876843792	0.445225820250445	103
0.084102292841315	0.726879277163958	26
0.116654168812074	0.871377634081071	26
0.100241604235179	0.902196913441785	26
0.001786563783299	0.992599571630489	375
0.060753344530291	0.647312122171825	1344
0.034564110440276	0.615458717111082	903
-0.0669149109384399	1.65427190948597	872
-0.01984438506875	0.914098094514641	872
-0.000859243619129924	0.503863375873233	39
-0.11535576665425	0.73909092076831	78
-0.0452530124749999	0.787040950331057	5524
-0.11469620768801	1.06373996960748	1
0.0896604955114711	0.860742101094707	37
0.0351933721219549	0.6098449656254	37
-0.12036844954154	1.34618595562835	1
0.0308526554476261	1.06295957825489	1444
0.00100697801016703	0.510959751285194	485
0.031405095616872	0.591715779410707	624
0.0701071060890171	0.654750778444289	757
-0.0396927790238499	1.15735459262911	26
0.00821593265742504	0.506804095237926	53
0.0377422529075619	0.594094542526021	82
0.082982069436605	0.752796184846397	82
-0.01566921159436	1.80606775238488	872
-0.10155276137017	0.744456388933042	872
0.03572115820846	1.07721114550756	559
0.00478690005961402	0.503756185059023	39
-0.0404913862182701	0.429986031003074	39
-0.04349566692495	0.428711682497803	5400
0.0447451629478181	1.11995003145146	1
0.081075662214862	1.28267687921618	1
0.037774046157526	0.585580162286054	78
0.063911408650067	0.673049290590659	78
0.052906676465581	1.14323249181884	1481
0.065109094038366	1.24669538676988	5524
0.029441717004133	1.07140150537384	1
-0.11555547582513	1.32554838695471	1
-0.04640363250161	0.428229873657116	485
-0.0394224817711899	0.428820497755674	485
0.003908799730446	0.504338198541581	757
-0.11775491386962	0.736744397176375	198
0.11393722739751	0.880918840070223	26
-0.05203384033331	0.802635458351136	3515
0.036193517308448	0.594659588484459	26
0.059034138955969	0.697021927271449	2034
0.035848462199065	0.592737773141285	507
0.079446263056333	0.770642596229945	375
0.032984886684108	0.614378163164001	845
-0.11440669720491	0.765292285205779	1344
0.00966184695480499	0.499515744482457	133
0.0696188214518581	1.25023749721669	78
0.062718625578328	1.23249036616676	1481
0.064240310177699	1.28237037946359	37
-0.0495730630978699	0.4149080062341	37
-0.04243230844476	0.442292931729212	485
0.0825231833815781	0.764407053699888	2769
-0.11639003349299	1.11412927410919	4
-0.1174497037413	1.0698926666219	1380
0.027361990096923	1.05191573159235	1380
0.034885006064964	0.608532993502877	198
0.037449024141709	0.612602824581026	26
-0.04901923351294	1.49060899390603	26
0.100426231387225	0.831187201515584	375
0.102196681798981	0.907932233110272	375
0.062638871096812	0.701130554535301	872
0.059601753808131	0.637761852731679	559
0.057929505448951	1.14490571875006	39
-0.10997666171814	0.783170148459437	1
0.09422360034125	0.804306519025943	78
0.056597314260407	0.675126938944678	1481
0.075636013040947	0.74507585429869	37
0.082982069436605	0.752796184846397	37
0.000266411603936034	0.512528764904733	249
0.037428964337155	0.598748930615882	37
-0.05652814830103	0.401057728146976	13
0.082732873131917	0.823573589937689	1444
-0.04640363250161	0.428229873657116	1444
0.000495684112402972	0.526867747572164	757
0.116830202820068	0.917600365932141	1380
0.037125395262032	0.617666119824078	198
-0.0590718759523601	0.810837875354521	26
0.00598907382920899	0.516707923678894	26
-0.0181346067233199	0.940366340920345	375
-0.1114391766148	0.769902997779985	375
0.039675690946827	0.582641817394435	845
0.00598907382920899	0.516707923678894	53
0.00427237583115303	0.515543120569999	53
-0.0504962390383401	0.405262111219475	165
-0.1084177446108	1.60756053536738	39
-0.0474638017453599	0.446251819108337	39
-0.11172603900224	1.08625832387419	39
0.0383803576498301	0.568793080859015	78
-0.11215371162873	1.39530726245917	889
-0.04640120529454	0.428382015905654	78
-0.0174959523645599	1.59065544122554	1481
-0.0551274225177301	1.16925221214676	1481
0.085224780788164	1.25340465728552	1
0.06527706641215	1.21319361635682	1481
0.086725736651896	0.726142947530654	1481
0.063193011531364	0.66828165679019	1
-0.07519573593157	1.14327908529289	249
-0.11364911603874	1.2811751075663	37
0.107973455659768	0.927076806797172	1
-0.04997966955372	1.18882971207218	37
-0.0433980676132799	0.44647504020799	1
0.00294241219737001	0.524856477976157	13
0.036803156466459	0.598470488515215	1316
0.00463107374425698	0.520787378781233	13
0.057884362746163	0.680009733745286	878
0.029441717004133	1.07140150537384	757
0.036166755721982	0.587809446079738	53
0.059608747063883	0.699551221692607	53
-0.0444683948150699	0.433758823456749	82
-0.04136409890739	0.424665264099882	872
0.115424819540849	0.975479489933799	165
0.121057551310242	0.980770605855122	889
0.030606446664566	1.03970669264522	1481
0.029863531205482	1.01067482968081	37
0.085836566113119	0.734514692154879	37
0.037125395262032	0.617666119824078	13
-0.0214318347043401	0.924355854056641	1316
-0.10469502488068	0.769472947294151	3212
-0.0701106532460301	1.11264658163539	586
-0.0127836566184001	0.904669439659551	878
-0.10615730332933	0.748324164546534	198
0.036174955168349	0.599849694489256	198
0.030744039310375	0.588320087157007	2034
0.0333049427850261	0.614432452222438	375
0.00123554490252298	0.529473029392655	617
0.059608747063883	0.699551221692607	218
-0.10644467695824	1.72627400292136	5911
-0.0579637505888899	0.812913526289546	559
0.0849061277544671	0.790191540655413	39
-0.10624823730327	0.781936167426071	39
0.00400498842969099	0.475111896503184	78
0.101366382278389	0.847068097358309	889
-0.08353130625539	1.13607194245411	78
-0.0757739666572199	1.16111015103498	1481
0.021799285128943	1.02593620936796	1
0.109807509895604	1.00597919143257	37
-0.10997666171814	0.783170148459437	37
-0.08129903601814	1.15829868893115	37
-0.02215219171197	0.895958648199284	37
0.068092912573358	0.671752395799476	37
0.00108518828565896	0.486618940528135	37
0.034901097467348	0.58135195216324	37
-0.04640363250161	0.428229873657116	13
0.057361334367585	0.674481421646851	3212
0.057909607949415	0.676470833499564	26
-0.01910950997179	0.878624178639557	1034
0.098274672188669	0.799410898818278	396
-0.05548817601067	0.409456969556057	845
0.060183168657535	0.698247076769362	845
-0.10589164279445	0.757342887047417	845
0.039320655194157	0.590001927151446	547
0.060634977748008	0.703536127183062	872
0.00428962029594404	0.466810896119688	165
0.031069331106117	0.57746726400409	559
0.089050810150214	0.70693357937845	559
-0.0541968214349899	0.827767152263907	39
0.09367036261155	0.850196330549337	39
-0.0454357545055	0.433156322806163	1
0.082167030584699	0.774359505108523	78
0.061627985200536	0.69830409915042	1
-0.11181521528605	0.750120955502934	37
0.038059744089473	0.599220689975794	37
-0.0185969660935801	0.95071720471916	37
-0.0494907784776699	0.435890454815377	37
0.030741804882936	0.57269968829156	485
-0.00159385871586992	0.508400245228127	3277
0.09594513654531	0.836887880272425	1380
-0.0432939638308401	0.427873668991277	1034
-0.10847873410578	1.06194415844303	26
0.068961785794566	0.644702900886271	507
-0.0444683948150699	0.433758823456749	845
0.033614851151743	0.612938485681252	3156
0.00220379579866403	0.526527263663833	872
0.038217151982744	1.11591280179024	559
-0.0445578371161801	0.429867191818012	165
-0.05035201801992	0.432991314592281	39
0.094356521412029	0.84565547804688	39
0.042715479353017	1.12167937910231	39
0.089645170673171	0.719536890297414	78
-0.0104134845870201	0.868954430309809	78
-0.11127165467244	0.738020922972456	78
0.0953599655816491	1.45866354854088	37
0.00544000789098198	1.02259827718671	37
0.0364974705783629	0.615161111056148	37
0.0659374717106051	0.660300117269311	249
0.00366286090618595	0.508889612374996	37
0.014572116762152	0.957403593509281	37
-0.0576083897717601	0.391741607989659	37
-0.04134513400628	0.423430599953674	485
0.038059744089473	0.599220689975794	13
-0.04842602986207	0.44867035504741	586
0.038380605128154	0.610531580886766	3277
0.06693078735587	0.632386137308594	757
0.053447773128647	0.650617738755541	26
-0.05045461324515	0.432727027587394	26
0.113472844377069	0.961189934383475	2034
0.033952719409858	0.554315528618769	507
0.090636633593663	0.861223965128494	507
0.081313018071368	0.755813918205876	163
0.03963898606601	0.588611757271608	3156
-0.0453311350324299	0.440452046038488	53
0.03201622178477	0.591744886924242	82
-0.0443643429565399	0.445800704702982	165
-0.11317955423453	0.744137758638233	2782
0.06435842903529	0.709189783039237	1
-0.0267610314581701	0.908959653972322	249
-0.0556556541559301	0.836053544628184	1
-0.08042460957285	1.12256324769882	37
0.11251814826094	0.888305261189925	1
0.013771402706143	0.930763017457457	37
0.058601248110791	0.693213689358337	13
-0.10362996051429	0.748471178792662	13
-0.01806848625582	0.951781233029151	13
0.10468645914677	0.954008445335276	492
-0.11599051391957	1.07995112052451	492
0.049128323329736	1.18315240916248	26
0.00427237583115303	0.515543120569999	26
-0.11424044846062	1.0027629119067	26
0.00989320472661803	0.513997136030586	1113
0.061191494525398	0.694785896524665	163
-0.0462984443994901	0.427154861750129	82
-0.0188522684297101	0.890513739343767	559
-0.04938876843792	0.445225820250445	476
-0.0384619192567	0.425008614563889	3787
0.078630779955181	0.780391551162384	78
0.046497767331941	1.45864895983845	461
0.101326693433244	0.841430740684922	1
0.103493902220645	0.909643060081966	249
0.113858206742584	0.95371567396427	37
0.011600912664917	0.49651805060988	37
-0.05897261773142	0.837234045321935	13
-0.0423287740670699	0.428449042358836	13
0.069534538492429	0.651272570927356	4
-0.0425391962345201	0.417848797674199	757
0.012617462285929	0.870200288728273	492
0.00575970002729898	0.520040244943026	26
0.00479087177233495	0.914029855104015	26
0.092948814227644	0.858950101957772	2034
-0.0454357545055	0.433156322806163	1113
-0.00342512014571006	0.99933586528475	163
0.097356480809808	0.839249528335424	1592
0.00100697801016703	0.510959751285194	39
0.098147997943225	0.866147097236595	1
0.032044265166288	0.587059014910198	78
-0.00122675760942004	0.98190867055831	78
0.105252161450526	0.92349094078344	612
-0.05406251357439	0.821415398179394	37
0.00100697801016703	0.510959751285194	37
-0.04842602986207	0.44867035504741	37
0.00598907382920899	0.516707923678894	37
0.00553111674045503	0.500869651939237	37
-0.05346881310061	0.429427774421712	13
0.00770269257824596	0.497260263712666	544
0.003971718717943	1.02311680405657	3786
-0.0433980676132799	0.44647504020799	399
0.00123554490252298	0.529473029392655	4
-0.0443643429565399	0.445800704702982	757
0.03582241922687	0.599224330426086	757
0.100241604235179	0.902196913441785	492
-0.0494398476354501	0.413578242222271	26
0.06435842903529	0.709189783039237	26
0.00317115975462401	0.505871843374307	26
0.037753106732376	0.616198039999054	26
0.064796825114223	0.701162244301042	26
0.00536624632521698	0.523323803017451	507
0.00404240892321395	0.503339908750422	53
-0.04640363250161	0.428229873657116	53
-0.10555480544811	0.753303823047385	53
0.017217016411131	1.34428546947008	559
0.0805246728128211	0.772052831159134	5488
-0.04136409890739	0.424665264099882	136
0.121283986666838	1.11127615816183	78
-0.10494686231036	1.60578944265496	78
-0.10024260175559	0.705244870109426	78
0.025269401435536	1.07966491106513	37
0.105386327493913	0.789306871673394	37
0.0605041839630171	0.68900552614734	37
-0.0433980676132799	0.44647504020799	37
0.00641328303918898	1.01166119336341	13
-0.10683944354736	0.754118171408412	13
0.0617654127876	0.689577468961068	13
0.00844401215262003	0.49444624929651	4
0.082189023992861	0.735597069579182	757
0.110923115293564	1.04629111839733	492
-0.000128876469950079	0.494203510437228	198
0.079069157925694	0.730277553823111	26
-0.04567753209032	1.20977759787166	26
0.046022867491237	0.565086743064389	26
-0.04737202936464	0.415917962530664	26
-0.048505660427	0.801857257818052	26
-0.10649890404876	0.758594678841909	26
-0.11116224098075	1.08848242941439	2034
0.098147997943225	0.866147097236595	163
0.091722443037666	0.843513000749601	163
0.00548211485573702	0.980863316826314	1592
0.103141581744424	0.905795269278707	559
-0.0403999377976201	0.412918774533451	39
0.115967815990037	0.836540189454787	39
0.00575970002729898	0.520040244943026	39
0.0879251143276481	0.833719389466802	39
0.121159071546747	0.865075401122081	1
-0.11797039523016	1.0645431560441	37
0.032984886684108	0.614378163164001	37
0.091498706820229	0.89144951183815	37
0.118089074521299	1.05046476469518	37
-0.11034871990503	0.691010463423017	37
0.00598907382920899	0.516707923678894	13
0.059468622349755	0.687237852513483	4
-0.1055500122466	0.748210538804692	4
-0.05925822938907	1.18114641542503	26
-0.11055611332255	1.04865029893994	26
0.000527061411183971	0.969905440803828	26
-0.0432939638308401	0.427873668991277	507
0.05115236124193	0.667293924968796	163
-0.11056639310614	0.708029659588227	163
0.086567535041029	0.759155623041677	3939
0.039814812939186	1.30835283424806	559
0.058044190334502	0.685802783754939	165
-0.04938876843792	0.445225820250445	39
0.00546630070252296	1.30892329576504	39
0.095043292022468	0.898267323352221	561
0.00647301782535203	1.22261903347453	78
0.049051418392022	1.13972333346137	78
-0.06978231116225	1.3689281137738	461
-0.12215776993996	1.29770353473093	1
-0.0454357545055	0.433156322806163	2833
0.073060457564889	0.761681204742809	461
0.121172347855316	0.965896848974132	37
0.0938510562125749	0.847032282569075	13
-0.03952973450319	0.426155787261663	13
-0.0443643429565399	0.445800704702982	13
0.0933806140730909	0.838062541350378	198
0.052165977748189	0.672920996800342	2315
-0.04477851035396	1.18454804390109	26
0.037449024141709	0.612602824581026	163
0.00347609989259201	1.01956236367456	163
0.037125395262032	0.617666119824078	163
0.059489416364686	0.697910082909278	1
-0.0178264876585199	1.2462420651753	78
0.035579516139175	1.09062103814977	78
0.028981240908648	1.07026726390347	78
0.106684039235505	0.979851996183578	1
0.115070757878199	0.968228129743651	1
-0.03167954657437	1.27894425131873	461
0.096393828109566	0.874367900615426	37
-0.04862055277964	0.406424397979457	1
0.110367479141047	0.919403654485605	37
-0.0483239786818099	0.427518463663862	13
0.06434234205261	0.672499280557374	399
0.056357287423254	0.635003134524037	4
-0.0614254159833101	0.8512575739106	492
0.00711788779745104	0.974799537391717	26
-0.0890594602919701	1.40128883544521	26
0.090100906120997	0.712961389608956	781
-0.0444683948150699	0.433758823456749	26
0.00966184695480499	0.499515744482457	768
-0.05251019161795	0.429734791833162	133
0.00524624276802499	0.512743170789752	39
-0.08206284612265	1.13653152045464	136
-0.11700092312076	0.734164359581938	39
-0.04993673230107	0.835145146347457	39
0.0319551825540551	0.995732290832558	39
-0.12027379207805	1.05512254237265	561
-0.10590221418551	0.782589610128703	561
0.106490898264547	0.910700408075271	78
-0.02631106193695	1.54099148512587	78
-0.12287224696008	1.3516441191949	1
0.008663258207387	1.01638192641838	1
-0.0807556171827799	1.40364111540447	1
-0.0137723076123599	0.908985480954394	37
-0.01713584247592	0.890133994371564	37
0.060183168657535	0.698247076769362	37
-0.0751707576720699	1.15063059434317	37
-0.05718569226113	0.845575464826567	37
0.00915431893902496	0.51354011901363	13
-0.05406251357439	0.821415398179394	13
0.098867402624365	0.831469584250912	399
-0.0652689625873899	1.05600518907453	399
0.0355266815297161	0.581742835755164	13
-0.05315988542133	0.861232234604884	492
-0.12111806069684	1.09494303259674	26
-0.11643439384143	1.11151073256645	781
0.069105263186186	0.669156596166039	26
-0.0464744906310901	0.428988757616558	26
-0.04842602986207	0.44867035504741	163
0.0855179526976561	0.777817903408782	163
-0.0643407125875799	0.810470973878385	163
0.073270559847109	0.604022674974125	163
0.02985366879907	0.997548342263191	163
0.00123554490252298	0.529473029392655	218
0.100193432896451	0.907535691685341	136
0.00108518828565896	0.486618940528135	39
-0.10842163467365	0.76817921303729	78
0.085974378932515	0.834272560360538	78
0.00129033205271101	0.976584523711295	78
-0.11210127379736	0.729126625552677	37
-0.0423287740670699	0.428449042358836	752
0.00146491155476503	0.52395959859642	399
-0.0593230439888199	0.849348702493047	399
0.085110080973359	0.731048371271877	399
0.061053206272794	0.680954212149789	399
0.084442841711621	0.792875270926155	399
0.0422043216657551	0.597227396370121	4
-0.0556091196688	0.827901790811436	757
0.0869925907163061	0.83578804726375	492
-0.11703084417896	1.07752605265174	492
0.065942004287803	0.694492838206354	26
-0.0578579656340901	0.868362942814535	268
0.0415757759140351	0.596758477825843	163
0.056322777057799	0.684108635830202	163
0.040938548916772	0.571151340530714	163
0.00915431893902496	0.51354011901363	163
0.081984635926638	0.765559297820188	163
-0.10529852307657	0.778605023155457	547
-0.0433794063116699	0.412450666083172	53
-0.10806133718696	0.779615651282842	165
0.116736870426622	1.09369315968934	39
0.066939463463526	0.684972210204615	39
-0.11738271417194	1.10269517586793	78
-0.11535576665425	0.73909092076831	78
-0.0741847474633699	1.12884631826679	461
-0.10650609832428	0.781810867649974	1
-0.07411091458539	1.08428139007489	37
0.099581441523262	0.94258075438993	37
-0.00306387845826994	0.502893451196626	1
0.060094593232039	0.645120683880099	37
0.0760629526847541	0.71269320102271	37
0.036803156466459	0.598470488515215	37
-0.11271893291866	1.10808636367324	37
0.00123554490252298	0.529473029392655	13
-0.03952973450319	0.426155787261663	668
-0.0514831386194701	0.835152207071607	26
-0.10086455847742	0.729963118413842	781
0.0849804765891981	0.787510329548813	26
0.062332215630787	0.669936547169464	26
0.00553111674045503	0.500869651939237	902
-0.1052845778529	0.752073309366968	902
0.039320655194157	0.590001927151446	268
-0.0505154196833599	0.829654267330325	163
0.0387036793121051	0.613624450501273	53
0.00501617472378002	0.519562639486116	53
0.035531544585078	0.577374611026435	53
-0.04640120529454	0.428382015905654	562
0.00818240332512599	0.50199336587149	768
0.026310551066695	0.58079778873351	165
-0.1134553726955	0.768635109973517	165
0.00670188114942905	0.49090566566959	136
0.036451251895239	0.578433579135759	39
0.111972486981767	0.983989598810704	78
0.0652990013071389	1.28444361251061	78
0.065369507185588	0.69983898092563	78
0.034574276000743	0.601756282991128	461
-0.0514228687021301	1.20908057157975	461
0.11066677724388	0.975220894408397	1
0.102420311718297	0.829716657398815	37
-0.1149851894782	0.725316008286831	37
0.069537934834666	0.621479564934516	37
-0.05153523561587	0.806961347548661	37
-0.02077477208917	0.945822097690202	13
0.000495684112402972	0.526867747572164	399
0.06737481331493	0.672542292677493	668
0.00747391857737001	0.514089350246445	492
-0.11092563699392	0.779636180888701	2656
0.054874538421578	0.686046046136122	2656
0.062761823354119	0.675201006324962	26
-0.11023852801059	0.7660076500325	163
0.040638681492113	0.581504175006857	163
-0.00425874281861005	0.495431975075731	1592
0.028229061756999	0.595886677498405	53
0.00821593265742504	0.506804095237926	53
-0.0432939638308401	0.427873668991277	562
0.00220379579866403	0.526527263663833	768
0.032908984213209	1.41535757115571	476
-0.0443643429565399	0.445800704702982	136
0.055915605857961	0.653346322581655	39
0.00221921401146097	1.32495233041556	78
0.027755114783974	1.02736556118328	461
0.11491441833352	0.868852500356944	37
-0.11023852801059	0.7660076500325	37
0.039328882212789	0.568465582827609	37
0.076251167891557	0.772070013831473	37
-0.03942131477384	1.15213007615669	37
-0.0443643429565399	0.445800704702982	13
0.0298091031343291	0.602931281853728	399
0.0259863179575081	0.576830959986958	734
0.072043695222095	0.745954653367928	492
-0.0583071317953801	0.85758544690967	492
0.105990653212371	0.772017937634551	2656
-0.0232847039217701	0.908363085702849	781
0.080368035914986	0.746844592568488	781
-0.05360956424369	0.822324959105216	902
0.094431486438093	0.867087891023906	268
-0.04243230844476	0.442292931729212	507
-0.11382973007387	1.03465557053023	163
0.042511873677154	0.590379787164007	1592
0.00463107374425698	0.520787378781233	1592
-0.04498286021664	1.43926587518991	559
0.00157372035511905	0.505438985948541	165
-0.10971303875073	0.766753235580338	165
-0.0176061986982099	0.946002977270494	39
-0.1121390168569	0.773479854806723	561
0.122660406023088	1.00000684944494	78
-0.01283103289929	1.32501875239352	78
0.119530890422254	1.01086273295437	461
-0.000474424787330063	0.510164144766332	37
-0.02307201784744	0.92000639159692	37
-0.0505260591260801	0.414650692144383	1535
-0.00539389436669002	0.568218507645482	752
-0.02136201217169	0.921449677971682	752
0.00123554490252298	0.529473029392655	399
-0.02512256030586	0.930275342384191	399
-0.11807177444584	1.05585739286183	734
-0.11153222916333	0.778873184687404	1547
-0.0604458105705099	0.843300625997257	492
0.059034138955969	0.697021927271449	2656
-0.06096582207496	0.84855503573994	781
0.083367095306824	0.791301889020935	902
0.081523495658534	0.772338934102425	268
0.038059744089473	0.599220689975794	268
0.00633257992448399	0.5081612900386	163
0.063785428419289	0.710545406657148	163
0.036163291437185	0.577775790520956	163
0.00404240892321395	0.503339908750422	163
-0.0423287740670699	0.428449042358836	163
0.037428964337155	0.598748930615882	768
0.047905647287575	1.51172078363396	559
-0.0483239786818099	0.427518463663862	165
-0.0474638017453599	0.446251819108337	165
-0.0556228151582201	0.82734559247168	39
0.00542361214664	1.00945264519479	1
0.0912588711315	0.83268005779125	37
0.100992455563907	0.876675498772968	37
0.058601248110791	0.693213689358337	399
0.030228791816186	1.11868417906448	399
0.000790959074768005	0.984622061753075	399
0.036803156466459	0.598470488515215	399
0.031553263353357	1.04043650318068	734
0.068538089303347	0.626603547562247	492
0.030822553081969	1.04920173876995	492
-0.0798088562203001	1.13003555019764	26
0.039008906271935	0.591353630501703	2656
-0.0181346067233199	0.940366340920345	268
0.087287092541551	0.765360441041045	163
-0.04243230844476	0.442292931729212	53
-0.0280494569279299	1.48678420343582	559
0.116304275718647	0.963036828735838	476
-0.0514532501040501	0.413654857637334	165
-0.05049647127924	0.840344154951914	165
-0.11155014401105	0.694638341810431	165
-0.05338484290765	0.393122279176085	165
0.114106746638129	1.06530297774816	39
0.059516034643932	1.15024953527766	561
0.108277368133202	0.979116639610616	78
-0.10838153519468	0.687985396585978	461
0.063265127553268	1.22713705635278	1
0.020879300199623	1.03717930898945	37
-0.0537304782238099	0.826043842533492	37
-0.0777080223278901	1.15578925356485	37
0.0148709323502521	0.910701847967376	37
-0.10397450810671	0.758202020923154	3569
-0.05260899115364	0.409809590248187	752
0.041883270936962	0.596828158740491	13
-0.10529852307657	0.778605023155457	399
0.062201675330138	0.704960497736425	734
-0.00170623934587999	0.985377158981416	492
-0.0520418801862399	0.848984928246551	26
0.085820237149144	0.74137434951871	268
0.063784869279496	0.649621744879888	268
-0.04243230844476	0.442292931729212	163
0.10605996901242	0.799561586287367	218
0.0396548747480741	0.592439797185939	1997
0.031724311729383	0.605459242427306	1997
0.030822553081969	1.04920173876995	39
0.10998134884856	1.02907504963612	39
-0.11501192009647	0.767084382818898	78
-0.00634302050186997	0.483743121572495	78
-0.05045461324515	0.432727027587394	78
-0.03157787918649	0.889085998203735	461
0.035896196760806	1.74328707846898	5925
0.060202431038759	0.652865175646812	3067
-0.12449711883253	1.06020418885215	37
-0.11599051391957	1.07995112052451	37
0.027598663011809	1.04184666950233	37
-0.10278216569241	0.704065624280153	13
0.041883270936962	0.596828158740491	13
0.087865574118044	0.835505685220682	1037
0.091722443037666	0.843513000749601	734
0.116891540026372	1.04314337400119	26
-0.0156743396405601	1.31241863784395	26
0.1164869087379	0.894985630486578	26
-0.01993300870499	1.29725147972833	26
0.00368076094158598	0.518415662074474	163
0.035216765024263	0.585619410807023	53
-0.0474638017453599	0.446251819108337	1997
0.034573941157067	2.49911215618389	846
0.070153354282687	1.87325819341973	559
0.052739785881045	0.675619746667058	476
-0.12337096685645	1.06629812726488	165
-0.04852745575138	0.433634927743835	165
-0.11308063315024	0.759786505656415	39
0.070932534070566	1.26297979410798	1375
-0.0473623375497601	0.430582208132322	37
0.0986193093218219	0.842223047388971	37
-0.07634406804149	1.09035497243777	37
-0.00159385871586992	0.508400245228127	292
-0.0137186798214299	0.917582264395987	292
-0.09989782915601	1.36701124267517	13
0.088941851886254	0.835238638154924	13
0.095434694572913	0.837922847363572	13
-0.10618344970745	1.59125406433682	399
0.027242528453118	1.03364205506509	399
0.117985673441943	0.968908785746565	399
-0.12419471082222	1.0124785951844	4
0.06435842903529	0.709189783039237	492
0.00315993621632404	0.49799990752536	26
-0.11646065208202	1.0732016677175	2656
-0.0940296357667101	1.34992899013879	3164
0.00610115503236997	0.521664477903687	901
-0.00849678244018004	0.842348918330295	268
0.00747391857737001	0.514089350246445	268
-0.1049432271887	0.746989386183657	163
0.041254453786401	0.599674491276673	53
0.00197513677763295	0.527784975096114	768
0.039587822633998	2.42923444612692	846
-0.10944322376958	2.33570026120373	846
-0.02448376150833	2.14466443613423	846
-0.0327284728805499	2.07605661567789	476
-0.10434819553722	0.750326198791765	3274
0.036797968262077	0.595015362806921	136
0.115481459306932	0.981285807728779	1837
0.087184608899568	0.754437412651488	78
-0.0568699170467399	0.808126289808772	78
-0.0303449940593199	1.27694826602175	78
0.00345351455084197	0.505537591379468	181
0.010725732366014	0.908735412131151	37
-0.05988433932516	0.848505217835184	292
-0.09170132724087	1.39790501623596	13
-0.04275316353945	1.13345307148116	752
0.033926473096722	0.577855668912037	1037
-0.10997666171814	0.783170148459437	1037
0.0106732052353981	0.931489146267575	734
-0.0160866797153101	0.92881645618156	4
-0.04394002541773	1.46053704530019	2656
0.094924121601268	0.835339683755825	26
-0.0804381111338199	1.12869415333624	781
0.00298036026996096	1.01120352686293	901
-0.0537304782238099	0.826043842533492	163
0.068521326129399	0.676880797243675	163
0.04159152659728	0.567709966972323	93
-0.11020107506409	2.42443152367242	846
-0.0155588116435801	0.92537601519704	834
0.000814761248093987	0.98806862270171	78
-0.0773939722978101	1.4512230859375	78
0.04859801635966	1.16024840029099	1
0.041240242294735	1.08353606948135	37
0.106234096426354	0.899594519762512	753
0.092464794024082	0.829755315031321	13
0.0150163180833111	1.04744276884017	399
-0.02388012236171	0.932563750069253	292
0.059002945186554	1.1549013076216	13
0.00918019051647001	0.991861859026694	399
0.087823707120395	0.767933312236887	4
0.122068226390791	1.02987108423807	2656
0.058459344221006	0.690607596062103	2656
-0.02268083724917	0.897265092798447	2656
0.042832653299355	0.594403039652802	781
0.058026322868704	0.690755917937263	781
0.041305703826001	1.06578046837928	268
-0.08567154453704	1.13776949998255	268
0.039996175693012	0.595433602596057	268
0.00989320472661803	0.513997136030586	507
0.042832653299355	0.594403039652802	93
0.064796825114223	0.701162244301042	163
0.06579194710414	0.673695210474364	163
-0.04243230844476	0.442292931729212	93
-0.00614416539068996	1.79243002602784	476
0.0488475636335241	1.18290938299188	476
-0.04350155286969	0.429872929116567	834
0.059863345508208	1.21099088030533	78
0.00463107374425698	0.520787378781233	78
0.096154406478543	0.856038966295973	78
0.00918019051647001	0.991861859026694	1087
0.029675024695262	1.0663670483244	1
-0.0444683948150699	0.433758823456749	537
-0.10362996051429	0.748471178792662	181
0.065827705897056	0.648581595719996	37
0.081445928921381	0.763041765357811	2129
0.063911408650067	0.673049290590659	13
0.06435842903529	0.709189783039237	13
-0.1134553726955	0.768635109973517	13
0.00123554490252298	0.529473029392655	752
0.0336224938323561	0.604189874898662	752
-0.12421996761843	1.34561542006499	399
0.059048997300992	0.70006021145959	399
0.0104011647975381	0.492712037796665	1037
-0.0604056699023201	0.846988371274188	4
-0.04729745506702	1.12374741993353	492
0.065931907315496	0.682313018930639	2656
-0.10589164279445	0.757342887047417	26
-0.10562455951753	0.73934039693308	163
0.031388569652256	0.595511586262737	163
0.00707016730807697	0.478398163126316	93
0.00575970002729898	0.520040244943026	53
-0.0454357545055	0.433156322806163	768
0.113432599487718	1.13429246771979	78
0.029200000377843	1.06711556321315	78
0.023913276897067	0.96177480414588	1087
0.11942320758297	0.962431264516091	1087
0.084182716231713	0.744672869270238	1
-0.0436042659043501	1.19731874374861	3067
-0.04852745575138	0.433634927743835	537
0.093942397880495	0.701429353592843	181
-0.0557464269447201	0.824855603881716	37
0.109895714317623	0.924194664579492	37
-0.04136409890739	0.424665264099882	850
-0.04243230844476	0.442292931729212	399
-0.04445264019477	0.430927724065131	1037
-0.01570045270059	0.884525237701426	734
-0.0641388318756699	0.811998030627654	26
0.062339145005619	0.680085452117093	26
-0.0520723233185401	0.837970222725997	781
0.116654168812074	0.871377634081071	268
0.032984886684108	0.614378163164001	268
0.010863265882162	0.499378493957803	93
-0.04842602986207	0.44867035504741	733
-0.04241622157411	0.424562607174006	733
0.00918506065914604	0.487830828931151	53
-0.0454357545055	0.433156322806163	5197
-0.10650609832428	0.781810867649974	1473
0.010849085548319	0.994801550002029	561
0.013649945980175	1.31034743981494	78
-0.04288279439239	1.17174134728541	78
-0.0251933957578501	0.924048060760864	78
0.054389485472823	1.11180699033481	78
-0.08195187925785	1.15778679241979	1
0.039873266369127	0.971852437125411	1
0.020855197087575	1.03488595617706	37
0.082668440888947	0.753151360193339	2129
-0.0423287740670699	0.428449042358836	1279
-0.0983417617139299	0.702023807843296	4
0.024407721226052	0.561409304240715	4
0.115204087576925	0.879323716558556	4
0.040590040315626	0.927682126106138	50
0.040261514233253	1.07956907033931	26
0.097173626429076	0.86565735289855	781
0.108918032954141	0.928918789113979	438
-0.10469502488068	0.769472947294151	163
0.011588763385491	0.474737111154984	163
-0.0483239786818099	0.427518463663862	733
-0.04938876843792	0.445225820250445	53
0.030760704589352	0.595081876801006	53
-0.11172603900224	1.08625832387419	53
0.086750319969078	0.759033422553599	53
-0.05346881310061	0.429427774421712	5197
0.122193050382634	1.17284900830878	476
0.114815364139722	0.981686970862675	165
0.00220379579866403	0.526527263663833	136
0.03515259173418	1.09803490424769	1375
0.085370701731133	0.772766904143678	37
0.02885812692489	0.600573109989026	1
-0.11236911011848	0.993529631888459	37
0.000266411603936034	0.512528764904733	537
-0.05317285567167	0.824537015108513	37
-0.12013733580062	1.10612511550494	37
-0.02465568688426	0.901927363765813	13
0.0570331415512541	0.689138017633733	292
-0.1068524104524	0.785954285689314	399
0.123386689047466	1.01634427715384	1706
0.054874538421578	0.686046046136122	26
0.00989320472661803	0.513997136030586	50
-0.04445264019477	0.430927724065131	50
0.037125395262032	0.617666119824078	781
-0.0365047538376599	0.403762808866673	781
0.00427237583115303	0.515543120569999	781
-0.0423287740670699	0.428449042358836	163
0.032354706923577	0.611931679071181	163
0.068521326129399	0.676880797243675	53
-0.00382900250741991	0.789217901835324	476
-0.04038355317258	0.428241517084643	834
-0.04640120529454	0.428382015905654	1473
-0.05582856774067	1.42818187706665	1
0.02726983697547	0.5363104509118	37
-0.00159385871586992	0.508400245228127	537
-0.1184909329081	1.06570687148007	37
0.079446263056333	0.770642596229945	37
0.098234325523062	0.925044346124692	37
-0.05977638694231	0.815134552431161	2129
0.00503312179173099	0.971960363133806	2129
0.116745519364662	0.958447051346905	399
-0.04445264019477	0.430927724065131	13
-0.0271739236180599	0.905264260003726	399
0.00764500869113405	0.9568693898811	4
-0.11031924022944	0.77572281644483	50
0.04031804149638	0.585829080973	438
0.032984886684108	0.614378163164001	163
0.087644284521641	0.763898511494965	163
-0.00024444578496996	0.519580235074901	733
0.074050939639837	0.761966112013062	53
0.008415164580301	0.509621036689629	5197
-0.01707794674221	0.947051433763566	1375
0.028270637608255	1.06665085167863	78
0.00345351455084197	0.505537591379468	2179
0.0313138300397811	1.05564987023635	1
0.060757403849562	0.692986431409001	37
-0.11378122752854	0.743520557916479	37
0.086284633765326	0.76238556584067	37
-0.11656737513538	0.737872017815703	181
0.045721161935146	0.554165634693659	37
-0.10717861470911	0.723810394548641	13
0.06579194710414	0.673695210474364	2129
-0.0283542676881301	0.911870274735458	399
0.0839050479793561	0.794111514000436	13
-0.01754016256609	0.948160564315941	399
-0.0630047997615399	0.844764487868701	2573
-0.04350155286969	0.429872929116567	734
-0.06612114946675	0.827146761597342	4
-0.04837899269867	0.80580705814491	16
0.055885078051747	0.692164297829939	50
-0.10615699333071	0.745674334275735	781
-0.0483239786818099	0.427518463663862	268
-0.0454357545055	0.433156322806163	268
0.029180531260368	0.598184933881074	562
0.118910949003897	1.00928352789397	165
0.052583085844566	1.21783743080418	78
-0.0252768748290599	1.24573552164421	78
0.00589313204424902	0.989439578166227	78
-0.0158175696732401	0.906503850027037	78
-0.0614612090154201	0.812962938053925	37
-0.0959357472003299	1.40250947154163	13
0.0627751797757991	0.707592424647626	292
-0.10492388722573	0.736025791221253	16
-0.05585888474981	0.856149873128728	16
0.037753106732376	0.616198039999054	50
0.060043099418955	0.693581016154905	781
-0.11031924022944	0.77572281644483	268
-0.0423287740670699	0.428449042358836	163
-0.0455159115247701	0.432093044759573	733
-0.05035201801992	0.432991314592281	733
0.036486428191283	0.569270492361784	53
-0.0433980676132799	0.44647504020799	562
0.00463107374425698	0.520787378781233	476
-0.0202468148830599	0.933795217623756	136
0.01037121303882	0.986370067648988	561
0.113912491339942	0.947498275134083	78
0.043336963284899	1.09027735234781	1087
0.104178056661268	0.914262617562384	37
0.00403672689280699	0.98228465506628	37
-0.0384619192567	0.425008614563889	5030
0.00575970002729898	0.520040244943026	37
-0.0468291732821999	0.798540569812392	37
0.089192599952139	0.85261768745058	37
0.065634385296976	0.642701049026874	37
-0.11466266660174	0.767215564744385	13
0.110088823685256	0.88487895547323	399
0.107663386762102	0.986786412449311	399
-0.0445578371161801	0.429867191818012	13
0.059034138955969	0.697021927271449	399
0.046719318547822	1.14888192007717	752
-0.0216857671816699	0.840260968533852	399
0.102925670279752	0.918271886759825	734
-0.0629005536017999	0.807090901517894	4
-0.04852745575138	0.433634927743835	693
0.020386946188596	1.04467982832021	1706
0.035848462199065	0.592737773141285	50
0.08948803186302	0.732596114743483	781
0.00575970002729898	0.520040244943026	268
0.062761823354119	0.675201006324962	268
0.060194831726988	0.696942967280344	163
0.00610115503236997	0.521664477903687	733
0.00575970002729898	0.520040244943026	53
0.054900647860708	0.664594715044821	476
-0.05338484290765	0.393122279176085	136
0.051843233992526	1.16607037310346	1375
0.07629730898806	0.754686524782729	78
0.0494696188395281	0.64429032929367	78
0.0383786107291501	0.590906537522147	78
-0.11217818995378	1.00661930446501	1087
0.113664887419953	0.957956103993217	1
0.00501617472378002	0.519562639486116	1415
-0.11382973007387	1.03465557053023	1415
0.036142767554287	0.601677947092876	37
0.090488661634454	0.735244234943931	37
0.115166169968023	1.03089061914966	399
0.00220379579866403	0.526527263663833	13
-0.0599988223505299	0.852578506148051	292
0.060059435271458	1.14915903238058	13
0.00669755822219997	1.00898407591427	13
0.000603244098248967	0.494509435912605	399
-0.0478460244635599	0.777833893409875	399
0.0779107266979761	0.77802101854074	733
-0.10744718058056	0.755357709842869	733
0.00670188114942905	0.49090566566959	93
-0.0423287740670699	0.428449042358836	53
-0.04350155286969	0.429872929116567	53
-0.01523823287445	0.861603350876783	165
0.099674760829809	0.850689387439519	165
0.058026322868704	0.690755917937263	1375
0.076835277853083	0.7673380007289	1375
0.05602324172957	0.683079416360525	78
-0.01562247994329	0.887441362686772	1424
-0.0494907784776699	0.435890454815377	78
0.02885812692489	0.600573109989026	78
-0.04938876843792	0.445225820250445	78
-0.05356821355632	0.418422773072408	1
-0.1040917194811	0.754052238204004	199
-0.10671791285655	1.03649316765465	181
0.056789119152702	0.667125854000323	37
0.00174126798187801	1.22994795266428	399
-0.10830492579013	1.21720615694773	13
-0.00477565033207994	1.58549238297858	13
-0.11118546672067	1.72718197009641	399
0.112056724348949	1.14090727054044	693
0.033296452036129	0.587490743763027	1706
-0.0444683948150699	0.433758823456749	1706
-0.0415314553581101	0.405757204943893	16
-0.04350155286969	0.429872929116567	50
0.0534795053724481	1.18550466183813	90
-0.0444683948150699	0.433758823456749	268
0.00553111674045503	0.500869651939237	268
-0.04842602986207	0.44867035504741	53
0.00317115975462401	0.505871843374307	1248
0.012338292322375	0.489792476368873	78
-0.0345923994291	0.390263127295732	78
-0.04445264019477	0.430927724065131	1
0.0354488110971341	1.49162322020034	1415
-0.04842602986207	0.44867035504741	3897
-0.00192802438776996	0.988428540430344	37
-0.0233513115578901	0.940973823316466	37
-0.019028275318	1.14224637769921	399
0.068109562883807	0.604641475609635	399
0.0355465402210799	0.597554243152236	399
0.00536624632521698	0.523323803017451	399
0.028520666053431	1.06494152892228	693
-0.04541011657835	0.427842189003177	1706
-0.0394224817711899	0.428820497755674	50
-0.11587114671122	1.10395469264785	50
0.11785060684295	0.844884021890568	50
-0.0394026977423501	1.46735378997874	50
0.015959581581108	0.90325691644142	268
-0.09224548434112	1.5933866088272	767
-0.0764981703208101	2.49184893677161	473
0.0355266815297161	0.581742835755164	1375
0.085191977465403	0.823737155703177	1375
-0.10686714742304	0.728526477263481	78
-0.04350155286969	0.429872929116567	1
-0.0495730630978699	0.4149080062341	199
-0.0442596687539101	0.423097140504412	2155
-0.04640120529454	0.428382015905654	2155
0.0333049427850261	0.614432452222438	37
-0.11023426389199	0.771347784732005	37
-0.0443643429565399	0.445800704702982	37
-0.0433980676132799	0.44647504020799	2058
0.103095307618903	0.803911013021247	13
-0.0474638017453599	0.446251819108337	399
0.080636957363656	0.783842315725168	781
0.064931244436506	0.703680819270732	90
0.078792758795307	0.765184658102144	90
-0.04640363250161	0.428229873657116	268
-0.0453311350324299	0.440452046038488	53
-0.04241622157411	0.424562607174006	1671
-0.05153523561587	0.806961347548661	767
0.029180531260368	0.598184933881074	1375
-0.0445578371161801	0.429867191818012	1375
-0.0433980676132799	0.44647504020799	2884
0.000266411603936034	0.512528764904733	37
-0.0445578371161801	0.429867191818012	37
-0.0443643429565399	0.445800704702982	2058
0.051843233992526	1.16607037310346	399
0.012324224306478	0.477953329393178	399
-0.0303449940593199	1.27694826602175	399
0.086179857487469	0.72211612016012	693
-0.04544058137198	0.417592493711629	3791
-0.04243230844476	0.442292931729212	3791
-0.0598456924570301	0.840470019731645	50
0.000842851166075964	0.505098527889264	18
-0.0545279416626001	0.418155888704423	268
0.117056598679356	0.834809638475571	476
-0.04567753209032	1.20977759787166	1375
-0.0793490037232201	1.1779292244988	78
0.00100697801016703	0.510959751285194	1
0.058601248110791	0.693213689358337	1415
-0.01800804927396	0.923408351748851	2884
0.00747391857737001	0.514089350246445	2884
0.0304374615010971	0.603384865564393	2884
0.032984886684108	0.614378163164001	37
-0.1062565327737	0.710370601924961	37
0.082306674814397	0.746635686307339	399
0.008663258207387	1.01638192641838	399
0.0548941876115731	1.17453802424598	399
0.00821593265742504	0.506804095237926	137
-0.0442596687539101	0.423097140504412	16
0.077790918747316	0.773068181908214	832
-0.1031058527317	0.732316775795461	50
-0.05346881310061	0.429427774421712	1224
-0.0483239786818099	0.427518463663862	268
-0.04640120529454	0.428382015905654	93
0.00294241219737001	0.524856477976157	767
0.034564110440276	0.615458717111082	767
0.118414482637153	0.995203093350702	473
-0.0783635072490201	1.16516530164269	473
-0.11179558267584	0.766478710900199	1375
0.036464502237861	0.583234111358566	1
-0.0404913862182701	0.429986031003074	4293
-0.04134513400628	0.423430599953674	181
0.083808239584709	0.728021986710124	37
0.075789841389875	0.763093949220804	37
-0.0442596687539101	0.423097140504412	37
0.056803715184966	1.20350030982617	37
-0.00715823349656009	1.28738592272207	37
-0.04038355317258	0.428241517084643	13
0.100342800734291	0.928729525000156	399
-0.01641569300929	0.894657594440803	399
-0.0224909186609099	0.909510145923324	399
0.063921632062659	0.700807241835322	399
-0.10268111135208	1.59016270855789	50
0.063767770222266	0.671972124461222	50
-0.0545279416626001	0.418155888704423	1224
0.063348498649391	0.70625020869975	1224
-0.0433980676132799	0.44647504020799	18
0.101864546280978	0.819212705505627	93
0.062531370305573	1.9624985366243	767
-0.0287062467899299	2.23963235811194	767
0.00524624276802499	0.512743170789752	78
0.092895873321888	0.866588726379371	78
-0.04640120529454	0.428382015905654	37
-0.04631485145943	1.5096958841618	37
0.0106318221348251	0.51093753674394	37
-0.04136409890739	0.424665264099882	296
0.00161029370261001	1.20951394769963	399
0.082062172274475	0.76732924998968	399
-0.0502627949207499	1.22949944969555	399
-0.00255742764743006	0.511082458511344	399
-0.09281386119915	1.41748875676705	137
0.00220379579866403	0.526527263663833	137
-0.04350155286969	0.429872929116567	1706
0.00695203805764799	0.967946895182082	50
0.036368567617672	1.11593539779163	90
0.00598907382920899	0.516707923678894	53
0.034298516413791	1.10019527611071	473
0.056608175334014	1.11217385713275	473
-0.0516635287571601	1.21703591420941	78
0.00892225986164197	0.502407069289994	78
-0.11023426389199	0.771347784732005	4293
0.00747391857737001	0.514089350246445	37
0.059622006993441	0.700677899984716	37
0.069534538492429	0.651272570927356	2155
-0.10997666171814	0.783170148459437	181
-0.10562455951753	0.73934039693308	37
0.029216605379586	1.06748308097508	37
-0.071015632907	1.43341145583988	37
0.063921632062659	0.700807241835322	37
-0.0408092221930301	0.684750147530733	399
-0.07650103409013	1.44443439614922	399
-0.05418420403808	1.17187967567121	399
-0.03734474074365	1.11799226876469	399
0.00317115975462401	0.505871843374307	399
-0.0557464269447201	0.824855603881716	137
0.032978156742139	1.02834792800832	16
0.05975053842936	0.686798353698228	806
-0.03746168551681	0.403308488640235	50
0.057361334367585	0.674481421646851	50
0.047078905666561	1.10940415038633	50
-0.00425874281861005	0.495431975075731	268
0.00892225986164197	0.502407069289994	438
0.03582890857997	1.12615338678789	438
0.063482054388792	0.661382060885788	105
0.00818240332512599	0.50199336587149	4255
-0.05141896060354	0.421411961089526	53
0.08290483365649	0.786625777707899	767
0.02414356905892	1.37086394102968	473
0.0805246728128211	0.772052831159134	1375
0.036612449961868	1.01361623030865	78
0.053180749289282	0.669794656212401	78
0.058610187410564	0.678351149907038	78
0.0907991241746659	0.704423349672335	37
0.035200144327334	0.597868924156495	181
0.06853387412054	0.67407265081065	703
-0.05163220794746	0.832314832237037	399
0.009655473150329	1.00510775560918	399
0.118509431724673	1.00453081619148	399
-0.10112745328907	0.719550204868812	399
-0.0464744906310901	0.428988757616558	399
0.059489416364686	0.697910082909278	399
0.118363845891289	0.950961667564215	399
-0.0388448095759	1.4877055968823	399
-0.0385685927002399	0.414267050166112	16
0.106899102523797	0.911389607865579	50
0.028229061756999	0.595886677498405	1459
0.00769097603197699	1.01564771265546	105
0.0825231833815781	0.764407053699888	105
0.00317115975462401	0.505871843374307	4255
0.082465914604447	0.690750214152785	2719
0.032984886684108	0.614378163164001	2719
-0.04852745575138	0.433634927743835	93
-0.0494907784776699	0.435890454815377	53
-0.05045461324515	0.432727027587394	53
-0.06621990244593	0.828055642516191	1375
-0.05459186264598	0.812714243816889	1
-0.0105883452762301	0.455936657319188	199
-0.1121390168569	0.773479854806723	37
-0.0474638017453599	0.446251819108337	1486
0.121659392944754	1.01429782267112	399
-0.00683727222722008	1.13257797445375	399
0.00501617472378002	0.519562639486116	399
-0.02136201217169	0.921449677971682	137
0.080776394289651	0.75731695089458	16
-0.04862055277964	0.406424397979457	806
-0.05346881310061	0.429427774421712	50
0.079095683686813	0.777987086021771	50
-0.10089588125019	1.39032760642253	50
-0.0510563851974599	0.841506527765671	18
-0.0455159115247701	0.432093044759573	268
0.011328040278595	0.98485349005934	438
0.00798863638165503	0.493709929792748	105
0.073119512535066	0.762125919102834	2719
-0.0474638017453599	0.446251819108337	517
0.00197513677763295	0.527784975096114	1375
-0.02014928763691	1.17372685041302	78
-0.0423287740670699	0.428449042358836	78
0.00610115503236997	0.521664477903687	78
0.019815034362992	0.979546103739731	1
-0.04792876271727	1.20654941215863	199
0.010125351783785	0.498974421602091	37
-0.0483239786818099	0.427518463663862	1486
0.026965169250772	1.42614802892906	13
-0.03292235981936	1.25322466744118	399
0.115230022621158	1.09953438345284	399
-0.06823415198615	0.808380707800337	399
0.116654168812074	0.871377634081071	137
-0.0403999377976201	0.412918774533451	806
-0.12163673342215	1.27411877871976	50
0.099674760829809	0.850689387439519	50
0.00566516964803299	0.924709855314881	3061
0.085800217325293	0.736857678160746	812
-0.00159385871586992	0.508400245228127	812
-0.04869904825111	1.19457860831428	438
-0.0444683948150699	0.433758823456749	105
-0.09734736177584	1.59341802606405	105
0.0365074962306871	0.567733786159928	2719
-0.0516635287571601	1.21703591420941	3166
-0.04640120529454	0.428382015905654	517
-0.0433980676132799	0.44647504020799	517
-0.0444683948150699	0.433758823456749	1820
0.0642395907241891	0.669021291238439	526
-0.1199976755236	1.27811704402704	37
-0.10232925042058	0.722299416422694	62
0.116489829041236	1.04161514534891	13
0.039028144271875	0.593797485290329	399
0.05923385908596	1.1233245186872	399
0.00639126649938604	0.975075392755343	399
0.060634977748008	0.703536127183062	399
-0.10529852307657	0.778605023155457	399
0.076713784619421	0.767568910880521	137
-0.11405891614132	0.770445692259346	50
0.094413417570792	0.829152026885681	50
0.00513490229487401	0.509680765352785	812
-0.0432939638308401	0.427873668991277	90
0.00317115975462401	0.505871843374307	90
-0.0619858834895599	0.852837268351295	4542
0.014028459191797	0.477889657783569	438
0.0854436317177621	0.788964129604101	105
-0.0455159115247701	0.432093044759573	105
-0.04445264019477	0.430927724065131	105
-0.0433980676132799	0.44647504020799	517
-0.04146706489408	0.429278291239433	517
-0.0453311350324299	0.440452046038488	53
0.00989320472661803	0.513997136030586	1671
0.122802893420226	1.13540130259586	2538
-0.12240488531117	1.37673456708279	473
0.051726492578168	0.669921789499445	78
0.096555679439168	0.81003611213693	78
0.00650295193964501	0.516919190277734	78
-0.04852745575138	0.433634927743835	37
0.00864872087794399	0.488028996661974	37
0.036174955168349	0.599849694489256	37
-0.12340774308315	1.08256819038778	37
0.00123554490252298	0.529473029392655	37
0.103141581744424	0.905795269278707	399
-0.0313920503467799	0.886326686778763	137
0.075388958121743	0.771651251702094	137
-0.0454357545055	0.433156322806163	806
-0.04640120529454	0.428382015905654	806
0.00673163236678998	0.517175184688351	50
-0.0433980676132799	0.44647504020799	18
0.036479942476106	0.596423707973031	18
0.062201675330138	0.704960497736425	90
0.077328566088788	0.769372189534728	90
-0.04544058137198	0.417592493711629	2462
0.00427237583115303	0.515543120569999	2462
0.00243325300321595	0.50358452883394	105
-0.0475646445167299	0.422542066773274	105
0.003908799730446	0.504338198541581	53
-0.0483239786818099	0.427518463663862	1671
-0.0453311350324299	0.440452046038488	1671
-0.02506019291651	0.942106671344998	473
0.00763906520330904	0.986702347559157	473
0.028537119040131	0.581810186251225	78
-0.00278531206733001	0.491492916094687	78
0.037984264642978	1.09860541428171	482
0.00844401215262003	0.49444624929651	78
-0.1052156238306	0.674723405947695	590
0.036464502237861	0.583234111358566	590
0.09916596977082	0.859930899633248	1
-0.00193815643181994	0.980892233218014	1
-0.05251019161795	0.429734791833162	526
-0.0614612090154201	0.812962938053925	62
0.0907991241746659	0.704423349672335	399
0.123581080896257	1.02574275174778	137
-0.0587619244600299	0.845789852622569	137
0.116748676479164	0.839036070397386	137
0.00587052576133296	0.50367174171513	137
-0.0846871291500899	1.13215909786983	50
0.084580022542437	0.767917774165396	50
-0.10997666171814	0.783170148459437	3061
-0.04350155286969	0.429872929116567	4542
-0.05045461324515	0.432727027587394	2462
0.00673163236678998	0.517175184688351	105
-0.04350155286969	0.429872929116567	105
0.032996755313793	0.588801150523894	53
-0.048505660427	0.801857257818052	1671
-0.0473623375497601	0.430582208132322	136
0.00524624276802499	0.512743170789752	473
0.11568410145647	1.03220369070903	473
0.103322396414674	0.874725295914735	1259
0.051448634854014	1.1691330925821	1375
0.066827730168193	0.625418198550821	78
-0.01748084979041	0.92201797451234	78
0.00197513677763295	0.527784975096114	78
0.085404515378771	0.833042453996379	482
0.0301156155619871	0.59718089001736	78
-0.12016961839904	0.72298780742908	78
0.096999985994416	0.889690109260631	1
0.057488331391645	0.683973037611493	1
-0.0223595784714401	0.950320686505322	62
-0.04134513400628	0.423430599953674	181
0.0106318221348251	0.51093753674394	37
-0.11405891614132	0.770445692259346	37
-0.0454357545055	0.433156322806163	1681
-0.00159385871586992	0.508400245228127	5350
-0.04243230844476	0.442292931729212	2873
0.050848736470717	1.06910549517821	399
0.01342687652481	0.447907865880634	399
-0.0515120988447	0.836818438556885	399
-0.0423287740670699	0.428449042358836	399
0.0982230252180259	0.810636469629091	137
0.00197513677763295	0.527784975096114	16
0.00844401215262003	0.49444624929651	16
0.065952775959911	0.658529956377769	18
0.040625422085209	0.599198553208337	812
0.00575970002729898	0.520040244943026	1459
0.00536624632521698	0.523323803017451	105
0.026310551066695	0.58079778873351	3166
0.000111702920853052	0.499992850577696	1778
0.010863265882162	0.499378493957803	1375
-0.0214318347043401	0.924355854056641	78
0.00228332870608805	0.986851987978137	78
-0.01436854141678	0.907847455238625	78
-0.11561733705367	0.763899989114807	78
0.055327431523183	0.680268301235614	1
0.0301156155619871	0.59718089001736	526
-0.11031924022944	0.77572281644483	526
-0.05585888474981	0.856149873128728	62
0.00524624276802499	0.512743170789752	1681
0.106963863733434	0.909750904710588	13
0.12311951851885	1.15568025232666	137
-0.10111798949106	1.37045466420814	137
0.070791385832344	0.744310963721369	137
-0.0573362680077001	0.833652659247232	812
-0.0494398476354501	0.413578242222271	18
0.103566795337854	0.810128198898983	2462
-0.04136409890739	0.424665264099882	1459
0.079168664535028	0.785427605356846	105
-0.0515520742478299	0.420495589182693	105
-0.0394224817711899	0.428820497755674	105
0.065369507185588	0.69983898092563	517
-0.0453311350324299	0.440452046038488	517
0.011600912664917	0.49651805060988	53
-0.04243230844476	0.442292931729212	1671
0.031065606499158	0.599504126969321	78
-0.0443643429565399	0.445800704702982	78
-0.03952973450319	0.426155787261663	1
0.102884285261024	0.823941965169412	62
0.037431144254634	0.593205988609784	1681
0.041264340188553	0.583643894226027	1681
0.121960227248438	1.04469264318859	399
0.015068046672344	0.956500369761482	399
0.063823085755623	0.617240920209565	3108
0.061627985200536	0.69830409915042	90
0.0336263868866969	0.599812214032604	105
-0.0549038287913901	1.20170614220119	136
0.0274890346297551	0.981012205181947	473
0.063193011531364	0.66828165679019	78
0.031693538268302	0.590540365500309	78
-0.000474424787330063	0.510164144766332	78
0.00157372035511905	0.505438985948541	13
0.082645665775549	0.740699373846844	2873
-0.0473623375497601	0.430582208132322	399
0.026215234842605	1.07426797347877	399
0.063785428419289	0.710545406657148	399
-0.08109618967356	1.13412479583505	137
0.063911408650067	0.673049290590659	137
-0.0646365137440399	0.829917220368317	16
-0.0620866510037399	0.837227563430871	18
-0.00159385871586992	0.508400245228127	1015
-0.10649890404876	0.758594678841909	1459
-0.04842602986207	0.44867035504741	1459
0.00197513677763295	0.527784975096114	135
0.00610115503236997	0.521664477903687	105
-0.11466266660174	0.767215564744385	105
-0.0454357545055	0.433156322806163	517
-0.05360956424369	0.822324959105216	53
-0.0423287740670699	0.428449042358836	78
0.0741134607484421	0.758660594582415	78
-0.12017860637999	1.08088156819369	590
0.00989320472661803	0.513997136030586	1
-0.0698458424522801	0.72059661062098	526
-0.05165429335355	1.21700275751364	4043
-0.10624823730327	0.781936167426071	62
0.0945097245916801	0.832777081175979	37
0.034885006064964	0.608532993502877	2263
0.104721996642911	0.956124189347155	399
0.00439901407220999	0.51125433795232	693
0.0670793104922131	0.680105264403455	137
-0.12461667943254	0.680511085566402	3044
0.115424819540849	0.975479489933799	50
-0.0442596687539101	0.423097140504412	18
0.038059744089473	0.599220689975794	135
0.000495684112402972	0.526867747572164	105
0.032984886684108	0.614378163164001	517
0.032675036530646	0.607875856809657	517
0.081523495658534	0.772338934102425	53
-0.0542785874574701	0.854870063777494	53
0.040625422085209	0.599198553208337	293
0.110818380075142	1.04971880711093	473
0.00989320472661803	0.513997136030586	78
0.094681641837131	0.907727387571868	4043
0.086445288179032	0.774214271878569	4043
-0.10847873410578	1.06194415844303	62
-0.02295061306819	0.918625119534205	62
-0.04243230844476	0.442292931729212	181
0.066089293596678	0.707076675031369	2263
-0.10650609832428	0.781810867649974	2263
-0.0443643429565399	0.445800704702982	399
-0.0433980676132799	0.44647504020799	399
-0.04845279749416	1.18399628254133	399
-0.0464744906310901	0.428988757616558	402
0.012509652057336	1.0225191692479	399
-0.11360298905334	1.0743544216493	399
0.00673163236678998	0.517175184688351	693
-0.06879352620877	1.40566065236271	137
0.099658273558134	0.795352496420803	137
0.0298091031343291	0.602931281853728	137
-0.10937074488188	0.779208599663148	50
0.00626197562040298	0.937020353423519	50
-0.0768410336602099	1.08662550262179	377
0.0422043216657551	0.597227396370121	18
0.034885006064964	0.608532993502877	1459
-0.0473623375497601	0.430582208132322	105
-0.10997666171814	0.783170148459437	517
-0.0443643429565399	0.445800704702982	53
0.00724593065857404	0.509545936419535	53
0.037111205998082	0.596886674385892	53
-0.05346881310061	0.429427774421712	53
0.080708459923006	0.793619192967202	473
0.019312404722148	1.39677269554151	293
0.077252431321755	0.772360172505668	78
-0.01713584247592	0.890133994371564	78
-0.01667703548455	0.882181613372892	78
0.0377422529075619	0.594094542526021	62
-0.04852745575138	0.433634927743835	37
-0.05356821355632	0.418422773072408	399
0.00724593065857404	0.509545936419535	399
0.035869332542778	0.608542429103958	399
-0.0269816460496199	1.26290734652633	137
-0.10590221418551	0.782589610128703	3044
0.000751750069774015	1.01719945023369	377
-0.0436042659043501	1.19731874374861	377
-0.08755166329801	1.38107199648814	50
0.00100697801016703	0.510959751285194	1015
0.109390162764031	0.924081402868643	18
0.108445797266141	0.929902958335957	18
-0.11429836004036	1.03923837600078	1459
0.120024761612213	1.02274823174766	105
0.037125395262032	0.617666119824078	473
-0.04640120529454	0.428382015905654	473
0.061199878016441	1.17616303694456	473
0.0969681322927159	0.940585507789839	293
0.028539234971185	0.566532522680948	293
-0.0203739246190999	0.927631060829069	526
-0.04938876843792	0.445225820250445	399
0.053419093992639	1.14755045663248	402
-0.1112125169459	0.748402020088029	402
-0.02307729160243	0.90861910064001	137
-0.0223595784714401	0.950320686505322	50
-0.0587619244600299	0.845789852622569	90
-0.10428775180532	0.725720396507139	1459
0.081711397702475	0.789737615962777	1459
0.00696110174087206	0.496865391829907	1459
0.066827730168193	0.625418198550821	105
-0.0483239786818099	0.427518463663862	105
0.0351933721219549	0.6098449656254	53
-0.04243230844476	0.442292931729212	53
-0.04640120529454	0.428382015905654	2284
-0.1145403865421	0.721552278425574	78
-0.10276324519887	0.759604525468119	526
0.00818240332512599	0.50199336587149	62
0.066505701932759	0.68287646513989	62
-0.08731260658924	1.10640325296454	62
0.117574530794437	0.96843444638521	1775
0.0106318221348251	0.51093753674394	3323
0.00100697801016703	0.510959751285194	3044
-0.04038355317258	0.428241517084643	18
-0.00436951046695011	0.967538831221209	105
-0.0181946758553699	0.888478152450441	105
0.037753106732376	0.616198039999054	53
-0.04243230844476	0.442292931729212	2284
-0.04243230844476	0.442292931729212	53
-0.04243230844476	0.442292931729212	53
-0.05820098063761	0.837631444546449	473
-0.05581130723608	0.822245422184462	526
-0.04243230844476	0.442292931729212	526
0.0301156155619871	0.59718089001736	62
-0.11217818995378	1.00661930446501	37
-0.06024978138475	1.36693494099035	399
0.049025199583141	0.652197580355262	1775
0.027564333154696	0.572016137841516	137
-0.1221571739677	1.0924131761617	50
0.118568058641735	0.941139246422616	18
0.061331452752564	0.683397442432614	90
0.109316269769531	0.960851088652777	90
0.00747391857737001	0.514089350246445	1459
-0.0432939638308401	0.427873668991277	1143
-0.0515520742478299	0.420495589182693	1143
-0.0476779649346599	1.46956904489876	473
0.116609902204711	0.926729300078087	293
0.0208780842741459	1.03203074311425	1375
0.0806050599563301	0.748770704205639	78
-0.00387760489767008	0.471609619325647	526
0.084442841711621	0.792875270926155	526
0.0798686735804151	0.754307218847203	62
0.0444247853337431	0.603626455907298	785
0.079246213287035	0.751666758673075	37
-0.0614254159833101	0.8512575739106	37
-0.00024444578496996	0.519580235074901	905
-0.0604458105705099	0.843300625997257	1775
0.060757403849562	0.692986431409001	1775
0.071245833104448	0.736657103413972	137
0.00146491155476503	0.52395959859642	137
0.120040536554363	1.03234053835745	1905
0.010863265882162	0.499378493957803	699
-0.0142459458628701	0.920971265741306	50
0.102848562576652	0.838186184706594	90
0.040947015904264	0.593029045553984	18
0.032675036530646	0.607875856809657	1459
-0.0443643429565399	0.445800704702982	5907
-0.0423287740670699	0.428449042358836	1106
-0.0444683948150699	0.433758823456749	157
0.00650295193964501	0.516919190277734	1143
0.114325064485725	0.97812906534768	473
0.0573055341418	1.1565457573682	473
0.104218397950657	0.916749064789769	1375
-0.10362996051429	0.748471178792662	5128
0.090238902227226	0.843068282868386	78
-0.0593403478363199	0.833793066144235	526
-0.10842163467365	0.76817921303729	526
-0.04842602986207	0.44867035504741	526
-0.0474638017453599	0.446251819108337	62
-0.0444683948150699	0.433758823456749	62
0.00553111674045503	0.500869651939237	13
0.00464496772556799	1.29085888431488	399
0.098582304085141	0.849029880758561	402
-0.1049514041827	0.753984230773516	137
0.121853158372541	1.03585543514204	137
0.000725759274744053	0.516767991607716	16
-0.10827453018077	0.740928001848677	105
0.00536624632521698	0.523323803017451	1106
0.087287092541551	0.765360441041045	720
0.00673163236678998	0.517175184688351	5128
-0.12228231499459	0.71117440650142	78
0.000842851166075964	0.505098527889264	78
-0.0444683948150699	0.433758823456749	158
-0.0433980676132799	0.44647504020799	62
-0.10241926466834	0.757715784252609	37
-0.04350155286969	0.429872929116567	37
0.0383803576498301	0.568793080859015	37
-0.04243230844476	0.442292931729212	13
0.0772609458671339	1.37093410492519	905
-0.0474638017453599	0.446251819108337	3044
0.0333049427850261	0.614432452222438	1459
0.00100697801016703	0.510959751285194	105
0.000495684112402972	0.526867747572164	105
-0.04640363250161	0.428229873657116	1110
-0.0443643429565399	0.445800704702982	53
-0.10615699333071	0.745674334275735	1106
0.122155641739862	1.10905663270935	473
-0.05346881310061	0.429427774421712	293
-0.0483239786818099	0.427518463663862	5128
0.06321224247701	0.707875602355158	78
-0.04640120529454	0.428382015905654	62
-0.0365047538376599	0.403762808866673	62
0.046326293157259	0.540163935626295	62
-0.10181420852646	0.756456426196527	62
-0.04243230844476	0.442292931729212	37
-0.05605775278546	1.33743015647664	13
0.095806276787633	1.34796310061194	399
0.0573794722581989	1.5874193753982	399
0.110346606785085	0.981489450769609	402
0.077790918747316	0.773068181908214	905
0.037125395262032	0.617666119824078	905
-0.04134513400628	0.423430599953674	1775
-0.0404913862182701	0.429986031003074	699
0.031712931839549	0.572569183992331	690
0.080708459923006	0.793619192967202	5122
-0.0433980676132799	0.44647504020799	473
-0.0443643429565399	0.445800704702982	402
0.056916159523899	0.685708652979281	137
-0.0994893616094199	0.676933968010941	972
0.089148252331368	1.42146976032237	2485
0.039675690946827	0.582641817394435	105
-0.04241622157411	0.424562607174006	690
-0.04038355317258	0.428241517084643	720
-0.0444683948150699	0.433758823456749	785
-0.11058277354997	0.782393259015343	785
0.043458092585601	1.54016980273483	399
0.03491791148562	0.591447556618059	399
-0.10371166901347	0.73727749142182	402
0.088652166561069	1.45617232393304	137
-0.0425352281097999	0.417796316913952	2350
-0.0442837750979199	0.73967590258835	157
0.000603244098248967	0.494509435912605	473
-0.0494398476354501	0.413578242222271	720
-0.0433980676132799	0.44647504020799	78
0.0387036793121051	0.613624450501273	62
0.066939463463526	0.684972210204615	399
0.072369929869739	1.22694528781332	399
0.038690307661141	0.59639782815755	905
-0.0453311350324299	0.440452046038488	905
0.0000294154147559844	0.984869029296012	230
0.115674711351863	0.937456012973076	1080
0.00747391857737001	0.514089350246445	788
-0.10181420852646	0.756456426196527	2485
0.113596593521877	0.924092321485894	1459
-0.0433980676132799	0.44647504020799	1459
-0.04134513400628	0.423430599953674	5128
-0.04445264019477	0.430927724065131	5128
-0.0384619192567	0.425008614563889	560
-0.0475646445167299	0.422542066773274	1355
0.104515773725394	0.911799904863163	13
0.120936791568596	1.07712344598007	399
0.0627751797757991	0.707592424647626	905
0.00271445992973596	0.521265643213589	905
0.004176591228231	1.30957218568305	137
-0.00204899440886996	0.479031129793503	1080
-0.0777080223278901	1.15578925356485	2485
-0.0433980676132799	0.44647504020799	1459
-0.0561981985348901	0.819966692229113	1459
-0.0255855495699999	0.90733769250235	1459
0.062243030718409	1.13832263202726	135
0.00598907382920899	0.516707923678894	105
0.032675036530646	0.607875856809657	1110
0.00673163236678998	0.517175184688351	473
-0.04445264019477	0.430927724065131	221
0.085137557203832	0.722248495294742	158
-0.0599988223505299	0.852578506148051	62
0.106463199211611	1.52093521154577	399
-0.11794758753592	1.11009171997531	905
-0.07560927508885	1.62331696775881	137
0.0740492713543191	1.30710859415492	788
-0.0602002483027799	1.18206280272553	105
-0.04852745575138	0.433634927743835	476
0.113573566144006	0.986436853878954	473
0.085980977035959	0.783650790737754	293
0.057774549207835	1.14899474354867	473
-0.0253130588260899	0.879328877704655	62
0.108271419369354	0.927362665341359	785
0.059190871246091	0.664202819099469	399
0.0679594392770571	1.98319730739966	399
0.038059744089473	0.599220689975794	402
0.00823010456074502	1.30946076944562	230
-0.04852745575138	0.433634927743835	377
-0.0455159115247701	0.432093044759573	1110
-0.04842602986207	0.44867035504741	78
-0.04360026686825	0.418948345293282	4923
0.033934634041467	0.616913290371044	62
0.06606493751057	0.654127640411024	62
-0.01469027808868	0.849044858543812	402
-0.0530609956852499	0.860609659516008	905
0.00610115503236997	0.521664477903687	905
-0.04243230844476	0.442292931729212	905
-0.05548817601067	0.409456969556057	74
0.0434663919570481	0.563757005673116	377
-0.04842602986207	0.44867035504741	974
-0.0494907784776699	0.435890454815377	2127
0.034244600467445	0.607391228022738	105
-0.0464744906310901	0.428988757616558	68
0.000767816866654947	0.990443938135572	476
-0.03303975030049	1.51890193182747	293
-0.000859243619129924	0.503863375873233	495
-0.0474638017453599	0.446251819108337	62
-0.02777783915573	1.1803637001586	1090
-0.10784022511454	0.720636972232258	399
0.00598907382920899	0.516707923678894	137
0.003908799730446	0.504338198541581	2200
0.019472556815981	1.34393332081933	293
0.00169206051291504	1.35580468915405	293
-0.01001530030894	0.875577619851423	293
0.044170094081091	1.10436006853034	293
-0.11083661728542	0.773183051980988	221
-0.04136409890739	0.424665264099882	78
-0.0288234961364899	1.26264968920678	78
-0.10444201890833	1.58866113527921	158
0.115634939468816	0.980842231112093	18
0.105860254519967	0.933001367934569	105
-0.00159385871586992	0.508400245228127	690
0.025358823730257	0.578695679967233	158
-0.0474638017453599	0.446251819108337	62
-0.04842602986207	0.44867035504741	785
-0.0473623375497601	0.430582208132322	664
-0.04350155286969	0.429872929116567	626
0.080445663320012	0.770922774434341	399
-0.11066044066471	0.740245947605734	399
-0.0805110672450999	1.15340071832126	137
0.00174727462465096	0.504959742668425	74
-0.04243230844476	0.442292931729212	877
0.039008906271935	0.591353630501703	50
-0.02071054183419	0.908799120046949	377
-0.0117278475767	0.882280389862378	2143
-0.04136409890739	0.424665264099882	2041
-0.0423287740670699	0.428449042358836	68
-0.10815949572122	0.754781229182395	221
0.00327545529382201	0.487448231526994	61
-0.04938876843792	0.445225820250445	158
0.063336709497381	0.675737035862366	62
0.00966184695480499	0.499515744482457	785
0.00320696081179905	0.989640160933038	1090
0.078529616814549	0.734700039049045	399
0.064931244436506	0.703680819270732	2492
-0.0779035357675999	1.16593537550296	402
-0.0619019304374999	0.80461867594401	402
0.044769501741725	0.567232432933516	402
0.0746748989452209	0.743466633341072	137
-0.0425352281097999	0.417796316913952	877
0.060634977748008	0.703536127183062	50
-0.0474638017453599	0.446251819108337	18
0.062201675330138	0.704960497736425	2143
-0.0524107636909401	0.413403082615961	2143
0.00123554490252298	0.529473029392655	2041
0.08160244303872	0.758043957337917	1459
0.00550065317938497	0.467859729713932	740
-0.0433980676132799	0.44647504020799	740
0.0291649299900451	0.564742896373572	690
0.02156571558436	1.34765521800664	473
0.00220379579866403	0.526527263663833	1306
-0.04136409890739	0.424665264099882	158
0.00780017378261599	0.500662614108395	62
0.00844401215262003	0.49444624929651	62
0.00464617312006999	0.498499599262353	785
0.116331697019767	0.847330127942292	785
0.00271445992973596	0.521265643213589	1333
0.073041365122522	1.17526587779647	399
-0.04852745575138	0.433634927743835	1527
0.00223437295775097	0.988992748724707	137
-0.0444683948150699	0.433758823456749	74
-0.09857821354328	1.38746978330785	6517
-0.04350155286969	0.429872929116567	1459
-0.0432939638308401	0.427873668991277	105
-0.05473920561919	0.872302526191695	690
-0.00853915631177005	0.472345511526737	472
0.062201675330138	0.704960497736425	390
0.083514449379435	2.40699308293682	473
-0.04650208354095	0.434292024849057	221
-0.05045461324515	0.432727027587394	495
-0.11126712124168	0.748449157096089	61
-0.10567826633363	1.29082430748091	785
-0.12267557284923	1.53046428540719	2660
0.00650295193964501	0.516919190277734	399
-0.00118101845898	0.963658511755266	2492
0.0351933721219549	0.6098449656254	402
0.029728079634232	1.10613830634477	137
0.118577954324939	1.10593602589052	137
0.032235889626019	1.02802757845406	74
0.122667291743492	1.03080840312457	237
-0.11740975914206	1.7666438993513	237
0.075042155617435	0.754428776837913	369
0.06693078735587	0.632386137308594	369
0.121635999965649	0.974467321024645	740
-0.03217098519734	0.89487370224155	472
-0.05356821355632	0.418422773072408	221
-0.05890744515612	1.41879865299937	221
-0.00329329124041999	0.510726010383714	1211
-0.03952973450319	0.426155787261663	495
0.084722043463061	0.745284786253935	495
0.00587052576133296	0.50367174171513	785
0.00478690005961402	0.503756185059023	785
0.027889403041878	0.571861250055943	399
0.00368076094158598	0.518415662074474	399
-0.11808606391801	1.36127056857326	2206
-0.02888338668471	0.915930355278029	137
-0.11761697323018	1.47705563009604	137
0.098661795937991	0.909729001583607	137
-0.0445578371161801	0.429867191818012	2196
-0.0971149073325801	1.74013476919398	50
-0.04145354839253	0.429401569031903	237
-0.0444683948150699	0.433758823456749	237
0.012047636682831	1.34505865849209	369
0.093417222877196	0.795229489287825	369
-0.0494907784776699	0.435890454815377	504
-0.0432939638308401	0.427873668991277	221
0.00989320472661803	0.513997136030586	221
-0.0495730630978699	0.4149080062341	61
-0.06259046403241	0.709867821171683	785
-0.0464744906310901	0.428988757616558	785
-0.0494907784776699	0.435890454815377	458
0.05204972088316	1.1834898799509	2660
-0.11187399751331	0.752040311336054	402
0.065369507185588	0.69983898092563	504
-0.04938876843792	0.445225820250445	4148
0.00294241219737001	0.524856477976157	61
-0.04445264019477	0.430927724065131	2178
0.00673163236678998	0.517175184688351	137
-0.0444683948150699	0.433758823456749	137
-0.00387760489767008	0.471609619325647	137
0.00892225986164197	0.502407069289994	237
-0.0604056699023201	0.846988371274188	237
0.030744039310375	0.588320087157007	237
-0.04136409890739	0.424665264099882	2845
-0.0394224817711899	0.428820497755674	740
0.122786861016999	1.06194627263717	473
0.098601875361063	0.906299639043687	221
-0.0464133249740699	0.390990648312404	78
-0.10901188469504	0.755954629091621	78
-0.1068524104524	0.785954285689314	158
0.06321224247701	0.707875602355158	495
0.032984886684108	0.614378163164001	2413
0.036479942476106	0.596423707973031	785
-0.09808603925588	0.713595711025829	785
-0.04842602986207	0.44867035504741	458
-0.0793490037232201	1.1779292244988	785
-0.12355127916127	1.35461044224622	1090
-0.0521100082525701	1.22358799692951	2206
-0.11501192009647	0.767084382818898	137
-0.0333940234950101	1.44383262374233	137
-0.10839484237353	0.729755509151521	137
-0.0454357545055	0.433156322806163	74
-0.05346881310061	0.429427774421712	237
0.058044190334502	0.685802783754939	237
-0.0608651234403099	0.84467244420424	237
0.00915431893902496	0.51354011901363	237
-0.04938876843792	0.445225820250445	892
-0.11970670251648	1.08560783185957	740
-0.04842602986207	0.44867035504741	219
0.00673163236678998	0.517175184688351	219
0.029421427199409	1.38749844630561	473
-0.02360608298749	0.919800858095239	221
0.00501617472378002	0.519562639486116	158
0.100064442366155	0.83044145365461	495
0.012338292322375	0.489792476368873	78
0.00294241219737001	0.524856477976157	61
0.00123554490252298	0.529473029392655	61
-0.0474638017453599	0.446251819108337	61
-0.0515520742478299	0.420495589182693	61
-0.03337893687163	1.20394298265724	2660
0.119088356621289	1.09772090066318	2660
-0.05372994359838	1.18891058087566	1090
0.00570563719996198	1.36066395228055	399
-0.0986239163076399	0.904567200006544	137
-0.0532421494634801	1.15203917245345	137
-0.1068524104524	0.785954285689314	137
-0.10806133718696	0.779615651282842	6641
-0.12071956380148	1.05437163455713	6641
0.042511873677154	0.590379787164007	221
-0.0510563851974599	0.841506527765671	78
-0.1052845778529	0.752073309366968	78
-0.04243230844476	0.442292931729212	61
-0.04541011657835	0.427842189003177	158
0.039330687869483	0.608005585987217	61
0.030744039310375	0.588320087157007	92
0.00895767480319598	0.49115628995866	13
0.109973530876897	0.996674328312564	1090
-0.00397481730035998	1.29149914173059	1090
-0.01984438506875	0.914098094514641	399
0.039378155719354	1.11147248188293	2206
0.058459344221006	0.690607596062103	137
-0.109632116302	0.764113429733103	137
0.085980977035959	0.783650790737754	137
0.061627179254055	0.683327544543985	237
-0.0475646445167299	0.422542066773274	237
-0.0187868685357599	0.883819676492706	237
-0.04640363250161	0.428229873657116	892
0.034574276000743	0.601756282991128	369
-0.11603936993774	1.06605336885779	690
-0.05251019161795	0.429734791833162	219
0.00146491155476503	0.52395959859642	2558
0.065499601827673	0.66172462387588	78
0.012338292322375	0.489792476368873	402
-0.07716423537129	1.09160927502897	1139
-0.00507185405075994	1.2596605522599	237
0.032671334487929	0.587464249678032	237
-0.11219988655359	1.10683290970496	369
-0.0433980676132799	0.44647504020799	740
-0.0454357545055	0.433156322806163	740
0.0364974705783629	0.615161111056148	690
-0.01892262545204	0.895170941983824	476
-0.01128698945343	0.887947716520473	476
0.084498832025358	0.753016580332615	221
0.114389751585875	0.961653933469108	221
0.06543887010109	1.235456644539	158
-0.0494907784776699	0.435890454815377	2178
0.065349115304191	0.660699169577572	1139
0.00701872753157296	0.479457747845462	137
-0.03941172424205	1.24874593374945	137
-0.0474638017453599	0.446251819108337	237
0.00368076094158598	0.518415662074474	237
0.091623120666431	1.38959353671569	237
-0.0384619192567	0.425008614563889	369
-0.0404913862182701	0.429986031003074	219
0.033614851151743	0.612938485681252	221
0.00938717017933699	0.495354476486572	293
0.087319171418085	0.752297201601462	78
-0.1086660910071	0.76901915270405	78
-0.04146706489408	0.429278291239433	2596
-0.03746168551681	0.403308488640235	2343
-0.0474638017453599	0.446251819108337	158
-0.05506446157891	0.792720264627979	62
-0.0443643429565399	0.445800704702982	92
-0.0494398476354501	0.413578242222271	92
-0.0499506833313501	0.699356666368371	2660
-0.10157063310151	1.52924680760496	2660
0.077402527660833	1.17813977701883	2660
-0.12381245544545	1.37196827216805	402
-0.11380166826128	0.758246141530679	2206
0.035848462199065	0.592737773141285	402
-0.113938426956	0.711075190222306	2689
0.0176069457815889	1.03086773586429	137
-0.04145354839253	0.429401569031903	237
-0.0027011694746899	0.949757185686394	377
-0.10288680620216	0.981812070419513	237
0.106667359934441	0.926939263260929	369
0.075842612218713	0.770925862930017	369
-0.06621990244593	0.828055642516191	798
0.0636681618874651	0.664619122643644	690
0.026310551066695	0.58079778873351	472
0.074256096847888	1.3769997508388	92
0.123574083719001	1.01118341645184	92
-0.0474638017453599	0.446251819108337	92
-0.04360026686825	0.418948345293282	2644
0.00598907382920899	0.516707923678894	137
0.015239933898118	0.985132723823037	137
-0.05338484290765	0.393122279176085	137
0.122158724981041	1.24497751563643	655
0.1222055894398	1.0788748249133	655
-0.0433980676132799	0.44647504020799	78
-0.04640120529454	0.428382015905654	61
-0.0202468148830599	0.933795217623756	369
-0.0543320239062499	0.387816150332378	477
-0.05045461324515	0.432727027587394	477
-0.0443643429565399	0.445800704702982	735
0.00920853755120199	1.89111393899959	78
0.12458042602893	0.987060539120995	78
0.113531738213799	1.12207501235654	61
-0.0423287740670699	0.428449042358836	61
-0.0474638017453599	0.446251819108337	61
-0.0454357545055	0.433156322806163	62
0.00315993621632404	0.49799990752536	92
-0.0888112178229801	1.47273086727706	873
0.075173131742729	0.758345312354158	1566
0.0998350448070729	0.916822510405762	1139
0.074589507688143	0.760465047514104	137
0.0298091031343291	0.602931281853728	707
0.084154129686845	0.831934136129449	237
-0.03941172424205	1.24874593374945	237
0.00575970002729898	0.520040244943026	237
-0.0432939638308401	0.427873668991277	369
0.114061328574301	1.05294306611379	369
0.034449788797709	1.36884041385269	369
0.00747391857737001	0.514089350246445	477
0.00575970002729898	0.520040244943026	735
-0.04640363250161	0.428229873657116	219
0.00123554490252298	0.529473029392655	472
-0.0230173447133899	1.18540325913059	78
0.086982343707147	0.769123212063159	78
-0.02307729160243	0.90861910064001	78
-0.0565159464823699	1.18924991891951	78
0.044077610964557	1.06178905073679	61
0.070243167940101	0.636572781982096	62
0.1033319624845	0.892397393891284	92
-0.0998060138186201	1.33884778549802	92
0.116476735435153	0.83381008891771	92
0.063336709497381	0.675737035862366	92
0.00989320472661803	0.513997136030586	873
0.078630779955181	0.780391551162384	1090
0.083778886480242	0.763774476172195	1090
0.08882674195615	0.758241206879364	1090
-0.05035201801992	0.432991314592281	1139
0.028729442560632	1.0655385128629	137
-0.11861923671167	1.03502909604525	137
0.099402019958553	0.909582556232333	2953
0.11942320758297	0.962431264516091	237
0.031078922457322	1.04975063028109	369
-0.10336877920854	0.760871891692769	369
-0.0865492954602101	1.15906471360549	477
0.079906507424706	0.764566790077998	735
0.068269119003321	0.734836563558743	219
0.106264607595324	0.89010980441336	1369
0.103138844215775	0.80791792149124	468
0.096664081609151	0.86280984841976	468
0.087630166438891	1.22759290273509	78
0.00490960982188904	1.57471577912853	78
-0.11083661728542	0.773183051980988	78
0.091650536283857	0.862947166162708	78
-0.05709259140831	1.43884117549182	61
0.022895749993566	1.01686396324157	61
0.0113439926512749	0.995855912505503	61
0.123368540535894	1.02224534920404	62
0.0298091031343291	0.602931281853728	92
0.096664081609151	0.86280984841976	92
0.063767770222266	0.671972124461222	92
0.064816717951474	0.615398897569401	1939
0.062332215630787	0.669936547169464	137
0.024323946159002	1.07437583023249	137
0.043567694538421	1.10698994559769	707
0.080799047822565	0.716875641249185	237
-0.0483239786818099	0.427518463663862	237
0.064240310177699	1.28237037946359	237
-0.00517122014817995	1.20674719285207	477
0.00587052576133296	0.50367174171513	135
-0.0454357545055	0.433156322806163	798
0.00273917174431204	0.971733016984899	735
-0.0203573493842799	1.17595330591244	219
0.01898995816491	1.0472396331875	472
-0.05273717759985	0.821114193855234	468
0.00966184695480499	0.499515744482457	468
-0.03040709949816	1.79399461505756	78
0.059893990682419	0.641335680627458	78
0.073135265396823	0.745217081984663	61
0.115492024945852	1.09213558595356	61
-0.0615261490753001	0.845322435873891	61
-0.0195269485823999	1.27751615804297	61
0.120415949976649	1.15388866517344	62
0.110929583990211	0.904604411893255	129
0.00220587439202702	1.00613154478064	92
-0.0401390435992099	1.16246554771085	92
0.02224538838101	1.05739997729662	92
0.110409823775271	0.995537578859701	92
0.1018341118796	0.844106391980558	1090
-0.0464744906310901	0.428988757616558	402
0.088182420092932	0.76116080574902	137
0.021988605285292	1.07291271277044	137
0.00123554490252298	0.529473029392655	137
-0.0583071317953801	0.85758544690967	1313
0.0801710263222311	0.792832563043884	369
0.00915431893902496	0.51354011901363	6001
0.044142500002015	0.563978903857764	735
-0.0433980676132799	0.44647504020799	735
-0.10451234338159	0.726968819267313	1369
0.00989320472661803	0.513997136030586	68
0.023611797293565	1.45102498761612	293
0.0669562621326461	1.19169283043237	78
-0.0444683948150699	0.433758823456749	61
0.072942452165266	1.24946324024521	61
-0.0604140312877699	0.844859532880209	750
-0.0220353622420899	1.58037306601976	62
0.122631562273179	1.07871395688225	62
0.037756280167396	0.572258904475743	62
-0.11029332764171	0.709385250790287	62
0.065503874734409	0.69363587969962	92
0.023191978247325	1.04666650431046	92
0.057618494365239	1.14940568949545	92
0.001786563783299	0.992599571630489	92
-0.11538072908381	1.05174456691418	92
0.084216185704161	0.827663932718172	873
-0.10215790595895	0.754266585368116	1939
0.118702610032108	0.999628933719645	1566
0.0741134607484421	0.758660594582415	2953
0.087105989533057	0.76321975478109	237
0.098821256790499	0.877441832975084	237
0.06075240577977	1.19353825227097	1313
0.061858412525873	1.22165662346749	1313
-0.10060500276584	1.41983780934876	369
0.067575454558801	1.07728818355008	369
-0.03527314179793	1.3435880359189	477
0.106784787509074	0.772656065216513	477
0.00861198285562503	0.996153867420329	6001
-0.0861983227316101	1.28959453150499	6001
-0.01301315466034	1.29866047648478	3439
0.010866359027876	0.983212871232728	798
0.060757403849562	0.692986431409001	735
0.040937317467903	1.12972306280617	690
0.116115052870594	0.926550958418759	690
-0.11388061572422	1.00208624983551	68
0.0386988558618731	0.565227067302917	1369
0.074172152381464	0.749177996588307	78
0.03203576343756	0.593927142513373	78
0.092187103572917	0.842513733527564	78
0.095405997185818	0.867586831461104	78
0.1157645885246	0.96930425351387	61
-0.11465066861262	1.5788104016816	61
-0.0433980676132799	0.44647504020799	61
0.057692620419732	1.2296483088919	62
-0.11128710226327	0.627802001823978	62
-0.11737870198638	0.744491245795875	92
0.040368918172598	1.11846108247781	92
-0.09469838384439	1.53133785169153	92
0.000603244098248967	0.494509435912605	873
0.00915431893902496	0.51354011901363	873
0.05975053842936	0.686798353698228	343
-0.000677344238289912	0.978447346968799	343
-0.0433980676132799	0.44647504020799	1939
0.121457354389353	0.936115164865628	5230
0.121045909430506	1.04557481622355	2953
-0.00412394751656997	1.34015574567709	2953
0.095109633899652	0.830810690150686	237
0.033374372145468	1.09764515222074	237
-0.11092563699392	0.779636180888701	237
0.091441539260427	0.806351807146345	237
-0.00294609616625996	1.26922253318671	1174
0.121411847103754	1.08855579158982	1313
0.112977537466845	0.981889272780439	1313
-0.07352540090272	1.14250901747365	369
0.120445347736547	1.03322987747136	477
0.022705789741429	1.04711139744053	3439
0.069935217855152	0.69636275508471	798
0.0422043216657551	0.597227396370121	798
-0.10075505055636	0.672010107269951	468
-0.11475009222677	1.10060895300293	468
0.058519705943871	0.629183525114473	468
0.083677748108434	1.92413703419351	3354
-0.12074687788467	1.07792748369517	78
0.020445004682619	1.00436474942718	78
0.030703578200193	1.02664291117075	61
-0.06804181745711	1.43093281846075	61
0.050065012229861	0.636184264358376	61
-0.0604140312877699	0.844859532880209	61
0.106707654749973	0.895129700952974	61
0.068521326129399	0.676880797243675	62
-0.00182182824985011	0.50649437666673	62
-0.0552989578668299	0.866642321619431	92
0.0605041839630171	0.68900552614734	513
0.038029677496059	1.12504148938528	92
-0.112746000194	0.76317084113195	92
-0.03971602218718	1.39720840931198	1566
0.11942320758297	0.962431264516091	5230
0.00673163236678998	0.517175184688351	2461
0.096999985994416	0.889690109260631	2689
-0.10564425747665	0.772723371678063	137
-0.01706438378278	0.87654597561973	137
0.0131034142379191	0.946164105602611	2953
0.065232526498617	0.659696670878218	2953
0.06291316515205	0.678300682868359	237
0.062332215630787	0.669936547169464	237
-0.0404913862182701	0.429986031003074	237
-0.0859207950097001	1.32273275995828	237
-0.0557464269447201	0.824855603881716	237
-0.0511670680961001	1.20557414996797	369
0.020372106768779	1.02310598800319	477
0.011600912664917	0.49651805060988	355
0.057470571608611	0.689381399473152	468
-0.0011947121140099	1.29748366199915	78
0.00496259418150302	1.01565461888479	61
0.064494580127291	0.69088374804266	61
0.110692238662665	0.960614529426223	62
0.034574276000743	0.601756282991128	92
0.00679052275870096	0.930565519449499	513
-0.0510563851974599	0.841506527765671	92
0.065499601827673	0.66172462387588	92
-0.00159385871586992	0.508400245228127	92
-0.0432939638308401	0.427873668991277	402
0.059608747063883	0.699551221692607	137
0.036174955168349	0.599849694489256	237
0.097099787961198	0.852238783958985	237
-0.09501757069789	1.37771930487379	1313
0.098460821860162	0.872166637808932	1313
0.085370701731133	0.772766904143678	1313
0.060617390106651	0.696079776374805	477
0.116418262930279	0.980372678173037	477
-0.11253774237835	1.0436917637282	735
-0.10805511445349	0.752760153611237	735
-0.0133117953030399	0.909652416034872	735
-0.0525943498286801	0.807345521590109	428
0.032995919146522	0.603731162763283	1369
-0.0454357545055	0.433156322806163	68
0.0891810934524751	0.757554027055457	78
-0.01561896585154	0.87659717340436	78
-0.0548462417104201	0.815360119529654	78
-0.0751707576720699	1.15063059434317	61
0.089409280040608	0.825113264020597	61
0.069260621434817	0.743465853772464	61
0.0665096837785361	0.659118531721968	61
0.007624617871131	1.00335591613936	61
-0.00143944203306989	0.946109348931245	61
0.040638681492113	0.581504175006857	129
0.069981996889482	0.627062539812816	92
-0.10963270223314	0.771277710705763	92
0.052165977748189	0.672920996800342	1721
-0.10996592897116	0.708541564056767	1939
0.087287092541551	0.765360441041045	137
-0.0625465260596001	0.849565396810395	2953
0.097658604103697	0.904650136599231	237
-0.0228226569047501	0.944459830900792	41
0.04031804149638	0.585829080973	41
-0.0615312050683501	0.84862293171538	690
0.084264505771082	0.742500444044569	428
-0.0541796279064399	0.873242042179189	68
-0.0181346067233199	0.940366340920345	68
0.052874198409919	0.662154038053746	62
-0.0211656329933101	0.847852759842457	92
-0.01925413794854	0.872200003068841	1721
-0.0614785444174599	0.958707546830142	1721
0.122157193635232	1.00821368778146	92
0.113720244875141	0.868941495028208	92
-0.0257063569754601	0.874026686561569	574
-0.0220866949029801	0.899347184902009	402
0.020084644983664	0.967944930363679	1939
-0.0280179649975301	1.27488078742452	402
0.0364974705783629	0.615161111056148	2953
-0.0541705591397299	0.823436358283011	237
0.07817168127222	0.732826646253523	237
-0.07898266588738	1.11198832133696	1174
0.10781862987445	0.896105267386501	1313
0.077716208090226	0.759832147874074	320
0.11730674016516	0.931642732465183	41
0.102594734718599	0.975756889265219	477
-0.01384009020808	0.910691774947439	477
0.066939463463526	0.684972210204615	690
-0.11319183097073	1.11241731590193	1705
-0.0190582991447299	0.942331403352564	1705
-0.0106057962084001	0.826630967256507	1705
0.081523495658534	0.772338934102425	1705
0.0364974705783629	0.615161111056148	468
-0.0615261490753001	0.845322435873891	468
-0.0588251148975301	0.824842010807041	61
-0.0340077026015699	1.272911060563	61
-0.05330144193162	1.11412276328605	750
-0.11551935401086	1.06957447506309	750
0.059034138955969	0.697021927271449	92
0.060043099418955	0.693581016154905	92
-0.0572989173926699	0.866712802909199	2212
-0.0275741082554899	0.898596771230982	2212
-0.10762165498941	1.3701878313808	137
0.104340742645719	0.90902659238948	137
0.084662232134905	0.753925714569486	2953
0.00989320472661803	0.513997136030586	237
-0.00135639821841993	1.35289236615344	237
0.00960494823991798	0.932946456327885	604
0.117508996173629	1.03943704194489	237
0.018577665976976	0.988437427954279	1313
-0.11690906917364	1.11846159752442	1313
0.116910878380518	1.00810753943832	41
0.109111380295944	0.87154165499011	477
0.00383762593163095	1.27399015735391	735
0.040557429789108	1.12818272546983	735
-0.10276324519887	0.759604525468119	267
0.064796825114223	0.701162244301042	1705
0.0336224938323561	0.604189874898662	468
0.00271445992973596	0.521265643213589	224
0.056795927738906	1.14367638147548	78
-0.10624823730327	0.781936167426071	750
0.051863162768105	1.47342776926319	62
0.00294241219737001	0.524856477976157	62
-0.04349566692495	0.428711682497803	62
-0.0968803617268801	0.691458559208855	92
0.0442474822232311	1.46692525831468	92
0.074988055564265	0.576127697088216	92
-0.0505260591260801	0.414650692144383	92
0.117608834189508	1.03167261052096	343
-0.10902707116031	0.772016336960435	343
0.00427237583115303	0.515543120569999	402
-0.0545279416626001	0.418155888704423	402
-0.089259114706	1.12590684094222	2461
0.0976064230828479	0.853075915936039	137
-0.0454357545055	0.433156322806163	2953
-0.05251019161795	0.429734791833162	237
-0.11622294819345	0.755556022190716	237
-0.11092563699392	0.779636180888701	237
0.011194598244016	1.69978464605239	237
0.02569403463889	1.36425503417738	1313
-0.0740901180059601	2.40359285993606	1313
-0.08401728249678	1.81320284797138	369
-0.0105212775761601	1.8578210810457	735
-0.0454357545055	0.433156322806163	1705
0.043140050046784	0.567964927782032	224
-0.0473623375497601	0.430582208132322	78
0.034564110440276	0.615458717111082	61
-0.12117570184597	1.10350579503361	62
0.00197513677763295	0.527784975096114	62
0.089951373741987	0.72831614460616	92
0.000649842392782984	1.33606135493041	92
-0.01642691578351	0.904626650140377	343
-0.10241926466834	0.757715784252609	343
0.045396290858735	0.567610468301182	2372
0.00615675136722604	0.990444711603472	402
-0.03389860529842	1.51662361984661	2461
-0.0384619192567	0.425008614563889	237
-0.10568133918279	1.4813259453763	1313
0.069115172746905	1.15982712461873	369
-0.09441826187837	1.40702524887714	41
-0.0443643429565399	0.445800704702982	477
-0.05045461324515	0.432727027587394	135
0.0826090392186361	1.27487224551348	355
0.068086236117116	0.682744660897901	355
-0.0474638017453599	0.446251819108337	735
-0.0494907784776699	0.435890454815377	68
-0.0213028850341901	0.952446641677088	468
0.066505701932759	0.68287646513989	78
-0.0153009440720899	0.914754959239212	78
-0.11981699484278	1.27655467037696	78
0.0351933721219549	0.6098449656254	750
-0.05548817601067	0.409456969556057	513
0.074483356168484	1.22839054654471	92
-0.01362374832455	1.59398419828023	574
-0.05300323013449	1.22090241866489	574
0.028497549898042	1.03459824966364	281
-0.1178246043163	1.29691446656023	2461
-0.0989830829654601	1.3901600308459	2461
0.094857962264116	0.855921473949433	2461
-0.10624823730327	0.781936167426071	4628
-0.0526979470353801	0.825434174473926	137
-0.01748084979041	0.92201797451234	936
0.103777974438718	0.78772409369467	936
-0.08490882792623	1.15300107644894	237
-0.10971303875073	0.766753235580338	237
-0.10946901878869	1.06707987916858	2694
-0.00306387845826994	0.502893451196626	1174
0.00133510446151697	0.490255901465947	1313
-0.0474638017453599	0.446251819108337	477
-0.0444683948150699	0.433758823456749	477
-0.11204194201194	0.761323031852508	477
-0.0474638017453599	0.446251819108337	68
0.00673163236678998	0.517175184688351	224
-0.0576083897717601	0.391741607989659	750
-0.04938876843792	0.445225820250445	61
-0.11627436417429	0.987979523557776	92
-0.03952973450319	0.426155787261663	1454
-0.0320025636430501	1.71246321033991	92
0.061944972037861	1.53647265385683	574
0.105568344347998	0.876294004402066	281
0.090636633593663	0.861223965128494	2372
-0.0453311350324299	0.440452046038488	402
0.092003008738253	0.82316767900926	2461
-0.10686420964165	1.63642618190388	2461
0.093205611782976	0.832098730365788	137
0.084518606361181	0.770724103178486	1313
-0.05822150912305	0.815992961507478	1313
0.049960252088294	1.01808669809234	135
-0.10902707116031	0.772016336960435	135
-0.1176748585269	1.06083490947799	135
-0.0432939638308401	0.427873668991277	735
0.034564110440276	0.615458717111082	224
-0.0666815756207799	0.826392861475399	574
-0.04136409890739	0.424665264099882	2372
0.00123554490252298	0.529473029392655	821
-0.0443643429565399	0.445800704702982	4628
-0.0433980676132799	0.44647504020799	6195
0.063348498649391	0.70625020869975	237
0.024095203124287	1.47742070968212	1313
0.038380605128154	0.610531580886766	369
-0.04243230844476	0.442292931729212	3923
-0.05116895675835	0.824048887965883	78
0.00966184695480499	0.499515744482457	62
-0.04762392956563	1.72448592548631	574
-0.11501192009647	0.767084382818898	936
0.11765331452236	0.772547066210927	135
-0.10710636173606	0.755960742779479	2528
-0.0455159115247701	0.432093044759573	4701
0.0104011647975381	0.492712037796665	574
-0.0576083897717601	0.391741607989659	343
-0.05356821355632	0.418422773072408	343
-0.0404913862182701	0.429986031003074	2694
-0.0790435474628299	1.41483494386304	237
0.104941022471769	0.920312104816257	1174
0.071078031022119	1.31168913490738	369
-0.0425352281097999	0.417796316913952	41
0.084442841711621	0.792875270926155	735
-0.0443643429565399	0.445800704702982	735
-0.04146706489408	0.429278291239433	78
-0.0535239329872499	1.50184749467726	78
0.00553111674045503	0.500869651939237	343
-0.0454357545055	0.433156322806163	343
-0.05346881310061	0.429427774421712	281
-0.0423287740670699	0.428449042358836	663
0.093625864223368	0.791272499432924	821
-0.00143229636933007	0.984664096019273	3282
-0.04885172501781	1.47422787827153	237
0.00494487107898101	1.02388131447897	237
0.0401117110265919	0.972648997112634	369
0.027361990096923	1.05191573159235	369
-0.10865313297803	0.760952172039257	62
-0.0390579882384401	1.08525070794546	92
0.039386730164401	0.565771404628553	402
0.061092514275832	0.654157022885234	574
0.031724311729383	0.605459242427306	343
-0.0453311350324299	0.440452046038488	402
0.080708459923006	0.793619192967202	3282
-0.039034766076	1.68069914726501	3415
-0.04640120529454	0.428382015905654	388
0.065931907315496	0.682313018930639	237
0.10280221457272	0.79713237848271	237
-0.01648398329842	0.926260540532882	237
-0.04136409890739	0.424665264099882	1313
0.036564805722085	1.08301145754855	735
0.00915431893902496	0.51354011901363	68
-0.0736285190656401	1.12127659633673	462
-0.04934028764057	1.70046148639381	750
-0.00464839218908009	0.967362139484912	343
-0.0445578371161801	0.429867191818012	821
0.016535919464887	0.94759492611199	821
-0.0308329103265299	1.49210362085575	369
-0.000476293951690021	0.968875013670667	735
0.033614851151743	0.612938485681252	224
0.00101565246032098	0.449402573835127	174
-0.10971303875073	0.766753235580338	62
0.075580488954527	0.752954386133826	129
0.090025449551391	0.73629799731487	129
0.032984886684108	0.614378163164001	1668
0.00938055893758305	0.980199399842073	574
0.022705789741429	1.04711139744053	281
0.00915431893902496	0.51354011901363	281
-0.03952973450319	0.426155787261663	663
0.00345351455084197	0.505537591379468	821
-0.0433980676132799	0.44647504020799	3282
0.0810636378238671	0.767057831369903	3282
0.00575970002729898	0.520040244943026	237
-0.0556556541559301	0.836053544628184	1313
-0.04938876843792	0.445225820250445	1313
-0.0444683948150699	0.433758823456749	369
-0.0403999377976201	0.412918774533451	22
-0.0423287740670699	0.428449042358836	487
-0.04852745575138	0.433634927743835	68
0.076435323945198	0.575803874946153	224
-0.0394224817711899	0.428820497755674	78
-0.1134553726955	0.768635109973517	78
0.033491158409186	1.02416545882832	750
0.040305208155718	0.58306290111589	488
0.00915431893902496	0.51354011901363	488
-0.04350155286969	0.429872929116567	488
0.000495684112402972	0.526867747572164	129
-0.11599051391957	1.07995112052451	129
-0.05439368452015	1.21773636419081	129
0.0976830409973251	0.864560689387871	92
0.094431486438093	0.867087891023906	92
0.05493864765779	1.15207763621661	574
0.04114353028305	1.36095852301034	343
-0.0527050422125801	0.798834146548708	402
-0.0459104244678601	1.21973518806772	281
-0.0182823223269899	0.817879730573442	402
0.0294916231457441	0.581564627988091	821
0.059608747063883	0.699551221692607	3282
-0.0710957610009699	1.13385085981288	3282
0.082645665775549	0.740699373846844	3282
-0.0301189041066601	0.887737860488449	3282
0.033934634041467	0.616913290371044	835
-0.0475646445167299	0.422542066773274	835
0.00501617472378002	0.519562639486116	835
0.033924836817965	0.575384630153598	1089
0.00610115503236997	0.521664477903687	1313
-0.10353186749184	0.709221643770353	369
-0.0433980676132799	0.44647504020799	735
0.00747391857737001	0.514089350246445	735
-0.0473623375497601	0.430582208132322	1772
-0.0495730630978699	0.4149080062341	22
0.00294241219737001	0.524856477976157	107
0.00501703982701296	0.471049362986392	68
-0.11561733705367	0.763899989114807	487
-0.00610415428629008	0.483766860311607	487
0.105323743379344	2.27731263631362	462
-0.1068524104524	0.785954285689314	224
0.059175986593387	0.691934666195644	224
0.00989320472661803	0.513997136030586	224
-0.11031924022944	0.77572281644483	224
0.034255803756906	0.606144369982894	78
0.068086236117116	0.682744660897901	78
0.119110214507561	0.960871433198759	78
-0.0443643429565399	0.445800704702982	174
0.00868390724981705	1.00441403623051	129
0.082189023992861	0.735597069579182	129
-0.00182182824985011	0.50649437666673	92
0.088105237134163	0.759599860533943	402
-0.10712779127184	1.02092318184198	281
-0.10590221418551	0.782589610128703	663
-0.0248483558953301	0.87493160363206	3282
-0.02248350282902	0.907413479289541	3284
-0.10590221418551	0.782589610128703	3284
-0.0656596198811501	0.833957248240182	237
0.00368076094158598	0.518415662074474	1313
-0.0394224817711899	0.428820497755674	1313
-0.0474638017453599	0.446251819108337	735
-0.04852745575138	0.433634927743835	908
0.00123554490252298	0.529473029392655	22
0.00627505916481197	0.494072427823342	22
0.00197513677763295	0.527784975096114	22
-0.0384619192567	0.425008614563889	107
-0.05251019161795	0.429734791833162	1234
-0.0365047538376599	0.403762808866673	487
-0.10842843800292	0.723534027808266	224
-0.00232873693392	0.50805193852294	224
-0.11639003349299	1.11412927410919	224
-0.11405891614132	0.770445692259346	78
-0.05356821355632	0.418422773072408	78
-0.04243230844476	0.442292931729212	78
-0.04640120529454	0.428382015905654	1819
-0.0404913862182701	0.429986031003074	6035
-0.0066673828288899	0.453701438655004	6035
-0.04241622157411	0.424562607174006	6035
-0.0271102022096401	0.925841647477115	129
0.112672783246566	0.891786872043104	574
0.111537332313064	0.985110017171749	574
-0.000631192590289986	0.489631195802036	574
-0.01865260095543	0.890732112011697	343
0.00524624276802499	0.512743170789752	343
0.081711397702475	0.789737615962777	402
0.063921632062659	0.700807241835322	820
-0.0433980676132799	0.44647504020799	835
0.0383803576498301	0.568793080859015	835
0.063785428419289	0.710545406657148	237
-0.04852745575138	0.433634927743835	369
0.00181555543052303	0.491357704023644	369
-0.11031924022944	0.77572281644483	369
-0.11748539987236	0.713959938742692	369
-0.00204899440886996	0.479031129793503	2729
-0.0545279416626001	0.418155888704423	690
-0.0433980676132799	0.44647504020799	690
-0.04650208354095	0.434292024849057	22
0.101243317065506	2.22580175048824	462
-0.05274969072026	0.817947376636943	78
-0.02229415831948	0.943023810457784	78
-0.0404913862182701	0.429986031003074	488
-0.04038355317258	0.428241517084643	488
-0.01373012855252	1.13104785025604	2673
0.034564110440276	0.615458717111082	426
-0.0404913862182701	0.429986031003074	5388
0.094356521412029	0.84565547804688	237
0.038052785147119	0.550760573754575	237
-0.05356821355632	0.418422773072408	237
-0.05131468257859	1.13250381915293	1313
-0.12196797734508	1.38098798278059	1313
-0.0444683948150699	0.433758823456749	1313
-0.05035201801992	0.432991314592281	135
-0.04350155286969	0.429872929116567	3970
0.04252675298202	0.576890645055056	690
0.00610115503236997	0.521664477903687	22
0.0106318221348251	0.51093753674394	453
0.034564110440276	0.615458717111082	487
0.042908469578591	1.07378012365149	129
-0.0432939638308401	0.427873668991277	129
0.029441717004133	1.07140150537384	1314
0.00683580005155904	0.515283271365812	129
-0.0784704416594899	1.12837488609462	402
0.071339508200734	1.23703150243939	574
-0.10308458139177	0.722953413474829	402
0.0104011647975381	0.492712037796665	402
-0.01800804927396	0.923408351748851	281
0.011588763385491	0.474737111154984	281
0.052457672926138	1.07882151686108	821
-0.1161565858095	1.01343501548081	706
0.003908799730446	0.504338198541581	237
0.121401658958084	0.936536644349474	237
0.120684819185535	1.09101738169877	369
0.043336963284899	1.09027735234781	369
-0.1138840610686	1.07719238969813	369
0.094971668472687	0.841069523359937	487
-0.00329329124041999	0.510726010383714	129
-0.11253774237835	1.0436917637282	574
-0.02360608298749	0.919800858095239	706
0.01333639306359	0.874907940876779	237
-0.11514255151532	0.726070751088048	1313
-0.0804381111338199	1.12869415333624	423
0.110151274354035	0.90324464313683	423
-0.04243230844476	0.442292931729212	423
0.086028920959323	0.751674721306315	68
-0.11624272212495	1.97736632239205	462
-0.04640120529454	0.428382015905654	239
-0.0495730630978699	0.4149080062341	224
-0.0425391962345201	0.417848797674199	130
0.103355594943014	0.829428276337054	78
-0.11967485387893	1.10238080869597	1314
-0.0433980676132799	0.44647504020799	989
-0.0432939638308401	0.427873668991277	402
-0.04842602986207	0.44867035504741	4899
0.034885006064964	0.608532993502877	821
0.054299907419859	0.681421769773706	821
0.0348741347720341	0.596896669115273	706
-0.0474638017453599	0.446251819108337	237
-0.10241926466834	0.757715784252609	1313
-0.0433980676132799	0.44647504020799	369
0.099404785571829	0.819690312041281	423
-0.0474638017453599	0.446251819108337	22
0.037428964337155	0.598748930615882	239
-0.0443643429565399	0.445800704702982	130
0.056277855355487	1.00466156113001	129
0.062761823354119	0.675201006324962	1314
0.100819146177843	0.835032874266242	402
0.00706650816352095	0.506602529499069	402
-0.0823563661318101	1.28894661276062	281
-0.0384619192567	0.425008614563889	4899
-0.0242395239072399	1.26273104582877	821
0.112950665091312	0.954389402896713	821
-0.000491652689549982	0.930718052569299	821
-0.05075665140331	1.22459826607251	237
0.024696019659843	1.07456588494464	237
0.102888573076873	0.820337087397619	2612
0.023434998066509	0.549019110954033	1313
-0.0474638017453599	0.446251819108337	380
-0.05843403446095	0.401170844991363	369
-0.0126646134528901	0.897184279307517	369
-0.02229415831948	0.943023810457784	690
0.065357926528013	0.678444629758369	423
0.04252675298202	0.576890645055056	487
-0.11204194201194	0.761323031852508	2016
0.068225969886865	0.66372813224975	260
0.00673163236678998	0.517175184688351	129
0.072833045912724	0.644560717229149	2399
0.040934510381573	0.580402517293281	402
0.038690307661141	0.59639782815755	402
-0.0228226569047501	0.944459830900792	821
-0.11330760324414	0.719010055386329	821
-0.06361225522148	0.814895097088654	821
-0.01991294057425	0.91559671884154	821
-0.0474638017453599	0.446251819108337	417
0.101691813348282	0.909712823902976	237
-0.0454357545055	0.433156322806163	2612
0.071250277094382	0.618182265531603	2612
0.090902236719422	0.724328273178269	369
0.063348498649391	0.70625020869975	690
-0.04243230844476	0.442292931729212	423
0.00673163236678998	0.517175184688351	22
-0.04349566692495	0.428711682497803	453
-0.0474638017453599	0.446251819108337	68
0.00536624632521698	0.523323803017451	130
0.123934080783869	0.802887821277728	173
0.060606052957765	0.658936457580038	2399
0.00230431069785098	0.500940538183344	402
-0.05687842498287	0.852470403593816	217
-0.08042460957285	1.12256324769882	217
-0.0117951073259499	0.446780486543178	237
-0.10842843800292	0.723534027808266	6717
0.00498176144876905	0.974990694927954	237
-0.00339693442101008	0.982985531681825	237
0.056896767220335	0.688804581087928	380
-0.02413503075298	0.925965579606105	369
0.000495684112402972	0.526867747572164	68
-0.0474638017453599	0.446251819108337	3495
0.00575970002729898	0.520040244943026	129
0.00770915132859795	1.32704900061634	129
-0.00610415428629008	0.483766860311607	402
0.071117402116926	0.652282461234206	402
-0.0444683948150699	0.433758823456749	402
0.00706650816352095	0.506602529499069	821
-0.04243230844476	0.442292931729212	1843
0.116272435742119	0.985821048928726	1313
-0.0228795237475501	0.91260222862707	369
0.085163271735289	0.823370524975707	369
0.044468104432166	1.04088088388291	423
-0.0453311350324299	0.440452046038488	68
-0.0805904767101899	1.07498801774501	130
0.030116819106933	0.579663817926862	173
-0.10649890404876	0.758594678841909	173
0.016467749275018	0.442048433757105	129
-0.10232925042058	0.722299416422694	260
-0.04445264019477	0.430927724065131	1314
0.038690307661141	0.59639782815755	2399
0.067653554475293	0.646047944233125	1719
0.00650295193964501	0.516919190277734	510
-0.11967485387893	1.10238080869597	217
0.0610541092750591	0.687321569053611	1445
0.0839050479793561	0.794111514000436	217
0.059622006993441	0.700677899984716	402
0.00306592744768497	0.966666650294945	281
0.00513490229487401	0.509680765352785	281
0.114545023510903	0.973699748588196	821
0.092927662582403	0.823300590065195	821
-0.1134553726955	0.768635109973517	821
0.00665097574479501	0.993738482837434	821
0.029646767972247	1.04978601942766	706
0.068659343834698	0.676413079635722	879
0.057909607949415	0.676470833499564	879
0.031372249530517	0.569530414044066	2612
0.035531544585078	0.577374611026435	1313
0.038380605128154	0.610531580886766	1313
0.0355139939507469	0.607116606721464	1313
-0.05045461324515	0.432727027587394	369
0.060617390106651	0.696079776374805	369
0.0387036793121051	0.613624450501273	369
0.06491672713547	0.669835700278449	423
-0.0394224817711899	0.428820497755674	453
0.03963898606601	0.588611757271608	3420
-0.0454357545055	0.433156322806163	3420
0.094681916873438	2.43261794227578	462
0.088475520529554	0.833683228909507	462
0.067968152180489	0.629559121640662	462
-0.0168052232304501	0.874753725721346	3495
0.00844401215262003	0.49444624929651	3443
0.013579892689932	0.948345135025667	217
0.029216605379586	1.06748308097508	281
-0.01528882369192	0.905475415222499	821
0.090793684720231	0.727564309906857	821
0.077450053602824	0.733544607473442	821
0.100391849082937	0.839344540932999	821
-0.11155014401105	0.694638341810431	706
-0.11466266660174	0.767215564744385	706
-0.02083892194593	0.949201925571103	879
0.0533134086125861	0.6739514494197	1313
0.0665096837785361	0.659118531721968	1313
-0.04842602986207	0.44867035504741	503
-0.0201837332039201	0.899487066920572	369
0.00327545529382201	0.487448231526994	369
0.082645665775549	0.740699373846844	423
-0.0365047538376599	0.403762808866673	107
-0.07884517949558	1.15862880344597	5729
0.112283541412965	0.969351263790332	5729
0.104086058349305	0.888069699409649	78
-0.0809912282711001	1.16042930418479	78
0.032369132612166	0.598937776547361	78
-0.0239392017301501	0.906646804523818	260
-0.11435945554503	1.08235163715198	260
-0.12340774308315	1.08256819038778	260
0.039996175693012	0.595433602596057	129
-0.03422389263228	0.871547383432444	129
-0.0245961800944301	0.919316563970498	308
-0.02182047419352	0.901781231240852	217
-0.04640363250161	0.428229873657116	217
0.0106318221348251	0.51093753674394	281
0.020879300199623	1.03717930898945	281
-0.05095204954335	0.831680313195525	821
0.05101004127453	1.07480716997534	821
0.069534538492429	0.651272570927356	820
-0.10780199349632	0.761750698680263	820
0.041883270936962	0.596828158740491	820
0.102341401574789	0.843043290036794	879
-0.0117339982323601	0.870850882657065	879
-0.10805511445349	0.752760153611237	2612
0.00989320472661803	0.513997136030586	1313
0.034564110440276	0.615458717111082	1313
0.04409716548428	1.05589140864809	1313
0.040907699227446	0.57751803968612	503
-0.10778662997868	0.728596818498854	369
0.00368076094158598	0.518415662074474	369
-0.04938876843792	0.445225820250445	369
-0.11045915747535	0.766699488336502	4261
-0.04241622157411	0.424562607174006	68
-0.09637598972231	0.652002126856159	6108
-0.0490587478645801	1.91111556020578	462
0.05992119066226	1.26495078453119	462
0.062158199348428	1.11327982978814	462
-0.1055500122466	0.748210538804692	5729
0.026268904634261	1.03461385031281	3495
0.072209939921867	0.727582074981358	2016
0.051726492578168	0.669921789499445	129
0.083103580734222	0.733934688960501	129
0.00327545529382201	0.487448231526994	129
-0.10719087425636	1.03323886310193	308
-0.10961712136297	0.746193913524754	308
-0.0486578402258699	1.11010150765455	308
0.00197513677763295	0.527784975096114	217
-0.10049970765009	0.711375124261472	217
-0.0494398476354501	0.413578242222271	281
0.098147997943225	0.866147097236595	281
-0.0557581180042399	0.868405173627104	281
0.08515434169367	0.807183309191527	821
0.038085544633249	0.558760815719938	821
-0.0298747044929599	0.904145043625094	821
0.0414163886200291	1.0833738574158	821
0.00844401215262003	0.49444624929651	706
-0.10250023150744	0.723209686966568	417
-0.05921513160002	0.807686718275958	417
-0.0786757232489299	1.12397078286977	879
0.115007954405854	0.983464881772107	2612
-0.1068524104524	0.785954285689314	1313
0.033614851151743	0.612938485681252	1313
-0.0646365137440399	0.829917220368317	503
0.033614851151743	0.612938485681252	503
0.051726492578168	0.669921789499445	503
0.063336709497381	0.675737035862366	369
-0.10248330418067	0.715310483339164	369
0.00366286090618595	0.508889612374996	369
0.08190548355399	0.758726197916168	369
-0.0494907784776699	0.435890454815377	369
0.0304374615010971	0.603384865564393	369
0.024731117069399	0.576128925430867	369
0.00587052576133296	0.50367174171513	369
0.00696110174087206	0.496865391829907	423
-0.0541705591397299	0.823436358283011	423
0.066939463463526	0.684972210204615	68
0.059034138955969	0.697021927271449	68
-0.0268511270843099	1.24267763928613	1687
0.00989320472661803	0.513997136030586	129
0.087458304275398	0.84066441910136	129
0.037753106732376	0.616198039999054	217
0.00172542938198395	1.01794906038668	281
0.049183248175281	1.19233399520314	281
-0.0369114676090501	0.867917677365184	821
0.106995441913432	0.922844510928619	706
0.079168664535028	0.785427605356846	820
-0.0160866797153101	0.92881645618156	820
-0.05039207608571	0.405061992125386	820
0.108095003402054	0.781135956535617	417
0.058893958786458	0.676753271710522	2612
0.076328751718867	0.759794737565652	2612
0.030741804882936	0.57269968829156	384
0.052300438263618	0.668286020544841	1313
0.039996175693012	0.595433602596057	4051
0.031693538268302	0.590540365500309	369
0.081366951616205	0.756274485533665	369
0.00575970002729898	0.520040244943026	369
0.000725759274744053	0.516767991607716	369
0.000842851166075964	0.505098527889264	423
0.039958693105826	0.568843526862525	423
-0.09392867957178	1.37646973727223	462
0.114699909504914	1.08539696482504	173
-0.09372965971269	1.39529867825395	2016
0.10407304885696	0.809129892994703	260
0.015972001267731	0.902724648244784	260
-0.0151728855142299	0.877361519730982	129
-0.11476361485266	0.746481624507795	129
-0.06520560728026	1.35320771297567	281
0.061331452752564	0.683397442432614	821
0.063193011531364	0.66828165679019	821
-0.04038355317258	0.428241517084643	820
-0.0547547617042701	0.829283108610509	820
-0.0174154675914999	0.862759173238018	879
-0.04383109828756	1.16255530311805	1313
0.00633257992448399	0.5081612900386	4048
-0.0786571128617399	1.07221689580688	4048
-0.11012519110984	1.04715528516856	503
0.00853331524864598	0.486321399617649	369
-0.00159385871586992	0.508400245228127	4261
0.061331452752564	0.683397442432614	423
0.018533918839678	1.04131642665222	78
0.019706274898691	1.06702913719137	78
0.055310767325339	0.687415741001475	78
0.092948814227644	0.858950101957772	129
0.000495684112402972	0.526867747572164	129
0.08160244303872	0.758043957337917	976
0.0617654127876	0.689577468961068	402
-0.05776101534239	0.85605078027277	217
0.037111205998082	0.596886674385892	217
-0.05045461324515	0.432727027587394	281
-0.0524107636909401	0.413403082615961	281
0.086213389318233	0.748829958413771	281
0.12446052626534	0.919682889475739	821
0.044124926960435	1.1188446255493	820
-0.10445513581685	0.705447227676063	879
-0.0147733672522701	0.920014754551475	879
-0.01682084079159	0.901476285316518	369
0.00575970002729898	0.520040244943026	423
0.00427237583115303	0.515543120569999	423
0.00598907382920899	0.516707923678894	423
-0.10719733873003	0.758022465094413	1172
0.079168664535028	0.785427605356846	78
0.098238072103571	0.826202233321818	260
0.087823707120395	0.767933312236887	260
0.010125351783785	0.498974421602091	5605
0.00536624632521698	0.523323803017451	402
-0.07487443977544	1.08619354323665	217
-0.0525943498286801	0.807345521590109	281
0.099081170579996	0.8288947458674	706
-0.0989918226192501	1.37493570878223	820
0.116476735435153	0.83381008891771	3435
-0.0352176612883099	0.861303815962225	2612
-0.04852745575138	0.433634927743835	4051
-0.05061061736058	0.829022652339251	369
-0.0462975739448499	1.19364818266088	369
-0.01713584247592	0.890133994371564	369
-0.00314879278260993	0.469378200407712	423
-0.0240664711901599	0.937562528221353	1172
-0.0615261490753001	0.845322435873891	1172
-0.02717423626367	0.911464928115847	68
0.116747610188356	1.24274360343155	462
0.123386689047466	1.01634427715384	173
0.114793772185804	0.949108992862745	78
0.025031554260988	0.541236818483374	78
0.025683342103361	0.578198916304411	78
-0.0203517900191399	1.25399384735043	78
0.114776155326257	0.969655054438045	260
0.10114340811343	0.777599224224136	308
-0.11651060408679	1.08114636911124	402
0.095405997185818	0.867586831461104	281
0.065256783772177	0.648123987544059	402
0.00706650816352095	0.506602529499069	706
-0.0731438179617201	1.12246931959951	706
-0.0445578371161801	0.429867191818012	820
-0.01007601194291	1.25387827477694	3435
-0.0246641349818499	0.927348956226293	167
0.065923186033591	0.658136127053882	167
-0.05616926449841	0.84132788427058	4261
0.065357926528013	0.678444629758369	1172
-0.0245961800944301	0.919316563970498	6561
-0.00182182824985011	0.50649437666673	68
-0.0891717306448701	1.3914411826243	173
-0.10641691853774	0.708677573813628	78
0.099843030985981	0.838965767916647	976
0.034875008206655	0.591222636432497	976
0.023392020570407	1.06946305589394	129
0.032340303149639	0.57293179608006	217
0.037753106732376	0.616198039999054	706
-0.0472418434952699	1.20620256961798	820
0.104110859311997	0.773978064450101	2056
-0.07651778587603	1.10577427809514	820
-0.04938876843792	0.445225820250445	60
0.115711372487502	0.866831303323128	167
0.038103340181046	1.13560320930271	4048
0.041602750898341	1.12246404428968	4051
0.081174256652099	0.788963035784331	4261
0.056488212337335	0.642121009667731	423
0.00673163236678998	0.517175184688351	1792
0.082732873131917	0.823573589937689	1687
-0.0423287740670699	0.428449042358836	3250
0.095405997185818	0.867586831461104	3250
0.101400112189498	0.831567209154449	129
-0.05618134225413	0.847100582630174	129
-0.0196543945457	0.934654725517788	260
0.052632232402888	1.14748520319088	260
-0.1175798829726	1.34797357831614	129
0.10093675744567	0.83194412835654	308
0.0387036793121051	0.613624450501273	308
-0.00107030143322007	0.908774077251255	402
-0.10827453018077	0.740928001848677	402
0.037431144254634	0.593205988609784	217
-0.11514255151532	0.726070751088048	281
0.105286659301129	0.897963604113893	402
0.00949859459945102	0.485929223822926	820
0.082290712798159	0.773415712559912	820
-0.0613431392184001	0.788591715301539	820
0.100169457661263	0.795990293487668	879
0.060183168657535	0.698247076769362	879
0.0632235550510381	0.671581534992575	17
0.039008906271935	0.591353630501703	1148
-0.0444683948150699	0.433758823456749	167
-0.0578507502175001	0.852353885645522	4051
0.059076876147047	0.669160286117387	369
-0.0595240238495201	0.790941680220037	1172
-0.03217098519734	0.89487370224155	68
-0.0014503264161001	0.982601177311588	1687
0.065280935793265	1.25930474454522	1687
0.00108518828565896	0.486618940528135	3250
-0.1062319032332	0.748910868308239	3250
0.077907993183579	0.754879922367937	308
0.040947015904264	0.593029045553984	402
0.106799250400777	0.975495753225985	281
-0.06096582207496	0.84855503573994	879
0.044769501741725	0.567232432933516	879
-0.0444683948150699	0.433758823456749	1148
0.019211561286692	0.989461351754282	167
0.00536624632521698	0.523323803017451	372
0.037125395262032	0.617666119824078	369
0.029486978146907	0.601018076473175	68
-0.11519290728493	0.719348339531021	6561
0.0383786107291501	0.590906537522147	129
-0.0583202059183501	0.862893301348224	4020
-0.0599988223505299	0.852578506148051	308
0.082600689303224	0.758288773939832	308
0.032995919146522	0.603731162763283	129
0.086107604556229	0.756461868803476	217
0.00197513677763295	0.527784975096114	402
-0.10589164279445	0.757342887047417	1148
-0.11535576665425	0.73909092076831	60
0.00294241219737001	0.524856477976157	60
-0.05161647415642	0.838717814848235	167
0.058916358328872	0.688285303792182	369
0.00197513677763295	0.527784975096114	423
0.061207481317509	0.699757730772474	1567
-0.0455159115247701	0.432093044759573	68
0.011600912664917	0.49651805060988	369
0.046698757308973	1.09519340511927	173
-0.0193181518627701	0.929595712638948	173
0.065931907315496	0.682313018930639	78
0.122110241547343	1.09834203456645	3250
-0.11127165467244	0.738020922972456	3250
-0.0495730630978699	0.4149080062341	308
-0.0394224817711899	0.428820497755674	2811
-0.0404913862182701	0.429986031003074	217
0.053754233927805	0.672463407422731	402
-0.0515120988447	0.836818438556885	281
-0.01806848625582	0.951781233029151	402
0.055771263105321	0.675281509865606	402
0.073975886195584	0.621859029926072	706
0.00673163236678998	0.517175184688351	820
0.00575970002729898	0.520040244943026	820
-0.10997666171814	0.783170148459437	17
-0.05941043310918	0.833921770540059	879
0.074251240756221	0.735004978351564	879
0.087979650905143	0.724692953193357	1974
-0.04738782825529	0.803241482359308	369
0.026310551066695	0.58079778873351	369
-0.11058277354997	0.782393259015343	369
-0.03058454623865	0.889500977401759	369
0.00477300102624401	0.47167203392503	308
-0.00731339616930993	0.470562587557875	308
0.00513490229487401	0.509680765352785	217
-0.05273717759985	0.821114193855234	217
-0.0514532501040501	0.413654857637334	217
0.028054832044105	1.06047415225498	706
-0.0213028850341901	0.952446641677088	820
0.043818462845966	0.556765830686883	820
-0.10806133718696	0.779615651282842	820
-0.1134553726955	0.768635109973517	879
-0.0404913862182701	0.429986031003074	879
0.063650905618821	0.69206287342235	17
0.00575970002729898	0.520040244943026	4051
-0.10150561964256	0.729989651168586	369
-0.04842602986207	0.44867035504741	2735
0.041264340188553	0.583643894226027	423
-0.04938876843792	0.445225820250445	1567
-0.00402941921510003	0.505501444134074	1567
0.039008906271935	0.591353630501703	68
0.040588288682165	0.566334819069355	369
0.110635155488896	0.963372032201667	130
-0.05886811487236	0.856710490235098	1125
0.0336263868866969	0.599812214032604	78
0.00938717017933699	0.495354476486572	3250
0.00123554490252298	0.529473029392655	3250
0.00721606240086004	0.99845362612138	78
0.00220379579866403	0.526527263663833	78
0.034564110440276	0.615458717111082	308
0.037449024141709	0.612602824581026	308
0.029486978146907	0.601018076473175	308
0.0383803576498301	0.568793080859015	402
-0.07404776134688	0.75153875105961	281
0.00650295193964501	0.516919190277734	6370
0.100312039252198	0.814977833595936	402
-0.04445264019477	0.430927724065131	6567
0.062201675330138	0.704960497736425	6567
-0.0550491498762	0.808066142383788	706
0.0869874912215181	0.707299745190796	706
-0.060504624692	0.829523032943657	820
0.084216185704161	0.827663932718172	820
0.0981050940596701	0.8476159545593	17
-0.10719733873003	0.758022465094413	60
0.111598729344677	0.944364650771236	167
-0.10876502292248	0.770125167680193	369
0.032045293580079	0.541013114977158	2735
-0.0432939638308401	0.427873668991277	369
0.00910548616006601	0.985365819080265	130
-0.0218954667872899	0.937099384256908	403
0.000266411603936034	0.512528764904733	78
-0.02552490840719	0.928743894352744	129
0.00673163236678998	0.517175184688351	129
-0.00255742764743006	0.511082458511344	308
-0.10492388722573	0.736025791221253	402
-0.06351710869935	0.826344640018034	217
0.029486978146907	0.601018076473175	6370
-0.04590828545049	0.775687769774177	6370
0.059034138955969	0.697021927271449	402
0.05749845566622	0.631388677297815	6567
-0.1074567770412	0.785164696365224	6567
0.060644762304639	0.654978512352967	6567
-0.08346464548205	1.14867250823267	706
0.064366507333912	0.668693109049607	706
0.00673163236678998	0.517175184688351	820
0.042515024329388	0.577355556592011	820
-0.02182047419352	0.901781231240852	879
0.000257302946695015	1.01608463461431	879
0.006477326654861	0.978763027475422	1974
-0.11086395230649	0.995510938312948	1974
-0.0137723076123599	0.908985480954394	60
-0.0455159115247701	0.432093044759573	60
0.026268904634261	1.03461385031281	60
0.00575970002729898	0.520040244943026	167
0.0379235788450431	1.07826555840027	369
0.041254453786401	0.599674491276673	369
-0.04146706489408	0.429278291239433	369
0.030116819106933	0.579663817926862	369
0.044142500002015	0.563978903857764	2704
0.00123554490252298	0.529473029392655	369
0.075367468085865	0.708680110331746	403
0.056343803465234	0.682867398364901	78
0.036794821245046	0.575192801127966	78
0.00169507928660895	0.497117398035405	78
-0.0394224817711899	0.428820497755674	129
0.058617623509766	0.677739285595155	308
0.070337985097106	0.740109258221981	402
0.057488331391645	0.683973037611493	424
-0.0159561275544899	0.907202589903762	6567
0.081313018071368	0.755813918205876	1974
-0.0494907784776699	0.435890454815377	167
0.026937548038077	0.578914615389543	369
-0.0578579656340901	0.868362942814535	369
0.00146491155476503	0.52395959859642	369
0.05320225830028	0.661335066842534	721
-0.04842602986207	0.44867035504741	369
-0.0403763102107699	1.15650407330499	130
0.079330795635067	0.761844589869357	130
-0.0474638017453599	0.446251819108337	308
-0.0453311350324299	0.440452046038488	402
0.024983125994362	1.03970787417842	281
0.084125488831984	0.761534143614824	402
-0.04360026686825	0.418948345293282	424
0.00747391857737001	0.514089350246445	1974
0.043460770954635	0.58800763136859	95
0.11171820722336	0.966616406182478	369
-0.06509951185471	0.834738558463562	369
-0.04350155286969	0.429872929116567	6271
-0.0051429407600101	0.973945748638177	403
-0.05346881310061	0.429427774421712	1125
0.00683580005155904	0.515283271365812	1125
0.00368076094158598	0.518415662074474	1066
0.03266621553017	0.592587066622687	308
0.093487522307907	0.838504677458458	217
-0.05776101534239	0.85605078027277	281
0.044077610964557	1.06178905073679	895
0.114946686177012	0.974539861921162	879
-0.06645424467586	1.42573717903262	17
-0.00278531206733001	0.491492916094687	167
-0.04134513400628	0.423430599953674	369
-0.0522901156568001	1.39532606282836	403
0.059622006993441	0.700677899984716	1066
-0.0818689707209	1.13304404799595	308
0.00949859459945102	0.485929223822926	308
0.070679679701763	0.622253736920357	308
0.030774211926891	0.5858180585843	308
-0.11846874399824	0.695318312288682	217
0.026928620936129	1.07883257416228	895
-0.00178496119772009	1.35151560091862	402
-0.00499585628642008	0.490637515849951	706
0.00861198285562503	0.996153867420329	820
-0.0384619192567	0.425008614563889	820
0.00352830315109698	0.507456873448156	820
-0.1121390168569	0.773479854806723	6237
0.045886670464419	1.05074830140077	95
-0.04145354839253	0.429401569031903	60
0.00427237583115303	0.515543120569999	60
0.00427237583115303	0.515543120569999	167
-0.10553028939456	0.729880093537928	369
0.00317115975462401	0.505871843374307	369
0.029486978146907	0.601018076473175	369
0.042832653299355	0.594403039652802	403
0.030741804882936	0.57269968829156	78
-0.12215776993996	1.29770353473093	78
-0.00387760489767008	0.471609619325647	78
-0.0287135179393301	1.22947148319495	308
0.059622006993441	0.700677899984716	308
0.106330946999375	0.933938185218749	217
-0.02083279237498	0.913637421788763	217
0.110562788708383	0.888862668625558	5263
0.088967580905263	0.736610893467731	5263
0.037106301516316	1.11604515293655	402
0.108100518708301	0.989737463930833	170
0.082514283775191	0.759505284505974	2296
0.099210503781684	0.836717579420727	402
-0.10992171166174	1.07827835028422	6237
-0.0474638017453599	0.446251819108337	60
0.000495684112402972	0.526867747572164	167
0.00248449979885801	0.998008491305861	369
0.00271445992973596	0.521265643213589	369
-0.00402941921510003	0.505501444134074	721
-0.11385287200331	1.29375249907105	369
-0.0737311017848901	1.12360467293196	308
0.031942514011696	0.977205394697062	895
0.00536624632521698	0.523323803017451	820
-0.0454357545055	0.433156322806163	820
-0.11590006315307	0.702779719624348	879
-0.0454357545055	0.433156322806163	1974
0.079985547919131	0.773221771008977	369
0.000266411603936034	0.512528764904733	369
-0.04350155286969	0.429872929116567	369
-0.10324223609215	1.58948726289792	369
0.114541576784767	1.89877474788137	403
-0.03752349380169	1.52246037289809	1687
0.024111703583534	1.04088802055768	1687
0.00123554490252298	0.529473029392655	1687
-0.0583202059183501	0.862893301348224	173
-0.07378591383239	1.12961683961484	78
-0.04349566692495	0.428711682497803	129
0.041254453786401	0.599674491276673	78
-0.00586452822979	0.464821126592445	129
0.002552602486389	0.492254066902289	308
0.037449024141709	0.612602824581026	308
0.025806753555953	1.03748325852334	217
-0.09711709377353	1.84867678863594	402
0.031392011594524	1.03732131433321	402
-0.0704312644953	1.09169856180913	820
0.014028459191797	0.477889657783569	820
0.111495718618073	0.920362784136271	879
0.040796156533043	1.10900191686646	879
0.06321224247701	0.707875602355158	6237
-0.04842602986207	0.44867035504741	1974
-0.0736131483790401	1.10717535752253	155
-0.11378122752854	0.743520557916479	369
-0.03952973450319	0.426155787261663	369
-0.11447977138896	1.06245223141705	369
0.060062289467388	0.702906764985437	369
0.00368076094158598	0.518415662074474	369
-0.0414292976697099	2.41810505775219	403
0.040947015904264	0.593029045553984	129
0.109064520045509	0.88780904357705	308
0.00575970002729898	0.520040244943026	308
0.00501617472378002	0.519562639486116	1645
-0.0731438179617201	1.12246931959951	217
-0.01966307696463	1.18671981244296	402
-0.11562707656177	1.0414878023815	402
0.122963102511317	1.00239042638855	170
0.00345351455084197	0.505537591379468	17
0.028537119040131	0.581810186251225	60
-0.0475646445167299	0.422542066773274	369
-0.10780199349632	0.761750698680263	369
-0.0384619192567	0.425008614563889	369
-0.10443972158593	0.979164097659165	369
0.01137017135527	0.503721354612043	337
0.040947015904264	0.593029045553984	369
0.091182266524205	0.856403642726918	1687
0.110043800933087	0.883719994200742	78
-0.0898723635201799	1.60955723518261	78
0.097137902880635	0.842026848996989	78
-0.00329329124041999	0.510726010383714	308
0.039008906271935	0.591353630501703	308
0.095644600978215	0.845312847858464	308
0.00610115503236997	0.521664477903687	308
0.00989320472661803	0.513997136030586	1645
0.076520011453706	0.737400540663744	217
0.086567535041029	0.759155623041677	217
-0.04840499079238	0.78224126665353	402
0.032675036530646	0.607875856809657	424
0.080445663320012	0.770922774434341	424
0.061766077169195	0.684572997160026	402
-0.12240488531117	1.37673456708279	17
0.086440570581745	0.8306738420189	879
0.034244600467445	0.607391228022738	1974
0.062761823354119	0.675201006324962	155
0.00559838888095798	0.505830204067153	369
0.090180630210186	0.744089242713466	369
0.064351195981407	0.657694807244969	369
0.042298043943756	2.22245800812773	403
0.100495525112808	1.68939466773349	403
0.019465013865882	1.39351956137185	78
0.068961785794566	0.644702900886271	129
0.043196044390559	1.1449067621368	308
0.047624422761008	1.09598215716849	129
0.011906210762676	1.39054422706917	217
0.045886670464419	1.05074830140077	402
-0.0651964776667799	0.824080317272195	402
0.087401586372528	1.27150160827098	424
0.0385284844903629	1.05800763273139	402
-0.04981439755314	1.23087966868173	60
0.0346633898049989	1.00027701696423	60
0.034574276000743	0.601756282991128	17
0.022751173525961	1.34512340864101	155
-0.0190582991447299	0.942331403352564	60
0.11951914715601	1.00121634763597	369
-0.01852974791351	0.938797225676246	369
0.00224276324889805	0.964370229742069	369
0.05760689454846	0.680994071181348	369
-0.0173596947071599	0.854079529606959	369
0.031724311729383	0.605459242427306	369
0.088395554802667	1.72163783430876	1747
0.095405997185818	0.867586831461104	78
-0.11698388107197	1.04684283066138	1066
-0.04792876271727	1.20654941215863	308
0.00146491155476503	0.52395959859642	308
-0.11118908049623	0.776925036036676	402
-0.10717861470911	0.723810394548641	402
0.098747328694917	0.808471795207872	17
-0.1068524104524	0.785954285689314	60
-0.10590221418551	0.782589610128703	60
-0.01624423137667	1.29384660827683	1974
0.090717710289509	0.727247427380021	155
0.113633925876074	0.995470155718591	155
-0.03532488602294	1.35649673516839	155
0.043137413761436	0.940412773973687	155
0.056511080793315	1.16556526083777	369
0.035825801518558	0.58889382751541	369
0.085110080973359	0.731048371271877	369
-0.0494907784776699	0.435890454815377	369
-0.10589164279445	0.757342887047417	369
0.020327540751774	1.66232017408095	1066
0.10653520851886	0.96745509930987	308
-0.1183926436608	1.31131838109229	308
-0.0404913862182701	0.429986031003074	253
-0.10428775180532	0.725720396507139	402
-0.0599988223505299	0.852578506148051	17
-0.05049647127924	0.840344154951914	17
-0.0404913862182701	0.429986031003074	60
0.121235592501686	0.957352687231552	60
-0.10339697085807	0.956158384694787	369
0.027545522767392	1.05987944508325	369
-0.0545279416626001	0.418155888704423	369
-0.0195870066858399	0.941305593413011	369
0.124098750457377	1.14859942428581	78
-0.0615312050683501	0.84862293171538	78
-0.0853904428937899	1.14359438322097	78
-0.12253331206921	1.31550888193769	308
0.067962301030382	0.675311161222383	402
0.030444634657424	0.57935526816909	1856
-0.0557581180042399	0.868405173627104	17
-0.10992171166174	1.07827835028422	60
0.074179483881095	1.30757350125102	60
0.086373806553103	0.740289095223011	1723
0.063904849254574	1.2595063413141	369
-0.08946193195619	1.4022481090155	369
0.117984478829134	0.977974155330897	369
0.122363787464428	1.04192325592274	369
0.0104011647975381	0.492712037796665	369
-0.03491909465079	0.860172319241905	369
0.115906710073216	1.61151250760884	129
-0.0404913862182701	0.429986031003074	308
-0.0953362486887299	1.39978804230005	308
0.070515672123652	1.14688682032589	308
0.090238902227226	0.843068282868386	60
0.076245383789572	1.26918007031825	60
0.00123554490252298	0.529473029392655	772
0.037125395262032	0.617666119824078	772
-0.0384619192567	0.425008614563889	369
-0.04640363250161	0.428229873657116	369
0.113023550227289	0.872184261742895	369
-0.0174731140479301	0.917450212528332	369
0.027954361762637	1.04563475343476	369
-0.05921513160002	0.807686718275958	369
0.116416733026291	1.08011457032076	100
0.0982230252180259	0.810636469629091	1687
0.0711327526425321	1.9891355835339	1687
0.108694912327918	1.52597829261589	78
-0.00499585628642008	0.490637515849951	78
-0.03206637242844	1.51259371589682	78
0.038401201454247	0.59155600273571	1066
0.072378834812655	1.15331804294763	308
0.058475385220895	1.10849244167512	1457
-0.0159548336984501	0.875792550254575	5927
-0.0394224817711899	0.428820497755674	2296
0.107471417554941	0.962790602698751	60
-0.11205717475605	0.711997198344628	60
-0.06527036068112	1.39966906599427	60
-0.0518453322024199	1.17744925660146	369
-0.12203355802168	1.36627854295459	369
0.040557429789108	1.12818272546983	369
0.010228794083624	0.48450663657105	369
0.112578305823375	0.914632996312096	369
0.114974827026872	1.05549927637373	369
0.00172542938198395	1.01794906038668	369
-0.02459443800594	0.93655680066837	369
0.0872771531769661	0.868242200065946	369
-0.0542785874574701	0.854870063777494	369
0.00598907382920899	0.516707923678894	57
0.119947029826088	1.75276832540243	100
-0.0548462417104201	0.815360119529654	308
0.02985366879907	0.997548342263191	308
0.00329764313202097	0.499670633316748	253
0.066365798303183	0.681053059319385	424
0.038059744089473	0.599220689975794	424
-0.11466266660174	0.767215564744385	60
0.09025631327735	0.741507650068327	60
0.026370217742518	1.01315420017192	1974
-0.0530609956852499	0.860609659516008	155
0.018787945916634	1.40720164620159	369
-0.0651563180707799	1.37356665234813	369
-0.0444683948150699	0.433758823456749	369
0.104410497057497	0.932691974358638	369
-0.0453501760169	1.68694506004029	6689
0.095367070787721	0.829344661272797	6689
-0.0404913862182701	0.429986031003074	78
0.108537567639281	0.988618411382846	1066
0.080445663320012	0.770922774434341	308
0.00915942635765299	1.01302354877423	308
0.066438445281413	1.20564102698545	5927
0.098327481006052	0.95329098881236	5927
-0.02314397602987	0.916296403394047	170
-0.0463680966101201	0.416773813351232	170
-0.00629925486225003	1.31160989431237	266
-0.0483239786818099	0.427518463663862	17
0.060183168657535	0.698247076769362	60
0.068579639565127	1.28327423189931	1974
0.054765565300162	1.15148755843768	155
0.099636459726078	0.951338001341382	369
-0.05141896060354	0.421411961089526	369
-0.0736424677922001	1.10461277877986	369
-0.10839484237353	0.729755509151521	369
0.110116028145059	1.00874697321169	78
0.025203871074906	1.33194119721844	1066
0.0801710263222311	0.792832563043884	308
0.046466008945352	1.16793649665821	308
0.111784191463289	1.09911897609619	308
0.110038509030237	0.977705041965005	308
-0.1052845778529	0.752073309366968	285
-0.05219086247061	0.827297477167294	424
0.0301156155619871	0.59718089001736	5927
0.079633434271878	0.787654981010118	266
0.075868782907194	1.25731815103178	266
-0.0433980676132799	0.44647504020799	17
0.00706650816352095	0.506602529499069	1974
0.052739785881045	0.675619746667058	155
-0.0923026584443301	1.30139012996681	60
-0.11627436417429	0.987979523557776	60
0.039008906271935	0.591353630501703	772
0.029660008357374	1.02615839472233	369
-0.0191256021624699	0.945016632229763	369
-0.04640363250161	0.428229873657116	369
0.00961497494345798	0.942533199485888	24
-0.00159389894707007	0.476704428980499	369
-0.01003262378956	1.58810074037313	78
0.112322223888478	0.976693983257417	1066
0.067891959302512	1.54911532938043	1066
0.063385672379126	1.22987561985954	1066
-0.0445578371161801	0.429867191818012	308
-0.0443643429565399	0.445800704702982	308
0.00366286090618595	0.508889612374996	308
-0.0567040127893901	1.44858757739807	308
0.102196681798981	0.907932233110272	308
-0.0385685927002399	0.414267050166112	253
0.073398038705268	1.281249951405	5927
-0.0240664711901599	0.937562528221353	170
0.034529233390956	1.00086431113871	60
0.097086811359092	0.822601773261306	266
-0.02320963900731	0.894243618262663	60
0.089593925854582	0.698692223545822	369
-0.0454357545055	0.433156322806163	369
-0.0814089745039199	1.11739395268829	369
-0.11569132141094	0.988767935597948	369
-0.0365047538376599	0.403762808866673	369
-0.03340236579974	1.53858689140812	78
0.00534655437488496	1.36546623256901	129
-0.0474638017453599	0.446251819108337	308
0.095405997185818	0.867586831461104	308
-0.0454357545055	0.433156322806163	402
-0.09929248758567	0.719444955240488	435
-0.02353865977695	0.933240556776972	435
0.099213681642409	0.920486967732338	1457
0.00100871166211403	0.957891695895929	5927
0.034574276000743	0.601756282991128	266
0.00610115503236997	0.521664477903687	1974
0.119727430930252	1.0363883791593	60
0.024736484863394	0.548868420471645	60
-0.0472418434952699	1.20620256961798	369
0.096421441642621	0.847150110155108	369
-0.10589164279445	0.757342887047417	369
0.105122712420416	0.946762634987583	369
0.112140584704054	1.01868795946068	24
0.06354498273193	1.13037160609342	369
0.118109407163656	1.04590562232518	369
0.052561277528542	1.18155737583272	1687
0.124632770009017	1.24124273495631	805
0.100680510118115	0.793630756541683	1066
0.040012811529752	0.575775571050086	1066
0.00559838888095798	0.505830204067153	308
-0.1036860638893	0.726312363881794	308
0.102996370098926	0.892526153244851	308
-0.0443643429565399	0.445800704702982	253
0.059608747063883	0.699551221692607	424
0.011588763385491	0.474737111154984	424
0.034564110440276	0.615458717111082	60
-0.11398536273482	1.20665497639671	17
0.0303658607659399	1.3226309829834	17
-0.05356821355632	0.418422773072408	60
-0.12138372493184	1.05586054428511	60
0.00915942635765299	1.01302354877423	60
-0.0433980676132799	0.44647504020799	60
-0.0453311350324299	0.440452046038488	692
-0.12284187573091	1.36719942345324	7
-0.0500393082839901	0.830459741559136	369
-0.05941043310918	0.833921770540059	24
0.0886432448979531	0.760268153750783	24
-0.10927103861912	0.752339350774205	57
-0.03174875306787	1.72144573375904	1687
-0.07428855504768	1.1554805373058	1066
0.00663677471733004	0.991962418450881	4017
0.09916596977082	0.859930899633248	308
-0.10947806059679	0.739679583802122	435
-0.1052845778529	0.752073309366968	435
0.034248856806387	0.600271686289094	424
-0.11522219238022	1.09838842711916	424
-0.06514529428018	0.80431461964759	1457
0.081711397702475	0.789737615962777	266
0.0986193093218219	0.842223047388971	60
0.0891810934524751	0.757554027055457	1974
0.095898804572457	0.823756413099227	95
-0.10302451529148	0.755073010547601	95
0.094898081534222	0.871027492866664	369
0.0849061277544671	0.790191540655413	369
0.00683580005155904	0.515283271365812	369
0.054874538421578	0.686046046136122	369
0.059717731975103	1.58926163912064	805
0.026614912144995	1.84624259857434	78
-0.10589164279445	0.757342887047417	308
0.00368076094158598	0.518415662074474	308
-0.11466266660174	0.767215564744385	253
0.106294529648258	0.928049878078812	435
0.057470571608611	0.689381399473152	424
0.0404389883033029	1.1338835936326	1457
-0.000474424787330063	0.510164144766332	5927
0.0291881526712769	1.05994003270744	170
0.00810524380857103	0.99524736662932	4432
-0.000474424787330063	0.510164144766332	4432
0.00598907382920899	0.516707923678894	692
-0.11452737898773	1.04516598633041	369
-0.0201158706200999	0.935765695652962	24
0.080776394289651	0.75731695089458	1066
-0.10925493558062	0.768125170133473	308
-0.0692341243707499	0.801418030514956	308
0.099594454731196	0.838275017795012	285
0.0298091031343291	0.602931281853728	435
0.09486185958494	0.839829895048406	424
0.035938037275592	1.03980767088234	1457
-0.0474638017453599	0.446251819108337	5927
-0.05418031609543	1.18314545033517	17
-0.0117339982323601	0.870850882657065	60
0.038076458115613	0.61508237326934	369
0.102556249731819	0.899761641785712	6401
0.00862520993228799	0.954204859202839	1170
-0.0536202246284301	0.869413303515477	57
0.00123554490252298	0.529473029392655	78
-0.0197121985370401	0.881815549946432	78
-0.12074687788467	1.07792748369517	2353
0.078010991043536	0.793422033330214	1066
-0.000859243619129924	0.503863375873233	400
-0.1130838161983	1.27308442482077	308
-0.05748084880232	0.406971590654532	285
-0.04243230844476	0.442292931729212	15
-0.0433980676132799	0.44647504020799	3059
-0.01614792224287	0.881199480059442	60
-0.11596147365583	0.740753350308211	4432
0.091025790961063	0.738992553516369	60
0.00559838888095798	0.505830204067153	369
-0.00352189480810994	0.495739708789825	369
-0.05774632429198	0.853940588912901	369
0.068092912573358	0.671752395799476	369
-0.00182182824985011	0.50649437666673	369
0.034899580545687	0.574016885761084	369
0.00197513677763295	0.527784975096114	369
-0.11994070052142	0.716913966624162	6401
-0.0619858834895599	0.852837268351295	1170
0.105898281727654	0.905812761728836	78
0.078630779955181	0.780391551162384	2353
-0.1185210167521	1.36234714899694	308
-0.0206448910308199	0.925683941983639	308
0.0364974705783629	0.615161111056148	15
0.0336224938323561	0.604189874898662	6085
0.00915431893902496	0.51354011901363	6085
0.096154406478543	0.856038966295973	5927
-0.00610415428629008	0.483766860311607	3059
-0.11894094849255	1.09879802637935	60
0.00598907382920899	0.516707923678894	167
-0.0860695818797499	1.15446037168054	3469
-0.0587395692195001	0.784507237759821	7
0.06435842903529	0.709189783039237	7
0.032354706923577	0.611931679071181	369
0.000266411603936034	0.512528764904733	369
-0.05005245135479	0.82981165026797	369
-0.10590221418551	0.782589610128703	369
-0.0494907784776699	0.435890454815377	2847
0.098544539922331	1.88458257444815	100
0.039028144271875	0.593797485290329	3706
-0.11522219238022	1.09838842711916	1305
0.064796825114223	0.701162244301042	78
0.00197513677763295	0.527784975096114	308
-0.00232873693392	0.50805193852294	1564
0.11776389267524	1.11680296022069	5927
-0.04640363250161	0.428229873657116	17
-0.04541011657835	0.427842189003177	17
-0.0666751324964501	1.4428287826994	60
-0.05045461324515	0.432727027587394	60
-0.10082585488516	1.34479354866423	692
-0.01476023425184	0.90056378312272	3469
-0.0475646445167299	0.422542066773274	369
-0.0583071317953801	0.85758544690967	78
-0.10701787271339	0.714720049843262	400
-0.05161647415642	0.838717814848235	308
0.057841810123299	1.21419324352852	308
0.078254562975566	0.764501891453727	308
-0.00387760489767008	0.471609619325647	308
0.084684711326449	0.823021394588316	15
0.095837881812358	0.835946149331898	15
0.123961476050526	0.93312410294749	424
0.010066367485138	0.978840603039117	424
0.09266392682078	0.845927691207129	5927
-0.07926767748541	1.15041233981409	3059
-0.02196129820688	0.919098323374051	545
0.061636600079914	0.650345921345677	60
0.00674195125727295	1.346728890567	60
0.11488274739291	0.859373909147867	60
0.00169507928660895	0.497117398035405	60
0.040625422085209	0.599198553208337	369
0.026872982663054	1.05440139161944	369
-0.10210655411836	0.738043761907753	24
-0.10241926466834	0.757715784252609	24
-0.0433980676132799	0.44647504020799	1170
-0.0520418801862399	0.848984928246551	1431
0.00126226814550601	0.976092329170003	3706
-0.11382973007387	1.03465557053023	78
0.029486978146907	0.601018076473175	78
-0.04938876843792	0.445225820250445	129
-0.11466266660174	0.767215564744385	400
-0.04136409890739	0.424665264099882	129
-0.00159385871586992	0.508400245228127	400
0.062638871096812	0.701130554535301	400
-0.0474638017453599	0.446251819108337	308
-0.000474424787330063	0.510164144766332	308
-0.0884796052388399	1.29624228282899	285
-0.04842602986207	0.44867035504741	424
0.100312039252198	0.814977833595936	60
0.029180531260368	0.598184933881074	60
-0.04038355317258	0.428241517084643	60
0.00448626498437899	0.990932199073906	60
-0.04928612923494	0.416526626751321	60
0.059038433343917	1.15307998428144	60
0.057019649145962	0.666955115513628	692
0.031388569652256	0.595511586262737	1680
-0.0462984443994901	0.427154861750129	369
-0.0454357545055	0.433156322806163	1431
-0.10997666171814	0.783170148459437	3706
-0.0331650187197301	0.894444586773546	78
0.035216765024263	0.585619410807023	78
0.00294241219737001	0.524856477976157	400
0.00610115503236997	0.521664477903687	129
0.073292253153935	1.25215063048381	308
0.074805896719387	1.23168752182056	15
-0.07107420418823	0.968261358468278	545
0.041264340188553	0.583643894226027	60
0.064810835941978	0.669542449511375	60
0.039003697458693	0.577102222610071	60
0.0533953764041501	1.44481574115196	60
0.038136231804649	1.10448497609836	60
-0.0494907784776699	0.435890454815377	60
-0.0404913862182701	0.429986031003074	24
0.105317472342753	0.874899139060071	57
-0.0443643429565399	0.445800704702982	1431
-0.11029332764171	0.709385250790287	78
-0.04640120529454	0.428382015905654	400
0.023716148098225	0.946858243040922	400
0.074589507688143	0.760465047514104	308
-0.05856234686206	0.397293380093958	308
-0.04145354839253	0.429401569031903	308
-0.05886811487236	0.856710490235098	15
-0.0606471291897299	1.11887241354977	15
-0.06314025908007	1.1496318334775	5927
0.065837917502064	0.602706593401411	60
-0.05049647127924	0.840344154951914	60
0.028927263124046	0.989175944044692	60
0.0679481625634381	0.676333883456025	60
0.059622006993441	0.700677899984716	1636
0.092333661085376	0.683090365464669	369
-0.0443643429565399	0.445800704702982	24
-0.01713584247592	0.890133994371564	369
0.059496765154448	0.64977943983831	369
0.06936668265018	1.19533577699726	78
0.093605044965156	1.37668546574139	78
0.066801278271836	0.665412481898141	78
-0.09929248758567	0.719444955240488	400
0.108034420905608	0.923831454476941	400
-0.05248810185819	0.808499120940354	5934
0.0128116822151459	0.987929678293046	5934
0.094390036856528	0.870129100744059	5934
0.113048635982359	0.909926573316907	308
-0.1121390168569	0.773479854806723	308
0.034255803756906	0.606144369982894	308
0.029486978146907	0.601018076473175	308
0.00220379579866403	0.526527263663833	15
0.097563629234949	0.803487410377193	79
0.0575039017282299	1.12646969887315	60
-0.0197121985370401	0.881815549946432	60
0.041264340188553	0.583643894226027	17
0.041254453786401	0.599674491276673	60
-0.00108649286156992	0.493016698253027	954
-0.1060371740256	0.729272647571577	17
0.031038807029491	1.09609803258375	60
0.098088294942162	0.664387749492148	60
0.064931244436506	0.703680819270732	1636
0.078405327022019	0.749282882461836	60
0.00262798973734102	1.35310845762899	60
-0.03715353114114	1.22658717068643	692
0.034244600467445	0.607391228022738	3364
0.00349490950772902	1.0077393608601	7
0.038059744089473	0.599220689975794	7
0.00683580005155904	0.515283271365812	7
-0.1114391766148	0.769902997779985	4813
0.00501617472378002	0.519562639486116	1680
-0.04842602986207	0.44867035504741	57
0.114817487448982	1.93396777134797	100
-0.01081262346601	1.31984103481676	78
0.112697558631861	0.996378552160857	78
0.120531299074649	1.03084179583026	78
-0.12297233406747	1.34265128941965	400
0.10871991349439	0.898773112401943	308
-0.02307729160243	0.90861910064001	308
0.051726492578168	0.669921789499445	285
-0.00278531206733001	0.491492916094687	15
-0.05251019161795	0.429734791833162	4572
-0.1049432271887	0.746989386183657	5927
0.0363279068088001	1.12970407717676	60
-0.0655608979889899	0.822863462503262	60
0.079828849741291	0.732683321581797	60
0.080445663320012	0.770922774434341	60
0.06321224247701	0.707875602355158	60
0.023779517320352	0.559063299619813	3364
0.061649101695562	0.694438434740759	3364
-0.11466266660174	0.767215564744385	7
-0.0515520742478299	0.420495589182693	369
0.036821377252259	0.606045751900081	369
-0.10710636173606	0.755960742779479	2193
0.066505701932759	0.68287646513989	78
0.075588943423	1.25529946589143	400
0.030116819106933	0.579663817926862	675
-0.02136201217169	0.921449677971682	675
0.123317346493683	1.0930343441955	308
-0.02574673937188	1.23039787477711	308
0.113959901080684	0.946366190047802	308
0.102381304991131	0.83332671914017	285
0.00174727462465096	0.504959742668425	992
0.014572116762152	0.957403593509281	15
0.00627505916481197	0.494072427823342	4489
0.066939463463526	0.684972210204615	60
-0.11655953571096	1.05785520931886	60
0.12009785824044	1.09470367232553	60
0.059034138955969	0.697021927271449	692
0.044553425199099	1.11599600860881	692
0.055281380816002	1.23463024854499	3364
-0.0251253567738701	0.925461999407812	369
0.0231679285920851	1.04180268230006	24
0.0266752775071421	1.0776790759236	4813
0.034564110440276	0.615458717111082	57
0.057409940405851	1.56286496870656	78
-0.0404913862182701	0.429986031003074	78
0.0801710263222311	0.792832563043884	308
-0.00352189480810994	0.495739708789825	675
0.088176961232767	0.842201336030036	308
0.11895802036446	1.10872457360049	308
0.035869332542778	0.608542429103958	625
-0.05260899115364	0.409809590248187	60
-0.07246133848297	1.10896347549368	60
-0.1055500122466	0.748210538804692	60
-0.03952973450319	0.426155787261663	60
-0.11440249444594	1.08682015293589	3364
0.094350026907593	0.846647787787796	3364
-0.11097814725768	1.05994914665084	7
-0.0444683948150699	0.433758823456749	369
0.045072803559765	0.554700285772151	369
0.113343960772624	0.983306024208769	2193
-0.0423287740670699	0.428449042358836	1680
-0.04636952545761	0.800167195732628	1680
0.0605041839630171	0.68900552614734	400
0.007152788439035	1.33159237323863	400
0.114570799828667	1.05259036367217	400
-0.07711742683853	1.14842482897924	129
-0.0938277331269799	1.10194025380716	424
0.00966184695480499	0.499515744482457	60
-0.0646881996611599	0.820486337762631	60
0.062761823354119	0.675201006324962	60
0.028229061756999	0.595886677498405	60
0.00744227715221701	0.498324286424817	254
-0.0368357104466199	1.45640214827929	60
0.094413417570792	0.829152026885681	166
-0.0433980676132799	0.44647504020799	692
0.087458304275398	0.84066441910136	7
0.00299905039289705	1.00898585428504	7
-0.02941266206156	0.915013223362484	57
-0.03952973450319	0.426155787261663	57
0.021556259771209	1.07475546736359	1305
-0.0744002499560401	1.07105446159927	400
-0.11058277354997	0.782393259015343	400
0.094791408466223	0.846440496120812	308
0.058601248110791	0.693213689358337	308
0.0396548747480741	0.592439797185939	308
0.061207481317509	0.699757730772474	15
-0.0444683948150699	0.433758823456749	15
-0.11677568282818	0.739712692967063	79
0.010228794083624	0.48450663657105	424
0.00747391857737001	0.514089350246445	60
0.082105731338092	0.733753120084741	17
0.091491216234265	0.81725715406867	166
0.00403672689280699	0.98228465506628	60
-0.11305790720219	1.02965073973773	7
-0.0474638017453599	0.446251819108337	369
0.00271445992973596	0.521265643213589	1680
0.022990547983297	1.04371025449545	400
0.112589928960307	0.920675556192657	400
0.057488331391645	0.683973037611493	400
-0.0394224817711899	0.428820497755674	675
0.091025790961063	0.738992553516369	992
0.06321224247701	0.707875602355158	308
0.00559838888095798	0.505830204067153	992
0.00254564436363802	0.491656249275232	15
0.054327533414555	0.670808495306078	424
0.00368076094158598	0.518415662074474	60
0.082728923138717	0.736176255882102	60
0.082410932553421	0.69710146324652	60
-0.06097253153868	0.849461598271536	60
-0.04243230844476	0.442292931729212	759
-0.12341710389341	1.07575771192802	60
0.111737841073214	0.886489091993364	254
-0.05908123002096	0.806626418525217	2193
0.062780565260163	0.654943023919986	1680
0.00673163236678998	0.517175184688351	57
0.0857198960464161	0.737948657812786	57
0.047006780741604	1.10236243580821	400
0.0233788689476609	1.05645944202202	400
0.036821377252259	0.606045751900081	117
0.0364974705783629	0.615161111056148	117
-0.0195288008291199	0.91624389316888	308
0.047333026245152	1.04306887995496	308
-0.04243230844476	0.442292931729212	992
-0.0404913862182701	0.429986031003074	15
0.00989320472661803	0.513997136030586	15
-0.0550751474751101	0.814022857810605	15
0.104377555991412	0.962355511994589	424
0.077540435968315	0.755543594545187	424
-0.04350155286969	0.429872929116567	424
-0.0454357545055	0.433156322806163	60
0.057019649145962	0.666955115513628	60
0.065369507185588	0.69983898092563	60
-0.11023426389199	0.771347784732005	759
-0.09868916701235	0.718297272475252	60
0.120040536554363	1.03234053835745	254
0.094390036856528	0.870129100744059	60
0.088360163790448	0.766760000627167	166
0.037059905487368	1.09605363024547	60
0.031114923448661	0.569553142721165	692
0.008415164580301	0.509621036689629	7
0.00665097574479501	0.993738482837434	7
0.077790918747316	0.773068181908214	978
-0.10371166901347	0.73727749142182	7
-0.1052845778529	0.752073309366968	369
0.038690307661141	0.59639782815755	2193
-0.05406251357439	0.821415398179394	2193
0.010863265882162	0.499378493957803	57
0.00821593265742504	0.506804095237926	57
0.064937707949133	0.661016814955896	57
0.01862731806471	1.3960824597917	78
0.031563141972646	1.43770953374473	78
0.089917215470018	0.823815487510284	400
-0.10876502292248	0.770125167680193	400
-0.0132440997590499	0.899852328078151	117
0.00767574145826799	0.501723800458023	117
0.0818281895795811	0.777223971177691	308
0.082704478734321	0.775082987369217	308
0.034564110440276	0.615458717111082	308
0.056459202756348	0.692750717167242	15
-0.11956563208946	0.734979326692727	15
-0.04993673230107	0.835145146347457	15
0.005935024247816	1.01639225832024	15
-0.10564425747665	0.772723371678063	60
-0.12013733580062	1.10612511550494	60
0.040865988680023	1.13288007122012	60
0.073657177044876	0.762792036424342	60
-0.1086660910071	0.76901915270405	254
0.032354706923577	0.611931679071181	166
0.006477326654861	0.978763027475422	692
-0.05360956424369	0.822324959105216	2193
0.000956638414957967	0.482797052920635	1680
0.063349356720378	1.2004020616347	78
-0.119560408179	1.05290738805928	117
0.053865146311611	0.662783757622502	117
0.038058918671963	0.58325349682535	117
0.06435842903529	0.709189783039237	308
0.035692587956708	1.01173248605767	308
0.105229319138635	0.881694190797453	79
0.1018341118796	0.844106391980558	79
0.042515024329388	0.577355556592011	1617
0.041883270936962	0.596828158740491	60
-0.04243230844476	0.442292931729212	60
0.117296567792934	0.982204467376684	3762
-0.02656994309295	1.2569591019961	254
-0.10935988486883	1.0552014248664	7
0.054439910783612	0.6632720963839	24
0.00317115975462401	0.505871843374307	1680
0.037753671643073	1.10877802275581	1680
0.00352830315109698	0.507456873448156	1409
0.097949853939978	1.37846697212296	78
-0.0493660890557499	1.22725448124959	2993
-0.0505154196833599	0.829654267330325	1442
0.038059744089473	0.599220689975794	117
0.06491672713547	0.669835700278449	308
-0.0537191492893301	0.860335213726001	15
-0.04350155286969	0.429872929116567	79
0.083424820120323	0.731255043464602	424
0.066514316532112	0.684749148599611	60
0.036797968262077	0.595015362806921	60
0.100889816009398	0.827467537886498	60
0.038076458115613	0.61508237326934	60
-0.0365047538376599	0.403762808866673	60
0.083103580734222	0.733934688960501	60
0.0355139939507469	0.607116606721464	60
0.000501059314049979	1.33724901257762	3762
-0.04938876843792	0.445225820250445	369
-0.10832186689129	0.738543379349557	24
-0.11224811676496	0.747973994763437	1680
0.00501617472378002	0.519562639486116	1409
0.025358823730257	0.578695679967233	57
0.036899774427042	1.33950101012638	1442
0.111129374467415	0.915092872816119	400
0.00123554490252298	0.529473029392655	400
0.080984659369147	0.773510740839225	117
0.0818281895795811	0.777223971177691	992
0.00108518828565896	0.486618940528135	4478
0.0805246728128211	0.772052831159134	383
0.066365798303183	0.681053059319385	79
0.093998689169834	0.837472441886352	60
-0.0583202059183501	0.862893301348224	60
0.0570331415512541	0.689138017633733	60
0.120576949752817	0.931544968336833	60
0.094356521412029	0.84565547804688	60
0.065942004287803	0.694492838206354	60
-0.0190150832167	1.29930923913947	60
0.087458304275398	0.84066441910136	60
0.00816696864779198	1.01525592786111	60
0.036797968262077	0.595015362806921	3762
0.056315751796659	0.650779939846963	166
0.00909212240986901	0.99735934304311	166
0.094924121601268	0.835339683755825	692
0.079243047279308	0.755213131943333	1680
0.00575970002729898	0.520040244943026	57
0.027889403041878	0.571861250055943	57
0.093696947770175	1.66099586558416	78
0.04554786098302	1.1067847594299	2993
-0.02561748840669	1.43460955670259	2993
-0.0287331011430501	0.871658849042408	117
0.008663258207387	1.01638192641838	308
-0.0442864045448901	1.19363166520725	383
-0.04350155286969	0.429872929116567	15
0.031536767197224	1.0397886055176	79
-0.0551849463520799	0.827493232279059	424
-0.05718569226113	0.845575464826567	60
-0.07816999013353	1.44157469665007	60
0.0364974705783629	0.615161111056148	60
0.029343271878766	0.997724911133891	60
0.096124025049713	0.844449028874652	60
-0.0861540261802301	1.13914178579136	60
0.076118658897227	0.747129334236685	166
-0.055636584855	0.818866900740211	692
0.086483549630899	0.837113231367413	692
-0.03217098519734	0.89487370224155	489
-0.0153578692907701	0.91218358174568	489
0.118313696966245	1.04906863414701	369
0.058026322868704	0.690755917937263	369
-0.01695380532085	0.915835537752506	2193
0.107761422870182	0.763840692035612	2993
0.0986193093218219	0.842223047388971	117
0.00123554490252298	0.529473029392655	308
0.034885006064964	0.608532993502877	15
0.094048861250021	0.811961163609407	60
0.121672461574448	0.956491729301283	60
0.00146491155476503	0.52395959859642	60
0.104280855358121	0.893983450978051	60
0.0991228572883061	0.857017055692819	3762
0.038690307661141	0.59639782815755	3762
0.00342867779978395	0.988576648924684	692
0.00347609989259201	1.01956236367456	369
0.032354706923577	0.611931679071181	2193
0.061331452752564	0.683397442432614	2193
0.00966184695480499	0.499515744482457	2193
-0.000128876469950079	0.494203510437228	5639
-0.11869275757293	1.08110636626981	78
-0.0394224817711899	0.428820497755674	1442
0.059608747063883	0.699551221692607	117
0.083980841133341	0.780177808275369	117
-0.0453311350324299	0.440452046038488	308
-0.0939121122120701	1.62939333371416	15
-0.10806133718696	0.779615651282842	15
-0.0433980676132799	0.44647504020799	79
-0.05251019161795	0.429734791833162	424
-0.05045461324515	0.432727027587394	424
0.0150163180833111	1.04744276884017	60
-0.04938876843792	0.445225820250445	60
0.023329383425063	1.46465606441406	166
-0.04862055277964	0.406424397979457	24
0.00696110174087206	0.496865391829907	77
0.011768053590535	0.96115126266722	1305
0.098867402624365	0.831469584250912	400
0.00513490229487401	0.509680765352785	15
-0.01076857396007	0.938896449556103	15
0.040416276690258	1.15765765527748	15
0.10645889003342	0.878162025121851	15
-0.01450461303411	1.31889142884807	2570
-0.07527313819201	1.16810094760729	79
0.00627505916481197	0.494072427823342	424
-0.0866555514294101	1.13242981990318	424
0.045943864528049	1.0773728948528	424
-0.08440482586988	1.15953598914981	60
-0.0463487467255801	1.21367062997975	60
-0.11031924022944	0.77572281644483	60
0.055716354251494	1.1597738158483	238
-0.00182182824985011	0.50649437666673	60
0.000266411603936034	0.512528764904733	60
-0.04289574220779	1.16201276427145	166
-0.0453311350324299	0.440452046038488	7
0.00989320472661803	0.513997136030586	7
-0.04379369431044	1.09697231556246	369
0.0367964581479811	0.510629301308275	2193
0.085568862860319	0.752505547941536	5639
-0.00217968156137993	0.478766738598127	5639
-0.07858444130485	1.12604189758935	78
0.090207724263766	0.845381527280567	78
-0.0519276341659001	0.795121044955742	1305
0.060634977748008	0.703536127183062	1305
0.080856793537107	0.747068059229937	400
-0.0578579656340901	0.868362942814535	117
0.00329764313202097	0.499670633316748	308
0.005383280112922	0.484410927277773	308
0.089233668512569	0.814445082746742	15
0.054900647860708	0.664594715044821	2570
0.060069742876498	0.646652533687361	424
0.042559453722364	1.43314510691551	60
-0.02353865977695	0.933240556776972	60
0.080910931310842	0.700602443869821	238
-0.0495730630978699	0.4149080062341	6489
-0.04445264019477	0.430927724065131	254
-0.05251019161795	0.429734791833162	166
0.082366591235976	0.783897861219842	692
0.00989320472661803	0.513997136030586	167
-0.0140133149039801	1.4989697613086	369
0.054299907419859	0.681421769773706	24
-0.0443643429565399	0.445800704702982	6375
0.122337935971496	1.00333979409442	5639
-0.05446458897971	0.394083936538874	117
0.00220379579866403	0.526527263663833	117
-0.0505260591260801	0.414650692144383	308
0.112328744822625	1.42226296242346	200
0.076713784619421	0.767568910880521	15
0.106856240784448	0.923820093671383	15
0.065490925583823	0.66383225858108	79
0.029819728330393	0.576753708770402	60
0.109680001908479	0.900635647116902	60
0.078724573318593	1.28476792358966	60
-0.0474638017453599	0.446251819108337	254
0.093096648006993	0.836539326653344	692
0.0570331415512541	0.689138017633733	6127
0.00892225986164197	0.502407069289994	6127
0.036163291437185	0.577775790520956	369
-0.0394224817711899	0.428820497755674	24
-0.11045915747535	0.766699488336502	77
-0.04350155286969	0.429872929116567	77
0.090129490048094	0.853514921637049	1305
-0.0809654150785699	1.13113058942277	1305
0.101065300221983	0.883712834791879	308
0.097199085388844	0.806174914023079	992
0.0894500270633481	0.829648941830903	15
-0.000474424787330063	0.510164144766332	2543
0.113387832771011	0.962508050930837	60
0.02885812692489	0.600573109989026	1267
-0.0541796279064399	0.873242042179189	166
0.059034138955969	0.697021927271449	166
0.00673163236678998	0.517175184688351	6375
0.083730851285119	1.63940644622262	78
0.118617230485322	1.05120689012781	117
0.00598907382920899	0.516707923678894	992
-0.12071956380148	1.05437163455713	15
0.068659343834698	0.676413079635722	79
0.112031472850595	1.02401085743451	79
0.00536624632521698	0.523323803017451	424
0.036849920994623	1.11690719734982	60
0.00349490950772902	1.0077393608601	1267
0.121731500752796	1.10299071097091	1267
-0.05049647127924	0.840344154951914	60
0.062638871096812	0.701130554535301	536
0.039675690946827	0.582641817394435	254
-0.00209923859038996	0.484683055232585	167
-0.04852745575138	0.433634927743835	2193
-0.0483239786818099	0.427518463663862	77
-0.04136409890739	0.424665264099882	77
0.108034420905608	0.923831454476941	400
0.034985358966152	0.982488076407292	400
0.107630890035478	1.02183636946985	400
-0.04852745575138	0.433634927743835	117
0.120131820171269	1.03728824326191	117
-0.00232873693392	0.50805193852294	200
0.040947015904264	0.593029045553984	79
-0.02229415831948	0.943023810457784	79
0.047546054043952	1.17043151812195	79
0.093316279638461	0.711133640788425	424
-0.0444683948150699	0.433758823456749	424
-0.00278531206733001	0.491492916094687	79
0.113135604264327	0.993396139099388	60
0.096455447578005	0.83218067781404	238
-0.0230178059339099	1.25001261165522	238
-0.00101749166955001	1.31802505061658	60
0.124833950686675	1.05559644118211	60
0.099558671353712	0.833591219695006	1267
0.043433624924873	1.09576284517721	536
-0.10997666171814	0.783170148459437	166
0.0767587370748401	1.21045554330014	6127
-0.0260531839154099	0.933002245617664	167
0.093998689169834	0.837472441886352	369
-0.10784970769494	1.0432532725208	369
-0.05107372705151	0.833113388281724	144
-0.0423287740670699	0.428449042358836	144
-0.0463487467255801	1.21367062997975	77
0.0355034542061869	0.576345274758834	77
0.032856893279077	2.21453911923655	1201
0.086213389318233	0.748829958413771	400
-0.0757739666572199	1.16111015103498	400
0.124932422858067	1.20424376552623	689
0.0627751797757991	0.707592424647626	117
-0.05739411711789	0.853251080395844	992
0.108852606590197	0.764683243296756	200
-0.10998836194041	1.07034449336567	15
-0.05449791485168	1.13749772524197	15
0.039028144271875	0.593797485290329	79
-0.000861257424509931	0.489405712019874	60
0.036797968262077	0.595015362806921	536
0.06752590753896	0.658926564410704	166
-0.05120542781752	1.22324268159762	166
-0.11601883777992	0.706167141743742	6127
0.0402688502529061	0.582409531042717	77
-0.1036149300681	2.21890732742699	1201
0.00987594635912803	0.985351981328771	400
-0.1134553726955	0.768635109973517	117
0.00448641338438605	0.96672424740855	689
0.088182420092932	0.76116080574902	689
0.043196044390559	1.1449067621368	689
0.025269401435536	1.07966491106513	689
0.00591850772602498	1.01292326110246	308
0.015961210643596	1.0522880484023	200
-0.01839497723536	1.30195822118282	200
-0.10120934674752	0.751162686121947	15
0.060194831726988	0.696942967280344	149
0.0317249192435169	1.01946112952574	79
0.034255803756906	0.606144369982894	60
-0.11023426389199	0.771347784732005	60
0.047275383854905	0.549836423406044	238
0.059034138955969	0.697021927271449	60
0.00989320472661803	0.513997136030586	60
0.115585664208186	0.996114811918753	1194
0.118109407163656	1.04590562232518	166
0.087105989533057	0.76321975478109	166
0.078447726895108	0.760991566184578	166
0.0921961392671809	0.829249873104329	6127
0.107135486781261	0.89670786607053	369
-0.0777249041168999	1.15178727004461	369
-0.11092563699392	0.779636180888701	369
0.040898498974032	0.571945288192078	77
0.065931907315496	0.682313018930639	1201
0.076918532558706	0.78172250770883	117
-0.0870275461387999	1.37412368244577	117
-0.0123185861456401	1.31962307009336	308
0.028078673995149	1.01388531138752	200
0.014762416420408	0.47529941241316	1880
-0.0232847039217701	0.908363085702849	15
-0.05217673825693	0.831966673169068	79
0.096317227396224	0.90556344200074	79
-0.0423287740670699	0.428449042358836	424
0.039286754370092	1.11149686127755	1017
0.00915431893902496	0.51354011901363	1267
0.026215234842605	1.07426797347877	369
0.062092336273563	0.667446763184309	369
-0.11440669720491	0.765292285205779	77
-0.08206284612265	1.13653152045464	1201
-0.04852745575138	0.433634927743835	78
0.078792758795307	0.765184658102144	400
0.120850094186203	1.03053607174228	689
-0.09679619675573	1.53311301159219	689
-0.0276363389185099	1.21454028736148	689
0.095831836144356	1.3361821599622	200
0.00419369563970196	0.937237556403216	200
0.00303462240391095	0.487737641146243	200
0.032984886684108	0.614378163164001	15
-0.0483239786818099	0.427518463663862	434
0.00610115503236997	0.521664477903687	149
0.00513490229487401	0.509680765352785	238
-0.10624823730327	0.781936167426071	60
0.123255083440135	1.11180701624327	536
0.045814383509996	1.14320677299691	536
0.0801710263222311	0.792832563043884	536
0.019357006521617	1.65860065572136	45
-0.05161819334465	1.59406274746223	45
-0.11580761975794	1.02087580537206	369
-0.11780849227541	1.35538352588219	2193
-0.0776452377505199	1.09968364851677	3222
-0.04349566692495	0.428711682497803	77
0.080776394289651	0.75731695089458	77
-0.00024444578496996	0.519580235074901	117
0.11895802036446	1.10872457360049	117
0.124463584637809	0.946029399287707	200
0.079443535098208	1.32560531847831	200
-0.00278531206733001	0.491492916094687	138
-0.0614379805668199	0.379281266170564	149
-0.0454357545055	0.433156322806163	3306
-0.05720199871767	0.843524004380457	3306
0.042217148947076	1.1266710992491	79
-0.05389680271856	1.19748016918968	60
-0.0261841800954099	0.923552631743151	238
-0.07896958750953	1.13298977254014	238
0.047624345548729	1.02852222903575	1017
0.04343061507786	1.02328793814148	536
-0.04350155286969	0.429872929116567	536
0.054733023043398	1.20303869774639	45
0.121254775917527	1.0242338745822	166
0.0304374615010971	0.603384865564393	5918
0.00351357011321696	0.97145243232729	369
0.00650295193964501	0.516919190277734	144
-0.02244174871514	1.23230488633417	144
0.00366286090618595	0.508889612374996	78
0.0806050599563301	0.748770704205639	91
-0.04136409890739	0.424665264099882	15
0.0336263868866969	0.599812214032604	238
0.00123554490252298	0.529473029392655	3126
-0.11567623514868	1.5053065818408	2543
0.124389490847005	1.02583100504028	238
-0.06964319231929	1.42415230862361	238
0.101322099119013	0.805168521860599	60
0.102884285261024	0.823941965169412	60
0.028629373086653	1.34779477392581	45
0.059738778649775	1.25129430635341	166
-0.12352007197899	1.26033745426341	369
0.109895714317623	0.924194664579492	2193
0.0461970739961321	1.07608791265424	144
0.05971726034109	1.23466176788254	144
0.081155815610753	1.36604692596887	144
0.026812752918588	1.04901686339224	200
-0.04650208354095	0.434292024849057	15
-0.0578579656340901	0.868362942814535	434
0.058359502360859	0.635352554315125	79
0.058026322868704	0.690755917937263	3126
0.016200100433291	1.00916677322977	2543
-0.0539528012078001	0.792032528219438	1267
-0.04243230844476	0.442292931729212	2885
-0.10590221418551	0.782589610128703	2188
0.111984041219564	0.881497166748594	144
0.1135527888828	1.04087660266297	144
-0.10349505522049	1.52798358961963	144
0.033330714736122	1.38896478661553	1201
0.00650295193964501	0.516919190277734	117
-0.0444683948150699	0.433758823456749	1880
-0.05807841662828	0.803629097126501	60
0.027907775411139	0.581425286325644	5962
0.0304374615010971	0.603384865564393	238
-0.05729007967189	0.853215088583615	3126
0.119138700777624	0.962105284696579	1017
0.092231997326458	0.83620030744638	60
0.0148359980457879	1.33556660460395	1194
0.091407649829354	1.44506730478079	45
0.084770356335663	0.732324341334721	2188
0.117705741042993	0.990975371702314	166
-0.04864543552211	1.20010981509692	166
0.07393724102653	1.29447083019473	166
0.115041806794874	0.975003574190779	167
-0.10711017560976	0.776316276698443	78
0.0333049427850261	0.614432452222438	400
-0.04976789290347	1.21709293758195	117
0.104305463039235	1.0246211042621	117
-0.04445264019477	0.430927724065131	2631
0.00587052576133296	0.50367174171513	15
-0.0514532501040501	0.413654857637334	15
0.10005055274511	0.900089982128463	3572
0.00575970002729898	0.520040244943026	238
0.00650295193964501	0.516919190277734	3126
0.00272093657489403	0.929936545647795	2543
0.116799908148108	0.978603771535974	536
-0.10252082336273	1.36435448074536	45
-0.0453311350324299	0.440452046038488	369
-0.0453311350324299	0.440452046038488	369
-0.0783852475654601	1.17536001035569	144
0.02885812692489	0.600573109989026	2193
0.111345193179092	0.90615890672485	2193
0.036044591041312	0.977222062613138	2193
-0.04145354839253	0.429401569031903	144
0.00620066671555997	0.999037241072925	146
-0.00802232923065005	1.82322295812883	1201
-0.10745014380189	0.720714946967643	91
-0.11197682235069	0.728164663286433	91
0.079531749922962	1.23507608560061	91
0.121793068400253	1.09640062558546	5252
0.047255702919845	1.43422811238348	117
-0.04650208354095	0.434292024849057	2631
-0.0879842036980001	1.28608233996909	3306
-0.0746280701072799	1.84044040716865	2543
0.00463107374425698	0.520787378781233	60
0.080907062279544	0.75684488113752	1267
0.0290264862223461	1.03343671779024	536
-0.11742825382926	1.11709549249497	166
0.123446289131851	1.09995451907227	166
-0.0444683948150699	0.433758823456749	369
-0.0583071317953801	0.85758544690967	369
0.098702865670888	0.925936061278348	144
0.110622441586315	0.902298535826501	144
-0.0587619244600299	0.845789852622569	3223
0.0104011647975381	0.492712037796665	144
0.00559838888095798	0.505830204067153	117
-0.0212375051345699	0.912887978208289	117
-0.10488704285382	1.32110061187899	200
0.088105237134163	0.759599860533943	200
-0.0831413952151601	1.11617314425281	3572
0.092368814682777	0.836510817917746	79
0.112102643376021	0.955265276528461	238
0.059034138955969	0.697021927271449	60
0.067390543805332	0.672987299985968	60
-0.0433980676132799	0.44647504020799	167
-0.10371166901347	0.73727749142182	2188
-0.00421169469795002	1.58452500318551	166
-0.06478486364937	0.824096738585839	144
0.068847649807981	1.2055221456841	3223
-0.0710723548223	1.11921732573063	144
0.00963308298945198	1.38312402059961	144
-0.10162569644153	0.652696849371971	78
0.0867080198782551	1.42052895679807	1305
0.059835789189804	1.23017106518716	400
0.00818240332512599	0.50199336587149	91
0.030558142997641	0.999148875636774	200
-0.0455159115247701	0.432093044759573	434
0.034071342293758	1.09573124767955	3572
-0.11440669720491	0.765292285205779	3453
-0.0433980676132799	0.44647504020799	1014
0.032675036530646	0.607875856809657	536
-0.01774520581338	1.19842005551368	45
-0.0879890911633501	1.13757297263633	166
0.073598864582877	0.760184399774759	144
0.085974378932515	0.834272560360538	3223
-0.05165429335355	1.21700275751364	144
0.00660588465876	0.489175410841298	146
-0.03952973450319	0.426155787261663	200
-0.0464744906310901	0.428988757616558	15
-0.10710636173606	0.755960742779479	79
-0.0475646445167299	0.422542066773274	79
0.064631145120177	0.637642140917683	5962
-0.10564425747665	0.772723371678063	1014
0.0849061277544671	0.790191540655413	60
-0.04349566692495	0.428711682497803	164
0.094048861250021	0.811961163609407	164
-0.00776004456989998	1.2190491472587	45
-0.04938876843792	0.445225820250445	166
-0.04350155286969	0.429872929116567	166
0.00989320472661803	0.513997136030586	144
0.00548211485573702	0.980863316826314	144
-0.0474335749722601	0.417860442772463	144
0.095689833979423	0.851457136430652	146
0.070815496871263	0.631212611530539	91
-0.10562455951753	0.73934039693308	2977
0.057942360178348	1.11627117585102	200
0.0304374615010971	0.603384865564393	434
0.082600689303224	0.758288773939832	3453
-0.01272670305805	0.905745928718168	60
-0.0443643429565399	0.445800704702982	164
0.060422659920499	1.13395491635156	536
0.107375073765049	0.861824259055088	166
0.112323304909449	0.883415973798255	3004
0.097187248316449	1.44485096642127	400
0.039328882212789	0.568465582827609	2977
0.036142767554287	0.601677947092876	2977
0.029669837469444	1.30088343022474	117
-0.0495730630978699	0.4149080062341	15
-0.0494907784776699	0.435890454815377	15
0.081445928921381	0.763041765357811	3015
-0.04036423705266	1.15127747261682	238
0.1135527888828	1.04087660266297	164
-0.11375747318731	1.09516333975142	536
0.0415757759140351	0.596758477825843	166
-0.10012154889782	1.39494155228628	144
0.119799876432635	1.15604051773425	3004
-0.06403287197984	1.390150943149	144
0.022474329726262	1.08189958929162	146
-0.03962636704759	0.394462428760593	394
0.00650295193964501	0.516919190277734	15
0.06321158573527	0.654143259147412	60
0.063352271786598	0.651734598821511	3015
-0.0164871851869299	0.910137399365791	60
-0.04445264019477	0.430927724065131	60
0.00352830315109698	0.507456873448156	60
-0.0483239786818099	0.427518463663862	166
0.063096549321931	0.656088469770045	166
-0.03217098519734	0.89487370224155	167
0.112011034319621	1.05853467445297	166
0.078167170057146	0.757827588908052	144
0.06338032519741	2.07335297407673	1130
0.112202142700238	0.832247776282969	200
0.072470229405639	0.714864694860966	200
-0.04145354839253	0.429401569031903	79
0.0298091031343291	0.602931281853728	79
0.00366286090618595	0.508889612374996	2606
-0.10985694370232	0.769947104181061	3015
-0.0385685927002399	0.414267050166112	238
-0.0554489708945301	0.387679224464708	1014
-0.10624823730327	0.781936167426071	1014
0.09121275852577	0.846715789133293	60
-0.0514532501040501	0.413654857637334	536
0.091060164120863	1.32369914178726	45
0.054897838358224	1.11935158056433	166
-0.04038355317258	0.428241517084643	382
0.011912368395849	0.970163420644072	144
0.084043188278498	0.767216910222262	1019
0.034901097467348	0.58135195216324	117
0.0108530376595219	0.468186066146013	15
0.083367095306824	0.791301889020935	2606
0.124192342591545	1.01456359931026	3969
0.00650295193964501	0.516919190277734	3969
0.027037226877291	1.44045650914015	238
0.109951262224458	0.913986771528547	164
-0.0494398476354501	0.413578242222271	166
-0.04640120529454	0.428382015905654	953
-0.0195905786316599	0.899247174731324	953
-0.12389081725483	1.07349866135816	166
0.102196681798981	0.907932233110272	166
0.036142767554287	0.601677947092876	382
-0.10250023150744	0.723209686966568	144
0.00491711543274498	0.958185071118071	144
-0.01466883532307	1.17128569119504	144
0.067388925960001	1.45438735295467	400
-0.00707478605505996	0.486126523554787	91
-0.04145354839253	0.429401569031903	3335
0.0333049427850261	0.614432452222438	200
-0.05251019161795	0.429734791833162	79
-0.10806133718696	0.779615651282842	60
-0.0455159115247701	0.432093044759573	60
0.083599799984904	0.750673249026845	536
0.0891810934524751	0.757554027055457	166
-0.0454357545055	0.433156322806163	953
-0.0423287740670699	0.428449042358836	953
0.117092066490264	0.98732218327074	509
-0.0470691249727999	1.20926190359233	166
-0.04349566692495	0.428711682497803	144
-0.03746168551681	0.403308488640235	382
0.0857198960464161	0.737948657812786	144
0.036479942476106	0.596423707973031	144
0.059048997300992	0.70006021145959	144
0.066950865695703	0.619088259054926	91
0.091253736984345	0.726176113800279	117
-0.00183577661326995	1.25402520988476	200
0.113341625236222	0.877337146776291	2606
-0.0229049956926199	1.24878046120989	3969
0.00598907382920899	0.516707923678894	1014
-0.04485587423561	1.39257999117109	164
0.0533134086125861	0.6739514494197	536
-0.00311264203018991	1.53992097816131	45
-0.11742825382926	1.11709549249497	166
0.062638871096812	0.701130554535301	953
-0.01701199494143	0.939735112731246	382
0.11491441833352	0.868852500356944	144
0.030075828888246	1.42996096804449	144
0.00989320472661803	0.513997136030586	144
-0.0089803377417701	1.29291745000761	117
0.056113751680326	1.16450615795818	200
0.072139187899468	0.620194994440561	3419
0.093670891053409	0.827684036424841	3969
0.088720396333024	0.754913574834104	2184
-0.0755543561025001	1.89736491091796	60
-0.11986406878127	1.24690745789558	60
-0.0494398476354501	0.413578242222271	60
0.053384540917699	1.47609928523139	45
0.061090907487673	1.21431540684609	479
-0.11900025004357	1.29499764100361	166
-0.12447525748744	1.33337984049337	166
0.105257276160569	0.90053909260702	166
-0.0443643429565399	0.445800704702982	144
0.044387796021477	1.16566789519013	3004
0.099404785571829	0.819690312041281	144
0.032675036530646	0.607875856809657	117
-0.0246641349818499	0.927348956226293	117
-0.09606689805571	1.39072651559635	1385
0.056547469171059	1.15624461448514	200
-0.0661131515959701	0.782972116835489	200
-0.05843403446095	0.401170844991363	200
0.065381897650642	0.666150021750898	79
-0.10529852307657	0.778605023155457	79
0.115888553597112	1.050276867342	164
-0.0248202445127499	1.40327492257169	45
-0.04350155286969	0.429872929116567	166
0.104607320983866	0.931714658623579	166
-0.12224945718705	1.35910586329331	166
0.025035712256554	0.559669534772539	382
0.029486978146907	0.601018076473175	382
0.0896604955114711	0.860742101094707	3004
-0.10842163467365	0.76817921303729	1019
0.0659374717106051	0.660300117269311	91
0.07067599359802	0.643572491558208	117
0.0422043216657551	0.597227396370121	200
0.00174727462465096	0.504959742668425	2119
-0.04038355317258	0.428241517084643	1097
-0.0320415128011899	0.865785812053553	238
-0.02083892194593	0.949201925571103	1014
-0.05349952285327	1.2309717574336	164
0.0802439577969361	0.782623342295971	382
-0.0743316885226499	1.02298103037208	382
-0.00115189094935997	0.970398152701902	382
0.122865568025056	1.83408254543022	944
-0.0462984443994901	0.427154861750129	117
-0.0265906337422299	1.26110561022031	200
0.065923186033591	0.658136127053882	200
-0.0557581180042399	0.868405173627104	200
-0.0433980676132799	0.44647504020799	200
-0.10374517939527	0.741971698051305	200
0.085676300504036	0.734392561298085	2119
0.060757403849562	0.692986431409001	1097
-0.05400356768992	1.43700729440107	79
0.00254564436363802	0.491656249275232	99
-0.10590221418551	0.782589610128703	2184
0.10339746645372	0.919150544265017	60
-0.01929146288651	1.30808374527056	60
-0.0206500936231799	1.18820390474305	60
0.0627751797757991	0.707592424647626	60
0.115895930522364	1.09999478168544	164
-0.12390908671384	1.58706432939733	45
0.067404106890647	1.31413708410081	45
0.045349510336262	1.08186573086328	166
0.074136961131993	0.754248609246556	3004
0.065338998930552	1.22119471802359	117
0.083424820120323	0.731255043464602	200
0.030741804882936	0.57269968829156	200
-0.1121390168569	0.773479854806723	79
-0.00402941921510003	0.505501444134074	79
-0.07750150125086	1.12178701259741	5068
-0.0563181840584399	0.862823394020524	99
0.0805246728128211	0.772052831159134	238
-0.0829614357514501	1.17202413955475	60
-0.0256945018606301	1.24657563865406	164
-0.000462302351349919	0.991804216660576	164
0.065302708758165	1.22420082790717	164
-0.04146706489408	0.429278291239433	536
-0.11815603895027	1.34206236041821	166
0.047624422761008	1.09598215716849	166
-0.0562156838360299	0.839539715703486	166
0.027110536170648	1.06574678131735	166
-0.06322267464329	0.811878260391253	382
0.023434998066509	0.549019110954033	382
0.026310551066695	0.58079778873351	1502
0.00892225986164197	0.502407069289994	91
0.0627751797757991	0.707592424647626	91
0.00212865222507597	1.3055527236287	117
0.117703516792057	1.04866887064308	200
-0.0604458105705099	0.843300625997257	200
-0.04541011657835	0.427842189003177	5653
0.083185439602142	0.744459372505193	2119
0.10499944501299	0.960668224708245	1097
0.0364974705783629	0.615161111056148	2184
-0.11073241943004	1.03767574746182	2184
-0.11686360094469	1.09278312074225	60
-0.1244442346644	1.68788842357229	60
-0.0500865955385099	1.20525662126529	536
0.010833252404389	0.975424478233354	536
-0.00829973422560992	0.95267523080592	45
-0.00392091966512997	0.989811581772951	45
0.04159152659728	0.567709966972323	166
0.058026322868704	0.690755917937263	166
0.085648949724376	0.73161751449145	166
0.0607164914630241	1.18579997784041	166
0.027907775411139	0.581425286325644	382
0.0806050599563301	0.748770704205639	382
-0.0220301990941301	0.886462698916655	3004
-0.0917850142199299	1.38774890583754	1502
0.00466103879315105	2.43558089555305	944
-0.11893890839372	1.28330861989264	581
-0.12210267923874	1.30871700077506	117
0.00192607248973398	1.62128299596652	117
-0.05384291474327	1.42108913764932	200
0.105870323474179	0.984168952151454	200
-0.0209098869020301	1.26554212959016	1411
0.033948196401236	0.60130431751029	200
0.00767055762713198	1.00969178002296	200
0.00650295193964501	0.516919190277734	79
0.115898748324417	0.973879580977571	1097
-0.11703084417896	1.07752605265174	1097
0.00994587731075402	0.963181143954095	1097
0.079633434271878	0.787654981010118	5068
0.096709520499046	0.853121064241459	99
-0.11396020454051	1.05159277501668	60
0.10620501320628	0.888010130710259	60
-0.0500816641113999	1.48656511914234	60
-0.0529751286711	1.45443836766604	164
-0.0811130926250501	1.11721680734324	164
-0.0185471809718301	1.21521687567475	166
0.055307214001946	1.1646429236678	166
0.12327795106725	1.03253601724171	166
-0.02717423626367	0.911464928115847	1502
0.062638871096812	0.701130554535301	1502
-0.05683521185938	0.856595755233154	1502
0.098800729071438	1.4771758821477	944
-0.09624259620691	1.32624284152188	944
0.071254159857609	1.20612911349102	91
-0.0951536269951501	1.38419445943805	117
0.03963898606601	0.588611757271608	117
0.00299905039289705	1.00898585428504	200
0.055885078051747	0.692164297829939	79
-0.01384009020808	0.910691774947439	79
0.00271445992973596	0.521265643213589	99
-0.0746124883060699	1.10639237110623	99
-0.10458043201218	0.751538082670932	60
-0.11143338393577	1.06990368961011	536
0.109260098081015	0.964058229080974	536
-0.04938876843792	0.445225820250445	475
-0.10719733873003	0.758022465094413	475
-0.0506940892344001	0.775861385566804	166
-0.1079118859153	1.02946726067585	509
0.00598907382920899	0.516707923678894	166
-0.07527313819201	1.16810094760729	382
-0.10469502488068	0.769472947294151	172
0.053739026739325	0.652846004176222	3004
0.0772630805269831	1.23452207991601	117
0.011588763385491	0.474737111154984	646
-0.00456150924627008	1.60742329401183	79
0.086284633765326	0.76238556584067	79
-0.000124891458910037	0.4905400497649	99
0.040305208155718	0.58306290111589	60
-0.0444683948150699	0.433758823456749	60
0.00494181096909996	1.34622344090265	536
-0.0443643429565399	0.445800704702982	536
0.049243425578717	1.81892193316507	166
-0.0385685927002399	0.414267050166112	172
0.00230431069785098	0.500940538183344	172
-0.0423072248182801	0.411383327794049	3004
0.012108252579367	0.488225678039859	3004
0.118223723062147	1.18472196585819	1502
0.042410166911692	1.09117482441532	944
-0.11603936993774	1.06605336885779	944
0.00494487107898101	1.02388131447897	944
-0.04674725920052	1.40265512053503	944
0.053253689820514	1.61085385032709	581
0.0659374717106051	0.660300117269311	200
-0.0474638017453599	0.446251819108337	842
-0.0365047538376599	0.403762808866673	166
-0.10453269623464	1.96065503884238	166
0.110195611594055	0.966145126027972	944
-0.0490300282963401	0.802120045442133	944
0.091562761807153	0.739596062748	944
0.080799047822565	0.716875641249185	117
-0.10397450810671	0.758202020923154	117
-0.08830921953793	1.62104882198825	200
0.024479160481637	1.28838028495044	200
0.081201752006365	1.1868208131697	200
-0.10683944354736	0.754118171408412	2184
0.00100697801016703	0.510959751285194	164
0.00529033493074305	2.17352750795041	166
0.029486978146907	0.601018076473175	166
-0.04640120529454	0.428382015905654	166
-0.0404913862182701	0.429986031003074	166
-0.05748084880232	0.406971590654532	166
0.037753106732376	0.616198039999054	3004
0.085309708911766	1.7486173378228	944
0.084834516286458	1.76929427276499	944
0.038480595718432	1.09039615469927	581
0.062338293551415	2.49610684567392	581
0.00427237583115303	0.515543120569999	117
0.073953259998059	1.24780802307507	117
0.110111599773413	0.951715677951966	117
-0.10805511445349	0.752760153611237	6382
0.00650295193964501	0.516919190277734	1411
0.017508466703086	0.930960013744277	200
0.00368076094158598	0.518415662074474	60
-0.03004371894248	1.23135450960373	164
-0.09979290898555	1.55077102675065	164
0.072559491736284	1.05512810403127	536
-0.0068923667157601	1.29351136148834	536
-0.00255742764743006	0.511082458511344	536
0.004421993188788	1.66923622569789	166
-0.00568391539341007	1.80523748197685	166
0.039802945549006	1.09401219660861	166
-0.09410078168128	1.83650614385314	5061
-0.0486152985391699	1.47564044668943	172
-0.00255742764743006	0.511082458511344	3004
0.042216692364814	0.569705893817838	3004
0.098009372130099	2.11440808717874	944
-0.0421477685613001	2.36014180278707	944
0.026697725830076	1.71463005881066	944
0.032933107448175	1.05586858534059	581
0.045298632583166	1.09059251008539	117
-0.09535771224002	1.35551426646856	117
-0.10937074488188	0.779208599663148	117
-0.1049432271887	0.746989386183657	117
0.031065606499158	0.599504126969321	60
0.061779800286745	0.691228394070636	60
0.114659349036615	1.12487459684062	60
-0.11179938916481	1.03021111007241	164
0.091143648986514	0.864367592153983	164
0.05602324172957	0.683079416360525	164
0.0581699463220931	0.667974403256444	164
-0.00255742764743006	0.511082458511344	164
0.033952449548	1.02334827863839	536
-0.0494907784776699	0.435890454815377	536
-0.11083661728542	0.773183051980988	475
-0.0245961800944301	0.919316563970498	166
-0.02807585903683	1.48427082554537	172
-0.0464736456967601	1.07502084680221	5061
-0.0601934106006301	1.16949745441442	172
-0.10467770910391	0.742387236326558	1502
0.065923186033591	0.658136127053882	223
0.114757693487536	0.997890797921659	581
0.034244600467445	0.607391228022738	91
-0.0754753926118401	1.11071666598666	117
0.0364974705783629	0.615161111056148	117
0.119199008289212	0.93268188597613	200
0.083599799984904	0.750673249026845	2184
-0.12397913510825	1.07385905632001	2184
0.04143659249146	1.11214768027131	164
0.120734328766709	1.03025777436105	536
-0.12013733580062	1.10612511550494	536
-0.11596147365583	0.740753350308211	166
-0.000128876469950079	0.494203510437228	166
0.00598907382920899	0.516707923678894	166
0.00464617312006999	0.498499599262353	166
0.076251167891557	0.772070013831473	1806
0.077373083726437	0.775003988109592	5061
-0.0511376766787599	0.760772569628009	172
-0.10902707116031	0.772016336960435	172
0.054874538421578	0.686046046136122	223
-0.0611162711484901	2.04136934222238	944
0.119800304021164	1.5360477801927	581
-0.0324288742497301	1.51302777470126	117
0.121547146770292	1.01303945998591	117
0.095405997185818	0.867586831461104	117
-0.05886811487236	0.856710490235098	200
0.051485696127979	0.623283870304058	79
0.06751294269744	0.685546205188532	79
0.112991281246394	0.889092624518834	99
0.00490425586878995	0.994096158798043	99
0.095109633899652	0.830810690150686	44
-0.11153222916333	0.778873184687404	44
-0.09223206346723	1.36856976735496	60
0.096849298984673	0.84245499570328	60
0.057019649145962	0.666955115513628	60
0.033068465793198	1.12721023243045	60
0.0333049427850261	0.614432452222438	60
-0.00121111082788006	0.466844281259577	164
0.00294241219737001	0.524856477976157	164
-0.02636990380808	0.903068143509072	536
-0.0604140312877699	0.844859532880209	536
-0.11526662420966	0.75876085042601	475
-0.02565469007957	0.926841736974142	475
0.011695230281474	0.904573439987883	166
-0.0665810698504701	0.794550419748448	166
0.06290722856986	0.667306303233555	5061
0.034885006064964	0.608532993502877	172
-0.11639003349299	1.11412927410919	1502
0.06492549211151	0.66123081475209	1502
0.097479657314286	2.24469904773513	944
0.020856264089275	1.02630101025688	117
-0.12493385839669	1.33797791475079	117
-0.11368403925957	0.756674545649209	79
0.013515806335788	0.940718781765881	826
0.034564110440276	0.615458717111082	5029
-0.0474638017453599	0.446251819108337	1074
0.116477758715102	1.0179861583602	44
-0.0493771681623201	0.825696545249351	164
0.065503874734409	0.69363587969962	536
0.038480595718432	1.09039615469927	45
0.059175986593387	0.691934666195644	166
0.00553111674045503	0.500869651939237	172
0.005935024247816	1.01639225832024	172
-0.1149851894782	0.725316008286831	1502
0.100877620207967	2.48985392955215	944
-0.04862055277964	0.406424397979457	1477
-0.04241622157411	0.424562607174006	200
0.014330587709806	0.944480754312063	200
-0.0490210906047901	0.798236639493263	79
-0.11248106959915	0.75137344551645	5029
-0.1068524104524	0.785954285689314	89
-0.000859243619129924	0.503863375873233	99
-0.0839235856473	1.16930454879971	475
0.11805250500433	0.865746682519477	475
-0.000861257424509931	0.489405712019874	166
-0.11118908049623	0.776925036036676	166
-0.0454357545055	0.433156322806163	166
0.116281595875764	1.15392574759464	166
-0.04852745575138	0.433634927743835	5061
0.088475520529554	0.833683228909507	172
0.060183168657535	0.698247076769362	223
-0.0450529457953	2.37449007694585	581
0.119225350042396	1.03963105469404	117
0.114061328574301	1.05294306611379	164
0.034885006064964	0.608532993502877	475
-0.04145354839253	0.429401569031903	166
0.118613391156292	0.957614990463337	166
0.101366382278389	0.847068097358309	1806
0.035531544585078	0.577374611026435	172
0.029458781661583	1.03052727824768	172
0.113011949610283	0.888601170218508	172
0.064796825114223	0.701162244301042	854
0.081984635926638	0.765559297820188	172
0.046334276899728	1.09743801838315	223
0.090820404228541	1.22171412943826	117
-0.01476865952113	1.17122666484613	117
0.0730187786213971	1.20688887715139	117
-0.02184363202299	1.3882435197241	117
-0.0495730630978699	0.4149080062341	200
0.11759848569585	0.99424315151024	826
-0.06032092022372	0.813598944588949	842
0.086979183647549	1.4143924159634	45
0.120711821472086	0.918793617425147	45
-0.000495749569140003	1.25180586392708	45
0.062761823354119	0.675201006324962	475
0.0805246728128211	0.772052831159134	166
0.012333445552562	0.985038545804467	166
0.094815301555779	0.774679127747399	223
-0.0141825903369699	0.905971501019999	117
0.120365937814539	1.11316161934287	117
0.025683342103361	0.578198916304411	575
-0.0455159115247701	0.432093044759573	2184
-0.00680240666080989	1.21674630959694	44
-0.000984844982020006	0.503550423180714	164
-0.0515520742478299	0.420495589182693	3289
0.035101600628457	1.1058624477417	45
0.124042507667067	0.912016730121569	166
0.124878044991837	1.07832996023277	172
0.076789946691124	0.772775031006851	854
-0.04541011657835	0.427842189003177	575
-0.04640120529454	0.428382015905654	99
0.00404240892321395	0.503339908750422	99
-0.11204194201194	0.761323031852508	765
-0.12117570184597	1.10350579503361	44
-0.0455159115247701	0.432093044759573	3289
0.027704221259089	1.02684960041981	45
-0.04350155286969	0.429872929116567	166
0.0387036793121051	0.613624450501273	166
0.00501617472378002	0.519562639486116	854
0.00197513677763295	0.527784975096114	223
-0.04938876843792	0.445225820250445	646
0.041883270936962	0.596828158740491	1354
0.039008906271935	0.591353630501703	575
0.075712229604112	0.767294334035405	99
0.0106318221348251	0.51093753674394	2184
0.028866216863929	0.578939547039236	1249
-0.11539662720903	1.10856630609993	164
-0.04541011657835	0.427842189003177	164
-0.0471902595851601	1.16769687298731	45
-0.00937165567311005	0.858761341063063	172
-0.0185969660935801	0.95071720471916	223
0.00478690005961402	0.503756185059023	723
0.108638739469408	2.21768292941133	944
-0.04243230844476	0.442292931729212	575
-0.04136409890739	0.424665264099882	518
-0.05045461324515	0.432727027587394	1073
0.00650295193964501	0.516919190277734	1073
0.062201675330138	0.704960497736425	164
0.018068045939325	1.04075382326696	166
-0.11677568282818	0.739712692967063	172
0.000495684112402972	0.526867747572164	172
-0.0433980676132799	0.44647504020799	172
0.014549032365806	0.986235857776128	172
-0.00240463192690998	0.980254352539104	223
-0.10598861027559	0.735096510020461	723
0.00478690005961402	0.503756185059023	1526
-0.0604056699023201	0.846988371274188	91
-0.0444683948150699	0.433758823456749	575
0.025984687432584	0.554415710016417	79
-0.05346881310061	0.429427774421712	99
-0.07886707020289	1.17932946777022	44
0.0849061277544671	0.790191540655413	842
-0.11314041516351	1.08322222472035	2010
-0.11084454861119	0.755923780587613	172
0.037449024141709	0.612602824581026	172
-0.04567753209032	1.20977759787166	172
-0.05772908259457	1.18185100417047	172
0.0314169835568739	0.582630392774845	223
0.033614851151743	0.612938485681252	1526
0.0396548747480741	0.592439797185939	91
-0.04243230844476	0.442292931729212	200
0.0897287220041	0.842279316993374	575
-0.04243230844476	0.442292931729212	575
0.059034138955969	0.697021927271449	575
-0.04848810361579	0.41383247037589	575
0.021856901960831	0.551924295209405	518
-0.11717347121024	0.730270689059263	1744
-0.11896185265354	0.740865717992806	1744
-0.0545279416626001	0.418155888704423	99
0.082248380599705	0.786124062635092	2010
0.085653204007461	0.756811082165904	177
-0.05045461324515	0.432727027587394	45
-0.0757739666572199	1.16111015103498	946
-0.0425391962345201	0.417848797674199	172
-0.11802159418126	1.07685295627638	172
0.109357915008499	0.89863677332631	172
0.024762168664719	1.05314454340957	172
0.06925580591414	1.10678140128589	117
-0.07617379532318	1.61044341537084	646
-0.10017459435982	1.27790277416316	646
-0.03952973450319	0.426155787261663	4291
0.00230431069785098	0.500940538183344	4291
-0.11622294819345	0.755556022190716	99
0.076565515165506	1.23092160097799	44
0.037449024141709	0.612602824581026	1327
0.00200696915362797	0.997525012581935	1327
-0.03217098519734	0.89487370224155	172
0.118509431724673	1.00453081619148	172
0.011778148799656	0.942251776668786	117
0.052849464208895	1.4590715139541	117
-0.10744718058056	0.755357709842869	575
-0.0348580471952	0.875218974567555	2184
-0.10555480544811	0.753303823047385	6446
-0.0293453544703599	0.900210610837608	1327
-0.04349566692495	0.428711682497803	1073
0.076393080961334	1.32196496440463	842
0.013109304301388	1.36163327701121	45
0.103836308868491	0.946135790682332	45
-0.0614254159833101	0.8512575739106	166
-0.05121713685534	1.20512196890257	172
0.038076458115613	0.61508237326934	172
-0.0494907784776699	0.435890454815377	172
-0.0197830000685799	0.941187749765944	172
-0.02183115380055	0.953911772813362	172
0.010863265882162	0.499378493957803	1526
0.00673163236678998	0.517175184688351	200
0.0336224938323561	0.604189874898662	5253
-0.05251019161795	0.429734791833162	575
0.100169457661263	0.795990293487668	99
0.045396290858735	0.567610468301182	99
0.096199742490333	0.854191710741885	172
-0.05308145949664	0.810109230617258	223
-0.0151791633241101	1.55211534281633	412
-0.10902707116031	0.772016336960435	1526
-0.0234168958576899	0.927831261391567	1526
0.101400112189498	0.831567209154449	117
0.073710653924312	0.579533809370841	117
0.032354706923577	0.611931679071181	575
-0.0544279392312601	0.420060519147179	575
0.062092336273563	0.667446763184309	5029
-0.0551982267196201	0.869327969332561	99
0.034244600467445	0.607391228022738	99
0.00181555543052303	0.491357704023644	842
-0.11138846275115	1.03680062379862	172
0.00463107374425698	0.520787378781233	3715
-0.00352189480810994	0.495739708789825	172
0.062221283811582	0.690766627468789	172
0.073598864582877	0.760184399774759	172
0.034551270101544	0.557510458728611	223
0.00197513677763295	0.527784975096114	5253
0.052300438263618	0.668286020544841	575
-0.0557464269447201	0.824855603881716	575
-0.05349952285327	1.2309717574336	575
0.00317115975462401	0.505871843374307	99
0.118538496253335	0.842805885247597	99
0.047624253526056	1.14708822442551	842
0.060194831726988	0.696942967280344	45
0.051104650785453	1.10232236166159	45
-0.00329329124041999	0.510726010383714	45
-0.10529852307657	0.778605023155457	172
0.055568500340484	1.15355407741392	172
-0.0767227411337199	1.15669559663174	172
0.02885812692489	0.600573109989026	91
-0.0494907784776699	0.435890454815377	200
0.0333049427850261	0.614432452222438	575
0.036254781043318	1.12725512364861	575
-0.1060371740256	0.729272647571577	99
-0.0444683948150699	0.433758823456749	842
0.109523270927078	0.913888275584019	45
0.114107966145724	0.998986252798714	172
0.086213389318233	0.748829958413771	172
0.049837475864284	1.06164091266863	172
0.00598907382920899	0.516707923678894	223
0.00271445992973596	0.521265643213589	200
-0.04640120529454	0.428382015905654	575
-0.04546629654486	0.391174903391305	575
0.036479942476106	0.596423707973031	99
-0.11308063315024	0.759786505656415	99
0.061766077169195	0.684572997160026	99
-0.11745000771073	1.05867674400638	45
0.061191494525398	0.694785896524665	45
-0.0463417129641901	1.15914802960676	6005
0.119978355134837	1.16334193970986	412
0.0422043216657551	0.597227396370121	200
0.036794821245046	0.575192801127966	575
-0.04541011657835	0.427842189003177	5029
-0.0228795237475501	0.91260222862707	99
0.003908799730446	0.504338198541581	99
-0.11895925222765	1.0232557206045	6005
-0.11775491386962	0.736744397176375	3715
0.061092514275832	0.654157022885234	3715
0.071689714150286	0.575473627826733	172
0.122962550520026	1.01972922935528	172
0.068092912573358	0.671752395799476	223
-0.0372127302099301	1.19979990581154	79
0.122736582706875	1.02010926976392	99
0.042930957829079	1.07428296815568	842
0.051064043300022	1.16780549490776	45
0.00146491155476503	0.52395959859642	45
0.117967716587252	0.804773022590295	45
0.114793772185804	0.949108992862745	6005
-0.11475009222677	1.10060895300293	25
0.06435842903529	0.709189783039237	172
0.058431116254196	1.23176124906237	117
0.114869957899858	1.04695263716331	117
-0.0912272438930699	1.07163910694331	412
0.00744922536481396	0.96494063730338	99
0.077373083726437	0.775003988109592	99
-0.10624823730327	0.781936167426071	45
0.062638871096812	0.701130554535301	172
-0.11066907468589	0.712341637159432	172
0.111008045903374	0.868238620031832	172
0.046275330697213	1.09616456662962	172
-0.11380166826128	0.758246141530679	172
0.102196967957964	0.937974163149519	117
-0.0170175244962301	1.16902037747432	412
0.11942818387075	1.04188977974854	200
0.00738704249172895	0.988408255720841	575
0.101660994270693	0.893356974394086	79
0.098130292311822	0.907492888344475	79
-0.00329329124041999	0.510726010383714	99
0.098601875361063	0.906299639043687	99
0.081245735159308	0.789972117732132	99
0.116799908148108	0.978603771535974	45
-0.0468291732821999	0.798540569812392	45
0.010181072998357	1.39492562232477	45
0.062332215630787	0.669936547169464	45
-0.0866555514294101	1.13242981990318	172
-0.0490874516461699	0.759904993395707	6005
0.087722871719632	0.748335022733768	6005
0.034256706262206	1.00498912689569	3715
-0.10806133718696	0.779615651282842	3715
0.030760704589352	0.595081876801006	172
0.013059420609841	0.478286635579529	2780
0.065931907315496	0.682313018930639	264
-0.0444683948150699	0.433758823456749	2039
0.061331452752564	0.683397442432614	99
-0.0404913862182701	0.429986031003074	99
0.062651803163397	0.667142691170827	842
0.111988181473454	0.942436838897951	45
0.107909475694625	0.896868714552041	172
-0.01586624651243	1.2479720008494	172
0.105434924090104	0.974598484665319	6005
-0.00100976292442989	1.26529185538783	6005
0.037449024141709	0.612602824581026	172
0.046194839067122	1.1547644976118	172
0.111637331327938	0.912877800609718	25
0.111253791819683	0.852013542041801	172
0.020862947711231	1.39310758021627	172
-0.06097253153868	0.849461598271536	223
0.039452597445076	1.12194463530281	5029
-0.0384619192567	0.425008614563889	2039
0.019890068029801	0.998314486118294	99
0.099674760829809	0.850689387439519	99
-0.01842545156748	1.47165836327157	172
-0.11858535939825	0.737916118427895	172
-0.0295177070196699	1.25986776309635	172
0.108552262064834	0.870998877794826	172
-0.0443643429565399	0.445800704702982	412
-0.04243230844476	0.442292931729212	2780
0.071689467979716	0.652756126813031	264
0.080910931310842	0.700602443869821	264
-0.1121390168569	0.773479854806723	79
-0.11742825382926	1.11709549249497	5029
0.062332215630787	0.669936547169464	99
-0.0641268908933199	0.833614563782591	99
0.013906299754841	1.3989835243469	99
-0.0281846724405901	1.23285944637621	1608
0.014564367391161	1.58377484578819	45
-0.04842602986207	0.44867035504741	172
0.058326263560004	1.14590887419026	172
-0.11377783481498	1.04029950903306	172
0.037449024141709	0.612602824581026	172
0.00197513677763295	0.527784975096114	223
0.039330687869483	0.608005585987217	91
-0.0443643429565399	0.445800704702982	575
0.032671334487929	0.587464249678032	2039
-0.0188552513836899	0.90463246552386	99
-0.0573362680077001	0.833652659247232	99
0.097137902880635	0.842026848996989	1608
-0.00701478215748996	1.26657816476091	842
0.122993718723082	1.04901411388896	45
-0.05035201801992	0.432991314592281	172
0.0364974705783629	0.615161111056148	172
0.057171200858717	0.661774482762809	172
-0.04636952545761	0.800167195732628	172
0.037117371830672	0.58033133497196	1173
-0.07983104816969	1.17121599678276	172
0.057019649145962	0.666955115513628	172
0.069235777108399	0.648696489204973	172
-0.00512648215821998	0.951449966235982	25
0.092107123724789	1.85129451896155	412
0.013459088064203	1.39784131885833	412
0.059048997300992	0.70006021145959	575
-0.0433794063116699	0.412450666083172	575
0.082060572833864	0.740877706212372	575
-0.11285203613069	0.761503260970935	575
0.083265984170236	1.31250539302636	99
0.08845112332905	0.860557878976571	44
-0.0539947649319801	1.22345984640861	2604
0.100745967736082	0.904237450690202	1379
0.072016164741884	0.763681314024544	842
0.025344502636424	1.03647369143629	45
0.00742782869853897	0.943194146302667	172
0.010863265882162	0.499378493957803	172
0.033296452036129	0.587490743763027	172
-0.0494907784776699	0.435890454815377	172
0.045050172788362	1.11794081045804	172
0.077252431321755	0.772360172505668	172
0.00228332870608805	0.986851987978137	172
0.00501617472378002	0.519562639486116	172
0.064810835941978	0.669542449511375	172
0.111093503645105	0.897757067028866	25
-0.0292331220940201	1.93733757018719	412
-0.0730429448846099	1.83959268447665	412
-0.0711207373717699	1.40417127869537	412
-0.11686360094469	1.09278312074225	1310
-0.03962636704759	0.394462428760593	575
-0.0576402124201101	0.824398355355768	3341
-0.0122608068241099	0.873875578659792	79
-0.0173440079543601	1.32070039512045	79
0.0679481625634381	0.676333883456025	2039
0.089294612949025	0.727621455564707	2604
-0.0633249565581699	1.42323816290403	1379
0.051538671761476	1.1707389442694	842
0.110139849147841	0.954912304600267	332
-0.12273104294979	1.06270332560204	172
0.068405005568319	0.651648111887153	172
-0.11207942881566	1.28849488086946	412
0.043937303629121	1.67410818913561	412
-0.0464825311575301	0.760120928092286	2780
0.063348498649391	0.70625020869975	2780
-0.05841159620369	0.847064863667199	45
0.0446607022697511	1.1595051683491	172
-0.00620850754123992	1.20890096037508	332
0.032675036530646	0.607875856809657	5908
-0.0433980676132799	0.44647504020799	412
0.0106318221348251	0.51093753674394	2780
0.093714670989237	0.820576366454841	1310
-0.0828553106297001	1.13829676704243	1310
0.00501617472378002	0.519562639486116	575
-0.08565145657386	1.12973420219484	79
0.0273460713425771	0.996388847039951	99
0.081711397702475	0.789737615962777	99
-0.11775491386962	0.736744397176375	1608
0.037426134151555	0.569367662144459	1379
-0.11369580169216	0.737109110768166	842
0.00575970002729898	0.520040244943026	172
-0.04445264019477	0.430927724065131	172
0.028539234971185	0.566532522680948	1811
0.045227052288348	1.08615676249675	172
-0.11599051391957	1.07995112052451	1562
0.014028459191797	0.477889657783569	2780
0.108212670269459	0.895480003485419	1310
-0.02248350282902	0.907413479289541	1310
0.00478690005961402	0.503756185059023	575
0.00254121309171496	0.96719127410752	575
-0.1068524104524	0.785954285689314	575
-0.04848810361579	0.41383247037589	172
-0.11023852801059	0.7660076500325	332
0.00598907382920899	0.516707923678894	1173
0.115978983635189	0.97409269730711	172
-0.04842602986207	0.44867035504741	172
0.00844401215262003	0.49444624929651	5908
0.107964994128914	1.0343354152021	2780
-0.10650609832428	0.781810867649974	2780
0.03963898606601	0.588611757271608	2780
-0.0600640423601699	1.48520808476609	842
0.082591447847891	1.27952864062342	3003
-0.01152794204783	1.26340479172677	172
-0.0588795705452101	0.864526168790027	1811
0.091143648986514	0.864367592153983	1811
-0.0973316959981401	1.48086475155024	172
0.078985524294197	0.770135142328169	172
0.099806818826538	0.814268569277159	172
-0.05061061736058	0.829022652339251	2699
-0.07527313819201	1.16810094760729	2699
-0.0433980676132799	0.44647504020799	2699
-0.0184111364000601	0.872881001445242	1310
0.088720396333024	0.754913574834104	264
-0.11603028932315	1.30274405976372	3341
0.101910277405927	0.832327360178699	299
0.099725537901958	0.902312334296939	567
-0.04350155286969	0.429872929116567	1379
-0.0833398715512199	1.60784591361311	1379
0.0891810934524751	0.757554027055457	1379
0.111670747505059	0.958519512025286	1379
0.0805246728128211	0.772052831159134	45
-0.03686327770057	1.20695440788605	3003
-0.08164355428474	1.63907208877597	3003
-0.0414542802344899	1.14503606069311	172
-0.07051865322128	1.08348985648131	3687
0.038076458115613	0.61508237326934	5908
0.00660980755671703	1.31823873101567	412
-0.0259050497601001	0.887350415856884	412
0.103647987526315	0.808600593409833	412
0.0801710263222311	0.792832563043884	412
-0.00531276926137991	2.00069100794478	2780
0.030133349403522	1.06074750915473	2780
0.064485920925391	0.666987510682409	193
0.00666662960624798	0.952038486634516	99
-0.0579637505888899	0.812913526289546	1379
0.034875008206655	0.591222636432497	45
0.034584850808843	0.574332375813067	45
0.028270637608255	1.06665085167863	172
0.024291141174411	1.01596676402648	3003
0.118815112486879	0.948163608942666	1458
0.00366286090618595	0.508889612374996	5908
-0.02986927948911	1.19855940410974	2780
0.011052044155874	0.962940650433749	2780
0.05419667789424	0.658368525766598	1310
-0.0552989578668299	0.866642321619431	3341
0.043818462845966	0.556765830686883	193
-0.06209036382324	0.842393127151722	193
0.100858727535397	0.848137558373225	299
0.0855179526976561	0.777817903408782	44
0.105812996888108	0.991206984346974	45
0.112931641370306	1.07647836369874	172
0.042511873677154	0.590379787164007	332
0.066939463463526	0.684972210204615	1458
0.038380605128154	0.610531580886766	1173
0.028551745740191	0.58848827065633	412
0.060634977748008	0.703536127183062	264
0.051400112872145	1.15315068626087	193
-0.02041606065819	1.55550616376046	299
-0.03027386541706	1.94149357154219	299
0.00673163236678998	0.517175184688351	99
-0.0433980676132799	0.44647504020799	45
-0.04852745575138	0.433634927743835	3003
0.089643068901492	0.746701557468355	3381
0.00536624632521698	0.523323803017451	3381
0.00536624632521698	0.523323803017451	1173
-0.00232873693392	0.50805193852294	5908
-0.000954136882600043	0.993401666602595	412
-0.02565469007957	0.926841736974142	2780
-0.05260899115364	0.409809590248187	2780
-0.0369114676090501	0.867917677365184	5295
0.11203873047569	0.924968409886535	264
-0.10505539727239	0.711442348239045	79
-0.0185969660935801	0.95071720471916	193
0.064937707949133	0.661016814955896	1650
-0.02564905475684	1.23883225585627	1608
0.111023473896925	0.86828527591519	45
0.062912691291697	0.665301649657983	45
0.00918506065914604	0.487830828931151	332
0.00915942635765299	1.01302354877423	1458
0.039008906271935	0.591353630501703	3687
-0.05947545047154	1.1998142262277	264
0.100858727535397	0.848137558373225	5295
-0.03746168551681	0.403308488640235	3341
-0.0443643429565399	0.445800704702982	47
0.00477300102624401	0.47167203392503	1410
0.090465990502707	0.804593530542257	1608
0.089917215470018	0.823815487510284	44
-0.11058277354997	0.782393259015343	45
0.060183168657535	0.698247076769362	172
0.095365768730908	0.860980021612318	172
0.085908074215435	0.775402517288254	172
-0.0233513115578901	0.940973823316466	172
-0.10407103642744	0.727208202407771	332
-0.0498324760548099	0.808341079080388	332
0.00747204920109901	0.959959776666044	147
0.032995919146522	0.603731162763283	147
-0.06621990244593	0.828055642516191	332
0.0304374615010971	0.603384865564393	880
-0.0191256021624699	0.945016632229763	5908
-0.0811130926250501	1.11721680734324	412
0.04315481234216	0.5772967449002	1698
-0.0433980676132799	0.44647504020799	3341
0.0351933721219549	0.6098449656254	79
0.075789841389875	0.763093949220804	45
0.00463107374425698	0.520787378781233	45
0.00770269257824596	0.497260263712666	172
-0.11745000771073	1.05867674400638	172
0.033934634041467	0.616913290371044	332
-0.03210676962994	0.896130894418753	880
0.0147680597794549	0.995341284272242	25
-0.11031924022944	0.77572281644483	1469
0.097173626429076	0.86565735289855	412
-0.0578507502175001	0.852353885645522	2780
0.086028920959323	0.751674721306315	264
0.03203576343756	0.593927142513373	3341
-0.0224209224345	0.923864668018027	3341
0.033614851151743	0.612938485681252	3341
0.036630857437819	1.09309950737996	79
-0.04640363250161	0.428229873657116	193
-0.10155276137017	0.744456388933042	1572
-0.11031924022944	0.77572281644483	299
0.00331686937957099	0.467189518336664	45
0.116743876427949	0.951382848365833	177
-0.10842163467365	0.76817921303729	172
-0.10150561964256	0.729989651168586	172
0.036163291437185	0.577775790520956	147
-0.0442596687539101	0.423097140504412	1173
0.116182806633499	0.99084775084575	2780
-0.11794758753592	1.11009171997531	2780
-0.11798192746544	0.743877244590938	1698
0.086923522952651	0.849800136781219	299
0.00327545529382201	0.487448231526994	299
0.00197513677763295	0.527784975096114	842
0.00724593065857404	0.509545936419535	45
-0.02083279237498	0.913637421788763	177
-0.04852745575138	0.433634927743835	3003
0.060899082612822	0.662857391246797	147
0.000495684112402972	0.526867747572164	880
0.039008906271935	0.591353630501703	880
-0.11308063315024	0.759786505656415	1173
-0.00182182824985011	0.50649437666673	5221
0.00821593265742504	0.506804095237926	264
0.000495684112402972	0.526867747572164	79
0.057451210754104	0.684509067848462	47
-0.04842602986207	0.44867035504741	99
-0.04544058137198	0.417592493711629	99
0.038953291560907	1.12415792227532	442
0.027771864516435	1.30784471603789	172
-0.10650609832428	0.781810867649974	172
-0.0443643429565399	0.445800704702982	172
0.11521385202227	1.27794667305103	261
-0.04349566692495	0.428711682497803	261
0.120407212169779	2.3251699665148	904
0.124201755926858	1.39675653279986	412
-0.0454357545055	0.433156322806163	3425
0.043460770954635	0.58800763136859	1698
-0.00121118795906994	0.996308469186655	3341
0.00589313204424902	0.989439578166227	3341
0.069805002611778	0.651062639141386	264
-0.10229740701321	1.7396240851576	299
-0.05336878033176	0.404940315495735	442
0.058617623509766	0.677739285595155	44
0.07886741611131	0.761944965496552	172
-0.04852745575138	0.433634927743835	1469
-0.0433980676132799	0.44647504020799	25
-0.04243230844476	0.442292931729212	2698
0.061930636321859	0.638351081211696	3341
-0.00329329124041999	0.510726010383714	264
-0.01800804927396	0.923408351748851	193
-0.05219086247061	0.827297477167294	47
-0.0495730630978699	0.4149080062341	299
-0.0474638017453599	0.446251819108337	2205
0.00294241219737001	0.524856477976157	45
-0.04243230844476	0.442292931729212	261
0.00197513677763295	0.527784975096114	25
0.091953232482243	0.819945589203346	412
0.0422043216657551	0.597227396370121	1698
0.034574276000743	0.601756282991128	691
-0.0464133249740699	0.390990648312404	299
-0.11365887747341	1.08198511485169	44
-0.0433980676132799	0.44647504020799	2622
-0.0433980676132799	0.44647504020799	81
-0.0455159115247701	0.432093044759573	106
-0.0423287740670699	0.428449042358836	106
-0.0475646445167299	0.422542066773274	25
-0.03952973450319	0.426155787261663	363
0.113735669638137	1.57605414834336	904
-0.03952973450319	0.426155787261663	3425
0.00197513677763295	0.527784975096114	884
-0.0474638017453599	0.446251819108337	1698
0.117096539340092	0.998211677691881	193
-0.04136409890739	0.424665264099882	5378
0.086371699618188	0.723008292416358	691
-0.00634302050186997	0.483743121572495	442
-0.0384619192567	0.425008614563889	172
0.0415757759140351	0.596758477825843	884
-0.0443643429565399	0.445800704702982	1698
-0.000631192590289986	0.489631195802036	193
-0.01430067176317	0.914014956819914	193
0.0301156155619871	0.59718089001736	5378
0.0863572750021831	0.740277025171381	193
0.00633257992448399	0.5081612900386	193
-0.0474638017453599	0.446251819108337	418
0.043824628965926	0.533079469702424	44
-0.0432939638308401	0.427873668991277	172
0.118005145659086	0.999079819935359	25
0.037125395262032	0.617666119824078	412
-0.00561153438482998	0.472999723463628	412
-0.04136409890739	0.424665264099882	884
0.112341592625961	0.977125157688841	884
-0.11092563699392	0.779636180888701	264
-0.0494907784776699	0.435890454815377	691
0.075418682284806	0.576626202404732	47
-0.05346881310061	0.429427774421712	47
0.00513490229487401	0.509680765352785	172
-0.04146706489408	0.429278291239433	81
-0.0505260591260801	0.414650692144383	3006
0.0336224938323561	0.604189874898662	25
-0.10494686231036	1.60578944265496	884
-0.0251253567738701	0.925461999407812	1698
0.0396548747480741	0.592439797185939	691
0.040938548916772	0.571151340530714	418
-0.04852745575138	0.433634927743835	3171
0.066953913635283	0.66778682609026	442
0.103806462578539	0.89490239215893	45
0.0364974705783629	0.615161111056148	45
-0.04842602986207	0.44867035504741	172
-0.04038355317258	0.428241517084643	3006
0.000495684112402972	0.526867747572164	25
0.038373083346987	0.587771359065259	884
-0.11241811984665	0.747113474056294	1698
0.040312609305835	0.572413975113226	193
-0.000128876469950079	0.494203510437228	193
0.040937317467903	1.12972306280617	193
-0.000859243619129924	0.503863375873233	193
0.086644907841803	0.747509356842449	431
-0.0474638017453599	0.446251819108337	5193
-0.11656737513538	0.737872017815703	45
-0.10060467921328	0.741435548750293	172
0.040934510381573	0.580402517293281	172
0.038076458115613	0.61508237326934	172
0.00747391857737001	0.514089350246445	332
0.00524624276802499	0.512743170789752	147
-0.04145354839253	0.429401569031903	3597
0.085980977035959	0.783650790737754	855
0.101407500653913	0.825927199151412	1698
0.00892225986164197	0.502407069289994	1698
0.036479942476106	0.596423707973031	193
-0.0541968214349899	0.827767152263907	193
0.046973551832474	0.552111969421054	985
0.094431486438093	0.867087891023906	442
0.0854436317177621	0.788964129604101	442
-0.109632116302	0.764113429733103	5193
0.063921632062659	0.700807241835322	332
-0.1074567770412	0.785164696365224	1173
0.00598907382920899	0.516707923678894	106
0.042511873677154	0.590379787164007	442
0.085568862860319	0.752505547941536	431
0.077263531644416	1.23676190774586	45
0.086454155470398	0.835228843806617	172
0.057470571608611	0.689381399473152	172
0.037111205998082	0.596886674385892	332
0.063348498649391	0.70625020869975	332
-0.11405891614132	0.770445692259346	106
-0.0212375051345699	0.912887978208289	106
-0.1050404708554	0.757166531154902	3148
0.066076320040329	0.678006209915091	106
0.0387036793121051	0.613624450501273	25
-0.11526662420966	0.75876085042601	780
-0.10336877920854	0.760871891692769	193
-0.11700092312076	0.734164359581938	193
-0.10282431098691	0.667598577632002	5722
0.077790918747316	0.773068181908214	47
0.03266621553017	0.592587066622687	418
0.060062289467388	0.702906764985437	442
0.117794255949533	0.974201864160694	442
-0.11353981133674	0.696303704552219	442
-0.11561733705367	0.763899989114807	45
0.039320655194157	0.590001927151446	45
0.097108473795107	0.894155228182393	212
0.0298091031343291	0.602931281853728	172
-0.10210655411836	0.738043761907753	106
0.058601248110791	0.693213689358337	106
-0.10397450810671	0.758202020923154	106
-0.05346881310061	0.429427774421712	780
0.069799385013939	0.744063870161271	193
0.060617390106651	0.696079776374805	4700
-0.0474638017453599	0.446251819108337	442
-0.0262664447618901	1.26273200687447	332
0.102355213884761	0.876844868129139	106
0.037111205998082	0.596886674385892	780
-0.10428775180532	0.725720396507139	3125
0.00744227715221701	0.498324286424817	3597
-0.10840684211209	0.761047476053682	193
0.100780563329417	0.764903276084948	45
0.00575970002729898	0.520040244943026	172
-0.0530609956852499	0.860609659516008	172
0.095578906231009	0.786691157721597	106
0.063785428419289	0.710545406657148	106
-0.10992171166174	1.07827835028422	106
0.081193468172147	0.710240210926117	3597
-0.04445264019477	0.430927724065131	94
-0.05406251357439	0.821415398179394	94
0.0304374615010971	0.603384865564393	1698
0.035848462199065	0.592737773141285	193
-0.0735466605086199	1.13385829437376	193
-0.00731339616930993	0.470562587557875	5722
-0.11962005168199	1.29880847825737	4700
-0.05203384033331	0.802635458351136	356
-0.01865260095543	0.890732112011697	45
-0.0293312011481699	1.23575770263303	2911
0.00123554490252298	0.529473029392655	172
0.069977398125779	1.15401383205471	172
0.119337301577625	0.85026714925046	172
-0.0292094651089001	1.21232772713003	332
-0.0645981567507301	1.17898117164692	1755
0.065639920656885	0.648347163468431	228
0.093886322820446	0.832372052409268	106
-0.05251019161795	0.429734791833162	106
0.037753106732376	0.616198039999054	106
-0.10511764661571	0.995408695370709	106
-0.05252658985759	0.809594394659784	106
0.034574276000743	0.601756282991128	780
0.011600912664917	0.49651805060988	106
0.04315481234216	0.5772967449002	1698
-0.0546385101042199	0.865545342371948	193
0.108346944098363	0.956822080084258	356
-0.0443643429565399	0.445800704702982	228
0.016555108521472	0.931427326248585	106
-0.0541968214349899	0.827767152263907	106
-0.0631076704290301	0.799063926984772	780
0.00404240892321395	0.503339908750422	1237
-0.04852745575138	0.433634927743835	94
0.034255803756906	0.606144369982894	3060
0.00621923944518998	0.49330917448904	3060
0.00673163236678998	0.517175184688351	985
0.042515024329388	0.577355556592011	409
0.108951867687496	0.922381666745072	45
0.045094343174696	1.10965098840968	172
-0.04842602986207	0.44867035504741	172
0.111166686912526	0.906487274541759	172
-0.0365047538376599	0.403762808866673	228
-0.04852745575138	0.433634927743835	106
0.010726088350101	0.466668193015122	106
0.026937548038077	0.578914615389543	106
-0.0191256021624699	0.945016632229763	106
0.03582241922687	0.599224330426086	1237
-0.03746168551681	0.403308488640235	1209
-0.11646065208202	1.0732016677175	1698
-0.10868201468722	0.739311710086396	1698
0.0409661500008111	0.562334433748872	356
-0.12000092497619	1.0212449771927	45
-0.11096748930905	1.00514671546043	2911
-0.1052845778529	0.752073309366968	172
0.030760704589352	0.595081876801006	228
-0.02927834336546	0.912217365918048	106
0.099677658942135	0.890397642933639	106
0.037756280167396	0.572258904475743	25
0.000495684112402972	0.526867747572164	106
0.00524624276802499	0.512743170789752	106
-0.08886010286748	1.87953004980398	1237
-0.0443643429565399	0.445800704702982	1237
0.054312216513256	0.659734149409951	1698
-0.08946193195619	1.4022481090155	1698
-0.0137723076123599	0.908985480954394	264
-0.0116730934740601	0.885935620757666	193
0.00467335903545196	0.953295119849872	193
0.094857962264116	0.855921473949433	193
0.037753106732376	0.616198039999054	356
0.00915942635765299	1.01302354877423	45
-0.05886811487236	0.856710490235098	172
0.102302929911967	0.826228943756445	172
0.080568361816991	0.715316182893731	228
-0.10985694370232	0.769947104181061	3597
0.00403672689280699	0.98228465506628	1237
-0.0541796279064399	0.873242042179189	30
-0.05005245135479	0.82981165026797	47
0.112541463160345	0.900961949917077	193
0.106625269314321	0.909156844040279	409
0.00197513677763295	0.527784975096114	4016
0.0801710263222311	0.792832563043884	4016
0.08478798299912	0.672706059472326	1701
0.037059905487368	1.09605363024547	45
-0.08404651822487	1.11587358058391	106
-0.07428855504768	1.1554805373058	106
0.030774211926891	0.5858180585843	172
-0.02071054183419	0.908799120046949	228
0.109537155396505	0.993651950783451	332
-0.0223595784714401	0.950320686505322	106
-0.06509951185471	0.834738558463562	106
0.122267314324899	1.00815657863386	1698
-0.0199804863200199	0.889484471362695	30
-0.12346128570051	1.08122541968853	47
0.00197513677763295	0.527784975096114	193
0.00477300102624401	0.47167203392503	499
0.107135486781261	0.89670786607053	4016
-0.10276324519887	0.759604525468119	4016
-0.0494907784776699	0.435890454815377	647
-0.1052845778529	0.752073309366968	647
0.044899633589496	1.15472196366955	106
-0.01482919229483	0.915060823152613	106
0.06435842903529	0.709189783039237	829
-0.06615890500946	1.04105192191443	228
0.00575970002729898	0.520040244943026	228
0.00769097603197699	1.01564771265546	106
0.033934634041467	0.616913290371044	106
0.050465551121456	0.621347548385268	106
0.00610115503236997	0.521664477903687	106
-0.11438310589923	0.737523754290329	106
0.029180531260368	0.598184933881074	3129
-0.11715175425534	0.725774025891118	106
-0.06589768340832	2.31374520783918	884
0.072224871887574	1.14879412714664	884
-0.0131749250881199	1.49010728842936	1209
0.0266376895859281	1.01452885184052	47
0.093923204238963	0.870516893445917	193
0.090702943731833	0.845912142229775	193
0.084580022542437	0.767917774165396	195
-0.0285024777173	1.71607768748257	47
-0.00182458192768009	1.59741931414307	4016
-0.04640120529454	0.428382015905654	212
0.073657177044876	0.762792036424342	106
0.00464617312006999	0.498499599262353	3129
0.068405005568319	0.651648111887153	106
-0.0375018650847101	0.413180773326961	3597
0.033934634041467	0.616913290371044	884
-0.0467952512324501	1.21234615047692	47
-0.0931227287851399	2.04503777518049	47
-0.10641691853774	0.708677573813628	356
0.00821593265742504	0.506804095237926	106
0.039950786830372	0.579210869218727	228
-0.04541011657835	0.427842189003177	106
-0.10719733873003	0.758022465094413	106
-0.0515520742478299	0.420495589182693	106
0.112107870951727	0.91560288987184	1209
0.068458856808318	1.29822309763165	264
0.05760689454846	0.680994071181348	30
-0.000124891458910037	0.4905400497649	193
0.00292644260941499	0.502220079873968	193
-0.0160866797153101	0.92881645618156	47
-0.1072113449856	0.744548326050331	4016
-0.0474638017453599	0.446251819108337	212
0.00123554490252298	0.529473029392655	829
0.00627505916481197	0.494072427823342	106
-0.0415314553581101	0.405757204943893	106
-0.0454357545055	0.433156322806163	106
-0.0494907784776699	0.435890454815377	3129
0.083185783490659	1.41690391225758	1209
-0.0872735596585801	1.66267608553166	30
0.122282120771117	0.916112802530929	30
0.00271445992973596	0.521265643213589	195
-0.0483239786818099	0.427518463663862	356
-0.0588795705452101	0.864526168790027	431
0.011588763385491	0.474737111154984	3358
-0.03603716542424	2.33166918798049	1237
-0.11371594768949	1.26085125113445	1209
0.06737481331493	0.672542292677493	30
0.00696110174087206	0.496865391829907	195
0.00683580005155904	0.515283271365812	6851
0.00683580005155904	0.515283271365812	431
-0.04650208354095	0.434292024849057	647
-0.0443643429565399	0.445800704702982	212
-0.04692804261254	0.801241250386946	30
0.056896767220335	0.688804581087928	30
0.099926056403766	0.806255167610901	30
0.080368035914986	0.746844592568488	193
-0.0284336997872401	1.27356091803688	106
0.061339926761659	0.67437361469154	106
0.0104011647975381	0.492712037796665	106
0.00892225986164197	0.502407069289994	332
0.00294241219737001	0.524856477976157	389
-0.0365047538376599	0.403762808866673	106
0.00821593265742504	0.506804095237926	106
-0.0740725653640699	1.4332077963375	30
0.00821593265742504	0.506804095237926	195
0.0665096837785361	0.659118531721968	106
0.113712936369793	1.08835734714931	106
0.00294241219737001	0.524856477976157	106
0.118503036988644	0.997527583477327	106
0.114026796080305	0.900573935036569	389
0.040947015904264	0.593029045553984	106
0.071117402116926	0.652282461234206	106
-0.10890055894976	1.01838877481125	106
0.02885812692489	0.600573109989026	3597
-0.07583684882957	1.30887688493975	1209
0.042067353334702	1.11516921783138	1209
0.026978624940409	0.983208543356043	1209
-0.03046095172847	1.23442144277466	30
-0.12169508814067	1.09323420333443	195
0.089898915805394	0.752233728895457	195
0.101321557471099	0.932993061030955	195
0.00598907382920899	0.516707923678894	356
0.035276838459759	1.07543740112323	106
-0.0226347396039701	0.829003289414712	106
0.00980901515092003	0.955530747798976	106
0.098893731145844	0.906809570826527	106
-0.0770018320403001	1.11116166821962	106
0.084803798287466	0.73666448832359	389
-0.05789682270068	0.824204428642525	389
0.00100697801016703	0.510959751285194	389
0.096015806615489	0.697031437535966	389
-0.0197830000685799	0.941187749765944	1262
0.044142500002015	0.563978903857764	106
0.00575970002729898	0.520040244943026	106
-0.01701199494143	0.939735112731246	106
0.00439901407220999	0.51125433795232	106
-0.0715822720730801	2.39958557326576	1237
-0.02540843939584	2.43409711723294	1237
0.038516999994005	1.91032616948306	1237
-0.0786849376639001	2.1991901350929	1237
0.072658860560001	1.72935622652439	1237
-0.0180479992562601	1.63794564040307	1237
0.0588502011191751	1.17477862407068	1209
-0.11841022972246	1.28605758947863	30
0.098076037137655	0.848205199072678	30
0.105088163065792	0.811172596973226	47
0.062555319189339	1.1126032108754	356
0.123697058035124	1.11850777038728	106
-0.11083661728542	0.773183051980988	106
-0.11248106959915	0.75137344551645	106
0.093565461382131	0.704554206366659	106
-0.12116127337856	1.29986586847405	106
0.103138844215775	0.80791792149124	3155
-0.11241811984665	0.747113474056294	106
0.056459202756348	0.692750717167242	106
-0.1074567770412	0.785164696365224	106
0.01137017135527	0.503721354612043	106
-0.0505260591260801	0.414650692144383	106
-0.05045461324515	0.432727027587394	1237
-0.0237486558051601	1.27084480839313	409
0.013358185849202	0.965561795063546	1891
0.079446263056333	0.770642596229945	1891
0.029486978146907	0.601018076473175	3052
-0.0062175464280001	1.33698965945345	106
-0.11790749490366	1.29615289837467	106
0.090238902227226	0.843068282868386	106
0.00174727462465096	0.504959742668425	106
0.111440002232702	0.891465740188416	106
-0.0722656506435599	1.33264711163212	106
-0.0751707576720699	1.15063059434317	389
0.073060457564889	0.761681204742809	1262
0.094971668472687	0.841069523359937	106
-0.06690683795471	0.808084587271454	3597
0.00895767480319598	0.49115628995866	1209
-0.02546039058129	0.872288763403181	1209
0.091650536283857	0.862947166162708	1209
-0.0511590389924499	0.82123623853735	3035
0.100342800734291	0.928729525000156	30
0.099760032847676	0.753063734211206	106
0.00536624632521698	0.523323803017451	106
0.0333049427850261	0.614432452222438	106
0.00915431893902496	0.51354011901363	106
0.119573060461065	0.962961232320366	106
0.092590373230402	0.833661884885819	389
0.09845912421528	0.643349129345289	106
-0.0828553106297001	1.13829676704243	3597
-0.0763417652079901	2.05750384975175	1237
-0.0433980676132799	0.44647504020799	94
0.098636912062146	0.903728468144268	1209
0.00650295193964501	0.516919190277734	30
0.055448983154036	0.686610363945481	30
-0.05897261773142	0.837234045321935	47
0.051932850934158	1.16346853519508	356
-0.0799647837005699	1.09425245256426	3052
-0.04842602986207	0.44867035504741	106
0.093965460706523	1.44218764580142	106
-0.08788291228975	1.3014326369392	106
0.054297240291208	1.40377943127526	1237
0.086821539261372	0.764923385487365	264
0.010863265882162	0.499378493957803	30
-0.0620866510037399	0.837227563430871	30
0.0943225993758629	0.840135007106023	30
0.063650905618821	0.69206287342235	3035
0.064143115447878	1.07782975889728	1891
0.062161564318946	1.25786530884199	106
0.069774460654079	1.18662559594443	106
0.090748951916648	0.839902844208662	106
-0.04938876843792	0.445225820250445	106
-0.0912272438930699	1.07163910694331	2581
0.034255803756906	0.606144369982894	2581
0.0857198960464161	0.737948657812786	106
0.061627985200536	0.69830409915042	106
0.0981533260008151	0.882957335260078	106
-0.0617796324903199	0.790545571398541	106
-0.0557464269447201	0.824855603881716	106
0.107411550353706	0.892522410329032	106
0.0972553645204029	0.92090645362181	3597
0.10084428420541	0.801390115286704	1237
0.081483673596225	0.69101497507928	30
-0.04972323901277	0.750688935370943	30
-0.11533986176423	1.02490374617029	47
-0.10365351256726	1.00304402392197	195
-0.12493385839669	1.33797791475079	4983
-0.10842163467365	0.76817921303729	356
-0.00870392643624007	1.31227468134239	106
0.0314169835568739	0.582630392774845	106
-0.12168996343736	1.07005953303119	106
-0.0404913862182701	0.429986031003074	597
0.033616702245393	1.02409633400101	106
0.00172542938198395	1.01794906038668	106
0.097328346716868	0.894580485208759	106
0.065357926528013	0.678444629758369	2581
0.124427803080944	1.09020175966677	106
-0.0572830085802301	1.16706001370027	106
0.02188927997954	0.869114195287991	3597
0.034248856806387	0.600271686289094	30
0.050186038315275	0.624317180545902	195
0.092083970807798	0.826557973981721	195
-0.09999559150157	1.49521125942867	1891
-0.10650609832428	0.781810867649974	4983
0.111761557857746	0.988512367041689	106
0.077299516908202	1.29138235802336	106
-0.00965566523631001	1.30313493751965	106
0.014170575873492	1.28523439837755	106
-0.10397450810671	0.758202020923154	3322
-0.12288555204172	0.707944276032134	106
-0.0998013935672299	1.37703781905565	106
-0.0205976389387399	1.81212125151875	1237
0.122555328838097	1.10173226708161	1237
0.00650295193964501	0.516919190277734	30
0.032354706923577	0.611931679071181	30
0.064931244436506	0.703680819270732	30
0.00914009391424397	1.00443621238926	30
0.036926389183687	1.37943590662178	30
0.116038463612786	0.942739371232138	30
-0.0475646445167299	0.422542066773274	3014
0.085370701731133	0.772766904143678	195
-0.0201158706200999	0.935765695652962	195
0.032675036530646	0.607875856809657	4983
0.100858727535397	0.848137558373225	106
0.081245735159308	0.789972117732132	30
-0.0294272172786301	1.21635443195165	30
-0.0300755917673701	1.51923903226168	30
0.101760807021813	0.807334422209519	195
-0.0197830000685799	0.941187749765944	195
0.00633257992448399	0.5081612900386	195
0.065506200609328	1.20080609235768	356
-0.01449319406769	1.48228152329951	106
-0.0798379727447101	1.45573986368206	106
0.032879794706463	1.0657974562927	106
-0.11031924022944	0.77572281644483	106
-0.0474638017453599	0.446251819108337	106
-0.10430490684706	2.40016859019951	1237
-0.0865492954602101	1.15906471360549	1237
-0.0134231526669999	1.80186834910368	1237
0.078463085766975	1.22984096504232	1237
-0.10399419619914	0.717212868834382	94
0.088798919088474	0.724864387501991	30
0.099195996784433	0.806745936875648	30
-0.11285203613069	0.761503260970935	30
-0.04640363250161	0.428229873657116	1779
-0.10902707116031	0.772016336960435	195
0.0839055637605231	1.26585160767978	356
0.00325667869867496	1.35110441486863	106
0.055877170507236	1.14902329889746	106
-0.02823414536986	0.891442168549058	106
-0.0433980676132799	0.44647504020799	106
0.094087515762132	1.66465008382613	1237
0.0155051697051271	2.10347371385887	1237
-0.10884188145539	1.03888307567144	30
0.0422043216657551	0.597227396370121	30
0.00706650816352095	0.506602529499069	30
0.00294241219737001	0.524856477976157	1779
0.00738704249172895	0.988408255720841	195
-0.06663727806611	1.04199339927222	356
0.034885006064964	0.608532993502877	106
-0.0614254159833101	0.8512575739106	106
-0.04544058137198	0.417592493711629	106
-0.0559840635458899	1.11733620393916	106
0.00816696864779198	1.01525592786111	106
0.0915525748589729	0.809922958547239	3597
0.0103885212345181	2.16690427080776	1237
-0.0735044735921999	1.40471379102195	1237
0.113158419071418	0.981524730547785	30
-0.10308458139177	0.722953413474829	30
-0.0437123235661201	1.05336217193634	195
-0.00259555997250005	1.3511327697384	195
0.083725052904972	0.745068805904	356
0.117109271460293	0.953248445633418	1329
-0.00255742764743006	0.511082458511344	1329
-0.05200029307125	1.47952412079153	106
0.083185439602142	0.744459372505193	106
-0.0330854193549099	0.89032892841951	106
0.03201622178477	0.591744886924242	94
0.1018341118796	0.844106391980558	30
0.123887996087221	0.997277210662747	30
0.124495586317441	1.07588149083708	30
0.00724593065857404	0.509545936419535	1779
0.093923204238963	0.870516893445917	194
0.058483091732741	0.67700865679085	106
-0.00591278958413999	1.30858185363993	106
0.0425952127974349	1.07935105316953	106
0.028080666492288	1.06074164529289	106
-0.1206564510868	1.10780347635319	1237
0.069475997570998	1.15552657913461	1237
-0.10049414733304	1.40524067481926	30
-0.1185210167521	1.36234714899694	30
-0.00806047854916003	1.28407213502226	30
-0.0105427028649001	0.873016317541864	195
0.011768053590535	0.96115126266722	106
-0.10997666171814	0.783170148459437	106
0.097563629234949	0.803487410377193	106
-0.0517725585105899	1.48786932866607	106
0.0897287220041	0.842279316993374	106
0.086644907841803	0.747509356842449	106
-0.0309338742544201	0.897632158417611	106
0.056322777057799	0.684108635830202	3597
-0.10336877920854	0.760871891692769	1237
0.00811836010939504	1.00210803429176	1237
-0.0557179222755799	0.848268726874163	1237
0.05602324172957	0.683079416360525	30
0.00915942635765299	1.01302354877423	30
-0.04350155286969	0.429872929116567	30
0.064223957962439	0.698587107261393	30
0.075304407348331	0.758147537223628	30
0.068368000802065	1.31475488737522	106
0.065503458709651	1.24074039872046	597
0.00627505916481197	0.494072427823342	106
0.00317115975462401	0.505871843374307	678
0.123961476050526	0.93312410294749	106
0.082248380599705	0.786124062635092	3597
0.081523495658534	0.772338934102425	3597
-0.0835225693516399	1.59806795737276	1237
-0.00838207442053007	2.09955581374389	1237
0.052783629948141	1.95802925570961	1237
0.088182420092932	0.76116080574902	30
0.0104011647975381	0.492712037796665	195
0.00767574145826799	0.501723800458023	4021
0.090604927122656	0.833829203890203	106
0.034564110440276	0.615458717111082	106
0.029088702520518	0.981946799541311	2550
0.020560457644018	1.00550519654413	106
0.11482624811187	0.974063791343241	106
-0.11435945554503	1.08235163715198	106
0.00868390724981705	1.00441403623051	5773
0.069624831318189	1.96070859580874	1237
0.028838269578076	2.24102498915219	1237
0.061092514275832	0.654157022885234	1237
0.00650295193964501	0.516919190277734	3935
-0.0455159115247701	0.432093044759573	1779
-0.05346881310061	0.429427774421712	94
-0.12211246301941	0.928448200581603	356
-0.02388012236171	0.932563750069253	1329
0.00406305765333004	1.16781791950789	106
0.0849804765891981	0.787510329548813	106
-0.11699689162677	1.05367264453577	106
0.014772842857121	0.951024795401762	597
0.043895679623737	1.10944339061443	106
-0.0385685927002399	0.414267050166112	678
0.098546746721482	0.82816034116283	3597
-0.10781639265484	0.759392921367675	3597
-0.08678133358012	1.82507001862978	1237
-0.10997666171814	0.783170148459437	1237
0.039320655194157	0.590001927151446	758
0.06434234205261	0.672499280557374	30
0.087753937312178	0.749625707267027	30
-0.00024444578496996	0.519580235074901	1779
0.0355139939507469	0.607116606721464	195
-0.0194829513572701	1.25263641842235	94
-0.10937074488188	0.779208599663148	106
-0.04640363250161	0.428229873657116	678
-0.1134553726955	0.768635109973517	678
-0.0805110672450999	1.15340071832126	106
-0.05165429335355	1.21700275751364	106
-0.11819434635896	1.07005208575149	2550
0.00650295193964501	0.516919190277734	106
0.054327533414555	0.670808495306078	1237
-0.00182182824985011	0.50649437666673	1237
0.106147606493236	0.798130720118654	1237
0.108600088215991	0.994547465088137	94
0.040934510381573	0.580402517293281	672
0.0976064230828479	0.853075915936039	30
0.073060457564889	0.761681204742809	94
0.064366507333912	0.668693109049607	195
-0.0579637505888899	0.812913526289546	1329
0.083442916927021	0.785412792511015	106
-0.10807686479508	0.739943344437986	106
-0.10678829446382	1.35642534737725	106
0.116995357463923	1.18709413491749	106
0.00695203805764799	0.967946895182082	106
-0.11737060226826	1.35690133308025	106
0.092948814227644	0.858950101957772	106
0.017061785300337	1.40113325525454	3597
0.026920891559491	1.35891517650098	1237
0.041705459654015	1.94964589874124	1237
-0.0120614857497701	0.877601482067426	94
0.102133911713756	0.882703507591815	30
-0.0495730630978699	0.4149080062341	195
-0.01119840072234	1.31631895857653	597
-0.0812671798559399	1.30750348891128	597
0.043744831126274	1.11379470878145	106
0.109013085567954	0.9243737952226	1523
-0.0809234861349499	1.12525804341958	1523
-0.0394224817711899	0.428820497755674	1058
0.091025790961063	0.738992553516369	106
-0.0404193055608699	1.11275497848816	1058
-0.05080048706506	1.19196676738341	106
0.034564110440276	0.615458717111082	3597
-0.11933678093615	0.717442992567831	94
0.100714840571852	0.903016131164299	1237
0.109036842031525	0.997571173209311	3935
-0.0531932981874199	0.828556636217155	94
-0.0454357545055	0.433156322806163	758
0.075173131742729	0.758345312354158	758
-0.0524381387616499	0.38767301446062	672
-0.0154259130785599	0.890502712259573	1779
-0.109632116302	0.764113429733103	195
0.032995919146522	0.603731162763283	106
0.103239590977111	0.930144076328189	106
0.114793772185804	0.949108992862745	106
0.04315481234216	0.5772967449002	106
0.00294241219737001	0.524856477976157	94
-0.1068524104524	0.785954285689314	30
0.077456248208237	0.780134112875585	195
-0.05843403446095	0.401170844991363	195
0.00133510446151697	0.490255901465947	195
-0.0433980676132799	0.44647504020799	106
0.120333252486561	1.02750768335504	106
-0.08273916766531	1.09804437655743	106
-0.0432939638308401	0.427873668991277	1523
-0.0197190133331699	0.91582193125864	106
0.0701071060890171	0.654750778444289	2499
0.11449930126373	1.67773366749321	1237
0.10682380998143	0.779936059635542	1237
0.064931244436506	0.703680819270732	94
0.0387036793121051	0.613624450501273	94
0.0313138300397811	1.05564987023635	3935
0.061339926761659	0.67437361469154	672
-0.0442596687539101	0.423097140504412	30
-0.11487796704392	1.09849395491716	94
0.057361334367585	0.674481421646851	106
-0.11535576665425	0.73909092076831	106
-0.00967336627938997	0.959671241093968	1523
0.12076033706089	2.12094914216282	1237
-0.0646881996611599	0.820486337762631	758
0.036142767554287	0.601677947092876	672
0.006477326654861	0.978763027475422	94
0.0839050479793561	0.794111514000436	356
-0.1062319032332	0.748910868308239	106
0.119716010527807	1.01566749573131	106
-0.0574418894711599	1.48996140059819	106
-0.00192802438776996	0.988428540430344	106
-0.11693225888734	1.07386597246778	274
-0.11308063315024	0.759786505656415	818
0.062638871096812	0.701130554535301	5099
0.037431144254634	0.593205988609784	5099
-0.01766518061843	0.891130746114351	2499
0.102223111565467	0.914723062658202	1237
0.081366951616205	0.756274485533665	195
0.0313665806090721	0.556105260077937	106
0.118448334090849	1.10204838896275	106
-0.04145354839253	0.429401569031903	818
-0.0547547617042701	0.829283108610509	818
0.097644649444911	0.83465745534242	72
-0.0197830000685799	0.941187749765944	6300
-0.08149599992553	1.16580979143934	3597
-0.10086455847742	0.729963118413842	94
0.077993800963484	0.773765153796929	30
-0.04243230844476	0.442292931729212	94
0.099210503781684	0.836717579420727	106
-0.0445578371161801	0.429867191818012	106
-0.00699117322855991	1.28641209861452	94
0.082600689303224	0.758288773939832	529
0.099872462492251	0.921330862466966	3597
0.055885078051747	0.692164297829939	94
-0.00329329124041999	0.510726010383714	2753
0.0670793104922131	0.680105264403455	106
0.110624551863844	1.00775634938782	106
-0.11308442549774	1.06496991015547	3159
-0.0795257279171	1.12691326190053	3159
-0.10947806059679	0.739679583802122	72
0.089563518009981	0.715336387899465	6300
0.058036856595645	0.677809789656514	349
0.104178056661268	0.914262617562384	1237
0.118010025310092	0.969309194242427	106
-0.0576793461346801	1.21552599947407	94
0.109369570676518	1.06642704968231	98
-0.10946901878869	1.06707987916858	106
0.058601248110791	0.693213689358337	106
0.0123641763733801	0.963680412952509	1058
0.042511873677154	0.590379787164007	94
0.019205126617164	1.04178277872761	30
-0.04748673367611	0.798799425488512	2753
0.056459202756348	0.692750717167242	106
-0.04842602986207	0.44867035504741	2279
-0.0281029274148501	0.893004338763758	106
0.079526713609301	0.762331290024734	72
0.016220954047991	1.03772029323224	1058
0.098614040578644	0.85423791966916	30
0.0749574195052231	0.729413151402657	2753
0.020610480848646	1.06956665516053	94
-0.0957581477590299	1.37175333937876	98
-0.05518688182148	1.14891368097125	106
0.034885006064964	0.608532993502877	106
0.09204214255745	0.767542018859912	1058
0.032340303149639	0.57293179608006	529
0.00123554490252298	0.529473029392655	1058
0.083367095306824	0.791301889020935	349
0.060757403849562	0.692986431409001	349
-0.12403693947847	1.33235409331726	2753
0.11739480722169	1.05186823465524	106
-0.00402941921510003	0.505501444134074	106
-0.02123762902	0.924842253287231	106
0.032675036530646	0.607875856809657	106
-0.0201837332039201	0.899487066920572	106
0.094413417570792	0.829152026885681	106
0.00575970002729898	0.520040244943026	106
0.089190346599716	0.707559679961595	72
-0.0474638017453599	0.446251819108337	529
-0.04938876843792	0.445225820250445	349
0.091709382792484	0.724478360537967	349
-0.12242598958866	1.07744646107012	349
0.116249546675016	1.10553235038006	1641
0.083987741260922	1.29759378229948	2753
0.040625422085209	0.599198553208337	3505
-0.0320148047533499	1.49441285745487	106
0.023647169595495	1.04527453119193	106
-0.0453311350324299	0.440452046038488	106
-0.10330903821421	0.740933728758152	106
-0.0543320239062499	0.387816150332378	72
-0.0474638017453599	0.446251819108337	349
-0.0432939638308401	0.427873668991277	349
-0.05163220794746	0.832314832237037	2753
0.105823678884138	0.935505863342233	106
-0.07509717531755	1.09790075571913	106
0.038690307661141	0.59639782815755	94
0.032995919146522	0.603731162763283	106
0.027278217397664	0.577148386076745	106
-0.0563363255845899	0.803934916696846	106
-0.0273477650959999	0.898209749476839	106
0.037311614319315	1.42229917402572	72
0.00989320472661803	0.513997136030586	72
-0.05627648027838	0.854987021995595	72
0.039320655194157	0.590001927151446	529
0.037428964337155	0.598748930615882	529
-0.1072113449856	0.744548326050331	529
-0.0404913862182701	0.429986031003074	529
-0.04136409890739	0.424665264099882	6399
-0.04640120529454	0.428382015905654	6399
-0.06823415198615	0.808380707800337	349
0.032933107448175	1.05586858534059	349
0.065466225244566	0.72053965228578	349
-0.00461210571074999	1.53330494918998	106
0.049844524164413	1.1505347417014	106
0.017096155169424	1.02826658861643	106
0.00293320637433703	1.33204077490689	106
0.014572116762152	0.957403593509281	106
0.059175986593387	0.691934666195644	106
0.05263025470979	0.656026645862356	106
-0.08420513172571	1.1255679115945	106
0.030385724395707	1.01357625597977	106
-0.0454357545055	0.433156322806163	106
0.116186523796648	1.04045612098354	72
-0.0393713081670599	1.59292069595868	72
-0.05652814830103	0.401057728146976	529
0.0104011647975381	0.492712037796665	529
-0.0578579656340901	0.868362942814535	529
-0.11092563699392	0.779636180888701	6399
-0.03330779675468	1.25143749212142	349
0.00747391857737001	0.514089350246445	349
-0.11863750593168	1.09301329097558	106
0.069676468337654	0.660210517824002	106
0.00197513677763295	0.527784975096114	94
0.074035325818918	1.35978290724883	106
0.051726492578168	0.669921789499445	98
-0.0432939638308401	0.427873668991277	2219
-0.0494907784776699	0.435890454815377	1742
-0.10467770910391	0.742387236326558	349
0.058683443709997	1.55973020278545	106
0.024369078176574	0.998453192360236	106
0.103360517227244	0.883366658500563	106
-0.0495730630978699	0.4149080062341	106
-0.0423287740670699	0.428449042358836	72
-0.06836052424953	1.08559148587782	72
-0.0474638017453599	0.446251819108337	529
0.0456229654952231	1.45564159366834	106
-0.0432939638308401	0.427873668991277	106
0.070761069545584	1.63276493839897	106
-0.0432939638308401	0.427873668991277	106
-0.04243230844476	0.442292931729212	72
0.00441884222201205	0.502877831365107	72
-0.0404913862182701	0.429986031003074	779
0.091143648986514	0.864367592153983	94
0.088182420092932	0.76116080574902	94
-0.05977438343779	1.53318718643664	106
0.067398032505072	0.62915583119548	106
-0.04640363250161	0.428229873657116	106
0.00821593265742504	0.506804095237926	106
0.00539605233904295	0.985126195980901	106
0.072119199744233	1.32761349641526	106
0.00294241219737001	0.524856477976157	106
-0.0494907784776699	0.435890454815377	72
-0.0524381387616499	0.38767301446062	72
0.12135601271371	0.992298281618175	1641
-0.04541011657835	0.427842189003177	5620
-0.0530609956852499	0.860609659516008	106
0.089265534418665	0.830084152411731	4753
-0.05356821355632	0.418422773072408	779
-0.04938876843792	0.445225820250445	106
0.003971718717943	1.02311680405657	106
-0.04243230844476	0.442292931729212	72
-0.10187086710947	1.7087475768755	1641
0.06491672713547	0.669835700278449	106
0.00862520993228799	0.954204859202839	106
0.026937548038077	0.578914615389543	1835
0.038454933703027	1.11235667302095	3122
0.063372025201103	1.12810204109058	72
0.00478690005961402	0.503756185059023	779
-0.0433980676132799	0.44647504020799	529
-0.0474638017453599	0.446251819108337	779
0.011600912664917	0.49651805060988	349
0.00637264176434604	1.27500786400664	94
-0.0394224817711899	0.428820497755674	106
0.00494487107898101	1.02388131447897	106
-0.04243230844476	0.442292931729212	106
-0.04136409890739	0.424665264099882	986
-0.0474638017453599	0.446251819108337	986
-0.0860695818797499	1.15446037168054	72
-0.0128754690367301	2.25907844795698	106
0.029486978146907	0.601018076473175	106
-0.02875030528998	0.904827204174166	106
-0.0494907784776699	0.435890454815377	779
-0.0443643429565399	0.445800704702982	106
0.00818240332512599	0.50199336587149	106
0.061331452752564	0.683397442432614	106
0.077993800963484	0.773765153796929	106
-0.0385685927002399	0.414267050166112	72
0.075554584347915	0.589894056494518	72
-0.0514532501040501	0.413654857637334	349
0.046189421513855	1.11722801922734	106
0.00197513677763295	0.527784975096114	106
-0.00020171299520011	0.970630974335117	106
-0.12190287857788	0.710573428044617	106
0.0377422529075619	0.594094542526021	106
0.051188499511261	0.645559593412554	106
-0.04852745575138	0.433634927743835	986
-0.0475646445167299	0.422542066773274	986
-0.0551982267196201	0.869327969332561	56
0.0304374615010971	0.603384865564393	72
-0.0181230380886399	0.889737580794619	151
0.00181555543052303	0.491357704023644	662
0.00197513677763295	0.527784975096114	779
0.00128168037818899	0.983044147054055	106
0.035764070622426	1.11845569294495	106
0.083438783234863	0.671048438144727	106
-0.11271893291866	1.10808636367324	484
0.00650295193964501	0.516919190277734	56
0.085629478541685	0.695151835703094	986
0.0301156155619871	0.59718089001736	72
-0.11371110205416	1.11367937139633	72
-0.10902707116031	0.772016336960435	151
0.00575970002729898	0.520040244943026	779
-0.10805511445349	0.752760153611237	349
-0.04650208354095	0.434292024849057	1126
0.000792668915236994	0.990547946399912	106
-0.1232992396868	1.56151396393257	106
0.022502415845611	1.06945591048451	106
0.117574530794437	0.96843444638521	106
-0.04350155286969	0.429872929116567	106
0.039675690946827	0.582641817394435	72
0.00915431893902496	0.51354011901363	662
-0.04842602986207	0.44867035504741	907
0.084599776320654	0.734792590246164	349
-0.04842602986207	0.44867035504741	349
0.039004225655618	0.560823160998181	106
-0.11960398921727	1.48946235259271	106
0.038059744089473	0.599220689975794	106
-0.01460815906644	1.2461827077965	3122
0.0751690142611861	1.33045559673412	3122
-0.06397923526015	1.10194535282719	106
0.045699654678836	0.54928919302918	2655
0.104720602712461	1.02394931127781	72
-0.0425352281097999	0.417796316913952	349
0.119899235723396	0.99651765982077	106
0.061627985200536	0.69830409915042	106
-0.0572989173926699	0.866712802909199	106
0.00818240332512599	0.50199336587149	106
0.00692469579974198	0.988571711420424	72
-0.0474638017453599	0.446251819108337	662
0.124115614015961	1.27728344834096	1641
0.085370701731133	0.772766904143678	106
0.016535919464887	0.94759492611199	106
0.080445663320012	0.770922774434341	106
-0.0445578371161801	0.429867191818012	3445
-0.08206284612265	1.13653152045464	106
0.094669625214203	0.834589225205457	106
0.00650295193964501	0.516919190277734	3291
-0.05585888474981	0.856149873128728	72
0.00501617472378002	0.519562639486116	331
-0.10590221418551	0.782589610128703	3445
0.085131856370636	0.823895765181762	3122
0.00463107374425698	0.520787378781233	106
0.00331686937957099	0.467189518336664	3291
0.058044190334502	0.685802783754939	72
0.087184608899568	0.754437412651488	331
0.037111205998082	0.596886674385892	331
0.041254453786401	0.599674491276673	349
0.040625422085209	0.599198553208337	349
-0.03952973450319	0.426155787261663	349
0.094898081534222	0.871027492866664	106
-0.0474335749722601	0.417860442772463	106
-0.00182182824985011	0.50649437666673	106
0.09121275852577	0.846715789133293	106
0.00724593065857404	0.509545936419535	106
-0.0385685927002399	0.414267050166112	106
-0.05356821355632	0.418422773072408	106
0.00345351455084197	0.505537591379468	56
-0.04243230844476	0.442292931729212	56
-0.03952973450319	0.426155787261663	72
0.032984886684108	0.614378163164001	72
-0.1052845778529	0.752073309366968	72
0.000266411603936034	0.512528764904733	349
-0.0475646445167299	0.422542066773274	8
0.026004902327319	0.966699472185595	3122
0.011361384377507	0.975809340659517	106
0.091613259417238	0.852370221115261	56
0.062793281574957	0.682487872048499	56
-0.12228231499459	0.71117440650142	72
-0.0455159115247701	0.432093044759573	1126
0.060062289467388	0.702906764985437	127
0.00444961376083397	1.02031253098369	8
0.096380995225738	0.858480102348473	106
-0.0364499528470099	1.22810280508066	106
-0.06351710869935	0.826344640018034	1180
0.037449024141709	0.612602824581026	72
-0.00951188271671999	0.460027550393879	72
0.055900112184558	0.683072049694768	72
0.107618898368454	0.885261592899089	72
0.038709334397207	0.559088456349203	349
-0.04360026686825	0.418948345293282	1030
0.05760689454846	0.680994071181348	1030
0.03963898606601	0.588611757271608	106
0.053886846054214	0.667678825221071	2985
-0.04694972551777	0.778454829251267	2985
0.029486978146907	0.601018076473175	1257
-0.04546629654486	0.391174903391305	106
-0.05045461324515	0.432727027587394	106
-0.02123762902	0.924842253287231	4200
0.080708459923006	0.793619192967202	4200
0.084121210885084	0.791642990896366	56
0.120044199924111	1.07147397504086	56
-0.05729007967189	0.853215088583615	72
-0.0587262613474899	0.8099379181653	72
-0.0475646445167299	0.422542066773274	72
0.00404240892321395	0.503339908750422	72
-0.11414493561267	0.720372849326962	72
0.063911408650067	0.673049290590659	72
0.056472608405049	0.681353724333973	72
-0.05251019161795	0.429734791833162	1030
0.00174727462465096	0.504959742668425	2985
-0.0573362680077001	0.833652659247232	2985
0.050543379374516	1.18356079717471	106
0.041856784941799	1.17496766315589	72
0.066505701932759	0.68287646513989	72
-0.11031924022944	0.77572281644483	72
0.00197513677763295	0.527784975096114	72
-0.04852745575138	0.433634927743835	72
0.067181841021135	1.576302946449	127
0.00575970002729898	0.520040244943026	8
0.037753106732376	0.616198039999054	2985
0.025470606821056	1.06205895488315	106
-0.1031058527317	0.732316775795461	106
0.107665134229696	0.891438564077558	1412
0.0355139939507469	0.607116606721464	2319
0.000842851166075964	0.505098527889264	2319
0.09121275852577	0.846715789133293	1800
-0.11380166826128	0.758246141530679	72
-0.0494398476354501	0.413578242222271	72
0.036803156466459	0.598470488515215	72
0.06321224247701	0.707875602355158	72
-0.0545279416626001	0.418155888704423	72
0.070679679701763	0.622253736920357	349
-0.0287450660458	1.48463786694988	106
0.00992583829276805	0.473607360583781	8
0.087722871719632	0.748335022733768	2985
-0.0537191492893301	0.860335213726001	106
0.050887515388491	1.08248594460942	1412
0.038373083346987	0.587771359065259	72
-0.00159385871586992	0.508400245228127	169
-0.10781639265484	0.759392921367675	169
0.063921632062659	0.700807241835322	72
0.039957483925904	0.597379096276809	72
-0.04243230844476	0.442292931729212	1412
-0.000474424787330063	0.510164144766332	2319
-0.0403999377976201	0.412918774533451	72
-0.0122556740709501	0.895623284616587	2589
0.026608475498181	0.549654310423664	106
-0.1200336354739	0.660188345259786	106
-0.04445264019477	0.430927724065131	1412
0.039958693105826	0.568843526862525	1412
-0.0494398476354501	0.413578242222271	72
-0.11023426389199	0.771347784732005	72
0.058026322868704	0.690755917937263	72
0.000725759274744053	0.516767991607716	72
0.0259863179575081	0.576830959986958	72
-0.05942927362414	0.851358946975575	331
-0.0464744906310901	0.428988757616558	349
0.00780017378261599	0.500662614108395	2589
0.112743263492995	1.03908941599946	4200
0.0653650750152029	0.658134666114976	72
0.06435842903529	0.709189783039237	72
0.066939463463526	0.684972210204615	72
0.0422043216657551	0.597227396370121	72
-0.05251019161795	0.429734791833162	72
0.010125351783785	0.498974421602091	72
0.00271445992973596	0.521265643213589	331
-0.0394224817711899	0.428820497755674	460
-0.08254634216653	1.13044814172216	106
0.00575970002729898	0.520040244943026	106
0.00418003195450201	0.979550075751364	106
0.040305208155718	0.58306290111589	952
0.082597875025512	0.74148593390332	8
0.038380605128154	0.610531580886766	106
-0.0433980676132799	0.44647504020799	106
-0.0445578371161801	0.429867191818012	1412
-0.0444683948150699	0.433758823456749	1412
-0.0474638017453599	0.446251819108337	1412
0.000266411603936034	0.512528764904733	2275
0.093457462730433	0.855629519085689	72
-0.0394224817711899	0.428820497755674	72
0.00501617472378002	0.519562639486116	2589
-0.04640363250161	0.428229873657116	1030
-0.10068987920639	0.672738968048568	106
0.00524624276802499	0.512743170789752	106
-0.00159385871586992	0.508400245228127	106
0.039634963250366	0.578843810687378	106
-0.01469027808868	0.849044858543812	106
-0.11808606391801	1.36127056857326	1412
0.00647105387649605	0.467479768695624	1412
-0.04360026686825	0.418948345293282	72
0.031693538268302	0.590540365500309	72
-0.0588251148975301	0.824842010807041	72
-0.0474638017453599	0.446251819108337	1030
0.060899082612822	0.662857391246797	106
-0.0918707490047499	1.67135478447927	106
0.105059830926461	1.35281304360437	151
-0.04350155286969	0.429872929116567	460
0.00683580005155904	0.515283271365812	106
0.059648355818524	0.657167644795572	106
0.06853387412054	0.67407265081065	106
-0.05251019161795	0.429734791833162	106
-0.0495730630978699	0.4149080062341	106
-0.0494907784776699	0.435890454815377	72
0.09731416686302	0.885185685173835	72
0.072973312486223	0.751952359412506	72
0.00821593265742504	0.506804095237926	331
-0.0756508622611101	1.14933139249199	460
-0.0204637801071701	1.22365559670178	106
0.000266411603936034	0.512528764904733	106
-0.0404913862182701	0.429986031003074	106
-0.11965098531232	1.35254742743595	106
-0.04038355317258	0.428241517084643	106
0.00146491155476503	0.52395959859642	72
0.00292644260941499	0.502220079873968	151
0.034529482643209	1.1056020610143	1126
0.055058174605952	1.11989290547648	106
0.0825231833815781	0.764407053699888	8
0.112938851402608	0.70628282691787	106
-0.0454357545055	0.433156322806163	106
-0.0588795705452101	0.864526168790027	72
-0.11023426389199	0.771347784732005	56
0.10407304885696	0.809129892994703	72
-0.04445264019477	0.430927724065131	72
-0.0443643429565399	0.445800704702982	72
-0.0697950641190499	0.803353452361417	72
0.061207481317509	0.699757730772474	72
-0.0442596687539101	0.423097140504412	1030
0.013800175943194	0.968458250982551	106
0.114074427168972	0.87153936836982	106
-0.04842602986207	0.44867035504741	56
0.046647636634122	0.529100038505797	56
0.039950786830372	0.579210869218727	56
0.062339714013521	0.68331670526784	72
-0.0475646445167299	0.422542066773274	1126
0.037428964337155	0.598748930615882	127
0.030132626458019	0.59049505027754	106
0.045396290858735	0.567610468301182	2349
-0.07063651999956	1.09209329619659	106
0.00813293038513097	0.976178333550871	106
0.074850680771841	0.764105794381761	72
-0.1049432271887	0.746989386183657	331
-0.00712193535611005	0.8361611214114	460
0.00650295193964501	0.516919190277734	2761
-0.11190713704766	1.03792876948817	106
-0.05718569226113	0.845575464826567	106
-0.11501192009647	0.767084382818898	8
0.114602069457266	0.965188540869182	106
-0.109632116302	0.764113429733103	106
0.085554929414718	0.78781131139489	319
0.036174955168349	0.599849694489256	56
0.0368038472203009	0.561661303928399	72
-0.10937074488188	0.779208599663148	72
-0.05729007967189	0.853215088583615	72
0.070398331985492	1.55335690559089	106
-0.0614254159833101	0.8512575739106	106
0.00726109238985995	0.945655896171296	72
-0.0257228131642	0.916056479249773	56
0.00683580005155904	0.515283271365812	72
0.033614851151743	0.612938485681252	460
-0.10624823730327	0.781936167426071	460
0.100606527509957	0.836706646832615	127
0.00663859498834096	1.66626651321466	106
-0.0475368435286101	0.405390075834971	106
-0.10529852307657	0.778605023155457	106
-0.05449791485168	1.13749772524197	106
-0.05356821355632	0.418422773072408	319
-0.04349566692495	0.428711682497803	72
-0.0445578371161801	0.429867191818012	56
0.00292997628664005	2.06108926675488	72
0.00478690005961402	0.503756185059023	460
0.094520689467282	1.42118002291935	72
-0.11187399751331	0.752040311336054	460
-0.1121390168569	0.773479854806723	106
-0.0515520742478299	0.420495589182693	106
0.030116819106933	0.579663817926862	106
0.092776829978203	0.786843342493285	72
0.096276798615842	0.906472718434757	72
0.049986071258322	1.14951018713661	72
0.080708459923006	0.793619192967202	72
-0.05936125315786	1.60466035867773	127
0.089123344192704	0.825838638099023	127
0.023419710657825	1.07651584159979	106
0.031065606499158	0.599504126969321	106
-0.0494398476354501	0.413578242222271	106
0.0910781963621911	0.829302055790043	106
-0.10241926466834	0.757715784252609	56
0.00100697801016703	0.510959751285194	72
0.048960710237469	1.02110634097438	72
-0.0105542102941101	1.29244033542375	339
-0.04350155286969	0.429872929116567	72
-0.0474638017453599	0.446251819108337	331
0.034564110440276	0.615458717111082	460
0.05004276365131	0.649306373064834	1147
0.00427237583115303	0.515543120569999	460
0.088972542570855	0.721967183649547	106
0.0422043216657551	0.597227396370121	106
0.00598907382920899	0.516707923678894	4359
-0.04546629654486	0.391174903391305	106
-0.0985858123445	0.916342733900536	106
-0.0666815756207799	0.826392861475399	106
-0.0443643429565399	0.445800704702982	106
0.00892225986164197	0.502407069289994	106
0.0355465402210799	0.597554243152236	1105
-0.0474638017453599	0.446251819108337	72
-0.0104134845870201	0.868954430309809	72
-0.0425391962345201	0.417848797674199	641
0.097644649444911	0.83465745534242	72
-0.0474638017453599	0.446251819108337	72
0.06435842903529	0.709189783039237	460
0.033934634041467	0.616913290371044	127
-0.0137186798214299	0.917582264395987	319
0.025358823730257	0.578695679967233	72
0.037431144254634	0.593205988609784	72
0.032274315661054	1.42529022470303	72
-0.04038355317258	0.428241517084643	72
0.078495061024393	1.23224405473433	106
0.057174801593834	1.21944966168542	106
-0.04842602986207	0.44867035504741	106
-0.08565145657386	1.12973420219484	106
0.0235807245865139	1.00858252940829	106
0.013294238595989	0.477557072989038	72
-0.0135422639301901	0.802524475476638	72
0.062186750106957	0.671469126944942	72
-0.0423287740670699	0.428449042358836	302
-0.0443643429565399	0.445800704702982	302
-0.04243230844476	0.442292931729212	786
0.05372509003646	0.67248338103784	460
0.108136734262531	0.765268131441859	106
-0.0196543945457	0.934654725517788	106
0.023434998066509	0.549019110954033	72
0.036174955168349	0.599849694489256	72
0.00650295193964501	0.516919190277734	72
0.0857198960464161	0.737948657812786	641
0.06434234205261	0.672499280557374	72
-0.10000020580564	0.726197069888247	72
0.034564110440276	0.615458717111082	339
-0.02781632582747	0.918288501240977	460
0.058893958786458	0.676753271710522	106
0.111379854315138	1.35690845095875	106
0.00769097603197699	1.01564771265546	106
0.089645170673171	0.719536890297414	106
0.0104011647975381	0.492712037796665	319
0.051886843629565	1.12308597993365	319
-0.00278531206733001	0.491492916094687	319
0.019665079016148	1.05197717522694	319
-0.10910703243872	0.751599452030883	56
0.034574276000743	0.601756282991128	72
0.106531606372274	0.762468079091606	72
-0.0520418801862399	0.848984928246551	641
-0.0155588116435801	0.92537601519704	72
0.034770127331344	1.35217546698895	106
0.0351933721219549	0.6098449656254	106
-0.09808603925588	0.713595711025829	106
-0.0245961800944301	0.919316563970498	106
0.00610115503236997	0.521664477903687	106
0.106522628887814	0.916334113950237	106
-0.0654026332658699	1.43208724530361	106
0.11071420490081	0.888095765876509	319
0.106104618698548	0.924922353659835	319
-0.03330359000172	1.13578748605884	319
-0.000128876469950079	0.494203510437228	56
-0.1055500122466	0.748210538804692	72
0.057361334367585	0.674481421646851	72
0.026636192966526	0.571183495938606	72
-0.04145354839253	0.429401569031903	339
0.037431144254634	0.593205988609784	302
0.00621923944518998	0.49330917448904	786
0.061912197284728	0.648421933373792	106
-0.12285126579626	1.05319454597763	319
0.095405997185818	0.867586831461104	319
0.0976830409973251	0.864560689387871	6220
0.00650295193964501	0.516919190277734	319
0.00206670480113003	0.477781212828176	56
0.057902422594552	0.685625725963366	56
-0.00619095060746	0.812960825639611	56
-0.01496620764993	0.86958992801038	72
0.07067599359802	0.643572491558208	72
0.00821593265742504	0.506804095237926	339
0.033934634041467	0.616913290371044	302
-0.04640120529454	0.428382015905654	460
-0.00278531206733001	0.491492916094687	460
-0.10555480544811	0.753303823047385	841
0.107174024382682	1.43611261820912	106
0.09486185958494	0.839829895048406	106
0.113443679025038	1.03657446494045	106
0.077252431321755	0.772360172505668	106
-0.06293984582686	1.16665165527725	106
0.119833695904128	1.03184398490456	319
0.052874198409919	0.662154038053746	72
0.109821518945793	0.870329975290273	72
0.0933735601910291	0.855424304912585	72
0.00450998713630302	0.98574851121086	5525
-0.0794398334503901	1.11704256318142	5525
0.060183168657535	0.698247076769362	786
-0.0202468148830599	0.933795217623756	786
0.06491672713547	0.669835700278449	460
0.014572116762152	0.957403593509281	106
0.076024110551464	1.24265728043245	841
0.105257276160569	0.90053909260702	106
-0.08035691322708	1.44785208000589	52
-0.0132974694955299	1.2751443713125	319
0.081245735159308	0.789972117732132	319
0.00951256230891095	1.32322685505597	319
-0.12340774308315	1.08256819038778	72
-0.02344602611809	1.21689536457414	72
0.054736270464952	0.678248395701314	72
-0.0573971458932501	1.18581403037779	72
0.00967527297014303	0.998503455258124	72
0.069714169085827	0.738580137229581	3750
-0.11031924022944	0.77572281644483	339
0.00764500869113405	0.9568693898811	5525
0.005227793141245	0.985711730436533	460
-0.11915611233114	1.10071477572981	460
-0.11416159279543	0.7471069158851	460
0.122660406023088	1.00000684944494	841
-0.11065644338484	1.98767166423347	2830
0.099195996784433	0.806745936875648	841
0.0248331672251581	1.02964698375114	106
-0.02254844344067	1.2782791615955	319
0.109179910168654	1.02738975260119	72
-0.10701787271339	0.714720049843262	72
-0.11440669720491	0.765292285205779	5525
-0.10407103642744	0.727208202407771	5525
-0.12196094149876	1.06219289363489	2830
-0.11551935401086	1.06957447506309	106
-0.07390325994251	1.07669390050039	52
0.120940405195455	1.02821527807986	52
-0.11493067543075	1.33247821751632	72
0.100149911711246	0.917664311143932	302
-0.0194073308056899	0.844503077182723	319
0.112506536722815	0.947506841928289	72
0.053865146311611	0.662783757622502	72
0.068086236117116	0.682744660897901	72
0.0858353921884361	0.71518390417474	3750
0.107035250228852	0.790015759851582	3750
-0.0524107636909401	0.413403082615961	302
0.033296452036129	0.587490743763027	460
0.092551315440392	2.21765722581876	841
0.041136221243836	1.41119316506977	391
0.011877023595894	1.40058318294337	841
0.100745967736082	0.904237450690202	106
-0.11204194201194	0.761323031852508	106
-0.0854342704278199	1.32578203290225	106
-0.0137723076123599	0.908985480954394	52
-0.00780512125791	1.2738413426727	319
-0.0567599886167201	0.817402611699295	319
0.02387821623437	1.0728129908621	72
0.063150705741591	1.13290366095953	3750
0.00368076094158598	0.518415662074474	339
0.105731198184317	0.896072953508641	302
0.085261210465321	0.742709677630626	460
-0.0546236419292201	0.826373869157705	460
-0.0282747225009501	1.8903343708666	841
-0.01227012171428	1.56933477654697	841
-0.01917737615754	1.40491606431859	106
-0.04848810361579	0.41383247037589	52
-0.0585364457270801	1.6273859260014	319
-0.1055391780964	1.80824528328168	319
-0.0473623375497601	0.430582208132322	319
0.091689266984022	0.845496301295654	302
0.012883445819198	0.970744823961077	460
0.031322442357284	1.42206103819918	106
0.102769643637547	0.805068754736218	319
-0.04433715512503	1.46420320134688	56
0.025055857202515	1.03175617267088	72
0.0658990104167641	1.21018460944842	72
0.114974827026872	1.05549927637373	72
0.084347657059096	0.719013270377334	72
0.032220371475595	1.10618063919227	339
-0.0944438184896801	1.37395709324209	339
0.067705479020288	1.25527727366317	319
0.0304374615010971	0.603384865564393	319
-0.00745902744485005	1.29517266061844	72
-0.00610415428629008	0.483766860311607	72
0.102730835082976	0.929120431444247	72
0.104472722819383	0.921556384531264	460
0.096015806615489	0.697031437535966	841
-0.04134513400628	0.423430599953674	52
-0.06209036382324	0.842393127151722	2672
0.048770237148364	1.41090358113902	319
-0.12290787390755	1.37374396202295	319
0.101757776944755	0.875183664637814	319
0.062472883133456	1.08011141519737	1532
0.110409823775271	0.995537578859701	460
-0.00443551008026	1.25398651410317	391
0.011600056915212	0.971994544883406	2672
0.100819146177843	0.835032874266242	72
-0.10374517939527	0.741971698051305	72
-0.1098761801401	0.723019470356315	339
0.035240981016015	0.597053684192454	460
0.030760704589352	0.595081876801006	460
-0.07948848384089	1.3972853409561	841
-0.0572989173926699	0.866712802909199	319
-0.10120934674752	0.751162686121947	20
-0.11091478620541	1.07348873864291	72
-0.10433663803721	0.741882678653013	1590
0.115576188451634	1.0222323974268	319
-0.0199936528332501	0.890049151462032	470
0.061076735116286	0.693838659005481	319
0.000273245667301025	0.999445401049194	319
-0.07635465769956	1.08383900553949	72
0.034244600467445	0.607391228022738	72
0.029899348181905	1.02646653375639	72
-0.0246641349818499	0.927348956226293	72
-0.11366370540836	1.09459443621908	1532
-0.1121390168569	0.773479854806723	460
0.073657177044876	0.762792036424342	460
-0.0251253567738701	0.925461999407812	1590
-0.06646259232858	1.35180685804657	841
-0.11470254728301	1.10221783885996	106
-0.11153222916333	0.778873184687404	106
0.055448983154036	0.686610363945481	319
0.058332088702962	1.20385475219527	319
0.064559743905645	1.20716555624519	319
0.062593094571857	1.09543012273734	319
-0.0751707576720699	1.15063059434317	20
0.078906818137809	0.764306789586334	72
0.030760704589352	0.595081876801006	339
0.087358286638524	0.763760467370178	6823
0.089718782883655	0.751365001806654	6823
-0.0530487451836601	0.81741474402937	460
0.0333049427850261	0.614432452222438	460
0.110154784038869	1.46802305601633	391
0.052480849532165	1.18043391653905	391
-0.10049970765009	0.711375124261472	106
-0.10302451529148	0.755073010547601	106
-0.0071861629408001	1.86704020653683	106
0.00189315535093804	1.60037688843903	106
0.033151263494939	1.00076878937169	106
0.118920991956977	1.029193981195	319
-0.11116706122458	0.70274295516935	20
-0.04243230844476	0.442292931729212	72
0.00633257992448399	0.5081612900386	72
-0.0689984808677799	1.44618650082007	460
0.08943790929673	1.29665653885887	106
0.00589313204424902	0.989439578166227	20
0.052679767925657	1.15649209213637	72
0.0311523616314761	1.11782961821507	72
-0.0588795705452101	0.864526168790027	339
0.065369507185588	0.69983898092563	460
0.00366286090618595	0.508889612374996	106
-0.0125250843051701	0.446681902265851	106
0.042254126360382	1.44207001998171	470
-0.0070889553256499	0.954844812687061	319
0.00892225986164197	0.502407069289994	319
0.05588103847537	1.1550813116044	20
-0.0537191492893301	0.860335213726001	72
-0.10649890404876	0.758594678841909	460
-0.0433402142619801	1.16686898267204	391
0.123786206881993	1.65706118758127	391
-0.0384619192567	0.425008614563889	246
-0.04848810361579	0.41383247037589	72
-0.0444683948150699	0.433758823456749	72
-0.04544058137198	0.417592493711629	20
-0.04938876843792	0.445225820250445	460
0.01435692517496	1.0273431127713	391
-0.11143338393577	1.06990368961011	106
-0.04852745575138	0.433634927743835	319
-0.0433980676132799	0.44647504020799	339
-0.04445264019477	0.430927724065131	189
-0.0494907784776699	0.435890454815377	460
0.045094343174696	1.10965098840968	391
0.00368076094158598	0.518415662074474	319
-0.0474638017453599	0.446251819108337	610
0.117030516571241	0.909547206167304	391
-0.0524107636909401	0.413403082615961	52
0.0659374717106051	0.660300117269311	470
0.037428421141513	0.558354089443815	470
0.120841802480138	1.09125215562576	20
0.043365651154713	1.14150820197619	20
0.037756280167396	0.572258904475743	319
0.039203994321623	1.05142927667912	610
0.11514321212801	1.48486213804561	20
-0.0174154675914999	0.862759173238018	460
-0.04852745575138	0.433634927743835	610
-0.1052156238306	0.674723405947695	460
0.00157372035511905	0.505438985948541	246
0.062186750106957	0.671469126944942	610
-0.04136409890739	0.424665264099882	186
-0.05548817601067	0.409456969556057	20
-0.0662389254063101	1.43182342732407	20
0.028866216863929	0.578939547039236	72
-0.04842602986207	0.44867035504741	72
-0.0404913862182701	0.429986031003074	555
-0.04842602986207	0.44867035504741	460
-0.0100983496937801	0.450168232723477	460
-0.05994461353571	0.832594102179865	246
0.086028920959323	0.751674721306315	186
0.041563597765096	0.574396607450424	189
0.039996175693012	0.595433602596057	950
0.037125395262032	0.617666119824078	52
0.060634977748008	0.703536127183062	186
0.038059744089473	0.599220689975794	186
0.037753106732376	0.616198039999054	72
0.060043099418955	0.693581016154905	20
0.00915431893902496	0.51354011901363	665
-0.0453311350324299	0.440452046038488	950
-0.06422562563949	0.822035049013941	555
-0.10805153576245	0.747349406956169	460
0.058893958786458	0.676753271710522	460
0.11884537854842	1.45591424514207	391
-0.10876502292248	0.770125167680193	52
-0.04640363250161	0.428229873657116	610
0.084125488831984	0.761534143614824	3237
-0.04243230844476	0.442292931729212	72
-0.04146706489408	0.429278291239433	665
0.00292644260941499	0.502220079873968	339
-0.05045461324515	0.432727027587394	950
0.000266411603936034	0.512528764904733	555
-0.04243230844476	0.442292931729212	555
-0.05553195551055	2.37277176064989	391
-0.0119961172219001	0.883037427383415	52
-0.02567533587263	1.59750416168479	52
-0.02477029365285	2.19342071563399	52
0.113857714896487	0.999378393280146	52
-0.0404913862182701	0.429986031003074	460
-0.04842602986207	0.44867035504741	202
-0.0475646445167299	0.422542066773274	20
-0.0544577685940599	1.89487201790805	72
-0.0433980676132799	0.44647504020799	72
-0.0423287740670699	0.428449042358836	555
-0.04360026686825	0.418948345293282	3856
0.00989320472661803	0.513997136030586	3856
-0.04145354839253	0.429401569031903	3236
-0.10722378841934	1.26437273987768	3237
-0.05317567119558	1.61798197463374	3237
0.0298091031343291	0.602931281853728	3237
0.106576544938531	1.02233428188642	3237
-0.0483239786818099	0.427518463663862	72
0.041606635013408	1.07315613699986	72
0.082705523099375	0.819802158219845	72
-0.0377678435225199	1.25356626047466	339
-0.04842602986207	0.44867035504741	555
0.117714254168468	1.57625533644788	202
-0.07527141550787	1.70987268651837	202
0.093414792761971	0.869622523119349	3237
-0.10615699333071	0.745674334275735	186
0.059048997300992	0.70006021145959	186
0.0401932187730351	1.07868031861445	72
-0.0405853959817499	1.16338305048748	20
-0.0762573124139401	1.16714926123773	72
-0.0398249980821701	1.12622595301071	72
0.102465606366957	0.927713970947826	52
-0.02821715948752	1.25196215663321	3237
0.06321224247701	0.707875602355158	20
0.107436722863274	0.905160692420653	72
-0.1185210167521	1.36234714899694	20
0.114697822202398	0.879690356341466	72
-0.10529852307657	0.778605023155457	555
0.063348498649391	0.70625020869975	555
0.000266411603936034	0.512528764904733	460
-0.000904916389490085	1.35889533970683	202
0.027360152208855	1.38776755972823	319
0.090550617373966	0.874344500969749	3856
0.0938510562125749	0.847032282569075	3237
-0.00829640210440008	0.951640004240846	3237
0.093965981761936	0.848033179448783	446
0.083588583064036	0.764906760741489	189
0.064472938250132	0.712660787274768	189
0.097553414878336	0.672003869899921	460
0.038737038273406	0.576658540921136	460
-0.0557464269447201	0.824855603881716	52
-0.0494907784776699	0.435890454815377	186
-0.06351710869935	0.826344640018034	20
-0.05213899728515	0.826209024896285	72
-0.0748076112012701	1.13380932004119	189
-0.09868916701235	0.718297272475252	189
0.057488331391645	0.683973037611493	555
0.000725759274744053	0.516767991607716	52
0.034248856806387	0.600271686289094	72
-0.0840989870462701	1.1433133555388	72
-0.06701489113543	1.07592203097389	189
0.00673163236678998	0.517175184688351	189
0.116873185311104	1.09090960080476	186
0.121411847103754	1.08855579158982	186
0.066505701932759	0.68287646513989	186
0.058617623509766	0.677739285595155	20
-0.1062319032332	0.748910868308239	189
-0.0527103750631699	1.47258405557902	202
0.103431934190205	0.928411735081886	186
-0.0563363255845899	0.803934916696846	72
0.037428964337155	0.598748930615882	189
0.00989320472661803	0.513997136030586	189
-0.0254576495230201	0.889893810348109	555
0.023618484687545	1.36280508052024	202
-0.06453957826664	0.830354792384811	186
0.039833709295657	1.08050164304415	186
-0.12490733244719	1.07696104577325	186
-0.08081650839073	1.17025211665722	186
-0.0505260591260801	0.414650692144383	72
0.088105237134163	0.759599860533943	189
-0.05841718778961	0.864895659563658	189
0.060043099418955	0.693581016154905	1640
0.100241604235179	0.902196913441785	555
0.00915431893902496	0.51354011901363	555
0.011912368395849	0.970163420644072	555
0.107775300657133	1.01700284991991	202
0.0480473836454241	1.09098004583574	189
0.00610115503236997	0.521664477903687	189
-0.0445578371161801	0.429867191818012	1787
0.056869093563196	1.14985338363705	202
0.100098204719656	0.837751474034254	186
0.063785428419289	0.710545406657148	72
0.041883270936962	0.596828158740491	555
0.109523270927078	0.913888275584019	202
0.068731143638422	1.57919702046526	202
-0.0474638017453599	0.446251819108337	186
-0.0474638017453599	0.446251819108337	186
0.030760704589352	0.595081876801006	72
0.010125351783785	0.498974421602091	1640
0.114885707378677	1.55759741962163	202
0.068961785794566	0.644702900886271	186
0.036797968262077	0.595015362806921	186
0.00610115503236997	0.521664477903687	20
0.015243143131847	1.24650805167345	72
0.00347609989259201	1.01956236367456	189
0.053327208775436	0.655094143567785	29
-0.0237540344848499	1.80459169333759	202
-0.05655906409498	1.16312168167385	202
-0.11739672631101	1.06756580799707	186
0.094356521412029	0.84565547804688	186
0.002963118259382	0.980421010424148	186
-0.0233371039708199	0.875189144594518	186
0.101256198893206	0.803030777346023	186
0.096380995225738	0.858480102348473	446
-0.04852745575138	0.433634927743835	72
-0.0601643817567701	1.1299130440049	189
0.00271445992973596	0.521265643213589	591
-0.0619343641824599	0.802002506929238	1640
0.076789946691124	0.772775031006851	1640
-0.11106157703122	0.758198472994469	1640
0.081336501177144	0.713987504230603	555
0.00220379579866403	0.526527263663833	555
-0.0514532501040501	0.413654857637334	555
-0.0489840172749601	1.60322966808302	202
0.084401339104565	1.64816446093784	202
0.00366286090618595	0.508889612374996	186
-0.1134553726955	0.768635109973517	186
0.029618219095534	1.08150518981391	186
0.0805246728128211	0.772052831159134	20
-0.10241926466834	0.757715784252609	20
-0.00546304484425009	0.941456164096569	189
-0.0147733672522701	0.920014754551475	29
0.033934634041467	0.616913290371044	1640
-0.00425874281861005	0.495431975075731	1640
0.065503874734409	0.69363587969962	555
0.041564277098733	0.566419615920303	555
0.064931244436506	0.703680819270732	555
0.0387036793121051	0.613624450501273	555
-0.0135623661364199	2.05089230741614	202
-0.04136409890739	0.424665264099882	202
-0.07399343926733	2.20257887856003	186
-0.04445264019477	0.430927724065131	186
-0.04650208354095	0.434292024849057	72
0.0294916231457441	0.581564627988091	1538
0.06109013482709	1.12820369246321	840
0.0839050479793561	0.794111514000436	1474
0.023694144871955	1.07812718969156	202
-0.02995312381437	1.52891435240363	1682
0.000495684112402972	0.526867747572164	20
-0.0473623375497601	0.430582208132322	186
0.094814275852889	1.48053938932264	186
-0.04350155286969	0.429872929116567	72
-0.00306387845826994	0.502893451196626	72
-0.0454357545055	0.433156322806163	29
0.068226820625739	1.2561700225014	202
-0.00355968048323008	1.35530651708414	202
0.0548941876115731	1.17453802424598	1474
-0.01430067176317	0.914014956819914	202
0.102888573076873	0.820337087397619	1682
0.035222900892239	1.09495957534335	186
-0.04243802063876	1.16526008664376	186
-0.05626196402107	1.13334448924044	3135
-0.11405891614132	0.770445692259346	29
-0.0884432431272499	1.67332607064431	1474
0.00450998713630302	0.98574851121086	1474
0.0754544343550549	1.15321033610204	20
0.00368076094158598	0.518415662074474	1709
-0.11476361485266	0.746481624507795	1709
0.012967349935356	1.02345015305897	186
-0.11003654425941	1.058508341084	186
0.057379195446184	0.632777062638811	186
0.06032490373154	0.677438848401336	72
0.000814761248093987	0.98806862270171	72
0.108301154442703	0.881770194591141	72
0.00989320472661803	0.513997136030586	446
-0.0246641349818499	0.927348956226293	3135
-0.11248106959915	0.75137344551645	3135
-0.0425352281097999	0.417796316913952	29
0.031405095616872	0.591715779410707	555
-0.10589164279445	0.757342887047417	555
0.032587479651578	1.43188273198576	1474
-0.10718833399529	2.48957768656374	202
0.027363345360187	1.96227060698545	202
-0.0468481065037001	2.3124176193103	1474
0.00362919251627503	1.29244437507784	1474
-0.0494907784776699	0.435890454815377	1709
0.033321905392507	0.596554632713741	202
0.000495684112402972	0.526867747572164	202
0.032671334487929	0.587464249678032	72
-0.11591543611623	1.11285756682014	72
0.057451210754104	0.684509067848462	72
0.0351933721219549	0.6098449656254	3135
-0.12444379292581	1.08637573743986	3135
-0.02077477208917	0.945822097690202	3135
0.04252675298202	0.576890645055056	3135
0.042515024329388	0.577355556592011	1123
0.084154129686845	0.831934136129449	1349
0.103252256718371	0.949279912122847	1474
-0.11308063315024	0.759786505656415	1474
0.00818750243894495	1.01230117891017	202
-0.05089521980961	1.68251833568218	1474
0.101805192070303	1.97842595439882	202
-0.00159385871586992	0.508400245228127	202
-0.0384619192567	0.425008614563889	202
-0.0443643429565399	0.445800704702982	202
-0.04145354839253	0.429401569031903	915
0.00439901407220999	0.51125433795232	674
0.00407782526214295	1.27939117014218	202
0.095367070787721	0.829344661272797	3135
-0.12158524177635	1.7817978627911	202
-0.11918717211982	1.35568025833184	202
-0.120666127048	1.75364174488914	202
0.111131492738242	0.961452589555023	202
0.090748951916648	0.839902844208662	72
0.072833045912724	0.644560717229149	3135
0.044329268215143	1.02004601181962	3135
-0.05618134225413	0.847100582630174	3135
-0.11045915747535	0.766699488336502	555
0.00650295193964501	0.516919190277734	1349
0.104802871429657	0.966722646804558	674
0.00689262890888898	0.989623503733588	674
0.0645078555376311	2.11350317751786	1474
0.116654168812074	0.871377634081071	202
-0.07310329085501	1.43926164945891	202
0.120358430571285	1.09528831805999	202
0.101910277405927	0.832327360178699	202
0.097660968622562	0.795526654914629	20
0.041883270936962	0.596828158740491	72
0.058483091732741	0.67700865679085	3135
0.0637951230712041	0.672109348028099	3135
-0.10650609832428	0.781810867649974	915
0.087287092541551	0.765360441041045	674
0.03584092376425	2.07522844612303	1474
0.081901467353493	2.3767235248072	1474
-0.0139519690594201	2.34462745747862	1474
0.076393080961334	1.32196496440463	202
0.061757015458129	0.66942067429911	202
-0.0280179649975301	1.27488078742452	6731
0.055310767325339	0.687415741001475	72
0.00997973303365396	0.995455443678453	72
-0.0505990861839101	0.827768616555007	72
0.0396548747480741	0.592439797185939	3135
0.104505834385633	0.975465461904134	3135
-0.11092563699392	0.779636180888701	3135
0.07646502317566	0.773060336537632	555
0.118437373835255	2.37367572865152	1474
0.061967720485644	1.52892310270991	1499
0.124601209363525	1.20685016278339	202
-0.0857843277861201	1.08065235928041	6731
0.11820704600752	1.04393325880443	20
0.093237276314396	0.748823707139351	3135
0.059468622349755	0.687237852513483	3135
0.0792796018466621	2.43886142065144	1474
-0.11934170630779	2.33405651593425	1474
0.036861554011294	1.77402339972393	1499
0.00897505770978802	0.927778988358919	72
0.068086236117116	0.682744660897901	29
-0.11858535939825	0.737916118427895	555
-0.09974970707413	1.78265643287481	1474
0.012734401611849	2.3774305887695	1474
0.044142500002015	0.563978903857764	20
0.11279488055203	1.51608077135569	20
-0.11574492200761	0.725512055519999	29
0.00589313204424902	0.989439578166227	555
0.082514283775191	0.759505284505974	555
0.0364974705783629	0.615161111056148	456
0.112360355786396	1.46249241268202	20
0.0701071060890171	0.654750778444289	20
-0.04145354839253	0.429401569031903	20
-0.10997666171814	0.783170148459437	3135
0.027586432662097	1.02821482292747	555
0.096664081609151	0.86280984841976	555
-0.00662272877028003	1.78918390926654	1474
-0.05075665140331	1.22459826607251	202
-0.0819070722528299	1.10703867839295	202
0.076789946691124	0.772775031006851	3135
0.0329279711936989	1.01127042304304	555
-0.06829014426381	1.04375045048277	555
-0.0226965237394099	2.13996064750254	1474
0.0332981916589959	0.583809045528837	202
-0.00209923859038996	0.484683055232585	20
0.109500873245006	0.999746023551057	72
-0.00217968156137993	0.478766738598127	72
0.0617654127876	0.689577468961068	3135
0.032703797565079	1.03038042917892	29
0.054713508377032	1.52425709734973	1474
-0.0320003902538399	1.25235810052735	1474
0.064808493897605	2.00518418488154	1474
0.029316560172178	1.44796803364564	1499
0.087105989533057	0.76321975478109	1499
-0.1132381284378	1.10418640902334	20
-0.0384619192567	0.425008614563889	202
-0.02728860111604	0.916459910628826	72
0.060088712030634	1.23574262885925	29
-0.0572989173926699	0.866712802909199	555
0.114325175516039	2.08074629835808	1474
-0.10241926466834	0.757715784252609	20
0.060753344530291	0.647312122171825	773
0.00770269257824596	0.497260263712666	555
-0.0160287700538599	2.24205095394495	1474
0.0849804765891981	0.787510329548813	20
-0.10840684211209	0.761047476053682	555
0.110139849147841	0.954912304600267	555
0.085169426639914	0.714924728002028	555
0.089116830633426	1.37751702043081	1499
0.00123554490252298	0.529473029392655	20
-0.0473623375497601	0.430582208132322	20
0.00891400505042395	1.29005894258926	72
-0.07660518484135	1.35651110594177	555
0.076978120994573	0.739473224497288	555
0.069105263186186	0.669156596166039	555
0.00102589681624898	0.938301397516823	555
0.121172347855316	0.965896848974132	555
-0.0181346067233199	0.940366340920345	555
-0.0112704369216901	1.70850991461073	1607
0.039008906271935	0.591353630501703	555
-0.0866162277187701	1.10672553147427	555
-0.03422389263228	0.871547383432444	686
0.107198468553809	0.884691548710322	1499
-0.01780944196401	1.27355646000669	20
-0.11095860456431	1.0661883126869	555
0.113762552936497	1.03510126639344	555
-0.12303299699284	1.29509484415295	72
0.0266752775071421	1.0776790759236	72
-0.0279299964206601	1.79467296340486	1499
0.113753051729339	1.4249202731028	20
-0.00278531206733001	0.491492916094687	72
0.00220379579866403	0.526527263663833	555
-0.0456342127728999	1.21026638832449	555
0.000495684112402972	0.526867747572164	1607
0.08399184766544	1.20686388869254	20
-0.10868087269255	0.99873624998761	72
0.047318322447365	1.05817764413377	555
-0.10887619270548	0.742618857489989	686
0.0893689382802561	1.35756015714004	1474
0.059489416364686	0.697910082909278	555
0.040877965288069	1.07489745883497	555
0.00315909467497499	1.89730166668593	1474
-0.00329329124041999	0.510726010383714	72
0.032643661126213	0.583053026728356	1124
0.104319109156796	0.919131944944666	313
0.112951723511886	1.02035211538323	555
0.112640130736697	1.01945488280394	1124
-0.04145354839253	0.429401569031903	491
0.00220379579866403	0.526527263663833	555
0.080776394289651	0.75731695089458	555
0.100312039252198	0.814977833595936	555
0.021856901960831	0.551924295209405	2510
0.106667572583212	0.841315966099461	694
0.087899830852419	0.850254670906054	20
0.12337708209562	1.05128271853289	1124
-0.000474424787330063	0.510164144766332	1607
0.087644284521641	0.763898511494965	20
0.101218943615731	0.90886918288786	20
0.097429042124054	0.820663961278759	555
-0.0472418434952699	1.20620256961798	20
0.045396290858735	0.567610468301182	1124
-0.0433980676132799	0.44647504020799	555
-0.10397450810671	0.758202020923154	694
-0.10302451529148	0.755073010547601	3197
-0.0242465413536901	1.43652165172006	555
-0.0303742363956001	1.22205154242006	555
0.022015342153563	1.08074751360437	555
-0.08208527050539	1.292983696605	2510
-0.11407177920877	1.03020697899673	3197
0.043696352032866	1.11774724077934	72
0.018068045939325	1.04075382326696	1966
0.059430387682583	1.20679048340225	1966
-0.04864543552211	1.20010981509692	694
-0.03952973450319	0.426155787261663	72
-0.11283970210968	1.02416197879564	555
0.0857198960464161	0.737948657812786	2510
0.061339926761659	0.67437361469154	1638
0.00818240332512599	0.50199336587149	72
-0.05045461324515	0.432727027587394	72
0.030760704589352	0.595081876801006	72
-0.05251019161795	0.429734791833162	72
-0.0474638017453599	0.446251819108337	3066
0.00197513677763295	0.527784975096114	196
-0.01319156904556	0.909732476214166	20
-0.10060467921328	0.741435548750293	4991
-0.0394224817711899	0.428820497755674	72
0.061309951743615	1.20094548441213	72
-0.0423287740670699	0.428449042358836	72
0.03201622178477	0.591744886924242	555
0.041563597765096	0.574396607450424	686
-0.07703114043437	1.08190422712804	72
0.097638817057068	0.863288644431206	72
0.059175986593387	0.691934666195644	694
0.0854436317177621	0.788964129604101	72
-0.02388012236171	0.932563750069253	196
-0.11750113009354	1.08046021422674	555
0.034875008206655	0.591222636432497	1966
0.085661363792827	0.81209730664293	72
0.00219382227244302	0.967147175730507	72
0.121152914536248	1.03917708863999	72
0.105731198184317	0.896072953508641	153
-0.10590221418551	0.782589610128703	313
-0.0306649363506399	1.53873384914545	313
0.115474845341202	0.872882521273352	555
0.099872462492251	0.921330862466966	313
0.099806818826538	0.814268569277159	196
0.030132626458019	0.59049505027754	153
0.104728954650684	0.894903422451672	20
-0.0235997521793201	0.919062443852776	72
-0.11317955423453	0.744137758638233	72
-0.0110060714961699	0.886539130159271	72
-0.0845328492250099	1.07426622795498	153
-0.05116895675835	0.824048887965883	2651
0.120475421920491	1.14930298009933	2651
0.1085039300607	0.920703464907493	72
0.045098235492008	1.18373451597516	72
0.049858494023883	1.06088893327417	393
0.071721423872259	1.17426752791587	2651
-0.0335964001323501	1.51979470163497	72
0.0141364755330829	1.03764487185239	555
0.063474200016754	1.10703673647625	2651
0.011093958908908	1.30945081830825	555
-0.08829684933067	1.11171111844003	72
-0.0478799877110201	1.16826531607692	72
-0.0453499134673701	1.13793017694982	72
-0.11224811676496	0.747973994763437	563
0.034885006064964	0.608532993502877	72
-0.0261841800954099	0.923552631743151	393
-0.07896958750953	1.13298977254014	694
-0.0551183097257899	2.08219075437256	358
0.118617230485322	1.05120689012781	72
0.10112891527843	0.904780311992072	563
-0.00182182824985011	0.50649437666673	196
-0.11058277354997	0.782393259015343	393
0.061649101695562	0.694438434740759	153
0.024374107556129	1.01550647999091	358
0.050677094693949	1.44797671158744	72
-0.04938876843792	0.445225820250445	393
-0.0433980676132799	0.44647504020799	563
-0.07686058787691	1.55738538599401	313
-0.0404913862182701	0.429986031003074	196
-0.11501192009647	0.767084382818898	686
0.063348498649391	0.70625020869975	72
-0.04350155286969	0.429872929116567	153
0.00254564436363802	0.491656249275232	563
0.091650536283857	0.862947166162708	2651
0.00673163236678998	0.517175184688351	1664
-0.11207942881566	1.28849488086946	4413
-0.04243230844476	0.442292931729212	72
0.00598907382920899	0.516707923678894	196
-0.0505260591260801	0.414650692144383	196
0.032643661126213	0.583053026728356	1664
-0.08306348473061	1.13441270863336	72
-0.05820098063761	0.837631444546449	72
0.0620022364937261	1.22605694747674	153
0.08400490572286	1.38745771272072	2651
0.038656951025253	1.13566219236813	72
0.097344107030818	0.874787322958576	72
0.081445928921381	0.763041765357811	72
0.101826938673079	0.794344851650362	72
0.00441234239534905	0.99799331802331	393
-0.0203908106047901	1.21386855724285	393
-0.0776224096554901	1.14343833377628	393
0.064810835941978	0.669542449511375	393
0.05602324172957	0.683079416360525	72
-0.0346096233651201	1.19076338758472	196
0.0849061277544671	0.790191540655413	686
0.065471034387839	1.59320527514928	358
0.060348611141075	1.05178195329412	393
-0.12290787390755	1.37374396202295	393
-0.00911707797573991	0.802806308270158	694
0.00441884222201205	0.502877831365107	2651
-0.10616857142849	1.34986971907333	2651
-0.0745568513414801	1.83549051140578	72
0.00598907382920899	0.516707923678894	72
-0.0334990670805899	1.2602354432121	393
0.00205559242229703	1.3633348176013	153
0.040557429789108	1.12818272546983	2651
-0.11843223194613	1.06522745882365	72
-0.11045858174486	1.0567586557503	393
-0.10458043201218	0.751538082670932	686
0.035387972250808	1.00476721544929	393
0.030415688282751	0.542703480630176	196
0.0911734268764009	0.722289579836552	153
0.036821377252259	0.606045751900081	196
-0.0215436715409201	1.25962535035536	196
-0.11967485387893	1.10238080869597	686
-0.10842163467365	0.76817921303729	2651
-0.0536202246284301	0.869413303515477	2651
0.036166755721982	0.587809446079738	72
0.040305208155718	0.58306290111589	72
0.032967461967736	0.569493680506158	72
-0.06142129106401	1.48910852181474	196
0.022043626546335	1.0587605560091	196
-0.02355252946792	1.45916373848453	2651
0.087644284521641	0.763898511494965	313
-0.11967485387893	1.10238080869597	72
0.060234607789433	1.21978234406887	393
-0.00844066448932002	1.19771978117747	196
0.122670828036988	0.915482847350723	153
-0.0258004921469701	1.76480583747408	2651
0.116332431570202	1.71354458593065	2651
0.025321861343567	1.00178526816865	72
0.082645665775549	0.740699373846844	72
-0.03319129578307	1.21873011107775	196
-0.06096582207496	0.84855503573994	686
0.001786563783299	0.992599571630489	196
0.085376976850414	0.806783270639476	196
-0.0545279416626001	0.418155888704423	368
-0.0576181601388699	2.1422758990298	563
-0.0456551807596699	1.40213234457978	368
0.079985547919131	0.773221771008977	153
-0.08346464548205	1.14867250823267	2659
0.088393022562864	0.815573280186163	563
0.059608747063883	0.699551221692607	153
-0.06500082108737	0.813143679198598	2659
0.115799681746307	1.64227363960379	563
0.018083424814182	1.02151097740974	72
0.039390552466866	1.07029439103549	72
0.047435052491005	1.40681817078102	72
0.031527204987098	1.05400062098456	368
-0.06160324375593	1.14606598502297	368
-0.00705912156647992	1.60340516710753	72
-0.05965296551886	1.89250051777149	72
-0.1055500122466	0.748210538804692	72
-0.03287581451988	1.22157560918541	563
-0.10925493558062	0.768125170133473	1823
-0.0886978087821899	1.11403809675846	72
-0.09713627291423	0.696486402301926	4307
0.030760704589352	0.595081876801006	4307
-0.0394224817711899	0.428820497755674	2659
-0.05994461353571	0.832594102179865	563
-0.00105066535666998	2.07328107244686	1086
0.037449024141709	0.612602824581026	313
0.036479942476106	0.596423707973031	72
-0.0453311350324299	0.440452046038488	4307
0.00146491155476503	0.52395959859642	153
-0.00634302050186997	0.483743121572495	2659
0.068521326129399	0.676880797243675	313
0.096961144163385	0.886087299983294	72
0.093625864223368	0.791272499432924	72
0.095834549708853	0.836889131717136	4307
-0.0126646134528901	0.897184279307517	368
0.057909607949415	0.676470833499564	153
0.00453489455948097	1.6298235664362	1823
-0.0416686111343201	1.10865386342523	4307
0.0167991551526659	2.16592830822812	1171
0.022950137260188	2.1513609554539	1171
0.014420835689509	1.92090715790369	1171
-0.0319325301870601	1.96640185293689	4307
-0.07247698790867	1.91909877503865	153
0.025281610344299	1.04889602287325	153
0.035263444765141	1.12246939266362	153
0.114771029279987	1.45557943415315	563
0.121282977733455	1.09513242759948	563
0.043576493891327	2.16806330480003	1171
-0.0485018212622901	1.94945589474979	1171
0.122168415866362	1.00409881397927	72
0.039132270706304	1.10096320409075	153
0.081319804399817	1.42125483499975	153
0.0570331415512541	0.689138017633733	153
0.035216765024263	0.585619410807023	72
0.000603244098248967	0.494509435912605	72
0.123880827337563	1.1076833565173	72
-0.05942927362414	0.851358946975575	368
-0.04445264019477	0.430927724065131	153
-0.10650609832428	0.781810867649974	72
0.055916975267036	1.11593616512697	72
-0.0464499987632501	1.66688796661738	153
-0.08469290365487	1.66087099796026	153
0.0614951627431321	1.88795975202244	1171
0.024617132270735	1.01748121924109	153
-0.000474424787330063	0.510164144766332	3189
-0.06509951185471	0.834738558463562	153
0.124615815162219	1.44759982776926	563
-0.0672349101595999	2.05069206195791	153
0.054339616473673	1.76050817219166	1171
-0.0557464269447201	0.824855603881716	3189
0.078329246981919	0.769655508449523	368
0.12217058694887	1.28031906192665	1171
0.036962499052722	1.09189428929898	368
-0.11466266660174	0.767215564744385	368
-0.11023852801059	0.7660076500325	368
-0.02828999010029	1.206666908616	368
0.110923115293564	1.04629111839733	153
0.0577974319211541	1.60578433134657	368
-0.02393477516929	0.886327178076734	368
0.014559880623869	1.05163942942143	153
0.092790760815381	1.30575677543223	368
0.050634606040768	1.0697420940606	368
-0.11590006315307	0.702779719624348	368
-0.0143043908343501	1.52413131889902	368
0.118778068938362	0.931240641022065	1312
-0.11802159418126	1.07685295627638	368
-0.1085256719177	1.04409258466328	1396
-0.08011192801806	1.11780872522886	153
0.0627751797757991	0.707592424647626	153
-0.05749271129263	1.43381250581461	368
0.040907699227446	0.57751803968612	153
-0.0535523333029899	2.0842883228079	153
0.00349490950772902	1.0077393608601	368
-0.05251019161795	0.429734791833162	153
-0.01154502305946	1.27018126270221	368
0.017852118708093	1.03277875941446	1396
0.0944608639343249	0.842111027502616	1398
0.032675036530646	0.607875856809657	1398
-0.10649890404876	0.758594678841909	368
0.00501617472378002	0.519562639486116	368
0.0653650750152029	0.658134666114976	1396
-0.06534427539476	0.820564970324966	153
-0.0394224817711899	0.428820497755674	368
0.025765238312689	1.9650320006002	313
-0.02090252806958	0.925315358352597	368
-0.0608628459543099	1.20147385529864	1398
0.067081711329834	0.65448058107152	1396
0.115881899000586	0.996794874540603	368
-0.02534594689155	1.25132984110107	368
0.036479942476106	0.596423707973031	368
0.10266790615634	1.66945217870216	864
-0.0936155068648601	1.41511167299453	368
0.0469774382311921	1.16126165805272	368
-0.0715668346298699	1.86295739688235	3517
0.099257526036581	0.926042206522074	3517
-0.0810673261686801	1.64256104347884	3517
-0.0594391093226701	0.861108210898373	368
0.011279525769692	1.33342350282933	368
-0.0761561126611601	1.79077233910942	368
0.100311470055488	0.824876102545668	368
0.00698739864815801	1.31982501472306	3517
-0.0771272477649101	1.40044929812604	3517
-0.04858443047397	1.44333029097724	368
0.031398270036893	0.561303584944765	3517
0.06751294269744	0.685546205188532	3517
-0.04349566692495	0.428711682497803	3517
0.079633434271878	0.787654981010118	368
-0.06106481054001	0.82180519055002	3517
0.054419069392557	1.57498901345931	3517
0.018437950578813	2.21473248122793	3517
-0.0617167775363701	2.10590876657219	3517
0.078570850212102	1.61069390537846	3517
0.084093071922114	2.02098553694403	856
-0.05682583087864	1.73940136650144	368
-0.01987650787707	1.56146818596253	368
-0.0684901390594701	2.46662237219461	449
0.083038589756172	1.68576739646017	3517
0.121556164885082	0.994715363530548	368
0.091582221907954	0.830049000237604	368
0.114346691573097	1.70224794949269	3517
-0.0418890643582801	2.40597664088773	3517
0.0894326037429341	0.752751213655089	368
-0.0702628429705801	1.02212662217122	368
0.117879831209822	1.44572368290299	797
0.096409014485432	0.826242146359624	3517
-0.0085764845440599	1.24060030452103	368
0.00474461324965403	1.64842743727015	635
0.100745967736082	0.904237450690202	635
-0.07890092641723	1.39211521305443	2474
0.111999454638391	1.54231747424332	635
-0.10254314415486	1.40283520634641	2886
-0.0423272823827701	1.69240910220181	635
0.11708054973757	0.918501840124712	2886
-0.10358413679573	1.9624387189174	2474
0.020718617923087	1.69251194102785	2474
0.050666152693529	1.72108169937245	2474
0.12260139534122	2.40644473899887	2474
0.00306459448841401	1.92268689998104	478
-0.0730932438102401	2.22531926048083	478
0.019230364402428	1.65589646228635	478
-0.0965904941489999	1.84448832023869	635
0.075239691948186	2.0671956489089	635
0.116249546675016	1.10553235038006	635
-0.0575058646641999	1.9535077429457	635
-0.10414133155345	2.41065468419324	2474
0.0658934798101341	1.99951669242792	635
-0.0791702954023501	1.541861012658	2886
0.102426675712895	1.74842707781225	635
0.049526138607339	2.03560829560265	635
0.078510088019813	0.731416800694134	3123
0.043479871549216	2.01927265267369	635
0.114142688582763	1.97919432948969	635
0.121691100657868	1.2133123498614	635
0.118008650698229	1.01867871498058	3123
0.059686679518457	1.22980281457221	3123
0.064736150519578	1.88330694815005	635
-0.03072414573813	1.39454881310087	3123
-0.12161710746814	2.36316057964791	635
-0.0285239440484999	1.73820247111287	3123
