x	y	clickSelects
0.05641350202004	0.73230153821388	783
0.00445595234961993	1.34084173743306	2113
0.11316780019907	1.8660368749301	142
0.0100736417924501	2.09379999949438	748
0.0237748197494201	0.953047658699017	3586
-0.1030019022843	1.52759905787358	35
0.0164539794121601	1.02233757929324	35
0.0575844780375201	0.721280060796327	35
0.0602249500357901	0.730499163381525	35
0.0553333606997799	0.726003060724617	1269
0.01520563370906	0.987522609328246	1269
0.0575389563194899	0.735539281495884	32
0.0164539794121601	1.02233757929324	783
0.0602249500357901	0.730499163381525	6
0.05641350202004	0.73230153821388	1256
0.05909639943171	0.732413252367468	87
0.0169916343101599	0.987503295537651	35
0.01900079726799	0.990487777656502	35
0.0512088770730701	0.710036630394655	64
0.05796845388172	0.713364753517048	3946
0.0575844780375201	0.721280060796327	188
0.0601773675834501	0.738831501835876	35
0.0575389563194899	0.735539281495884	241
0.0512088770730701	0.710036630394655	5589
-0.1016724555035	1.50900151128507	134
0.0045532446452099	1.33090872327194	700
0.05909639943171	0.732413252367468	744
0.0613061161992601	0.736870138681857	35
0.0575389563194899	0.735539281495884	2744
0.01155093501475	1.02920586895316	728
0.0032513303744901	1.30990240008391	83
0.0564586180276501	0.7291787063689	142
0.0590492242708101	0.71938512081813	744
0.01334499330124	0.99976672401657	1637
0.0590492242708101	0.71938512081813	2909
0.0586650135481299	0.727466341426444	32
-0.10340204401809	1.45541808819406	191
0.01334499330124	0.99976672401657	1743
0.0553333606997799	0.726003060724617	32
0.0553333606997799	0.726003060724617	639
0.0601773675834501	0.738831501835876	33
-0.07189907148876	1.7725433141079	1982
0.0120347692751499	1.01268053225664	1982
0.0198025993731401	1.03371267122963	6
0.0168220093131399	1.00974315286943	2663
0.0601773675834501	0.738831501835876	35
0.0263541460971499	0.90129117324085	35
0.0199947631342301	0.988922744367811	1269
0.0601773675834501	0.738831501835876	416
0.0601773675834501	0.738831501835876	32
0.0575844780375201	0.721280060796327	32
0.05909639943171	0.732413252367468	1981
0.0112743150639301	1.75442344841221	1982
0.00347233343633002	1.64406931065522	83
0.00805905914040994	1.3755584022824	140
0.0613061161992601	0.736870138681857	6014
0.000178655202649924	1.33553477592516	328
0.00175400080641008	1.72363761604356	1597
0.01432550895257	0.997859811649447	171
0.0586650135481299	0.727466341426444	2476
0.05641350202004	0.73230153821388	416
0.05497011159784	0.71606070609252	4467
0.05909639943171	0.732413252367468	1981
0.0553333606997799	0.726003060724617	6014
0.0523316931375899	0.713064500693182	748
-0.10612599864122	1.52482073584973	6
0.00589682101925004	0.969293131799739	1597
0.0564586180276501	0.7291787063689	64
0.05641350202004	0.73230153821388	1266
0.00232827830401994	1.72813387214371	289
0.0178140335269099	0.994126404525036	3707
0.0166326567024699	1.06214654354186	35
0.0575389563194899	0.735539281495884	32
0.0586650135481299	0.727466341426444	2234
0.0601773675834501	0.738831501835876	33
0.0575844780375201	0.721280060796327	48
-0.0478134477086301	2.48509733784285	5827
-0.08517987585251	1.74957580027624	3707
0.00583228306373007	1.39870196517092	242
0.01056720526258	1.01414204514268	3457
-0.100679807708	1.49577492411442	87
0.05528865080094	0.710076963530968	416
-0.10119207527988	1.42011557425373	416
0.00589682101925004	0.969293131799739	32
0.05641350202004	0.73230153821388	323
0.05420870620563	0.704228411225874	236
0.0575389563194899	0.735539281495884	5129
0.0628782115638999	0.701176308953298	1391
0.0553333606997799	0.726003060724617	1391
0.00886852949045003	0.986227894627798	6
0.0239691107423301	0.988599552432728	272
0.0215960008174101	0.997243643286838	32
0.0575389563194899	0.735539281495884	1107
0.05909639943171	0.732413252367468	48
-0.06398433101324	2.23443054469881	241
0.00333777845576	1.3711978666821	142
-0.0780117962895	1.81248555708494	6
0.11796427310092	1.98825210776156	87
0.05528865080094	0.710076963530968	648
0.11664249061312	2.00106746461351	364
0.05641350202004	0.73230153821388	6
-0.10266401216361	1.51215367186342	6
-0.10532628504905	1.50075247374877	6
0.01890877560356	1.71359792934207	298
0.0117384005813901	1.2476522758573	276
0.00299978598065009	1.67836453532266	35
0.01056720526258	1.01414204514268	648
0.0575844780375201	0.721280060796327	696
0.05796845388172	0.713364753517048	236
0.0215960008174101	0.997243643286838	33
0.0575389563194899	0.735539281495884	2106
0.05641350202004	0.73230153821388	1822
0.01094353074874	1.75786470228911	134
0.0108552977976699	0.999749334122049	35
0.0639600109921501	0.706924423007218	3665
-0.00334279745134003	1.31854222040521	3735
0.06282855236369	0.694011544633278	236
0.06243546995815	0.715622506783986	3805
0.0613061161992601	0.736870138681857	1822
0.05979167355072	0.703228822066256	76
-0.08053548184019	1.91137561974778	2113
0.00889385446437996	1.33977343322537	3769
0.0123634422842001	0.994484905249418	188
0.00612129173431009	1.39058131593061	1793
0.01800594471836	0.981839482153707	3665
0.01481397227667	0.992885252547859	3665
0.02178761439246	1.01906439664895	272
0.0500866570905001	0.689354783889821	696
0.05641350202004	0.73230153821388	32
0.0564586180276501	0.7291787063689	33
0.05909639943171	0.732413252367468	2106
0.0575844780375201	0.721280060796327	76
-0.1030019022843	1.52759905787358	83
0.00175400080641008	1.72363761604356	2113
-0.0630884064256401	2.40847320106093	2113
0.00797688568513011	1.59804559302593	83
0.00267381217128992	1.35045714768402	1733
-0.10867849980143	1.51650650303933	3769
0.05497011159784	0.71606070609252	87
-0.11400337171688	1.4662630236977	1652
0.0168220093131399	1.00974315286943	35
0.0564586180276501	0.7291787063689	272
0.0523316931375899	0.713064500693182	272
0.0575844780375201	0.721280060796327	32
0.05641350202004	0.73230153821388	160
0.0586650135481299	0.727466341426444	830
0.0115018727989999	1.34790349559051	83
-0.08661528016668	1.88801743964398	6
-0.000847548767930029	1.29158936273937	276
0.0267448505008201	0.926417163085946	1679
0.01283641905127	1.01431452425188	236
0.00886852949045003	0.986227894627798	236
0.0601773675834501	0.738831501835876	1461
0.05641350202004	0.73230153821388	1283
0.0130481149005299	1.65562135973861	241
-0.1030019022843	1.52759905787358	2113
0.00688956849509004	1.74693660154834	282
-0.10375377133404	1.50045620922095	1733
0.0564586180276501	0.7291787063689	289
0.0564586180276501	0.7291787063689	276
-0.00148743516970007	1.32826875342477	1732
0.01762660750858	1.05527860512342	6417
0.0158270506187801	1.01584571964602	32
0.01073808555288	0.986018987641791	1975
0.0249601388256	0.981148471009105	2952
0.0156469767351	1.05949568864167	83
0.01385672024962	1.00129969052965	35
0.01900079726799	0.990487777656502	525
0.0575389563194899	0.735539281495884	1283
0.00583228306373007	1.39870196517092	2113
-0.0852418916083999	1.91069148760258	231
-0.09749924714054	1.50774232581494	3206
0.0199947631342301	0.988922744367811	1229
-0.10809199920433	1.50553926722406	6
0.0156469767351	1.05949568864167	276
0.0575844780375201	0.721280060796327	1679
0.05909639943171	0.732413252367468	4175
0.0639600109921501	0.706924423007218	525
0.0586650135481299	0.727466341426444	76
0.07827580643364	2.45014358898975	728
0.0036011539141001	1.34429277653344	1732
0.0219843459489499	0.95930086487897	1679
0.0564586180276501	0.7291787063689	696
0.0564586180276501	0.7291787063689	32
0.0590492242708101	0.71938512081813	32
0.06243546995815	0.715622506783986	525
0.05909639943171	0.732413252367468	2954
0.0553333606997799	0.726003060724617	160
0.0512088770730701	0.710036630394655	2517
-0.0787143026931501	1.92664934909443	728
0.00519288065699008	1.39333779323471	231
0.01270475663558	0.989369800883928	844
0.01663584502163	2.12303028884085	185
-0.11112037785305	1.38806575477784	865
0.0174379147702	1.02479123843069	171
0.0564586180276501	0.7291787063689	644
0.05641350202004	0.73230153821388	644
0.01900079726799	0.990487777656502	525
0.11582277161278	1.81207458223929	728
-0.00342882901411001	1.25777687570137	1976
0.00805905914040994	1.3755584022824	31
0.11270321857431	2.00851322335868	2952
0.00861134669942998	1.68390297025134	603
-0.10729790587619	1.51542807878622	231
0.11796427310092	1.98825210776156	844
0.00299978598065009	1.67836453532266	185
0.0601773675834501	0.738831501835876	1376
0.0196112265121999	0.990061113479714	6
0.0613061161992601	0.736870138681857	171
0.0601773675834501	0.738831501835876	171
0.05345510510515	0.705591875495488	35
0.0601773675834501	0.738831501835876	2978
0.05641350202004	0.73230153821388	525
0.05909639943171	0.732413252367468	525
0.0590492242708101	0.71938512081813	160
0.02258705018653	0.985472026975697	14
0.05528865080094	0.710076963530968	35
0.0613061161992601	0.736870138681857	644
0.05641350202004	0.73230153821388	644
0.0601773675834501	0.738831501835876	696
0.0601773675834501	0.738831501835876	1341
0.05420870620563	0.704228411225874	33
0.0575389563194899	0.735539281495884	160
0.05497011159784	0.71606070609252	1353
-0.0808869122611899	1.86455444859687	83
0.10278827310856	2.32002885201696	3449
-0.07610586861062	2.02628556952538	844
0.0156469767351	1.05949568864167	6
0.00452907125433999	1.33072484592331	298
0.05641350202004	0.73230153821388	644
0.0575389563194899	0.735539281495884	644
0.06243546995815	0.715622506783986	2978
0.05641350202004	0.73230153821388	32
0.0602249500357901	0.730499163381525	32
0.05796845388172	0.713364753517048	2329
0.05528865080094	0.710076963530968	525
0.05909639943171	0.732413252367468	1025
0.01861967783318	1.03813231461303	5752
0.0148396385435701	1.01341838191559	83
0.00834935132159997	1.38308736720039	1102
0.00347233343633002	1.64406931065522	140
-0.0949606828873799	1.46764048792073	185
0.0602249500357901	0.730499163381525	2095
0.0564586180276501	0.7291787063689	32
0.0586650135481299	0.727466341426444	2954
0.05528865080094	0.710076963530968	2562
0.01138086113797	0.980631355798895	185
0.0538446133566399	0.697984072867456	6
0.0586650135481299	0.727466341426444	277
-0.0799934009335601	1.89715669236662	35
0.01594301014882	1.73481079850499	35
0.0575844780375201	0.721280060796327	644
0.05796845388172	0.713364753517048	644
0.0575844780375201	0.721280060796327	644
0.05909639943171	0.732413252367468	32
0.0586650135481299	0.727466341426444	32
0.0586650135481299	0.727466341426444	2954
0.00501674524764995	1.60940543435529	2923
0.0249601388256	0.981148471009105	282
0.00967400237520999	0.987791504529157	1620
0.0166326567024699	1.06214654354186	298
0.01861967783318	1.03813231461303	298
0.01432550895257	0.997859811649447	276
0.00886852949045003	0.986227894627798	110
0.01900079726799	0.990487777656502	171
0.11117275275359	1.96529736185326	35
0.0575389563194899	0.735539281495884	35
0.0553333606997799	0.726003060724617	6683
0.05641350202004	0.73230153821388	32
0.0564586180276501	0.7291787063689	1989
0.00898694551023005	1.38833116500877	1062
-0.10145267488428	1.49890277436261	83
0.0148396385435701	1.01341838191559	83
-0.11523000399498	1.38060002784585	289
0.0206040580265801	0.998858284937535	2095
0.01184630208522	1.01187759335327	6683
0.0207955530829	1.03191932854969	1560
0.0564586180276501	0.7291787063689	1560
-0.09676753442652	1.46820899188356	187
0.0590492242708101	0.71938512081813	185
-0.10954415834783	1.42639408157369	185
0.00667719865763994	1.36025394670362	277
-0.00119850774615005	1.28137671369238	35
0.05979167355072	0.703228822066256	35
0.0564586180276501	0.7291787063689	670
0.0613541055333	0.709694942877597	32
-0.08652729896489	1.8088943145694	728
0.00146281610799992	1.28951191411904	1062
0.01965594285201	1.26829737603973	524
0.0628782115638999	0.701176308953298	2194
0.0902074587413699	2.13075181006565	289
0.0553333606997799	0.726003060724617	2095
0.0538446133566399	0.697984072867456	35
0.05420870620563	0.704228411225874	35
0.0602249500357901	0.730499163381525	1119
0.0602249500357901	0.730499163381525	32
0.00637290308212002	1.74650913555465	231
0.05641350202004	0.73230153821388	3964
0.0130803529741299	1.76459008415295	35
0.0564586180276501	0.7291787063689	3270
0.0564586180276501	0.7291787063689	2954
0.05796845388172	0.713364753517048	454
0.0575844780375201	0.721280060796327	2786
0.0119071898043099	1.57840422729548	1062
-0.0852418916083999	1.91069148760258	6897
0.0538446133566399	0.697984072867456	298
0.0553333606997799	0.726003060724617	644
0.0628782115638999	0.701176308953298	2954
0.0590492242708101	0.71938512081813	2954
0.0575389563194899	0.735539281495884	1111
0.0639600109921501	0.706924423007218	1111
0.05641350202004	0.73230153821388	4408
0.0564586180276501	0.7291787063689	679
0.0162137280813901	1.31689072768133	5235
-0.0787705791111499	1.8638947203053	1187
0.0538446133566399	0.697984072867456	1062
0.0613061161992601	0.736870138681857	524
0.0613061161992601	0.736870138681857	140
0.00739886362698994	1.34011577078713	282
0.01917505881493	0.944289793555793	289
0.0564586180276501	0.7291787063689	6
0.00769089857360994	0.984418091019068	210
0.01283641905127	1.01431452425188	277
0.0166326567024699	1.06214654354186	35
0.05497011159784	0.71606070609252	3270
0.0575389563194899	0.735539281495884	1685
0.0575389563194899	0.735539281495884	1685
0.01466521468185	1.04603703939955	4408
0.0156469767351	1.05949568864167	132
-0.10161276202932	1.53219468878035	185
-0.10021817851149	1.46791859413945	276
0.10693784548769	1.94884078994771	87
0.0587109405735999	0.697537733602536	32
0.0586650135481299	0.727466341426444	1746
0.0575389563194899	0.735539281495884	454
0.0601773675834501	0.738831501835876	33
0.05909639943171	0.732413252367468	33
0.0586650135481299	0.727466341426444	2336
0.0586650135481299	0.727466341426444	276
-0.0984892315972099	1.52123106759886	1067
0.0587109405735999	0.697537733602536	32
0.0587109405735999	0.697537733602536	1746
0.0587109405735999	0.697537733602536	6435
0.05641350202004	0.73230153821388	679
0.01466521468185	1.04603703939955	679
0.00519288065699008	1.39333779323471	35
0.0575389563194899	0.735539281495884	2128
0.0512088770730701	0.710036630394655	160
0.0538446133566399	0.697984072867456	2336
0.0575844780375201	0.721280060796327	679
-0.1186098268734	2.48875420576502	231
0.0601773675834501	0.738831501835876	282
-0.07927853155195	1.83044518376928	289
-0.0868109067609999	1.70456376534492	35
0.0564586180276501	0.7291787063689	3101
0.0602249500357901	0.730499163381525	97
0.05497011159784	0.71606070609252	2954
0.00416276328071996	1.32237395340536	2120
0.0123634422842001	0.994484905249418	282
0.0613061161992601	0.736870138681857	277
0.0575389563194899	0.735539281495884	35
0.0153049839878701	0.988937700580164	35
0.0575389563194899	0.735539281495884	3101
0.0130250114324999	1.00660600212186	32
0.0164539794121601	1.02233757929324	2128
0.05420870620563	0.704228411225874	790
0.01762660750858	1.05527860512342	231
0.0601773675834501	0.738831501835876	132
0.06243546995815	0.715622506783986	395
0.01155093501475	1.02920586895316	140
-0.0904908303016401	1.81283114861405	2173
-0.0764763854452299	1.88504836402244	87
0.0575844780375201	0.721280060796327	670
0.0553333606997799	0.726003060724617	330
0.0523316931375899	0.713064500693182	790
0.0575389563194899	0.735539281495884	436
0.05979167355072	0.703228822066256	679
0.0602249500357901	0.730499163381525	1467
0.0575389563194899	0.735539281495884	35
0.0553333606997799	0.726003060724617	32
0.0553333606997799	0.726003060724617	687
0.0156469767351	1.05949568864167	676
0.0135153024651999	1.03282257608606	1896
0.0135153024651999	1.03282257608606	83
0.01264624725632	1.74174415949602	231
0.05497011159784	0.71606070609252	1959
-0.0622225726644901	2.45525884748605	185
0.0560962080610301	0.714264141170933	276
0.0628782115638999	0.701176308953298	277
0.0158270506187801	1.01584571964602	35
-0.00398392257271007	1.27771882255411	35
0.0037358248647299	1.75338584587204	32
0.0148396385435701	1.01341838191559	330
0.0586650135481299	0.727466341426444	790
0.05909639943171	0.732413252367468	679
0.01073808555288	0.986018987641791	159
0.0601773675834501	0.738831501835876	35
-0.11009553958572	1.3610550438684	35
0.06254910003754	0.640425211255291	160
0.05641350202004	0.73230153821388	679
0.01880875795999	1.02415737930265	673
0.01073808555288	0.986018987641791	132
0.00787640345275009	0.988054240693513	132
0.0601773675834501	0.738831501835876	140
0.00545756462922009	1.30920107122986	276
0.0628782115638999	0.701176308953298	1815
0.0165830094004	1.7050939773808	1062
0.0231974825988399	2.40859506857949	83
0.0613061161992601	0.736870138681857	132
0.0586650135481299	0.727466341426444	395
0.06282855236369	0.694011544633278	140
0.05641350202004	0.73230153821388	1603
0.0560962080610301	0.714264141170933	35
0.0209878376217001	0.977391845324852	35
0.0500866570905001	0.689354783889821	160
0.0587109405735999	0.697537733602536	679
-0.04812321604342	2.10821125197625	2120
0.0198025993731401	1.03371267122963	1603
0.0145863453942501	2.49032573311972	334
0.0136576557190899	2.01367031094757	35
0.0120886763522401	1.768779405504	32
0.0553333606997799	0.726003060724617	3026
0.0564586180276501	0.7291787063689	606
0.00147883875361998	1.63959710107024	83
0.0575389563194899	0.735539281495884	298
0.0135153024651999	1.03282257608606	276
0.0586650135481299	0.727466341426444	334
0.0106260815885699	2.1502900427336	35
0.0135153024651999	1.03282257608606	330
0.01073808555288	0.986018987641791	256
0.06282855236369	0.694011544633278	86
0.0125336358272199	1.03493541717787	2318
0.01432550895257	0.997859811649447	2318
0.05641350202004	0.73230153821388	32
0.00589682101925004	0.969293131799739	330
0.0575389563194899	0.735539281495884	330
0.05796845388172	0.713364753517048	201
0.0613061161992601	0.736870138681857	1501
0.00734156212042003	1.76338365893775	615
0.0601773675834501	0.738831501835876	132
0.05528865080094	0.710076963530968	445
0.00805905914040994	1.3755584022824	445
0.0586650135481299	0.727466341426444	334
0.00886852949045003	0.986227894627798	334
0.0538446133566399	0.697984072867456	642
0.0156469767351	1.05949568864167	262
0.01138086113797	0.980631355798895	206
0.0553333606997799	0.726003060724617	201
0.0125336358272199	1.03493541717787	201
0.05796845388172	0.713364753517048	679
0.0125336358272199	1.03493541717787	159
0.0154733721749301	1.0099962487997	262
0.06282855236369	0.694011544633278	86
0.0199947631342301	0.988922744367811	606
0.05909639943171	0.732413252367468	606
0.0512088770730701	0.710036630394655	3177
0.0613061161992601	0.736870138681857	679
0.0154755122096899	1.00461431112535	1187
-0.10636620964469	1.52322116217949	159
0.0553333606997799	0.726003060724617	3368
0.05641350202004	0.73230153821388	159
0.05796845388172	0.713364753517048	5967
0.0590492242708101	0.71938512081813	276
0.05909639943171	0.732413252367468	35
0.0553333606997799	0.726003060724617	2639
0.0553333606997799	0.726003060724617	6437
0.01039725508469	0.949601870733039	201
0.0575389563194899	0.735539281495884	679
0.0553333606997799	0.726003060724617	3200
0.05641350202004	0.73230153821388	1440
0.0575389563194899	0.735539281495884	159
0.0564586180276501	0.7291787063689	5967
0.00154484277705991	1.94066690666389	342
-0.07502465618127	1.85421022181561	110
0.01385672024962	1.00129969052965	2666
0.05420870620563	0.704228411225874	334
-0.0791337895395501	1.91182998759365	2338
0.0553333606997799	0.726003060724617	35
0.01283641905127	1.01431452425188	6303
0.0553333606997799	0.726003060724617	642
0.0553333606997799	0.726003060724617	3145
0.05345510510515	0.705591875495488	606
0.0135153024651999	1.03282257608606	201
0.0500866570905001	0.689354783889821	3200
0.0575389563194899	0.735539281495884	83
0.05796845388172	0.713364753517048	5590
-0.10791616277827	1.50788682875682	2338
0.06243546995815	0.715622506783986	35
0.11133644080032	1.9512511566779	1038
0.0036011539141001	1.34429277653344	606
0.05641350202004	0.73230153821388	6437
0.0553333606997799	0.726003060724617	201
0.05528865080094	0.710076963530968	185
0.05420870620563	0.704228411225874	334
0.00267381217128992	1.35045714768402	87
0.00864098649154999	1.32402360525397	867
0.01368653745468	0.980640359607828	35
0.06243546995815	0.715622506783986	201
0.05528865080094	0.710076963530968	342
0.05875013151173	0.686404568640005	28
0.05641350202004	0.73230153821388	262
0.0586650135481299	0.727466341426444	1439
0.05796845388172	0.713364753517048	201
0.0156469767351	1.05949568864167	893
0.01554467216987	1.76834233710682	588
0.0575389563194899	0.735539281495884	585
0.01334499330124	0.99976672401657	2807
-0.0959259095756699	1.47323673684446	1817
0.05528865080094	0.710076963530968	86
0.01762660750858	1.05527860512342	201
0.0586650135481299	0.727466341426444	201
0.0639600109921501	0.706924423007218	2149
-0.0772112661437201	1.901892323061	83
0.0512088770730701	0.710036630394655	132
0.0229771782032899	0.983813465991918	342
-0.10944487372648	1.45423566020343	110
0.0628782115638999	0.701176308953298	3963
0.0601773675834501	0.738831501835876	256
0.0564586180276501	0.7291787063689	2241
0.0564586180276501	0.7291787063689	201
0.0553333606997799	0.726003060724617	2149
0.0613541055333	0.709694942877597	35
0.0164938775425301	2.07298730780082	35
0.0132177491810299	1.74626649573647	35
0.0564586180276501	0.7291787063689	2070
0.0500866570905001	0.689354783889821	86
0.0553333606997799	0.726003060724617	606
0.0586650135481299	0.727466341426444	530
0.0590492242708101	0.71938512081813	201
-0.10208125202175	1.46028927547418	893
0.0174379147702	1.02479123843069	132
0.01301000698232	1.73030227041196	132
0.00991540264081991	1.39060660856826	110
-0.10631263638082	1.51219823989659	110
0.0105252703828	1.77640241105621	110
0.0575389563194899	0.735539281495884	35
0.05909639943171	0.732413252367468	6051
0.0586650135481299	0.727466341426444	530
0.0564586180276501	0.7291787063689	83
0.0156469767351	1.05949568864167	342
0.0174379147702	1.02479123843069	342
0.00787640345275009	0.988054240693513	342
0.05420870620563	0.704228411225874	2458
0.0512088770730701	0.710036630394655	1063
0.0575389563194899	0.735539281495884	3
0.0215960008174101	0.997243643286838	849
0.0135153024651999	1.03282257608606	83
-0.12455629241295	2.1306255510377	132
0.0156469633454599	0.932091590207064	342
0.05909639943171	0.732413252367468	342
0.05641350202004	0.73230153821388	342
0.0553333606997799	0.726003060724617	298
0.0602249500357901	0.730499163381525	110
0.0601773675834501	0.738831501835876	110
0.05722290255799	0.694544950616315	2458
0.0108444309449101	1.38299768504835	1322
0.01073808555288	0.986018987641791	3053
0.0575389563194899	0.735539281495884	185
0.0628782115638999	0.701176308953298	342
0.0564586180276501	0.7291787063689	342
-0.0979063098884401	1.51028625487831	3027
0.0166326567024699	1.06214654354186	75
0.0613061161992601	0.736870138681857	101
0.00290235932717997	1.66707796707184	334
0.0575844780375201	0.721280060796327	35
-0.07822790250797	1.89934658109	28
0.0564586180276501	0.7291787063689	585
0.0123634422842001	0.994484905249418	374
0.05497011159784	0.71606070609252	1404
0.00609703846366005	1.26128020846765	1665
0.06667896008021	0.652914930517597	5491
0.00574699720454008	1.36755508274636	342
0.06243546995815	0.715622506783986	3027
0.0209878376217001	0.977391845324852	28
0.05979167355072	0.703228822066256	240
0.0198025993731401	1.03371267122963	83
-0.10850109833993	1.50395248298016	342
0.00267381217128992	1.35045714768402	342
0.0575389563194899	0.735539281495884	35
0.0148396385435701	1.01341838191559	35
0.00481736739324989	1.36532032108979	28
0.0086828882149399	0.989626883484333	240
0.0586650135481299	0.727466341426444	1404
0.0174860820731799	1.73766568989878	32
0.0166326567024699	1.06214654354186	2626
0.0130250114324999	1.00660600212186	2626
0.10658067156815	2.19257160756422	2330
0.01382564401333	1.00821739453195	342
0.0045532446452099	1.33090872327194	334
0.05796845388172	0.713364753517048	110
0.0601773675834501	0.738831501835876	240
0.0601773675834501	0.738831501835876	3
0.0575389563194899	0.735539281495884	1404
0.0575844780375201	0.721280060796327	3857
0.06243546995815	0.715622506783986	226
0.0523316931375899	0.713064500693182	3013
0.0523316931375899	0.713064500693182	1985
0.0613061161992601	0.736870138681857	893
0.0560962080610301	0.714264141170933	1164
0.0613061161992601	0.736870138681857	1164
-0.0777783994559	1.87064680714873	342
0.0601773675834501	0.738831501835876	342
0.0601773675834501	0.738831501835876	1215
0.0166326567024699	1.06214654354186	28
0.05641350202004	0.73230153821388	3488
-0.06636766862685	2.146621035735	962
0.0586650135481299	0.727466341426444	2209
0.05641350202004	0.73230153821388	849
0.0135153024651999	1.03282257608606	849
0.05420870620563	0.704228411225874	1164
0.05345510510515	0.705591875495488	1599
0.05641350202004	0.73230153821388	342
0.0560962080610301	0.714264141170933	35
0.05497011159784	0.71606070609252	32
0.0613061161992601	0.736870138681857	794
0.10790521893873	1.9750802270909	4636
0.00612129173431009	1.39058131593061	1164
0.0154755122096899	1.00461431112535	1215
0.00991540264081991	1.39060660856826	342
0.05345510510515	0.705591875495488	957
0.05420870620563	0.704228411225874	3
0.0586650135481299	0.727466341426444	3
0.01432550895257	0.997859811649447	3
0.00519288065699008	1.39333779323471	132
-0.0819143958381401	1.91695914600645	1215
0.0094727958824099	2.01420491975081	334
0.05641350202004	0.73230153821388	32
0.0553333606997799	0.726003060724617	240
0.05497011159784	0.71606070609252	3
0.0564586180276501	0.7291787063689	3257
0.01334499330124	0.99976672401657	101
0.0628782115638999	0.701176308953298	210
0.00975320576919003	0.972412242433863	1164
0.0207955530829	1.03191932854969	334
0.00259603193603009	1.37230076510256	334
-0.1030019022843	1.52759905787358	28
0.0628782115638999	0.701176308953298	957
0.0613061161992601	0.736870138681857	240
0.05909639943171	0.732413252367468	631
0.0169916343101599	0.987503295537651	58
0.0206040580265801	0.998858284937535	897
0.0553333606997799	0.726003060724617	342
-0.0806883426177301	1.86397446496394	270
0.0500866570905001	0.689354783889821	957
0.0553333606997799	0.726003060724617	957
0.00953540672497	1.75931219327637	35
0.0512088770730701	0.710036630394655	240
0.00704943908702993	1.74791191661313	3
0.00991540264081991	1.39060660856826	2626
0.00416276328071996	1.32237395340536	27
0.05909639943171	0.732413252367468	3558
0.01520563370906	0.987522609328246	326
0.0602249500357901	0.730499163381525	1215
0.01843085892553	1.01854485705832	4774
0.05641350202004	0.73230153821388	334
0.01800594471836	0.981839482153707	519
0.05641350202004	0.73230153821388	408
0.0601773675834501	0.738831501835876	4227
0.0523316931375899	0.713064500693182	4968
0.0092783102440599	1.3853520598003	185
0.0586650135481299	0.727466341426444	1115
0.0613061161992601	0.736870138681857	270
0.0209878376217001	0.977391845324852	35
0.00861773706928992	1.36320993553967	58
0.0185083198722	1.74062636268181	897
0.00773780064847007	1.76476947904012	897
0.0553333606997799	0.726003060724617	1164
0.05909639943171	0.732413252367468	745
0.00345421728683992	1.96185152123257	87
0.01368653745468	0.980640359607828	519
0.0590492242708101	0.71938512081813	240
0.05641350202004	0.73230153821388	240
0.05641350202004	0.73230153821388	1875
0.00461834608945999	1.32228651466696	342
0.01066423641536	0.97907940333588	87
0.0148396385435701	1.01341838191559	240
0.0575389563194899	0.735539281495884	987
0.0587109405735999	0.697537733602536	631
0.0997673196494799	2.28815815020874	270
-0.1092545148445	1.46924983036325	35
0.0168220093131399	1.00974315286943	957
0.0575389563194899	0.735539281495884	1006
0.05641350202004	0.73230153821388	4455
0.06243546995815	0.715622506783986	5055
0.05641350202004	0.73230153821388	631
0.05641350202004	0.73230153821388	73
0.0125336358272199	1.03493541717787	4319
-0.10809199920433	1.50553926722406	4853
0.0613061161992601	0.736870138681857	35
0.00967400237520999	0.987791504529157	3
0.05345510510515	0.705591875495488	3
0.0602249500357901	0.730499163381525	3
0.0613061161992601	0.736870138681857	3073
0.06509207715123	0.69313252886304	2352
0.11914856125904	1.98448340796965	1164
0.0586650135481299	0.727466341426444	2593
0.01432550895257	0.997859811649447	35
0.01155093501475	1.02920586895316	35
0.0613061161992601	0.736870138681857	5373
0.05762133196322	0.674348958506194	3073
0.0602249500357901	0.730499163381525	73
0.0125336358272199	1.03493541717787	3033
0.06509207715123	0.69313252886304	5585
0.05909639943171	0.732413252367468	3
0.0575389563194899	0.735539281495884	3
0.02813723649686	0.933961928500055	463
0.0601773675834501	0.738831501835876	3941
0.0628782115638999	0.701176308953298	1164
0.05641350202004	0.73230153821388	342
0.01056720526258	1.01414204514268	342
0.0586650135481299	0.727466341426444	342
0.0575389563194899	0.735539281495884	32
0.05909639943171	0.732413252367468	508
0.0120347692751499	1.01268053225664	3
0.05909639943171	0.732413252367468	3
0.0575844780375201	0.721280060796327	3
0.0586650135481299	0.727466341426444	659
0.0613061161992601	0.736870138681857	58
0.01334499330124	0.99976672401657	298
0.0601773675834501	0.738831501835876	334
0.01800594471836	0.981839482153707	3042
0.05641350202004	0.73230153821388	3
0.05420870620563	0.704228411225874	2527
0.11137519492937	1.99561864034049	27
-0.10874597042944	1.4931433317581	67
-0.11365481832596	1.42189476335453	326
0.0575389563194899	0.735539281495884	3196
0.0602249500357901	0.730499163381525	240
0.05497011159784	0.71606070609252	3
0.06243546995815	0.715622506783986	3
0.0070502766973799	1.37901746915894	1387
0.01138020893848	1.99858850179551	185
0.02016219286781	0.948668917417895	185
0.0613541055333	0.709694942877597	3290
0.0560962080610301	0.714264141170933	361
0.01073808555288	0.986018987641791	1675
-0.09266726130406	1.43847435156534	334
0.0613061161992601	0.736870138681857	1478
0.0564586180276501	0.7291787063689	2527
0.0601773675834501	0.738831501835876	451
0.00975320576919003	0.972412242433863	497
0.06401007866028	0.687658800479857	795
0.00574699720454008	1.36755508274636	326
0.0575389563194899	0.735539281495884	67
0.05796845388172	0.713364753517048	83
0.00797983597127994	1.35817018881171	185
0.05497011159784	0.71606070609252	298
0.00554461300316	1.3368869810665	220
0.01138086113797	0.980631355798895	27
0.00777010692361002	1.29861441244893	27
0.10595413608568	1.91994659483352	27
0.0590492242708101	0.71938512081813	1164
0.0601773675834501	0.738831501835876	3540
0.0553333606997799	0.726003060724617	35
-0.11360503993999	1.46318145114391	185
0.0586650135481299	0.727466341426444	632
0.0564586180276501	0.7291787063689	361
0.0564586180276501	0.7291787063689	1675
0.01520563370906	0.987522609328246	316
0.00245025996776005	1.63234490465989	2826
0.05796845388172	0.713364753517048	75
0.0564586180276501	0.7291787063689	240
0.0560962080610301	0.714264141170933	4963
0.0613061161992601	0.736870138681857	342
0.0601773675834501	0.738831501835876	361
0.01807438200637	1.31261955740211	178
0.0125336358272199	1.03493541717787	361
0.0564586180276501	0.7291787063689	1675
0.01432550895257	0.997859811649447	316
0.00490494497141003	1.39245704644426	317
0.0156469767351	1.05949568864167	35
0.0613061161992601	0.736870138681857	35
0.00519288065699008	1.39333779323471	348
0.0575844780375201	0.721280060796327	75
0.0523316931375899	0.713064500693182	981
0.0512088770730701	0.710036630394655	5184
0.0229771782032899	0.983813465991918	185
0.0512088770730701	0.710036630394655	342
0.01900079726799	0.990487777656502	298
0.01432181780828	2.49223882592421	861
0.0115018727989999	1.34790349559051	35
0.00864098649154999	1.32402360525397	3
0.01264624725632	1.74174415949602	58
0.0523316931375899	0.713064500693182	6622
0.05641350202004	0.73230153821388	316
0.0639600109921501	0.706924423007218	35
0.0523316931375899	0.713064500693182	220
-0.0984892315972099	1.52123106759886	4703
0.00813223780151007	2.26598650672632	795
0.01155093501475	1.02920586895316	1700
0.01322450290168	0.951838214298913	4363
0.00957101976596997	1.31732648362422	361
0.0602249500357901	0.730499163381525	861
0.0931975062930399	2.17845615269179	35
0.0553333606997799	0.726003060724617	3
0.0553333606997799	0.726003060724617	2303
0.0601773675834501	0.738831501835876	124
-0.10438561860103	1.43580821706059	185
0.00388886453927007	1.32591477663397	185
-0.10775909654294	1.51480469884144	185
0.00519288065699008	1.39333779323471	35
0.0523316931375899	0.713064500693182	75
0.05641350202004	0.73230153821388	3
0.0553333606997799	0.726003060724617	3
0.0553333606997799	0.726003060724617	2303
0.05641350202004	0.73230153821388	1509
-0.10420837916272	1.46677920610512	58
0.11715086139003	2.01076331679821	326
-0.10415568023491	1.50991941369476	83
0.02476573706895	0.957488826524101	83
0.0523316931375899	0.713064500693182	209
0.05345510510515	0.705591875495488	35
0.05641350202004	0.73230153821388	35
0.0602249500357901	0.730499163381525	3
-0.0759356384657499	1.90855765937837	548
-0.0749018403347801	1.90455580569931	187
0.0070502766973799	1.37901746915894	58
0.01466521468185	1.04603703939955	342
0.05641350202004	0.73230153821388	342
0.0601773675834501	0.738831501835876	361
0.0148396385435701	1.01341838191559	361
0.01172193758603	0.99121871977469	316
0.01457414725113	1.76697850722729	34
0.0160034425553499	0.989065946048087	35
0.0196112265121999	0.990061113479714	35
0.0575389563194899	0.735539281495884	75
0.05641350202004	0.73230153821388	220
0.0523316931375899	0.713064500693182	220
0.0553333606997799	0.726003060724617	6193
0.0601773675834501	0.738831501835876	124
0.0586650135481299	0.727466341426444	2180
-0.08607155766357	1.81419910360645	118
0.01797123809491	1.23812663682866	361
0.05796845388172	0.713364753517048	65
0.0575844780375201	0.721280060796327	298
0.01334499330124	0.99976672401657	35
0.05909639943171	0.732413252367468	220
0.0553333606997799	0.726003060724617	6193
0.05528865080094	0.710076963530968	124
0.0162137280813901	1.31689072768133	27
0.05528865080094	0.710076963530968	1749
0.0215960008174101	0.997243643286838	326
0.0207955530829	1.03191932854969	326
0.05345510510515	0.705591875495488	1550
0.0553333606997799	0.726003060724617	185
0.01270475663558	0.989369800883928	1230
0.0575389563194899	0.735539281495884	3389
0.01138086113797	0.980631355798895	326
0.0198025993731401	1.03371267122963	326
0.05979167355072	0.703228822066256	326
0.01334499330124	0.99976672401657	326
0.05641350202004	0.73230153821388	4036
0.05909639943171	0.732413252367468	316
0.0564586180276501	0.7291787063689	35
0.0564586180276501	0.7291787063689	1673
-0.0984892315972099	1.52123106759886	58
0.00967400237520999	0.987791504529157	326
0.0523316931375899	0.713064500693182	4036
0.0655443625485601	0.652259654096076	1610
0.0575389563194899	0.735539281495884	175
0.00787640345275009	0.988054240693513	6224
0.06282855236369	0.694011544633278	5226
0.0196112265121999	0.990061113479714	34
0.0575844780375201	0.721280060796327	35
0.0553333606997799	0.726003060724617	75
0.0553333606997799	0.726003060724617	751
0.0601773675834501	0.738831501835876	342
0.0165395696883	2.12757258498915	317
0.0601773675834501	0.738831501835876	1
0.01334499330124	0.99976672401657	35
0.0586650135481299	0.727466341426444	220
0.0560962080610301	0.714264141170933	3111
0.1152613159859	1.98000406734113	185
0.01283641905127	1.01431452425188	1386
0.0628782115638999	0.701176308953298	1
0.00667719865763994	1.36025394670362	712
0.0601773675834501	0.738831501835876	4347
0.0553333606997799	0.726003060724617	35
0.0560962080610301	0.714264141170933	1816
0.0613541055333	0.709694942877597	1816
0.0601773675834501	0.738831501835876	35
0.0553333606997799	0.726003060724617	220
0.0575389563194899	0.735539281495884	411
0.0575389563194899	0.735539281495884	102
0.0590492242708101	0.71938512081813	605
0.01880875795999	1.02415737930265	2560
0.01073808555288	0.986018987641791	185
-0.0979063098884401	1.51028625487831	1610
-0.10383014047791	1.45139284102728	1386
0.01880875795999	1.02415737930265	35
0.01762660750858	1.05527860512342	35
0.0158270506187801	1.01584571964602	1816
0.0553333606997799	0.726003060724617	35
0.0613061161992601	0.736870138681857	220
0.0553333606997799	0.726003060724617	220
0.05796845388172	0.713364753517048	220
0.0564586180276501	0.7291787063689	220
0.05909639943171	0.732413252367468	346
0.09799596148459	2.35863517873286	326
0.01177403083454	1.36522131033221	2560
0.06509207715123	0.69313252886304	712
-0.07370052622742	1.85331028973272	1004
0.01466521468185	1.04603703939955	35
0.0125336358272199	1.03493541717787	404
0.05420870620563	0.704228411225874	85
0.0575844780375201	0.721280060796327	4295
-0.11047805355804	1.51868879607094	6395
0.05641350202004	0.73230153821388	87
0.01843085892553	1.01854485705832	1425
0.0575844780375201	0.721280060796327	75
0.05722290255799	0.694544950616315	411
0.01039725508469	0.949601870733039	404
-0.0610974001892299	2.23031495628253	342
0.11230139301778	1.97737873194548	139
0.0575389563194899	0.735539281495884	1621
0.0158143135600599	2.10036709689043	40
0.0586650135481299	0.727466341426444	1
0.00147883875361998	1.63959710107024	35
0.00369265087298998	1.29672266297711	220
-0.00148743516970007	1.32826875342477	1013
0.0586650135481299	0.727466341426444	411
0.0628782115638999	0.701176308953298	233
0.0601773675834501	0.738831501835876	605
0.0575389563194899	0.735539281495884	5276
0.00583228306373007	1.39870196517092	83
0.0125336358272199	1.03493541717787	139
0.00732908093752993	1.2901910840264	1
0.01805753955422	1.7248140082675	1004
0.0564586180276501	0.7291787063689	35
0.05909639943171	0.732413252367468	4039
0.05497011159784	0.71606070609252	1443
0.01843085892553	1.01854485705832	1443
0.0139961791205301	1.35893248554761	342
0.05875013151173	0.686404568640005	35
-0.09676753442652	1.46820899188356	1332
0.05641350202004	0.73230153821388	1013
0.0166326567024699	1.06214654354186	404
0.05641350202004	0.73230153821388	751
-0.11619177016288	1.34327826065865	139
0.0133189987890401	2.15684696185095	2696
-0.11082390384457	1.47895487832536	712
0.0092783102440599	1.3853520598003	1004
-0.11365481832596	1.42189476335453	35
0.0575844780375201	0.721280060796327	411
0.00704943908702993	1.74791191661313	298
-0.06659640981199	2.20742930850058	40
0.00796371814932995	1.33146377209154	175
-0.0833442736604599	1.88162477363964	2696
0.0036011539141001	1.34429277653344	35
0.0207955530829	1.03191932854969	4277
0.01155093501475	1.02920586895316	1319
0.01520563370906	0.987522609328246	118
0.00362490703226004	1.32529768007231	1
0.0523316931375899	0.713064500693182	1
-0.0628114503926101	2.2101433627118	1
0.0575844780375201	0.721280060796327	220
0.0575844780375201	0.721280060796327	102
0.01762660750858	1.05527860512342	102
0.05420870620563	0.704228411225874	751
0.05796845388172	0.713364753517048	87
0.0639600109921501	0.706924423007218	1169
0.01073808555288	0.986018987641791	1004
0.00893017821126008	1.63383057448276	926
0.0564586180276501	0.7291787063689	102
0.0613541055333	0.709694942877597	751
0.00676019416064011	1.39591295278871	1561
0.05641350202004	0.73230153821388	161
0.0553333606997799	0.726003060724617	4245
-0.10572690556407	1.5327621501713	23
-0.10161276202932	1.53219468878035	3198
0.00356230211558994	2.33787920297406	1
0.0586650135481299	0.727466341426444	345
0.0125336358272199	1.03493541717787	345
0.0133614079797499	1.35398070942206	1004
0.00606232499105008	1.72809685027659	35
0.11020719768756	1.93949565065654	247
0.05528865080094	0.710076963530968	102
-0.04827091714865	2.4621495786251	326
0.0154733721749301	1.0099962487997	83
0.0982975522548999	2.38020217637942	2
0.05909639943171	0.732413252367468	102
0.0135818672115899	1.75401046549734	118
0.00137697910529	1.32952650761308	1004
-0.11221728378882	1.3917834457664	75
0.000178655202649924	1.33553477592516	411
0.10789090526031	1.91114572285711	102
0.0553333606997799	0.726003060724617	751
0.0564586180276501	0.7291787063689	751
-0.0700654670723799	2.14802957494681	83
0.05796845388172	0.713364753517048	1537
0.0227830016875501	0.930376526328771	23
-0.000268883416179921	1.26930893370884	211
0.01155093501475	1.02920586895316	298
0.0575844780375201	0.721280060796327	1319
0.0553333606997799	0.726003060724617	1319
0.0564586180276501	0.7291787063689	102
0.0553333606997799	0.726003060724617	102
0.0602249500357901	0.730499163381525	102
0.01102800279809	1.66530537547345	83
0.02178761439246	1.01906439664895	139
0.01861967783318	1.03813231461303	1004
0.0135153024651999	1.03282257608606	35
0.0586650135481299	0.727466341426444	411
0.01155093501475	1.02920586895316	411
0.05641350202004	0.73230153821388	102
0.05641350202004	0.73230153821388	2718
-0.10262109518938	1.41617695342698	421
0.01340414935572	2.40715707216384	23
-0.0983118338126701	1.45291525745777	40
0.00295982106639991	1.32837036872369	411
0.05796845388172	0.713364753517048	102
0.05979167355072	0.703228822066256	102
0.0639600109921501	0.706924423007218	83
0.05497011159784	0.71606070609252	83
0.05641350202004	0.73230153821388	2
0.05457911279273	0.683055565538803	291
0.0575844780375201	0.721280060796327	1004
-0.10086877047997	1.48832320122841	35
0.0586650135481299	0.727466341426444	102
0.00259603193603009	1.37230076510256	161
-0.07024588088519	2.24255378353023	161
0.0590492242708101	0.71938512081813	83
0.01466521468185	1.04603703939955	83
0.0181870085792999	0.922005180247455	87
0.0613541055333	0.709694942877597	291
0.0613061161992601	0.736870138681857	2682
0.0586650135481299	0.727466341426444	102
0.0166326567024699	1.06214654354186	102
0.0586650135481299	0.727466341426444	5602
0.00388830881652003	1.35295803346817	2
-0.0994781298465199	1.52448741037587	298
0.06401007866028	0.687658800479857	411
0.01155093501475	1.02920586895316	411
0.00688956849509004	1.74693660154834	2
0.05909639943171	0.732413252367468	40
0.0166326567024699	1.06214654354186	1004
0.05641350202004	0.73230153821388	102
0.0575389563194899	0.735539281495884	2529
0.0125336358272199	1.03493541717787	515
0.05909639943171	0.732413252367468	2142
-0.10474088011832	1.5209221057277	2
0.01432550895257	0.997859811649447	139
0.0575389563194899	0.735539281495884	298
0.0553333606997799	0.726003060724617	714
0.0553333606997799	0.726003060724617	298
-0.11207941038709	1.38628796348469	152
-0.0689233705176799	1.85086878051164	582
0.01466521468185	1.04603703939955	582
0.0011053443367901	1.34429158535197	6615
0.00822981720720994	0.94787202667983	411
-0.10769571361539	1.53085337314631	102
0.05528865080094	0.710076963530968	2529
0.0564586180276501	0.7291787063689	714
0.0575844780375201	0.721280060796327	1660
0.05641350202004	0.73230153821388	102
0.0070502766973799	1.37901746915894	102
0.0135153024651999	1.03282257608606	627
-0.00241540397290008	1.32709225033197	112
0.01283641905127	1.01431452425188	2
0.05641350202004	0.73230153821388	1004
0.0553333606997799	0.726003060724617	1085
0.01880875795999	1.02415737930265	2695
0.0198025993731401	1.03371267122963	75
0.01138086113797	0.980631355798895	102
0.0586650135481299	0.727466341426444	515
0.0135153024651999	1.03282257608606	161
0.00305198609555002	1.3482683784223	6900
0.0602249500357901	0.730499163381525	4451
0.05796845388172	0.713364753517048	996
0.01807438200637	1.31261955740211	1561
0.05420870620563	0.704228411225874	161
0.10877923138778	2.32091142477031	161
0.0553333606997799	0.726003060724617	2062
0.01334499330124	0.99976672401657	83
0.06243546995815	0.715622506783986	1446
-0.10006158265894	1.50434137035339	35
0.0575389563194899	0.735539281495884	4122
0.0575389563194899	0.735539281495884	1418
0.05909639943171	0.732413252367468	411
0.05796845388172	0.713364753517048	4451
-0.0843758034898801	1.91101007133694	23
0.01843085892553	1.01854485705832	298
0.0135153024651999	1.03282257608606	1594
0.00676019416064011	1.39591295278871	1
0.0586650135481299	0.727466341426444	1
0.0553333606997799	0.726003060724617	1004
0.0601773675834501	0.738831501835876	1004
0.00331478049459011	1.29869411623542	2695
0.0068834029526601	0.982858161976339	411
0.0601773675834501	0.738831501835876	1745
0.01120924071748	1.33131945726029	80
0.0586650135481299	0.727466341426444	627
-0.09913926349521	1.47993102042622	23
0.01900079726799	0.990487777656502	2
0.0156469767351	1.05949568864167	23
0.0872953264214999	2.20620322561646	65
0.0601773675834501	0.738831501835876	211
0.0613061161992601	0.736870138681857	1594
0.0575389563194899	0.735539281495884	1122
0.00612129173431009	1.39058131593061	411
0.0666267978752699	0.657060142134051	1524
0.00676019416064011	1.39591295278871	23
0.0575389563194899	0.735539281495884	1004
0.00975320576919003	0.972412242433863	4855
0.05641350202004	0.73230153821388	102
0.01073808555288	0.986018987641791	627
0.0575844780375201	0.721280060796327	996
0.06282855236369	0.694011544633278	1
0.0174379147702	1.02479123843069	291
0.01020784079766	1.37781567552905	1122
0.0575389563194899	0.735539281495884	991
0.0123634422842001	0.994484905249418	918
0.0601773675834501	0.738831501835876	1326
0.0564586180276501	0.7291787063689	1326
0.0564586180276501	0.7291787063689	928
0.0564586180276501	0.7291787063689	411
-0.00177501538335001	1.29045731724917	652
0.05641350202004	0.73230153821388	4855
0.0144959296800999	1.02306398241213	627
0.0553333606997799	0.726003060724617	112
0.01382564401333	1.00821739453195	114
0.0602249500357901	0.730499163381525	114
0.0575389563194899	0.735539281495884	1142
0.0613061161992601	0.736870138681857	3430
0.00870839689971992	1.76060148578876	804
0.00901824402216	2.00377790663123	34
-0.08661528016668	1.88801743964398	35
0.0147965172318401	2.12312988315706	469
0.05909639943171	0.732413252367468	627
0.05497011159784	0.71606070609252	112
0.0601773675834501	0.738831501835876	996
0.00704943908702993	1.74791191661313	421
0.01167067085152	1.68861784855757	1146
0.0601773675834501	0.738831501835876	114
0.00415449498452003	2.12073628212606	432
0.01334499330124	0.99976672401657	35
0.0602249500357901	0.730499163381525	80
0.0564586180276501	0.7291787063689	627
0.05641350202004	0.73230153821388	3807
0.0575389563194899	0.735539281495884	421
0.00612129173431009	1.39058131593061	570
0.06243546995815	0.715622506783986	2042
0.01283641905127	1.01431452425188	1004
0.0199947631342301	0.988922744367811	1480
0.12450307458935	1.89049096243675	121
0.0512088770730701	0.710036630394655	1342
0.01172193758603	0.99121871977469	627
0.0500866570905001	0.689354783889821	11
0.0602249500357901	0.730499163381525	996
-0.07697072692912	1.75724107821564	2
-0.07851681116737	1.79903269987007	2
0.11463771671515	2.00834814380408	1
-0.10475666438763	1.45080808783438	991
0.05641350202004	0.73230153821388	991
0.0553333606997799	0.726003060724617	1342
0.0613061161992601	0.736870138681857	411
0.0575389563194899	0.735539281495884	102
0.0156469767351	1.05949568864167	627
0.05796845388172	0.713364753517048	11
0.0601773675834501	0.738831501835876	996
0.06282855236369	0.694011544633278	235
0.11700352789261	1.9316688390863	1146
0.00407484903007993	1.23781617085846	114
0.05641350202004	0.73230153821388	250
0.11852638811618	2.01653943317985	298
0.05909639943171	0.732413252367468	991
0.0613061161992601	0.736870138681857	4986
0.0602249500357901	0.730499163381525	121
0.0575844780375201	0.721280060796327	411
0.0590492242708101	0.71938512081813	411
0.0512088770730701	0.710036630394655	80
0.0575389563194899	0.735539281495884	627
0.05528865080094	0.710076963530968	627
0.0586650135481299	0.727466341426444	112
0.05641350202004	0.73230153821388	996
0.0575389563194899	0.735539281495884	996
0.0587109405735999	0.697537733602536	996
0.00326524231402003	1.93735735718211	1146
0.0125336358272199	1.03493541717787	114
0.05641350202004	0.73230153821388	250
0.05497011159784	0.71606070609252	2042
0.0564586180276501	0.7291787063689	211
0.0602249500357901	0.730499163381525	1
0.05979167355072	0.703228822066256	411
0.05909639943171	0.732413252367468	102
0.0112743150639301	1.75442344841221	447
0.0156469767351	1.05949568864167	23
0.0103706648887201	1.67722533037355	804
0.00530164612769002	1.7585520025535	1
0.05909639943171	0.732413252367468	589
0.05641350202004	0.73230153821388	1992
0.0575389563194899	0.735539281495884	55
0.0601773675834501	0.738831501835876	1708
0.05909639943171	0.732413252367468	681
0.05345510510515	0.705591875495488	432
0.0564586180276501	0.7291787063689	432
0.00744862073790009	2.47269621025589	645
0.0639600109921501	0.706924423007218	645
0.00670605781696998	0.970815452839597	1
0.0586650135481299	0.727466341426444	1
0.0575844780375201	0.721280060796327	102
0.0130803529741299	1.76459008415295	102
-0.10729790587619	1.51542807878622	3539
0.0229771782032899	0.983813465991918	250
0.0174379147702	1.02479123843069	427
0.0100516167104601	0.998153917172468	1004
0.01368653745468	0.980640359607828	589
0.0575844780375201	0.721280060796327	4411
0.0150143467764901	0.980418583141039	35
0.0575844780375201	0.721280060796327	1754
0.0575389563194899	0.735539281495884	1021
0.0168220093131399	1.00974315286943	582
0.0157166367746999	1.68061734544978	3267
0.0575844780375201	0.721280060796327	102
0.0564586180276501	0.7291787063689	6079
0.0613061161992601	0.736870138681857	55
-0.0928054292898199	1.45670482241578	161
0.0153049839878701	0.988937700580164	916
0.0115162011919101	1.7825371908734	804
0.01900079726799	0.990487777656502	804
0.05641350202004	0.73230153821388	121
0.0613061161992601	0.736870138681857	102
0.0613541055333	0.709694942877597	11
0.01094353074874	1.75786470228911	681
0.00619428006515999	1.68921316625864	681
0.10750211221997	1.95389130261317	23
-0.0990723562800799	1.50120986754214	1
0.0601773675834501	0.738831501835876	1
0.01041241436413	0.919233496008366	589
0.0239691107423301	0.988599552432728	119
0.0639600109921501	0.706924423007218	359
0.05641350202004	0.73230153821388	102
0.0639600109921501	0.706924423007218	55
0.00991540264081991	1.39060660856826	5521
0.0575389563194899	0.735539281495884	250
0.05909639943171	0.732413252367468	1303
0.0144959296800999	1.02306398241213	227
-0.000463779640450079	1.27872227783649	229
0.01155093501475	1.02920586895316	645
-0.00177501538335001	1.29045731724917	645
0.000738407368940042	1.36888880591282	1
-0.11005369622122	1.44522844314329	1
0.0108552977976699	0.999749334122049	5278
0.01880875795999	1.02415737930265	3823
0.05641350202004	0.73230153821388	1004
0.01807438200637	1.31261955740211	35
0.0512088770730701	0.710036630394655	35
0.01762660750858	1.05527860512342	36
0.0575389563194899	0.735539281495884	102
0.05909639943171	0.732413252367468	102
0.0586650135481299	0.727466341426444	55
0.00522500302585005	1.67387921088251	1935
0.00612129173431009	1.39058131593061	681
-0.10890485490511	1.51947075508957	681
0.0108444309449101	1.38299768504835	447
0.0523316931375899	0.713064500693182	2060
0.0148396385435701	1.01341838191559	227
-0.0795737610540601	1.886394727026	139
0.0564586180276501	0.7291787063689	1
0.0613061161992601	0.736870138681857	5278
0.0553333606997799	0.726003060724617	3823
0.00296044856662991	1.33936431966171	589
0.00416276328071996	1.32237395340536	152
0.01283641905127	1.01431452425188	119
0.05979167355072	0.703228822066256	119
0.0613061161992601	0.736870138681857	121
0.0575389563194899	0.735539281495884	102
0.0601773675834501	0.738831501835876	55
-0.10044484005082	1.45960705425956	1263
0.00388886453927007	1.32591477663397	2939
0.0575844780375201	0.721280060796327	5871
0.05641350202004	0.73230153821388	114
0.05528865080094	0.710076963530968	114
0.0164539794121601	1.02233757929324	6491
0.00967400237520999	0.987791504529157	119
0.01184630208522	1.01187759335327	5754
0.0575389563194899	0.735539281495884	36
0.05641350202004	0.73230153821388	36
0.0512088770730701	0.710036630394655	36
0.05796845388172	0.713364753517048	102
0.0564586180276501	0.7291787063689	102
0.01155048247399	2.03891520743248	3539
0.0194473498943599	2.08732775967263	1
0.10107093611798	2.35820375792476	1
0.0564586180276501	0.7291787063689	1
0.05909639943171	0.732413252367468	1
0.0601773675834501	0.738831501835876	307
0.00888407270897007	1.70531753160831	152
0.0154733721749301	1.0099962487997	36
0.05528865080094	0.710076963530968	2578
0.0602249500357901	0.730499163381525	55
0.05909639943171	0.732413252367468	5259
0.05641350202004	0.73230153821388	5259
0.00139116973922993	1.28777080171253	392
0.0601773675834501	0.738831501835876	114
0.01068145193193	1.67339784812858	250
0.11270321857431	2.00851322335868	1
0.000820853726059889	1.34045547974207	1496
-0.0874858964646199	1.82073765006286	35
0.05909639943171	0.732413252367468	5754
0.0512088770730701	0.710036630394655	36
0.0164539794121601	1.02233757929324	1805
0.01270475663558	0.989369800883928	338
0.05641350202004	0.73230153821388	338
0.0575389563194899	0.735539281495884	55
0.01556033465354	1.29492175786191	5909
0.0617469517466001	0.688510786589466	447
-0.0814303290630101	1.88980832821985	227
0.0575844780375201	0.721280060796327	1496
0.11178272894224	1.97562594592545	35
0.0125336358272199	1.03493541717787	36
0.01334499330124	0.99976672401657	36
0.0538446133566399	0.697984072867456	1805
0.0564586180276501	0.7291787063689	102
-0.00148743516970007	1.32826875342477	338
0.05641350202004	0.73230153821388	338
0.0553333606997799	0.726003060724617	55
-0.10457192384299	1.52773635633126	5909
0.0553333606997799	0.726003060724617	447
0.0575389563194899	0.735539281495884	4439
0.0575389563194899	0.735539281495884	250
0.0613061161992601	0.736870138681857	432
0.00831103451180004	1.76945690634596	804
0.00604174054656004	1.3167772862608	35
0.0183811088702699	0.94289026648548	183
0.05796845388172	0.713364753517048	6385
0.00166693288170006	1.37494792063799	338
0.0564586180276501	0.7291787063689	55
0.05497011159784	0.71606070609252	141
0.0164539794121601	1.02233757929324	1041
0.01900079726799	0.990487777656502	432
0.0523316931375899	0.713064500693182	432
0.01385672024962	1.00129969052965	427
0.00787640345275009	0.988054240693513	119
0.0512088770730701	0.710036630394655	119
0.0553333606997799	0.726003060724617	1362
0.0162137280813901	1.31689072768133	447
0.0560962080610301	0.714264141170933	1579
0.0590492242708101	0.71938512081813	1579
0.05875013151173	0.686404568640005	250
0.01432550895257	0.997859811649447	3390
0.0553333606997799	0.726003060724617	3234
0.0168469512910601	1.26878885935921	35
0.0523316931375899	0.713064500693182	36
0.0174379147702	1.02479123843069	338
0.05909639943171	0.732413252367468	2105
0.0120347692751499	1.01268053225664	3959
0.05641350202004	0.73230153821388	183
0.06243546995815	0.715622506783986	660
0.10577180747251	2.23940598560201	23
0.0575844780375201	0.721280060796327	309
0.05909639943171	0.732413252367468	1182
0.01056720526258	1.01414204514268	1182
0.0553333606997799	0.726003060724617	80
0.0198025993731401	1.03371267122963	2258
0.05641350202004	0.73230153821388	338
0.0553333606997799	0.726003060724617	55
0.0613061161992601	0.736870138681857	1493
0.10081180120707	2.33863338393598	443
0.0144959296800999	1.02306398241213	1506
0.0198025993731401	1.03371267122963	2450
0.0575844780375201	0.721280060796327	1226
0.01056720526258	1.01414204514268	1226
0.0575389563194899	0.735539281495884	2126
0.05641350202004	0.73230153821388	36
0.0575844780375201	0.721280060796327	4041
0.05909639943171	0.732413252367468	1827
0.0575389563194899	0.735539281495884	338
0.00203260864520005	1.34546993981077	251
0.0500866570905001	0.689354783889821	660
-0.08151643090672	1.8640427114163	804
0.00898694551023005	1.38833116500877	1496
0.0036011539141001	1.34429277653344	119
0.0237748197494201	0.953047658699017	3081
0.0207955530829	1.03191932854969	3121
-0.09478865638337	1.48459404254803	119
0.01900079726799	0.990487777656502	119
0.0137016767695799	1.30913879246069	36
0.0613061161992601	0.736870138681857	36
0.0115018727989999	1.34790349559051	36
0.01762660750858	1.05527860512342	1005
-0.10358661838613	1.53891921840027	327
0.01334499330124	0.99976672401657	338
0.0153049839878701	0.988937700580164	338
-0.0613687951493001	2.18210113667216	421
-0.07918687481558	1.90432028318165	1569
0.0237748197494201	0.953047658699017	447
-0.1030019022843	1.52759905787358	947
-0.07864413923572	1.9097354997168	251
0.0209531136310801	1.58472807500025	251
0.09339911769438	2.35238292207254	23
-0.07960222215433	1.90490693926051	1
0.0575844780375201	0.721280060796327	119
0.0108552977976699	0.999749334122049	327
0.06401007866028	0.687658800479857	55
0.0097313870784399	1.73709082263839	447
0.01250820087245	1.77825400452502	23
-0.11637499967859	1.33467873911456	23
0.01056720526258	1.01414204514268	4124
0.05420870620563	0.704228411225874	13
0.0144959296800999	1.02306398241213	3121
0.0602249500357901	0.730499163381525	3121
0.01334499330124	0.99976672401657	119
0.0602249500357901	0.730499163381525	36
0.0587109405735999	0.697537733602536	327
0.0602249500357901	0.730499163381525	5289
0.0617469517466001	0.688510786589466	1452
0.0586650135481299	0.727466341426444	55
0.0137016767695799	1.30913879246069	251
0.0553333606997799	0.726003060724617	698
-0.0726209659713799	1.86234171534249	432
0.00967400237520999	0.987791504529157	1
0.05641350202004	0.73230153821388	1
0.05979167355072	0.703228822066256	309
0.0130250114324999	1.00660600212186	1182
-0.00241540397290008	1.32709225033197	1496
0.05420870620563	0.704228411225874	577
0.0108552977976699	0.999749334122049	38
0.0123634422842001	0.994484905249418	3121
0.0602249500357901	0.730499163381525	36
0.0575844780375201	0.721280060796327	36
0.0553333606997799	0.726003060724617	1452
0.01283641905127	1.01431452425188	251
0.00985977642811009	0.977545782531113	447
0.0156469767351	1.05949568864167	6632
0.00676019416064011	1.39591295278871	1694
0.00574699720454008	1.36755508274636	1921
0.11372938252035	2.00946929449566	65
0.0564586180276501	0.7291787063689	309
0.0130803529741299	1.76459008415295	119
0.01385672024962	1.00129969052965	36
0.05909639943171	0.732413252367468	327
0.0162137280813901	1.31689072768133	1452
0.0156469633454599	0.932091590207064	55
0.0575844780375201	0.721280060796327	235
0.0170102101673999	0.954692766323753	681
-0.12252850654584	2.29207536459324	4915
0.0229771782032899	0.983813465991918	23
0.12282295491954	1.9617647577848	804
0.01843085892553	1.01854485705832	36
0.05420870620563	0.704228411225874	36
0.0564586180276501	0.7291787063689	447
0.01138086113797	0.980631355798895	3217
0.01385672024962	1.00129969052965	1
0.01762660750858	1.05527860512342	4987
0.0045532446452099	1.33090872327194	1
0.06401007866028	0.687658800479857	6197
0.01155093501475	1.02920586895316	6197
0.0575389563194899	0.735539281495884	38
0.0209878376217001	0.977391845324852	13
0.05722290255799	0.694544950616315	119
0.0601773675834501	0.738831501835876	327
0.0575389563194899	0.735539281495884	327
0.0601773675834501	0.738831501835876	1452
0.0575389563194899	0.735539281495884	1452
0.0575844780375201	0.721280060796327	1452
0.0553333606997799	0.726003060724617	23
0.0564586180276501	0.7291787063689	1496
0.0586650135481299	0.727466341426444	36
0.0174379147702	1.02479123843069	338
0.00704943908702993	1.74791191661313	251
0.0171690847468999	2.12897480871564	2148
0.0575844780375201	0.721280060796327	65
0.0586650135481299	0.727466341426444	1
0.0241641923370799	0.943257521323518	1134
0.0575389563194899	0.735539281495884	36
0.0135153024651999	1.03282257608606	749
0.0564586180276501	0.7291787063689	36
0.0639600109921501	0.706924423007218	36
0.01172193758603	0.99121871977469	36
0.06243546995815	0.715622506783986	55
0.0164539794121601	1.02233757929324	55
0.01334499330124	0.99976672401657	447
0.01793715646631	1.71746824624134	1582
-0.0785545071084199	1.83597158091475	656
0.00426504303962005	1.38713777458862	119
-0.1016724555035	1.50900151128507	36
0.01155093501475	1.02920586895316	327
0.05909639943171	0.732413252367468	184
0.05497011159784	0.71606070609252	4236
0.00166693288170006	1.37494792063799	1
0.01270475663558	0.989369800883928	4086
0.0613061161992601	0.736870138681857	36
0.0564586180276501	0.7291787063689	327
0.0601773675834501	0.738831501835876	327
0.0628782115638999	0.701176308953298	55
0.05909639943171	0.732413252367468	55
-0.10064523885798	1.43866193769777	162
-0.10420837916272	1.46677920610512	804
0.01382564401333	1.00821739453195	36
0.0553333606997799	0.726003060724617	36
0.0613541055333	0.709694942877597	55
0.0575844780375201	0.721280060796327	55
0.05420870620563	0.704228411225874	55
0.01134800460117	2.07766739844695	162
0.01880875795999	1.02415737930265	535
0.0602249500357901	0.730499163381525	21
0.0523316931375899	0.713064500693182	21
0.00541642585540991	1.64592858858178	309
0.00991540264081991	1.39060660856826	13
-0.00270190713151997	1.28244259954687	103
0.01900079726799	0.990487777656502	1078
0.05641350202004	0.73230153821388	729
0.0590492242708101	0.71938512081813	21
0.06282855236369	0.694011544633278	338
0.05528865080094	0.710076963530968	1670
0.0198025993731401	1.03371267122963	103
0.0575844780375201	0.721280060796327	36
0.01172193758603	0.99121871977469	21
-0.10584645676045	1.38164739551123	447
0.01094353074874	1.75786470228911	65
-0.11207941038709	1.38628796348469	1
0.0092783102440599	1.3853520598003	13
0.0586650135481299	0.727466341426444	13
0.01334499330124	0.99976672401657	633
0.0575844780375201	0.721280060796327	1729
0.0166326567024699	1.06214654354186	729
-0.0883496904834999	1.32461811824386	722
0.0575389563194899	0.735539281495884	447
0.0156469767351	1.05949568864167	13
0.00490494497141003	1.39245704644426	4657
0.0564586180276501	0.7291787063689	103
0.0108444309449101	1.38299768504835	36
0.01762660750858	1.05527860512342	378
0.0575844780375201	0.721280060796327	729
0.0564586180276501	0.7291787063689	447
0.0207955530829	1.03191932854969	447
0.05641350202004	0.73230153821388	65
0.05909639943171	0.732413252367468	1
0.00625611946954008	0.93537021554271	4657
0.0575389563194899	0.735539281495884	3551
0.0174379147702	1.02479123843069	616
0.0148396385435701	1.01341838191559	36
0.0628782115638999	0.701176308953298	1729
0.0575389563194899	0.735539281495884	1435
0.0575844780375201	0.721280060796327	1670
0.0575389563194899	0.735539281495884	55
0.0639600109921501	0.706924423007218	2813
0.0613061161992601	0.736870138681857	36
0.0564586180276501	0.7291787063689	21
0.01240319854632	2.47149432768706	421
0.0138993869264299	1.29311748403389	443
-0.07195743714174	2.14127207906116	162
0.0193692688123299	0.94725989960189	447
-0.1098924605147	1.52271848148733	447
0.0613061161992601	0.736870138681857	5277
0.01270475663558	0.989369800883928	378
-0.11660585364546	2.34610417567099	443
0.0601773675834501	0.738831501835876	162
0.01870659388742	1.26497851347632	65
0.00604174054656004	1.3167772862608	1
0.01400261114637	1.74288990349507	207
0.05420870620563	0.704228411225874	1670
0.05796845388172	0.713364753517048	55
0.05796845388172	0.713364753517048	447
-0.10324697493517	1.5082315021447	23
-0.0843758034898801	1.91101007133694	656
0.00958245179109007	0.980454226142384	13
0.0586650135481299	0.727466341426444	3926
-0.0881534394001699	1.41453094661922	36
0.0512088770730701	0.710036630394655	2374
0.0613061161992601	0.736870138681857	421
0.0575389563194899	0.735539281495884	1002
0.05641350202004	0.73230153821388	443
-0.10457192384299	1.52773635633126	3863
0.0553333606997799	0.726003060724617	143
0.0601773675834501	0.738831501835876	1
0.05345510510515	0.705591875495488	13
0.00896209048155994	1.73532276696994	103
0.06243546995815	0.715622506783986	55
0.05497011159784	0.71606070609252	2583
0.0178160885405501	0.994401303918672	1075
0.0575389563194899	0.735539281495884	3926
0.0564586180276501	0.7291787063689	55
0.0575389563194899	0.735539281495884	55
0.05641350202004	0.73230153821388	1609
0.0613061161992601	0.736870138681857	5065
0.0135153024651999	1.03282257608606	5065
-0.10831979517649	1.46665282466403	103
0.0613541055333	0.709694942877597	36
0.05641350202004	0.73230153821388	1990
0.0601773675834501	0.738831501835876	2871
0.0575844780375201	0.721280060796327	55
0.0174379147702	1.02479123843069	421
0.05641350202004	0.73230153821388	1002
0.06282855236369	0.694011544633278	143
0.0553333606997799	0.726003060724617	1930
-0.0843758034898801	1.91101007133694	3483
0.01762660750858	1.05527860512342	616
0.0560962080610301	0.714264141170933	3263
0.05528865080094	0.710076963530968	5280
0.0221791977721499	0.945587393516703	2805
0.0575844780375201	0.721280060796327	447
0.0601773675834501	0.738831501835876	1609
0.0575389563194899	0.735539281495884	2082
0.0601773675834501	0.738831501835876	1
-0.0736622327493099	1.72246186704601	309
0.0148396385435701	1.01341838191559	13
0.0512088770730701	0.710036630394655	13
0.05528865080094	0.710076963530968	430
0.0124313557465501	1.35640232034981	990
0.0586650135481299	0.727466341426444	3834
0.0564586180276501	0.7291787063689	1990
0.0575844780375201	0.721280060796327	2871
0.0538446133566399	0.697984072867456	425
0.0575389563194899	0.735539281495884	55
0.10825149246798	1.90295857016116	990
0.0655443625485601	0.652259654096076	333
0.0601773675834501	0.738831501835876	729
0.0575389563194899	0.735539281495884	729
0.09381601913881	2.30164111001232	162
0.00288841550519003	1.31740166626643	447
0.01138086113797	0.980631355798895	1050
0.0553333606997799	0.726003060724617	3550
0.05796845388172	0.713364753517048	333
0.01382564401333	1.00821739453195	2075
0.0564586180276501	0.7291787063689	425
0.0601773675834501	0.738831501835876	447
0.0271472662188901	0.934911695322651	1236
0.06282855236369	0.694011544633278	1236
0.01104363614078	1.01024773652518	3550
0.0512088770730701	0.710036630394655	1798
0.0538446133566399	0.697984072867456	447
-0.11695209457394	1.41869617711396	1
0.0148295758661099	2.41122727211301	656
0.0666267978752699	0.657060142134051	13
0.0628782115638999	0.701176308953298	3186
0.09486113949426	2.31282615833397	1
0.0041808952662501	1.32137273685686	1
0.00388830881652003	1.35295803346817	1
0.0639600109921501	0.706924423007218	36
0.05641350202004	0.73230153821388	109
0.0575844780375201	0.721280060796327	1990
0.0564586180276501	0.7291787063689	21
0.0166326567024699	1.06214654354186	162
0.01861967783318	1.03813231461303	447
0.0590492242708101	0.71938512081813	447
0.00322960677419992	1.67957940168927	23
0.0199947631342301	0.988922744367811	528
0.05979167355072	0.703228822066256	656
0.0613541055333	0.709694942877597	13
0.0241641923370799	0.943257521323518	1968
0.06243546995815	0.715622506783986	21
0.0586650135481299	0.727466341426444	336
-0.06848323779001	2.12762256413829	1
0.00734156212042003	1.76338365893775	616
0.0601773675834501	0.738831501835876	2398
0.00834935132159997	1.38308736720039	21
0.0601773675834501	0.738831501835876	447
-0.08789948869912	1.7567053998975	1
0.06401007866028	0.687658800479857	131
0.0613061161992601	0.736870138681857	350
0.0512088770730701	0.710036630394655	616
0.01087605874959	1.67993230223397	1933
0.0169916343101599	0.987503295537651	2423
0.05528865080094	0.710076963530968	6631
0.0613061161992601	0.736870138681857	23
0.05909639943171	0.732413252367468	430
0.06509207715123	0.69313252886304	131
0.06282855236369	0.694011544633278	656
0.12378802486768	1.85400958998286	13
0.00102863308835	1.33011324912967	283
0.0553333606997799	0.726003060724617	109
-0.0785545071084199	1.83597158091475	5909
0.0586650135481299	0.727466341426444	2607
0.10508796509193	2.29370895380973	3186
0.06243546995815	0.715622506783986	1
-0.00148743516970007	1.32826875342477	379
0.0190792892616101	1.72772921244719	2772
0.0575844780375201	0.721280060796327	2398
0.0164539794121601	1.02233757929324	21
0.0628782115638999	0.701176308953298	303
0.0575389563194899	0.735539281495884	336
-0.0716442978551799	2.10871354297641	1
0.06401007866028	0.687658800479857	528
0.0601773675834501	0.738831501835876	656
0.0613541055333	0.709694942877597	350
0.05641350202004	0.73230153821388	616
-0.00148743516970007	1.32826875342477	283
0.00545360924596006	1.32636083698402	4788
0.05420870620563	0.704228411225874	367
0.0170102101673999	0.954692766323753	21
0.01142865321454	2.15740066335155	162
0.06243546995815	0.715622506783986	6844
0.0523316931375899	0.713064500693182	447
0.05796845388172	0.713364753517048	911
0.0639600109921501	0.706924423007218	6849
0.0553333606997799	0.726003060724617	6849
0.05796845388172	0.713364753517048	5286
0.06667896008021	0.652914930517597	350
0.01334499330124	0.99976672401657	21
0.00638663447558008	1.27793150501508	367
0.0655443625485601	0.652259654096076	1554
0.10466725084204	2.34435096721521	1
0.0613061161992601	0.736870138681857	1554
0.01193585374895	1.75374675885996	1
0.0127058902969699	2.44353875084514	1
0.0602249500357901	0.730499163381525	131
0.0512088770730701	0.710036630394655	4925
0.0553333606997799	0.726003060724617	336
0.0553333606997799	0.726003060724617	1236
0.0601773675834501	0.738831501835876	2125
0.0586650135481299	0.727466341426444	336
0.0553333606997799	0.726003060724617	125
0.0613061161992601	0.736870138681857	2862
0.05528865080094	0.710076963530968	1236
0.02476573706895	0.957488826524101	263
0.0613061161992601	0.736870138681857	3519
0.01385672024962	1.00129969052965	1120
0.0586650135481299	0.727466341426444	1120
0.0586650135481299	0.727466341426444	1236
-0.10631263638082	1.51219823989659	1
0.0120347692751499	1.01268053225664	248
0.05641350202004	0.73230153821388	2125
0.0613061161992601	0.736870138681857	1236
0.01500280403017	0.958918307856546	656
0.02178761439246	1.01906439664895	13
0.0168040339429201	2.08693086681352	109
0.0154733721749301	1.0099962487997	1548
0.01184630208522	1.01187759335327	657
0.0639600109921501	0.706924423007218	2862
-0.0660077141440301	2.15193691348773	3010
0.000764690862590012	1.69272058798304	109
0.0560962080610301	0.714264141170933	1548
0.0575389563194899	0.735539281495884	719
0.05641350202004	0.73230153821388	21
0.0196112265121999	0.990061113479714	367
0.0601773675834501	0.738831501835876	1236
-0.0979765185345001	1.43432207002348	746
-0.0984892315972099	1.52123106759886	13
-0.09913926349521	1.47993102042622	3154
0.05641350202004	0.73230153821388	21
0.0586650135481299	0.727466341426444	21
0.05641350202004	0.73230153821388	21
0.0586650135481299	0.727466341426444	397
0.0575389563194899	0.735539281495884	13
0.0601773675834501	0.738831501835876	103
0.05796845388172	0.713364753517048	754
0.01270475663558	0.989369800883928	109
0.06243546995815	0.715622506783986	336
0.0249601388256	0.981148471009105	1007
0.02813723649686	0.933961928500055	1007
0.06401007866028	0.687658800479857	1548
0.0586650135481299	0.727466341426444	21
-0.10578209387581	1.52724934438718	443
-0.11557474873173	1.45467616947337	46
-0.10537574725465	1.51537368767095	42
0.0166326567024699	1.06214654354186	1
0.0148396385435701	1.01341838191559	1427
0.0586650135481299	0.727466341426444	1548
0.06282855236369	0.694011544633278	1548
0.0575389563194899	0.735539281495884	336
0.0639600109921501	0.706924423007218	1
0.0198025993731401	1.03371267122963	1
0.0590492242708101	0.71938512081813	1427
0.0564586180276501	0.7291787063689	2220
0.0207955530829	1.03191932854969	430
0.0166326567024699	1.06214654354186	1
0.0198025993731401	1.03371267122963	192
0.0215960008174101	0.997243643286838	192
0.00612129173431009	1.39058131593061	1
0.05528865080094	0.710076963530968	109
-0.06880976358557	2.17065378746697	5909
0.09585970259348	2.30078507975561	443
0.01432550895257	0.997859811649447	42
0.0586650135481299	0.727466341426444	2531
0.0144959296800999	1.02306398241213	999
0.0613061161992601	0.736870138681857	4621
0.0135153024651999	1.03282257608606	156
-0.09609815095514	1.42866906363647	2038
0.0139961791205301	1.35893248554761	103
0.0196118630106299	1.00198575194144	622
0.00554461300316	1.3368869810665	165
0.05641350202004	0.73230153821388	594
0.0207955530829	1.03191932854969	1
0.01138086113797	0.980631355798895	1
0.0553333606997799	0.726003060724617	999
0.0601773675834501	0.738831501835876	192
0.0575389563194899	0.735539281495884	1
0.0613061161992601	0.736870138681857	1
0.0560962080610301	0.714264141170933	13
0.0601773675834501	0.738831501835876	1275
0.00638273275487999	1.32847789462207	1953
0.0601773675834501	0.738831501835876	4300
0.06401007866028	0.687658800479857	1
0.05909639943171	0.732413252367468	999
0.0575389563194899	0.735539281495884	1
0.0575389563194899	0.735539281495884	1
0.05796845388172	0.713364753517048	4621
0.0174379147702	1.02479123843069	248
0.0602249500357901	0.730499163381525	207
0.05641350202004	0.73230153821388	13
0.0575844780375201	0.721280060796327	109
0.0198025993731401	1.03371267122963	594
0.01104363614078	1.01024773652518	4300
0.00813263859510993	1.67375563591717	156
0.0166326567024699	1.06214654354186	5334
-0.10671184946587	1.53612264627001	366
0.0564586180276501	0.7291787063689	370
0.0602249500357901	0.730499163381525	21
0.0105016255420001	1.30156527250536	165
0.000508235219569997	1.63905958111981	13
0.0564586180276501	0.7291787063689	109
0.11470094144657	1.99897131990635	165
0.0068486485069299	2.13069542400477	125
0.00490494497141003	1.39245704644426	1
0.0590492242708101	0.71938512081813	1
0.01066423641536	0.97907940333588	192
0.0575389563194899	0.735539281495884	109
0.0564586180276501	0.7291787063689	2055
-0.00305602689085993	1.28568011572025	430
0.0639600109921501	0.706924423007218	1
0.0602249500357901	0.730499163381525	999
0.01457414725113	1.76697850722729	1
0.0156469767351	1.05949568864167	1
0.0144959296800999	1.02306398241213	1
0.05909639943171	0.732413252367468	13
0.05796845388172	0.713364753517048	1140
-0.11239307110499	1.45217080132874	1027
0.0602249500357901	0.730499163381525	602
0.0564586180276501	0.7291787063689	4243
0.05909639943171	0.732413252367468	4243
0.01322450290168	0.951838214298913	165
0.01506691888597	1.72593988896218	1233
0.0125336358272199	1.03493541717787	1
0.0575389563194899	0.735539281495884	109
0.05457911279273	0.683055565538803	1602
0.01880875795999	1.02415737930265	336
0.0564586180276501	0.7291787063689	657
-0.0806883426177301	1.86397446496394	1
0.0564586180276501	0.7291787063689	248
-0.07224211823911	1.84240196285037	757
0.0575389563194899	0.735539281495884	2055
0.05979167355072	0.703228822066256	336
0.05641350202004	0.73230153821388	336
0.02178761439246	1.01906439664895	657
-0.0627637679075199	2.1744021991356	999
0.09788816258154	2.31099686203637	1
0.0154755122096899	1.00461431112535	13
0.00898694551023005	1.38833116500877	1796
0.0601773675834501	0.738831501835876	1
-0.0862008637534	1.91109077543364	1503
0.06401007866028	0.687658800479857	336
0.0575389563194899	0.735539281495884	422
0.05641350202004	0.73230153821388	595
0.10971968581093	2.30802076606422	1
0.00124690467422006	1.6945035353336	1
0.0166326567024699	1.06214654354186	13
0.0613061161992601	0.736870138681857	13
0.01172193758603	0.99121871977469	2055
0.0590492242708101	0.71938512081813	336
0.00832684818794993	1.32959973952575	336
0.0166326567024699	1.06214654354186	422
0.01762660750858	1.05527860512342	422
0.0601773675834501	0.738831501835876	766
0.0154733721749301	1.0099962487997	165
0.11894092902424	1.98324792702232	1
0.11435238654064	1.86496000413743	1
-0.10926520652217	1.4963765313589	1
0.0564586180276501	0.7291787063689	156
0.0553333606997799	0.726003060724617	3613
0.01172193758603	0.99121871977469	666
0.0575389563194899	0.735539281495884	6274
0.05497011159784	0.71606070609252	336
0.11230139301778	1.97737873194548	165
-0.11306970758381	1.38875146650775	165
0.0590492242708101	0.71938512081813	4294
0.05909639943171	0.732413252367468	109
0.00444397074594005	1.64936025196103	1098
0.0512088770730701	0.710036630394655	336
0.05909639943171	0.732413252367468	82
0.0154733721749301	1.0099962487997	1503
0.06509207715123	0.69313252886304	26
0.00975320576919003	0.972412242433863	165
-0.0698941917911899	1.68925267569212	594
-0.0753470577070901	1.82676265047612	1
-0.10280842570043	1.4749188957461	1
0.0575389563194899	0.735539281495884	13
0.0553333606997799	0.726003060724617	964
0.0125336358272199	1.03493541717787	336
0.0553333606997799	0.726003060724617	165
0.0553333606997799	0.726003060724617	248
0.0575389563194899	0.735539281495884	13
0.06401007866028	0.687658800479857	2211
0.05909639943171	0.732413252367468	782
0.0125336358272199	1.03493541717787	179
0.0523316931375899	0.713064500693182	595
0.0153049839878701	0.988937700580164	595
-0.00149004073072989	1.5816236251896	180
0.10013199706361	2.34734829985731	444
0.00388886453927007	1.32591477663397	782
0.0575389563194899	0.735539281495884	179
0.0628782115638999	0.701176308953298	1
-0.12266529110627	2.26310974423442	1
0.05641350202004	0.73230153821388	1
0.0564586180276501	0.7291787063689	26
0.00676019416064011	1.39591295278871	964
0.00426504303962005	1.38713777458862	3821
0.0590492242708101	0.71938512081813	917
0.0602249500357901	0.730499163381525	336
0.00678263579595995	1.31050933003093	1193
-0.10769571361539	1.53085337314631	1193
0.05875013151173	0.686404568640005	165
0.0108444309449101	1.38299768504835	3218
0.00668985345579998	2.00443662934367	1
0.0590492242708101	0.71938512081813	165
0.0148396385435701	1.01341838191559	594
0.0207955530829	1.03191932854969	594
0.01432550895257	0.997859811649447	3218
0.0564586180276501	0.7291787063689	3218
0.0100171717116999	1.74957457107742	1
0.0164539794121601	1.02233757929324	1
0.0590492242708101	0.71938512081813	1
0.0144959296800999	1.02306398241213	13
-0.0839596789466901	1.90230928938012	336
0.05497011159784	0.71606070609252	1129
0.0613061161992601	0.736870138681857	1606
0.05909639943171	0.732413252367468	1606
0.06243546995815	0.715622506783986	594
-0.06853288484194	2.19262076998025	13
0.0564586180276501	0.7291787063689	165
0.02476573706895	0.957488826524101	594
0.01101737548115	2.12351614845691	1
0.0150143467764901	0.980418583141039	881
0.0590492242708101	0.71938512081813	180
0.0119615297573099	2.14073365596553	198
0.0553333606997799	0.726003060724617	125
0.0586650135481299	0.727466341426444	594
0.00548775640561994	1.74115507340841	1
-0.11385792172589	2.49586375962522	1
0.09804226102553	2.22148392125494	1
0.0553333606997799	0.726003060724617	1686
0.01880875795999	1.02415737930265	26
-0.0646472492438299	1.81447409053669	336
-0.10985211951197	1.43083111568953	336
0.00331478049459011	1.29869411623542	165
0.0601773675834501	0.738831501835876	1129
0.0586650135481299	0.727466341426444	69
0.05722290255799	0.694544950616315	69
0.0586650135481299	0.727466341426444	1
0.0613061161992601	0.736870138681857	180
0.05909639943171	0.732413252367468	180
0.0613061161992601	0.736870138681857	3536
-0.11520292356643	1.33824970397326	878
0.0092783102440599	1.3853520598003	336
0.05497011159784	0.71606070609252	133
0.03053066009023	0.852837560770401	165
0.11326714235846	1.99256670012222	1
-0.0787705791111499	1.8638947203053	1
-0.11513313316904	2.25748097759416	1
0.0198025993731401	1.03371267122963	103
0.0666267978752699	0.657060142134051	26
0.0553333606997799	0.726003060724617	26
0.0586650135481299	0.727466341426444	133
0.0148396385435701	1.01341838191559	69
0.0586650135481299	0.727466341426444	69
0.05641350202004	0.73230153821388	1
0.0150143467764901	0.980418583141039	1
-0.0777524740028199	1.91615902378404	13
-0.0623603423338	2.26047432018181	26
0.0183811088702699	0.94289026648548	2311
0.05528865080094	0.710076963530968	4164
0.0135153024651999	1.03282257608606	69
0.0188092836367599	0.961875398124949	1
0.0613061161992601	0.736870138681857	1
0.0575389563194899	0.735539281495884	13
0.0156469767351	1.05949568864167	878
0.01762660750858	1.05527860512342	26
0.05909639943171	0.732413252367468	26
0.0601773675834501	0.738831501835876	5
0.0639600109921501	0.706924423007218	133
0.0553333606997799	0.726003060724617	695
0.0523316931375899	0.713064500693182	1
0.0939219842254899	2.33411822680326	1
0.0575389563194899	0.735539281495884	415
0.05345510510515	0.705591875495488	3340
0.0575389563194899	0.735539281495884	26
-0.10324697493517	1.5082315021447	26
0.11893480905614	1.96726877840503	336
0.02016219286781	0.948668917417895	88
0.0601773675834501	0.738831501835876	596
0.05909639943171	0.732413252367468	336
0.01172193758603	0.99121871977469	133
0.0198025993731401	1.03371267122963	133
0.00556590020710002	1.29453048624043	165
0.0586650135481299	0.727466341426444	2311
0.0601773675834501	0.738831501835876	69
0.0553333606997799	0.726003060724617	6299
0.0587109405735999	0.697537733602536	2156
0.0135153024651999	1.03282257608606	2731
-0.10044484005082	1.45960705425956	336
0.05722290255799	0.694544950616315	133
0.0602249500357901	0.730499163381525	26
0.0154733721749301	1.0099962487997	26
-0.11082390384457	1.47895487832536	26
0.01800594471836	0.981839482153707	1
-0.0923435765404601	1.40123439185793	13
0.05909639943171	0.732413252367468	1503
0.0586650135481299	0.727466341426444	1973
0.00787640345275009	0.988054240693513	2731
-0.00177501538335001	1.29045731724917	336
0.11837281028974	1.87677453125159	336
0.0564586180276501	0.7291787063689	165
0.0154755122096899	1.00461431112535	69
0.0123634422842001	0.994484905249418	1
0.06243546995815	0.715622506783986	415
0.0125336358272199	1.03493541717787	336
0.00481052884806998	1.68106920948963	2425
0.01594301014882	1.73481079850499	336
0.00834935132159997	1.38308736720039	133
0.05528865080094	0.710076963530968	872
0.01020784079766	1.37781567552905	1
0.01155093501475	1.02920586895316	1759
0.0204140980805601	0.969707974889901	1
0.0564586180276501	0.7291787063689	335
0.0523316931375899	0.713064500693182	335
0.0108552977976699	0.999749334122049	415
0.0564586180276501	0.7291787063689	878
0.00649314671724	1.34518401008404	1503
-0.0763567506837399	1.88782283866198	165
0.0125336358272199	1.03493541717787	927
0.0553333606997799	0.726003060724617	3220
0.01283641905127	1.01431452425188	150
-0.0989691510999799	1.43196844088031	150
-0.0975637333117201	1.47531061716123	1
0.0628782115638999	0.701176308953298	415
0.11811918825804	2.01105514127835	336
0.00769089857360994	0.984418091019068	165
0.05641350202004	0.73230153821388	335
0.05875013151173	0.686404568640005	1281
0.06243546995815	0.715622506783986	312
0.11096888620747	1.92632329335769	1344
0.0198025993731401	1.03371267122963	1344
0.0613541055333	0.709694942877597	165
0.0575389563194899	0.735539281495884	165
0.05420870620563	0.704228411225874	927
0.0166326567024699	1.06214654354186	150
0.01073808555288	0.986018987641791	26
0.05497011159784	0.71606070609252	1246
0.0156469767351	1.05949568864167	69
0.05345510510515	0.705591875495488	1281
0.0586650135481299	0.727466341426444	13
0.0523316931375899	0.713064500693182	43
0.00267381217128992	1.35045714768402	1503
0.0249601388256	0.981148471009105	1821
0.0206040580265801	0.998858284937535	258
-0.10677113828947	1.52585531378101	2034
-0.10572690556407	1.5327621501713	617
-0.0793609139338001	1.82821759429772	165
0.0117958509593299	1.29823613320045	78
0.00176995184477002	1.28584499863566	150
0.0601773675834501	0.738831501835876	1281
0.0156469767351	1.05949568864167	198
0.0575844780375201	0.721280060796327	1821
-0.11023659859843	1.46863370441782	617
0.0601773675834501	0.738831501835876	165
0.05641350202004	0.73230153821388	4935
0.00416276328071996	1.32237395340536	37
0.0575389563194899	0.735539281495884	415
-0.0767260128156	1.89006902079128	218
0.0575389563194899	0.735539281495884	165
0.0601773675834501	0.738831501835876	4935
0.0538446133566399	0.697984072867456	2965
0.0512088770730701	0.710036630394655	39
0.0193692688123299	0.94725989960189	69
-0.0968549574681501	1.37051053309103	889
0.0575389563194899	0.735539281495884	13
0.0590492242708101	0.71938512081813	13
0.0000996030924200753	1.32447509786274	1456
0.0590492242708101	0.71938512081813	69
0.0148396385435701	1.01341838191559	37
0.05909639943171	0.732413252367468	415
0.00612129173431009	1.39058131593061	198
0.05641350202004	0.73230153821388	1503
-0.10398688159193	1.51660904180044	889
-0.11823341525424	2.2370733608498	78
0.0199947631342301	0.988922744367811	249
0.01283641905127	1.01431452425188	218
0.05796845388172	0.713364753517048	218
0.00962430804475001	1.33336989418934	1
0.0125336358272199	1.03493541717787	889
0.0512088770730701	0.710036630394655	13
0.01250820087245	1.77825400452502	3011
0.05420870620563	0.704228411225874	1503
0.0130250114324999	1.00660600212186	617
0.05420870620563	0.704228411225874	507
0.0000996030924200753	1.32447509786274	507
0.0575389563194899	0.735539281495884	133
0.00362490703226004	1.32529768007231	133
0.0523316931375899	0.713064500693182	5416
0.0148396385435701	1.01341838191559	5416
0.0613061161992601	0.736870138681857	3252
0.05641350202004	0.73230153821388	69
0.01817054561819	0.945709378623365	133
-0.11239307110499	1.45217080132874	165
0.0575389563194899	0.735539281495884	3442
0.0575389563194899	0.735539281495884	1503
-0.0668198618501299	2.03860558624168	26
0.0198025993731401	1.03371267122963	547
0.0512088770730701	0.710036630394655	3442
-0.0777524740028199	1.91615902378404	69
0.0564586180276501	0.7291787063689	335
0.0575389563194899	0.735539281495884	1503
0.0613541055333	0.709694942877597	218
0.0129292476232099	1.73972404948547	218
0.01861967783318	1.03813231461303	53
0.01869585388721	2.11532030420182	612
-0.1044386554398	1.40031447216056	37
0.0037358248647299	1.75338584587204	1
0.0575844780375201	0.721280060796327	13
0.0590492242708101	0.71938512081813	4
0.01432550895257	0.997859811649447	26
0.0601773675834501	0.738831501835876	1503
0.0601773675834501	0.738831501835876	26
-0.10266401216361	1.51215367186342	1456
0.06401007866028	0.687658800479857	1503
-0.10457192384299	1.52773635633126	26
0.0575844780375201	0.721280060796327	1051
0.02198001602263	0.948522634712472	13
0.05497011159784	0.71606070609252	51
0.0613061161992601	0.736870138681857	26
0.0199947631342301	0.988922744367811	133
0.0512088770730701	0.710036630394655	136
0.01270475663558	0.989369800883928	78
0.0613061161992601	0.736870138681857	1051
-0.1098924605147	1.52271848148733	13
-0.0996556840790299	1.43592120368165	13
0.00491299074849994	1.71762315012125	163
0.00201511043716995	1.65754486184291	218
0.0198025993731401	1.03371267122963	218
0.0164539794121601	1.02233757929324	547
0.000449530263000097	1.31503011669124	165
0.00612129173431009	1.39058131593061	13
0.0564586180276501	0.7291787063689	13
0.00526792149244004	0.909076598698841	13
0.0168220093131399	1.00974315286943	26
0.05909639943171	0.732413252367468	165
0.01055226385417	1.33548068543988	39
0.0602249500357901	0.730499163381525	136
0.0601773675834501	0.738831501835876	26
0.05909639943171	0.732413252367468	163
0.01762660750858	1.05527860512342	136
0.0564586180276501	0.7291787063689	13
0.0158270506187801	1.01584571964602	2137
0.0037358248647299	1.75338584587204	26
0.00554461300316	1.3368869810665	268
0.00769089857360994	0.984418091019068	163
0.0120347692751499	1.01268053225664	547
-0.0959524107445	1.47589678540672	1
0.00548215617356007	1.32850214539935	37
0.00832711292482991	2.13557715617166	492
-0.12206548546718	2.27379810067669	78
0.01203645029985	1.29718523273129	1
-0.00241540397290008	1.32709225033197	37
0.01104363614078	1.01024773652518	13
0.02012724559653	2.05530594993867	13
0.00166693288170006	1.37494792063799	668
0.0639600109921501	0.706924423007218	3321
0.01708673561223	1.74533598714955	37
-0.08959213885513	1.72312329991229	2743
0.01193585374895	1.75374675885996	547
0.0575389563194899	0.735539281495884	278
0.0100516167104601	0.998153917172468	561
0.0166326567024699	1.06214654354186	13
0.01861967783318	1.03813231461303	1984
0.0560962080610301	0.714264141170933	136
-0.0862647833591199	1.8025106034836	493
-0.08433990572735	1.78565140156046	1
0.00769089857360994	0.984418091019068	1
0.01193585374895	1.75374675885996	1
0.05528865080094	0.710076963530968	2414
0.0575389563194899	0.735539281495884	278
0.0199947631342301	0.988922744367811	181
0.00241108647834998	1.3433036304076	507
0.0097313870784399	1.73709082263839	1186
0.0575844780375201	0.721280060796327	1186
0.0512088770730701	0.710036630394655	2491
0.0153049839878701	0.988937700580164	53
0.0575844780375201	0.721280060796327	53
0.0207955530829	1.03191932854969	4573
0.00102863308835	1.33011324912967	4573
-0.0990723562800799	1.50120986754214	1424
0.0212584024828499	1.56181063506939	37
0.00331833141304005	1.7480821042372	399
0.05796845388172	0.713364753517048	218
0.00886852949045003	0.986227894627798	562
0.0166326567024699	1.06214654354186	136
0.01290610473341	2.14616411982955	1351
0.0166326567024699	1.06214654354186	13
0.00827233850924003	1.27081620308626	2491
0.00426504303962005	1.38713777458862	493
0.01843085892553	1.01854485705832	561
0.0110718200361499	2.41866124487051	1
0.0575389563194899	0.735539281495884	93
-0.00148743516970007	1.32826875342477	53
0.0575389563194899	0.735539281495884	136
0.05641350202004	0.73230153821388	136
0.0586650135481299	0.727466341426444	493
0.06282855236369	0.694011544633278	1351
0.00676019416064011	1.39591295278871	13
-0.11306970758381	1.38875146650775	13
0.0575389563194899	0.735539281495884	2814
0.10054931960651	2.31305726327845	734
-0.10358661838613	1.53891921840027	26
0.0575389563194899	0.735539281495884	26
0.0575389563194899	0.735539281495884	93
0.00203260864520005	1.34546993981077	93
0.05641350202004	0.73230153821388	78
0.11234547168729	1.98079051477173	199
0.06243546995815	0.715622506783986	93
0.0169916343101599	0.987503295537651	53
0.05796845388172	0.713364753517048	2859
0.01762660750858	1.05527860512342	493
-0.10874597042944	1.4931433317581	1
0.01900079726799	0.990487777656502	18
0.05909639943171	0.732413252367468	1850
0.0560962080610301	0.714264141170933	181
0.0125336358272199	1.03493541717787	781
0.06254910003754	0.640425211255291	562
0.00259603193603009	1.37230076510256	5305
0.0512088770730701	0.710036630394655	1669
0.05420870620563	0.704228411225874	13
0.0602249500357901	0.730499163381525	13
0.11081952402877	1.97417705293623	13
0.02178761439246	1.01906439664895	476
0.0133614079797499	1.35398070942206	13
0.00787640345275009	0.988054240693513	53
0.0512088770730701	0.710036630394655	1813
0.0590492242708101	0.71938512081813	136
-0.10671184946587	1.53612264627001	847
-0.00148743516970007	1.32826875342477	13
0.0613061161992601	0.736870138681857	2968
0.00670955719673994	1.72764535374621	507
0.0144959296800999	1.02306398241213	93
0.0639600109921501	0.706924423007218	684
0.0153049839878701	0.988937700580164	165
0.0575844780375201	0.721280060796327	93
0.01861967783318	1.03813231461303	4537
0.01225432796895	2.03707469680729	3768
0.01172193758603	0.99121871977469	53
-0.07116087822327	1.88180373527425	1375
0.0198025993731401	1.03371267122963	386
0.01283641905127	1.01431452425188	16
0.0602249500357901	0.730499163381525	2256
0.0125336358272199	1.03493541717787	438
0.05497011159784	0.71606070609252	2840
0.0602249500357901	0.730499163381525	199
0.0523316931375899	0.713064500693182	3203
0.0587109405735999	0.697537733602536	847
0.00612129173431009	1.39058131593061	53
0.0564586180276501	0.7291787063689	715
0.0125336358272199	1.03493541717787	199
0.0512088770730701	0.710036630394655	199
0.0564586180276501	0.7291787063689	847
0.0523316931375899	0.713064500693182	18
0.00787640345275009	0.988054240693513	199
0.06243546995815	0.715622506783986	5015
0.0158270506187801	1.01584571964602	354
0.0575389563194899	0.735539281495884	354
0.0164539794121601	1.02233757929324	781
0.0602249500357901	0.730499163381525	562
0.00676019416064011	1.39591295278871	1
0.00288841550519003	1.31740166626643	399
0.0135153024651999	1.03282257608606	16
0.0586650135481299	0.727466341426444	18
0.0587109405735999	0.697537733602536	4789
0.0553333606997799	0.726003060724617	18
0.0553333606997799	0.726003060724617	93
0.0564586180276501	0.7291787063689	386
0.01449172258763	0.978662209123329	1
0.0601773675834501	0.738831501835876	181
0.05528865080094	0.710076963530968	16
0.0602249500357901	0.730499163381525	16
0.05345510510515	0.705591875495488	549
0.06282855236369	0.694011544633278	438
-0.06880359154726	2.26733573973925	136
0.00612129173431009	1.39058131593061	1
0.0108552977976699	0.999749334122049	13
0.01385672024962	1.00129969052965	13
0.0156469767351	1.05949568864167	16
0.0601773675834501	0.738831501835876	93
-0.11141141597656	1.45992282841652	1375
0.00397817945757994	1.37638905534683	1375
0.00616078762183991	1.85178716877982	78
0.01762660750858	1.05527860512342	181
0.0590492242708101	0.71938512081813	4789
0.0144959296800999	1.02306398241213	4789
0.01880875795999	1.02415737930265	199
0.0206040580265801	0.998858284937535	199
0.0602249500357901	0.730499163381525	3639
0.0168220093131399	1.00974315286943	53
0.0198025993731401	1.03371267122963	4789
0.02178761439246	1.01906439664895	16
0.00834935132159997	1.38308736720039	50
0.0666267978752699	0.657060142134051	18
0.0237748197494201	0.953047658699017	37
0.00481785700068005	1.30457081789874	13
0.0178160885405501	0.994401303918672	517
0.0198025993731401	1.03371267122963	53
0.0512088770730701	0.710036630394655	534
0.00519288065699008	1.39333779323471	562
0.0933472748289501	2.27453162782352	482
0.01155093501475	1.02920586895316	6372
0.0601773675834501	0.738831501835876	5789
0.0120745510254801	1.67419681610418	181
0.0602249500357901	0.730499163381525	181
0.06401007866028	0.687658800479857	438
0.0164539794121601	1.02233757929324	105
0.01942292158467	1.00287786054535	93
0.05528865080094	0.710076963530968	53
0.0153049839878701	0.988937700580164	534
0.05796845388172	0.713364753517048	1671
0.0564586180276501	0.7291787063689	562
0.10914222252462	1.67333360612901	78
0.01528046256566	2.12958948807823	402
0.00793911148289994	1.66076968270496	402
0.01184630208522	1.01187759335327	16
0.0575389563194899	0.735539281495884	413
0.0601773675834501	0.738831501835876	1
0.01155093501475	1.02920586895316	181
0.0564586180276501	0.7291787063689	13
0.01158131622665	1.66071507049908	1112
0.0149262965061701	1.34563885758247	1778
0.05420870620563	0.704228411225874	136
-0.11146490274675	1.51347950480982	199
0.0575389563194899	0.735539281495884	18
-0.08952482868158	1.65683917632517	482
0.0586650135481299	0.727466341426444	18
0.06401007866028	0.687658800479857	413
0.0601773675834501	0.738831501835876	68
-0.0981448738483499	1.47162138451693	136
0.01385672024962	1.00129969052965	78
-0.0831960640858	1.81361004374008	1
0.0064116420434901	1.31820212188266	1112
0.0553333606997799	0.726003060724617	16
0.01155093501475	1.02920586895316	18
0.0586650135481299	0.727466341426444	93
0.0158270506187801	1.01584571964602	53
0.00196227171041996	2.03230581005168	136
-0.09988236654626	1.50644129699063	199
0.0068834029526601	0.982858161976339	801
0.0092783102440599	1.3853520598003	13
-0.10612599864122	1.52482073584973	18
0.0125336358272199	1.03493541717787	135
0.0196112265121999	0.990061113479714	413
0.0148396385435701	1.01341838191559	53
0.00143910026300009	1.6693583962515	16
0.0125336358272199	1.03493541717787	2724
0.01069102300678	2.10417073084732	135
0.05641350202004	0.73230153821388	93
0.0156469767351	1.05949568864167	136
-0.0655518035064	2.10380186071081	293
0.0575844780375201	0.721280060796327	13
0.0174379147702	1.02479123843069	135
0.0969995295441599	2.37189442296263	78
-0.10710953775849	1.51963660094073	199
0.0108444309449101	1.38299768504835	62
0.0601773675834501	0.738831501835876	1189
0.000738407368940042	1.36888880591282	4569
0.0601773675834501	0.738831501835876	53
0.08349273552824	2.45926832445283	5517
0.11332088005009	2.0144512198396	1
0.06282855236369	0.694011544633278	157
0.00490494497141003	1.39245704644426	199
0.00369265087298998	1.29672266297711	199
0.02080558130793	2.10451883334114	137
0.05909639943171	0.732413252367468	50
-0.11180523507553	1.47098591288874	690
-0.10260023171152	1.54028110452816	293
0.0602249500357901	0.730499163381525	526
0.0209878376217001	0.977391845324852	1345
0.0575389563194899	0.735539281495884	402
0.0575389563194899	0.735539281495884	402
0.06282855236369	0.694011544633278	377
0.0106260815885699	2.1502900427336	78
0.0196112265121999	0.990061113479714	158
0.0148396385435701	1.01341838191559	199
0.00975320576919003	0.972412242433863	16
0.000738407368940042	1.36888880591282	135
0.0150143467764901	0.980418583141039	135
0.01432550895257	0.997859811649447	53
0.05796845388172	0.713364753517048	293
0.00962430804475001	1.33336989418934	158
0.0553333606997799	0.726003060724617	199
-0.10775909654294	1.51480469884144	16
0.0639600109921501	0.706924423007218	1581
0.0613541055333	0.709694942877597	1399
0.0617469517466001	0.688510786589466	158
0.05909639943171	0.732413252367468	3097
0.0613541055333	0.709694942877597	4440
0.0601773675834501	0.738831501835876	2342
0.00612129173431009	1.39058131593061	785
0.0575389563194899	0.735539281495884	13
0.05420870620563	0.704228411225874	6563
0.00461834608945999	1.32228651466696	905
0.0523316931375899	0.713064500693182	16
0.0601773675834501	0.738831501835876	3644
0.05796845388172	0.713364753517048	2078
0.0575389563194899	0.735539281495884	1536
0.0130250114324999	1.00660600212186	293
0.0553333606997799	0.726003060724617	1941
0.0257557489042699	0.950641500400007	158
0.0602249500357901	0.730499163381525	4213
0.0601773675834501	0.738831501835876	6563
0.05909639943171	0.732413252367468	6685
0.0575389563194899	0.735539281495884	1399
0.0575844780375201	0.721280060796327	158
0.0613541055333	0.709694942877597	13
0.00203260864520005	1.34546993981077	399
0.0590492242708101	0.71938512081813	399
0.01466521468185	1.04603703939955	230
0.0601773675834501	0.738831501835876	377
0.0564586180276501	0.7291787063689	5683
0.05345510510515	0.705591875495488	5092
0.0553333606997799	0.726003060724617	158
0.0575389563194899	0.735539281495884	158
0.05641350202004	0.73230153821388	1363
0.05641350202004	0.73230153821388	37
0.0587109405735999	0.697537733602536	1459
0.0148396385435701	1.01341838191559	1127
0.0156469767351	1.05949568864167	5092
0.05909639943171	0.732413252367468	4806
0.0613061161992601	0.736870138681857	157
0.0575844780375201	0.721280060796327	78
0.0564586180276501	0.7291787063689	62
-0.11186441937043	1.50333197320752	1363
0.0590492242708101	0.71938512081813	2765
0.01213765162532	1.35282149660002	158
0.05909639943171	0.732413252367468	2614
0.05528865080094	0.710076963530968	6473
0.05909639943171	0.732413252367468	6473
0.0601773675834501	0.738831501835876	62
0.0613061161992601	0.736870138681857	1704
0.0602249500357901	0.730499163381525	1818
0.05497011159784	0.71606070609252	785
0.0575389563194899	0.735539281495884	2099
0.0166326567024699	1.06214654354186	13
-0.0992989927852299	1.44648257648498	16
-0.10572690556407	1.5327621501713	293
0.05420870620563	0.704228411225874	1306
0.0575389563194899	0.735539281495884	78
0.05345510510515	0.705591875495488	158
0.0128727620009701	0.970549553173243	1704
0.0249601388256	0.981148471009105	402
0.0575844780375201	0.721280060796327	402
0.0601773675834501	0.738831501835876	755
0.0575389563194899	0.735539281495884	5682
0.0590492242708101	0.71938512081813	611
0.0135153024651999	1.03282257608606	293
0.00352570495215998	1.36108925842188	158
0.0575389563194899	0.735539281495884	2614
0.05497011159784	0.71606070609252	997
0.0553333606997799	0.726003060724617	6202
0.0575389563194899	0.735539281495884	6473
0.11820938409706	1.78805308700912	785
0.0586650135481299	0.727466341426444	2099
0.05528865080094	0.710076963530968	402
0.0553333606997799	0.726003060724617	1071
0.0601773675834501	0.738831501835876	611
0.0590492242708101	0.71938512081813	997
0.05762133196322	0.674348958506194	664
0.05762133196322	0.674348958506194	6225
0.0639600109921501	0.706924423007218	3595
0.0614169759007099	0.639790084475032	611
0.0564586180276501	0.7291787063689	68
0.0166326567024699	1.06214654354186	158
0.0553333606997799	0.726003060724617	158
0.06509207715123	0.69313252886304	2615
-0.00519586017195994	1.27495325086053	158
0.00333777845576	1.3711978666821	158
0.01861967783318	1.03813231461303	785
0.0613061161992601	0.736870138681857	664
0.05979167355072	0.703228822066256	6225
0.00967400237520999	0.987791504529157	275
0.0120347692751499	1.01268053225664	13
0.0564586180276501	0.7291787063689	587
0.0156469767351	1.05949568864167	690
0.0564586180276501	0.7291787063689	3344
0.0553333606997799	0.726003060724617	3344
0.05641350202004	0.73230153821388	158
0.0538446133566399	0.697984072867456	158
0.0575389563194899	0.735539281495884	785
0.01861751095917	0.962417167387821	3180
0.0154733721749301	1.0099962487997	755
0.05528865080094	0.710076963530968	587
0.05528865080094	0.710076963530968	587
0.06401007866028	0.687658800479857	3344
0.05875013151173	0.686404568640005	511
0.05528865080094	0.710076963530968	158
0.05909639943171	0.732413252367468	3286
0.0617469517466001	0.688510786589466	3180
0.0158270506187801	1.01584571964602	402
0.05528865080094	0.710076963530968	402
0.0628782115638999	0.701176308953298	1615
0.05641350202004	0.73230153821388	1306
0.0613061161992601	0.736870138681857	158
0.0590492242708101	0.71938512081813	4093
0.01100855177317	1.73184704661201	377
0.0587109405735999	0.697537733602536	68
0.0590492242708101	0.71938512081813	293
0.0601773675834501	0.738831501835876	158
0.0564586180276501	0.7291787063689	158
0.0590492242708101	0.71938512081813	158
0.00676019416064011	1.39591295278871	62
0.05909639943171	0.732413252367468	1913
0.0601773675834501	0.738831501835876	399
0.05979167355072	0.703228822066256	237
0.05762133196322	0.674348958506194	472
0.10227287818672	2.27929833701813	511
0.0601773675834501	0.738831501835876	1306
0.0601773675834501	0.738831501835876	158
0.0613061161992601	0.736870138681857	135
0.0523316931375899	0.713064500693182	219
0.01155093501475	1.02920586895316	158
0.0209878376217001	0.977391845324852	5121
0.0586650135481299	0.727466341426444	13
0.0125336358272199	1.03493541717787	2953
0.0617469517466001	0.688510786589466	2953
0.05796845388172	0.713364753517048	3621
0.0586650135481299	0.727466341426444	135
0.0179789173020699	0.975977564935526	690
0.0601773675834501	0.738831501835876	690
0.0586650135481299	0.727466341426444	390
0.0036011539141001	1.34429277653344	221
0.05641350202004	0.73230153821388	402
0.00805905914040994	1.3755584022824	2689
0.0560962080610301	0.714264141170933	135
0.06282855236369	0.694011544633278	135
0.0553333606997799	0.726003060724617	390
0.05528865080094	0.710076963530968	158
0.0500866570905001	0.689354783889821	3638
0.000738407368940042	1.36888880591282	626
0.00985977642811009	0.977545782531113	2689
0.0575389563194899	0.735539281495884	1986
0.05762133196322	0.674348958506194	293
0.05528865080094	0.710076963530968	1306
0.0639600109921501	0.706924423007218	158
0.0564586180276501	0.7291787063689	2002
0.0538446133566399	0.697984072867456	4063
0.05641350202004	0.73230153821388	800
0.0601773675834501	0.738831501835876	532
0.0590492242708101	0.71938512081813	137
0.05497011159784	0.71606070609252	5404
-0.0884438377502399	1.82504656305231	2953
0.0553333606997799	0.726003060724617	1174
0.0575389563194899	0.735539281495884	41
0.05641350202004	0.73230153821388	740
0.0602249500357901	0.730499163381525	293
0.0575389563194899	0.735539281495884	1306
0.0553333606997799	0.726003060724617	532
0.00898694551023005	1.38833116500877	402
0.0564586180276501	0.7291787063689	2689
0.0183811088702699	0.94289026648548	377
0.0639600109921501	0.706924423007218	377
0.0128727620009701	0.970549553173243	158
0.0613061161992601	0.736870138681857	2002
0.01184630208522	1.01187759335327	2689
0.0564586180276501	0.7291787063689	4875
0.0135153024651999	1.03282257608606	41
0.05420870620563	0.704228411225874	135
0.0125336358272199	1.03493541717787	690
0.05641350202004	0.73230153821388	2159
0.05345510510515	0.705591875495488	2159
-0.0666411889298699	2.25918626653979	476
0.0602249500357901	0.730499163381525	158
0.0553333606997799	0.726003060724617	61
0.0586650135481299	0.727466341426444	1250
0.0586650135481299	0.727466341426444	532
0.0575389563194899	0.735539281495884	275
0.05909639943171	0.732413252367468	798
0.0575389563194899	0.735539281495884	457
0.00238851116717997	1.29757480062566	402
0.0166326567024699	1.06214654354186	402
0.06667896008021	0.652914930517597	402
0.0575844780375201	0.721280060796327	4875
0.0560962080610301	0.714264141170933	68
0.0602249500357901	0.730499163381525	1423
0.05528865080094	0.710076963530968	158
0.0128727620009701	0.970549553173243	959
0.09658103044424	2.37096890046563	956
-0.10201584205204	1.52894738195034	137
-0.10375377133404	1.50045620922095	956
0.01237361546281	2.16291952401257	78
-0.08251769649812	1.84952007171999	78
0.0158270506187801	1.01584571964602	402
0.0575389563194899	0.735539281495884	2700
0.000352461664989923	1.24553273131207	956
0.0206040580265801	0.998858284937535	3288
0.0523316931375899	0.713064500693182	513
0.0613061161992601	0.736870138681857	708
0.01900079726799	0.990487777656502	369
0.0601773675834501	0.738831501835876	135
0.0666267978752699	0.657060142134051	1028
0.00430945344591005	1.75803658862219	2953
-0.10278150005616	1.44515845905181	158
0.01481397227667	0.992885252547859	62
0.06282855236369	0.694011544633278	3313
0.00550276013088991	2.03138807947015	1174
0.0575844780375201	0.721280060796327	369
0.0125336358272199	1.03493541717787	402
0.01238218377581	0.925409230465056	2689
0.0575389563194899	0.735539281495884	135
0.000820853726059889	1.34045547974207	68
-0.10671184946587	1.53612264627001	708
0.0166886232650501	1.68191329812394	5410
0.00865275465207005	1.66363432029921	92
0.00530164612769002	1.7585520025535	2212
0.01466521468185	1.04603703939955	402
0.01457414725113	1.76697850722729	320
-0.00287079987535011	1.59213058123486	690
0.0141906908239899	1.72568294471611	129
0.0215960008174101	0.997243643286838	239
0.0628782115638999	0.701176308953298	129
0.05796845388172	0.713364753517048	936
0.0586650135481299	0.727466341426444	1313
0.05641350202004	0.73230153821388	402
0.05420870620563	0.704228411225874	1174
0.0553333606997799	0.726003060724617	4659
0.05909639943171	0.732413252367468	2182
0.0564586180276501	0.7291787063689	402
0.06509207715123	0.69313252886304	2988
0.0575844780375201	0.721280060796327	232
0.01270475663558	0.989369800883928	68
0.0500866570905001	0.689354783889821	2694
0.0553333606997799	0.726003060724617	1174
0.0628782115638999	0.701176308953298	2988
0.0575389563194899	0.735539281495884	232
0.0590492242708101	0.71938512081813	68
-0.0642642942101199	2.07131351046642	293
-0.10828209532699	1.51029967365358	293
0.0601773675834501	0.738831501835876	239
0.05497011159784	0.71606070609252	129
0.0602249500357901	0.730499163381525	62
0.0207955530829	1.03191932854969	1769
0.06509207715123	0.69313252886304	513
0.0575389563194899	0.735539281495884	613
0.0613061161992601	0.736870138681857	135
0.05909639943171	0.732413252367468	232
0.0158270506187801	1.01584571964602	293
0.05909639943171	0.732413252367468	2600
0.06282855236369	0.694011544633278	78
0.02178761439246	1.01906439664895	750
0.01762660750858	1.05527860512342	62
0.0564586180276501	0.7291787063689	402
0.0602249500357901	0.730499163381525	237
0.0575844780375201	0.721280060796327	1313
0.05641350202004	0.73230153821388	5637
0.0560962080610301	0.714264141170933	5637
0.05497011159784	0.71606070609252	1944
0.0198025993731401	1.03371267122963	1769
0.05420870620563	0.704228411225874	92
-0.09478865638337	1.48459404254803	574
0.00397817945757994	1.37638905534683	402
0.0560962080610301	0.714264141170933	690
0.0590492242708101	0.71938512081813	936
0.0538446133566399	0.697984072867456	1828
0.00166693288170006	1.37494792063799	690
0.01861967783318	1.03813231461303	402
0.0602249500357901	0.730499163381525	459
0.0553333606997799	0.726003060724617	122
-0.12342999300117	2.29413702884046	293
0.11526258176045	2.00424239360629	293
0.0602249500357901	0.730499163381525	239
0.0575389563194899	0.735539281495884	2936
0.0564586180276501	0.7291787063689	129
0.0575844780375201	0.721280060796327	129
0.0160034425553499	0.989065946048087	402
0.0575389563194899	0.735539281495884	816
0.0575844780375201	0.721280060796327	1253
0.12088152920313	1.98494476242918	1955
0.0553333606997799	0.726003060724617	68
0.01334499330124	0.99976672401657	506
0.0553333606997799	0.726003060724617	129
0.0575389563194899	0.735539281495884	1035
0.0602249500357901	0.730499163381525	1084
-0.10358661838613	1.53891921840027	129
0.05420870620563	0.704228411225874	1769
0.0575389563194899	0.735539281495884	6313
0.0575389563194899	0.735539281495884	6313
0.0553333606997799	0.726003060724617	1253
0.00967400237520999	0.987791504529157	5503
0.05641350202004	0.73230153821388	380
0.0553333606997799	0.726003060724617	68
0.12189702669254	1.8550734773657	1084
0.05641350202004	0.73230153821388	6313
0.0124313557465501	1.35640232034981	2673
0.0639600109921501	0.706924423007218	4782
0.0155270494388	2.49495131591024	402
0.0575389563194899	0.735539281495884	3815
0.0602249500357901	0.730499163381525	68
-0.0647481778344301	2.27895956999714	173
0.0575389563194899	0.735539281495884	78
0.01283641905127	1.01431452425188	488
0.0575389563194899	0.735539281495884	129
0.0174379147702	1.02479123843069	380
0.05641350202004	0.73230153821388	380
-0.10241739059043	1.46542189949424	690
0.05528865080094	0.710076963530968	107
0.0586650135481299	0.727466341426444	6267
0.05796845388172	0.713364753517048	402
-0.08238762789632	1.89023843873909	402
0.0602249500357901	0.730499163381525	2359
0.0601773675834501	0.738831501835876	6139
0.0613061161992601	0.736870138681857	1089
0.0602249500357901	0.730499163381525	2441
0.0613061161992601	0.736870138681857	5886
0.0575389563194899	0.735539281495884	232
0.0553333606997799	0.726003060724617	402
0.01283641905127	1.01431452425188	3275
0.01283641905127	1.01431452425188	3275
0.05796845388172	0.713364753517048	1089
0.00647145204041011	1.34258763728375	173
0.05796845388172	0.713364753517048	402
0.0553333606997799	0.726003060724617	273
0.0553333606997799	0.726003060724617	380
0.0586650135481299	0.727466341426444	380
0.0564586180276501	0.7291787063689	380
0.0553333606997799	0.726003060724617	2411
0.0512088770730701	0.710036630394655	129
0.0613061161992601	0.736870138681857	1135
-0.0788987686899001	1.72050304869041	1135
0.0575844780375201	0.721280060796327	129
0.05641350202004	0.73230153821388	5066
-0.10260023171152	1.54028110452816	402
0.0575844780375201	0.721280060796327	380
0.0146353059376301	1.72454095856084	2221
0.0639600109921501	0.706924423007218	1858
0.0602249500357901	0.730499163381525	4763
0.05979167355072	0.703228822066256	173
0.0628782115638999	0.701176308953298	129
0.0586650135481299	0.727466341426444	129
0.0124313557465501	1.35640232034981	1277
0.05497011159784	0.71606070609252	380
0.0575389563194899	0.735539281495884	669
0.0601773675834501	0.738831501835876	107
0.0613061161992601	0.736870138681857	107
0.02357720142335	0.956045879588676	107
-0.0984892315972099	1.52123106759886	173
0.0139961791205301	1.35893248554761	3275
0.00538545548927005	1.70343871636696	706
0.0538446133566399	0.697984072867456	380
0.0601773675834501	0.738831501835876	135
-0.0687555499747901	2.16977642328778	135
0.0575844780375201	0.721280060796327	122
0.05909639943171	0.732413252367468	122
0.00736502421974006	1.67257220367733	1188
0.05528865080094	0.710076963530968	2705
0.05722290255799	0.694544950616315	173
0.0575389563194899	0.735539281495884	2588
-0.10652356761145	1.45794938453319	129
0.01900079726799	0.990487777656502	129
0.05641350202004	0.73230153821388	402
0.05641350202004	0.73230153821388	222
0.0613061161992601	0.736870138681857	122
0.0575844780375201	0.721280060796327	107
0.00721645100866009	1.22308275422655	130
0.0575844780375201	0.721280060796327	129
0.0564586180276501	0.7291787063689	2588
0.05641350202004	0.73230153821388	129
0.0575389563194899	0.735539281495884	402
0.0575389563194899	0.735539281495884	369
0.0575389563194899	0.735539281495884	107
0.05345510510515	0.705591875495488	107
0.0602249500357901	0.730499163381525	68
0.0553333606997799	0.726003060724617	380
0.0553333606997799	0.726003060724617	503
0.01843085892553	1.01854485705832	129
0.0617469517466001	0.688510786589466	510
0.0602249500357901	0.730499163381525	2134
0.01184630208522	1.01187759335327	402
0.0613061161992601	0.736870138681857	167
0.0564586180276501	0.7291787063689	503
0.0639600109921501	0.706924423007218	122
0.01793715646631	1.71746824624134	2285
-0.10044484005082	1.45960705425956	167
0.01432550895257	0.997859811649447	129
-0.10775909654294	1.51480469884144	2285
0.0553333606997799	0.726003060724617	2465
0.00548215617356007	1.32850214539935	4233
0.0602249500357901	0.730499163381525	129
0.0235344114865701	0.89802523192234	281
-0.0848445666372999	1.85843204431632	68
0.0150143467764901	0.980418583141039	4233
-0.10555614986926	1.50576391135448	402
0.00315910646983997	2.32422135729678	402
0.05528865080094	0.710076963530968	3375
0.01880875795999	1.02415737930265	450
0.10990641361014	1.82391882870713	503
0.06401007866028	0.687658800479857	4233
0.05641350202004	0.73230153821388	6486
0.0164539794121601	1.02233757929324	426
0.0564586180276501	0.7291787063689	17
0.0601773675834501	0.738831501835876	167
0.0120347692751499	1.01268053225664	68
0.0575389563194899	0.735539281495884	129
0.0970581743946899	2.34332129808334	129
0.0148396385435701	1.01341838191559	2285
0.0027999492503501	2.02872126937522	1277
0.0179708673302901	2.10374271731269	1644
0.05497011159784	0.71606070609252	17
-0.10671184946587	1.53612264627001	1567
0.00203260864520005	1.34546993981077	173
0.0142336868054	1.72091261969148	402
0.10211372227591	2.3315354721178	3114
0.00805905914040994	1.3755584022824	3447
0.0575389563194899	0.735539281495884	2285
0.11173716768235	1.99304300403209	3116
-0.10712519727977	1.45179066666458	1488
0.00864098649154999	1.32402360525397	167
0.00612129173431009	1.39058131593061	1567
0.01082484342004	1.68852019423824	173
0.0100516167104601	0.998153917172468	129
0.0560962080610301	0.714264141170933	3747
-0.10532628504905	1.50075247374877	2328
0.0575844780375201	0.721280060796327	129
0.00805905914040994	1.3755584022824	129
0.00574699720454008	1.36755508274636	129
-0.0726625616597501	1.88142944958407	402
0.0178140335269099	0.994126404525036	402
0.0092783102440599	1.3853520598003	1567
0.0586650135481299	0.727466341426444	402
0.05345510510515	0.705591875495488	820
0.00742096361722999	1.37041367620185	1176
0.10846918137514	1.98026983109472	129
0.01073808555288	0.986018987641791	129
0.11894092902424	1.98324792702232	308
0.05909639943171	0.732413252367468	402
0.0169916343101599	0.987503295537651	402
0.05722290255799	0.694544950616315	17
0.00869692253890997	1.3217465559024	129
-0.0001895450231999	1.35335906350172	308
0.00834935132159997	1.38308736720039	402
-0.10120814718338	1.4947468941132	402
0.00541642585540991	1.64592858858178	402
0.000178655202649924	1.33553477592516	721
0.01138086113797	0.980631355798895	337
0.02201814602189	2.08252692509259	5020
0.0156469767351	1.05949568864167	129
0.0174379147702	1.02479123843069	871
-0.10631263638082	1.51219823989659	130
-0.0661467085788301	2.1952285412989	129
-0.11402213626587	1.42086393253018	129
0.05796845388172	0.713364753517048	308
0.00954736973000991	1.33095219871215	129
0.0613541055333	0.709694942877597	402
0.11429132915389	2.01480685842381	402
0.0564586180276501	0.7291787063689	17
0.0601773675834501	0.738831501835876	6117
0.0586650135481299	0.727466341426444	2187
0.05420870620563	0.704228411225874	1567
0.0587109405735999	0.697537733602536	579
0.05909639943171	0.732413252367468	5020
0.00889385446437996	1.33977343322537	5020
0.0586650135481299	0.727466341426444	402
0.00886852949045003	0.986227894627798	721
0.01334499330124	0.99976672401657	951
0.00585431754733001	1.28778442594754	2945
-0.0933865466420201	1.46664460677737	129
0.00746369106912992	1.7713694069168	369
-0.11306970758381	1.38875146650775	721
0.0601773675834501	0.738831501835876	129
0.01466521468185	1.04603703939955	402
0.00864098649154999	1.32402360525397	402
0.0500866570905001	0.689354783889821	167
0.0553333606997799	0.726003060724617	1567
0.00739886362698994	1.34011577078713	95
0.0123634422842001	0.994484905249418	369
0.02307857062506	2.06046548665988	129
-0.08117809556601	1.89099444850105	129
0.0512088770730701	0.710036630394655	17
0.0068834029526601	0.982858161976339	167
0.0156469767351	1.05949568864167	1567
0.0129998663656601	1.27727453125138	129
0.05641350202004	0.73230153821388	3165
0.0068834029526601	0.982858161976339	579
0.0135153024651999	1.03282257608606	402
0.0036011539141001	1.34429277653344	402
0.0590492242708101	0.71938512081813	3441
0.0590492242708101	0.71938512081813	545
-0.10515717091497	1.50736060352838	369
0.00636807494286007	2.02155200005847	173
0.01594301014882	1.73481079850499	129
0.05528865080094	0.710076963530968	402
0.0219843459489499	0.95930086487897	402
-0.10161276202932	1.53219468878035	5520
0.0231721467683399	0.949966026507162	402
0.06282855236369	0.694011544633278	5922
0.00238851116717997	1.29757480062566	545
0.05641350202004	0.73230153821388	17
0.0553333606997799	0.726003060724617	369
0.01843085892553	1.01854485705832	57
0.0125336358272199	1.03493541717787	402
0.05641350202004	0.73230153821388	129
0.00583228306373007	1.39870196517092	17
0.0156469767351	1.05949568864167	95
0.0105252703828	1.77640241105621	129
0.05909639943171	0.732413252367468	308
0.0564586180276501	0.7291787063689	5564
0.05528865080094	0.710076963530968	129
0.0628782115638999	0.701176308953298	1018
0.0575389563194899	0.735539281495884	545
0.0601773675834501	0.738831501835876	3484
0.01466521468185	1.04603703939955	1018
-0.10316889735996	1.48983058744779	17
0.0130666309598899	1.36138216304891	95
0.05528865080094	0.710076963530968	6173
0.05497011159784	0.71606070609252	308
0.05796845388172	0.713364753517048	167
0.0575389563194899	0.735539281495884	500
0.05909639943171	0.732413252367468	402
0.0590492242708101	0.71938512081813	402
0.0639600109921501	0.706924423007218	545
-0.0637597247825099	2.25311077563838	70
0.0601773675834501	0.738831501835876	2574
0.0148396385435701	1.01341838191559	625
0.00805905914040994	1.3755584022824	17
0.11470094144657	1.99897131990635	24
0.0601773675834501	0.738831501835876	1305
0.05528865080094	0.710076963530968	435
0.0602249500357901	0.730499163381525	545
0.0564586180276501	0.7291787063689	17
0.00787640345275009	0.988054240693513	3353
0.0267078305624999	2.02234473209191	402
0.0553333606997799	0.726003060724617	57
0.0118462434902999	1.69174210353186	1029
0.01155093501475	1.02920586895316	1029
0.11485308843808	1.9395581341028	308
0.05796845388172	0.713364753517048	1723
0.00331833141304005	1.7480821042372	24
0.05909639943171	0.732413252367468	429
0.0209233255264001	1.99831741264945	545
-0.10984149617049	1.4795713698536	60
0.05420870620563	0.704228411225874	1305
-0.12014969093747	2.23572126134862	402
0.09961000025446	2.30262538115927	17
0.01385672024962	1.00129969052965	60
0.00259603193603009	1.37230076510256	1564
0.0639600109921501	0.706924423007218	429
0.0575389563194899	0.735539281495884	545
0.0158270506187801	1.01584571964602	3059
0.00606232499105008	1.72809685027659	95
0.0601773675834501	0.738831501835876	60
0.0199947631342301	0.988922744367811	1276
0.0601773675834501	0.738831501835876	24
0.11914856125904	1.98448340796965	805
0.0575389563194899	0.735539281495884	1564
0.00667719865763994	1.36025394670362	2675
0.0500866570905001	0.689354783889821	4689
0.01880875795999	1.02415737930265	805
0.05909639943171	0.732413252367468	129
0.06243546995815	0.715622506783986	70
0.0601773675834501	0.738831501835876	4689
0.0575389563194899	0.735539281495884	95
0.0628782115638999	0.701176308953298	60
0.05796845388172	0.713364753517048	24
0.0564586180276501	0.7291787063689	57
0.0164539794121601	1.02233757929324	70
0.0564586180276501	0.7291787063689	2332
0.00481002427423993	1.71322354042186	805
0.01073808555288	0.986018987641791	1723
0.01762660750858	1.05527860512342	57
-0.0546640543739401	2.16897496847073	129
0.01366267868584	1.71653868223082	24
0.00670605781696998	0.970815452839597	70
0.01843085892553	1.01854485705832	675
0.0575389563194899	0.735539281495884	992
-0.11301830363349	1.46691979959626	692
0.0125871854575501	2.1347281933764	7
0.0207955530829	1.03191932854969	24
0.05641350202004	0.73230153821388	7
0.000738407368940042	1.36888880591282	60
0.01142865321454	2.15740066335155	17
-0.10161276202932	1.53219468878035	57
0.0575389563194899	0.735539281495884	57
0.0104579519868999	1.30055897583167	308
0.0575389563194899	0.735539281495884	992
0.0575389563194899	0.735539281495884	15
0.0512088770730701	0.710036630394655	79
0.0575844780375201	0.721280060796327	625
0.05641350202004	0.73230153821388	625
0.01762660750858	1.05527860512342	5750
0.10411648074677	2.23069463812009	70
-0.10479196150626	1.51935144012948	383
-0.10375377133404	1.50045620922095	254
-0.10260023171152	1.54028110452816	675
0.0166326567024699	1.06214654354186	1305
-0.10318482565274	1.5195619118212	1442
-0.09676753442652	1.46820899188356	383
0.0575389563194899	0.735539281495884	2942
0.05909639943171	0.732413252367468	79
-0.0986650425037801	1.42425713606998	60
0.0601773675834501	0.738831501835876	60
0.00975320576919003	0.972412242433863	245
-0.08021733829552	1.90218727119227	992
-0.10973176173926	1.4583709195955	940
0.0174379147702	1.02479123843069	1267
0.0156469767351	1.05949568864167	992
0.06401007866028	0.687658800479857	3895
-0.07069387354557	2.21764077928313	1409
0.0100171717116999	1.74957457107742	6579
0.01619484698962	0.98596802374559	992
0.1074179371432	2.27621048068892	7
0.01466521468185	1.04603703939955	1305
0.0523316931375899	0.713064500693182	254
0.0575844780375201	0.721280060796327	7
0.0602249500357901	0.730499163381525	245
0.0587109405735999	0.697537733602536	245
-0.0880418990454901	1.78599174913748	79
0.00139116973922993	1.28777080171253	238
0.00538677454736991	1.30973576437094	1305
-0.10276557741377	1.4706923709481	400
0.0613061161992601	0.736870138681857	1137
0.0158270506187801	1.01584571964602	3971
0.0564586180276501	0.7291787063689	167
0.0553333606997799	0.726003060724617	167
0.11316724841165	1.92762403290498	1305
0.00787945578825	1.74740905466832	1305
0.01382564401333	1.00821739453195	992
0.0538446133566399	0.697984072867456	6439
0.0215960008174101	0.997243643286838	369
-0.11042868411383	1.46054374451728	117
-0.10809199920433	1.50553926722406	1163
0.0129957961660601	2.1279689693425	1305
-0.0646534846842299	2.16780737208769	992
0.0166326567024699	1.06214654354186	509
0.12185303157016	1.96848148446316	144
0.0150143467764901	0.980418583141039	245
0.00686769430245993	1.68728334194158	146
0.05497011159784	0.71606070609252	1880
0.0613061161992601	0.736870138681857	1880
0.0166326567024699	1.06214654354186	79
0.0601773675834501	0.738831501835876	789
0.00725747472917004	2.1248255191637	167
0.0553333606997799	0.726003060724617	636
0.01382564401333	1.00821739453195	91
-0.08946555650417	1.78787467914101	238
0.0553333606997799	0.726003060724617	45
0.0601773675834501	0.738831501835876	935
0.0564586180276501	0.7291787063689	6616
0.0538446133566399	0.697984072867456	6616
0.0070502766973799	1.37901746915894	60
0.0613061161992601	0.736870138681857	789
0.0011053443367901	1.34429158535197	167
0.00259603193603009	1.37230076510256	5749
0.0239691107423301	0.988599552432728	167
0.0613061161992601	0.736870138681857	79
0.0142122885518801	2.08351515881076	238
0.05979167355072	0.703228822066256	167
0.0553333606997799	0.726003060724617	167
-0.10358661838613	1.53891921840027	5749
0.0586650135481299	0.727466341426444	117
0.000820853726059889	1.34045547974207	238
0.01094353074874	1.75786470228911	1267
0.0575389563194899	0.735539281495884	45
0.05345510510515	0.705591875495488	934
0.0166326567024699	1.06214654354186	238
0.01172193758603	0.99121871977469	138
0.05909639943171	0.732413252367468	934
-0.11239307110499	1.45217080132874	1114
0.0601773675834501	0.738831501835876	238
0.00921530753458	0.942763667081094	91
0.0154733721749301	1.0099962487997	91
0.0512088770730701	0.710036630394655	238
0.0135153024651999	1.03282257608606	1114
0.0523316931375899	0.713064500693182	44
0.0613061161992601	0.736870138681857	138
0.0575844780375201	0.721280060796327	1880
-0.06919974655372	2.11283295610404	536
0.0166326567024699	1.06214654354186	146
0.0590492242708101	0.71938512081813	3419
0.0601773675834501	0.738831501835876	238
-0.11301830363349	1.46691979959626	5610
0.0560962080610301	0.714264141170933	60
0.0601773675834501	0.738831501835876	3232
0.0198025993731401	1.03371267122963	1570
0.00481736739324989	1.36532032108979	1570
0.0590492242708101	0.71938512081813	1544
0.0601773675834501	0.738831501835876	91
0.01184630208522	1.01187759335327	91
0.0086828882149399	0.989626883484333	15
0.05641350202004	0.73230153821388	79
0.0586650135481299	0.727466341426444	167
0.01762660750858	1.05527860512342	1019
0.0575844780375201	0.721280060796327	79
-0.10375377133404	1.50045620922095	238
-0.0795737610540601	1.886394727026	1019
0.01678648640665	2.39847609770516	117
0.01056720526258	1.01414204514268	3965
0.0194473498943599	2.08732775967263	167
0.00667719865763994	1.36025394670362	238
-0.0469246521362501	2.4780355967658	238
0.0613061161992601	0.736870138681857	833
0.01421551743837	0.978898063551411	238
0.0174379147702	1.02479123843069	2890
0.0575389563194899	0.735539281495884	809
0.0553333606997799	0.726003060724617	833
-0.0992989927852299	1.44648257648498	238
0.0601773675834501	0.738831501835876	166
0.01138086113797	0.980631355798895	200
0.0628782115638999	0.701176308953298	79
0.0523316931375899	0.713064500693182	89
0.0123634422842001	0.994484905249418	79
0.0186691845472899	1.90420967448908	91
0.06282855236369	0.694011544633278	1116
0.0207955530829	1.03191932854969	89
0.00226115818260997	2.06092174677337	238
0.01368653745468	0.980640359607828	60
0.11332088005009	2.0144512198396	1781
0.01762660750858	1.05527860512342	79
-0.0801451936439601	1.89951368014208	3419
0.0575844780375201	0.721280060796327	223
-0.11003194368418	1.39290998304192	238
0.01432550895257	0.997859811649447	646
0.0613061161992601	0.736870138681857	60
-0.00362822444619004	1.26680614953873	60
0.0564586180276501	0.7291787063689	509
0.05528865080094	0.710076963530968	5928
0.0590492242708101	0.71938512081813	44
0.0564586180276501	0.7291787063689	2331
0.0586650135481299	0.727466341426444	2331
0.0601773675834501	0.738831501835876	2331
0.05641350202004	0.73230153821388	6591
0.05528865080094	0.710076963530968	6707
0.01056720526258	1.01414204514268	1502
0.000820853726059889	1.34045547974207	44
-0.08023566633493	1.77962180572173	44
0.00461834608945999	1.32228651466696	60
0.00100911079664989	1.27393980463042	1477
0.00490494497141003	1.39245704644426	6738
0.0564586180276501	0.7291787063689	89
0.0156469767351	1.05949568864167	4840
-0.1242651995228	2.3610571733729	200
0.0154755122096899	1.00461431112535	1881
0.0149262965061701	1.34563885758247	1529
0.0553333606997799	0.726003060724617	166
0.0639600109921501	0.706924423007218	91
0.0239691107423301	0.988599552432728	723
0.0239691107423301	0.988599552432728	1477
0.05528865080094	0.710076963530968	200
0.0613541055333	0.709694942877597	89
0.0553333606997799	0.726003060724617	99
0.0061928991509701	2.37541730408377	99
0.00305198609555002	1.3482683784223	1529
0.01880875795999	1.02415737930265	1144
0.0587109405735999	0.697537733602536	172
0.00288841550519003	1.31740166626643	223
0.0575389563194899	0.735539281495884	1477
-0.0612916238102601	2.12199059562142	44
-0.0984892315972099	1.52123106759886	44
0.00787640345275009	0.988054240693513	646
0.05420870620563	0.704228411225874	842
0.0564586180276501	0.7291787063689	2146
0.0156469767351	1.05949568864167	117
0.06509207715123	0.69313252886304	646
0.0601773675834501	0.738831501835876	89
0.0628782115638999	0.701176308953298	5317
0.00962430804475001	1.33336989418934	2146
0.01520563370906	0.987522609328246	946
-0.10612599864122	1.52482073584973	172
0.05909639943171	0.732413252367468	1477
0.06243546995815	0.715622506783986	264
0.0560962080610301	0.714264141170933	89
0.00694911426732991	1.67975913860506	765
0.0613061161992601	0.736870138681857	580
0.01066423641536	0.97907940333588	4699
0.05909639943171	0.732413252367468	2608
0.00612129173431009	1.39058131593061	117
0.0586650135481299	0.727466341426444	1184
0.0125336358272199	1.03493541717787	1184
0.0564586180276501	0.7291787063689	1184
0.0553333606997799	0.726003060724617	6827
0.0601773675834501	0.738831501835876	580
-0.0990723562800799	1.50120986754214	1327
0.0105252703828	1.77640241105621	946
-0.10692638233338	1.48781719842794	223
0.0160034425553499	0.989065946048087	580
0.05420870620563	0.704228411225874	4699
0.0206040580265801	0.998858284937535	2168
-0.07128007509169	1.82723956680208	44
-0.04478126475211	2.42130688948328	172
0.05420870620563	0.704228411225874	197
-0.04673892135164	2.45579182683715	177
0.0156469767351	1.05949568864167	197
-0.06398433101324	2.23443054469881	842
0.11965005526289	1.91439087810974	223
0.11504295983052	1.96563897151137	197
0.0575844780375201	0.721280060796327	737
0.05641350202004	0.73230153821388	3142
0.0613541055333	0.709694942877597	3142
0.0560962080610301	0.714264141170933	172
-0.10004047165163	1.50377253123155	223
0.1210332902647	2.00218712600786	223
0.0639600109921501	0.706924423007218	737
-0.06988526193937	1.849547198405	4543
0.0601773675834501	0.738831501835876	1744
0.0590492242708101	0.71938512081813	3631
0.0639600109921501	0.706924423007218	264
0.05987953142555	0.673563681735568	575
-0.0818439761356899	1.86494400580753	79
0.0602249500357901	0.730499163381525	99
0.0613061161992601	0.736870138681857	172
0.05909639943171	0.732413252367468	264
-0.07645692462943	2.08270635844028	79
-0.06285778007456	2.12490225735805	79
0.11852638811618	2.01653943317985	842
0.00787640345275009	0.988054240693513	172
0.11469986096221	1.97487089872247	172
-0.12089136819103	2.35626525448698	91
0.0602249500357901	0.730499163381525	6078
-0.10949011935508	1.51546540348652	264
0.00638273275487999	1.32847789462207	522
0.0613541055333	0.709694942877597	5805
-0.00398392257271007	1.27771882255411	99
0.05796845388172	0.713364753517048	842
0.0125871854575501	2.1347281933764	99
-0.10612599864122	1.52482073584973	842
-0.11064084542325	1.45513719317709	172
-0.12354935460755	2.28241612434835	117
0.0601773675834501	0.738831501835876	522
0.0617469517466001	0.688510786589466	2780
0.0174379147702	1.02479123843069	44
0.05641350202004	0.73230153821388	44
0.06243546995815	0.715622506783986	44
0.0553333606997799	0.726003060724617	44
0.01385672024962	1.00129969052965	172
0.00210151098514011	0.910402791678345	737
0.0153049839878701	0.988937700580164	177
0.00631524923479998	1.66710543860385	332
-0.11082390384457	1.47895487832536	264
-0.0735005909844899	1.8375846578676	99
0.00382202396386999	1.6846584859042	1998
0.05909639943171	0.732413252367468	332
0.0156469767351	1.05949568864167	25
0.00201511043716995	1.65754486184291	412
0.05796845388172	0.713364753517048	3341
0.0165395696883	2.12757258498915	332
0.0166326567024699	1.06214654354186	44
0.0011053443367901	1.34429158535197	332
0.01213765162532	1.35282149660002	25
0.02439955676772	2.31609903617655	299
0.0206040580265801	0.998858284937535	332
-0.10423777311744	1.50117586644514	567
-0.10266401216361	1.51215367186342	332
0.12006399896713	1.99542351474852	332
0.00975320576919003	0.972412242433863	25
0.01481397227667	0.992885252547859	193
-0.0839596789466901	1.90230928938012	567
0.0166326567024699	1.06214654354186	25
0.0602249500357901	0.730499163381525	567
0.0560962080610301	0.714264141170933	2749
-0.0995507549533201	1.48117309176536	264
0.00898694551023005	1.38833116500877	1572
0.0822584978405101	2.33370777250529	431
0.01385672024962	1.00129969052965	45
0.05641350202004	0.73230153821388	25
-0.10318482565274	1.5195619118212	47
0.0538446133566399	0.697984072867456	431
0.01762660750858	1.05527860512342	177
0.0601773675834501	0.738831501835876	332
0.0613541055333	0.709694942877597	25
0.05641350202004	0.73230153821388	3425
0.05641350202004	0.73230153821388	264
0.01109806832209	1.76274752771139	47
0.05641350202004	0.73230153821388	961
0.05420870620563	0.704228411225874	99
0.0601773675834501	0.738831501835876	332
0.06243546995815	0.715622506783986	332
0.0639600109921501	0.706924423007218	2567
0.0154733721749301	1.0099962487997	855
0.11020719768756	1.93949565065654	264
0.00769089857360994	0.984418091019068	2417
0.00230500060872996	1.335201243665	961
0.0553333606997799	0.726003060724617	2567
0.00296044856662991	1.33936431966171	264
-0.07170141048723	1.87661639341303	193
0.01109806832209	1.76274752771139	264
0.01917505881493	0.944289793555793	2417
0.05497011159784	0.71606070609252	177
0.01283641905127	1.01431452425188	5234
0.0512088770730701	0.710036630394655	2417
0.0512088770730701	0.710036630394655	3224
0.01120924071748	1.33131945726029	106
0.0564586180276501	0.7291787063689	25
0.01172193758603	0.99121871977469	855
0.0613061161992601	0.736870138681857	2417
0.0575389563194899	0.735539281495884	3146
0.05528865080094	0.710076963530968	177
0.0586650135481299	0.727466341426444	172
0.05909639943171	0.732413252367468	5217
0.0575844780375201	0.721280060796327	332
0.0575389563194899	0.735539281495884	147
-0.00148743516970007	1.32826875342477	855
0.01368653745468	0.980640359607828	264
0.0575389563194899	0.735539281495884	5234
0.02476573706895	0.957488826524101	300
0.00960026889450005	1.68439633524728	855
0.11122592838504	1.91666102988448	855
0.02478179551093	1.86332000044141	3146
0.10699771450091	2.15519028556256	431
0.0070502766973799	1.37901746915894	25
0.0011053443367901	1.34429158535197	45
0.01018453793015	1.28129711224422	332
0.0144959296800999	1.02306398241213	332
0.0000804931478799453	1.28610617358927	6386
-0.04342521533596	2.46357347975974	332
0.0166326567024699	1.06214654354186	3597
0.0666267978752699	0.657060142134051	6294
-0.0852411015146	1.62151360740047	356
0.11326714235846	1.99256670012222	332
0.0613061161992601	0.736870138681857	94
0.01177403083454	1.36522131033221	356
0.05909639943171	0.732413252367468	25
0.0575844780375201	0.721280060796327	94
0.0575389563194899	0.735539281495884	3238
0.05420870620563	0.704228411225874	212
0.00803761709223005	1.75777321280492	106
0.0116535856840201	0.962516912671109	264
0.0575389563194899	0.735539281495884	3238
0.06243546995815	0.715622506783986	431
0.0094374305557301	2.07949456275207	829
0.00333777845576	1.3711978666821	25
0.0209878376217001	0.977391845324852	106
0.0196112265121999	0.990061113479714	3292
0.00299978598065009	1.67836453532266	47
0.0575389563194899	0.735539281495884	332
0.00898694551023005	1.38833116500877	106
0.06282855236369	0.694011544633278	3292
0.0564586180276501	0.7291787063689	3292
-0.12133596245219	2.37786090923075	264
0.0639600109921501	0.706924423007218	3358
0.05979167355072	0.703228822066256	332
0.05420870620563	0.704228411225874	106
0.01334499330124	0.99976672401657	106
0.00331478049459011	1.29869411623542	1878
-0.00593927600924005	1.22352264937345	1878
-0.1089981102476	1.35729382461111	1878
0.0166326567024699	1.06214654354186	332
0.0553333606997799	0.726003060724617	106
0.05420870620563	0.704228411225874	1833
0.0613061161992601	0.736870138681857	47
0.01148079037949	1.32863790466856	3358
0.01193585374895	1.75374675885996	6445
0.0564586180276501	0.7291787063689	6393
0.0564586180276501	0.7291787063689	212
0.0613061161992601	0.736870138681857	3155
0.0602249500357901	0.730499163381525	106
0.05641350202004	0.73230153821388	356
0.05641350202004	0.73230153821388	332
0.0154733721749301	1.0099962487997	106
0.0564586180276501	0.7291787063689	106
-0.08469846563618	1.89641578636009	1878
-0.11583462581467	1.28116102111896	409
0.0999795604232501	2.22671568562924	212
0.0068834029526601	0.982858161976339	332
-0.0907207049310299	1.37602772275306	106
0.0601773675834501	0.738831501835876	264
0.05497011159784	0.71606070609252	47
0.01283641905127	1.01431452425188	597
-0.10984149617049	1.4795713698536	433
0.0575844780375201	0.721280060796327	1390
0.01645404477768	0.969243348381729	1750
0.0602249500357901	0.730499163381525	94
0.00769089857360994	0.984418091019068	106
0.01155093501475	1.02920586895316	1750
0.11852638811618	2.01653943317985	2395
0.0639600109921501	0.706924423007218	94
0.0153049839878701	0.988937700580164	47
0.01184630208522	1.01187759335327	94
0.0613061161992601	0.736870138681857	94
0.05909639943171	0.732413252367468	106
0.0575389563194899	0.735539281495884	597
-0.0818439761356899	1.86494400580753	106
0.0100516167104601	0.998153917172468	194
0.06509207715123	0.69313252886304	2901
0.0036011539141001	1.34429277653344	1058
0.00845325640250993	1.77182843497866	3597
0.00444397074594005	1.64936025196103	1058
0.00629491118599002	1.74990058766734	47
0.00283458396767	1.68055836242625	106
0.06401007866028	0.687658800479857	94
0.11018300187144	1.91086980575311	2011
0.05909639943171	0.732413252367468	94
-0.09734996832094	1.47839058354639	1058
0.0523316931375899	0.713064500693182	94
-0.000483858943860049	2.00598148015743	30
-0.0913844571358899	1.76389340390227	2395
0.01463072132898	1.30696100788389	1641
-0.11405891505063	1.38440262553356	1641
0.00174704558807992	1.34927705491298	6069
0.0613061161992601	0.736870138681857	94
0.05722290255799	0.694544950616315	106
0.0523316931375899	0.713064500693182	274
0.01334499330124	0.99976672401657	106
0.00968108916495991	2.16164888638687	1058
-0.06736187923935	2.24486444861182	1058
0.0564586180276501	0.7291787063689	3099
0.05528865080094	0.710076963530968	106
0.05641350202004	0.73230153821388	1166
0.01073808555288	0.986018987641791	274
0.0628782115638999	0.701176308953298	94
0.05457911279273	0.683055565538803	1166
0.00511103185440009	1.32348120457435	94
0.11463771671515	2.00834814380408	597
0.00825972587299995	1.29792980493408	194
0.0575844780375201	0.721280060796327	2279
0.0613061161992601	0.736870138681857	274
0.0067907401813101	1.65118254111003	1058
0.0068834029526601	0.982858161976339	94
0.05909639943171	0.732413252367468	5384
0.0564586180276501	0.7291787063689	1166
0.0613541055333	0.709694942877597	356
0.0613061161992601	0.736870138681857	274
0.00768867868758005	1.38424137014305	1058
-0.0576765883384001	2.14662129829827	1058
0.00980507094655003	2.05879355387505	1058
-0.00362822444619004	1.26680614953873	94
0.0639600109921501	0.706924423007218	4507
0.0564586180276501	0.7291787063689	4507
0.01385672024962	1.00129969052965	94
-0.12470717269004	2.37804496186407	274
0.00166327889650009	1.68659145614693	94
0.05641350202004	0.73230153821388	94
0.01172193758603	0.99121871977469	98
0.0553333606997799	0.726003060724617	106
0.00516904370564997	1.28084606526194	1058
0.01896528677984	0.947119301897271	94
0.09935022943693	2.34950040190147	2094
0.00902686072634995	1.758236479277	1810
-0.08808720719704	1.77605146185462	1058
0.0602249500357901	0.730499163381525	94
-0.0861321620864799	1.81628487598751	1058
0.0601773675834501	0.738831501835876	349
0.0132621856647599	1.69991320759838	94
0.0586650135481299	0.727466341426444	94
0.0586650135481299	0.727466341426444	106
0.0553333606997799	0.726003060724617	6452
-0.10479196150626	1.51935144012948	349
0.01762660750858	1.05527860512342	5224
0.05641350202004	0.73230153821388	331
0.0100516167104601	0.998153917172468	98
0.0575389563194899	0.735539281495884	1058
0.0617469517466001	0.688510786589466	3624
0.0602249500357901	0.730499163381525	56
0.0613061161992601	0.736870138681857	106
0.0125336358272199	1.03493541717787	106
0.05641350202004	0.73230153821388	466
0.0586650135481299	0.727466341426444	56
0.0553333606997799	0.726003060724617	151
0.05796845388172	0.713364753517048	1077
0.05641350202004	0.73230153821388	5224
0.05796845388172	0.713364753517048	6593
0.05796845388172	0.713364753517048	2692
0.0575389563194899	0.735539281495884	3630
0.0512088770730701	0.710036630394655	4306
0.0153049839878701	0.988937700580164	2754
-0.1030019022843	1.52759905787358	151
0.0602249500357901	0.730499163381525	2710
0.0601773675834501	0.738831501835876	331
0.0178140335269099	0.994126404525036	94
-0.08517987585251	1.74957580027624	1835
0.0601773675834501	0.738831501835876	1835
0.0575389563194899	0.735539281495884	3299
0.0166326567024699	1.06214654354186	2271
0.06254910003754	0.640425211255291	2273
0.05641350202004	0.73230153821388	56
0.05796845388172	0.713364753517048	4140
0.0564586180276501	0.7291787063689	151
0.0553333606997799	0.726003060724617	151
0.0164539794121601	1.02233757929324	1642
0.0639600109921501	0.706924423007218	72
-0.10751098871164	1.48399986368937	3630
0.00282975440377009	1.59450715474425	1641
0.0166326567024699	1.06214654354186	2271
0.0601773675834501	0.738831501835876	8
-0.10497078176195	1.49502126162247	1642
0.0111379433948	1.36019534976126	56
0.0601773675834501	0.738831501835876	56
0.05909639943171	0.732413252367468	151
0.0628782115638999	0.701176308953298	1696
0.01762660750858	1.05527860512342	106
0.05641350202004	0.73230153821388	2271
0.0601773675834501	0.738831501835876	8
0.0575389563194899	0.735539281495884	2166
0.0198025993731401	1.03371267122963	8
0.05722290255799	0.694544950616315	56
0.0590492242708101	0.71938512081813	72
0.00174704558807992	1.34927705491298	2166
0.09819699871969	2.36752108252488	56
0.01466521468185	1.04603703939955	56
0.0237748197494201	0.953047658699017	72
0.05909639943171	0.732413252367468	1126
0.00762348985456995	1.67493074583372	56
0.00231950830930994	1.2823356132658	127
0.0178140335269099	0.994126404525036	151
0.05909639943171	0.732413252367468	349
0.0587109405735999	0.697537733602536	1126
0.00574699720454008	1.36755508274636	1257
0.11582258412707	1.90779792574782	56
0.0601773675834501	0.738831501835876	106
0.00768867868758005	1.38424137014305	72
0.06243546995815	0.715622506783986	331
0.0190792892616101	1.72772921244719	106
0.0628782115638999	0.701176308953298	56
0.0156469767351	1.05949568864167	151
0.01762660750858	1.05527860512342	151
-0.11301830363349	1.46691979959626	8
0.0164539794121601	1.02233757929324	56
0.01155093501475	1.02920586895316	56
0.0156469767351	1.05949568864167	72
0.00259603193603009	1.37230076510256	8
0.00739886362698994	1.34011577078713	169
0.0575389563194899	0.735539281495884	8
0.08990858488236	2.1686112736632	56
0.0148396385435701	1.01341838191559	72
0.01104363614078	1.01024773652518	331
0.01148079037949	1.32863790466856	3608
-0.05470316184894	2.39533114620791	106
0.0613061161992601	0.736870138681857	56
-0.0916758846594701	1.44767374908317	151
0.0586650135481299	0.727466341426444	106
0.05979167355072	0.703228822066256	72
0.00612129173431009	1.39058131593061	331
0.0523316931375899	0.713064500693182	5569
0.0092783102440599	1.3853520598003	56
0.01087605874959	1.67993230223397	56
0.0628782115638999	0.701176308953298	56
0.11909550693063	1.97620447939329	2295
0.0145304238547299	1.25925991770003	56
-0.0637597247825099	2.25311077563838	8
0.12164347317991	1.90766120762668	4360
0.0125336358272199	1.03493541717787	331
-0.0980820433994201	1.48815812977008	2761
0.0602249500357901	0.730499163381525	1126
0.0116738116469901	1.75125054541839	1126
0.01466521468185	1.04603703939955	583
0.05528865080094	0.710076963530968	1024
0.0601773675834501	0.738831501835876	8
0.00333777845576	1.3711978666821	56
0.0553333606997799	0.726003060724617	3383
0.0602249500357901	0.730499163381525	331
0.0104579519868999	1.30055897583167	106
0.0639600109921501	0.706924423007218	3369
0.0553333606997799	0.726003060724617	8
0.0590492242708101	0.71938512081813	56
0.0575389563194899	0.735539281495884	72
0.0601773675834501	0.738831501835876	331
0.0560962080610301	0.714264141170933	331
0.0613061161992601	0.736870138681857	331
0.06243546995815	0.715622506783986	796
0.05528865080094	0.710076963530968	56
0.0575389563194899	0.735539281495884	1126
0.0575844780375201	0.721280060796327	8
0.00137697910529	1.32952650761308	3383
0.0613061161992601	0.736870138681857	331
0.05875013151173	0.686404568640005	8
0.05497011159784	0.71606070609252	583
0.0590492242708101	0.71938512081813	56
0.0601773675834501	0.738831501835876	302
0.05497011159784	0.71606070609252	302
0.0564586180276501	0.7291787063689	2463
0.05909639943171	0.732413252367468	796
0.000820853726059889	1.34045547974207	8
0.0200502908073401	1.723794224204	460
0.0199947631342301	0.988922744367811	339
0.00323359519389999	1.33277505123607	339
0.0068834029526601	0.982858161976339	6846
0.00221251205230999	1.25766601666089	841
0.00481736739324989	1.36532032108979	106
0.11658832768053	2.02701479735152	72
0.0156469767351	1.05949568864167	339
0.0586650135481299	0.727466341426444	731
-0.112032152326	1.46055305705523	56
0.0523316931375899	0.713064500693182	339
0.02296422279335	2.07700538341404	5203
0.00514875854673003	1.67694214552781	339
0.00574699720454008	1.36755508274636	5203
0.0060228216354401	1.27452553656973	1132
0.0164539794121601	1.02233757929324	52
0.0196112265121999	0.990061113479714	2083
0.01334499330124	0.99976672401657	841
-0.0827790280681	1.86900772146366	52
-0.000828853323320056	1.31008376087369	460
0.0166326567024699	1.06214654354186	1613
0.02178761439246	1.01906439664895	470
0.01890877560356	1.71359792934207	339
0.00676019416064011	1.39591295278871	1613
-0.10717452584103	1.46243394206077	841
0.01213765162532	1.35282149660002	470
-0.0642964342881001	1.73893224155054	3113
-0.07861138271594	1.85127821103928	2083
0.0166326567024699	1.06214654354186	470
0.0601773675834501	0.738831501835876	3242
0.0613061161992601	0.736870138681857	882
0.05641350202004	0.73230153821388	882
0.0613061161992601	0.736870138681857	1786
0.0560962080610301	0.714264141170933	246
0.0601773675834501	0.738831501835876	1044
0.0523316931375899	0.713064500693182	555
0.0575389563194899	0.735539281495884	1044
0.0613061161992601	0.736870138681857	2110
0.0120347692751499	1.01268053225664	2110
0.05796845388172	0.713364753517048	470
0.0032513303744901	1.30990240008391	3487
0.0601773675834501	0.738831501835876	52
0.0553333606997799	0.726003060724617	1103
0.06243546995815	0.715622506783986	555
0.0613061161992601	0.736870138681857	3242
0.0613061161992601	0.736870138681857	1690
0.05528865080094	0.710076963530968	189
0.0601773675834501	0.738831501835876	2391
0.05497011159784	0.71606070609252	667
0.05420870620563	0.704228411225874	1282
0.01155093501475	1.02920586895316	72
0.0575389563194899	0.735539281495884	1589
0.09913763048139	2.35496929685335	2024
0.01520563370906	0.987522609328246	732
0.0125336358272199	1.03493541717787	555
0.01365231018738	1.6904312891565	2024
0.01762660750858	1.05527860512342	1682
0.01861967783318	1.03813231461303	20
0.05641350202004	0.73230153821388	339
0.0575389563194899	0.735539281495884	3214
0.0575389563194899	0.735539281495884	2024
0.0586650135481299	0.727466341426444	3057
0.06401007866028	0.687658800479857	460
0.05528865080094	0.710076963530968	2024
0.0575389563194899	0.735539281495884	1682
0.0229771782032899	0.983813465991918	1682
0.05641350202004	0.73230153821388	470
0.01861751095917	0.962417167387821	72
0.0564586180276501	0.7291787063689	4425
0.01466521468185	1.04603703939955	470
0.0553333606997799	0.726003060724617	186
0.05909639943171	0.732413252367468	4425
-0.10816107086583	1.44248172685199	555
0.0171437716581	1.32060937181416	52
0.0207955530829	1.03191932854969	446
-0.0744830806263199	1.88906589434578	2948
0.00870839689971992	1.76060148578876	1076
-0.0896184042999599	1.83231368970659	841
0.11144146749453	1.86682548349987	446
0.0198025993731401	1.03371267122963	555
0.0575844780375201	0.721280060796327	1682
-0.0995507549533201	1.48117309176536	456
0.00195823708574006	1.3277139899786	555
0.0512088770730701	0.710036630394655	1682
-0.0979063098884401	1.51028625487831	555
0.01777648943435	1.27222500089365	446
0.06509207715123	0.69313252886304	29
0.05641350202004	0.73230153821388	29
0.0575844780375201	0.721280060796327	1682
0.08557384782261	2.13300470515171	29
-0.0716859689693301	1.74843061919567	186
0.01184630208522	1.01187759335327	446
-0.10636620964469	1.52322116217949	555
0.05528865080094	0.710076963530968	20
-0.10457192384299	1.52773635633126	555
0.06282855236369	0.694011544633278	1470
0.0602249500357901	0.730499163381525	1470
0.0100171717116999	1.74957457107742	456
0.05528865080094	0.710076963530968	3135
0.03131889213151	0.881853380536994	29
0.0639600109921501	0.706924423007218	456
-0.07822790250797	1.89934658109	202
0.01283641905127	1.01431452425188	5680
-0.10318482565274	1.5195619118212	29
0.12052481231923	1.97432688113756	555
0.00166693288170006	1.37494792063799	20
0.05420870620563	0.704228411225874	555
0.00752591843888006	2.01527180637544	20
-0.12089136819103	2.35626525448698	29
0.0564586180276501	0.7291787063689	313
0.01055226385417	1.33548068543988	555
-0.0580149231704801	2.29235955726924	555
0.01368653745468	0.980640359607828	776
0.00333777845576	1.3711978666821	686
0.00734170268038992	1.29955005911513	776
-0.08808720719704	1.77605146185462	776
0.00232827830401994	1.72813387214371	686
0.01155093501475	1.02920586895316	1607
0.0125336358272199	1.03493541717787	313
0.00519916943579002	2.02366333386405	555
0.0184688190030899	2.4271618136866	234
-0.10572690556407	1.5327621501713	1607
0.00769089857360994	0.984418091019068	555
0.0613061161992601	0.736870138681857	1638
0.02258705018653	0.985472026975697	1638
0.02258705018653	0.985472026975697	694
0.0601773675834501	0.738831501835876	1638
0.0575389563194899	0.735539281495884	555
-0.08469846563618	1.89641578636009	1638
0.01066423641536	0.97907940333588	1638
0.00309071384693005	0.922086156270455	3827
-0.10203678307313	1.47949279569465	196
0.05909639943171	0.732413252367468	3141
0.0553333606997799	0.726003060724617	686
-0.11152719648564	1.4155630306334	393
0.0120347692751499	1.01268053225664	1273
0.00769089857360994	0.984418091019068	313
0.0639600109921501	0.706924423007218	72
0.0166326567024699	1.06214654354186	1273
0.06282855236369	0.694011544633278	1601
0.0523316931375899	0.713064500693182	313
0.0164539794121601	1.02233757929324	686
0.00532610618658991	1.6582993773885	358
0.0613061161992601	0.736870138681857	995
0.05528865080094	0.710076963530968	196
0.06282855236369	0.694011544633278	686
0.0564586180276501	0.7291787063689	2286
0.0613061161992601	0.736870138681857	313
0.0601773675834501	0.738831501835876	995
0.0586650135481299	0.727466341426444	1273
0.0166326567024699	1.06214654354186	2286
0.0135153024651999	1.03282257608606	313
0.01270420272103	1.33548923718107	393
-0.10514138006386	1.52153312912808	2504
0.0115018727989999	1.34790349559051	196
0.0196500647669899	1.65756268812095	1151
-0.07320350742294	1.84697317646594	2915
0.0617469517466001	0.688510786589466	2237
0.0575389563194899	0.735539281495884	686
0.01762660750858	1.05527860512342	563
0.0156469633454599	0.932091590207064	2237
0.0575389563194899	0.735539281495884	2237
0.05528865080094	0.710076963530968	686
-0.10796771490999	1.38694252985598	313
0.00957101976596997	1.31732648362422	196
0.01432550895257	0.997859811649447	313
0.0575389563194899	0.735539281495884	196
0.00845325640250993	1.77182843497866	1312
-0.11796531430079	2.36218188162346	2924
-0.10375377133404	1.50045620922095	2924
0.01100855177317	1.73184704661201	864
0.10253137403876	2.36379285632909	521
0.0199947631342301	0.988922744367811	797
0.00538545548927005	1.70343871636696	368
0.01373293392125	2.11263374227366	797
