x	y
-0.419546061192071	0.240484382452889
-1.22711076845646	1.41336766097888
-1.20904784217787	1.23099076682042
0.029040739426148	0.0225819617939722
-0.0666712721191852	0.0395588739045178
-0.274457149412142	0.238748941738736
-0.609212441465633	0.619410619683246
-0.136654667034113	0.112722226755653
-0.106449437294639	0.079972193551276
0.264537758570274	0.208488878532781
-0.677105324507026	0.70400119249615
-0.204298426384378	0.189964560148181
-0.512763705050188	0.535520159856334
0.0748766702777941	0.0530170636461882
0.658771315496057	0.739324797831506
-0.114277808039877	0.0985283910635252
-0.19595367024438	0.154133006422055
-0.362671241231926	0.380721563846868
-0.342817959634996	0.332113036763379
-0.349942425974987	0.352627162689693
-0.26222826209285	0.222552937656728
-0.548244935158673	0.534941945988751
-0.0599267887068869	0.0457438702946333
-0.0668180789662635	0.0523895161016552
0.0367763172691803	0.0305355967462521
-0.651427642585226	0.711212883403269
-0.213925767771017	0.143617118687304
0.462455043937448	0.418270224178207
0.0552440529923371	0.0375269771507542
-0.71102170111687	0.83704355508863
-0.989358042045201	1.37846269818774
-0.126675050937823	0.0917392365892703
-0.824299537958383	1.06144372007262
0.150914085647127	0.115873494772313
-0.563014695324535	0.733266289801758
-0.188455998743945	0.172888655199502
-0.263205052758445	0.289688882348502
-0.0697654243812657	0.0529094383945829
-0.666759144992714	0.664053263163397
-0.886037873368206	1.08852025558322
1.12140492248594	1.25666529422181
0.0514883177040056	0.0347357181398106
-0.0774601040769629	0.0602024197758511
-0.118189572296828	0.100864481213415
-0.386660153524112	0.378928976670004
0.0853254297198072	0.0665877721287993
-1.01832002575078	1.26080228004565
-0.212956348280879	0.169526837805493
0.216543828281804	0.196685897357593
-0.0860762694864208	0.0756189897529595
-1.13159143013469	1.32973135533129
-0.616376632059803	0.492670833548992
-0.276279514960264	0.227352670701785
0.0810102500855713	0.0588967637262
-0.442555737275117	0.462509684723477
0.0863247066229247	0.0694711460644151
-0.307003202197393	0.283981703382148
0.579872654791338	0.691442612901799
-0.00505113612866055	0.00348898351479662
-0.412247626609753	0.370494965231292
-0.0991116320055826	0.0759991325857793
-0.172376641674351	0.1411430043489
0.0931994486985245	0.0779496893082914
-0.951068276225872	1.08821935873885
-0.620724399614453	0.514684542716344
-0.490313356097105	0.420161614263389
-0.507649010178171	0.515616705595904
0.532437840560476	0.438536671570569
-0.333628527504296	0.273325426256543
-0.242279766584998	0.190743868679552
-0.812710478859825	0.840777679940348
-0.210357822608543	0.160413783242782
-0.676296962062923	0.702411293372553
-0.667536935733729	0.400059733086912
0.283123638692823	0.199390623365199
0.583002590243439	0.533721001663571
0.0150471530678153	0.00866381780334612
-0.322518573055744	0.151942388683386
0.14436465891382	0.0783930864404833
0.670283733433631	0.559923573470801
-0.303112020149203	0.219833240846913
0.498133743642982	0.440339912602749
-0.418276920783092	0.335646774161995
-0.497014923724899	0.439086176665176
-0.558940003320114	0.345661353927394
-0.723946084603399	0.653308274598457
-1.11247743377147	0.758025631917112
0.477356474308338	0.419991803336055
0.868226490561018	0.853236748651068
-0.0975609808492186	0.0737109269983772
-0.0699725434675847	0.0442027637867288
0.133818543351501	0.061980468203557
-0.237352181637191	0.156155648824545
-0.815852826684796	0.594602710932526
-0.0442128502768222	0.0210683754278226
0.274955927066969	0.192955409259289
-0.404369267441067	0.328183135458329
-0.0755687374256547	0.0475589568493863
0.32931590432186	0.181626110569461
0.0095209668579378	0.00498278271200856
-1.2511190919994	0.875973872686103
-0.989645942057567	0.989505033886112
0.0218383593492252	0.0125537293259168
0.436166519580347	0.311858199371552
-0.398364991457666	0.316164201689371
0.135265255639024	0.0579058194572872
-0.407438859130012	0.222532351361224
-0.0389302775212455	0.0178566862021647
0.590333930747731	0.298866459679667
0.133313584650352	0.0469867759264736
-0.78275565804705	0.360636315462875
0.141256822258265	0.0430610911785714
0.43081723961695	0.180762559764109
-1.29227641442796	0.597773977037824
-0.252443614034194	0.129359064412022
0.138256897045276	0.0489434757541236
0.127309849919266	0.0524250850086887
-1.53151586580405	0.574497786496295
-0.410952476522188	0.179349783736269
-0.247587696358568	0.166838296091589
-0.505970274164709	0.26730233787955
-0.806769372544754	0.454637220476584
-1.1503622450131	0.360685940099702
-1.00441402098954	0.986233000640248
0.320492252270136	0.160094396941781
-0.601372962089866	0.440401668466684
-0.801674075880339	0.512170937761037
-0.412282958925947	0.229080019921032
0.152162660875259	0.0880763796740136
-0.241266889290307	0.186084886912075
-1.15734450192694	1.32983624928949
-0.13084320051678	0.0775736489009116
-0.972647256949853	1.05560411666676
-0.808257505289321	0.663124882100683
0.418769909449717	0.270906179648363
0.597142299581488	0.4471447087337
-0.660054342637754	0.39730551449366
0.15777858694273	0.0929615818897715
-0.671791406744678	0.670962591313097
-0.15375971512598	0.0877667533478011
0.378847012350479	0.176755527607226
-0.811365511078244	0.62273628617709
0.726862820568921	0.726460860439434
-0.937224820224201	0.707592424647626
0.870617498755191	0.848531090914661
-0.278180869769288	0.16902449664944
0.625370289124336	0.568464396801867
-0.66037439181125	0.644509173477902
-0.720052525545301	0.62257412974377
0.0432953779367263	0.0275451781239849
-0.179790554881916	0.123248157473873
0.158868014068588	0.112610047591967
0.0621920049716929	0.042830371050667
-0.306297651962706	0.223273969829475
0.268984421316207	0.203312337534989
-0.174190831512781	0.12060074687588
-0.0207013174730569	0.0143161893993224
-0.810238260917254	0.638896022314888
-0.160650524953368	0.115811853965798
0.231014142477249	0.211326078514694
0.161997268408489	0.112507744980409
-0.959155802114228	1.03934088258442
0.785177497749977	0.941322067425597
-0.297939416464686	0.256807115397649
-0.28558117599438	0.216090015542285
-0.00798275780612187	0.00570351016945188
-0.500757714451025	0.44099737015709
-0.17548318181221	0.121232619456403
0.158197291134828	0.121663826239592
0.159158899034862	0.115254953425154
-0.00282245109170207	0.00203489185314604
-0.108513369530458	0.0648634359289824
-0.175421716512221	0.144496701097341
-0.151659884475744	0.11929531901012
-0.321601168438142	0.225828847939305
-0.403636516891745	0.361696458197035
0.230365553113467	0.216885559314271
0.161967309429233	0.116482567253805
-0.314488582682968	0.239337304167764
-0.0250579011111516	0.0174854300610569
-0.888489602565944	0.887205581899212
-0.26625587901621	0.199424702122171
-0.00767741581027434	0.00538696263513638
-0.277194007983042	0.212455786811486
-0.0613512318357508	0.0477563829053115
0.0668738967505958	0.0476943122142415
-0.124289752809522	0.0893157306881624
-0.502082776005127	0.548042775462404
-0.275596523752219	0.211924871399978
-0.823304395841701	1.00052520135021
-0.210284010744059	0.13772437562847
-0.0272989720850592	0.0187874154691844
-0.23741049851963	0.217474099699966
-0.325820160528676	0.376080356451769
-0.152137998184294	0.1264343959495
-0.0502829888205831	0.0393678396633227
0.0974717790113552	0.0756920375855421
0.253934757167008	0.209756541287885
-0.259620539688054	0.244107123200282
0.0252932200687162	0.0198228542864234
-0.247772403522608	0.216933184350937
0.0858500506475537	0.0636128523492567
-1.02122960445589	0.861375172570173
-0.944657185301771	0.659314670390462
-0.624948128668222	0.677303669489199
-0.240678776693694	0.158856169059617
0.476386133081356	0.433400886925024
0.731988205804599	0.815254303851464
-0.0110584199390607	0.00755767282295464
-0.0752167762777663	0.0576850928496232
0.0528921426151778	0.033671780843209
-0.881258368073957	0.894575170952103
0.260431303853406	0.211591017128712
0.031099621885694	0.0240461400455712
-0.160896937884774	0.0919289019169328
-0.345071073512764	0.316458902744276
0.0320093452751551	0.0189659301832694
-0.146567930290134	0.105745812260646
-0.111958629612388	0.0436473083497864
-0.227245867593427	0.217763983425285
-0.013877682978902	0.0110984104256294
-0.202930788712702	0.181623368713957
-1.16356256568825	1.70450881077947
0.321659838351976	0.312654190073437
-0.106495270214659	0.0787435246947481
0.525328308624359	0.506989984167182
1.13677699749373	1.60428211903999
-0.238821187402193	0.247265220452265
-0.528877162276389	0.5009342166463
-0.251173378381422	0.22761696302026
-0.207262410679229	0.161507675256351
-0.0539925295704008	0.0352502549537678
0.236240372809901	0.229347436372968
0.574190856461431	0.610970984651266
0.626363816434819	0.796288876020091
-0.461695049465304	0.370173823359689
0.276133784193947	0.196770396469724
-0.512510776496116	0.385017519406615
-0.126088445889322	0.0907736152398823
-0.719749395152196	0.634219169234331
-0.0761978845961258	0.0586685323801343
-0.231615067729837	0.222627854552781
-0.417553813799978	0.490434284079644
-0.492827959609832	0.434812231132234
-0.886722540186266	0.955753792449596
-0.995970351477034	1.32399319666002
0.0830975354786602	0.0675125698234693
-0.260051265862008	0.221256225132537
0.0546812455406371	0.0473968607359497
0.320458156844464	0.304377708557714
0.231228713521033	0.220100398427917
-0.128118906873462	0.104259814134217
-0.400941753995346	0.353531510507501
-0.228128812968019	0.214867017571504
0.170516019328504	0.124788366189278
-0.0743114338092601	0.0577122837066001
0.232396342212039	0.20109831634531
-0.00577475836646734	0.00416356087978958
0.451388219826551	0.42158914456751
1.5199136562309	2.04887294465026
-0.697597800477731	0.543874881187208
-0.091926843259752	0.0566726889022558
-0.487005279079418	0.471881855788573
-0.604285994664239	0.610036093781123
-0.269039089713501	0.198849658700442
-0.0420695036314522	0.0332429401273156
-0.178505663335159	0.122779664450795
-0.324121123149008	0.27474343692309
1.85081180120707	2.33863338393598
-0.0306216663254125	0.0205463883285233
-0.125741719302319	0.0760748990191333
-0.459965692446275	0.395023516602125
-0.0552830144644513	0.0370346634166074
0.667971730692482	0.578801106437848
-0.611108091790681	0.413857260677613
-1.27431708832713	1.57003496761568
-0.306566863647662	0.283466024607275
-0.214031257864888	0.145756072061337
-0.153693272140522	0.111183927556566
-0.247587696358568	0.166838296091589
-0.203902317791015	0.139603854218006
-0.123924328811178	0.090536896516964
-0.33069458052151	0.281579064922302
0.0665222634981687	0.0456041507233182
-0.561232511962953	0.36431075874855
0.610748612091974	0.623188347910374
0.98907712671785	1.17334541780247
-0.409756462423442	0.290016427848056
-0.914716959032835	0.739062859216517
-0.582513348945471	0.543859100376855
0.283136323991614	0.286931788737074
-0.0607523427602089	0.0476278392124114
0.328511110055524	0.28563698006246
0.16586743661991	0.134145933090339
0.0350617728886666	0.0288922730389283
-0.583031318326194	0.543041002220285
-0.338591779536476	0.325571330731367
-0.22532349512174	0.178315297168327
0.0808997302421114	0.0621385367159425
-0.353774963043987	0.203378612516243
0.261469517684429	0.170084149105647
-0.665807933612666	0.660869775458986
-0.628930091305782	0.517365515618357
-0.463158246600337	0.370713856686237
0.601509683189977	0.632480820542195
1.41926735970723	1.60019947741865
-0.0990876137720152	0.0763423489405745
-0.606263093183616	0.611551057353056
-0.165181286819894	0.126535780093913
0.913304550891211	1.02482701588572
0.529317513677909	0.436769416188257
-0.0161217544125909	0.0111696610000599
1.01702152276866	0.948261951109401
0.362604884450734	0.312410782759213
-0.272330153675024	0.210583071111519
-0.153008586352032	0.110303902605426
0.0649825834617894	0.0467987604992966
-0.0442238154279649	0.0295099380272412
-0.152794035230662	0.12783982046623
-0.10389541067555	0.063859016985072
-0.227782454441597	0.199953676345584
0.61955802452521	0.544443200749162
-0.338158293676503	0.300549725725622
-0.201120466627028	0.108212438348834
-0.315681254745633	0.228686017843087
-0.326966165970634	0.276580685994259
-0.802952991072216	0.806425510298288
-0.0708256761086553	0.0449786206126235
-0.00703333921097168	0.00503526440473299
0.293143798499366	0.199326905533481
0.0669799875057903	0.0465484314494872
-0.351657943667126	0.25297161867849
0.462322241682049	0.46002572324777
-0.810353271820311	0.722281252230501
-0.73679712550859	0.707292777525097
0.650003025437795	0.613672226083312
0.0530946120969059	0.0335790350333589
0.70237341540509	0.452531043079543
-0.0834550504553808	0.0623998467764282
-0.172977899265135	0.118609687843487
-0.353439095441998	0.258817976592073
-0.67241965279458	0.379272288962641
-0.407074716041394	0.282245784396119
0.408198006769974	0.307066907122656
-0.304591629714424	0.250434116123184
0.3413844603729	0.260998105690242
-0.399961515471409	0.300807359459005
0.150108693805459	0.091167516291622
-1.2354529612397	1.48101532274079
-0.560095078276966	0.48344518456106
-0.807736829080231	0.599498003761431
-0.344643737259541	0.306573161264833
-0.197382570969009	0.107511030227767
-0.482297228152893	0.320829106322556
-0.494422464218538	0.431746834928778
-0.203124262243631	0.111956651265902
-0.361891116519506	0.298498672227848
-0.635677056907268	0.572280898156221
-0.343651497146956	0.214693513624298
0.619033921591727	0.734462292726143
0.156612782674445	0.0958041914508103
0.144942901751711	0.078308223681384
0.156077513289101	0.0951154159566539
0.0379071652054849	0.0233125474272798
0.322349930527478	0.189170124580151
-1.07051865322128	1.08348985648131
-0.240927524549091	0.153642427706407
0.278101480614868	0.207413892461282
-0.407823846199222	0.322089626007997
-0.149383666491457	0.104406509987053
0.528971925023721	0.303718255892343
0.330862832296008	0.180976365086917
0.598507906141624	0.448622119674956
0.0349430626520796	0.0216777558452293
-0.0504321953713336	0.0335788403639487
-0.211056335970692	0.145578208479813
-0.0416694980103898	0.0185892753138267
0.590161542280031	0.43191937154285
-1.06509951185471	0.834738558463562
-0.685616924405888	0.497320436076953
0.0694568754892088	0.0511742230543723
-0.158388583402784	0.0909513930565303
-0.173473790617694	0.121744045194074
0.60244087598936	0.450941806671304
-0.809191955094601	0.69855160171854
-0.40568548913594	0.178088867438725
-0.618308717750437	0.305843820406039
0.282667180967211	0.204177974134275
0.778126667958144	0.476796714599176
-0.710372427757822	0.566971590262991
-0.197533659780743	0.10614540286218
-0.340524904325161	0.20696437936361
-0.291930505699448	0.185036415451445
-0.0511867632184352	0.0338510572246646
-0.641739268886663	0.54908114817679
-0.566120145569416	0.34722354049923
-0.522262384252748	0.398347898909214
-0.726450060613912	0.655107488202617
0.144056590201186	0.0718396622208015
-0.00845133364674374	0.0043379651048949
-0.36768735299643	0.260567413934456
-0.124677231128448	0.0752135138023076
-0.0509924158928698	0.0332787953858366
-0.893852393506764	0.798130720118654
-0.122151861895121	0.0816324498438363
0.311504884785846	0.181852511950255
-0.920093492575294	0.764566790077998
-1.45607581940994	1.52827886581697
-0.622985291626201	0.267839445319532
-0.156924185778805	0.11393181114706
-0.198536582619252	0.107360037822841
0.167739664435388	0.120869382956813
0.405902927202348	0.303410391219166
-0.0120607652208468	0.00621051539888992
-0.465935122136736	0.30216796668316
-0.119820787738212	0.0691545776300837
-0.415077440236962	0.290961549383275
-0.472574127046706	0.324357887927226
-0.715185138492586	0.629731170347218
-0.686632931769593	0.499784152746608
-0.221151257771969	0.176889615035765
-0.684094699209122	0.704805866964462
-0.131023484660642	0.10924365592353
-0.455392131686825	0.407098401800248
-0.319062346394082	0.238751336651604
-1.30277124470265	1.51599189619287
0.637009604975989	0.623960446668183
0.842533891976756	0.742104613346897
-0.640765249248887	0.567310714355998
0.728089430969182	0.859820385469019
1.39590182826376	1.57666248904319
-0.145417882973746	0.118704576741042
-0.0763715215520544	0.0485138059312981
-0.0994319673239461	0.074022773552912
0.0666854132768846	0.0481348288743727
0.0782400733659101	0.056649881326134
1.13179596007012	1.5855253263046
-0.374303730671921	0.303440443392847
-0.021082801088603	0.0148178403265
-0.0288044728503269	0.0200540464398147
-0.977497584154389	1.06945591048451
-0.880723376731623	1.08276097061982
-0.559329761153059	0.577004981236814
0.047080976674456	0.0312353992476075
0.16696214527762	0.116605286203961
0.821896319465969	0.853468024760785
1.2649341627571	1.76912705300307
-1.02098173719363	1.11063871532338
-0.186599836223619	0.197871563823873
-1.0070723737781	1.30485890644
-0.36651484538702	0.333120066653225
-0.661791995209056	0.654511917488234
0.0391078998324047	0.0243686099409672
-0.274365342440354	0.27896026424163
0.248082326635528	0.205011191943233
1.48588673288456	2.22327671244243
0.06587886300645	0.045963925339744
-0.92380676426933	1.1518206316528
-0.141283218133032	0.0986576644432521
-0.384756596434432	0.403196045741932
-0.990323647709257	0.974400840721891
-0.238305241754295	0.184692602365385
0.00497485881635647	0.00338846511673726
-0.951854805457663	1.1258012532494
-0.749117672442126	0.677551235974325
0.150722327240246	0.109315873952047
-0.205397911947357	0.142923729701351
-0.0106472465557802	0.00750805689898663
0.33255876638584	0.301969228056811
-0.706941975546261	0.575368871297681
0.268984421316207	0.203312337534989
-0.0901813007182853	0.068654414485013
-0.481557173833109	0.454319324013782
-0.99174028594936	0.940401076180365
-0.0442926877071254	0.030161591054384
-0.0940148559762108	0.0690173527701246
-0.371606548761108	0.305245293548198
-0.24121979751609	0.190074210431344
-0.714451755328045	0.628863193372838
-0.224253191970929	0.200958089384
0.60505482335684	0.692327334886061
0.0946303304728896	0.0783966521585561
-0.933466648438402	1.20564503560155
-0.20155375548593	0.107119709859112
0.368671508799162	0.383649259660789
0.103164992629704	0.0830451945123711
0.65794547484518	0.672203975448801
1.0142529497551	1.39143273542587
1.02654807239149	1.36031980646917
-0.40662512684502	0.281025406969242
-0.115630630060599	0.0985265269419284
0.33381595486759	0.300587559130654
0.0595220681878158	0.0406271038528144
-0.960594171773916	1.07764790670369
-0.564968023665357	0.356797687439901
0.0893850697379215	0.0701670249140001
-0.228604610508998	0.219167789783656
-0.372159060415337	0.362421979303595
-0.0924405437617843	0.0692092797276748
-0.360471366167079	0.301441733000787
-0.173750855991077	0.142347418547257
-0.348997291696998	0.369485580241951
-0.560473458676969	0.45871818160713
-0.295275818105226	0.24720656905927
-0.312869869740612	0.295231289148227
-0.331304194174201	0.265106344206878
-0.0340805850010983	0.022374714182124
0.112377880120258	0.0947611093119564
-0.212258753894217	0.139166793242027
-1.02855770680426	1.21164890486562
-0.123242774761773	0.0737463648577292
-0.0964107183987456	0.0609067826386811
-1.05830713179538	0.85758544690967
-0.741175620648908	0.754316448086559
-0.618285753958324	0.758548487749657
0.0760461193912806	0.0557464831195882
1.31908747768012	2.04393947674189
0.0736185465417627	0.0568985571680069
-0.489835558175379	0.424561149131772
-0.553888370328386	0.311199614341395
-0.248034038555346	0.166037085663366
-0.659558639422012	0.616969149673478
-0.36179162105213	0.284218217037726
0.259033540106865	0.209093146367055
-0.812968021339326	0.835070311305852
-0.408770249755054	0.289709589172282
0.16189499203951	0.10615327924142
0.167430619063255	0.134250221065398
-0.108655280744201	0.0806568416025482
-0.683532760643308	0.481092163467377
-1.23453225449445	0.920460195786688
-0.239348079155301	0.188867427297042
0.0707712037003164	0.047953691070817
-0.315949048377362	0.236261323612216
-1.38467504865506	1.74259148792571
-0.812335547780811	0.699527086691016
0.805661702178813	1.03541539200863
0.153122148280133	0.115612365136903
0.520506935259182	0.534142270464131
0.257256453613884	0.21460389755204
-0.687519131532976	0.765544900964559
-0.277448762127437	0.207135506104689
0.0344098088843164	0.0213517378185394
-0.242340521339659	0.161274660402452
-0.129745213792434	0.0762820513174124
-0.609891240122682	0.701809455993986
-0.263353783188912	0.131073317750045
-0.332706541293003	0.275392122738504
-0.482123713217802	0.447442498228994
-0.906166298162676	0.841607176886822
-0.0937769256478246	0.069567761571151
0.00582920716380259	0.00415367611651014
-0.118717014177459	0.0704625168359327
-0.155993163872602	0.0871454196414363
0.0602428961406007	0.0404936621201148
0.773410824954517	0.842623201481298
-0.665446557255199	0.668392669599368
-0.997476914227843	0.968587174324366
-0.346455887264037	0.241991319132674
-0.804879253820538	0.693012780906186
-0.713812667189895	0.631122616558424
-1.50772794244597	0.828052257466456
-0.744651105360641	0.263617978795572
-0.54981303879384	0.539276281490081
-0.0883310423410031	0.0668443185276997
-0.637628192770701	0.57810637889752
-0.0303322340144181	0.0206950325526027
-0.112169977971458	0.0833864484541899
-0.157837276812884	0.112278457574302
-0.510782164391619	0.509978120186283
-0.0713830619469911	0.0433222298564648
-0.886582762685929	0.954556589847209
-0.0931645141811659	0.0711796429347646
-0.72076837882363	0.660933006149348
0.132467046699838	0.0615229037134116
-0.11622408268106	0.0682565256977296
0.00196914706857951	0.00133177493614075
-0.238120272564121	0.181064939591169
-0.708076810502113	0.600727094387794
-0.243660733532484	0.190773059160686
-0.170057009478341	0.138955649296889
-0.411141339966354	0.230755933974109
-0.180235573032721	0.128768426735006
-0.0444290912826475	0.0213863056733986
-0.200540624838189	0.111660464768416
-0.900911556736029	0.845754333797185
-0.634526173361145	0.556407672434457
0.15111919298816	0.100818767265428
-0.126219645709438	0.072744794889656
-1.73238301114617	1.42462239304146
0.498592311834291	0.424040309562657
-0.30629606970076	0.224119360389035
-0.559116887905473	0.479120568198964
-0.29533231408584	0.183841143897357
-1.21326730274961	1.2388309101701
-0.895707100533634	0.793548300989009
-0.573786634103917	0.614012748047597
-0.802007068198373	0.459266302633917
-0.278404328540582	0.211095324674417
0.485290857758175	0.412411952024425
-0.0852671799941765	0.0537714649263359
-0.816736240816247	0.759704689586371
-0.466822327586942	0.307184879080937
-1.29259278429657	0.606451525305258
0.138122569437014	0.0418745640561529
-0.901058179658462	0.816890242713701
-0.809657657065738	0.702645796434489
-0.242896501971305	0.154641839518457
0.0657075838935896	0.0439702812756372
-0.160174254475693	0.115826041107089
-0.872481987353464	0.988586204567019
0.665106092019057	0.578739792250459
-0.286494641454621	0.182878887790172
0.776935917842216	0.746224156554779
0.0285594278357073	0.0165933017209764
0.269256133309341	0.204474499564165
0.273548691652872	0.205798052816531
0.305676996433735	0.198522529059404
-0.360462272673856	0.259441320149202
-0.665066146069274	0.380721066279154
-0.409814856525681	0.276531777736637
0.1505317872183	0.082005289869446
-0.25661413129561	0.164700869309243
-0.311739560130226	0.227019112799099
0.298400234860898	0.197214401116781
1.5123035140512	1.80776690085135
-0.294055764749035	0.189646385060456
0.774609873720298	0.472788699392294
0.940393758377102	0.929701155455425
0.840109353281857	0.600113884071521
0.0400664071376154	0.0249045446560759
-0.507489351360863	0.440278634742329
-1.62425093718107	1.82959456095256
-0.559683121446534	0.472184702184193
0.159411759563176	0.117173233557597
0.527919800284794	0.435138424626552
-0.963434851630926	1.08400130090421
-0.123802357704763	0.0755307120437204
0.170052300154184	0.114024386089894
-0.0763312680442118	0.0495338394113038
-0.897229797410701	0.931405748055892
-0.921093181862191	0.764306789586334
0.569440616433102	0.526844553172029
-1.07750150125086	1.12178701259741
-0.752663791692262	0.908051720967858
0.160887044614737	0.125633848765542
-0.0628332533136381	0.0400201095974654
0.779061644287875	0.479893363642724
-0.493982910649999	0.46357622942732
-0.338388279549755	0.202778884891454
-0.0551008880463418	0.0369517720159556
-2.12632801213276	2.25317521325705
-1.02888338668471	0.915930355278029
-0.953350768222685	0.559409909919054
-0.0917876377501302	0.0569477879752857
-0.0785162250928497	0.0611076565979764
0.552201464150804	0.50601841595697
-0.907363771601119	0.7311980670147
-0.0417290461634613	0.0196451899589643
-0.0670089021077413	0.040410846778321
0.0646668226435286	0.0455371672866117
-0.448658081751183	0.397418092691954
-0.003752925476309	0.00266148779871638
0.0210356449961431	0.0123183057836561
0.502914497914474	0.41905939563184
0.00263154463343451	0.00147693074692769
0.298210320798052	0.184828990376655
0.488493632105731	0.313826849639467
-0.802741647783012	0.745226922840679
0.923601257293939	1.10676965257692
0.391538114944482	0.314981292268597
0.0263587463969956	0.0156451442127559
-0.286376267708575	0.178808260138051
0.334182925099181	0.179299262163408
-0.411546912502246	0.284827971971986
0.439055048524004	0.311576634033387
0.633597250587518	0.582749139679458
-0.410215261233192	0.180932493349622
-0.262746065369558	0.131366422905112
0.698682566489753	0.46227008578342
0.547219698556799	0.530421312248748
0.148604038385487	0.0916533581392217
0.0501404292377573	0.0323980379835047
-0.0451916838233723	0.0216436701506503
-0.148828160016868	0.105866142877711
-0.701083237684158	0.454921849206389
-0.40652438029123	0.334510224094303
-0.559129084685256	0.47411552294375
-0.701801492155471	0.565028981976713
-1.49995998343751	2.11107643435251
-0.203161405270339	0.239516848085444
0.13499828237977	0.0588178574530053
-0.259305809202047	0.132792692185611
-1.19613756198382	1.17128500292955
1.33063137607881	1.32871482747674
-0.360218746391164	0.261929309885485
-0.238473714339699	0.180754482903786
-1.20623214046396	1.23658348759325
-0.716572353612416	0.654641615808414
-0.498397964887276	0.424462583733677
-0.655720247731587	0.582829195279919
-0.0460295821543683	0.0301199178995756
-0.374624448907938	0.344745391342279
-0.410613976386045	0.361283855245739
0.386614447949965	0.312122497757837
1.51532942112783	1.78052131459169
-0.154715285520602	0.110393807077576
0.158524433979192	0.114147281028796
-0.034605129341001	0.0234022029342188
0.00710000611429207	0.00527851609797122
-0.995532783202797	1.02183788781075
-0.273733317216414	0.232193870780558
-0.163906872222756	0.0884283928941705
-0.102603663973618	0.087278824025822
0.158181578696144	0.104468642350582
0.00075181624113873	0.000471948292569496
0.163375338638507	0.129674503468611
-0.745839241840162	0.841159216060704
0.977666734409492	1.12533403169259
0.0517249877021749	0.0335371228307531
-0.0298309021844498	0.0202239243723379
0.164683123885229	0.12771505625595
-0.329002097079337	0.269998360565984
-0.208486508797626	0.14293361755673
-0.595003777461809	0.539461327300907
-0.813243405158121	0.539075142263248
0.247309493936141	0.211210342665931
-0.522746741477163	0.398522378460053
-0.0307666014802963	0.0251431853628258
-0.721264962770333	0.663610590471055
-0.802142582657787	0.685784970244657
-0.154613269561454	0.112614679841122
0.444099294534848	0.41979966339136
-0.198968381027641	0.108218340859036
-1.04796943840396	1.20664480941495
-0.979605133484324	1.04288623395395
0.594472320211946	0.55873856806835
0.907627418148268	1.01245448730187
-0.219466314140347	0.19321661835324
-0.471382087207029	0.490080002363991
-0.815774104050612	0.590799362163015
0.719709995717977	0.598805997726184
0.511341482169743	0.518165623094072
0.501348800645596	0.523155837333453
-0.176854533568711	0.124165776775369
-0.403884265774115	0.32243370153142
-0.499600652644239	0.268832723345288
-0.519496551844751	0.408729516384912
-0.558511153322358	0.365138529836143
-1.04166892929949	1.15676906834592
0.993234916981385	0.791512867776832
0.0172438244726393	0.00994464877655298
0.329097361600169	0.184536115549843
-0.216891005575596	0.146393917762484
1.01106817414155	0.879157916771333
-1.23750162948447	0.921910212982389
-0.988161220697656	0.992625441491613
-0.475254958687275	0.318430482039614
0.63410704961104	0.565031050462464
0.0560398612531011	0.0356789197159486
-0.298624451960832	0.183139076396853
-0.557057518171371	0.470032455726708
0.0284795214666919	0.0163241511863351
-0.0644515679988971	0.0410062367311603
-0.0391722477208438	0.0187131343557157
-1.18473533673672	0.677952017122682
-0.803643569195647	0.530156157090316
0.0450469074727144	0.0278961563797833
-0.350492992844508	0.210146657560771
-0.419705313608849	0.230391811497685
-0.410184277721227	0.23555953254529
0.43766862707709	0.409941563216342
-0.292531438240634	0.18972536453908
-0.730099850672082	0.712226338514241
-0.613679697899479	0.476467491001998
-0.24165116589135	0.161152618999036
-0.678827714900683	0.464757492504404
-0.211297340306441	0.146995767132566
-0.555927251753364	0.352051054095107
-0.00831151414538477	0.00589937970103026
-0.25981183196469	0.219867824580875
-0.911603956997478	1.26593754460251
-0.631475065781912	0.685163295562544
-0.158862841066249	0.132684869717456
0.241771757359331	0.218269960339911
-0.598459185337295	0.449942075966391
-0.212759204262035	0.148309660043143
-0.102092506861805	0.07264602327728
0.617891441799752	0.523317619215191
-0.905101918465778	0.871027492866664
-0.290813115379054	0.245573751981296
-0.22345103447671	0.17609714695987
-0.576710412480838	0.505643340511058
-0.00330937312212812	0.00242460700218291
-0.178850009176709	0.119344260137492
-0.0151910879488932	0.00792272303871374
-0.195953146011854	0.104376251759115
0.773490060369449	0.772184660084535
0.150095699382166	0.0798324795720282
0.46103764941857	0.319388426827269
-1.24295583050592	0.94116291596466
-0.222345329863649	0.146141382440924
-0.117106769544407	0.0696301460991596
-0.0700271748723883	0.0449640732223486
0.521406483413926	0.414436592466184
0.708920173595492	0.560410669423524
0.15239190627465	0.0940828855950668
-0.0915351482736505	0.0572115416452643
0.145831080656654	0.0805767531503826
0.138820371946	0.0617615031510038
-0.25856235208069	0.131819246493234
0.151975809467604	0.107384997456314
-0.201544468866514	0.112072315315867
-0.615985373032691	0.501011017936881
-0.81330691460866	0.713200278886361
-0.732644460594757	0.702242188514159
0.048116671217809	0.0313570603416085
-1.11105329800124	1.28229447979583
-0.529028938449019	0.392436518221092
-0.238898729646531	0.155812915234498
-0.0315822559293717	0.021437171075938
-1.03179902357857	1.23021505382179
0.253164684885999	0.204947707435567
0.0671505072760362	0.0466910672505514
0.502930503524399	0.404797879037682
0.530008844354505	0.288653464813184
0.491650240153063	0.31563097877166
0.652598031450627	0.67565406413537
-0.629389709882284	0.519666869268971
-1.371941448772	1.54327184073287
0.937383636002804	1.11616754703376
-0.728677265682992	0.716312026410776
-0.165571132042741	0.057330555793322
-0.419934871280275	0.23423762451214
-0.348352046307365	0.214277733272101
-0.812814731554665	0.884405557189542
-0.352111093636667	0.252596127284419
-1.45659398620502	1.54485019073557
-0.250165990299249	0.163696445895531
-0.692350515525799	0.477920218914512
-0.546956721496981	0.586968059086552
-0.291104470023101	0.186053627288714
0.0375788303757671	0.0217893099661537
-0.100726876024657	0.0598623781479337
-0.588817188702427	0.431197524510176
0.0469388038518243	0.0291238707916205
-0.33083243687855	0.271409692580703
-0.512977538730433	0.385584387285776
0.770105255328607	0.432254461244765
-0.0282530789393741	0.0195099599380423
-0.0569537092223376	0.0374122457689123
0.248921853279866	0.201155540267427
0.601565632685137	0.447728176213642
1.12691781043972	1.27774679857726
-0.453800472959571	0.352009403738559
-0.249410666071245	0.191495797064045
0.157784520417633	0.139331518661302
-0.985025885380641	0.884584810334992
-0.502826607532233	0.44280770210801
-0.258587911242873	0.207762027103667
-0.146531222793717	0.103391567461777
0.557213449136419	0.45333295014774
-1.17497331071779	1.00344627776442
-0.516192588308148	0.513667713227236
-0.462193089959557	0.37278931516515
-0.307552970029645	0.25370892462709
-0.216863083514358	0.172285296157696
-0.358180052299967	0.287691137420081
-0.346211964757659	0.211104008402479
-0.164166861617839	0.0622091166961839
-0.236244315549175	0.182641531351948
-0.503862387178363	0.458318854907479
-0.114297804705373	0.095098547832398
-0.0646293312392493	0.0421086254230217
-1.23316232037762	1.41028294090504
-0.335775526966473	0.29796721841156
-0.399677495850122	0.351341250177309
-0.127402297617415	0.0943478954103311
-0.217304727502237	0.191829717954983
-0.0833884105721557	0.062325289591642
-0.639245734182317	0.578015387340833
-0.740073852759812	0.790723809207008
-0.410950344481994	0.432815016872245
-0.344115804727558	0.313981730995067
0.0980259842532134	0.0851630583921769
-0.499139609694531	0.575735584664465
0.390408755444245	0.413682530983855
-0.674940010073189	0.711502340927487
0.564865741194645	0.52815322314436
0.243010408188746	0.20427726060026
-0.943488919206685	1.16556526083777
-0.304778443970229	0.257947381162065
0.241996774339927	0.212446480911973
-0.225021151343598	0.199074572459688
-0.713367314829126	0.896884009565302
0.158531504103233	0.149146583824184
-0.132930379876705	0.0972866856992661
0.411169487527826	0.308484890250678
-0.073581336695183	0.0336062763419565
-1.17315447117932	0.656478988631633
-0.161338251359858	0.093422377489753
0.70200093901662	0.45739576153609
0.146709806545703	0.0833012785082939
-1.24394065352923	0.936811868743434
-0.0412623283260673	0.0183037453821099
-0.306941228774528	0.226816006235582
-0.405561070285542	0.283399664205111
0.223637449165207	0.220345528858189
-1.08035691322708	1.44785208000589
0.730627588200968	0.813804200719045
0.1656118870772	0.124028348182205
-0.219257712322597	0.188753391096539
1.76389938692643	1.29311748403389
-0.817234533338853	0.770478198197403
-0.907535205975918	0.829755315031321
0.941462129418815	0.629303111791458
-0.182583874324755	0.128941909027865
0.251378008203627	0.19099141685727
-0.643874206841924	0.60024346074501
0.596164081422198	0.524640385944543
0.0538890352482553	0.0349974557617254
0.23604342421587	0.195782152659456
-1.56847702781347	1.52778860206346
0.155935312822272	0.101381431101427
-0.262409503404178	0.159241654480041
-1.48110936321761	0.982354602066335
0.276185961129917	0.201348357669278
-0.111597049803753	0.0461813318744089
-1.00134685107937	0.961288984349572
-1.23177182750799	1.40681905644177
0.26304518653722	0.194829822642836
-0.463158246600337	0.370713856686237
-0.11751125309316	0.0918366328696371
0.748014951344027	0.970833274939132
-0.33019817596619	0.323250830277731
0.166596519299944	0.124815310441465
0.241227746963895	0.218567041623444
0.775614561982378	0.61276993394313
0.0444859258797153	0.0289956568390999
-0.583686645906426	0.530382499881985
0.582971216665599	0.618157307826778
0.674133807893839	0.821722847855637
-0.489846486688727	0.468587995949593
1.63339414635454	2.34610417567099
-1.13947203921893	1.56441088353109
-0.34113965796075	0.348278776444976
-0.371543616292574	0.38651489464696
-1.02564905475684	1.23883225585627
-0.364659322311828	0.107068546286918
-0.804789843266629	0.516439172804427
-1.85393374336324	1.65300293722779
-0.0760999055608891	0.033503186896888
0.148896068956624	0.0689199002999291
-0.590648025088113	0.4356047395571
-0.528504941162645	0.396485688378275
-1.1052845778529	0.752073309366968
0.965046401087653	1.03947044886121
-0.299991165875768	0.34416662566238
-1.06332495655817	1.42323816290403
-0.814731912748297	0.750408427777304
0.700243354769281	0.466932392296049
0.435911109938894	0.178710357823743
-0.0251945003862592	0.0120104033251573
-1.75617953815244	1.92469262718108
-1.05519822671962	0.869327969332561
-1.04748673367611	0.798799425488512
-0.0705598582932656	0.0444800460466411
-0.630359926918115	0.516479963378649
0.818118896187877	0.853891016716902
0.271544357820666	0.205437566042014
0.249422661843026	0.220738659525413
-0.144118595779352	0.121488368294761
-0.621231299705925	0.587579540664478
-0.168166496080168	0.0590246161156032
-1.14672516880979	0.35527770214058
1.80641350202004	0.73230153821388
-0.542181473756869	0.219256936703721
0.12846076599153	0.0506083201579723
1.55039722942674	0.777490465282938
-0.238586226264557	0.15675108563778
-0.0860649168148698	0.0491055336573205
-0.469565602006853	0.383026246203155
-1.83387729845652	0.781204714068644
-0.999888297079147	0.499992850577696
-0.352986471922857	0.204677669073162
-0.425687573341379	0.611078884605942
-0.212124909693533	0.169793799891837
1.38398159457325	1.02790356453038
-0.25054168344711	0.128370130086931
-0.166699851636024	0.0613141886044256
0.135962577881537	0.0469477306529536
-1.83595316391303	0.786691282455354
0.594911879567149	0.319135717363168
-0.797048685424377	0.447367745019654
0.140942702613077	0.0681811135518664
0.142818901860482	0.0698887171873766
-0.168305493601458	0.0634965205349416
-0.254880624192064	0.127940722056035
-0.653281087804146	0.921820504126547
0.0358913230267914	0.0337539469674333
-0.139281989979394	0.176129658482628
-0.763899626766736	1.46640309395591
-0.658050023173672	0.558566138813549
-0.463531286691912	0.592944211209129
-0.25793737237826	0.24014624833187
-0.624155061597182	0.657967480724912
-0.792670161344012	0.332880056358753
1.3852848332162	1.07294021651615
1.04398086341299	0.521963529568112
-0.408844840646204	0.179390817300938
-0.59863135940172	0.440207138186644
1.94516045732809	1.20575062653832
-0.345195982046118	0.209001374250233
0.0521986538535685	0.0354622754012306
-0.0909009136484699	0.0557442494217799
-0.109370479035386	0.0444671575542094
0.141256822258265	0.0430610911785714
-0.497707366573572	0.266411119782148
0.0150250677806215	0.012953769449922
-1.16623110019518	1.02714436995397
0.136325554110001	0.0595656011406213
0.154119685883727	0.0892360123987213
1.04497284578664	0.523316633561255
1.02520635255394	0.389053020115578
-0.50534258281728	0.274033286139473
-1.17670975888368	0.663795327316834
-0.809748931160013	0.54592426547005
-0.239929807807847	0.0801483748366031
0.155924867315498	0.0372729184782262
-0.132744988392589	0.0765843622111824
0.640289254029791	0.448895824131773
-0.193353020934202	0.215785085482154
-0.166154496113309	0.16550927271663
-0.450678250385052	0.400857913864765
-0.306628837341691	0.276076223162978
0.396901581433356	0.460747128368308
-0.341165801684753	0.335610628405183
-0.0700749865598544	0.0315942586245946
-0.112047201339618	0.0468130396329068
0.697867549228039	0.453725823803792
-1.35586302210157	1.09256482206148
-1.74820112513171	1.92667400722192
-0.505973617707819	0.274019150174632
0.983729448150109	0.768654528868674
-0.241128019008528	0.16173512452533
0.156886743017422	0.108647684276571
0.0216358630033267	0.0127632861453499
-0.503735838746788	0.266561147386385
-0.967324963469354	0.607875856809657
-0.09732472528595	0.0587375072723729
0.478927086016093	0.562065405361377
-0.0604020803353011	0.0376889739443959
-0.718308892921054	0.606646421577101
0.274996537312521	0.207698579548533
-0.0469778435108841	0.0224460084471849
-0.316864904244562	0.147388166941971
-0.614902930277753	0.307405159894602
-0.943540797243652	0.692750717167242
-0.925949060360163	0.761966112013062
-0.410732112952634	0.324995487525826
-0.208486508797626	0.14293361755673
0.60931066354925	0.727407123795178
-0.175845443608115	0.123906099177317
-0.125152533919274	0.087830666611975
-0.301796497374134	0.215198690905264
-0.536314894943915	0.215990413651433
-0.969255960689625	0.588320087157007
-0.779834121972769	0.34662351075263
0.423361766396279	0.17061042059874
-0.799053138681202	0.391246093112917
0.00243407955017486	0.00138449094833441
0.677956182449758	0.32614533172492
-0.174679530479384	0.194173852550131
0.0258355789554719	0.0152137574774722
-0.785295260806664	0.355512129363445
-0.929320511304308	0.655230605136305
-0.2513170004232	0.164227967953937
0.133027950116607	0.0458225118639418
-1.54084152407037	0.548722359325435
-0.506919635624482	0.270281080430595
-0.504370498524742	0.660584420564913
0.0377399622446073	0.0316167717398212
-0.409589471100648	0.178797735474755
-0.406426428371768	0.177501146399745
-0.240810911572159	0.080438007970935
1.31583880952233	1.52751540208775
-0.203811812701894	0.160873066171248
-0.134490030876619	0.0966664570981442
-1.53037588624579	0.568755687984731
-1.99328257535879	1.4113711040788
-0.816040020568387	1.17362130812173
-1.68467043825533	0.982158599630518
0.887891620354669	0.48146231207328
-1.04852745575138	0.433634927743835
-0.708606350492536	1.03837499277866
-1.03942248177119	0.428820497755674
-1.29051899429088	0.599302575291521
-0.622737887351569	0.313033677236779
-1.04339806761328	0.44647504020799
0.424167265657531	0.175208193744746
-0.554775930159271	0.352223677585117
-0.0393404234875673	0.0189958168573403
-0.710372427757822	0.566971590262991
0.263938834133398	0.205885236520341
-0.134095904761451	0.0962249419036855
-0.540279399151712	0.216641309156028
-1.29347370915552	0.608057336341315
-0.856044587358777	1.36150366745843
-0.528701453126011	0.395937259965853
-0.49294352415556	0.249143982016422
-3.08816781498671	1.00619496834741
-1.15049600332665	0.365062590327348
-0.197387351520476	0.107989390594035
-0.361689402338145	0.108124975750703
-0.802007068198373	0.459266302633917
-2.25401105376334	1.90250580767175
-1.66868054161171	1.58732923898834
-0.645608444315132	0.60118463891738
-1.10207390826064	0.728751888400546
-0.813752343822085	0.618226401048242
-0.234027875459699	0.147824345567178
0.0334428332484789	0.0201750665228552
-0.677890630849808	0.722755526143369
-1.08544436104343	1.39295044869526
-0.553453238702188	0.63693420994309
-0.160233785620924	0.0919121130676264
-1.02367285100259	0.917655544616537
-0.721686149299097	0.640611175337834
-1.48515415272861	1.16937351510799
-0.706363877655083	0.551121864641435
-0.36069280713532	0.293743195104709
-0.589058174418721	0.409996264207915
-0.269992721135069	0.198197176709641
-0.732183497612667	0.722445685009853
-0.177623176217997	0.126593343876023
-0.76017522094041	0.901520742231383
0.447923467281868	0.413024218082764
-0.0147205463419758	0.00728581707618714
-0.724984000499574	0.659922067615261
-0.811415660794485	0.796195824762063
-0.0389511353366983	0.0184215123251838
0.293323155742992	0.200667758633596
1.22196117765719	1.02024374174237
-0.0117706923780931	0.00840218873615264
-0.358329551158148	0.259715162074098
0.335905109315147	0.302177897627887
-0.807421860292574	0.739583376267695
0.165664806294739	0.140125150607039
-0.968700034980007	1.03207406903515
0.285842459834878	0.207042352593193
0.2409087029258	0.193182174031523
-0.739465566315258	0.784040748323144
-0.974582085325901	1.31544528838594
-0.817341034267119	0.840159484582676
-0.442017849550589	0.480588908297105
-1.26777227302445	1.20277053334831
-0.183056198390572	0.128547427842496
-0.0211167298646577	0.0140542805011673
-0.41149411147472	0.361788043197054
-1.11157077325974	1.19415147722677
0.32534206929504	0.302156348274429
-0.410957026244435	0.365917173575609
-0.813258920202325	1.00029053693173
-0.0255435178481099	0.0178297901446623
0.0871689610166267	0.0707615035469753
-0.142717109757039	0.112454114833522
0.0517373233451434	0.0344646956282028
-0.493418567413128	0.475525695911392
0.0312425743656924	0.019064891393117
0.00697305563055073	0.00513932227662859
0.261967971241804	0.201743495476907
-0.287908818639627	0.268324218426885
-0.122069922320704	0.0724654625405734
-0.0904372734884511	0.0686491007324744
-0.802072771123028	0.797878141717905
-0.410139423012401	0.393702056416119
-0.728677265682992	0.716312026410776
0.765221627777318	0.821894137494935
-0.597050204220032	0.695279674022661
0.720361878126141	0.606261613649223
-0.175926610993647	0.138877174942648
-0.512584645732072	0.502633001996891
-0.119026448738696	0.10120384971235
-0.198132086340433	0.152038319164904
-0.627826676322868	0.886470144531153
-0.566964092306226	0.568991513699423
-0.720201866937379	0.945357898101383
-0.819230260158734	1.0865159826012
0.959004953621874	1.02862921987905
0.665033825432207	0.579031579097107
0.406937039945171	0.38134058246646
-0.0753600710357217	0.0492275926632956
-0.701836306639475	0.833720140150972
-0.47744325581461	0.453038872083839
0.808536147453663	0.911256989245103
-0.0460640883802229	0.0374361625970368
-0.611742812688686	0.854763203074183
-0.158800051334251	0.111757620670887
-0.220790811181224	0.196903458191766
0.226994094481756	0.184313163108633
-0.762516576742362	0.971490530134471
-0.87879207909824	0.994140864455161
-0.171847314962039	0.118911230399898
-0.698521598398251	0.794660638047299
-0.402502235356776	0.320790793374391
0.264594907953198	0.20734522327184
-0.810980688998479	0.894438871802798
-0.808774053592921	0.944924531163721
0.0822466646804106	0.0605483567725934
0.0636522099366178	0.0427741622930517
-0.72852635834078	0.739719358974258
0.153122148280133	0.115612365136903
-0.813062397227644	0.791146983252125
0.248778821991678	0.206893436596933
-0.127402297617415	0.0943478954103311
0.434590466178559	0.402983625648392
-0.568603896753383	0.603392856436135
-0.279199274537184	0.259343345887174
-0.534345988282213	0.506317026162757
-1.13852413299071	2.13023488594713
-0.481129395972912	0.457052025531986
0.161523495660434	0.120446055352556
-0.92900531665996	1.26955304815304
0.649797149221343	0.654840331665896
-0.0449629385155749	0.0340704872018639
-0.383124570489065	0.436471862806273
-0.111947151891998	0.0960772364671807
0.452738028546515	0.500800477178538
-0.858445059270417	1.3210278514157
0.112135238911123	0.0973240506420122
-0.0648956880355126	0.051270611927772
-0.184693407547988	0.167286971314295
-0.795301336294519	0.565455343813728
0.0651976141642511	0.0470146619393872
-0.121057763386228	0.0903259168144479
-0.00680469077042485	0.00482746514765747
0.320989109164584	0.301824141351027
-0.411935200575769	0.401041397311062
-0.527506972753979	0.529675159878632
-0.692008426914308	0.750147648072498
-0.493947793950743	0.391960733472406
-0.501543361226618	0.55419591247627
0.2964407524939	0.200210019902885
-0.801063556066252	0.914485544985151
-0.341113817924043	0.313346127852749
-1.22388744919617	1.74799198027482
0.236057665512088	0.233209345703664
-1.00022751392989	1.34304783350955
-0.378999469987926	0.376918244775019
-0.176317239449273	0.123324836627259
-0.877433302268226	0.955810341461125
-0.106592570497253	0.0752098103803769
-0.0778180782951388	0.0578950317740364
-1.09644138921597	1.55992273006079
-1.42673172841825	2.49016455725178
-0.314652781439105	0.301140071541924
-0.381115042314497	0.344151523871827
-0.166914391838768	0.152522885220506
-0.651786259570997	0.734313178741729
-0.503822664733987	0.49464355057023
-0.873208536859684	1.0654006677158
-0.079814949212282	0.0617159069925558
0.0253607563966716	0.0198331344492805
-0.54323895732767	0.575440910799842
-0.694406797641722	0.987774491210707
-0.466272031482458	0.304377779560302
-0.481655784018612	0.461282635362999
-0.875968610754544	1.13247198810669
-0.329350367152077	0.279775520925337
-0.583731725901984	0.75824318690812
-0.0761952328944489	0.071211464749961
-0.325230429248152	0.26875807774607
-0.745289264448154	0.768577652620429
-0.0132561277665185	0.00939404274032432
0.526312265362363	0.44226392071905
-1.09424353870072	1.40534115781014
-0.992269000291555	1.34835622949979
-0.712468931722792	0.839789082731165
-0.0769208273978834	0.0610732686170197
0.158268070824714	0.145691166050572
-0.378219354161939	0.37084864144957
-0.885340621112455	0.811191222883485
-0.0414404870862631	0.0328101546630366
0.161775201861233	0.110436087121218
-0.979030687576663	1.41946994829278
-0.519318243253675	0.513082542189552
-0.601934035870479	0.69679835212674
-0.18258790762792	0.141490034200476
-0.275331532035198	0.240935097371596
0.259185205066403	0.211605512571897
-0.0414507496638756	0.0272799688914383
-0.134839903108827	0.0995038008763399
-0.736769825820702	0.787164192421261
-1.15972630863853	1.55859359441366
-0.740148423733752	0.745919290654608
-1.37095884581762	1.77622322071444
-0.344505702157745	0.309591194703732
-0.398676697046973	0.345278574107068
-0.15058726963411	0.104292815763518
0.655916249288326	0.678219359677894
-0.164747262539626	0.124893535746177
0.0666332291389793	0.0447255520720337
0.256838180087632	0.21696108851992
0.257204417974056	0.198116937671047
-0.349939870755514	0.366911862018159
-0.525847442274021	0.475735638685515
1.38972291772022	0.977123267119558
0.0144492059387762	0.00746316488076523
0.213165892912443	0.220230327970016
0.0215123316312298	0.0197755298644719
-1.11387359669769	1.79492378074821
-0.0890221775701313	0.0768620675225638
-1.20561381945708	1.8900425892018
-0.119574549361058	0.10189287850934
-0.404788346186938	0.422249099166886
0.0463837518228109	0.0458083261397168
-1.09013853809419	1.65691269362768
-0.412743592742557	0.365163201488823
-0.0495204180121702	0.0392816535231493
-0.477086776534163	0.499795892452654
-0.583550954252668	0.71511779458188
-0.728483387093963	0.937604779565315
-0.729705030692915	1.0487279921379
-0.328599533088152	0.349695214029918
-0.152634336622301	0.106916698506139
-0.216596840343108	0.185326034995499
-0.271538909543561	0.297790956234877
-0.237552821456749	0.180048528368606
-0.0452567375381418	0.0360214998373008
-0.763468066464587	1.00184067103214
-1.03512429480519	1.47865711835248
0.00330281117496235	0.0024396675793209
-0.227393775463482	0.166786303562889
-0.41827838877824	0.360651146767121
-0.168305493601458	0.0634965205349416
-0.70372700545337	0.56831671073455
0.965986911312009	1.4679461712649
-0.146411727586253	0.133801727957705
-1.20515660565206	1.88132686727395
0.258696769993317	0.21639991376387
-0.560676746818963	0.657473338502438
-0.364166428191207	0.318453577676464
-0.294420738993891	0.2520147666383
-0.711274861365985	0.830759849129593
0.223511591481626	0.181737167057037
0.499591869109379	0.588460643997195
-0.340319013135588	0.309943814952704
0.667161284483048	0.54961727508448
-0.295613388327082	0.252474993990757
-0.675315325558494	0.90002455116622
-1.31806080660512	1.84070535182121
-0.745702131273512	0.853463780921306
-0.456393857973098	0.430146246501862
-0.524501969840732	0.396642357683827
-0.765237630199444	0.957317807301058
0.0531616486874591	0.0353623815769575
-0.280647450988923	0.211219880552029
-0.360808441708157	0.407438488944178
-0.58094197181927	0.629248788114915
-0.127025920117917	0.104108788884627
0.170906516717	0.137972262543482
0.0540962162298844	0.0369756992825044
-0.542443466514074	0.498478008341578
-0.619006206608466	0.307736267254758
1.23306435800321	0.868911793806971
-1.2982928271818	0.612860262944975
-0.998535088445235	0.52395959859642
-0.0944561824580242	0.0787323018736233
-0.0476280314421969	0.0387328039959296
-0.00137851467890815	0.000790367379354414
0.0854101489069789	0.0657688708348779
-0.618079853398662	0.75534132232398
-0.901342951171786	0.865047259629634
-0.555255571753304	0.479500469287629
-0.0988144518605934	0.075451740242963
-0.599095776637618	0.691514680049106
1.01865143523598	1.40423323387841
0.165239507265817	0.11902942837672
0.339571711088893	0.307468260053031
0.485942882584462	0.512874058422375
0.528339776925194	0.606187390785883
0.106140416226416	0.0856236596941203
0.0849786402919014	0.0681788102317937
-1.0919137028424	1.31559481880399
-1.08447372756847	1.63230094230331
-0.319764384997185	0.38785812796071
0.10473275374766	0.0900873229102414
-0.260912609270846	0.219964439928776
0.16400393399209	0.115874487070485
0.282140829397114	0.198810288150178
-0.632417716447755	0.683126588106745
0.0299069578723324	0.0181023626007687
0.428574512493151	0.39672134553656
-0.0240882185953385	0.0163142488381264
-0.158708431136623	0.156836255685054
-0.270715535639744	0.235124169753949
-1.50468200313562	0.806443643796301
-1.09989600109263	0.717156903118718
-0.808745701136318	0.411241735519251
-1.61979729988093	1.23424651522933
0.102223509392641	0.0902467030136078
-0.536560358940474	0.699961820426184
0.0168989874171671	0.012590131241574
0.00598161727205404	0.00436103057276391
-0.198838177354497	0.156443381820254
-0.187599604481251	0.169237957854996
-0.0170532031543273	0.013925224971572
-0.506695940805589	0.659144889289125
0.773433003800957	0.718237522007654
-0.551755811606517	0.627664027067236
-0.900384382025029	0.895881625766243
0.0357062788582105	0.0286851579944128
-0.000563933747576628	0.0005542192839008
-0.452628108009673	0.461832115401494
-0.576512151188983	0.686360589147643
0.279903469218389	0.295960886632214
0.539434165325672	0.51729171809398
-0.0450417069930657	0.0348471942939963
-0.163362360039954	0.130586060580861
-0.286909469882692	0.31280116337239
-0.0868139198053409	0.0741598779655327
-0.495940985698204	0.541760074479357
0.384551454821974	0.402294923327089
0.309353350076714	0.299608333092403
0.0251419729403595	0.0202629789189018
0.168238816764384	0.146183131470733
-0.501720981913189	0.481204064932189
-1.17366547682536	0.661494708183072
-0.801333853222889	0.530122638838643
-0.232189532035054	0.222764358567128
0.0929415274723139	0.0777434929379443
-0.0791250217481067	0.0701513581932468
-0.406687763935008	0.513055303798159
-0.333591650462997	0.313360785146649
0.0896533263868971	0.0659218094627818
-0.15654395699597	0.130618451640143
-0.34815999860235	0.322570967042878
-0.169263237862069	0.137768254417139
-0.0238700452247153	0.0197478129396171
0.0694933713980824	0.0492683810461491
0.0774419444836901	0.0578070151252824
0.324107383105219	0.28904217041315
0.157587119986557	0.130818545184699
-0.323549851937976	0.272862813243615
-0.564824329722395	0.357147076220615
-1.22114110668376	1.65577894478599
-0.864896310266271	1.15982670454836
-0.162392293051355	0.146778770749863
0.0920700865021681	0.0750807582590227
0.360313212658016	0.291274361728152
0.0501063146689545	0.0328812486233264
-0.312653867947237	0.293589981529972
-0.0242752065230285	0.0167304504075123
-0.413583753688189	0.365126025001943
0.0974050313140382	0.0797117027933615
-0.181381279517141	0.148775345630939
-1.14934954991944	0.361642569623747
-0.218815983704022	0.189061725423268
-0.658028100164379	0.817790807353576
0.266604150335206	0.28077254419971
0.0460380976344025	0.0457117376182782
-0.134573085134122	0.108585180073192
-0.184518890988093	0.144196201856562
-0.200626075005793	0.195025662308543
0.0995062074153711	0.0857426550158269
-0.564603197411489	0.654431361976765
-0.333655785899817	0.358872913859053
0.256629603075453	0.224282980675883
0.0327906563296957	0.0266840369314487
0.165058845574213	0.159178361572779
0.331821310469328	0.309156438554555
-0.195587349495225	0.174755434590384
0.401858748694004	0.401493700838443
0.158480313243955	0.112898923661569
-0.073295073110728	0.064902396734705
-0.310652803297438	0.36932404533828
-0.0368700206105872	0.0288204440348033
-0.262077391910654	0.267746565822852
-0.0106924146186813	0.00737158089568579
-0.721688477265574	0.833414658705771
-0.650551837318597	0.728143071299671
0.378762711447356	0.399029271511928
0.293358114195459	0.304041637218981
-0.268050347730324	0.266369081633662
-0.131382573354645	0.108569141901669
-0.239636988584114	0.196677876228512
-0.406349912015704	0.304019946485618
-0.403979824664925	0.176521636526113
-1.49956980914461	0.973703156917759
-0.390796938667245	0.45334142616985
0.159323311818638	0.139001375079362
0.010027153114685	0.00938507397661858
-0.219382849476341	0.188791221359647
-0.439545520555004	0.447798534408026
-0.868123795176556	1.15978829443236
-0.00381427164970794	0.00253266204473282
0.0982711310458083	0.0802173718636515
-1.05774538119349	1.49197087166825
-0.335675230042201	0.376589225170684
-0.325691072004973	0.257544539462515
-0.0279387110288597	0.0244294243301136
0.166200005315231	0.12823139120342
0.239243315606585	0.222099856052468
-0.21101050745998	0.198196074865315
0.152719655427835	0.115486215057891
-0.0318749454473959	0.0218216279990802
0.430525440253856	0.471961862923108
-0.126416748209658	0.128927252042055
-0.284050454059063	0.269829631259941
-0.29665169150878	0.248012993218303
-0.665090802867554	0.646792112869977
0.30161625481835	0.304500515530727
-0.584848790291309	0.744571941264213
-0.203335698676699	0.181142826698951
-0.347084336680435	0.203467000477816
-0.0736986994453363	0.0570184253268322
-0.291073376587987	0.283208383896289
-0.536093525360556	0.575822523397061
0.282958834563914	0.308932072390039
-0.560382384448113	0.647933960760444
0.356687519103135	0.443432206485997
0.23131277504868	0.214068566990836
-0.432108862390154	0.512510382033839
-0.983148309933975	1.65044345371196
-0.138885634041137	0.115256662908314
-0.00384458951781049	0.00317925259864222
0.0138368003358078	0.0108268232458294
-0.205553990471438	0.209837527768281
0.0851207269900553	0.0676496730953109
0.553537313236341	0.604724528974802
0.162890961512785	0.125690851130122
-0.456790123471044	0.364283217941675
-0.0755254597448378	0.0462317745102708
0.731702375642454	0.963603310737886
1.12833569870514	1.38189130772058
0.0115199545747893	0.00848794901947143
-0.340445628909824	0.316098375607687
-0.3630293272488	0.324448721228267
-0.235312479177868	0.228036334661551
-0.299250130694441	0.339029387404517
-0.338001738421041	0.37499690274565
-0.22047956855059	0.195115309069612
0.00215131471887055	0.00195323444726423
0.0384458315350437	0.0315399864250884
-0.0485782779827319	0.0385474025557109
-0.540165563776411	0.669251941254118
0.307701016715925	0.295640360317784
0.927843815076131	1.48279917736089
-0.0778078092914347	0.0680393673929925
0.0408063763754242	0.0343569144784796
0.7691117181895	0.815531463903257
-0.437018811032324	0.454938262758823
0.0242379453804697	0.0191466288730408
0.0907356665549745	0.0738352757018224
0.427252071490781	0.457378219076418
1.06083909909926	1.26978047724881
-0.211166807993467	0.165403925407852
0.310520252257641	0.298292955157921
-0.0296768066855226	0.0244586564304912
-0.394754914885843	0.336794212697401
0.164770440195488	0.0990731057848708
-0.672715797452605	0.669792948829357
0.724388575336936	0.836292978320232
-0.0444988471488378	0.0295169358881469
-0.44270789856323	0.427605161182025
-0.346839336002412	0.396589726616057
0.010104140290011	0.00950760685844032
-0.135766858992077	0.124971468487773
0.497673646598195	0.557975927925593
-0.259580799126546	0.245012773175845
-0.111646988216424	0.106506043004421
0.173913864574621	0.181761919451615
-0.137215805510108	0.127947326662695
0.368908129929422	0.472385169919333
-0.039107859254573	0.0348325041649721
-0.159298583296327	0.129370783718643
0.6887224835193	0.93498460932047
-0.73081327053955	1.00866088129526
0.430568438174647	0.489804087620751
-0.160488125210713	0.142930178964546
-0.917315875841684	1.36692087470808
-0.513268301795325	0.493454092554022
-0.740853874185666	0.825403199478847
-0.168060715781845	0.178207211903034
0.645457059849554	0.748356028757426
-0.338110450714479	0.387021650309423
0.41238983391383	0.462414779254745
0.391805076332153	0.386055925909299
0.165125112844221	0.131750433701376
-0.0205858144075231	0.0138512339263507
-1.04253907410973	1.43145625587734
-0.0155402818977661	0.0128828928930612
-0.299778589307844	0.273104953719299
-0.158685260136343	0.154540296756097
-0.0899364790353521	0.101254678348253
-0.415005102104948	0.537317047626031
-0.13104642575258	0.123654585222433
-0.0873375319453017	0.0748069538756496
-0.438305536125288	0.491617008732642
0.169051889680582	0.151895384205279
0.619697988104815	0.635048388008854
-0.174470052101407	0.166168101198184
0.384482753602711	0.447178405964386
-0.769840626080523	1.10294357325358
-0.604765930642974	0.816177296184299
0.165492728496031	0.139800766573181
0.23746128038635	0.233411964382873
0.0972416223494641	0.0837357843969464
-0.243223740925342	0.23599661571782
-0.189753776970053	0.168913367883913
-0.516037334648245	0.531680001666585
-0.249916639945176	0.219276318618085
0.0725935695861048	0.0512148343412064
-0.124740679011631	0.116119597646493
-0.211335907574105	0.184646839457009
-0.0247478451571935	0.0204482496596521
-0.149423085596406	0.106113411270146
-0.383076137577384	0.407504857600121
1.09823931959124	1.71571601051643
-0.677795250220282	0.708518976797665
-0.268432487761143	0.233995423047765
-0.924328896017491	1.24439805447883
-0.867521070926972	1.22366393501568
0.23025793817584	0.21332008606428
-0.230307437650732	0.203765665069355
-0.543604376881734	0.605056276615008
-0.367876368851797	0.441728142497524
-0.0514088191931179	0.0460707352400682
0.0221586437955332	0.0173184684072789
-0.656512486998703	0.793150309834633
0.618891874612832	0.65481219282466
-0.130283540394621	0.109691359622048
-0.262206878916624	0.289694180599365
-0.0560143404715861	0.0438595322832495
1.3320086895255	2.01716063541431
0.341938317571018	0.362004639547952
-0.381099336946977	0.362624115177208
-1.04889718130233	1.41509264338733
-0.328412640866294	0.332632740433612
0.0933418993116314	0.0761937228228194
-0.0900052790171256	0.077481913796321
0.72690837071618	0.807045640039033
-0.88796137108047	1.00002775564144
-0.442582908581619	0.404708709881203
-0.0302150442130999	0.0198260437578511
0.25582343217815	0.214012950003383
-0.528228065175785	0.497102817226421
-0.593145858230904	0.647158803546121
0.170672561845787	0.174082714489039
-0.0767931731552571	0.0582558012333741
-0.16729049627863	0.152729425473484
-0.502827455101391	0.616560416002351
-0.880219665767203	1.06721636792318
-0.468089580440968	0.361753585053956
-0.48135136302139	0.593927845076627
-0.818346080900305	1.0306215149733
-0.628412507420445	0.751771038079512
-0.546544167173976	0.639853557589581
-0.368743860778592	0.444403860067027
0.0834051119528677	0.0849640937677062
0.0637283708352598	0.0584305251729477
-0.247401421263627	0.267632179192997
-0.105798808684344	0.0904166719412227
0.375935127954851	0.394233542597474
0.114682435140668	0.110507297999619
0.0449808920357831	0.0361360067984333
-0.616664521268936	0.702114956971581
0.226503645860626	0.206746523464939
-0.209322218461806	0.177558278106911
-0.814883114909682	1.17317290678618
0.478747207312166	0.415780153422581
-0.611544008472965	0.735286974381419
-0.0146182466885608	0.0118428825084955
-0.408280683873931	0.400885172409571
-0.0343931886144916	0.0271502481809501
-0.556151909680128	0.715042107051472
-0.464097284504082	0.572786849222274
0.765094456456347	1.0055750760757
0.320399149684628	0.298808597391712
0.177860702270603	0.169786656539406
-0.357328678435512	0.289214611436319
0.0380139845748943	0.0243052918902288
0.0456481538801267	0.0380198438533565
0.165607711252664	0.11189470447522
-0.70366877837751	0.856990953591553
0.15902993826702	0.118576433241863
-0.434828227809903	0.448970003438958
-0.177580213357984	0.157122616564961
-0.425230855931111	0.521562265635875
-0.15324393837628	0.15335235716744
-0.174461318885717	0.205871231286544
0.108634797319954	0.0950366119801142
0.584269234110972	0.753771231836896
-0.154790518578179	0.166728720514394
-0.0142717778365481	0.0115649007668771
-0.230868826852429	0.23877278450071
-0.137073152028598	0.109609698154781
-0.36156974627569	0.296351013986079
0.335500902790835	0.303339438248933
-0.323800104238713	0.292610302387597
-0.0184627162316419	0.0124960582650895
-0.750833463468723	0.902577465938732
-0.0970499349303222	0.074172795144057
-0.185824567691744	0.163187267566842
-0.325912106416974	0.271019881757008
0.733330513063057	0.801744546042838
-0.404242503306371	0.451248876376516
0.15705614387919	0.108776704831061
-0.814974320452511	0.906346093258529
0.428935729516866	0.374298033185299
-0.252165644000404	0.220487301203779
0.276200624307105	0.210998391427733
-1.04929534609412	1.35740424559374
0.354079552085416	0.315573052786856
-0.944282520681868	1.18131403471208
-0.367085869929621	0.260412718232368
-0.223370371597499	0.197558280055819
-0.329895361993613	0.324243540349572
-0.325077853570994	0.272359529379287
-0.381752145281795	0.370297186868191
-0.525848467280745	0.590628450035663
-0.945485952331526	1.22575343822552
-1.51216479522366	1.74298680932148
-0.816056833094598	1.02624162104386
-0.208992369806119	0.215016861169699
-0.644665960353564	0.847239842690036
-0.26497418354785	0.305715288333889
-0.466205066783172	0.527365567720771
-0.350078058021117	0.379957356431536
-0.376467392762296	0.373356023477089
-0.0448898959554008	0.0343239973805274
0.103845072195228	0.0938935088811385
-0.507201697736195	0.540710805748598
-0.683457084674173	0.738202067100155
0.0189339263553141	0.0137305088529088
0.529825451872517	0.521373545401609
0.547320695332209	0.595301741599829
-0.368987069096845	0.349632835624072
0.45939727540413	0.425575955534288
-0.336107779092045	0.303293051195089
-0.158678259550583	0.125321993537183
-0.0222891734969994	0.0152490379584364
-0.9777773657021	1.03386762960812
0.247410050502288	0.207448702268199
-0.241464295038955	0.187627456275095
-0.295883983529601	0.253852065971714
0.0885576996126895	0.0734472045247252
-0.461672450572793	0.3582958716297
0.263913090861944	0.216152476540125
0.269649044593461	0.211779996662083
-1.02971129679896	1.19352322947074
0.0385394162158821	0.0233642546077521
0.729459958172363	0.652987708821866
1.23118922865633	1.01848462844264
-0.812281848803602	0.887525706209686
-0.562646406852055	0.45932305896477
-1.36493267521482	1.37037373512789
-0.0639493678367801	0.0506151745441319
-0.5355373126189	0.549479578482942
0.158718661035905	0.12131548349847
-0.444822562408472	0.385065966422093
-0.0595455686478593	0.0464562185078623
-0.391148914991438	0.440752432145962
-0.338036702556292	0.332712658312385
0.668689115530298	0.767778303730908
-0.81127691447469	1.00604060705131
-0.310072088099107	0.273394178816234
-0.724365393666827	0.668692896546781
-0.538718773560417	0.508524025815517
-0.346238892517851	0.213328502868348
0.85807162070156	1.13424945926847
0.158825829177783	0.102457046490291
-0.56252677558734	0.579795845266712
-0.128880130140434	0.0748545095484134
-0.660661820285272	0.397139871258851
0.772142106048173	0.733645060252871
-0.508213430947382	0.264498242412487
-0.405775520941583	0.284791456400353
0.66665997033356	0.590263015176827
-1.0127836566184	0.904669439659551
-1.35859081375774	1.04202331435585
1.56110278764689	1.58712865790964
0.151471105811947	0.0876747968483282
0.305547591188318	0.195642807757894
-0.345202996940429	0.204331027559038
0.516658710363121	0.518145572494203
-0.809423210041317	0.627451108288864
0.906714477719594	0.779168018046145
0.451897765093415	0.28537085745789
0.556783948811276	0.445981230364697
-0.316756209841233	0.148590704071849
0.376479028103933	0.165812375088215
-1.04842602986207	0.44867035504741
-1.49894112992148	0.780185126113973
0.141633319254329	0.0745325552753139
0.906277982688628	0.753243764914815
-0.501209845111433	0.273630088670148
0.0229435275403404	0.0177326689804483
-0.285564607416911	0.181478506154565
-0.442493951625292	0.432388648090344
0.667971730692482	0.578801106437848
1.64421790612419	1.52724934438718
1.12912510901366	1.29962422403253
0.153864008491322	0.088274413481272
-0.0810706521418435	0.0901495051585645
-0.0837552483626625	0.0622763326513798
-0.553451703828028	0.450649738518802
-0.100592173831411	0.0766751245045041
-0.111111421131642	0.0460725453839423
-2.64543159075369	1.64129158587433
-0.407664458806453	0.401773872307069
1.5270790519652	1.28880322769986
-0.302071365140433	0.218123182492402
1.0091708334249	0.89725453076912
0.388067746512885	0.177580324119649
0.459940120767328	0.308460662755338
-0.720810917142952	0.648039495291035
-0.205278308599866	0.111960257462692
-0.0410781292394603	0.019380611561972
0.526633061893825	0.298673258602504
-0.309117068833974	0.13522258445116
-0.701975893358939	0.554572160844932
1.09500114848916	0.807628667624548
0.348313265797764	0.174200357729694
-0.164714956062045	0.0904250183945633
-0.506288954223506	0.275386227050871
-0.20383631262418	0.10596741936249
-0.343107497223102	0.205328393654852
0.159776656857771	0.0946699824521831
1.37924797733776	1.0223810125852
0.307176429646185	0.194393621168769
-0.61908370248901	0.311292101652633
0.651620019017489	0.218540697202247
-0.361632557745294	0.110435934225015
-0.495826503423959	0.251169696842199
-0.991077740138358	0.502407069289994
-0.0703961799036341	0.0310194238416293
-0.731211578448441	0.692000732537085
-1.83340698168856	2.12608832348017
-0.0870124017598614	0.065762354409304
-0.12228508938612	0.0886870226885392
-0.044817426387292	0.0214437043346172
-0.0421013718057276	0.0191746074589111
1.0963566487095	0.81629722175435
-0.563252362226721	0.357697635621044
0.276405419312618	0.314170612277564
-1.0900689978416	1.34047153238833
0.26255134247601	0.206602339275959
-0.247698698073787	0.123383965343062
-1.62146096463239	1.25462941575279
-0.449021996310135	0.435154152786897
-0.127585810012694	0.093238531289037
-0.229891888521232	0.202685784790671
0.480902648884794	0.431923321397927
-0.629291054237635	0.499206702433786
-0.085864071958261	0.0660918719798324
0.0307933468441821	0.0190755834667642
-0.562913935121424	0.458039760170198
0.724694862623741	0.709868999273987
-0.878764407498314	0.957352687231552
0.155160176761923	0.0845330927581788
-0.59472028054846	0.451276281736635
0.270420492472331	0.204648119786997
0.312072300700394	0.181963720302771
0.269717003024308	0.199710303599269
-0.219375075112996	0.146540120667292
-0.0370126833496792	0.0178401853666553
0.0245487074425444	0.0137128154365308
-0.243698846840282	0.158158715912735
-0.473017233897998	0.325026392279856
-0.96508208851438	0.591447556618059
-0.537195858607784	0.215909303617558
-0.101615017978567	0.062530815585345
1.12369238566876	1.33153758117381
-0.613854663453252	0.744127766051185
-0.0646151443586948	0.0425617857802629
0.268031699521449	0.201934703507769
-0.354260423986639	0.255094166000136
0.771446214989944	0.579012931878318
0.769428083419579	0.710425502561415
-0.249338417616788	0.305042024741758
0.362320720954805	0.303351776463009
0.549286546773217	0.683736379010906
-0.179428430907795	0.161535811763505
0.151258803565584	0.0780150557547681
0.329893740942616	0.184651807243291
1.84585970259348	2.30078507975561
-0.621797088871531	0.313923862316173
0.942014721908452	0.648100821675999
-0.0672687115263967	0.026616168824598
-0.506611362020106	0.269646616928123
0.00406494239211484	0.00223528688678536
0.378021972761649	0.17298701645766
0.699098010827714	0.459205652631402
1.60526052876897	1.12933430140121
-0.413375506529076	0.182220227675705
-1.68422338346299	0.951760463443954
-0.968611430347744	0.595511586262737
0.130518116199007	0.046916975983888
-0.542101348455633	0.200887418927227
0.809139074291978	0.351636683981257
-0.406816612158092	0.170201899595256
-0.132777402304031	0.0792198852371395
0.13321040140253	0.0527268216424054
0.0814466251094935	0.0557263371609915
-1.04737202936464	0.415917962530664
-0.802286976010706	0.447295037828361
-0.59585016873741	0.446659739272341
-0.118482648230307	0.128154070647514
-0.254745214084358	0.163241402847545
-0.672911304459092	0.394182771820082
-0.40997263385975	0.172417848214861
-0.349024784368213	0.207930503402328
-0.510736499834373	0.267296744797406
0.00460216787072604	0.00252983185366259
-1.1066379864425	0.73091509840622
0.135666922421298	0.0634845970039405
-0.919475327187179	0.772052831159134
-0.783560026625646	0.361765598683855
-0.407627313772802	0.227862315839855
-0.011651948614393	0.00604513081624292
-0.320738588413638	0.149570141217964
-0.752672537626078	0.257270874935251
-0.419697521319598	0.284896783144539
1.07663641694421	0.67457721245808
-1.10120934674752	0.751162686121947
-0.779436081678228	0.349411153020909
-2.08529985885914	0.993522182440765
-0.313316863678154	0.231295085031662
-0.315985443126883	0.147676039826842
0.38455145908728	0.174696419129034
-0.292056370951396	0.358849871931426
0.145604005884882	0.0376220306325241
0.129467697765146	0.0433935625559395
1.05031903749322	0.503376670378575
-2.09125689151582	0.988117202473143
-0.742159792951855	0.273560129045021
-1.6957862051291	0.91154403126112
-0.737306873905965	0.261799872953967
-0.325703658751924	0.154626417865869
-0.810727785661808	0.541356399516191
-0.357941234694998	0.106741196549995
0.152161071013775	0.0381379190946737
-0.616986075121011	0.300849923245511
-1.17682863741547	0.684981711565696
-0.783277041851211	0.353190566145721
-0.742159792951855	0.273560129045021
-0.621550261712583	0.311118911849645
0.139280673994195	0.0481401708448473
-0.743201468674383	0.27129411111425
-0.0383339741116671	0.0173167622073018
-0.81028096029065	0.892515758506279
-0.405459478115533	0.176631499893781
-0.740481094559774	0.26196799815237
1.02202619896858	0.395192872961951
-2.30249665021944	1.23408847121111
-1.30348955605209	1.56284683724246
-0.663807159993255	0.409827818491952
0.595340408954948	0.440804542767003
0.147506497504638	0.070526807308277
-0.0969236681232134	0.0614246833766502
0.357531823846539	0.174272744263457
-0.810289858429267	0.744380749005967
-0.407134474247431	0.176504493108501
-0.340554947531186	0.20891150472324
-0.239889782837454	0.157096542177271
-0.560796126589765	0.361280695800269
0.161480206419663	0.116069598788586
-0.366879991865017	0.297858392064759
0.340357085826002	0.307333459687259
-0.610610159083994	0.600066314903817
-0.406873889591156	0.274673443481383
-0.274390536964056	0.211611949411682
-0.691851397459828	0.713133474249952
-0.33713967829475	0.47668752420254
-0.112290170395549	0.0468012113249199
-0.206701626607627	0.11076402789715
-0.201700018170439	0.106535145823316
0.0107208272718021	0.00569838990461223
-0.916411416935964	0.764906760741489
-0.333757134808546	0.32004089211088
-0.802984259327168	0.718379210727431
-0.237935296873687	0.186307296753678
-0.0741825222186352	0.0467167398368293
0.0671555153215468	0.0490526349843632
0.266416688863189	0.210102431945698
-0.0202898972694034	0.0142733714782665
0.814213286455657	0.933248207032816
0.804879298943245	1.00785775690521
-0.531984718739581	0.474744176223555
-0.657097895194279	0.641701285160815
-0.378799251639529	0.36576812961242
0.246293554109054	0.219014221588828
-0.525254030432694	0.402222106384746
-0.104152521534522	0.0773519458565868
-0.367871626681468	0.306961371909159
-0.811158420130618	0.967480607387557
-0.371718022323878	0.366854917916498
-1.36620646125064	1.56083025410777
-0.371298047433648	0.355192389836544
-0.42601045963149	0.550883014635164
-0.282882657104795	0.289805757516849
-0.00418700865950695	0.00298773886654701
-0.120262392931539	0.0823074031491806
-0.0305530559784974	0.0202635608736998
-0.682515242424091	0.482572153163432
-0.562242087169077	0.361760025254172
-0.239823372040461	0.0805632339047551
0.714651781217618	0.601598665049974
2.39101873869454	2.06842508685425
-0.176539914377864	0.122892087284595
1.0734906102113	0.685860258004107
-0.0770906545870936	0.0340982231363655
0.160087918326861	0.0967430367694277
0.318157893563127	0.169921933003103
-0.0735682538252152	0.0325924065414276
0.536506091009189	0.315144830097531
1.23083011204637	1.02152216086375
0.636717952126366	0.54673255952073
0.301219060483847	0.194533453772702
-0.172466281219683	0.11962782533189
-0.435654878937019	0.453744829873967
0.899104598359935	0.92543769239728
-0.124782967644384	0.0765723256560346
0.0185081805640275	0.00901468876853135
-0.385977451570781	0.564819216267914
1.03377934084959	1.49770509250789
-0.643957758065011	0.600768582318795
-0.809867554125985	0.627816016437715
-0.686632931769593	0.499784152746608
-0.244893809403996	0.165743950091344
0.0290715281875676	0.0173373489085708
0.943239186819189	0.914350091149129
0.157351544850022	0.107000828421259
-0.349864878874951	0.243600753767323
-0.806081997357391	0.604716475470972
-0.163159028247848	0.0918055720968018
-0.127042635108076	0.0769274959950862
0.138158752125744	0.061161754349848
-0.284850845796638	0.177577337606116
-0.422301390085657	0.237203978454098
-0.201544468866514	0.112072315315867
0.650894670482736	0.447691041328177
-1.75151425538593	1.893916157642
0.542618928012979	0.483501976836257
-0.694975315961984	0.788227356401798
-0.747852341595127	0.817211065061683
-0.287097788614011	0.181473806896924
-0.197962667649939	0.10847569737116
0.0438092846716178	0.0264946928344963
-0.51369456835579	0.393366600748608
-0.0793950785560507	0.10584163366423
-0.316845273006651	0.295541587198455
-0.0182045968254685	0.0129267991988297
-0.149119588305797	0.107323333646263
-0.815440956692555	1.0525255820201
-0.864820594704309	1.22754169844602
-0.263591637679095	0.271496136209534
-0.08733097931165	0.0817301141819924
0.169011067000584	0.158184298193597
-0.341376778379627	0.360276077368399
0.0993252406097401	0.0818311038680458
0.563239856344104	0.507328262647463
-0.747812547017026	1.02723411123121
-0.0458211130606496	0.036686942024142
-0.168654460555388	0.135305563612574
0.0606055254356758	0.0546068974917992
-0.213718308327467	0.170323922797918
-0.649676132149277	0.739159954670874
-0.440034541737689	0.427362575648699
0.298025413048178	0.291778778428893
0.159227365544286	0.145447733991943
-0.695030974126301	0.764996494306341
-0.579594738358497	0.702011725016779
0.0684233862536347	0.0639068730543633
0.0483849023221978	0.0419130982634271
0.531676545890081	0.65623270183892
-0.356914357673905	0.434613873019641
0.109752537043784	0.129788792246954
0.579097571035236	0.888825986144268
-0.730187323346613	1.08713166216336
-0.666238616268903	1.16133022621651
-0.260279256879753	0.264300489028642
-0.395372636526251	0.486172488611599
-0.650917109550971	0.860914789749645
-0.150046174134796	0.158753877389575
-0.0241858775894467	0.022203123448484
-0.485370076937363	0.656537323206043
-0.230298514662238	0.277026996833268
-0.104212773453403	0.0990438665868361
-0.163257725089902	0.16239375711443
-0.373759662125043	0.388773929139403
0.235580380338429	0.21834450538598
-1.25640576767918	2.09001474901533
-0.37072762142569	0.472265746993461
0.34767679130358	0.391205596404473
0.293135354134145	0.298331895616295
-0.619411238987286	0.811818380010062
-0.0514024377315605	0.0406770063651181
-0.452598878487768	0.561070031358859
-0.841216757693519	1.04973787167858
-1.00424248215951	1.43628912305446
-0.0400099461578952	0.036188479085145
-0.47928263192054	0.596783269948917
-1.09031667551996	2.10000555977782
-0.282283391068128	0.363790680318458
-0.209266372211439	0.248562324101166
-0.0210221189045126	0.0194795767559743
0.0761335161652837	0.0770989634909864
-0.400523733658955	0.527567241139167
-0.130798002863208	0.181816833923015
-0.08937753919136	0.103792886336434
0.000497299196449832	0.000527130598480653
-0.179555459258252	0.201111132762165
-0.306839321273971	0.336934513274968
0.0467112548209467	0.0460830290505349
-0.0241301625439228	0.0199857516927589
-0.0408781509945065	0.0344140588574906
0.0230310808461688	0.0217507185741234
0.29163745722028	0.2989347125626
0.00000828509322127293	0.0000105196480752447
-0.129151627767586	0.120239705608936
-0.46525691126234	0.557195501142417
0.00541608946462146	0.0045507440619935
-0.247732557926778	0.266449954069049
-0.447238537371674	0.493721371325294
-0.0215205842446971	0.0197983311842922
0.126723500113696	0.123267514613284
-0.215573925241551	0.215202468393261
0.0320000822972218	0.0267112859797422
0.243885816524527	0.207739676369955
-0.373602942766772	0.381950682692504
-0.291187791738364	0.349952657318939
-0.523932716430521	0.786351563842264
0.165961766731873	0.179035862770964
-0.28592158040481	0.428569278515332
-0.298476682091619	0.366555567761363
-0.159284932625628	0.191823193365519
-0.321105666083512	0.415227231353234
-0.245442755174081	0.546745542730544
-0.364292295698944	0.883393727418654
-0.38705926357497	0.781950937001514
0.050171804673392	0.0712036426496189
-0.121715996843641	0.17158645867615
-0.297260557581218	0.520981315607374
-0.311888677731533	0.438058561990445
-0.0783839384301859	0.096209800501807
-0.742732475923017	1.28322051121912
-0.578524838789568	0.926379601596479
-0.208023462194395	0.228058521763574
-0.349782476704238	0.415446488590393
0.012542988985065	0.00956877086369042
-0.704223185130666	0.829604011688144
0.0176460248421718	0.0153461905577966
-0.0337822011108029	0.0271681229759001
-0.326331618128699	0.311446767389517
-0.431514646954264	0.477521999818003
-1.01933196443063	1.70311607029002
-0.411930484620442	0.446037912207265
0.211450957550449	0.218250353288439
0.243237439232913	0.197736533629345
0.289994074399393	0.301015201339672
0.0893825103697523	0.0745652631515646
-0.254163153692426	0.277199949108056
0.106161093112506	0.0959439097338201
-0.324823720687477	0.358886854419079
-0.577348198570174	0.850562331954145
-0.163222476348025	0.172616363541432
-0.0767288600013127	0.232065797799533
-0.191484897071446	0.679402643268541
-0.309058960453664	0.906598953718497
-0.295369397441416	0.608340819689802
-0.517086254374409	1.18344125063375
-0.0638770839881045	0.0974528173694295
-0.669913895722154	1.90292105643357
-0.837026328101053	2.29358270524207
-0.0388550438978948	0.0423768735670397
-0.642132894575069	1.45558203843952
-0.846426584934273	1.99938851769314
-0.973209210531373	2.21059722814548
-0.369724219370859	0.533242476589884
0.0631220287962124	0.0668157834176984
-0.385318501625878	0.505218631193629
-0.473304086571498	0.651365042823992
-0.42492034240884	0.680903980533079
-0.533956140106357	0.668181518985444
-0.49178657217395	0.773472618213208
-0.717917976681309	1.06952370097162
-0.289462197054746	0.294540845577956
-0.169702705104791	0.191212974824305
-0.104192306023506	0.0904718476767477
-0.471781633857631	0.479172764943162
-0.536949423581259	0.65211269148977
-0.210298401265565	0.186269683153276
-0.514525176036832	0.753181016863655
-0.759132524446639	0.996274902734413
-0.32687904573096	0.412700423411397
-0.0392199660668198	0.0309497142077516
-0.481136571213119	0.549860114964342
-0.251441130798491	0.247253004013496
-0.331799676211718	0.334922639718428
0.352557024155313	0.377083483403507
-0.125059074985663	0.11753246164658
-0.0972294340065479	0.111733682627206
-0.218796431176745	0.257379769270933
-0.790502994728549	1.31108970187589
-0.471736148803053	0.636533876625286
-0.104700168821274	0.0777075946944205
-0.182829970587815	0.143279357675179
-0.723445244448044	1.01571361845163
-0.134250159486447	0.455100681907936
-0.169151303228659	0.423386464807505
-0.233197293821995	0.553744436320236
-0.178791980753453	0.244031230122783
-0.402690167113769	0.662482122291605
-0.338398902030631	0.484789871380475
0.106944869129199	0.101685179430837
0.0752242561333786	0.0779548148661643
-0.343962457394514	0.454898657671856
0.209769088437736	0.225945127579667
-0.813155085710119	1.24179078510133
-0.285639396953318	0.314866254878012
-0.976840289920181	1.34332856575449
-0.287053291460814	0.268584817755983
-0.383900737513627	0.410590435490378
0.151450715619945	0.134191802314465
-1.14006509639431	1.60811234816252
-0.555739532990662	0.565920912418384
-0.554282272703827	0.62867119364685
-0.53899338504667	0.656082235304192
-0.434063745806208	0.43712173766865
-0.96700728229855	1.12038141665506
-0.382258712981297	0.377842188818772
-0.139537121871814	0.117595968619537
-0.555182110575105	0.57350354362912
0.0304111147921638	0.0184243632629964
0.897914300939199	0.748379205517503
-0.0125015288488272	0.00641193536423505
-0.577958579552629	0.623032712384912
-1.83811639097081	2.14213352277735
0.246861927522239	0.220146754000909
-0.170880366089536	0.118521574520623
0.167827467020501	0.141945535409571
-0.812505492591828	0.920593437858424
-0.893903057222499	0.964697317460547
-0.696423202677213	0.774005575477438
-0.276641266718103	0.216705508857832
-0.394705617676864	0.706293034440771
-0.292911175567602	0.32011853475238
0.371722293447146	0.400101784921745
-0.150258959344856	0.109157770696844
-1.65904929433139	1.62385353464295
-0.18922339895832	0.735728247169824
-0.115363118007874	0.264387071875583
-0.428881283767394	1.30982628077907
-0.236757271554393	0.361112092651158
-0.375632444581858	0.724709745839345
-0.335957684927611	0.553414219615279
-0.227727795546248	0.336032681105194
-0.675869123414781	1.13743403514611
-0.382064697886393	0.598643581333981
-0.288052000505729	0.394101499958106
-0.0209204905947508	0.0189127624647677
-0.27801786092539	0.352657437583245
-0.043529412141222	0.0431159900741792
-0.242968372205849	0.227011009640659
-0.592982683099571	0.803280429816396
-0.611761175728227	0.672481797632507
-0.213934297497614	0.186944183041629
-0.892528582445059	0.962790602698751
-0.302342613315507	0.351596778967388
-0.457375085222665	0.571554208539939
0.299516709871319	0.280392224516323
-0.418032070846577	0.434380155544159
0.664603571550212	0.648042521895987
0.0235790385638152	0.0191870409459182
-0.431339745845341	0.462175766096344
0.288003353195779	0.303677165737218
1.13893972566365	1.60226543526857
-0.513039986317798	0.517669610351518
-0.578163785022693	0.537708389531821
-0.537646958067597	0.509808695046694
-0.27185617234163	0.20890477160321
-1.45559857993441	1.53647109077599
-0.255948252238617	0.237873525556286
-0.997019639730039	1.01120352686293
-0.47033138335087	0.316068692876588
-0.0676527808775361	0.0424229438472178
-0.0775659839450782	0.0504716269840498
-1.85463754749605	1.22507038557656
-0.263026804113459	0.226433882749254
-0.117752789333839	0.0984000066876959
0.0829207866655081	0.0660295234646356
-0.220549830615178	0.195810663123836
0.382771533099965	0.474254831197785
0.344905844108848	0.313040237581701
0.0590991517185775	0.0404801859540168
0.17984178750026	0.227887591199788
-0.288273411009678	0.269532828053031
-0.175369531907412	0.158399236187376
-0.255128610617461	0.217486466203034
0.0555869224864391	0.0356945676606634
-0.350492992844508	0.210146657560771
-1.12493096637147	1.07113736491746
-0.516466832806901	1.04450187899185
-0.259015355936814	0.413103001597821
-0.258030093280564	0.406369091074653
-0.153204883913822	0.22654470651517
-0.152493548769328	0.195003738126057
-0.0992947667993043	0.116770561179208
0.250050313649077	0.297273427841613
0.0971024844843061	0.10309787931316
0.0154132092095901	0.0155600633349865
-0.164217079187895	0.198283532478471
-0.878963835895369	1.52226511509589
0.423523369160187	0.510716055481757
-0.726485757008311	1.2416129502126
0.49490392357761	0.644699301816326
-0.934918926037776	1.62697243882262
-0.77541645523901	1.2074812983942
0.750165363061827	1.11495211389535
-0.292471005259814	0.312338075664941
-0.702738470047557	1.06076593877216
-0.498122403391672	0.537831879006522
0.162270552137115	0.158088903345456
-0.437140756984944	0.471010304498286
1.21700847567398	1.55652844322032
-0.324998096641127	0.347075198933633
-0.670948424059877	0.875479583746843
-0.815330035349844	1.17254004805552
-0.771130211171334	1.05543949931226
-1.304270271985	2.21551753818876
-0.31497250943605	0.293306793727931
0.228244914531846	0.231010732742113
-0.229091785597602	0.201527685523551
-0.273807123651395	0.274276155630344
-0.0358967487493035	0.0288614654466897
0.0884965891235075	0.0905795780216009
-0.474095393193188	0.475009176035227
-0.179738945161996	0.156066865005751
-0.0586640086866156	0.0518642020631874
-0.415480933034834	0.588081002926545
0.510991258308586	0.65726502756272
-0.220609051130521	0.207952397302867
-0.34199520178274	0.314507717313935
-0.402801070044171	0.362959809964098
-0.1754837421784	0.455386070708766
-0.319675499494632	1.02292792191046
-0.203858258448025	0.435443341215626
-0.388502880331005	1.11758744304185
-0.564526230439705	1.63619858506791
-0.388315062218079	0.924989930958715
-0.238445085225326	0.490282353704855
-0.382906207178882	0.844778302933174
-0.685185981217561	1.8207303445404
-0.382055996933817	0.818728028050199
0.522209452494337	0.970179562969211
-0.454574435159735	1.00718034706305
-0.276489357369524	0.435458916184878
-0.577594045023882	1.16004134746264
-0.306644521040475	0.52669038970038
-0.54472400295611	0.864661029624839
-0.966295946035134	2.63310936812187
-0.342682782324072	0.512196128505772
-1.16323189124416	2.58995819734079
-0.148390883229808	0.187170551684501
-0.697897449380082	1.01038623662711
-0.760126870813997	1.56694102446249
-0.904607236297178	1.80012762830768
-0.789763083883496	1.44522042822912
-0.390956055272901	0.50926013432965
-0.268455235681307	0.303914206217492
-0.387219682252248	0.486001417067132
-0.0609450875803407	0.062992963625881
-0.417511739498264	0.59474798440469
-0.500477192909738	0.742334829164032
-0.00272446204452998	0.00257384033777065
-0.775585964333258	1.52848799619697
-0.18510612931518	0.166948922774525
0.454989471105014	0.621668233809998
-0.111398322115075	0.101717475587193
-0.247702584105221	0.273019463805471
-0.223010487708454	0.231092597479869
-0.088703078646966	0.0871094415323539
-0.144224514576377	0.146063850508107
0.426599779600661	0.548007642882302
-0.189963515622286	0.211140441495867
-0.220428635368317	0.243731702675125
-0.323022511520872	0.268324681884408
-0.298079474168517	0.34103171273409
-0.252466007363931	0.277909948428284
-0.381316806875388	0.419932195832852
-0.287556572643236	1.04088380509958
-0.231496215037681	0.69457196029077
-0.242732875012721	0.6480082838911
-0.158120249062933	0.345360352583766
-0.343849469147181	0.893430655668502
-0.181800768941987	0.367812768764049
-0.44104652132383	1.23640663825616
-0.43206525200123	1.06721989493596
-0.380391196684836	0.721553511912819
-0.806265241603776	2.42777036317504
-0.0854560737532004	0.119540748696517
-0.869660695965405	2.52339299473741
-0.129164374088797	0.191576388343524
-0.819382411291401	2.12887972036738
-0.706944102141566	1.78337945922662
-0.626494889337604	1.29674023572975
-0.486152632092562	0.845016416877487
-0.482928102218803	0.868930646168876
-0.677753458962707	1.38653759857602
-0.55127390193132	0.990496930755744
-0.89497233338109	1.99371104940571
-0.106255788006113	0.130219807199782
-0.466469128825674	0.764493337032129
-0.403498111585173	0.731553628811685
-0.446511906060413	0.676544164743288
-0.149668667138777	0.16203287866035
-0.849380851229505	1.62531429961083
-0.311508082255196	0.391131236037728
-0.24829201154459	0.302840586403578
-0.13568705713358	0.148859019627575
-0.629475397291252	0.89307519342702
-0.0242248969204486	0.0263359937779023
0.0995623012778984	0.0913493692425433
-0.0876481264276763	0.0843073934739359
0.210309135099191	0.22231790411596
-0.106099775029227	0.0913172136208298
-0.451204520565935	0.558456675659443
-0.337006884755919	0.403810854048421
-0.104825182177388	0.0895693640877334
-0.465553204350309	0.506068755326481
-0.710665914688396	0.905232045111494
-0.262516812675355	0.243706503211214
-0.376739537314401	0.396920278926905
-0.3756700680028	0.393960201206814
-0.163287930358572	0.56453133364068
0.0915849655144255	0.221267478481542
-0.220303689232346	0.651633748808097
0.0130205530196377	0.0236733807316669
-0.256077817396907	0.729673199875108
-0.195011235380877	0.492248011903883
-0.351871528184274	0.963858478275367
0.00144476568086581	0.00200091761867012
-0.431920501877033	1.14314065475631
-0.279660461097248	0.569990714416561
-0.787081541482531	2.50532107162779
-0.300302841988769	0.549960645404452
-0.482426733581692	1.10679465780732
-0.540320411445832	1.34297948028174
-0.50660316586108	1.02242071487184
-0.329252134332206	0.557369157052535
-0.147061516452572	0.223623958723462
0.150002504821439	0.22860123627321
-0.0442483802160569	0.0574732829918966
0.0498457246225734	0.0611840485376578
-0.150150386821493	0.210477972460794
-0.56868135230932	1.1671972333567
-0.233899410646287	0.392735872368376
-0.332971740053545	0.579043538944419
-0.519796552744862	0.875277829426311
-0.15390912380008	0.18697737967124
-0.386792418381226	0.703059393515935
-0.621239752059864	1.1138108884579
-0.51059985484448	0.818745737575851
0.153616797026008	0.20849617764636
-0.136427112639129	0.145936595875411
-0.0977957262698097	0.121235171507701
-0.347520705350517	0.418158223478771
0.123461058878431	0.133431401328854
0.439894957868175	0.549712507235629
-0.0315181618662921	0.025619233346093
-0.975690018466691	1.35512799762197
-0.00443474994813119	0.00405861018950021
-0.74679989721387	1.38796398869143
0.282018717397228	0.32759393364588
0.862045958823217	1.47477922069574
-0.462558471827706	0.510280704138274
-0.825638584793763	1.17448625166963
-0.257046611942337	0.830629967703537
0.0659844203071968	0.14297524075931
-0.283393697321861	0.789050625152106
-0.301030744727604	0.83557643283217
-0.2964748775464	0.801082690977882
-0.461798285235431	1.23715819377713
-0.519768028435959	1.28206220884157
0.0314714359497711	0.0452782340795752
-0.529342187604038	1.12494668039598
-0.193600141742579	0.304451635470315
-0.374093436510427	0.776827138193488
-0.441339588726576	0.938500343754755
-0.904876575736549	2.29816325737932
-0.127924033450341	0.171349184466258
-0.521336391402438	1.0762750020505
0.121781174098231	0.155436349646676
-0.177428439452612	0.226768998086554
-0.743495827153652	1.73452149693487
-0.4005156206062	0.698887348635887
-0.697157926674561	1.62526474169075
0.114033017644123	0.12878535354425
-0.0827795668005634	0.0988782680005499
-0.265197031922069	0.360722177554037
-0.283797190764217	0.325186162447002
-0.932762347586068	1.77978184552354
-0.319493746652271	0.484173655976295
-0.768005302486084	1.16059907100085
-0.71581014580394	1.36475952590414
-0.758527583931833	0.963242338955929
0.180954310626178	0.190357625734988
0.160033139329018	0.10674670312069
0.776093773606848	0.919617931680202
0.217496565864196	0.221158091251327
0.108419188343753	0.105781911965637
-1.83271121137722	2.42105092941263
0.0201867432856376	0.0163212750058093
-0.0522846924094362	0.0456270172141299
-0.425725902874162	0.464339108634198
0.464477382444086	0.507304658952382
-0.444004006889994	0.428801014698189
-0.604278166369827	0.59687819366829
-0.122459265724406	0.33431661775988
-0.135091969693404	0.34343148964891
0.132566705037465	0.331347923800454
-0.0741840927173276	0.164448401949275
-0.312336085349062	0.837999257481259
-0.011743297859439	0.0174692211123804
-0.207091737980472	0.453814639547185
-0.13564157444728	0.229469005448235
-0.293335648084297	0.633690050902766
0.0386700008521482	0.0563257139708858
-0.130612780538376	0.22365064501123
0.165091410191472	0.284538332238879
-0.302075215326085	0.5320213803458
-0.46243054555638	1.06848954904344
-0.169152404758448	0.269098614495036
-0.0104747179530494	0.0128040780555124
-0.366669052776407	0.682895716330206
-0.461243615264705	0.735463378598316
-0.242606289116522	0.369506247671341
0.437119461131209	0.846614274480687
-0.293217811672167	0.415142574720077
-0.376406378009724	0.541088318988735
-0.34488587610689	0.513070886838701
-0.81567882034393	1.11522845379022
-0.131727199825395	0.120196127308457
0.466643031912015	0.642912564056106
-0.0876466870055543	0.0830285004151765
0.488621851092166	0.48290947721361
0.456490053440576	0.48769098312588
-0.257326004019958	0.297128282901079
0.743942828142737	0.931746638469706
0.29787624387785	0.30272779424488
-0.119305587215792	0.0860336037191946
-0.567720164698063	0.639210425618237
-0.174462370147629	0.511354080434441
-0.0746012628710108	0.17223309845927
-0.0946074082934766	0.226013581802244
0.20579310811635	0.482088216441116
-0.280794934158991	0.578612455311745
-0.274037973982413	0.624324463191572
-0.282115484368342	0.615314836266432
-0.221013701999491	0.460398326285977
-0.189590368180071	0.363490095074068
-0.377108170136062	0.820131728778274
-0.578159094627765	1.59526120378819
-0.0228216525754055	0.030427610820644
-0.550591839053429	1.24684954822778
-0.533181920394812	1.15223289607585
-0.543229189295348	1.29395718820904
-0.452478268499907	0.723730530239939
-0.267974365336576	0.377057802226973
-0.228738275091332	0.324435478320831
-0.538574547639166	0.99647371294327
-0.0495877302538221	0.0589738263782939
-0.490919807094872	0.746892101295731
0.0533266570082705	0.0449211038099791
0.0317801532311159	0.026333999725108
0.141771422052215	0.167559689732326
-0.348487793550306	0.320199963327098
-0.166714790382972	0.176623721685713
-0.0650080133056912	0.0557754931441216
-0.0836361115020652	0.073625166023305
0.665940745295396	0.956420161886982
-0.195494097079237	0.178915913649334
-0.0589779369042185	0.0441825806553776
-0.0933247265441978	0.277539421871588
-0.0448987311271363	0.115380653838064
-0.210723450154183	0.616563943122406
0.190023265271367	0.43663461833575
-0.362255050196153	1.06250051900163
-0.184435470430414	0.406113736449137
-0.418003986982297	1.13849237296213
-0.448783242357215	1.21683200039528
0.147787330324109	0.290229671683825
-0.495682651183686	1.18026295816011
-0.33284247036417	0.719010987869038
-0.531968797277128	1.29531169454509
-0.227200294283795	0.397970891074038
-0.389622212874037	0.770301279753007
-0.227564031509636	0.336271290033156
-0.567754766557344	0.976360781735754
-0.002530883544165	0.00171269147312697
-0.172614486525277	0.141518877308195
-0.106300119304668	0.0896743073799101
-0.311406210689299	0.348820341163496
0.0952547216109903	0.0840616598764287
-0.23993029651943	0.250020103643088
0.536538572039433	0.641657742950626
0.0835445446667444	0.0670683845866273
-0.785881764838767	1.31384148811613
-0.239303223065063	0.187630270026815
-0.168115933001125	0.0632126351774387
-0.159080520873751	0.605239654016311
-0.0217029609319424	0.0520181217286098
-0.218458124077907	0.481287315487436
-0.331551408625685	0.837484395703755
-0.0605170527177253	0.0946517824123619
-0.0713478123367676	0.110465484200947
-0.21049130620284	0.389284740396888
-0.120755197399849	0.169613996120774
-0.262340413091839	0.502951038282166
-0.423081189933504	0.799773122225807
-1.02819948883863	2.65977621743904
-0.402430029336639	0.768145218841802
-0.574692131256343	1.14702962148957
-0.491025774654061	0.847250411512047
0.396635648339739	0.403888256679113
0.0803440737173805	0.0834915474561499
-0.384129732258082	0.419097338406262
-0.809255651153057	0.908604733087774
-0.309732435750272	0.315497974185329
-0.829724379229938	1.05280192820555
-0.368556049914477	0.352883696320928
0.104717479390203	0.0873063686866272
-0.774811566757814	1.00378787677009
-0.640894122358305	0.736390884960525
0.531769519600777	0.503402727306138
-0.405102704249348	0.320494259605865
-0.661740540433171	0.382265003049085
-0.101167426555207	0.357206208970193
-0.0776111828386017	0.217376695636218
-0.210330758922969	0.462281951983741
-0.0460800820178638	0.0739377780290503
-0.428109222030656	1.0828028602393
-0.342305327168507	0.692440986822927
-0.577036782169461	1.24795483882642
0.718489625837666	1.06977804498334
0.105071452363858	0.103455840986257
-0.570906721595117	0.606963692985581
0.228067563771976	0.231334083739952
0.0517207765494292	0.0442692531463322
0.406574763839272	0.473796535213195
-0.411642452797729	0.375100557880733
1.08137024928801	1.49208944063076
-0.591871822657145	0.675339142343731
-1.19556567713138	1.47266741949155
-0.942066634468446	0.677229534780107
-0.111946542412961	0.0457055581230623
-0.0646181766450233	0.209098753131783
-0.0951416457579592	0.203991082031344
-0.158651515687956	0.374127364513199
-0.214954798405755	0.451329124279473
-0.00633834981710214	0.0107689829742933
0.0159515524429407	0.0248155715838518
-0.0579068886655155	0.096267356634628
-0.365531188991983	0.936800516139864
-0.563098280212994	1.06154630999917
-0.338846621489867	0.476784433044905
-0.472094858485835	0.728175656501442
0.625242429889025	0.807838683799862
-0.314133173403241	0.356031059072494
0.0675924676797867	0.0496698799385711
-0.0495204180121702	0.0392816535231493
-0.0213042313640037	0.0147190843979263
-0.333462672420998	0.326924858090411
-0.146036583895168	0.447602826894615
-0.244356776020821	0.686990606475305
0.00127945592287402	0.002233856309896
-0.103920383519052	0.143956993754291
-0.232244015370704	0.402386070061583
-0.264266714326532	0.400370121499216
-0.138052097571541	0.180015723415464
-0.282150164023387	0.341167857892395
-0.30403942199463	0.353129744448645
-0.603150437385815	0.805015433668981
-0.0180567058398959	0.0149049132571391
0.106479391310624	0.085993195654045
-0.860057703838244	1.42084265740264
-0.613570538160558	0.632132732867708
-0.815408090501306	0.975336529653275
-0.110430567723932	0.271627908984378
-0.13089895166041	0.322250987502959
-0.506089336010603	1.00585420507307
-0.382114873214432	0.755860673067866
-0.221992526732062	0.32624048817135
-0.360320222900941	0.529708435386205
-0.192161051063818	0.187947283522488
-0.230500532432959	0.810080340693671
-0.0142768358223657	0.028778642314707
-0.254234215882678	0.737020357759708
-0.314315893852701	0.921134707854488
-0.713856285838847	1.38679061067518
-0.316774470226223	0.325246942508541
-0.689666510452052	0.776292406386791
0.101068842490846	0.0860071792795818
-0.32693559465665	0.342161051372041
-0.105126626666095	0.261987057597421
0.240439539083881	0.711633811555179
-0.140773486276499	0.315896680376339
-0.190449690057514	0.429179322583393
-0.274096103049231	0.607988681725655
-0.488738087147749	0.893243747973618
-0.611710495189887	1.08397155950127
-0.0908879306912425	0.0789094833890609
-0.194232473570632	0.172313011055087
0.423469716423656	0.40952472444731
-0.224581501815178	0.19793785050278
-0.164315089237693	0.519116041972
-0.168749922833233	0.485934866997894
-0.439329633958124	0.590071807888708
0.325606934317158	0.366203783191691
-0.536285720326093	0.671702891694441
-0.194088447869591	0.595204631861765
-0.175106957079916	0.469521399905122
-0.299395741284619	0.251521766856314
-0.327258506057652	0.315318200921674
