x	y	clickSelects
0.06157686623982	1.63095722811501	783
0.02869799093641	1.16784427281532	134
-0.00307444338271989	0.814556392712404	134
-0.00408156091039991	0.788167237220455	142
0.0703744583479	1.85712426079048	289
-0.00359442909742991	0.792548883206837	410
-0.00387806357019005	0.813421648198263	188
0.0204699199252101	0.982906750478333	188
0.00900689451464998	1.05253454329707	154
0.0499559722451199	1.5178203380251	154
-0.00387806357019005	0.813421648198263	154
-0.0325839463761199	0.568939892639774	2986
-0.00772794244596997	0.828052257466456	35
-0.0303758862457899	0.568755687984731	35
-0.03077755268084	0.542923119444998	4598
-0.0303758862457899	0.568755687984731	1489
-0.0125870649166799	0.771343371113847	1489
-0.0304485609024301	0.571635312320433	1160
-0.00227114232336989	0.809739230591547	783
0.00821563555641003	2.29618640552389	286
0.0307269816807201	1.24976317169436	83
-0.03562965376205	0.57273266881158	2418
0.04336509401541	1.54686341907897	191
0.02454136237625	1.28856700968257	14
0.0048520666207601	0.963520692412482	289
-0.0304485609024301	0.571635312320433	289
-0.0314441613901699	0.563341198905054	188
-0.0304485609024301	0.571635312320433	188
0.01124525687098	1.04904954743318	328
-0.11390324443478	1.23032549733889	2040
-0.0304485609024301	0.571635312320433	154
-0.00359442909742991	0.792548883206837	1256
-0.0345587057766299	0.558314589078715	35
-0.00459756972525005	0.794432996332145	2534
-0.03562965376205	0.57273266881158	1109
-0.03562965376205	0.57273266881158	1489
-0.0336528037050301	0.551127532438659	3878
-0.0282416627159101	0.549555586451851	33
-0.03562965376205	0.57273266881158	837
0.0153697570467599	1.04048351906739	837
0.02364438210682	0.954665663209741	837
0.000852678794879935	0.777634427020144	83
0.0178790300168501	1.0314188532149	83
-0.00873066636727993	0.800679377187348	134
0.0109192649010299	1.07005854050363	142
-0.03251321356938	0.545959643614202	289
-0.0282416627159101	0.549555586451851	188
-0.03151586580405	0.574497786496295	154
-0.00367363733279991	0.771888888375357	154
-0.0367013826593099	0.571696966677706	1256
-0.00408156091039991	0.788167237220455	853
-0.0325839463761199	0.568939892639774	474
-0.0293083870492801	0.565957082481742	64
-0.0012661437964101	0.774732428798377	2223
-0.0303758862457899	0.568755687984731	2410
-0.03151586580405	0.574497786496295	568
0.01601129154301	0.860182970743587	3481
-0.00280156163681	0.790316349450718	241
0.01025934724511	1.04052586101022	241
-0.00154543228416992	0.7747553771261	2418
0.0510512519567401	1.501569558936	83
-0.0334209768129401	0.552979410527908	83
-0.0109980213390799	0.744489037872677	142
-0.0304485609024301	0.571635312320433	142
0.04248613608077	1.56775472062165	289
-0.0345587057766299	0.558314589078715	289
-0.00539252749047003	0.790280729736284	289
-0.02938203058712	0.554835342168621	3307
-0.0314441613901699	0.563341198905054	154
-0.03777389356595	0.556445841614653	154
-0.0288025806515999	0.552844657042527	2986
-0.0293083870492801	0.565957082481742	35
0.01725048872499	1.03858107432365	2472
0.1233383134948	1.31813729479102	465
0.0153697570467599	1.04048351906739	2248
-0.03970666869372	0.543652412550187	2418
-0.0282416627159101	0.549555586451851	837
-0.0293083870492801	0.565957082481742	83
-0.0303758862457899	0.568755687984731	289
-0.0314441613901699	0.563341198905054	289
-0.00234543172865997	0.762389418338435	289
0.0564768154702899	1.41473952699336	289
-0.11075306298444	2.49641384334908	410
-0.0304485609024301	0.571635312320433	700
-0.0304485609024301	0.571635312320433	1256
-0.0345587057766299	0.558314589078715	853
-0.0293083870492801	0.565957082481742	5999
-0.12256271563613	1.17976870213831	5999
-0.03562965376205	0.57273266881158	3643
0.0376050067168601	1.32232026471552	465
-0.0735484742586801	1.49715825470252	465
-0.07281777711066	1.4192350711878	241
0.0482722301462799	1.79254937926155	2248
-0.0691352040751401	1.50523337989427	83
-0.12029363403012	1.84882036048406	83
0.0045548092721599	1.01942379022277	83
-0.0109980213390799	0.744489037872677	289
-0.01135595599668	0.762087026430909	410
-0.12075156485829	1.2415316432163	410
-0.0012661437964101	0.774732428798377	6
-0.12146096463239	1.25462941575279	188
-0.0415266904831799	1.73951405781095	154
0.0169276143616199	1.0372521527653	87
-0.00488630237296994	0.787149946740264	35
-0.11833177326874	1.27856167004917	607
-0.0344921214570599	0.567056159779366	1235
-0.0367013826593099	0.571696966677706	3705
-0.03562965376205	0.57273266881158	1109
-0.0355640472947301	0.56605263232295	323
-0.03562965376205	0.57273266881158	2881
0.03137684454495	1.28115411611174	465
-0.00539252749047003	0.790280729736284	1266
0.02612474289218	1.29274915966998	1266
-0.0123685868568799	0.795124800463189	154
-0.0345587057766299	0.558314589078715	35
-0.00672623415213991	0.79134967028298	1235
-0.0334209768129401	0.552979410527908	3705
-0.03562965376205	0.57273266881158	1540
-0.0304485609024301	0.571635312320433	236
0.05210523156518	1.67473181939428	2113
-0.06939526990496	1.46804667224916	837
-0.0107808871211601	0.788807393064317	5282
-0.0133820703279901	0.770538028725537	1266
0.01250121866638	1.07170477077639	188
-0.0367013826593099	0.571696966677706	242
-0.00713083767992995	0.788834197195954	154
-0.12005639187127	1.22529802576508	1256
-0.0305730830772999	1.53232356184921	87
-0.0304485609024301	0.571635312320433	87
-0.02938203058712	0.554835342168621	1771
-0.0314441613901699	0.563341198905054	483
-0.0293083870492801	0.565957082481742	1743
-0.00953105276018995	0.79645385897965	4335
-0.0345587057766299	0.558314589078715	2090
-0.00307444338271989	0.814556392712404	236
-0.0314441613901699	0.563341198905054	33
-0.00287082152618989	0.778096395897982	154
-0.00307444338271989	0.814556392712404	154
-0.0012661437964101	0.774732428798377	87
0.02087292879386	1.25073240117628	1637
-0.0716985424491301	1.50390651647202	1771
-0.0314441613901699	0.563341198905054	1771
-0.0304485609024301	0.571635312320433	33
-0.0282416627159101	0.549555586451851	2472
0.0520467008177099	1.73965199071089	2113
-0.0388070343241	1.77703629484908	83
-0.01615630342125	0.753196923060088	83
-0.11016550758567	1.2244709254744	142
0.0479341759930601	1.50622167887026	142
-0.00592842677396011	0.789136937394569	188
-0.0304485609024301	0.571635312320433	1771
-0.00613037548914996	0.815197966688513	853
-0.03151586580405	0.574497786496295	64
-0.0282416627159101	0.549555586451851	32
-0.0345587057766299	0.558314589078715	323
-0.00488630237296994	0.787149946740264	810
-0.0282416627159101	0.549555586451851	236
0.0434705398713799	1.57613411742145	2713
0.03656543970402	1.21032347442067	83
0.0461264958688301	1.51485719427324	242
0.0407276264591601	1.27943593613357	66
-0.00692900236779992	0.825613110856424	35
-0.04122908072669	0.500126576870087	64
-0.0282416627159101	0.549555586451851	628
-0.0314441613901699	0.563341198905054	323
-0.03151586580405	0.574497786496295	236
-0.0293083870492801	0.565957082481742	236
-0.00873066636727993	0.800679377187348	236
-0.0325839463761199	0.568939892639774	578
-0.0303758862457899	0.568755687984731	578
-0.03151586580405	0.574497786496295	539
-0.0304485609024301	0.571635312320433	539
-0.0325839463761199	0.568939892639774	3178
-0.03151586580405	0.574497786496295	830
-0.0355640472947301	0.56605263232295	14
-0.0293083870492801	0.565957082481742	289
-0.0659036558208801	1.45354095579735	6586
-0.0043876173920101	0.788419104436732	87
-0.0649041710209699	1.46096226498813	1771
-0.00359442909742991	0.792548883206837	64
-0.0288025806515999	0.552844657042527	64
-0.02559822113342	0.539640927704177	2363
-0.03151586580405	0.574497786496295	310
-0.03151586580405	0.574497786496295	33
-0.11269277350783	1.21457508435624	14
-0.0169474115491	1.8749329462524	289
-0.04054517321771	1.72993383533192	87
0.0131288819447	1.07301487731981	87
-0.11737942317356	1.27075276155977	483
-0.03562965376205	0.57273266881158	64
0.000260627095709953	0.779202075035729	310
-0.0129725363664801	0.726708363854674	310
-0.03151586580405	0.574497786496295	551
-0.0304485609024301	0.571635312320433	323
-0.0293083870492801	0.565957082481742	236
-0.0303758862457899	0.568755687984731	236
-0.0408415240703699	0.548722359325435	236
-0.03151586580405	0.574497786496295	33
-0.0314441613901699	0.563341198905054	830
0.0198221072654901	1.03748039864953	140
0.01250121866638	1.07170477077639	289
-0.0293083870492801	0.565957082481742	6
-0.03151586580405	0.574497786496295	110
-0.03151586580405	0.574497786496295	87
-0.0336528037050301	0.551127532438659	64
0.00185680017540002	0.775806930948334	289
-0.00488630237296994	0.787149946740264	3188
-0.12146096463239	1.25462941575279	4049
0.0201237817851101	1.0014082246205	2250
-0.0303758862457899	0.568755687984731	64
-0.0293083870492801	0.565957082481742	1268
-0.0304485609024301	0.571635312320433	310
-0.0325839463761199	0.568939892639774	696
-0.03077755268084	0.542923119444998	551
-0.03151586580405	0.574497786496295	236
-0.0304485609024301	0.571635312320433	5100
0.0515817581461999	1.94814371260935	83
0.0493630643780501	1.58540755030896	83
-0.0624842434631501	2.24485872942261	83
-0.00300857946690991	0.78273781482693	242
-0.00359442909742991	0.792548883206837	110
0.0384944347347	1.26165928452159	110
0.03347184533749	1.31596363630186	2004
-0.03151586580405	0.574497786496295	2004
-0.02763513063861	1.93347863471922	811
-0.06435642880148	1.45331657410095	811
-0.00569136454788999	0.780761726457047	483
-0.00772794244596997	0.828052257466456	310
-0.00832278545478005	0.776263863446119	236
-0.03777389356595	0.556445841614653	1699
0.04506508899219	1.72657413682349	83
0.00963322592308002	1.05023164253597	110
-0.00852719596529994	0.82341716190178	110
-0.03562965376205	0.57273266881158	2004
0.03965930001254	1.53223268499046	2004
0.0323538253979701	1.32618496956522	483
-0.00307444338271989	0.814556392712404	4712
-0.0303758862457899	0.568755687984731	32
-0.0325839463761199	0.568939892639774	405
0.01280371353157	1.07398641746359	2113
0.01217577602845	1.07935868996226	83
-0.12120811696678	1.24063807869159	83
0.05197458879978	1.45144964106985	1266
0.0153697570467599	1.04048351906739	289
-0.00772794244596997	0.828052257466456	188
0.03025877688861	1.29950599379041	5381
-0.00752435363234993	0.787249559464249	110
0.0322573302543001	1.31656384984255	87
0.12330262878044	1.53507227806316	87
-0.11041953205224	1.18604201691978	87
-0.03077755268084	0.542923119444998	483
-0.00468200313562006	0.806443643796301	310
-0.0334209768129401	0.552979410527908	6487
-0.0303758862457899	0.568755687984731	405
-0.02938203058712	0.554835342168621	1476
-0.03151586580405	0.574497786496295	830
-0.1186352237471	1.21199787397155	2963
-0.11485359792109	1.27190564220008	1266
0.01883107816339	0.986461105211838	6
0.01154762653011	1.07802523492677	2250
-0.1188547469927	1.25247286390757	5381
-0.0325839463761199	0.568939892639774	110
0.0489677856169899	1.52416119836059	4091
-0.0303758862457899	0.568755687984731	483
0.00488471734523999	1.01290661909812	83
-0.00146816014262008	0.797879294056104	83
-0.03706397027604	0.534056234168037	289
-0.0179564158110499	0.727328071222787	1057
-0.00300857946690991	0.78273781482693	110
0.03449180479945	1.29488161486725	87
0.03813238522749	1.24627115699137	1679
-0.00518112677677007	0.777351056485592	3312
-0.0314441613901699	0.563341198905054	696
-0.08311168891546	1.39894310002179	696
-0.0345587057766299	0.558314589078715	810
-0.02559822113342	0.539640927704177	236
-0.03151586580405	0.574497786496295	405
-0.04122908072669	0.500126576870087	301
-0.0345587057766299	0.558314589078715	830
0.00869493484105011	1.01220151474224	241
-0.03562965376205	0.57273266881158	187
0.04939429877365	1.63557336118482	83
0.00244984923457992	0.743300586229165	83
0.00996186323984993	1.00585194720716	140
-0.00713083767992995	0.788834197195954	1389
-0.01196564217309	0.725166509125327	1266
-0.0681940837299899	1.37311208737983	289
-0.00738116794289989	0.763845120504449	87
-0.0367013826593099	0.571696966677706	87
0.00898016219127995	0.990763382954475	4091
-0.11606708666504	1.22841277653848	483
-0.03970666869372	0.543652412550187	696
-0.0293083870492801	0.565957082481742	696
-0.0304485609024301	0.571635312320433	696
-0.0304485609024301	0.571635312320433	1219
-0.0344921214570599	0.567056159779366	236
-0.0293083870492801	0.565957082481742	405
-0.00327713990859002	0.783717765889225	33
-0.00227114232336989	0.809739230591547	241
-0.00247303911621999	0.772786881082854	14
0.01886899769258	1.00956025535441	14
-0.0344921214570599	0.567056159779366	282
-0.11122063054509	1.87755202496761	87
-0.0303758862457899	0.568755687984731	87
-0.11858797707872	1.26746553873767	483
-0.06302360941263	1.4729983784	35
-0.02773368423247	0.557998868810911	35
0.00930599326493997	1.04639528050602	35
-0.0344921214570599	0.567056159779366	374
-0.0344921214570599	0.567056159779366	236
-0.00569136454788999	0.780761726457047	1476
-0.03292188135986	0.555430504293838	33
-0.03562965376205	0.57273266881158	968
-0.02666556475534	0.555316783803888	301
0.02659285659059	1.27490820884982	14
-0.0691352040751401	1.50523337989427	282
-0.00459756972525005	0.794432996332145	210
-0.00772794244596997	0.828052257466456	298
0.0010588700785199	0.780185126113973	298
0.04517126208499	1.58705148484679	110
-0.0304485609024301	0.571635312320433	35
-0.03777389356595	0.556445841614653	830
-0.12014632796066	1.2623885761002	2030
-0.0339952201049001	0.541232043992755	298
-0.11563243250694	1.14929487844376	298
-0.11016550758567	1.2244709254744	1318
0.0314353731182799	1.25697527499376	110
-0.00408156091039991	0.788167237220455	171
-0.03151586580405	0.574497786496295	87
-0.03292188135986	0.555430504293838	87
0.00361061624414005	0.944282834011856	483
-0.06813387936687	1.51333413950008	35
-0.0304485609024301	0.571635312320433	713
-0.0367013826593099	0.571696966677706	33
-0.0304485609024301	0.571635312320433	33
0.000053622734160097	0.782030476528968	531
-0.03292188135986	0.555430504293838	830
-0.11952269125687	2.17873412873594	286
0.02311667412825	1.17302055278921	83
-0.00408156091039991	0.788167237220455	14
-0.12181121705553	1.25572837896381	282
-0.10703700673135	1.12543221223514	3206
-0.00977024684034	0.756344812182358	210
-0.00387806357019005	0.813421648198263	1318
0.00649118994001996	0.977382836493029	110
-0.11450876997666	1.22883623824064	110
-0.00387806357019005	0.813421648198263	87
-0.12043780891213	1.20776950570334	87
0.0194589256022899	0.974452561302698	1082
-0.00873066636727993	0.800679377187348	35
-0.0303758862457899	0.568755687984731	696
-0.0325839463761199	0.568939892639774	97
-0.02938203058712	0.554835342168621	713
-0.0325839463761199	0.568939892639774	236
-0.0293083870492801	0.565957082481742	6218
-0.00692900236779992	0.825613110856424	83
0.01408768015363	1.00382418168072	14
0.02140237938783	1.00223814290414	14
-0.0303758862457899	0.568755687984731	298
-0.0325839463761199	0.568939892639774	110
0.0338881402135101	1.28707002303976	1722
-0.02773368423247	0.557998868810911	32
-0.0293083870492801	0.565957082481742	1219
-0.0293083870492801	0.565957082481742	405
-0.0304485609024301	0.571635312320433	33
0.0414503333806899	1.57156063305325	3278
-0.00772794244596997	0.828052257466456	1975
-0.0125870649166799	0.771343371113847	2952
-0.00752435363234993	0.787249559464249	6298
0.03393319223186	1.30313849678496	1102
-0.0187481100034099	0.710529819693489	289
-0.04078306456226	0.53403404521053	6
-0.0115745763227	0.796023855040867	2950
-0.0304485609024301	0.571635312320433	87
-0.00468200313562006	0.806443643796301	1679
-0.00387806357019005	0.813421648198263	1639
0.0358399006782599	1.24446151541649	374
-0.0109980213390799	0.744489037872677	33
0.0198462695560799	0.9819154336302	2952
-0.00772794244596997	0.828052257466456	83
-0.11854670529995	1.79213461525205	289
-0.0355640472947301	0.56605263232295	210
-0.0303758862457899	0.568755687984731	6
-0.03151586580405	0.574497786496295	2172
0.04888561430036	1.57909402359429	110
0.0156693562838499	1.04605027081691	110
-0.0303758862457899	0.568755687984731	1001
-0.02559822113342	0.539640927704177	35
-0.00772794244596997	0.828052257466456	374
-0.0282416627159101	0.549555586451851	374
-0.0304485609024301	0.571635312320433	32
-0.0304485609024301	0.571635312320433	4856
-0.02858836030454	1.91217555171273	83
-0.0012661437964101	0.774732428798377	14
-0.0304485609024301	0.571635312320433	282
0.00963322592308002	1.05023164253597	289
0.00518027534959997	1.01293275909213	110
-0.0344921214570599	0.567056159779366	374
-0.0304485609024301	0.571635312320433	637
-0.00692900236779992	0.825613110856424	83
-0.01615630342125	0.753196923060088	14
0.0178790300168501	1.0314188532149	852
0.000053622734160097	0.782030476528968	277
-0.00772794244596997	0.828052257466456	483
-0.00752435363234993	0.787249559464249	374
-0.0334209768129401	0.552979410527908	32
-0.03151586580405	0.574497786496295	405
-0.03151586580405	0.574497786496295	123
-0.0334209768129401	0.552979410527908	1942
0.10841960416351	1.9209784969779	783
0.0293326921139001	1.29509056588825	852
-0.0653556262989201	1.44599343430361	3247
-0.00839186265237002	0.765578025004839	289
-0.00459756972525005	0.794432996332145	210
0.00679828387810999	1.04165970200232	277
0.0140707003814	1.01981405871727	87
-0.0115745763227	0.796023855040867	35
-0.11016550758567	1.2244709254744	483
-0.03151586580405	0.574497786496295	1364
-0.0344921214570599	0.567056159779366	1364
-0.0282416627159101	0.549555586451851	35
-0.0408415240703699	0.548722359325435	35
-0.0314441613901699	0.563341198905054	726
-0.0288025806515999	0.552844657042527	374
-0.03151586580405	0.574497786496295	32
-0.02773368423247	0.557998868810911	823
-0.0450046022214201	0.512485231190145	542
0.11930663024942	1.76095689129811	187
-0.03292188135986	0.555430504293838	14
-0.00327713990859002	0.783717765889225	1318
-0.00380292046245989	0.792192513342636	533
-0.0325839463761199	0.568939892639774	726
0.0198221072654901	1.03748039864953	670
-0.0303758862457899	0.568755687984731	405
-0.03151586580405	0.574497786496295	676
-0.0303758862457899	0.568755687984731	6
-0.0355640472947301	0.56605263232295	298
0.0128271766824699	0.980988452393867	110
0.0239826599536701	1.28323469722168	2494
-0.03151586580405	0.574497786496295	97
-0.03077755268084	0.542923119444998	888
-0.0367013826593099	0.571696966677706	888
-0.0282416627159101	0.549555586451851	2925
0.00518027534959997	1.01293275909213	1062
0.0270270145743601	1.25811789247476	187
-0.11546089319569	1.23609155712036	83
-0.11798360407107	1.27274693130997	1860
-0.0408415240703699	0.548722359325435	289
0.0131288819447	1.07301487731981	276
0.01597683061345	0.99933347936807	110
-0.11683169497711	1.12728804226044	87
0.0182412879534899	1.00595091721991	374
-0.0293083870492801	0.565957082481742	676
-0.03777389356595	0.556445841614653	637
-0.02666556475534	0.555316783803888	823
-0.0367013826593099	0.571696966677706	1187
-0.0123685868568799	0.795124800463189	187
0.12112073747086	1.30046928715668	187
-0.0314441613901699	0.563341198905054	6
-0.0408415240703699	0.548722359325435	277
-0.00772794244596997	0.828052257466456	35
-0.03706397027604	0.534056234168037	374
-0.0304485609024301	0.571635312320433	97
-0.0293083870492801	0.565957082481742	3840
-0.01135595599668	0.762087026430909	676
-0.07644934840443	2.04164221334222	783
-0.00282864182754006	2.12985153421027	783
0.05770377976862	1.68593962806258	187
0.10529902587109	2.10391483781863	83
-0.04113796436697	1.53002064074437	83
0.01507155693692	1.06141108996677	852
0.01534732757642	1.00595787832712	1307
-0.11391740800286	1.91989296504263	110
-0.11641017218368	1.22952236552675	110
-0.11519964048504	1.18555041308936	1067
0.04943388508369	1.76935760906974	87
-0.00793059475501989	0.798417415156676	374
-0.00287082152618989	0.778096395897982	374
-0.0367013826593099	0.571696966677706	97
-0.00692900236779992	0.825613110856424	32
-0.0304485609024301	0.571635312320433	32
-0.02938203058712	0.554835342168621	123
-0.03970666869372	0.543652412550187	123
-0.03777389356595	0.556445841614653	123
0.06655222464011	1.9293763390769	783
0.0609649327585	2.16506179601577	783
0.0436174650905199	1.54593343756474	187
0.03806254778677	1.21571919173177	83
0.0621103820708699	1.96818013484314	83
-0.0303758862457899	0.568755687984731	5758
-0.0314441613901699	0.563341198905054	852
0.01694927314729	1.06524867968629	1752
0.0153635869890401	1.02679058030927	210
-0.00154543228416992	0.7747553771261	210
0.03705157695246	1.25848666266647	210
-0.11606708666504	1.22841277653848	653
0.0153363413221099	1.00795128170192	4973
-0.12301799020321	1.26055897819918	277
-0.0304485609024301	0.571635312320433	2494
-0.03562965376205	0.57273266881158	277
-0.00488630237296994	0.787149946740264	619
0.01694626135947	0.990858778072586	619
-0.0367013826593099	0.571696966677706	726
-0.0293083870492801	0.565957082481742	97
-0.03151586580405	0.574497786496295	97
-0.00307444338271989	0.814556392712404	97
-0.0344921214570599	0.567056159779366	637
0.01534732757642	1.00595787832712	1187
-0.00307444338271989	0.814556392712404	187
0.0414503333806899	1.57156063305325	83
0.03132364176391	1.28707476583267	14
-0.0115745763227	0.796023855040867	298
-0.00618779399357994	0.779157878746971	87
-0.0282416627159101	0.549555586451851	256
-0.0304485609024301	0.571635312320433	256
-0.0303758862457899	0.568755687984731	676
-0.00417198548144992	2.10267372120206	187
0.0374077304806899	1.4784474026257	83
0.0539708160450001	1.80136888673826	83
0.000852678794879935	0.777634427020144	132
-0.03263744114157	1.63036255963641	14
0.04388333071166	1.54532511139086	653
0.00930599326493997	1.04639528050602	276
-0.12362166348803	1.25102770682715	1799
-0.0320813014377099	1.72038075862343	87
-0.0344921214570599	0.567056159779366	256
-0.03151586580405	0.574497786496295	2691
-0.0339952201049001	0.541232043992755	1662
0.01217577602845	1.07935868996226	1662
-0.0031701767957899	2.00871327321192	231
-0.11424908796406	1.23289551562509	14
-0.0344921214570599	0.567056159779366	132
-0.03151586580405	0.574497786496295	14
-0.00387806357019005	0.813421648198263	14
-0.03562965376205	0.57273266881158	14
-0.0043337473640499	0.756805491103141	110
-0.03151586580405	0.574497786496295	2623
-0.0344918630656901	1.63029370344176	619
-0.0336528037050301	0.551127532438659	670
-0.00772794244596997	0.828052257466456	97
-0.0303758862457899	0.568755687984731	1059
-0.00692900236779992	0.825613110856424	6025
-0.02773368423247	0.557998868810911	132
-0.00793059475501989	0.798417415156676	14
-0.0325839463761199	0.568939892639774	276
-0.0304485609024301	0.571635312320433	1799
-0.0325839463761199	0.568939892639774	87
-0.0107808871211601	0.788807393064317	97
-0.0344921214570599	0.567056159779366	676
-0.0303758862457899	0.568755687984731	33
0.0527313425938101	1.73134062866204	187
0.0137773864775601	1.01379007955676	1467
-0.0314441613901699	0.563341198905054	282
0.0339293416459501	1.32168926537669	210
-0.03333175072521	1.66949551452708	210
0.11819900649798	1.73652383250531	298
-0.03151586580405	0.574497786496295	653
0.0128222126359601	1.0481210354892	276
-0.0303758862457899	0.568755687984731	87
-0.00227114232336989	0.809739230591547	374
0.01441024441231	1.03254373535509	374
-0.00408156091039991	0.788167237220455	256
-0.02773368423247	0.557998868810911	728
0.01503990714084	1.04208960540194	83
-0.00387806357019005	0.813421648198263	83
0.0652534975725501	1.8093079252284	83
0.0134554447503801	1.02275072876032	1307
-0.03151586580405	0.574497786496295	1307
0.0297957851086299	1.31496121002925	653
0.05200415454318	1.44830011154597	653
-0.00955980009040003	0.680232342374948	28
0.1233383134948	1.31813729479102	726
-0.0367013826593099	0.571696966677706	5609
-0.0303758862457899	0.568755687984731	256
-0.0303758862457899	0.568755687984731	1217
-0.03562965376205	0.57273266881158	1217
-0.0303758862457899	0.568755687984731	132
-0.01207041819106	1.90671034169961	140
0.12234212006425	1.26756314578953	110
-0.0408415240703699	0.548722359325435	1873
0.0530812640586	1.52521491182532	619
-0.00287082152618989	0.778096395897982	28
-0.0334209768129401	0.552979410527908	670
-0.0408415240703699	0.548722359325435	123
-0.0325839463761199	0.568939892639774	123
-0.03151586580405	0.574497786496295	33
-0.00307444338271989	0.814556392712404	33
-0.03151586580405	0.574497786496295	679
-0.0107808871211601	0.788807393064317	830
-0.00613037548914996	0.815197966688513	3172
-0.00300857946690991	0.78273781482693	653
-0.0339952201049001	0.541232043992755	334
-0.0314441613901699	0.563341198905054	1799
-0.00852719596529994	0.82341716190178	1799
0.04263409286862	1.16523724539446	35
0.0224141844032	0.89118828168547	35
-0.00873066636727993	0.800679377187348	619
0.0353738714923899	1.31546620195902	2249
-0.0103317541774699	0.78515735496581	256
-0.02938203058712	0.554835342168621	2691
0.00775360090596999	1.03587051430661	1187
-0.03151586580405	0.574497786496295	187
-0.0288025806515999	0.552844657042527	132
-0.0355640472947301	0.56605263232295	1214
-0.00713083767992995	0.788834197195954	1179
0.02877397269945	1.30825636984806	210
-0.06600014930246	1.45729083916219	210
-0.03151586580405	0.574497786496295	276
-0.00327713990859002	0.783717765889225	35
-0.00852719596529994	0.82341716190178	97
-0.00327713990859002	0.783717765889225	262
-0.03077755268084	0.542923119444998	1795
-0.0282416627159101	0.549555586451851	5869
-0.0647049921114999	1.52892246618061	187
-0.0303758862457899	0.568755687984731	3172
-0.0115745763227	0.796023855040867	132
-0.0304485609024301	0.571635312320433	101
0.0466854625917199	1.59406623434939	110
-0.08775729493029	1.97150403937866	334
-0.000745747544439901	0.781039705255396	262
-0.0304485609024301	0.571635312320433	262
-0.03151586580405	0.574497786496295	33
-0.00713083767992995	0.788834197195954	5747
-0.0293083870492801	0.565957082481742	1467
-0.0115745763227	0.796023855040867	140
-0.0344921214570599	0.567056159779366	140
0.01280371353157	1.07398641746359	101
-0.12499023734203	1.89005199659185	445
0.04863122988498	1.5048853032067	298
-0.01056294133632	0.762861907578392	110
0.00963322592308002	1.05023164253597	2006
-0.00307444338271989	0.814556392712404	87
-0.00772794244596997	0.828052257466456	35
-0.0131629189803499	0.786254780795841	374
-0.03562965376205	0.57273266881158	97
-0.0304485609024301	0.571635312320433	256
-0.0336528037050301	0.551127532438659	1795
0.00330324953595995	1.00980525575816	1795
-0.0314441613901699	0.563341198905054	201
-0.0335364890876499	1.71276568487056	1062
0.05912908928676	1.30805230215049	187
0.01247993645432	1.02139304163365	83
0.03759120219136	1.23909262793262	2213
0.0112233030383699	1.03777507391927	1307
-0.0713271140479399	1.4826034864703	210
-0.11450167012243	1.22201082366241	298
-0.0293083870492801	0.565957082481742	298
-0.11582293819646	1.201613935841	110
-0.0293083870492801	0.565957082481742	704
-0.03151586580405	0.574497786496295	32
-0.0304485609024301	0.571635312320433	33
0.0343981801731199	1.27272456182877	83
-0.00307444338271989	0.814556392712404	374
0.000053622734160097	0.782030476528968	32
-0.02773368423247	0.557998868810911	256
-0.0408415240703699	0.548722359325435	86
-0.02938203058712	0.554835342168621	201
0.12080260811226	1.98891996583013	187
-0.03151586580405	0.574497786496295	132
-0.0131629189803499	0.786254780795841	2151
-0.0344921214570599	0.567056159779366	1214
0.06126139310548	1.99188216049149	1307
-0.00307444338271989	0.814556392712404	3521
-0.11485489366734	1.23760679697374	347
-0.03151586580405	0.574497786496295	35
-0.00307444338271989	0.814556392712404	28
-0.01135595599668	0.762087026430909	256
-0.0293083870492801	0.565957082481742	830
0.1173442234	1.7886730188002	187
-0.0398185431848099	1.76374933352943	334
-0.11170231708008	1.16449401820867	1546
-0.12241450809671	1.26215294462544	1808
-0.0336528037050301	0.551127532438659	362
-0.00772794244596997	0.828052257466456	256
-0.00468200313562006	0.806443643796301	256
-0.0334209768129401	0.552979410527908	206
-0.0325839463761199	0.568939892639774	206
-0.03562965376205	0.57273266881158	201
-0.03292188135986	0.555430504293838	1995
-0.07090224778989	1.49025520480712	2536
-0.03777389356595	0.556445841614653	2536
-0.0325839463761199	0.568939892639774	501
0.02459834512954	0.954213720102239	28
-0.11737942317356	1.27075276155977	941
-0.1238741073622	1.19822567295157	374
-0.0115745763227	0.796023855040867	75
-0.00408156091039991	0.788167237220455	262
-0.0355640472947301	0.56605263232295	262
-0.0314441613901699	0.563341198905054	1795
-0.00488630237296994	0.787149946740264	3585
-0.0344921214570599	0.567056159779366	201
-0.00387806357019005	0.813421648198263	4311
0.12256281164051	1.76480126205073	231
-0.0344921214570599	0.567056159779366	132
0.0010588700785199	0.780185126113973	101
0.00185680017540002	0.775806930948334	101
-0.0303758862457899	0.568755687984731	6256
-0.12181121705553	1.25572837896381	185
-0.0288025806515999	0.552844657042527	28
-0.0334209768129401	0.552979410527908	374
0.01343143917481	1.06135925713213	32
-0.0303758862457899	0.568755687984731	2419
-0.0304485609024301	0.571635312320433	101
-0.1159466855764	2.45353760219813	210
0.0653653319545799	1.95059650819007	210
-0.0345587057766299	0.558314589078715	276
-0.11580705727901	1.23440513533429	501
-0.12241450809671	1.26215294462544	305
0.0403362992015901	1.51983573623396	28
0.0313343939259301	1.31931684545371	941
0.000053622734160097	0.782030476528968	374
-0.0367013826593099	0.571696966677706	262
-0.00569136454788999	0.780761726457047	206
-0.00897787225391	0.73665672155104	1231
0.12022128218811	1.76053213166708	3318
-0.00387806357019005	0.813421648198263	83
0.01217577602845	1.07935868996226	875
-0.0536733019137701	2.15559239981539	210
-0.0355640472947301	0.56605263232295	110
-0.00227114232336989	0.809739230591547	501
0.0425385572235	1.44457897782716	87
0.11707857938697	1.75162278098325	305
-0.0293083870492801	0.565957082481742	256
-0.03151586580405	0.574497786496295	262
0.03918009062933	1.54253508915332	187
0.0476813467517201	1.89916072064894	187
-0.11520413335342	1.23251909472896	83
-0.04078306456226	0.53403404521053	101
-0.0288025806515999	0.552844657042527	101
-0.0304485609024301	0.571635312320433	1383
-0.03562965376205	0.57273266881158	347
-0.03562965376205	0.57273266881158	347
-0.03976611515909	0.539160558684856	347
-0.0303758862457899	0.568755687984731	362
-0.0325839463761199	0.568939892639774	32
-0.00897787225391	0.73665672155104	256
-0.0367013826593099	0.571696966677706	3012
-0.02773368423247	0.557998868810911	2932
-0.0344921214570599	0.567056159779366	226
-0.0325839463761199	0.568939892639774	862
-0.02666556475534	0.555316783803888	830
0.0514383853048599	1.88078744910162	187
-0.00592842677396011	0.789136937394569	588
-0.0293083870492801	0.565957082481742	101
0.05039822106693	1.58266272786149	1136
-0.0325839463761199	0.568939892639774	1136
-0.00307444338271989	0.814556392712404	110
-0.07300102568671	1.51117420772596	110
-0.0012661437964101	0.774732428798377	1546
-0.0314441613901699	0.563341198905054	347
0.01059466776192	1.03659951281989	334
-0.11659180326208	1.89275220693529	305
-0.03562965376205	0.57273266881158	28
-0.0345587057766299	0.558314589078715	374
-0.0304485609024301	0.571635312320433	206
-0.0367013826593099	0.571696966677706	2932
-0.0304485609024301	0.571635312320433	2153
-0.00723844343684998	2.03539014499125	187
-0.01335729848294	1.96586365495849	187
-0.12110005666626	1.19469140296403	588
-0.00772794244596997	0.828052257466456	588
-0.00387806357019005	0.813421648198263	132
-0.02773368423247	0.557998868810911	101
-0.11727149013624	1.21059175150874	101
0.0453675799617801	1.68947586726037	276
-0.02773368423247	0.557998868810911	110
0.12389023576134	1.70067548241931	110
-0.0325839463761199	0.568939892639774	110
-0.0165494696017101	1.90043460349337	110
-0.07077888987631	1.49918372312791	87
-0.02773368423247	0.557998868810911	374
-0.0314441613901699	0.563341198905054	256
-0.0293083870492801	0.565957082481742	1242
-0.0355640472947301	0.56605263232295	3025
-0.03706397027604	0.534056234168037	83
0.0276560161727399	1.31216852360081	298
-0.11833177326874	1.27856167004917	276
-0.11606708666504	1.22841277653848	334
0.0302604880219699	1.29948344638474	28
-0.0282416627159101	0.549555586451851	75
0.000053622734160097	0.782030476528968	256
-0.03151586580405	0.574497786496295	3025
-0.0314441613901699	0.563341198905054	206
-0.00307444338271989	0.814556392712404	73
0.05039822106693	1.58266272786149	298
-0.11858797707872	1.26746553873767	298
0.05062042311839	1.4054929324716	110
0.034486336311	1.3081051244113	110
-0.119235882344	1.21794127301096	35
-0.0325839463761199	0.568939892639774	5075
-0.02773368423247	0.557998868810911	256
-0.0293083870492801	0.565957082481742	256
-0.0355640472947301	0.56605263232295	2114
0.00729177905175993	2.24078140924665	187
-0.11269326389041	1.81348383940792	893
-0.02559822113342	0.539640927704177	101
-0.0099726750134701	0.756755562097481	210
0.0178790300168501	1.0314188532149	298
0.02709677886673	1.30331208059323	298
-0.00488630237296994	0.787149946740264	276
0.0182030184006201	0.992908854266555	110
-0.0314441613901699	0.563341198905054	87
-0.02987225510178	0.53624748711756	87
-0.11546089319569	1.23609155712036	4617
-0.00387806357019005	0.813421648198263	28
-0.0345587057766299	0.558314589078715	73
-0.0325839463761199	0.568939892639774	315
-0.02559822113342	0.539640927704177	2436
-0.0314441613901699	0.563341198905054	2330
-0.06700020934022	1.44992906686308	673
0.0159959400012399	1.03552463054954	187
-0.00752435363234993	0.787249559464249	187
-0.02666556475534	0.555316783803888	83
-0.01593780133139	0.72001392244312	101
-0.0293083870492801	0.565957082481742	101
-0.0355640472947301	0.56605263232295	210
-0.03777389356595	0.556445841614653	3131
-0.0304485609024301	0.571635312320433	210
0.00138654292543006	0.968828889156181	110
-0.0303758862457899	0.568755687984731	28
-0.02938203058712	0.554835342168621	508
-0.11545623262648	1.26661806416446	649
-0.01135595599668	0.762087026430909	101
-0.03151586580405	0.574497786496295	210
-0.0344921214570599	0.567056159779366	298
-0.00468200313562006	0.806443643796301	298
-0.02938203058712	0.554835342168621	75
-0.03151586580405	0.574497786496295	256
-0.0314441613901699	0.563341198905054	206
-0.0133820703279901	0.770538028725537	2330
-0.11765391383136	1.24767648662312	2330
-0.11051343172087	1.17974490187951	187
-0.00903346552407003	2.08770967550886	875
0.0118733436868601	1.06384888051261	875
-0.0344921214570599	0.567056159779366	342
-0.00672623415213991	0.79134967028298	210
0.01919488119916	1.03358904343148	110
0.03705157695246	1.25848666266647	347
0.0281195330427599	1.30993299581502	347
0.000053622734160097	0.782030476528968	28
-0.0293083870492801	0.565957082481742	2515
-0.0303758862457899	0.568755687984731	1648
-0.0304485609024301	0.571635312320433	315
-0.12049396613387	1.22414171543213	2330
0.0134575354929101	0.995164874561113	187
-0.0304485609024301	0.571635312320433	132
-0.0304485609024301	0.571635312320433	101
-0.03863106043718	0.534301128834276	159
-0.00206832376341004	0.779074857346418	185
0.00709885874866001	1.01906538161607	210
-0.00569136454788999	0.780761726457047	347
-0.0344921214570599	0.567056159779366	347
-0.0012661437964101	0.774732428798377	347
-0.0293083870492801	0.565957082481742	35
-0.0043337473640499	0.756805491103141	508
-0.03292188135986	0.555430504293838	315
0.11875971041866	2.20861616094738	1853
0.000260627095709953	0.779202075035729	187
-0.1153710326411	1.76684169784201	2185
-0.03562965376205	0.57273266881158	897
-0.0314441613901699	0.563341198905054	101
-0.0303758862457899	0.568755687984731	101
0.04336509401541	1.54686341907897	342
-0.0415266904831799	1.73951405781095	110
0.0109192649010299	1.07005854050363	347
-0.0115745763227	0.796023855040867	3444
0.03357098478597	1.27007137315781	32
-0.0367013826593099	0.571696966677706	3
-0.00387806357019005	0.813421648198263	187
-0.0255707810525601	1.90666247513984	187
0.0159927673476901	1.03621014360802	187
-0.0872313125675801	2.0544965472944	101
-0.0344921214570599	0.567056159779366	101
0.01186767051615	1.01968032431682	101
0.0374743313255099	1.26741013332864	210
0.04824465384396	1.47424692275902	210
-0.11364890012169	1.26036082041732	342
0.033374406983	1.30475089170455	342
0.00419332315733989	0.730446668459255	298
-0.0325839463761199	0.568939892639774	110
-0.11545623262648	1.26661806416446	1430
-0.0318493259185899	0.556375725071351	347
-0.03251321356938	0.545959643614202	87
-0.0345587057766299	0.558314589078715	28
-0.0293083870492801	0.565957082481742	315
0.11966683083685	1.78850355624654	347
0.0131288819447	1.07301487731981	87
0.0364922887714201	1.25702566018094	2293
-0.0303758862457899	0.568755687984731	3325
-0.02773368423247	0.557998868810911	702
0.0423692378621101	1.55535328947983	27
0.0160760803171101	1.1631819391516	87
-0.11605905801916	1.25394938160379	28
0.05359899408993	1.52412712396728	374
-0.00772794244596997	0.828052257466456	3
-0.03970666869372	0.543652412550187	58
-0.03151586580405	0.574497786496295	58
-0.03970666869372	0.543652412550187	83
-0.00387806357019005	0.813421648198263	185
-0.02773368423247	0.557998868810911	3886
-0.0293083870492801	0.565957082481742	210
-0.03151586580405	0.574497786496295	110
-0.0355640472947301	0.56605263232295	110
-0.02773368423247	0.557998868810911	1829
-0.00408156091039991	0.788167237220455	347
-0.0303758862457899	0.568755687984731	28
-0.02938203058712	0.554835342168621	4734
-0.02938203058712	0.554835342168621	5157
-0.0282416627159101	0.549555586451851	27
-0.0367013826593099	0.571696966677706	893
-0.02938203058712	0.554835342168621	83
-0.0303758862457899	0.568755687984731	298
-0.03151586580405	0.574497786496295	3343
-0.03970666869372	0.543652412550187	35
-0.00166925828224995	0.74890703496727	519
0.01534732757642	1.00595787832712	2515
-0.0303758862457899	0.568755687984731	226
-0.03233772721147	1.63935631056547	187
0.0349710463000299	1.49878921123359	210
0.02176794757095	0.945216875973249	270
-0.0043876173920101	0.788419104436732	334
-0.0335129249920101	1.64784172382097	87
0.0153697570467599	1.04048351906739	6624
-0.0367013826593099	0.571696966677706	519
-0.03562965376205	0.57273266881158	769
-0.0344921214570599	0.567056159779366	987
-0.0304485609024301	0.571635312320433	2514
0.00185680017540002	0.775806930948334	83
-0.03151586580405	0.574497786496295	101
-0.00772794244596997	0.828052257466456	1265
-0.11424908796406	1.23289551562509	334
-0.0293083870492801	0.565957082481742	347
0.12280335513104	1.83077979182695	347
-0.0304485609024301	0.571635312320433	987
-0.02773368423247	0.557998868810911	73
-0.12266715422957	1.24366453519488	187
0.07328860528264	2.1738005225747	187
-0.11556803200188	1.21553196370089	1611
0.0498807162564601	1.5876500580988	101
-0.12087708528436	2.47660146261162	101
-0.02666556475534	0.555316783803888	979
-0.0304485609024301	0.571635312320433	110
-0.00953105276018995	0.79645385897965	373
-0.0318493259185899	0.556375725071351	347
-0.02773368423247	0.557998868810911	347
-0.00713083767992995	0.788834197195954	87
-0.00772794244596997	0.828052257466456	3433
0.0080525598755401	1.05854878694201	374
-0.11137292594135	1.22765161991285	374
-0.0314441613901699	0.563341198905054	1092
-0.0304485609024301	0.571635312320433	508
-0.0634070368361701	2.26917669402721	83
0.0141386269043	0.953979260108899	210
-0.03562965376205	0.57273266881158	1270
-0.0293083870492801	0.565957082481742	1265
-0.0210551230757099	1.8918250612036	110
-0.0304485609024301	0.571635312320433	290
-0.12375585955917	1.85986945358443	347
-0.00307444338271989	0.814556392712404	35
-0.00692900236779992	0.825613110856424	519
-0.11329755212281	1.22495606083112	374
-0.03562965376205	0.57273266881158	1092
-0.00772794244596997	0.828052257466456	508
-0.0293083870492801	0.565957082481742	73
-0.0355640472947301	0.56605263232295	58
-0.0303758862457899	0.568755687984731	67
-0.0345587057766299	0.558314589078715	210
0.03123511342138	1.3092334340926	270
-0.0318493259185899	0.556375725071351	373
-0.0325839463761199	0.568939892639774	110
-0.0344921214570599	0.567056159779366	110
-0.03151586580405	0.574497786496295	373
0.0118733436868601	1.06384888051261	87
-0.01056294133632	0.762861907578392	87
0.03490945058475	1.33394848020807	519
-0.00513093125787001	0.779798623153035	769
0.01951477732741	0.983346437473011	284
-0.0408415240703699	0.548722359325435	187
0.01343143917481	1.06135925713213	67
0.0250081438598999	1.28957961637391	83
-0.0344921214570599	0.567056159779366	210
-0.00613037548914996	0.815197966688513	1265
-0.00998751899586003	0.766990135110118	270
0.11664430482547	1.7495766233366	87
0.11643732696359	2.26726385843905	35
-0.03151586580405	0.574497786496295	1520
-0.0367013826593099	0.571696966677706	4239
0.05301801636669	1.89753829485335	2109
-0.0718157658868199	1.47887824409612	101
-0.0293083870492801	0.565957082481742	1475
-0.03562965376205	0.57273266881158	1475
-0.0325839463761199	0.568939892639774	334
0.05357498649513	1.92598872427155	2983
0.0178790300168501	1.0314188532149	35
-0.0282416627159101	0.549555586451851	2251
0.00165142088078007	0.766850978093335	187
-0.0647049921114999	1.52892246618061	284
0.04977710690521	1.72302701282969	4443
-0.00311177595328993	2.04520392972932	185
-0.0355640472947301	0.56605263232295	87
-0.00772794244596997	0.828052257466456	35
-0.00367363733279991	0.771888888375357	5638
0.0328154489558199	1.29986282255726	2715
-0.0293083870492801	0.565957082481742	2238
-0.0303758862457899	0.568755687984731	2238
-0.0293083870492801	0.565957082481742	987
-0.0314441613901699	0.563341198905054	73
0.1125582011744	1.71457253246209	893
-0.12241450809671	1.26215294462544	4443
0.12242759238953	1.27234866535552	210
0.00360035497927003	0.98354846183463	342
-0.00387806357019005	0.813421648198263	342
-0.06868132017593	1.5186837063651	1265
0.0023478049977701	0.974814771177739	373
0.0118733436868601	1.06384888051261	373
0.0401572530868	1.25863147134604	347
-0.08410396987039	1.97056521055237	87
-0.1171412450687	2.45037478939059	87
0.0328154489558199	1.29986282255726	2118
-0.0314441613901699	0.563341198905054	987
-0.0334209768129401	0.552979410527908	1384
-0.0735847575528901	1.37419982373672	187
0.02970205156103	1.29786119762373	284
0.11985337033577	1.50632044829228	2109
-0.0408415240703699	0.548722359325435	1387
0.03339996391723	1.1793975916147	210
-0.00280156163681	0.790316349450718	342
0.12193208233214	1.59253557783211	34
0.00709885874866001	1.01906538161607	2118
0.0197776040264801	0.961898021211812	75
-0.00234543172865997	0.762389418338435	75
-0.03292188135986	0.555430504293838	3
-0.0314441613901699	0.563341198905054	1922
0.0228647384143701	1.24906523603001	27
0.01154762653011	1.07802523492677	58
-0.1186352237471	1.21199787397155	67
-0.0274367815913099	1.89978994745147	83
-0.0304485609024301	0.571635312320433	101
-0.00287082152618989	0.778096395897982	101
-0.11756950451404	1.87112377792125	257
-0.0282416627159101	0.549555586451851	2025
-0.0325839463761199	0.568939892639774	87
0.01154762653011	1.07802523492677	519
-0.00793059475501989	0.798417415156676	75
-0.0304485609024301	0.571635312320433	75
-0.02773368423247	0.557998868810911	987
0.00339935524287993	0.729663060422823	1710
-0.0314441613901699	0.563341198905054	73
-0.0479760142977901	1.64097677598368	497
-0.08793936373463	2.05020522444474	3221
-0.00713083767992995	0.788834197195954	1387
-0.0282416627159101	0.549555586451851	2003
0.0276560161727399	1.31216852360081	334
-0.01013922937858	1.79010166887878	87
-0.00447677143159009	0.759671062437667	87
-0.0344921214570599	0.567056159779366	34
0.0313343939259301	1.31931684545371	34
-0.1210390771391	1.19126216488948	34
-0.03151586580405	0.574497786496295	35
-0.03151586580405	0.574497786496295	35
-0.02666556475534	0.555316783803888	2686
-0.0303758862457899	0.568755687984731	508
-0.0304485609024301	0.571635312320433	987
-0.0344921214570599	0.567056159779366	2251
-0.0293083870492801	0.565957082481742	73
0.0553767339775799	1.80885443207947	187
-0.0344921214570599	0.567056159779366	1387
-0.11113697536455	1.14343191119163	210
-0.0043876173920101	0.788419104436732	1265
-0.11954128380625	1.27521579834228	306
-0.0641588847183701	1.52346059509723	2025
-0.00227114232336989	0.809739230591547	334
0.0198221072654901	1.03748039864953	6639
-0.0367013826593099	0.571696966677706	347
-0.06450070248273	1.40262917806631	4238
-0.0304485609024301	0.571635312320433	34
-0.0345587057766299	0.558314589078715	75
-0.00387806357019005	0.813421648198263	3054
-0.0336528037050301	0.551127532438659	1012
-0.0282416627159101	0.549555586451851	2251
-0.03151586580405	0.574497786496295	2251
0.0489677856169899	1.52416119836059	497
-0.12075156485829	1.2415316432163	83
-0.00832278545478005	0.776263863446119	210
-0.03632194699146	1.68121332866044	342
0.02265480889924	0.983282080183029	1265
-0.11424908796406	1.23289551562509	298
-0.11763404540145	1.20727425518939	2037
-0.0293083870492801	0.565957082481742	4503
-0.0344921214570599	0.567056159779366	1012
-0.02773368423247	0.557998868810911	1710
0.0194964955913599	1.00810540639714	2708
-0.03251321356938	0.545959643614202	101
-0.0744604056120399	1.44662527154757	1185
-0.11170231708008	1.16449401820867	257
0.0153635869890401	1.02679058030927	1265
-0.00772794244596997	0.828052257466456	306
-0.0115745763227	0.796023855040867	317
-0.03976611515909	0.539160558684856	87
-0.0293083870492801	0.565957082481742	6623
-0.0345587057766299	0.558314589078715	75
-0.0367013826593099	0.571696966677706	1384
-0.0355640472947301	0.56605263232295	2512
-0.07081286783965	1.48659804485638	795
0.0109192649010299	1.07005854050363	1886
-0.0345587057766299	0.558314589078715	373
-0.0382482332163301	1.69854785896891	87
-0.0293083870492801	0.565957082481742	75
-0.03151586580405	0.574497786496295	75
-0.03562965376205	0.57273266881158	2512
-0.03292188135986	0.555430504293838	67
0.00709885874866001	1.01906538161607	83
0.1216478628624	1.2981042508592	2708
0.0201237817851101	1.0014082246205	1387
-0.03562965376205	0.57273266881158	1164
-0.0367013826593099	0.571696966677706	210
-0.0344921214570599	0.567056159779366	361
-0.0303758862457899	0.568755687984731	298
-0.0314441613901699	0.563341198905054	3346
-0.00616822855767008	2.16506692856822	87
-0.0314441613901699	0.563341198905054	4238
-0.03562965376205	0.57273266881158	34
-0.0344921214570599	0.567056159779366	34
-0.00953105276018995	0.79645385897965	2530
-0.0325839463761199	0.568939892639774	1558
-0.0325839463761199	0.568939892639774	1012
-0.03777389356595	0.556445841614653	497
-0.03151586580405	0.574497786496295	1952
-0.0288025806515999	0.552844657042527	795
-0.03151586580405	0.574497786496295	4241
-0.0123685868568799	0.795124800463189	187
-0.00760193212923999	0.758984739697615	67
-0.03151586580405	0.574497786496295	67
-0.06424639772876	1.46143404299004	12
-0.11954128380625	1.27521579834228	1886
-0.0303758862457899	0.568755687984731	334
-0.0355640472947301	0.56605263232295	334
-0.0304485609024301	0.571635312320433	34
-0.1065253729683	1.7977102410155	35
-0.0303758862457899	0.568755687984731	1243
0.00963322592308002	1.05023164253597	67
-0.07391269882289	1.44486736019926	306
-0.0669022595317701	1.39594948787647	298
-0.00852719596529994	0.82341716190178	373
-0.00166925828224995	0.74890703496727	486
-0.0303758862457899	0.568755687984731	1046
-0.00327713990859002	0.783717765889225	75
-0.0325839463761199	0.568939892639774	1243
-0.0314441613901699	0.563341198905054	220
-0.0345587057766299	0.558314589078715	280
-0.00692900236779992	0.825613110856424	67
-0.0383302799763501	1.78442047535056	83
-0.0293083870492801	0.565957082481742	210
0.01217577602845	1.07935868996226	65
-0.12276365465768	1.20659917081023	298
0.000053622734160097	0.782030476528968	298
-0.0647049921114999	1.52892246618061	317
0.0423281783015701	1.52837979607773	87
0.0353738714923899	1.31546620195902	34
-0.02666556475534	0.555316783803888	1046
-0.0336528037050301	0.551127532438659	75
-0.00307444338271989	0.814556392712404	220
-0.0303758862457899	0.568755687984731	866
-0.0282416627159101	0.549555586451851	3489
-0.11012120294342	1.16232508016225	548
0.000260627095709953	0.779202075035729	67
-0.0410404510835101	1.73380257912611	12
0.0466851497054399	1.50659631103582	210
-0.0408415240703699	0.548722359325435	298
-0.03292188135986	0.555430504293838	3205
-0.11485489366734	1.23760679697374	87
-0.0325839463761199	0.568939892639774	35
0.00869493484105011	1.01220151474224	35
-0.0303758862457899	0.568755687984731	34
-0.0304485609024301	0.571635312320433	1243
-0.0367013826593099	0.571696966677706	346
0.0297957851086299	1.31496121002925	27
-0.12241450809671	1.26215294462544	795
-0.02666556475534	0.555316783803888	67
-0.03151586580405	0.574497786496295	67
-0.0303758862457899	0.568755687984731	2966
-0.0293083870492801	0.565957082481742	937
-0.0304485609024301	0.571635312320433	3314
-0.12085815587824	1.24828469694977	87
0.03393319223186	1.30313849678496	4555
-0.0314441613901699	0.563341198905054	2164
-0.03756901373109	1.59454225425529	5134
0.05415076247879	2.08781358972216	187
0.0172476753203701	1.00410941879305	2858
-0.04154474252328	1.75342505023929	3086
-0.00307444338271989	0.814556392712404	2063
0.0582131733739	1.63680852660439	712
-0.00548626232913008	0.79277770538421	34
-0.0325839463761199	0.568939892639774	348
-0.03777389356595	0.556445841614653	701
-0.0344921214570599	0.567056159779366	12
-0.11945546790352	1.2430509925356	514
-0.00977024684034	0.756344812182358	342
-0.00227114232336989	0.809739230591547	6379
-0.11651895017445	1.22260986046827	712
-0.0344921214570599	0.567056159779366	34
-0.11893643228044	1.28057715956658	5134
-0.00832278545478005	0.776263863446119	168
0.0365933974396599	1.27400806475642	168
-0.00569136454788999	0.780761726457047	83
0.03217747696091	1.22960580651319	12
0.0354743777448401	1.27668777684659	342
-0.0163739811874399	0.728482599154869	175
-0.00513093125787001	0.779798623153035	316
-0.00387806357019005	0.813421648198263	87
-0.0012661437964101	0.774732428798377	75
-0.00488630237296994	0.787149946740264	75
-0.0345587057766299	0.558314589078715	2158
-0.03151586580405	0.574497786496295	346
-0.00227114232336989	0.809739230591547	67
-0.06873299127676	1.42486538449778	67
0.0423281783015701	1.52837979607773	937
0.00930599326493997	1.04639528050602	1040
-0.02938203058712	0.554835342168621	373
0.01662173454745	1.04011483766701	34
-0.03151586580405	0.574497786496295	553
-0.03151586580405	0.574497786496295	35
-0.00367363733279991	0.771888888375357	75
-0.0303758862457899	0.568755687984731	75
-0.0109980213390799	0.744489037872677	2158
-0.02773368423247	0.557998868810911	2077
-0.0303758862457899	0.568755687984731	2077
-0.0304485609024301	0.571635312320433	775
-0.0408415240703699	0.548722359325435	346
-0.0318493259185899	0.556375725071351	346
-0.0582240794115001	1.30247754633923	937
-0.00408156091039991	0.788167237220455	2077
-0.04191772030698	0.538875467871723	2806
-0.0355640472947301	0.56605263232295	85
-0.0367013826593099	0.571696966677706	346
-0.0012661437964101	0.774732428798377	27
-0.03976611515909	0.539160558684856	795
-0.0303758862457899	0.568755687984731	168
-0.000745747544439901	0.781039705255396	67
0.0441292921516501	1.72993398647399	185
-0.0304485609024301	0.571635312320433	185
-0.03814100524408	0.524857872373047	971
-0.03151586580405	0.574497786496295	175
-0.0314441613901699	0.563341198905054	175
-0.0303758862457899	0.568755687984731	373
0.0045548092721599	1.01942379022277	87
-0.0408415240703699	0.548722359325435	5187
0.00869493484105011	1.01220151474224	348
0.0466851497054399	1.50659631103582	27
-0.03151586580405	0.574497786496295	1020
-0.11737942317356	1.27075276155977	187
-0.0344921214570599	0.567056159779366	67
-0.0304485609024301	0.571635312320433	1550
-0.03970666869372	0.543652412550187	1157
-0.0043876173920101	0.788419104436732	65
-0.0367013826593099	0.571696966677706	2063
-0.0303758862457899	0.568755687984731	298
0.0382706266448301	1.2241364592815	175
0.00185680017540002	0.775806930948334	34
-0.0366367554240601	0.551173840789553	35
-0.0304485609024301	0.571635312320433	168
-0.0314441613901699	0.563341198905054	83
-0.00569136454788999	0.780761726457047	210
-0.0367013826593099	0.571696966677706	175
-0.0442900823516901	1.71941771524311	175
0.03021505944488	1.30260991374228	34
-0.00772794244596997	0.828052257466456	35
-0.00227114232336989	0.809739230591547	85
-0.11630927452081	1.16362436537877	2351
0.01889063678239	0.982354602066335	83
-0.00380292046245989	0.792192513342636	83
0.0406954310572301	1.52861332729185	4056
-0.00873066636727993	0.800679377187348	23
0.01757474617801	0.994317380881058	210
-0.00359442909742991	0.792548883206837	900
-0.0117923820063499	0.764667242809514	65
0.0010588700785199	0.780185126113973	3617
-0.04122908072669	0.500126576870087	175
0.0640420217453701	2.13724109480305	317
0.000053622734160097	0.782030476528968	601
-0.0304485609024301	0.571635312320433	75
-0.0293083870492801	0.565957082481742	75
-0.03562965376205	0.57273266881158	4109
-0.0336528037050301	0.551127532438659	85
0.00360035497927003	0.98354846183463	210
-0.12097892117108	1.20164466530861	23
-0.1235235673949	1.90755987595835	65
0.01154762653011	1.07802523492677	65
0.0375735549718701	1.24485420336397	3617
-0.0304485609024301	0.571635312320433	220
-0.02938203058712	0.554835342168621	220
-0.0367013826593099	0.571696966677706	763
-0.0344921214570599	0.567056159779366	85
-0.0334209768129401	0.552979410527908	85
-0.0293083870492801	0.565957082481742	85
-0.0303758862457899	0.568755687984731	85
-0.0282416627159101	0.549555586451851	605
0.01597683061345	0.99933347936807	23
-0.00772794244596997	0.828052257466456	1138
-0.01603186677456	1.97440631579663	87
-0.00852719596529994	0.82341716190178	247
-0.0716985424491301	1.50390651647202	326
-0.0234363492701499	1.94234322475291	83
0.0601712164777599	1.6701513538356	175
0.000852678794879935	0.777634427020144	87
-0.0293083870492801	0.565957082481742	247
-0.0367013826593099	0.571696966677706	346
-0.03562965376205	0.57273266881158	605
-0.0428400624323699	1.64614361045223	937
-0.03863106043718	0.534301128834276	83
-0.0359877239483	0.525092461063987	83
0.00742552727008006	1.05377951218591	23
0.0308153922896299	1.28918478873519	175
-0.0336528037050301	0.551127532438659	87
-0.0325839463761199	0.568939892639774	1472
-0.0334209768129401	0.552979410527908	85
-0.0293083870492801	0.565957082481742	118
0.03546763272876	1.33919526160887	83
0.0409322315452501	1.56132025316873	2171
-0.0318493259185899	0.556375725071351	969
-0.00468200313562006	0.806443643796301	247
-0.0344921214570599	0.567056159779366	85
-0.00659223634215	0.75727910019049	4593
-0.11737638968636	1.11712882486584	87
-0.04109119604639	1.74175301262215	34
-0.06402486041718	1.42199656824375	926
-0.00998751899586003	0.766990135110118	6799
-0.0303758862457899	0.568755687984731	75
-0.00772794244596997	0.828052257466456	411
-0.0367013826593099	0.571696966677706	85
0.03179455596298	1.32108953873473	1588
0.0510512519567401	1.501569558936	1588
0.01694927314729	1.06524867968629	342
-0.01135595599668	0.762087026430909	969
-0.07455283689412	1.48931823663574	175
-0.00852719596529994	0.82341716190178	87
-0.01056294133632	0.762861907578392	87
-0.0314441613901699	0.563341198905054	35
-0.03970666869372	0.543652412550187	411
-0.0314441613901699	0.563341198905054	85
-0.0293083870492801	0.565957082481742	85
-0.00953105276018995	0.79645385897965	83
0.0470350526333201	1.70932976649665	1157
0.00363288372264003	2.2788142288382	1157
-0.11050320242105	1.1550123063958	87
0.000852678794879935	0.777634427020144	2882
-0.0325839463761199	0.568939892639774	1872
0.000053622734160097	0.782030476528968	1770
-0.00692900236779992	0.825613110856424	411
-0.00468200313562006	0.806443643796301	85
-0.00387806357019005	0.813421648198263	83
0.00994108593099008	0.990603953246891	342
-0.0702662370484399	1.45851175724179	1157
-0.02553170000718	1.88089716570868	87
-0.11051343172087	1.17974490187951	35
-0.00513093125787001	0.779798623153035	220
-0.0367013826593099	0.571696966677706	247
-0.03562965376205	0.57273266881158	85
-0.0115745763227	0.796023855040867	83
-0.0345587057766299	0.558314589078715	2437
-0.0809914668173599	1.44368922164099	1157
-0.00488630237296994	0.787149946740264	87
0.12311823577276	1.95180469282165	1
-0.0367013826593099	0.571696966677706	1969
-0.03151586580405	0.574497786496295	34
-0.03151586580405	0.574497786496295	247
-0.00752435363234993	0.787249559464249	247
-0.03562965376205	0.57273266881158	407
-0.0304485609024301	0.571635312320433	85
-0.02938203058712	0.554835342168621	943
-0.03562965376205	0.57273266881158	671
0.00625187754416001	1.97833830038112	83
-0.01056294133632	0.762861907578392	118
0.03705157695246	1.25848666266647	83
0.02390080213196	1.22777585998528	448
-0.00227114232336989	0.809739230591547	1157
-0.0304485609024301	0.571635312320433	2171
-0.0314441613901699	0.563341198905054	711
0.0510332511704299	1.47434756910621	175
0.0496700085474799	1.74863700261142	1
-0.02666556475534	0.555316783803888	1969
0.01534732757642	1.00595787832712	1969
-0.11197692308511	1.22007376524786	712
-0.0367013826593099	0.571696966677706	6165
-0.0304485609024301	0.571635312320433	34
-0.11833177326874	1.27856167004917	2509
-0.0012661437964101	0.774732428798377	220
-0.00468200313562006	0.806443643796301	247
-0.03077755268084	0.542923119444998	2076
-0.02773368423247	0.557998868810911	1039
0.0633086170094701	1.65738985241028	795
-0.03151586580405	0.574497786496295	2222
-0.11823813129112	1.19607206101409	5926
0.03021505944488	1.30260991374228	5926
-0.11386777257425	1.83607304735238	87
-0.0344921214570599	0.567056159779366	87
-0.00488630237296994	0.787149946740264	87
-0.00713083767992995	0.788834197195954	411
-0.00953105276018995	0.79645385897965	115
-0.00307444338271989	0.814556392712404	407
-0.00307444338271989	0.814556392712404	85
-0.12181121705553	1.25572837896381	83
-0.00772794244596997	0.828052257466456	298
0.0159927673476901	1.03621014360802	712
-0.0304485609024301	0.571635312320433	35
-0.0288025806515999	0.552844657042527	75
-0.03562965376205	0.57273266881158	407
-0.0288025806515999	0.552844657042527	2068
-0.0325839463761199	0.568939892639774	2163
0.11313956074507	2.41921511992226	5560
0.00948286399587994	2.44692678486411	392
0.0141138052122101	2.22987850475606	83
0.00900689451464998	1.05253454329707	83
-0.0344921214570599	0.567056159779366	83
-0.03151586580405	0.574497786496295	2
0.01662173454745	1.04011483766701	65
0.0460825471081801	1.54791322254566	298
0.05402508514856	1.91288358971975	35
-0.0303758862457899	0.568755687984731	115
-0.0304485609024301	0.571635312320433	85
0.0604961756722799	1.9323468083153	87
-0.0415266904831799	1.73951405781095	34
0.01025934724511	1.04052586101022	35
0.12031209581466	1.48843870496484	926
-0.00367363733279991	0.771888888375357	1770
0.00930599326493997	1.04639528050602	2112
-0.10981620298919	1.18737864999257	2112
0.01886899769258	1.00956025535441	392
0.01441024441231	1.03254373535509	392
0.01600757159153	0.965541181721891	326
-0.00367363733279991	0.771888888375357	1
-0.02773368423247	0.557998868810911	152
-0.0131629189803499	0.786254780795841	2421
0.0494846450731801	1.73662195579637	926
-0.0344921214570599	0.567056159779366	1770
-0.02716021316999	2.48717881451016	269
0.05996622905448	1.74864827110517	392
-0.00387806357019005	0.813421648198263	23
-0.00307444338271989	0.814556392712404	175
-0.00533206156837007	0.789578545729056	712
-0.03151586580405	0.574497786496295	671
0.01315332275621	1.015942013688	2112
-0.12401078659937	1.91207648106006	448
-0.11208782789196	1.19633321192827	23
-0.06968293497872	1.51051247049787	2171
0.03123185407292	1.32282249929789	175
0.00679828387810999	1.04165970200232	1
0.01217577602845	1.07935868996226	34
-0.04054517321771	1.72993383533192	926
-0.0167754472656101	0.683457947654665	75
-0.0304485609024301	0.571635312320433	247
-0.03562965376205	0.57273266881158	407
-0.02773368423247	0.557998868810911	407
0.0333721758119101	1.32744955146385	269
0.03016851027252	1.22999225286011	23
0.11015427174904	1.70715305433875	23
-0.027225600462	1.91953058606363	825
0.05079387544905	1.48052739050571	712
-0.02938203058712	0.554835342168621	4534
0.01631756380877	0.982454965978088	4534
-0.03777389356595	0.556445841614653	359
-0.0325839463761199	0.568939892639774	2163
-0.0415266904831799	1.73951405781095	2112
-0.0318493259185899	0.556375725071351	2246
-0.0344921214570599	0.567056159779366	83
-0.00227114232336989	0.809739230591547	23
-0.00380292046245989	0.792192513342636	298
-0.00307444338271989	0.814556392712404	298
-0.11893643228044	1.28057715956658	87
-0.00327713990859002	0.783717765889225	87
-0.00206832376341004	0.779074857346418	582
-0.03151586580405	0.574497786496295	5674
-0.0344921214570599	0.567056159779366	2121
-0.0367013826593099	0.571696966677706	671
-0.00488630237296994	0.787149946740264	1629
0.0387011051344801	1.54490294400731	161
0.00185680017540002	0.775806930948334	298
-0.0345587057766299	0.558314589078715	40
-0.0293083870492801	0.565957082481742	1381
0.01250121866638	1.07170477077639	1
-0.0334209768129401	0.552979410527908	712
-0.00528022407111006	0.735630960475332	34
0.0282150807513499	1.31384123548123	35
0.0147095868455001	1.01911202827601	152
-0.0713271140479399	1.4826034864703	582
-0.03777389356595	0.556445841614653	75
-0.0367013826593099	0.571696966677706	75
0.05063454810734	1.68871607819896	392
-0.02666556475534	0.555316783803888	83
-0.0314441613901699	0.563341198905054	298
-0.00953105276018995	0.79645385897965	40
-0.11137292594135	1.22765161991285	269
-0.0367013826593099	0.571696966677706	1561
-0.0293083870492801	0.565957082481742	83
-0.0355640472947301	0.56605263232295	496
-0.11041953205224	1.18604201691978	65
-0.03292188135986	0.555430504293838	298
0.0178790300168501	1.0314188532149	87
-0.0325839463761199	0.568939892639774	87
-0.01747900692876	1.96804153652829	2752
-0.0334209768129401	0.552979410527908	152
-0.0171650396229299	0.731850676219687	152
-0.03251321356938	0.545959643614202	75
-0.03151586580405	0.574497786496295	1561
0.0569836988768	2.09365052318701	183
0.01375633365689	1.06770834348018	448
-0.0641588847183701	1.52346059509723	23
-0.0303758862457899	0.568755687984731	1381
-0.00852719596529994	0.82341716190178	793
-0.0788905819625501	1.45452022155629	75
-0.03151586580405	0.574497786496295	80
0.01280371353157	1.07398641746359	298
-0.00307444338271989	0.814556392712404	3882
-0.0237338675483101	1.91857746984794	87
-0.00367363733279991	0.771888888375357	815
-0.00548626232913008	0.79277770538421	34
-0.0355640472947301	0.56605263232295	152
0.01757474617801	0.994317380881058	671
-0.1166734741914	1.21439809150084	112
-0.0355640472947301	0.56605263232295	112
-0.11364347597003	1.22165839929558	3039
-0.01603186677456	1.97440631579663	3138
-0.02666556475534	0.555316783803888	83
-0.03562965376205	0.57273266881158	496
-0.00146816014262008	0.797879294056104	23
-0.00772794244596997	0.828052257466456	815
-0.0334209768129401	0.552979410527908	1299
-0.00793059475501989	0.798417415156676	793
-0.0325839463761199	0.568939892639774	75
0.0128280568627801	1.01578412554138	75
-0.0366367554240601	0.551173840789553	928
-0.000745747544439901	0.781039705255396	411
-0.0344921214570599	0.567056159779366	2163
0.0457546237855799	1.70375154527987	392
-0.08256582388276	1.38194682858433	161
-0.0596395908110601	1.38720555508055	876
-0.03292188135986	0.555430504293838	874
0.05304020261091	1.48744564782349	2576
-0.00713083767992995	0.788834197195954	23
-0.0651622790617801	1.53101980340539	825
-0.0344921214570599	0.567056159779366	803
-0.000745747544439901	0.781039705255396	298
-0.03510729179245	1.70755526123349	175
-0.0304485609024301	0.571635312320433	815
0.01660612005068	0.986989428469725	582
-0.0288025806515999	0.552844657042527	359
0.0364922887714201	1.25702566018094	570
-0.0304485609024301	0.571635312320433	1100
0.12175457338437	1.2689946464809	2576
0.11363338209684	2.117329205548	1508
-0.03151586580405	0.574497786496295	298
-0.0507577010301901	2.43093973605952	705
-0.0293083870492801	0.565957082481742	102
-0.00852719596529994	0.82341716190178	161
-0.07236285254742	1.49724853349318	392
-0.02938203058712	0.554835342168621	1033
-0.03562965376205	0.57273266881158	496
-0.0367013826593099	0.571696966677706	496
-0.00380292046245989	0.792192513342636	803
-0.03151586580405	0.574497786496295	803
-0.0303758862457899	0.568755687984731	3882
-0.0344921214570599	0.567056159779366	34
-0.00408156091039991	0.788167237220455	441
-0.02938203058712	0.554835342168621	359
-0.0304485609024301	0.571635312320433	1033
-0.0345587057766299	0.558314589078715	496
-0.0325839463761199	0.568939892639774	825
-0.0293083870492801	0.565957082481742	803
-0.0318493259185899	0.556375725071351	4979
-0.0304485609024301	0.571635312320433	2203
-0.0288025806515999	0.552844657042527	87
-0.0304485609024301	0.571635312320433	793
-0.11798360407107	1.27274693130997	469
-0.0355640472947301	0.56605263232295	928
-0.0367013826593099	0.571696966677706	359
-0.0345587057766299	0.558314589078715	11
-0.11860085465513	1.96918553599179	2112
0.00488343938482005	2.14629377925836	3138
0.0308153922896299	1.28918478873519	161
-0.119235882344	1.21794127301096	161
-0.02666556475534	0.555316783803888	496
-0.0344921214570599	0.567056159779366	496
-0.0293083870492801	0.565957082481742	1438
-0.0123685868568799	0.795124800463189	582
-0.03151586580405	0.574497786496295	3091
-0.0345587057766299	0.558314589078715	11
-0.00327713990859002	0.783717765889225	5043
-0.03151586580405	0.574497786496295	114
-0.00953105276018995	0.79645385897965	211
-0.0123685868568799	0.795124800463189	1
-0.04206571025155	1.69993785111418	1
-0.00468200313562006	0.806443643796301	1
-0.0367013826593099	0.571696966677706	75
-0.0325839463761199	0.568939892639774	2471
-0.03562965376205	0.57273266881158	235
0.0654565190180401	2.26860848933984	269
-0.10921306542588	1.18305654845563	392
-0.03970666869372	0.543652412550187	114
-0.00206832376341004	0.779074857346418	496
-0.0303758862457899	0.568755687984731	496
-0.01056294133632	0.762861907578392	496
-0.01615630342125	0.753196923060088	23
0.02328070771214	0.963812737256813	1198
-0.0303758862457899	0.568755687984731	1438
-0.0288025806515999	0.552844657042527	3903
-0.0345587057766299	0.558314589078715	288
0.0450891130436999	1.53070486737103	288
-0.0115745763227	0.796023855040867	1004
0.0397087612875	1.28538069405964	469
-0.0336528037050301	0.551127532438659	3091
-0.03151586580405	0.574497786496295	314
-0.00287082152618989	0.778096395897982	502
-0.03151586580405	0.574497786496295	80
-0.0183662370353199	1.97542806061725	392
-0.1233674275628	1.21244889921779	161
-0.0303758862457899	0.568755687984731	1033
0.01280371353157	1.07398641746359	1713
-0.00227114232336989	0.809739230591547	114
-0.0367013826593099	0.571696966677706	570
0.01088525861402	1.02190954109304	1100
0.0204491219182601	1.03594462736779	4854
-0.04378450459511	1.71768854157458	825
0.0466851497054399	1.50659631103582	705
-0.0304485609024301	0.571635312320433	1438
0.0365933974396599	1.27400806475642	1
-0.00488630237296994	0.787149946740264	307
0.0228647384143701	1.24906523603001	35
0.01919488119916	1.03358904343148	11
-0.12110005666626	1.19469140296403	269
-0.000537929014559957	0.772950282023242	2112
-0.0325839463761199	0.568939892639774	114
-0.00672623415213991	0.79134967028298	825
-0.0103317541774699	0.78515735496581	298
0.03559981251619	1.25304023370619	705
-0.0171650396229299	0.731850676219687	152
-0.0107808871211601	0.788807393064317	469
-0.0325839463761199	0.568939892639774	411
0.05898070907064	1.7857653764874	3138
0.0128222126359601	1.0481210354892	6277
0.01375633365689	1.06770834348018	5955
-0.00692900236779992	0.825613110856424	250
0.11915482986437	1.81788400819956	23
-0.12401078659937	1.91207648106006	23
0.000260627095709953	0.779202075035729	705
-0.0304485609024301	0.571635312320433	1
-0.03151586580405	0.574497786496295	802
-0.0303758862457899	0.568755687984731	582
-0.0450046022214201	0.512485231190145	928
-0.0355640472947301	0.56605263232295	359
-0.0303758862457899	0.568755687984731	11
-0.02832154587706	1.8630895439125	2112
-0.03976611515909	0.539160558684856	114
-0.11798360407107	1.27274693130997	23
-0.0683909009903201	1.52297453987816	65
0.0201491064671	1.00012036386563	2706
0.00867938182943995	1.05622125891492	1438
-0.00387806357019005	0.813421648198263	2819
-0.03151586580405	0.574497786496295	582
-0.0355640472947301	0.56605263232295	411
-0.03562965376205	0.57273266881158	359
-0.0107808871211601	0.788807393064317	681
-0.0367013826593099	0.571696966677706	392
-0.0694828736716	1.53534571203788	6277
-0.00340944055894998	0.711340334959693	114
-0.00387806357019005	0.813421648198263	183
-0.02666556475534	0.555316783803888	23
-0.0355640472947301	0.56605263232295	1773
-0.00953105276018995	0.79645385897965	65
-0.03292188135986	0.555430504293838	1251
-0.00287082152618989	0.778096395897982	1
-0.11076912081287	1.22913787437283	307
-0.0133820703279901	0.770538028725537	152
-0.03151586580405	0.574497786496295	443
-0.00569136454788999	0.780761726457047	392
-0.0293083870492801	0.565957082481742	392
-0.0344921214570599	0.567056159779366	392
-0.03151586580405	0.574497786496295	23
-0.03151586580405	0.574497786496295	23
-0.03151586580405	0.574497786496295	65
0.0491217576558001	2.01266926128137	2262
-0.00359442909742991	0.792548883206837	2819
-0.00852719596529994	0.82341716190178	1251
-0.0314441613901699	0.563341198905054	802
-0.00227114232336989	0.809739230591547	288
-0.0293083870492801	0.565957082481742	1254
-0.0367013826593099	0.571696966677706	1356
-0.11041953205224	1.18604201691978	582
-0.00206832376341004	0.779074857346418	184
-0.0325839463761199	0.568939892639774	80
0.0345622405685599	1.21925378921017	2818
0.0402471887835201	1.20802413546892	2654
-0.00380292046245989	0.792192513342636	804
-0.03562965376205	0.57273266881158	928
-0.0303758862457899	0.568755687984731	928
0.0530812640586	1.52521491182532	2939
-0.11989753956006	1.19035743531322	2939
-0.02938203058712	0.554835342168621	2935
-0.11225322922001	1.11172797481442	6906
-0.00387806357019005	0.813421648198263	23
-0.00692900236779992	0.825613110856424	259
-0.00832278545478005	0.776263863446119	3213
0.00330324953595995	1.00980525575816	1
-0.00953105276018995	0.79645385897965	307
-0.0683909009903201	1.52297453987816	152
-0.0293083870492801	0.565957082481742	152
-0.0293083870492801	0.565957082481742	839
0.0456889004021599	1.58543836701488	392
-0.0303758862457899	0.568755687984731	2935
-0.00307444338271989	0.814556392712404	6906
0.03705157695246	1.25848666266647	23
0.0323538253979701	1.32618496956522	2706
-0.00387806357019005	0.813421648198263	34
-0.0339952201049001	0.541232043992755	152
-0.0344921214570599	0.567056159779366	839
-0.0303758862457899	0.568755687984731	359
-0.0325839463761199	0.568939892639774	184
-0.03151586580405	0.574497786496295	184
-0.0718157658868199	1.47887824409612	269
0.0140589530934301	1.03985784076087	269
-0.08087976067366	1.98341503525842	2818
0.03021505944488	1.30260991374228	392
0.01154762653011	1.07802523492677	23
-0.00300857946690991	0.78273781482693	1141
-0.11803476810465	1.19807130471323	1797
0.0350431599026	1.28591287892186	802
-0.00387806357019005	0.813421648198263	802
-0.0325839463761199	0.568939892639774	1543
-0.0304485609024301	0.571635312320433	839
-0.0325839463761199	0.568939892639774	184
-0.0355640472947301	0.56605263232295	235
-0.11111732800624	1.19012517218066	392
-0.02773368423247	0.557998868810911	2057
-0.08837088261143	2.13679515178492	183
0.00330324953595995	1.00980525575816	65
-0.00468200313562006	0.806443643796301	705
-0.0123685868568799	0.795124800463189	225
-0.0367013826593099	0.571696966677706	225
-0.0314441613901699	0.563341198905054	307
-0.01135595599668	0.762087026430909	2493
-0.0408415240703699	0.548722359325435	1347
-0.03251321356938	0.545959643614202	582
-0.11641017218368	1.22952236552675	36
-0.0304485609024301	0.571635312320433	839
-0.0367013826593099	0.571696966677706	839
-0.0355640472947301	0.56605263232295	102
-0.01557411122765	1.98108289545929	2939
0.00234352979933994	0.93095084557885	392
-0.1220639640453	1.25306290794968	5549
-0.0153662490206199	0.749588613659801	225
-0.0314441613901699	0.563341198905054	778
-0.02938203058712	0.554835342168621	928
-0.03151586580405	0.574497786496295	839
-0.03562965376205	0.57273266881158	839
-0.00659223634215	0.75727910019049	23
-0.00592842677396011	0.789136937394569	804
0.0323538253979701	1.32618496956522	1
-0.00300857946690991	0.78273781482693	761
-0.0344921214570599	0.567056159779366	307
-0.12043780891213	1.20776950570334	152
-0.0107808871211601	0.788807393064317	152
-0.0334209768129401	0.552979410527908	36
-0.03151586580405	0.574497786496295	839
-0.0303758862457899	0.568755687984731	839
-0.00772794244596997	0.828052257466456	2066
-0.0303758862457899	0.568755687984731	102
-0.0314441613901699	0.563341198905054	80
0.0715807597439599	2.20790727156007	5909
-0.00852719596529994	0.82341716190178	2939
-0.0346277236614501	1.69812129395157	2939
-0.02559822113342	0.539640927704177	183
0.02612474289218	1.29274915966998	250
-0.0304485609024301	0.571635312320433	23
-0.0288025806515999	0.552844657042527	1377
-0.02938203058712	0.554835342168621	225
-0.0344921214570599	0.567056159779366	309
-0.0325839463761199	0.568939892639774	309
-0.06609526716162	1.40664547224496	207
-0.0344921214570599	0.567056159779366	307
0.00996186323984993	1.00585194720716	152
-0.00528022407111006	0.735630960475332	119
-0.0355640472947301	0.56605263232295	582
-0.01056294133632	0.762861907578392	36
-0.0153662490206199	0.749588613659801	887
-0.0344921214570599	0.567056159779366	2066
-0.0355640472947301	0.56605263232295	235
-0.0367013826593099	0.571696966677706	392
-0.00408156091039991	0.788167237220455	392
-0.04387225769301	0.508232706985773	3900
-0.03976611515909	0.539160558684856	23
0.0541862557978301	1.69141415488354	1
-0.00387806357019005	0.813421648198263	225
-0.0304485609024301	0.571635312320433	1426
-0.0115745763227	0.796023855040867	80
-0.0367013826593099	0.571696966677706	80
-0.03151586580405	0.574497786496295	183
-0.0304485609024301	0.571635312320433	183
-0.02666556475534	0.555316783803888	2396
0.00165142088078007	0.766850978093335	23
-0.0325839463761199	0.568939892639774	65
0.0185282355506899	1.01787493166558	225
0.00038405570659994	0.739221009825766	225
0.000852678794879935	0.777634427020144	309
-0.0314441613901699	0.563341198905054	3187
0.0391504128318501	1.28969619148801	1426
-0.03562965376205	0.57273266881158	3450
-0.0325839463761199	0.568939892639774	839
0.12353364317222	2.08490179421477	269
-0.0304485609024301	0.571635312320433	6413
0.0112233030383699	1.03777507391927	207
-0.11677543427213	1.26123812958458	35
-0.00307444338271989	0.814556392712404	36
-0.0355640472947301	0.56605263232295	184
-0.0318493259185899	0.556375725071351	920
-0.00367363733279991	0.771888888375357	11
-0.0293083870492801	0.565957082481742	183
-0.0367013826593099	0.571696966677706	183
-0.11705380132587	1.23273747732514	65
-0.0344921214570599	0.567056159779366	65
-0.11677543427213	1.26123812958458	225
-0.02938203058712	0.554835342168621	225
-0.02666556475534	0.555316783803888	1
-0.03151586580405	0.574497786496295	152
-0.0314441613901699	0.563341198905054	152
-0.0303758862457899	0.568755687984731	36
-0.0355640472947301	0.56605263232295	235
-0.0288025806515999	0.552844657042527	183
-0.0355640472947301	0.56605263232295	183
0.0391504128318501	1.28969619148801	183
-0.01135595599668	0.762087026430909	225
-0.03151586580405	0.574497786496295	309
0.00742552727008006	1.05377951218591	1408
-0.0367013826593099	0.571696966677706	1408
0.0204491219182601	1.03594462736779	38
-0.0334209768129401	0.552979410527908	152
-0.00227114232336989	0.809739230591547	152
-0.03562965376205	0.57273266881158	1300
-0.00488630237296994	0.787149946740264	3450
-0.0408415240703699	0.548722359325435	184
-0.0355640472947301	0.56605263232295	184
-0.03562965376205	0.57273266881158	80
-0.03151586580405	0.574497786496295	235
-0.06499920638887	1.4342698766074	1449
-0.02559822113342	0.539640927704177	23
-0.02938203058712	0.554835342168621	23
-0.0293083870492801	0.565957082481742	309
-0.0303758862457899	0.568755687984731	152
-0.0314441613901699	0.563341198905054	839
-0.0336528037050301	0.551127532438659	920
-0.02938203058712	0.554835342168621	183
0.01190457072819	1.0006514654114	23
-0.00227114232336989	0.809739230591547	23
0.00425932862739997	1.00446116153381	432
-0.0367013826593099	0.571696966677706	225
-0.0367013826593099	0.571696966677706	2457
-0.00359442909742991	0.792548883206837	207
-0.0288025806515999	0.552844657042527	207
-0.00698336947030009	0.754986364945214	1426
-0.0367013826593099	0.571696966677706	863
-0.02559822113342	0.539640927704177	5977
-0.02773368423247	0.557998868810911	183
-0.00918211019679993	0.764793081497614	23
-0.00873066636727993	0.800679377187348	65
0.03347184533749	1.31596363630186	65
0.0407276264591601	1.27943593613357	1
-0.00873066636727993	0.800679377187348	225
-0.03562965376205	0.57273266881158	2283
-0.00852719596529994	0.82341716190178	309
-0.00692900236779992	0.825613110856424	38
0.0147095868455001	1.01911202827601	152
0.01694626135947	0.990858778072586	152
0.00775360090596999	1.03587051430661	119
-0.00287082152618989	0.778096395897982	36
-0.0207428145789901	0.705557737800725	36
-0.00468200313562006	0.806443643796301	505
-0.0314441613901699	0.563341198905054	505
-0.03151586580405	0.574497786496295	839
-0.00533206156837007	0.789578545729056	839
-0.03151586580405	0.574497786496295	184
-0.0325839463761199	0.568939892639774	920
0.00744795548364996	1.00271763297338	4552
-0.0304485609024301	0.571635312320433	2899
-0.0345587057766299	0.558314589078715	23
0.0313343939259301	1.31931684545371	23
-0.0654520778249601	1.46225225634141	23
-0.0653388441320999	1.43734077024249	65
0.05691779212101	1.45170584721832	225
-0.11546089319569	1.23609155712036	38
-0.03151586580405	0.574497786496295	36
-0.0293083870492801	0.565957082481742	184
-0.02773368423247	0.557998868810911	235
-0.00247303911621999	0.772786881082854	235
-0.00772794244596997	0.828052257466456	235
-0.00613037548914996	0.815197966688513	2899
-0.0303758862457899	0.568755687984731	698
0.0058055324095101	0.997577713775474	23
0.0323538253979701	1.32618496956522	65
-0.00287082152618989	0.778096395897982	65
0.0316970141778801	1.27033965989018	65
-0.04191772030698	0.538875467871723	13
-0.03970666869372	0.543652412550187	21
-0.0314441613901699	0.563341198905054	338
0.05589025944214	1.87015044794558	23
-0.12266715422957	1.24366453519488	432
-0.0340218366102001	1.65817489921035	1
-0.0293083870492801	0.565957082481742	1
0.0153635869890401	1.02679058030927	207
-0.00569136454788999	0.780761726457047	1496
-0.0012661437964101	0.774732428798377	36
-0.00307444338271989	0.814556392712404	920
-0.0304485609024301	0.571635312320433	21
-0.0314441613901699	0.563341198905054	235
0.0439241805900601	1.52827886581697	443
0.04497240797552	1.53846246828655	1569
-0.07081286783965	1.48659804485638	392
0.0239735622230699	0.955533876259556	392
0.040266937215	1.27500141989636	251
-0.03151586580405	0.574497786496295	698
-0.0121492910765399	0.754144054286508	65
0.0214151524322901	1.10236845408979	65
0.00963322592308002	1.05023164253597	65
-0.0750082764742801	1.44129746951922	65
-0.0304485609024301	0.571635312320433	2243
-0.00200901475426996	0.780903871596455	152
-0.00692900236779992	0.825613110856424	103
-0.00713083767992995	0.788834197195954	184
-0.00852719596529994	0.82341716190178	184
-0.0344921214570599	0.567056159779366	338
-0.0318493259185899	0.556375725071351	21
-0.0344921214570599	0.567056159779366	5464
-0.0303758862457899	0.568755687984731	5464
-0.01553591448003	1.91921071935997	1768
-0.0121492910765399	0.754144054286508	1505
-0.11095862499677	1.86438347795963	3990
0.04616805000489	1.59569667433275	23
0.02547654845604	1.25703825475749	3207
-0.0304485609024301	0.571635312320433	3207
0.0159959400012399	1.03552463054954	190
0.000053622734160097	0.782030476528968	235
-0.0303758862457899	0.568755687984731	235
-0.0314441613901699	0.563341198905054	392
-0.0293083870492801	0.565957082481742	23
0.00419332315733989	0.730446668459255	23
-0.0183407699875	0.670860374407647	23
-0.11460140029398	1.22363453187692	65
-0.00280156163681	0.790316349450718	516
0.01569767237446	1.06924991805415	309
-0.0325839463761199	0.568939892639774	207
-0.00154543228416992	0.7747553771261	207
-0.0408415240703699	0.548722359325435	190
-0.0367013826593099	0.571696966677706	21
-0.0304485609024301	0.571635312320433	108
-0.03706397027604	0.534056234168037	2893
-0.03251321356938	0.545959643614202	235
-0.0304485609024301	0.571635312320433	235
-0.11762053806442	1.98054087979433	65
-0.0715810424805701	1.46054534855516	65
-0.02938203058712	0.554835342168621	516
-0.12397139193975	1.21104034955123	36
-0.0304485609024301	0.571635312320433	190
-0.0304485609024301	0.571635312320433	3720
-0.0304485609024301	0.571635312320433	527
-0.0282416627159101	0.549555586451851	183
0.01032273465564	1.01324530431313	1213
-0.0303758862457899	0.568755687984731	207
0.000260627095709953	0.779202075035729	207
-0.000537929014559957	0.772950282023242	13
-0.06651561733488	1.40952829287066	13
-0.02938203058712	0.554835342168621	633
-0.03151586580405	0.574497786496295	2298
-0.11606708666504	1.22841277653848	378
-0.11545623262648	1.26661806416446	176
-0.01039546173517	0.706049737040376	1178
0.05241087285633	1.73601204232429	698
0.02923120662751	1.30555158729055	698
0.03656543970402	1.21032347442067	23
0.03806254778677	1.21571919173177	23
0.03077481335424	1.31429747443904	554
-0.11197692308511	1.22007376524786	1
-0.0303758862457899	0.568755687984731	520
0.01919488119916	1.03358904343148	13
-0.0282416627159101	0.549555586451851	1943
-0.00793059475501989	0.798417415156676	103
-0.02773368423247	0.557998868810911	4494
-0.03863106043718	0.534301128834276	494
-0.12241450809671	1.26215294462544	554
-0.00307444338271989	0.814556392712404	3191
-0.04230984428282	0.50061428537264	309
-0.0293083870492801	0.565957082481742	103
-0.04078306456226	0.53403404521053	633
0.0175747587492101	1.05279592433136	36
-0.0325839463761199	0.568939892639774	21
0.11532495134494	1.74259148792571	443
-0.00772794244596997	0.828052257466456	443
-0.0646160435807499	1.51762648383647	176
-0.0183662370353199	1.97542806061725	23
-0.00513093125787001	0.779798623153035	65
-0.00387806357019005	0.813421648198263	65
-0.01056294133632	0.762861907578392	1
-0.0344921214570599	0.567056159779366	152
-0.0318493259185899	0.556375725071351	447
-0.0425409804361501	1.72696564427822	23
-0.11988863650925	1.22894868309687	23
-0.06725833047395	1.47835601879002	23
0.0350049564958399	1.29024708047176	23
0.05083731918223	1.78820589773047	65
-0.03151586580405	0.574497786496295	65
-0.03151586580405	0.574497786496295	516
0.01441024441231	1.03254373535509	13
-0.06877361252287	1.48238378782407	38
-0.0314441613901699	0.563341198905054	103
-0.0099726750134701	0.756755562097481	204
-0.0043876173920101	0.788419104436732	4905
-0.00513093125787001	0.779798623153035	190
-0.12425093718107	1.82959456095256	443
0.0057803352946999	0.71750679393929	1661
-0.0103317541774699	0.78515735496581	494
0.00772617080181992	1.01692028087133	23
-0.00307444338271989	0.814556392712404	23
0.04832731912364	1.55951380511594	804
0.0266827847019799	1.28261301620124	65
-0.0654520778249601	1.46225225634141	65
-0.0314441613901699	0.563341198905054	152
-0.0657086777487701	1.53653462119827	103
-0.00873066636727993	0.800679377187348	204
-0.0318493259185899	0.556375725071351	204
-0.00387806357019005	0.813421648198263	204
-0.00247303911621999	0.772786881082854	6177
-0.03251321356938	0.545959643614202	21
-0.0366367554240601	0.551173840789553	21
0.0000400165624900861	2.11107643435251	443
-0.11803476810465	1.19807130471323	23
-0.11663562842584	1.96872676788771	23
-0.12031227925556	1.91503035239071	1582
-0.11737942317356	1.27075276155977	430
-0.0647049921114999	1.52892246618061	65
0.04948437110826	1.52264358945988	656
-0.03970666869372	0.543652412550187	103
-0.00592842677396011	0.789136937394569	204
-0.02938203058712	0.554835342168621	184
-0.0314441613901699	0.563341198905054	21
0.06395557987333	1.86153527579795	722
0.0443192855325401	1.71068577945663	65
0.0179032375041801	1.02935806528493	65
-0.0133820703279901	0.770538028725537	520
-0.02666556475534	0.555316783803888	103
-0.03151586580405	0.574497786496295	633
-0.00613037548914996	0.815197966688513	633
-0.00307444338271989	0.814556392712404	184
-0.00998751899586003	0.766990135110118	21
-0.0293083870492801	0.565957082481742	21
0.01280371353157	1.07398641746359	21
-0.11425115379034	1.26990154634741	65
0.0411473999602301	1.18165516069126	990
0.0297957851086299	1.31496121002925	207
-0.00672623415213991	0.79134967028298	4905
-0.0293083870492801	0.565957082481742	378
-0.0179564158110499	0.727328071222787	184
-0.04078306456226	0.53403404521053	184
-0.0367013826593099	0.571696966677706	21
-0.00548626232913008	0.79277770538421	21
-0.0303758862457899	0.568755687984731	21
0.11794107270126	1.76311745323178	421
-0.10415844006865	1.02899009103203	1667
-0.11572040179484	1.20743758273984	23
0.0536783191005601	1.50983719028852	1
-0.0304485609024301	0.571635312320433	990
0.05443955726758	1.81145144523965	309
-0.0325839463761199	0.568939892639774	351
-0.0314441613901699	0.563341198905054	21
0.0434060137949801	1.54485019073557	443
0.0204491219182601	1.03594462736779	162
-0.02938203058712	0.554835342168621	23
-0.0460845159736101	0.512988149662245	23
-0.00227114232336989	0.809739230591547	65
0.0338881402135101	1.28707002303976	554
-0.11989753956006	1.19035743531322	207
-0.00772794244596997	0.828052257466456	1069
-0.03970666869372	0.543652412550187	38
-0.00513093125787001	0.779798623153035	204
-0.0303758862457899	0.568755687984731	378
-0.03151586580405	0.574497786496295	378
-0.0367013826593099	0.571696966677706	5370
-0.00307444338271989	0.814556392712404	21
-0.0367013826593099	0.571696966677706	21
-0.0726988384873699	2.24820938282349	2709
-0.11137292594135	1.22765161991285	162
-0.0242264978556199	1.89185171797102	722
-0.0314441613901699	0.563341198905054	1178
-0.0282416627159101	0.549555586451851	23
0.000852678794879935	0.777634427020144	65
0.0330120965901499	1.29361870150489	65
-0.06600014930246	1.45729083916219	2204
-0.03151586580405	0.574497786496295	990
-0.00146816014262008	0.797879294056104	990
0.0178790300168501	1.0314188532149	207
0.0128222126359601	1.0481210354892	207
0.0376050067168601	1.32232026471552	13
0.01919488119916	1.03358904343148	4905
-0.00459756972525005	0.794432996332145	633
-0.0367013826593099	0.571696966677706	5370
-0.00793059475501989	0.798417415156676	21
-0.0684770278134701	1.52778860206346	443
-0.12359756965077	1.18035132441656	1178
-0.02773368423247	0.557998868810911	23
0.0153697570467599	1.04048351906739	430
-0.08475626742641	2.1691683191032	6476
-0.000745747544439901	0.781039705255396	65
-0.00713083767992995	0.788834197195954	554
0.01280371353157	1.07398641746359	1
0.0280257082223601	1.24976693498416	38
-0.00307444338271989	0.814556392712404	103
-0.0304485609024301	0.571635312320433	55
0.01889063678239	0.982354602066335	443
-0.0293083870492801	0.565957082481742	162
0.0353738714923899	1.31546620195902	23
-0.00692900236779992	0.825613110856424	1852
-0.11132003849916	1.15981424347243	65
-0.12275515597407	1.82021902256031	65
-0.1191925423106	1.25481890933781	554
0.0198221072654901	1.03748039864953	207
-0.0336528037050301	0.551127532438659	13
0.05687916610039	1.76682936073187	38
0.0353738714923899	1.31546620195902	38
-0.0304485609024301	0.571635312320433	1003
0.02077584842083	1.00368099323067	103
-0.0125870649166799	0.771343371113847	616
0.000053622734160097	0.782030476528968	162
-0.12362166348803	1.25102770682715	23
-0.0641588847183701	1.52346059509723	1
-0.00670266892623994	1.82734269104937	65
0.0292372068500699	1.32061935515268	65
-0.0344921214570599	0.567056159779366	554
-0.02773368423247	0.557998868810911	554
0.0439383595527001	1.5583998091274	309
0.03347184533749	1.31596363630186	2687
-0.00569136454788999	0.780761726457047	3936
-0.0336528037050301	0.551127532438659	378
-0.0288025806515999	0.552844657042527	1867
-0.03151586580405	0.574497786496295	21
-0.11945546790352	1.2430509925356	2951
0.0494353128073399	1.90943744807789	23
0.0102740197356099	0.974845768150946	430
-0.03562965376205	0.57273266881158	344
-0.04122908072669	0.500126576870087	65
0.0471194847637	1.53163752511481	896
-0.0303758862457899	0.568755687984731	554
-0.00387806357019005	0.813421648198263	990
-0.00592842677396011	0.789136937394569	38
-0.02938203058712	0.554835342168621	204
-0.0115745763227	0.796023855040867	633
-0.00367363733279991	0.771888888375357	54
-0.0325839463761199	0.568939892639774	1867
-0.0334209768129401	0.552979410527908	21
-0.0344921214570599	0.567056159779366	21
0.01629859197846	1.04450186890114	2951
-0.0344921214570599	0.567056159779366	430
-0.0121492910765399	0.754144054286508	65
-0.00548626232913008	0.79277770538421	843
-0.03151586580405	0.574497786496295	896
-0.0334209768129401	0.552979410527908	1
-0.0303758862457899	0.568755687984731	990
-0.01056294133632	0.762861907578392	4567
-0.00227114232336989	0.809739230591547	13
0.01725048872499	1.03858107432365	2477
-0.11520788067275	1.8033490325636	103
-0.0303758862457899	0.568755687984731	287
0.00867938182943995	1.05622125891492	283
-0.0293083870492801	0.565957082481742	54
0.12488615867771	1.55885926731897	1178
-0.12146096463239	1.25462941575279	430
-0.0293083870492801	0.565957082481742	344
-0.00227114232336989	0.809739230591547	843
-0.0367013826593099	0.571696966677706	896
0.0108047637122399	2.29666026351255	554
-0.0345587057766299	0.558314589078715	554
-0.03458093018186	1.77419302471186	309
0.05297566525968	1.98679485660456	309
-0.0304485609024301	0.571635312320433	352
-0.03151586580405	0.574497786496295	1728
-0.0304485609024301	0.571635312320433	1728
-0.11641017218368	1.22952236552675	103
-0.0293083870492801	0.565957082481742	54
-0.0367013826593099	0.571696966677706	1274
-0.03976611515909	0.539160558684856	21
-0.02773368423247	0.557998868810911	421
-0.0408415240703699	0.548722359325435	443
0.11415848599219	2.30533639329184	162
-0.00227114232336989	0.809739230591547	6063
-0.02938203058712	0.554835342168621	430
-0.0304485609024301	0.571635312320433	430
-0.0344921214570599	0.567056159779366	4798
0.05144479964453	1.91342604043672	1337
-0.0366367554240601	0.551173840789553	1337
-0.12100739249428	1.15309667108579	65
-0.0304485609024301	0.571635312320433	1434
-0.0304485609024301	0.571635312320433	554
-0.0367013826593099	0.571696966677706	13
-0.00206832376341004	0.779074857346418	633
-0.03970666869372	0.543652412550187	421
-0.0304485609024301	0.571635312320433	1002
-0.0303758862457899	0.568755687984731	443
-0.0367013826593099	0.571696966677706	430
-0.0325839463761199	0.568939892639774	2787
-0.03562965376205	0.57273266881158	2787
0.00835327190462998	1.00795710320135	65
-0.0293083870492801	0.565957082481742	65
-0.00852719596529994	0.82341716190178	65
-0.00359442909742991	0.792548883206837	309
-0.06830336105822	1.42386296195344	309
-0.00539252749047003	0.790280729736284	38
-0.03562965376205	0.57273266881158	287
-0.03151586580405	0.574497786496295	1002
-0.03151586580405	0.574497786496295	2742
-0.00793059475501989	0.798417415156676	23
0.000260627095709953	0.779202075035729	430
-0.02938203058712	0.554835342168621	896
-0.0304485609024301	0.571635312320433	1434
0.0029741848473599	0.982603108890341	207
-0.0408415240703699	0.548722359325435	38
-0.0293083870492801	0.565957082481742	38
-0.0303758862457899	0.568755687984731	1728
-0.0334209768129401	0.552979410527908	103
-0.0303758862457899	0.568755687984731	103
-0.02666556475534	0.555316783803888	103
-0.11772730665671	1.26892138777244	287
0.0148458472713899	1.16937351510799	443
0.0286741025263499	1.30784949383853	23
0.04879249782172	1.78122947370017	23
0.0434060137949801	1.54485019073557	23
-0.12348668962074	1.07122579660861	344
-0.00359442909742991	0.792548883206837	2264
0.0128222126359601	1.0481210354892	3711
0.04123493116088	1.49192846111273	896
-0.0133820703279901	0.770538028725537	896
0.0172476753203701	1.00410941879305	896
-0.03562965376205	0.57273266881158	896
0.04517126208499	1.58705148484679	65
-0.00227114232336989	0.809739230591547	554
0.0163235777334501	1.07055263824723	554
-0.11424026455196	2.41856852224773	309
-0.0368294271774601	1.67565881443115	207
-0.0314441613901699	0.563341198905054	762
0.04037972625849	1.47434849009522	103
0.0124925104337299	1.01060706782035	103
-0.0314441613901699	0.563341198905054	2108
-0.00672623415213991	0.79134967028298	71
-0.0334209768129401	0.552979410527908	1010
-0.0585014868700799	1.39401803019503	1002
-0.0410665590764201	1.77381626397235	1002
0.0520453617346499	1.50907335974877	125
-0.00359442909742991	0.792548883206837	447
0.0548498168060401	1.44488054025704	162
0.12206290872503	1.51175893268012	430
0.040266937215	1.27500141989636	344
-0.11833177326874	1.27856167004917	3226
-0.00488630237296994	0.787149946740264	207
0.0118733436868601	1.06384888051261	103
-0.00408156091039991	0.788167237220455	103
-0.0103317541774699	0.78515735496581	103
-0.0325839463761199	0.568939892639774	2108
-0.11954128380625	1.27521579834228	1053
0.0355631062112101	1.28216358571214	287
-0.00953105276018995	0.79645385897965	1221
-0.00772794244596997	0.828052257466456	71
-0.03777389356595	0.556445841614653	21
-0.07077888987631	1.49918372312791	1434
0.0147433637174501	1.03929494229751	990
-0.06450070248273	1.40262917806631	207
-0.0293083870492801	0.565957082481742	13
0.04811320513768	1.52336061796289	103
-0.00793059475501989	0.798417415156676	103
-0.0012661437964101	0.774732428798377	287
-0.00692900236779992	0.825613110856424	283
-0.00387806357019005	0.813421648198263	71
-0.03970666869372	0.543652412550187	71
-0.0304485609024301	0.571635312320433	1010
-0.03562965376205	0.57273266881158	21
0.05345432567419	1.79078814231096	46
0.11475751518498	1.74886792848984	23
-0.11614756642506	1.94790139845551	430
-0.07081286783965	1.48659804485638	554
-0.0367013826593099	0.571696966677706	990
-0.0293083870492801	0.565957082481742	207
-0.03777389356595	0.556445841614653	2949
-0.00387806357019005	0.813421648198263	287
-0.0367013826593099	0.571696966677706	1010
-0.02938203058712	0.554835342168621	2495
-0.0303758862457899	0.568755687984731	21
0.0732682715817501	2.49016455725178	443
-0.0528582901019501	2.37504148668206	125
-0.0334209768129401	0.552979410527908	162
-0.0304485609024301	0.571635312320433	23
-0.0622799317059199	1.44357319802102	23
0.0106173638926801	1.01749706295926	344
0.03870247794951	1.19040824106732	65
0.0289226706794501	1.20112775090341	638
-0.0142014012379501	1.95354279141603	207
-0.0334209768129401	0.552979410527908	6852
0.000852678794879935	0.777634427020144	6852
-0.02666556475534	0.555316783803888	13
0.01725048872499	1.03858107432365	762
-0.0303758862457899	0.568755687984731	103
0.00996581992529011	1.02941060989652	1906
-0.00692900236779992	0.825613110856424	109
-0.00852719596529994	0.82341716190178	21
-0.0304485609024301	0.571635312320433	1586
-0.0634775328025701	1.42665594886607	125
-0.0282416627159101	0.549555586451851	23
0.01597683061345	0.99933347936807	3186
0.0163235777334501	1.07055263824723	207
0.0281168274657599	1.30227755282241	103
-0.00307444338271989	0.814556392712404	1585
0.0150595299654599	0.948266120818587	21
-0.00569136454788999	0.780761726457047	21
-0.0325839463761199	0.568939892639774	1586
-0.0622799317059199	1.44357319802102	125
-0.03151586580405	0.574497786496295	162
0.0432457023716999	1.43363044309701	2742
-0.02938203058712	0.554835342168621	1335
0.03918009062933	1.54253508915332	23
-0.0177818943342301	1.8408315807831	46
0.03123511342138	1.3092334340926	1
0.00900689451464998	1.05253454329707	207
-0.0293083870492801	0.565957082481742	2572
-0.11858797707872	1.26746553873767	207
-0.0303758862457899	0.568755687984731	287
-0.00227114232336989	0.809739230591547	103
-0.11520413335342	1.23251909472896	287
0.000053622734160097	0.782030476528968	1359
-0.0125870649166799	0.771343371113847	1586
-0.00772794244596997	0.828052257466456	1586
-0.04078306456226	0.53403404521053	1010
0.0010588700785199	0.780185126113973	21
-0.0303758862457899	0.568755687984731	21
-0.0125870649166799	0.771343371113847	21
-0.00408156091039991	0.788167237220455	21
0.11967522125006	2.38426705297853	5909
-0.03151586580405	0.574497786496295	4033
0.06132934868135	1.65141034856746	23
0.01124525687098	1.04904954743318	46
-0.0405129067502401	1.72078824629589	990
-0.03562965376205	0.57273266881158	2949
-0.03151586580405	0.574497786496295	1359
-0.03151586580405	0.574497786496295	21
-0.0345587057766299	0.558314589078715	21
-0.0163739811874399	0.728482599154869	23
-0.0344921214570599	0.567056159779366	287
0.0198221072654901	1.03748039864953	283
-0.12397139193975	1.21104034955123	71
-0.0303758862457899	0.568755687984731	1359
-0.0282416627159101	0.549555586451851	1586
-0.00468200313562006	0.806443643796301	443
-0.11979729988093	1.23424651522933	443
-0.0355640472947301	0.56605263232295	46
-0.06406997121791	1.49593227562888	344
-0.11511448905814	1.22126435390336	638
-0.11954128380625	1.27521579834228	990
-0.00287082152618989	0.778096395897982	1083
-0.03562965376205	0.57273266881158	287
-0.0293083870492801	0.565957082481742	283
-0.02773368423247	0.557998868810911	651
-0.00227114232336989	0.809739230591547	125
-0.00367363733279991	0.771888888375357	430
0.0616040892054901	1.9430579818635	1
0.1201741288	1.56117906589713	3010
-0.0293083870492801	0.565957082481742	96
0.12369376920324	1.49204703389198	65
-0.00852719596529994	0.82341716190178	1
0.0250081438598999	1.28957961637391	2404
-0.0304485609024301	0.571635312320433	5946
0.03025877688861	1.29950599379041	287
0.0109192649010299	1.07005854050363	283
-0.00548626232913008	0.79277770538421	283
-0.03562965376205	0.57273266881158	1031
-0.02773368423247	0.557998868810911	10
-0.00793059475501989	0.798417415156676	21
-0.03151586580405	0.574497786496295	21
-0.0336528037050301	0.551127532438659	303
0.04513278434746	1.57564578614378	125
-0.02773368423247	0.557998868810911	125
-0.04250770323154	1.71961932111571	23
-0.01056294133632	0.762861907578392	23
0.12244395201154	1.56314367618011	46
-0.12450387843837	1.91809681988541	46
0.00196135358586003	0.711438051164549	207
0.0256582510088399	1.27634693448993	103
-0.0344921214570599	0.567056159779366	287
-0.0303758862457899	0.568755687984731	287
-0.11424908796406	1.23289551562509	109
-0.0314441613901699	0.563341198905054	3173
0.000430190855390089	0.973703156917759	443
0.0486527128965	1.87882274235538	125
-0.03976611515909	0.539160558684856	23
-0.11833177326874	1.27856167004917	4217
0.01503990714084	1.04208960540194	65
-0.0314441613901699	0.563341198905054	287
-0.12025553767034	1.2333882695182	287
-0.11485359792109	1.27190564220008	283
-0.00692900236779992	0.825613110856424	3173
-0.0334209768129401	0.552979410527908	741
-0.03151586580405	0.574497786496295	23
-0.0303758862457899	0.568755687984731	1236
-0.0179564158110499	0.727328071222787	96
-0.0344921214570599	0.567056159779366	207
-0.11823297827558	1.1498647042572	283
-0.00793059475501989	0.798417415156676	109
0.00867938182943995	1.05622125891492	10
-0.0012661437964101	0.774732428798377	1043
0.01250121866638	1.07170477077639	162
-0.0336528037050301	0.551127532438659	65
-0.0303758862457899	0.568755687984731	1161
-0.03151586580405	0.574497786496295	207
-0.0293083870492801	0.565957082481742	287
0.01473419333475	1.01140963585043	21
-0.03777389356595	0.556445841614653	2201
-0.00772794244596997	0.828052257466456	1043
-0.0107808871211601	0.788807393064317	1043
-0.0408415240703699	0.548722359325435	125
0.000053622734160097	0.782030476528968	125
-0.0123685868568799	0.795124800463189	910
0.06471759188338	1.66329199022015	430
-0.000537929014559957	0.772950282023242	96
0.0010588700785199	0.780185126113973	65
-0.00146816014262008	0.797879294056104	2822
-0.0657086777487701	1.53653462119827	762
-0.00327713990859002	0.783717765889225	2772
-0.03777389356595	0.556445841614653	3980
0.00930599326493997	1.04639528050602	21
-0.0304485609024301	0.571635312320433	125
-0.0366367554240601	0.551173840789553	397
0.0080525598755401	1.05854878694201	910
-0.07567437030525	1.49342829603045	1
-0.11580705727901	1.23440513533429	746
-0.1166620742118	1.23333929837629	746
-0.00206832376341004	0.779074857346418	287
0.01408262136641	1.02387943108031	287
-0.00307444338271989	0.814556392712404	21
-0.00692900236779992	0.825613110856424	782
-0.11424908796406	1.23289551562509	21
-0.0043876173920101	0.788419104436732	3636
-0.0293083870492801	0.565957082481742	125
0.03123511342138	1.3092334340926	3010
0.03123511342138	1.3092334340926	746
-0.02773368423247	0.557998868810911	13
0.00584093531621011	0.97055095468772	287
0.03816963357266	1.24464196962345	287
-0.06977669424614	1.50718167972347	287
0.01761336623865	0.997199714393124	283
-0.03151586580405	0.574497786496295	782
0.00185680017540002	0.775806930948334	21
-0.0325839463761199	0.568939892639774	455
-0.0293083870492801	0.565957082481742	125
-0.11391265234813	2.30531728499617	23
0.01094791729144	1.03378619905248	3388
-0.0169466743992399	0.74830199339599	1
-0.02559822113342	0.539640927704177	207
-0.0667114772270101	1.48028465804396	207
-0.12276606003465	1.89666783457981	207
0.00838035288711003	1.04783162834307	439
-0.0378112988889301	1.71224203676811	103
0.01250121866638	1.07170477077639	283
-0.0314441613901699	0.563341198905054	283
-0.06625523972921	1.53438100687853	10
-0.0336528037050301	0.551127532438659	6257
-0.0325839463761199	0.568939892639774	455
-0.0314441613901699	0.563341198905054	125
-0.04899683372138	2.04348310379798	46
0.0455208670251701	1.51350307103363	430
-0.00380292046245989	0.792192513342636	96
0.00867938182943995	1.05622125891492	2772
0.01217577602845	1.07935868996226	287
0.01503990714084	1.04208960540194	283
-0.0012661437964101	0.774732428798377	1548
-0.02666556475534	0.555316783803888	1563
0.0061708295659999	1.02083370920295	1563
-0.0121647952236601	1.74298680932148	443
-0.00227114232336989	0.809739230591547	125
0.12386591877161	1.31969229447235	430
-0.12196259325555	1.16918249945052	1
-0.0122710275859701	2.0849108582586	1
-0.03562965376205	0.57273266881158	207
0.06219145659161	1.7125228649191	13
0.0153635869890401	1.02679058030927	109
-0.03151586580405	0.574497786496295	6198
0.00775360090596999	1.03587051430661	125
-0.0334209768129401	0.552979410527908	125
0.01886899769258	1.00956025535441	3010
-0.00659223634215	0.75727910019049	207
-0.00468200313562006	0.806443643796301	207
-0.0339952201049001	0.541232043992755	2854
-0.03151586580405	0.574497786496295	13
-0.00154543228416992	0.7747553771261	103
-0.0304485609024301	0.571635312320433	287
0.01441024441231	1.03254373535509	10
-0.0304485609024301	0.571635312320433	6257
-0.0288025806515999	0.552844657042527	2481
-0.0303758862457899	0.568755687984731	5917
0.0010588700785199	0.780185126113973	443
0.0498202654576401	1.72400222948494	622
-0.0298951119665301	1.6237319882283	46
-0.00459756972525005	0.794432996332145	344
-0.0314441613901699	0.563341198905054	1
-0.00873066636727993	0.800679377187348	103
-0.03562965376205	0.57273266881158	287
-0.0303758862457899	0.568755687984731	287
-0.0367013826593099	0.571696966677706	109
0.0169276143616199	1.0372521527653	2220
0.01375633365689	1.06770834348018	2220
-0.00327713990859002	0.783717765889225	109
-0.03863106043718	0.534301128834276	1563
-0.0293083870492801	0.565957082481742	782
-0.0282416627159101	0.549555586451851	782
-0.12146096463239	1.25462941575279	443
-0.0385508159268699	1.67495139898022	125
-0.0657086777487701	1.53653462119827	1
-0.00897787225391	0.73665672155104	1
-0.00327713990859002	0.783717765889225	1
-0.06868132017593	1.5186837063651	3010
-0.03970666869372	0.543652412550187	3010
-0.00717736602851993	2.04681279421823	156
-0.0293083870492801	0.565957082481742	746
-0.06713166928515	1.48824940847883	439
0.0328154489558199	1.29986282255726	287
0.0409322315452501	1.56132025316873	287
-0.0304485609024301	0.571635312320433	109
-0.0303758862457899	0.568755687984731	4990
-0.00227114232336989	0.809739230591547	82
-0.02773368423247	0.557998868810911	336
0.03803319794798	1.28070805005623	430
0.00930599326493997	1.04639528050602	6532
-0.11833177326874	1.27856167004917	1
0.01629859197846	1.04450186890114	1
-0.0293083870492801	0.565957082481742	738
-0.12329073630183	1.92548118632757	207
0.03648978287607	1.33271983607485	21
0.000852678794879935	0.777634427020144	782
-0.0334209768129401	0.552979410527908	4990
-0.03970666869372	0.543652412550187	82
-0.0355640472947301	0.56605263232295	165
-0.0347661669189201	1.63846937803368	397
-0.0355640472947301	0.56605263232295	430
-0.0293083870492801	0.565957082481742	1
-0.03562965376205	0.57273266881158	1427
-0.0211843054343901	1.96537503719104	207
-0.0293083870492801	0.565957082481742	207
-0.11701905989948	1.18158108572778	287
-0.0355640472947301	0.56605263232295	370
-0.0314441613901699	0.563341198905054	2481
-0.03151586580405	0.574497786496295	1862
-0.00692900236779992	0.825613110856424	1
-0.0304485609024301	0.571635312320433	1101
-0.03151586580405	0.574497786496295	1782
-0.04078306456226	0.53403404521053	26
-0.0355640472947301	0.56605263232295	4727
-0.02666556475534	0.555316783803888	622
-0.04191772030698	0.538875467871723	6145
-0.0344921214570599	0.567056159779366	1
-0.03151586580405	0.574497786496295	13
-0.03151586580405	0.574497786496295	464
-0.0303758862457899	0.568755687984731	13
-0.0304485609024301	0.571635312320433	109
-0.0293083870492801	0.565957082481742	782
-0.0314441613901699	0.563341198905054	2091
-0.00772794244596997	0.828052257466456	1
-0.02773368423247	0.557998868810911	1487
-0.00380292046245989	0.792192513342636	1233
-0.01072780074835	1.8996646205621	13
-0.0111327708631399	0.760632896310627	2388
-0.00307444338271989	0.814556392712404	287
0.03057788712026	1.21020936433326	207
0.0118517258905599	1.03287603204612	899
0.12490272195241	1.29284723239427	287
-0.06236424125783	1.37924046540486	5
-0.00227114232336989	0.809739230591547	109
-0.03970666869372	0.543652412550187	370
-0.0303758862457899	0.568755687984731	370
-0.0304485609024301	0.571635312320433	1027
-0.03151586580405	0.574497786496295	782
-0.03151586580405	0.574497786496295	2055
-0.03562965376205	0.57273266881158	430
-0.03151586580405	0.574497786496295	1
-0.03562965376205	0.57273266881158	1
-0.00692900236779992	0.825613110856424	207
-0.0293083870492801	0.565957082481742	103
-0.0304485609024301	0.571635312320433	2665
-0.0325839463761199	0.568939892639774	666
0.0312849262853501	1.23905478709699	26
0.01507155693692	1.06141108996677	1027
-0.00772794244596997	0.828052257466456	782
-0.03970666869372	0.543652412550187	21
-0.11389951603754	1.22682489568954	738
0.0292372068500699	1.32061935515268	207
-0.11162676513225	1.16638158213466	207
-0.0199564661102001	0.706001337145713	1859
-0.0325839463761199	0.568939892639774	103
-0.00488630237296994	0.787149946740264	2362
-0.03151586580405	0.574497786496295	782
-0.0325839463761199	0.568939892639774	782
-0.0325839463761199	0.568939892639774	4113
0.00963322592308002	1.05023164253597	738
0.04440142006559	1.53647109077599	1
0.12490787629841	1.56508189590091	207
0.01032273465564	1.01324530431313	255
-0.11712802474731	1.97908180589254	899
-0.00327713990859002	0.783717765889225	725
-0.12085815587824	1.24828469694977	26
0.00965133788737993	0.980813364525632	5
-0.0288025806515999	0.552844657042527	782
-0.0355640472947301	0.56605263232295	782
-0.0334209768129401	0.552979410527908	782
-0.03292188135986	0.555430504293838	82
0.0045548092721599	1.01942379022277	657
-0.10583380194976	1.10126911094206	430
0.0634189917107599	2.3216560447658	5025
-0.07919443305283	2.02806756571677	156
-0.0303758862457899	0.568755687984731	248
-0.0355640472947301	0.56605263232295	255
-0.0367013826593099	0.571696966677706	725
0.11519254263055	1.75090796826888	725
-0.0654520778249601	1.46225225634141	26
0.0539708160450001	1.80136888673826	6136
0.0243480582362099	1.25925645255464	370
-0.0355640472947301	0.56605263232295	422
0.000260627095709953	0.779202075035729	1727
-0.0303758862457899	0.568755687984731	125
-0.0774794912349901	1.42357659692369	397
-0.0113437043684901	2.07490560758314	430
0.05584516953694	1.79600136249643	430
-0.12030368373235	1.91466226693189	3432
-0.0634775328025701	1.42665594886607	1
0.06570278344179	1.90578013992123	1
-0.03508739119678	1.76780279691526	207
-0.0304485609024301	0.571635312320433	899
-0.0325839463761199	0.568939892639774	370
-0.00307444338271989	0.814556392712404	782
-0.03863106043718	0.534301128834276	3144
-0.03151586580405	0.574497786496295	397
-0.07576094177447	1.45753246071211	397
-0.05174205523619	1.66839103610307	430
0.0503591227845399	1.56125265704594	430
0.0685867507990201	1.77833856990915	3432
-0.0303758862457899	0.568755687984731	207
-0.03863106043718	0.534301128834276	26
-0.0314441613901699	0.563341198905054	3422
-0.0336528037050301	0.551127532438659	82
-0.0367013826593099	0.571696966677706	1727
-0.00592842677396011	0.789136937394569	3144
0.00185680017540002	0.775806930948334	743
-0.0367013826593099	0.571696966677706	2653
0.0163235777334501	1.07055263824723	5
-0.00618779399357994	0.779157878746971	2220
-0.0131629189803499	0.786254780795841	2220
0.01280371353157	1.07398641746359	1
-0.000745747544439901	0.781039705255396	1
0.04016958721866	1.28371317549446	156
-0.11606708666504	1.22841277653848	2019
0.00461936989302991	2.07668589790759	103
-0.0719066196509099	1.51529156026498	26
-0.0293083870492801	0.565957082481742	5
-0.0282416627159101	0.549555586451851	782
-0.0293083870492801	0.565957082481742	82
-0.0288025806515999	0.552844657042527	82
0.04440142006559	1.53647109077599	443
0.01629859197846	1.04450186890114	4558
-0.0282416627159101	0.549555586451851	444
-0.0344921214570599	0.567056159779366	26
-0.0344921214570599	0.567056159779366	782
-0.0293083870492801	0.565957082481742	125
-0.0402449651546599	1.63620654385144	13
0.0308758285250299	1.26464559901777	899
-0.0340745954619	1.77291788758147	899
0.00392913404503004	1.01835818153943	5
-0.11580705727901	1.23440513533429	782
-0.00953105276018995	0.79645385897965	3243
0.0271941077114299	1.26138613937919	125
-0.00459756972525005	0.794432996332145	165
0.03637870599696	1.4960477321895	743
-0.11450271766737	2.36230868604657	738
0.05005787238039	1.44668861511351	88
0.04560787840946	1.52613094397387	88
0.04975665392197	1.47691814344073	899
-0.06977669424614	1.50718167972347	917
0.0128222126359601	1.0481210354892	82
0.0477254515928001	1.45811957870926	125
-0.000745747544439901	0.781039705255396	2253
0.05333385907186	1.70817105231241	1
-0.12276365465768	1.20659917081023	738
-0.03562965376205	0.57273266881158	88
-0.02666556475534	0.555316783803888	538
-0.00408156091039991	0.788167237220455	444
-0.0408415240703699	0.548722359325435	444
-0.11954128380625	1.27521579834228	782
-0.0303758862457899	0.568755687984731	782
-0.0293083870492801	0.565957082481742	3243
-0.06083643641249	1.4542987294848	125
-0.00387806357019005	0.813421648198263	2043
-0.00852719596529994	0.82341716190178	430
-0.00227114232336989	0.809739230591547	88
-0.0293083870492801	0.565957082481742	353
-0.11546089319569	1.23609155712036	538
0.00158347137697001	2.04021800411021	26
-0.0304485609024301	0.571635312320433	782
-0.06395628262605	1.40094088438674	82
0.01622319353206	2.44382661708354	2253
-0.0345587057766299	0.558314589078715	353
0.0118517258905599	1.03287603204612	623
-0.0293083870492801	0.565957082481742	103
0.0350049564958399	1.29024708047176	5
-0.0160280474878001	1.89991215055092	5
0.0355484306704601	1.3395156483249	1098
0.0175747587492101	1.05279592433136	336
-0.0293083870492801	0.565957082481742	82
-0.00672623415213991	0.79134967028298	1
0.02140237938783	1.00223814290414	3031
-0.0657086777487701	1.53653462119827	757
-0.03562965376205	0.57273266881158	917
-0.11737942317356	1.27075276155977	165
-0.0293083870492801	0.565957082481742	594
-0.0318493259185899	0.556375725071351	564
0.0647723152534501	2.1227624579882	640
-0.03777389356595	0.556445841614653	1
-0.03251321356938	0.545959643614202	1577
-0.03151586580405	0.574497786496295	3287
-0.0325839463761199	0.568939892639774	26
-0.0589586690244199	1.35999919620382	26
-0.00408156091039991	0.788167237220455	82
-0.0344921214570599	0.567056159779366	4921
-0.11340873997891	1.91270207168945	2253
-0.00962987562722994	1.86097357771002	156
0.05087655080608	1.56339970890854	88
0.01280371353157	1.07398641746359	353
0.04832731912364	1.55951380511594	5
-0.0303758862457899	0.568755687984731	452
-0.0123685868568799	0.795124800463189	782
-0.11833177326874	1.27856167004917	1165
0.12300028259154	1.76693131109369	156
-0.03684236598153	1.75924836755615	156
0.04342113572179	1.55628201238695	1
0.11570071995354	1.7580816651939	1
0.000260627095709953	0.779202075035729	420
-0.01698489242801	1.98445042405697	5
-0.01185878879267	2.08737987215189	1618
0.0558053052385401	1.98374717572917	1
-0.0318493259185899	0.556375725071351	1068
0.05380580925005	1.70719353610478	5
0.01503990714084	1.04208960540194	82
-0.0355640472947301	0.56605263232295	82
-0.00772794244596997	0.828052257466456	39
-0.00146816014262008	0.797879294056104	2253
-0.1243642975668	1.16419680407134	1
-0.0934992744619001	2.11725584702189	88
-0.000464281377420051	0.7640783985923	538
-0.0840081774543799	2.02644818840576	5
-0.00672623415213991	0.79134967028298	26
-0.0367013826593099	0.571696966677706	375
-0.0339952201049001	0.541232043992755	1098
0.040266937215	1.27500141989636	782
-0.0336528037050301	0.551127532438659	82
-0.0344921214570599	0.567056159779366	1766
0.00835327190462998	1.00795710320135	1766
-0.0853087986610499	1.34945013318373	564
-0.0325839463761199	0.568939892639774	538
0.12212178352199	1.53363776236232	1380
-0.03151586580405	0.574497786496295	891
-0.0117923820063499	0.764667242809514	782
-0.02773368423247	0.557998868810911	165
0.01375633365689	1.06770834348018	69
-0.0334209768129401	0.552979410527908	1714
0.01725048872499	1.03858107432365	216
0.03704748069118	1.33103279029937	216
-0.0303758862457899	0.568755687984731	538
-0.0700291041813901	1.5290940752157	103
-0.01435938721817	0.721124927640378	1165
-0.0012661437964101	0.774732428798377	88
-0.12146096463239	1.25462941575279	13
-0.0314441613901699	0.563341198905054	13
0.04892700015918	1.50177686043747	13
0.01408768015363	1.00382418168072	878
0.00996581992529011	1.02941060989652	103
-0.03562965376205	0.57273266881158	375
-0.11355602224517	1.17263667757702	375
-0.11737942317356	1.27075276155977	53
0.01694927314729	1.06524867968629	165
-0.11572040179484	1.20743758273984	2484
-0.07245374084679	1.51721757938044	1165
-0.00359442909742991	0.792548883206837	564
-0.0367013826593099	0.571696966677706	1712
0.0471060684798199	1.72346567244793	216
-0.0303758862457899	0.568755687984731	103
-0.11580705727901	1.23440513533429	336
-0.03151586580405	0.574497786496295	53
0.0256582510088399	1.27634693448993	336
-0.0293083870492801	0.565957082481742	82
-0.0303758862457899	0.568755687984731	116
-0.0579559369406399	1.39280722945159	1284
-0.03562965376205	0.57273266881158	1712
-0.03292188135986	0.555430504293838	1
0.03546763272876	1.33919526160887	13
-0.0334209768129401	0.552979410527908	13
0.06279133408156	1.93613647705213	26
-0.0303758862457899	0.568755687984731	1098
-0.0325839463761199	0.568939892639774	3418
-0.00488630237296994	0.787149946740264	53
-0.0314441613901699	0.563341198905054	82
0.0131288819447	1.07301487731981	165
-0.02773368423247	0.557998868810911	1479
-0.06435642880148	1.45331657410095	564
-0.0303758862457899	0.568755687984731	1759
-0.00839186265237002	0.765578025004839	2958
-0.0339952201049001	0.541232043992755	2085
-0.0303758862457899	0.568755687984731	2085
-0.06479253940934	1.45279892067021	899
-0.00672623415213991	0.79134967028298	1380
-0.00387806357019005	0.813421648198263	26
-0.0303758862457899	0.568755687984731	26
-0.0325839463761199	0.568939892639774	5671
-0.0304485609024301	0.571635312320433	1479
-0.00327713990859002	0.783717765889225	116
-0.03976611515909	0.539160558684856	116
-0.12276365465768	1.20659917081023	78
-0.0367013826593099	0.571696966677706	1712
0.00931811385444004	1.00578108671167	1712
0.12449835420718	1.70805040605071	5502
0.0153635869890401	1.02679058030927	88
-0.00206832376341004	0.779074857346418	216
-0.10981620298919	1.18737864999257	396
-0.07236285254742	1.49724853349318	26
-0.0303758862457899	0.568755687984731	3501
-0.11659180326208	1.89275220693529	39
0.04150038446937	1.50750160315024	1
-0.02773368423247	0.557998868810911	216
-0.00592842677396011	0.789136937394569	216
0.0518678696888899	1.91207571716412	216
0.0178790300168501	1.0314188532149	899
-0.06747029125728	1.46256571159662	757
-0.03151586580405	0.574497786496295	697
-0.0679312542417101	1.52582368029872	1
-0.00569136454788999	0.780761726457047	485
-0.00300857946690991	0.78273781482693	216
-0.07281777711066	1.4192350711878	165
-0.03151586580405	0.574497786496295	39
0.000852678794879935	0.777634427020144	116
-0.00265105926653009	2.04382274213811	1
-0.0304485609024301	0.571635312320433	13
-0.0734575170034799	1.50908558655039	757
-0.07300102568671	1.51117420772596	26
-0.00227114232336989	0.809739230591547	2571
-0.02773368423247	0.557998868810911	39
-0.00817041539660002	0.763066155947303	3670
0.01725048872499	1.03858107432365	37
-0.0303758862457899	0.568755687984731	88
0.0218932739875899	1.25666161445947	1533
-0.0303758862457899	0.568755687984731	375
-0.0314441613901699	0.563341198905054	2571
-0.0355640472947301	0.56605263232295	927
-0.11954128380625	1.27521579834228	78
-0.02938203058712	0.554835342168621	37
-0.11425115379034	1.26990154634741	2958
-0.00408156091039991	0.788167237220455	13
-0.03562965376205	0.57273266881158	485
-0.00873066636727993	0.800679377187348	3451
-0.00932676316779002	0.811089448814033	3451
-0.0303758862457899	0.568755687984731	396
0.0172780300750499	1.03426157920538	375
0.0109192649010299	1.07005854050363	375
-0.00953105276018995	0.79645385897965	1344
-0.0293083870492801	0.565957082481742	5400
-0.11503310412865	1.1504989695656	1
-0.0355640472947301	0.56605263232295	78
-0.0293083870492801	0.565957082481742	150
-0.0334209768129401	0.552979410527908	2958
-0.0293083870492801	0.565957082481742	13
-0.0344921214570599	0.567056159779366	586
-0.00592842677396011	0.789136937394569	878
-0.00539252749047003	0.790280729736284	757
0.0354743777448401	1.27668777684659	2034
-0.00772794244596997	0.828052257466456	1821
-0.0318493259185899	0.556375725071351	39
-0.02666556475534	0.555316783803888	1
-0.03562965376205	0.57273266881158	485
-0.00287082152618989	0.778096395897982	198
-0.00548626232913008	0.79277770538421	26
-0.03151586580405	0.574497786496295	2034
-0.0706836654814	1.44767143600302	375
-0.00327713990859002	0.783717765889225	845
-0.11485359792109	1.27190564220008	1767
-0.0355640472947301	0.56605263232295	39
-0.00692900236779992	0.825613110856424	757
0.0282150807513499	1.31384123548123	2034
0.01280371353157	1.07398641746359	53
-0.00672623415213991	0.79134967028298	133
-0.0115745763227	0.796023855040867	165
-0.0325839463761199	0.568939892639774	39
0.11509723019832	1.51254242136448	39
-0.03562965376205	0.57273266881158	5400
-0.03777389356595	0.556445841614653	3670
-0.00408156091039991	0.788167237220455	1
-0.00206832376341004	0.779074857346418	249
0.0276560161727399	1.31216852360081	1444
-0.03251321356938	0.545959643614202	485
-0.0359877239483	0.525092461063987	624
0.0334419892617199	1.22173120859925	1380
0.12361462394173	1.93757455172869	198
-0.0367013826593099	0.571696966677706	26
-0.0722439635033401	1.50189031609251	26
-0.03251321356938	0.545959643614202	396
0.0235173537683699	1.23870051598923	617
-0.03292188135986	0.555430504293838	82
-0.0345587057766299	0.558314589078715	4343
-0.11893643228044	1.28057715956658	39
-0.0367013826593099	0.571696966677706	5400
-0.0442900823516901	1.71941771524311	78
-0.03777389356595	0.556445841614653	150
-0.0304485609024301	0.571635312320433	1
-0.03151586580405	0.574497786496295	757
-0.11511448905814	1.22126435390336	1503
-0.06932125498803	1.46621640406342	375
-0.0303758862457899	0.568755687984731	845
-0.00539252749047003	0.790280729736284	903
0.03346212063208	1.31429652279474	165
-0.03562965376205	0.57273266881158	2460
-0.00839186265237002	0.765578025004839	1
-0.00206832376341004	0.779074857346418	78
-0.00592842677396011	0.789136937394569	37
-0.0344921214570599	0.567056159779366	13
0.00711528080184998	0.985265747672096	198
0.01665261313049	1.03309352479315	37
-0.0282416627159101	0.549555586451851	1462
-0.03151586580405	0.574497786496295	1462
0.00900689451464998	1.05253454329707	26
-0.0740050949754101	1.50313293586059	2034
-0.12301799020321	1.26055897819918	617
-0.0355640472947301	0.56605263232295	39
-0.0657086777487701	1.53653462119827	1
0.0555559881251799	1.69681383389621	37
-0.00548626232913008	0.79277770538421	13
-0.0303758862457899	0.568755687984731	396
-0.0663539429451301	1.38907610564719	26
-0.03151586580405	0.574497786496295	39
-0.11858797707872	1.26746553873767	1
-0.0135706530166599	0.705430475545358	1
-0.02938203058712	0.554835342168621	4315
-0.0314441613901699	0.563341198905054	13
0.0337925695593799	1.30239667562222	485
0.00867938182943995	1.05622125891492	3786
-0.0355640472947301	0.56605263232295	26
-0.0282416627159101	0.549555586451851	396
-0.11561360124983	1.88237665040053	26
-0.0282416627159101	0.549555586451851	5586
0.000852678794879935	0.777634427020144	1
-0.03151586580405	0.574497786496295	37
0.0178790300168501	1.0314188532149	13
0.00518961387555006	0.964441819942497	13
-0.11389951603754	1.22682489568954	492
-0.0344921214570599	0.567056159779366	26
-0.0303758862457899	0.568755687984731	1113
-0.00873066636727993	0.800679377187348	3156
-0.03151586580405	0.574497786496295	39
0.12164382227194	2.04980580364613	889
-0.03863106043718	0.534301128834276	78
0.0371526471217301	1.26388838010809	37
-0.0367013826593099	0.571696966677706	507
0.02877397269945	1.30825636984806	163
-0.11295097110551	1.17392523200404	617
-0.0344921214570599	0.567056159779366	39
-0.0344921214570599	0.567056159779366	39
-0.0402449651546599	1.63620654385144	39
-0.00953105276018995	0.79645385897965	78
-0.00918211019679993	0.764793081497614	37
0.00902844940829994	0.97987238413625	13
0.0121976561494599	1.05042695733591	3786
-0.00692900236779992	0.825613110856424	163
0.00521604284065003	0.962980729827277	845
-0.0344921214570599	0.567056159779366	249
-0.0303758862457899	0.568755687984731	249
0.0412520842256201	1.46988693546071	37
0.0131288819447	1.07301487731981	544
-0.0282416627159101	0.549555586451851	26
-0.00307444338271989	0.814556392712404	2034
-0.0339952201049001	0.541232043992755	5164
-0.11390324443478	1.23032549733889	53
-0.000745747544439901	0.781039705255396	165
-0.0282416627159101	0.549555586451851	39
0.01629859197846	1.04450186890114	2782
-0.02938203058712	0.554835342168621	1
-0.0293083870492801	0.565957082481742	249
-0.11424908796406	1.23289551562509	13
-0.0303758862457899	0.568755687984731	4
-0.00227114232336989	0.809739230591547	26
-0.03706397027604	0.534056234168037	82
-0.03151586580405	0.574497786496295	165
-0.0344921214570599	0.567056159779366	5488
-0.0344921214570599	0.567056159779366	1720
-0.00227114232336989	0.809739230591547	37
0.0282047982154501	1.26129000382329	13
-0.00327713990859002	0.783717765889225	4
-0.06554715445515	1.42350306134204	668
-0.00953105276018995	0.79645385897965	26
-0.00852719596529994	0.82341716190178	78
0.0524302451154299	1.67430435334838	78
0.0537790087014201	1.35189585144986	78
0.03123185407292	1.32282249929789	37
-0.0318493259185899	0.556375725071351	1
0.04337682332061	1.17667058039697	37
-0.03151586580405	0.574497786496295	37
-0.00613037548914996	0.815197966688513	37
-0.0303758862457899	0.568755687984731	51
-0.0293083870492801	0.565957082481742	4
0.0436571969005199	1.51940245526419	492
-0.03562965376205	0.57273266881158	26
-0.03151586580405	0.574497786496295	163
0.000852678794879935	0.777634427020144	163
-0.00772794244596997	0.828052257466456	617
-0.0303758862457899	0.568755687984731	53
0.01850735855945	1.0180628676684	53
-0.0408415240703699	0.548722359325435	3939
0.0159927673476901	1.03621014360802	2782
-0.00953105276018995	0.79645385897965	37
-0.12359756965077	1.18035132441656	26
-0.0293083870492801	0.565957082481742	218
-0.0314441613901699	0.563341198905054	165
-0.0304485609024301	0.571635312320433	136
-0.0318493259185899	0.556375725071351	2833
0.03536660784799	1.24673643121946	37
-0.03151586580405	0.574497786496295	37
-0.03562965376205	0.57273266881158	668
-0.0719066196509099	1.51529156026498	2315
-0.00852719596529994	0.82341716190178	2315
-0.0325839463761199	0.568939892639774	26
0.02970199085833	1.30178569751367	26
0.11757165392399	1.99615140222929	476
-0.0303758862457899	0.568755687984731	2525
-0.0325839463761199	0.568939892639774	165
-0.02559822113342	0.539640927704177	136
-0.0334209768129401	0.552979410527908	136
-0.03562965376205	0.57273266881158	37
-0.0303758862457899	0.568755687984731	37
-0.00977024684034	0.756344812182358	13
-0.0345587057766299	0.558314589078715	781
-0.04999636887276	1.68346871336	26
0.0364733749966699	1.5047193360412	268
-0.00468200313562006	0.806443643796301	39
-0.11329755212281	1.22495606083112	39
-0.0344921214570599	0.567056159779366	136
-0.0318878125117401	1.67009068788176	78
0.0496487829211401	1.73047732201699	461
0.05098947427409	1.50774527651884	37
-0.0367013826593099	0.571696966677706	37
0.0128271766824699	0.980988452393867	757
-0.0288025806515999	0.552844657042527	781
-0.0303758862457899	0.568755687984731	26
0.01375633365689	1.06770834348018	163
-0.0367013826593099	0.571696966677706	1592
-0.00738116794289989	0.763845120504449	768
-0.00408156091039991	0.788167237220455	37
-0.12085815587824	1.24828469694977	37
-0.12276606003465	1.89666783457981	37
-0.00154543228416992	0.7747553771261	668
-0.0218655004872701	1.91790711427322	2656
-0.11572040179484	1.20743758273984	781
0.01217577602845	1.07935868996226	781
0.03290481119103	1.32801507895	26
0.0350175166625899	1.27194967515178	268
-0.01135595599668	0.762087026430909	268
0.01665261313049	1.03309352479315	163
0.0513122642917301	1.47372833777492	2803
-0.02559822113342	0.539640927704177	1592
-0.12355662286016	2.33596040989226	39
0.0513550264184599	1.81027289367224	561
-0.0628090587476899	1.41668427393332	37
-0.12043780891213	1.20776950570334	37
-0.07713761617162	1.419833077916	268
-0.0115745763227	0.796023855040867	1592
-0.00772794244596997	0.828052257466456	13
0.0233485699420799	0.952410680763163	399
-0.0367013826593099	0.571696966677706	26
0.0308758285250299	1.26464559901777	781
0.00550989721695006	1.01395460793379	902
-0.06625523972921	1.53438100687853	268
-0.0123685868568799	0.795124800463189	2803
-0.02938203058712	0.554835342168621	165
-0.00387806357019005	0.813421648198263	165
-0.0345587057766299	0.558314589078715	165
-0.07291010289013	1.5071814437395	1
-0.0304485609024301	0.571635312320433	1535
0.01348994539902	1.01827811031896	218
-0.0011945073430899	0.737715197386365	562
-0.03628816069763	1.70852765871519	1
-0.0890797198828699	2.03813947257585	37
-0.00760193212923999	0.758984739697615	37
-0.0012661437964101	0.774732428798377	37
-0.11989753956006	1.19035743531322	399
-0.07242405628086	1.4260394448543	734
0.00423309586474008	0.941488523617353	4
-0.0314441613901699	0.563341198905054	902
-0.03151586580405	0.574497786496295	507
0.0115726467342001	0.981877945075426	163
-0.00918211019679993	0.764793081497614	1997
-0.00618779399357994	0.779157878746971	37
-0.03562965376205	0.57273266881158	292
-0.0193136389299799	1.89627905861537	492
0.00647133561158997	1.01476194960767	1997
0.01569767237446	1.06924991805415	3067
0.05312335337974	1.50920739319409	1037
-0.000745747544439901	0.781039705255396	492
-0.11329755212281	1.22495606083112	781
-0.0304485609024301	0.571635312320433	53
-0.0325839463761199	0.568939892639774	1997
0.0147751038747499	0.991027141816854	1
0.12327570342873	1.57670331708307	37
-0.02666556475534	0.555316783803888	292
-0.11833177326874	1.27856167004917	752
-0.0334209768129401	0.552979410527908	4
-0.0370507703329399	1.68846446049396	26
-0.0314441613901699	0.563341198905054	3164
0.01725048872499	1.03858107432365	781
-0.00672623415213991	0.79134967028298	163
-0.11807380468426	1.20203481355492	53
0.000053622734160097	0.782030476528968	3274
0.0156693562838499	1.04605027081691	1837
0.1201655757172	1.75002562741719	13
-0.0303758862457899	0.568755687984731	752
-0.00380292046245989	0.792192513342636	13
-0.0766800439669699	1.48563952419579	13
-0.00146816014262008	0.797879294056104	1037
0.04518312373782	1.51084682258511	2656
-0.11761522917925	1.95753333398288	268
0.0194964955913599	1.00810540639714	53
-0.00692900236779992	0.825613110856424	165
-0.03976611515909	0.539160558684856	4
-0.0664518501382501	1.45481848329949	163
-0.03976611515909	0.539160558684856	163
-0.00692900236779992	0.825613110856424	53
-0.0303758862457899	0.568755687984731	4526
-0.00307444338271989	0.814556392712404	834
0.01408262136641	1.02387943108031	37
-0.1166620742118	1.23333929837629	37
-0.06830336105822	1.42386296195344	752
-0.00852719596529994	0.82341716190178	13
-0.00359442909742991	0.792548883206837	399
-0.00659223634215	0.75727910019049	1037
-0.0293083870492801	0.565957082481742	734
-0.03151586580405	0.574497786496295	1397
-0.07144907582654	1.49212490392694	492
-0.11833177326874	1.27856167004917	781
0.0128280568627801	1.01578412554138	781
0.0204491219182601	1.03594462736779	53
-0.0293083870492801	0.565957082481742	4526
-0.03562965376205	0.57273266881158	113
0.04672373645441	1.55859597509037	1
0.0455638565762899	1.54583981828845	37
-0.02938203058712	0.554835342168621	537
0.0472909847157199	1.50474991205844	734
-0.00300857946690991	0.78273781482693	4
-0.0293083870492801	0.565957082481742	93
-0.0133820703279901	0.770538028725537	53
0.03546763272876	1.33919526160887	53
-0.0325839463761199	0.568939892639774	165
-0.0304485609024301	0.571635312320433	850
-0.03077755268084	0.542923119444998	850
-0.00772794244596997	0.828052257466456	13
-0.0303758862457899	0.568755687984731	163
-0.00146816014262008	0.797879294056104	476
-0.0334209768129401	0.552979410527908	2179
-0.03970666869372	0.543652412550187	537
-0.0303758862457899	0.568755687984731	37
0.03347184533749	1.31596363630186	50
-0.0325839463761199	0.568939892639774	781
-0.000194305952889939	0.968959591851323	268
0.03490945058475	1.33394848020807	163
0.0153847970188701	0.967489834340256	113
0.0391699720087999	1.55513506550821	78
-0.03151586580405	0.574497786496295	2179
-0.0633563491420699	1.43039329334719	37
-0.03151586580405	0.574497786496295	537
-0.0355640472947301	0.56605263232295	399
-0.07996349625581	2.21561162154616	752
-0.0303758862457899	0.568755687984731	781
-0.0314441613901699	0.563341198905054	163
-0.0314441613901699	0.563341198905054	5030
0.0277533130760399	1.25629995592624	13
-0.0304485609024301	0.571635312320433	6666
-0.11390324443478	1.23032549733889	752
-0.0676788197598699	1.49341094311519	399
0.0324530354464401	1.30922762355125	268
-0.00459756972525005	0.794432996332145	163
0.00647133561158997	1.01476194960767	163
-0.00387806357019005	0.813421648198263	733
-0.00518112677677007	0.777351056485592	53
-0.0304485609024301	0.571635312320433	1574
-0.11737942317356	1.27075276155977	1
0.0147095868455001	1.01911202827601	37
-0.03151586580405	0.574497786496295	13
-0.0402822131886	1.68955127829725	399
-0.0675866025906899	1.50035060159863	2573
-0.11737942317356	1.27075276155977	4
0.00963322592308002	1.05023164253597	50
-0.0355640472947301	0.56605263232295	268
-0.0304485609024301	0.571635312320433	53
-0.0355640472947301	0.56605263232295	53
-0.03562965376205	0.57273266881158	1574
-0.0318493259185899	0.556375725071351	476
0.03077481335424	1.31429747443904	1
0.0371526471217301	1.26388838010809	37
0.00711528080184998	0.985265747672096	13
0.01280371353157	1.07398641746359	399
-0.00307444338271989	0.814556392712404	18
-0.11137292594135	1.22765161991285	781
0.01411675987952	1.03202132693939	733
-0.0344921214570599	0.567056159779366	733
-0.0293083870492801	0.565957082481742	53
0.0166219127145899	1.02390500979904	1415
0.0350175166625899	1.27194967515178	50
-0.0336528037050301	0.551127532438659	90
-0.0303758862457899	0.568755687984731	268
-0.0325839463761199	0.568939892639774	733
-0.0303758862457899	0.568755687984731	37
-0.11232569725649	1.19313507290219	399
-0.03151586580405	0.574497786496295	1706
-0.0314441613901699	0.563341198905054	50
-0.0303758862457899	0.568755687984731	781
-0.00280156163681	0.790316349450718	78
-0.0304485609024301	0.571635312320433	199
-0.03251321356938	0.545959643614202	37
-0.0282416627159101	0.549555586451851	163
-0.03562965376205	0.57273266881158	53
-0.0344921214570599	0.567056159779366	386
-0.0293083870492801	0.565957082481742	1415
-0.03151586580405	0.574497786496295	268
-0.0303758862457899	0.568755687984731	3363
-0.0303758862457899	0.568755687984731	53
-0.00280156163681	0.790316349450718	78
0.0178790300168501	1.0314188532149	37
0.058897096221	1.86559143172603	90
-0.00873066636727993	0.800679377187348	93
-0.00234543172865997	0.762389418338435	93
-0.0107808871211601	0.788807393064317	93
-0.0314441613901699	0.563341198905054	53
-0.0304485609024301	0.571635312320433	53
-0.0355640472947301	0.56605263232295	2566
-0.0344921214570599	0.567056159779366	2566
-0.03562965376205	0.57273266881158	78
-0.00613037548914996	0.815197966688513	37
0.03449180479945	1.29488161486725	399
-0.12129205920989	1.92571852305847	399
-0.00713083767992995	0.788834197195954	3791
-0.03777389356595	0.556445841614653	1224
-0.03777389356595	0.556445841614653	53
-0.0318493259185899	0.556375725071351	53
-0.00832278545478005	0.776263863446119	1
-0.0133820703279901	0.770538028725537	37
-0.03077755268084	0.542923119444998	296
-0.03151586580405	0.574497786496295	13
-0.0304485609024301	0.571635312320433	13
-0.0475324235366199	2.48394478876571	399
-0.00289181186837006	1.99571147601629	399
0.12461498252559	1.80082752812843	399
0.0156693562838499	1.04605027081691	3791
-0.0355640472947301	0.56605263232295	18
-0.0336528037050301	0.551127532438659	4255
0.05297566525968	1.98679485660456	2719
-0.00468200313562006	0.806443643796301	53
-0.06127389479505	1.4010114788364	1375
-0.0624765704713	1.47811814919349	78
-0.01615630342125	0.753196923060088	78
0.11709672848232	1.72469741822455	78
0.0198221072654901	1.03748039864953	78
-0.00459756972525005	0.794432996332145	37
-0.00359442909742991	0.792548883206837	296
-0.0123685868568799	0.795124800463189	296
-0.03292188135986	0.555430504293838	13
0.03869104262868	1.24227679410502	399
0.01217577602845	1.07935868996226	137
-0.0325839463761199	0.568939892639774	50
0.0365867854178099	1.45392217373572	50
-0.0711532833998301	1.4972896522154	50
-0.04078306456226	0.53403404521053	18
-0.0314441613901699	0.563341198905054	53
-0.0303758862457899	0.568755687984731	534
-0.0345492471500799	1.75418189719507	1375
0.0290907411823	1.23845816487191	199
0.0376986410987299	1.28793180473043	399
-0.0449457538715401	2.43402869999493	399
0.0579162796475301	1.66030142945586	137
0.000053622734160097	0.782030476528968	3061
0.0156693562838499	1.04605027081691	268
-0.00468200313562006	0.806443643796301	105
0.0191354744890799	0.996995319985223	105
0.0350049564958399	1.29024708047176	4255
-0.03151586580405	0.574497786496295	53
-0.01139249793579	1.91505428434178	1415
0.0023478049977701	0.974814771177739	526
0.01440124217848	1.00481882518082	37
-0.11364347597003	1.22165839929558	37
0.0381834779632599	1.52558959676857	399
-0.0740050949754101	1.50313293586059	137
0.00742552727008006	1.05377951218591	50
0.000260627095709953	0.779202075035729	438
0.0239735622230699	0.955533876259556	105
0.0525633866314099	1.52018009676097	78
-0.0043876173920101	0.788419104436732	78
0.0499436259260999	1.40884846316351	181
-0.03292188135986	0.555430504293838	50
-0.0647099823286901	1.33124088167101	50
-0.11424908796406	1.23289551562509	3061
-0.00307444338271989	0.814556392712404	18
-0.0344921214570599	0.567056159779366	812
0.0159959400012399	1.03552463054954	268
-0.0293083870492801	0.565957082481742	53
-0.0367013826593099	0.571696966677706	1820
0.03600923078774	1.22163994863317	37
0.0427068567936499	1.14109131733206	399
0.0498013711106899	1.488322791653	137
-0.00468200313562006	0.806443643796301	137
0.000260627095709953	0.779202075035729	50
-0.0777743650109499	1.47352195837236	50
0.01280371353157	1.07398641746359	105
-0.00359442909742991	0.792548883206837	517
-0.03292188135986	0.555430504293838	517
-0.03562965376205	0.57273266881158	53
0.0471194847637	1.53163752511481	78
0.0169276143616199	1.0372521527653	78
-0.00387806357019005	0.813421648198263	13
0.02975621912118	1.26166942457879	13
0.0182412879534899	1.00595091721991	399
-0.00953105276018995	0.79645385897965	402
-0.0408415240703699	0.548722359325435	399
0.02607517829582	1.25193822305207	399
-0.0450046022214201	0.512485231190145	50
0.000053622734160097	0.782030476528968	50
-0.0344921214570599	0.567056159779366	4542
-0.00408156091039991	0.788167237220455	93
-0.0111803965442101	0.72184580398079	53
-0.11677816285696	1.10776927286298	62
0.00933675939240008	1.01582537969095	399
-0.12049869632073	1.19604639336394	137
0.0122121932364001	0.935355470955849	806
-0.0367013826593099	0.571696966677706	18
-0.0303758862457899	0.568755687984731	18
-0.11016550758567	1.2244709254744	812
-0.00772794244596997	0.828052257466456	18
-0.0293083870492801	0.565957082481742	517
-0.02938203058712	0.554835342168621	53
0.0349710463000299	1.49878921123359	78
-0.11858797707872	1.26746553873767	37
-0.0099726750134701	0.756755562097481	5350
0.01059466776192	1.03659951281989	5350
0.04871164323685	1.71177110290726	399
-0.0314441613901699	0.563341198905054	105
-0.0325839463761199	0.568939892639774	517
-0.0366367554240601	0.551173840789553	517
0.04173097409952	1.49334650067769	1
0.0266827847019799	1.28261301620124	526
-0.0716985424491301	1.50390651647202	1681
0.10633094956344	1.87543421557528	13
-0.0367013826593099	0.571696966677706	517
-0.00287082152618989	0.778096395897982	1671
-0.11677543427213	1.26123812958458	16
-0.0123685868568799	0.795124800463189	517
-0.00488630237296994	0.787149946740264	1671
0.02817792552237	1.21540639173977	473
-0.12059358844042	1.17298074960734	37
-0.00287082152618989	0.778096395897982	1681
0.0156693562838499	1.04605027081691	37
-0.0355640472947301	0.56605263232295	399
-0.00793059475501989	0.798417415156676	399
-0.0345587057766299	0.558314589078715	399
-0.0368294271774601	1.67565881443115	50
-0.00672623415213991	0.79134967028298	18
-0.03562965376205	0.57273266881158	90
-0.00977024684034	0.756344812182358	105
-0.0367013826593099	0.571696966677706	517
-0.00592842677396011	0.789136937394569	136
-0.11519964048504	1.18555041308936	78
-0.0900827341108299	2.04696420982974	399
-0.11909878045614	1.93254285166206	137
0.04440357178382	1.42769416476606	50
0.0381834779632599	1.52558959676857	18
0.0323538253979701	1.32618496956522	18
-0.0125870649166799	0.771343371113847	1015
-0.03777389356595	0.556445841614653	90
-0.02938203058712	0.554835342168621	53
-0.06956906282456	1.50728271072785	1375
-0.11726528131722	1.20302287157175	78
0.00775360090596999	1.03587051430661	526
0.02659285659059	1.27490820884982	13
-0.0117923820063499	0.764667242809514	13
-0.08355936783611	2.03919858559933	2873
-0.0355640472947301	0.56605263232295	137
-0.0647049921114999	1.52892246618061	3044
-0.02938203058712	0.554835342168621	50
-0.03786999286464	1.69108971960101	90
-0.0123685868568799	0.795124800463189	473
0.01725048872499	1.03858107432365	199
0.01124262171295	1.0218526462621	18
0.0147433637174501	1.03929494229751	53
-0.0304485609024301	0.571635312320433	137
-0.02938203058712	0.554835342168621	137
-0.00613037548914996	0.815197966688513	50
-0.00513093125787001	0.779798623153035	377
-0.0653556262989201	1.44599343430361	90
-0.0293083870492801	0.565957082481742	1459
-0.0435361618628001	1.69600041701413	105
-0.1220639640453	1.25306290794968	135
-0.00488630237296994	0.787149946740264	517
-0.00387806357019005	0.813421648198263	53
-0.00154543228416992	0.7747553771261	78
-0.0698090816539601	1.46261189572367	158
-0.00852719596529994	0.82341716190178	158
-0.00154543228416992	0.7747553771261	62
0.0333721758119101	1.32744955146385	37
-0.00672623415213991	0.79134967028298	37
-0.0359877239483	0.525092461063987	37
-0.11172141648	1.19449471295561	402
-0.04101973536624	1.73412379239492	137
-0.00569136454788999	0.780761726457047	53
-0.0304485609024301	0.571635312320433	2284
-0.11546089319569	1.23609155712036	62
0.0345891740178099	1.27627931510505	399
0.03905299145335	1.27482289106808	1775
-0.00488630237296994	0.787149946740264	699
-0.12241450809671	1.26215294462544	90
-0.10668535512435	1.12884570441515	135
-0.03681467155184	1.76702653258188	135
0.0204491219182601	1.03594462736779	53
-0.00307444338271989	0.814556392712404	157
-0.03562965376205	0.57273266881158	473
-0.0691352040751401	1.50523337989427	473
-0.0325839463761199	0.568939892639774	4153
-0.0344921214570599	0.567056159779366	13
-0.0303758862457899	0.568755687984731	3323
-0.00380292046245989	0.792192513342636	3323
0.0175854920807501	0.957118446690766	105
-0.00380292046245989	0.792192513342636	105
-0.0325839463761199	0.568939892639774	53
-0.02938203058712	0.554835342168621	53
-0.0673856431765301	1.51553651014791	37
0.02755938135044	1.28874273000148	2263
-0.0344921214570599	0.567056159779366	699
-0.01917042915453	0.693395823661869	53
-0.03777389356595	0.556445841614653	68
-0.00307444338271989	0.814556392712404	526
0.01154762653011	1.07802523492677	37
-0.0972427598144701	2.04359063112175	90
-0.00793059475501989	0.798417415156676	135
-0.0344921214570599	0.567056159779366	1402
-0.00206832376341004	0.779074857346418	2284
-0.0325839463761199	0.568939892639774	158
-0.0303758862457899	0.568755687984731	37
-0.0293083870492801	0.565957082481742	13
-0.0344921214570599	0.567056159779366	18
-0.00692900236779992	0.825613110856424	1459
-0.02938203058712	0.554835342168621	105
-0.0304485609024301	0.571635312320433	3000
-0.0303758862457899	0.568755687984731	105
-0.0304485609024301	0.571635312320433	53
0.0323538253979701	1.32618496956522	5128
-0.02559822113342	0.539640927704177	3087
-0.0293083870492801	0.565957082481742	37
-0.11667595523699	1.87316833196154	399
-0.0303758862457899	0.568755687984731	860
-0.0043876173920101	0.788419104436732	230
-0.0408415240703699	0.548722359325435	788
-0.0303758862457899	0.568755687984731	18
-0.0293083870492801	0.565957082481742	1133
-0.00227114232336989	0.809739230591547	1375
-0.0293083870492801	0.565957082481742	1220
-0.0304485609024301	0.571635312320433	78
-0.0344921214570599	0.567056159779366	1167
-0.0367013826593099	0.571696966677706	785
-0.03151586580405	0.574497786496295	4354
-0.02666556475534	0.555316783803888	37
-0.0345587057766299	0.558314589078715	3117
-0.0282416627159101	0.549555586451851	399
-0.11893643228044	1.28057715956658	2485
-0.02938203058712	0.554835342168621	1133
-0.02773368423247	0.557998868810911	1220
-0.0325839463761199	0.568939892639774	78
-0.03151586580405	0.574497786496295	4923
0.10884659208681	1.72249220110355	905
-0.0282416627159101	0.549555586451851	230
-0.0314441613901699	0.563341198905054	2350
-0.0304485609024301	0.571635312320433	18
-0.11425115379034	1.26990154634741	78
-0.03151586580405	0.574497786496295	78
-0.00240063963974002	0.878214043785947	158
-0.000537929014559957	0.772950282023242	1355
-0.0121862814142	0.723375734792012	1355
0.0134465606694001	1.03841851553148	785
-0.03151586580405	0.574497786496295	661
-0.0103317541774699	0.78515735496581	1088
-0.02666556475534	0.555316783803888	905
-0.0304485609024301	0.571635312320433	699
-0.02666556475534	0.555316783803888	974
-0.0336528037050301	0.551127532438659	1459
0.04720923822833	1.74235349118824	1459
-0.0303758862457899	0.568755687984731	2736
-0.0325839463761199	0.568939892639774	1110
-0.03562965376205	0.57273266881158	1106
-0.03562965376205	0.57273266881158	68
-0.0282416627159101	0.549555586451851	2284
-0.0303758862457899	0.568755687984731	221
-0.0282416627159101	0.549555586451851	1220
-0.0366367554240601	0.551173840789553	1220
-0.0282416627159101	0.549555586451851	78
-0.00793059475501989	0.798417415156676	399
-0.03151586580405	0.574497786496295	905
-0.0344921214570599	0.567056159779366	402
-0.03151586580405	0.574497786496295	137
-0.0303758862457899	0.568755687984731	18
-0.03151586580405	0.574497786496295	1459
-0.0303758862457899	0.568755687984731	68
-0.03151586580405	0.574497786496295	1106
0.0181850197409501	1.00240391812338	62
-0.03151586580405	0.574497786496295	785
-0.03562965376205	0.57273266881158	137
-0.03562965376205	0.57273266881158	78
-0.03151586580405	0.574497786496295	560
-0.0334209768129401	0.552979410527908	560
-0.0304485609024301	0.571635312320433	560
-0.02666556475534	0.555316783803888	62
-0.00852719596529994	0.82341716190178	785
-0.0293083870492801	0.565957082481742	137
0.01629859197846	1.04450186890114	137
-0.0303758862457899	0.568755687984731	3327
-0.02938203058712	0.554835342168621	877
-0.0345587057766299	0.558314589078715	699
-0.03151586580405	0.574497786496295	974
-0.03151586580405	0.574497786496295	401
-0.0293083870492801	0.565957082481742	1655
-0.03562965376205	0.57273266881158	78
-0.00227114232336989	0.809739230591547	785
-0.0344921214570599	0.567056159779366	1333
0.03603397434663	1.2782182723513	2485
-0.03292188135986	0.555430504293838	18
-0.0355640472947301	0.56605263232295	2358
-0.0304485609024301	0.571635312320433	1511
-0.0334209768129401	0.552979410527908	472
-0.00580362034522008	0.737452222198991	472
-0.03562965376205	0.57273266881158	293
-0.03077755268084	0.542923119444998	78
-0.00772794244596997	0.828052257466456	78
-0.02666556475534	0.555316783803888	495
-0.03863106043718	0.534301128834276	158
-0.0293083870492801	0.565957082481742	62
-0.03562965376205	0.57273266881158	785
-0.03151586580405	0.574497786496295	402
0.06714760691095	1.84096162940625	137
-0.0282416627159101	0.549555586451851	74
-0.00873066636727993	0.800679377187348	3258
0.03806254778677	1.21571919173177	221
-0.0367013826593099	0.571696966677706	495
-0.0282416627159101	0.549555586451851	158
-0.00793059475501989	0.798417415156676	1691
-0.0293083870492801	0.565957082481742	1333
-0.0115745763227	0.796023855040867	402
-0.03251321356938	0.545959643614202	137
-0.02666556475534	0.555316783803888	699
-0.0750082764742801	1.44129746951922	377
-0.00873066636727993	0.800679377187348	1459
-0.0304485609024301	0.571635312320433	740
-0.00387806357019005	0.813421648198263	5625
-0.03562965376205	0.57273266881158	53
-0.0334209768129401	0.552979410527908	53
-0.03151586580405	0.574497786496295	5241
0.0302075353193001	1.27706172692947	785
0.12070717318762	1.49192249455528	1090
-0.0123685868568799	0.795124800463189	699
0.0143835739378699	1.05524172277542	50
0.01503990714084	1.04208960540194	2200
-0.02773368423247	0.557998868810911	1459
-0.06822613414292	1.49143080118947	1459
-0.00307444338271989	0.814556392712404	105
0.0407276264591601	1.27943593613357	105
-0.0355640472947301	0.56605263232295	68
-0.03151586580405	0.574497786496295	472
-0.0314441613901699	0.563341198905054	5241
-0.00569136454788999	0.780761726457047	785
-0.00528022407111006	0.735630960475332	402
-0.00227114232336989	0.809739230591547	1527
-0.03151586580405	0.574497786496295	1511
-0.03292188135986	0.555430504293838	68
-0.00569136454788999	0.780761726457047	472
-0.02666556475534	0.555316783803888	158
-0.0314441613901699	0.563341198905054	61
-0.03562965376205	0.57273266881158	2937
-0.0344921214570599	0.567056159779366	62
-0.02666556475534	0.555316783803888	690
0.01471761080229	1.0073958626124	221
-0.0282416627159101	0.549555586451851	158
-0.0367013826593099	0.571696966677706	626
-0.02773368423247	0.557998868810911	402
0.0499017976446201	1.78340010216403	2492
0.01629859197846	1.04450186890114	137
-0.0345587057766299	0.558314589078715	877
-0.00793059475501989	0.798417415156676	237
0.0392495272726401	1.23270864427401	237
-0.0282416627159101	0.549555586451851	221
-0.11893643228044	1.28057715956658	62
-0.00327713990859002	0.783717765889225	402
-0.0334209768129401	0.552979410527908	137
0.00835327190462998	1.00795710320135	137
-0.03562965376205	0.57273266881158	137
-0.0131629189803499	0.786254780795841	237
0.11256708194169	2.42797928222865	369
-0.00387806357019005	0.813421648198263	504
-0.0344921214570599	0.567056159779366	1211
-0.0325839463761199	0.568939892639774	61
-0.12327053529788	1.22595662375432	2206
0.03667888927339	1.24472359538292	137
-0.0304485609024301	0.571635312320433	740
-0.0318493259185899	0.556375725071351	740
-0.11825422901116	1.25404125831766	61
-0.0334209768129401	0.552979410527908	61
-0.00408156091039991	0.788167237220455	61
-0.0367013826593099	0.571696966677706	5744
-0.11425115379034	1.26990154634741	5744
-0.0304485609024301	0.571635312320433	626
-0.0675866025906899	1.50035060159863	237
-0.00839186265237002	0.765578025004839	6641
-0.00327713990859002	0.783717765889225	237
-0.0314441613901699	0.563341198905054	892
-0.0304485609024301	0.571635312320433	740
-0.0367013826593099	0.571696966677706	504
-0.0304485609024301	0.571635312320433	221
-0.00380292046245989	0.792192513342636	158
-0.0345587057766299	0.558314589078715	61
-0.02773368423247	0.557998868810911	61
0.03844258864657	1.46679265710364	137
0.01217577602845	1.07935868996226	137
-0.03706397027604	0.534056234168037	2953
-0.0303758862457899	0.568755687984731	1011
-0.0345587057766299	0.558314589078715	1011
0.12142498130312	1.82259136878606	237
-0.03830146828727	1.77136417630165	237
0.0413741155762799	1.53800492970948	237
-0.0293083870492801	0.565957082481742	892
-0.0366367554240601	0.551173840789553	892
-0.00133679849412993	0.760644369655544	740
-0.0107808871211601	0.788807393064317	1950
-0.00713083767992995	0.788834197195954	690
-0.0367013826593099	0.571696966677706	472
-0.0355640472947301	0.56605263232295	472
-0.0325839463761199	0.568939892639774	137
-0.00793059475501989	0.798417415156676	2689
-0.03970666869372	0.543652412550187	1518
0.00969734303947001	0.975278584016506	1518
-0.0366367554240601	0.551173840789553	237
-0.00327713990859002	0.783717765889225	740
-0.0325839463761199	0.568939892639774	219
-0.0304485609024301	0.571635312320433	68
-0.0344921214570599	0.567056159779366	2602
-0.0293083870492801	0.565957082481742	78
-0.00738116794289989	0.763845120504449	61
0.119509928445	1.7996845643925	61
-0.00227114232336989	0.809739230591547	2596
-0.0366367554240601	0.551173840789553	6133
-0.03077755268084	0.542923119444998	237
0.0166219127145899	1.02390500979904	41
-0.0288025806515999	0.552844657042527	690
-0.0344921214570599	0.567056159779366	68
0.0010588700785199	0.780185126113973	293
-0.03562965376205	0.57273266881158	158
-0.02938203058712	0.554835342168621	399
-0.0325839463761199	0.568939892639774	137
-0.04901572667222	2.4639466617033	237
-0.03151586580405	0.574497786496295	1748
-0.0303758862457899	0.568755687984731	892
-0.00692900236779992	0.825613110856424	369
-0.03151586580405	0.574497786496295	477
-0.0355296043533999	1.68481163253724	740
-0.00793059475501989	0.798417415156676	78
-0.0345587057766299	0.558314589078715	62
-0.0340745954619	1.77291788758147	62
-0.03292188135986	0.555430504293838	92
-0.0293083870492801	0.565957082481742	2644
-0.0304485609024301	0.571635312320433	13
0.03240065456887	1.22262133969594	1748
0.0428876995768901	1.5538028235132	798
-0.0304485609024301	0.571635312320433	6824
-0.0344921214570599	0.567056159779366	61
-0.0115745763227	0.796023855040867	13
-0.00548626232913008	0.79277770538421	1090
0.0323473303480399	1.33382999085544	137
-0.0282416627159101	0.549555586451851	369
-0.0367013826593099	0.571696966677706	219
-0.0293083870492801	0.565957082481742	219
0.04811320513768	1.52336061796289	468
-0.0344921214570599	0.567056159779366	158
0.0115187640576699	0.930562167372982	137
-0.0293083870492801	0.565957082481742	740
-0.0303758862457899	0.568755687984731	735
-0.03151586580405	0.574497786496295	219
-0.03970666869372	0.543652412550187	472
-0.00459756972525005	0.794432996332145	61
-0.00895997895263001	0.755066931513989	61
-0.0304485609024301	0.571635312320433	61
0.01919488119916	1.03358904343148	62
0.12206615446074	1.25217806526399	1090
-0.0626089500655001	1.44634738429746	2689
-0.0657086777487701	1.53653462119827	137
0.0402471887835201	1.20802413546892	137
-0.0314441613901699	0.563341198905054	137
-0.00408156091039991	0.788167237220455	477
-0.0303758862457899	0.568755687984731	1967
-0.00359442909742991	0.792548883206837	798
-0.00408156091039991	0.788167237220455	219
-0.02666556475534	0.555316783803888	1369
-0.11450876997666	1.22883623824064	472
0.0210759252923201	1.02879237100587	92
-0.0367013826593099	0.571696966677706	873
-0.00300857946690991	0.78273781482693	873
-0.03151586580405	0.574497786496295	1939
0.0475950328638	1.53481447270486	1566
0.12375679988316	1.57870607538921	137
0.0427260552881801	1.21525151582318	655
0.0523408547392199	1.80108740838723	735
-0.00408156091039991	0.788167237220455	129
-0.0133820703279901	0.770538028725537	92
-0.0304485609024301	0.571635312320433	92
0.0557730726582499	1.7346201210857	92
-0.02773368423247	0.557998868810911	402
-0.0099726750134701	0.756755562097481	1939
-0.12301799020321	1.26055897819918	402
0.12040808297996	1.9897951225264	402
-0.03835123781465	1.69639843009096	219
-0.08913296950814	2.08625058622673	78
0.11091469740352	2.23780161812811	61
-0.0282416627159101	0.549555586451851	1939
0.03703530910104	1.25108087647189	1939
0.04616805000489	1.59569667433275	237
0.0153635869890401	1.02679058030927	1090
0.03602564275572	1.33749555814467	1566
0.0436174650905199	1.54593343756474	137
-0.00738116794289989	0.763845120504449	2689
0.0270270145743601	1.25811789247476	237
0.0643639329574499	1.65102100226105	219
-0.0450046022214201	0.512485231190145	61
-0.0345587057766299	0.558314589078715	92
-0.11677543427213	1.26123812958458	1939
-0.00200160233438007	2.15735085465113	2953
0.05163932033591	1.81488690928086	237
-0.0336528037050301	0.551127532438659	4592
-0.01603186677456	1.97440631579663	61
-0.02938203058712	0.554835342168621	873
0.11809901476812	1.67155256757785	1566
0.11032009830994	1.9824821404677	137
0.0645069783738801	2.02487009238083	2953
-0.0314441613901699	0.563341198905054	369
-0.00206832376341004	0.779074857346418	369
-0.0339952201049001	0.541232043992755	735
0.01375633365689	1.06770834348018	61
0.0487637077977301	1.48466153064422	61
-0.11954128380625	1.27521579834228	62
0.03290481119103	1.32801507895	5230
-0.0241925672949299	1.9084199002524	237
-0.03292188135986	0.555430504293838	237
0.0604353174977399	1.74762355976044	1313
0.0156693562838499	1.04605027081691	1369
0.05596102905603	1.41313991982333	61
-0.0405129067502401	1.72078824629589	1939
0.04747505085238	1.69542629314676	1566
0.0382559636215301	1.25310411090799	237
0.0391699720087999	1.55513506550821	237
-0.11988863650925	1.22894868309687	355
0.03347184533749	1.31596363630186	61
0.10670275137742	2.31843000381713	61
0.0466010898126601	1.54322044926636	137
-0.08495823686323	2.0491084516929	735
0.0224141844032	0.89118828168547	468
0.0093358130368999	1.0016821061112	750
-0.06554715445515	1.42350306134204	92
0.0369152917864	1.24799087221456	137
0.0402027161653	1.54204970327483	237
0.0159959400012399	1.03552463054954	369
0.0337925695593799	1.30239667562222	428
-0.0304485609024301	0.571635312320433	2259
-0.0141773984985101	0.762379985452456	750
0.0344576119089901	1.27044427964723	62
0.12471866474238	1.56146554944518	62
-0.00468200313562006	0.806443643796301	513
-0.0314441613901699	0.563341198905054	92
-0.12216007311111	1.19289087722335	402
-0.0325839463761199	0.568939892639774	2953
-0.0366367554240601	0.551173840789553	237
0.01375633365689	1.06770834348018	41
-0.000745747544439901	0.781039705255396	4476
-0.0304485609024301	0.571635312320433	477
-0.0303758862457899	0.568755687984731	477
-0.0438463713453501	1.62404755352236	735
-0.0325839463761199	0.568939892639774	267
-0.0408415240703699	0.548722359325435	428
-0.0344921214570599	0.567056159779366	1705
-0.02987225510178	0.53624748711756	61
-0.0282416627159101	0.549555586451851	750
-0.03562965376205	0.57273266881158	2933
-0.0293083870492801	0.565957082481742	62
-0.0314441613901699	0.563341198905054	92
0.00265441762760998	0.765071293216113	343
0.0169276143616199	1.0372521527653	237
-0.03151586580405	0.574497786496295	355
0.06865764282873	2.0597134028516	468
-0.0367013826593099	0.571696966677706	78
-0.02666556475534	0.555316783803888	61
0.0408552812882801	1.53244245086818	62
0.0102906910056	1.05505853616257	62
-0.0408415240703699	0.548722359325435	92
-0.0433219402387299	1.7169937791059	281
-0.11641017218368	1.22952236552675	1910
-0.07212789340168	1.43957008021038	137
-0.0303758862457899	0.568755687984731	1463
-0.00200901475426996	0.780903871596455	320
-0.0344921214570599	0.567056159779366	355
-0.00672623415213991	0.79134967028298	267
-0.0303758862457899	0.568755687984731	506
-0.03562965376205	0.57273266881158	750
0.0201237817851101	1.0014082246205	2933
-0.03251321356938	0.545959643614202	1910
-0.000745747544439901	0.781039705255396	137
-0.0304485609024301	0.571635312320433	388
0.0705380346720601	1.83344023857176	237
-0.0282416627159101	0.549555586451851	1313
0.0626714548251499	2.47109883263327	369
-0.03151586580405	0.574497786496295	735
-0.03562965376205	0.57273266881158	735
-0.0303758862457899	0.568755687984731	2528
0.0519588993587901	1.86482069974171	78
-0.0334209768129401	0.552979410527908	78
-0.0304485609024301	0.571635312320433	61
-0.03151586580405	0.574497786496295	750
-0.03562965376205	0.57273266881158	62
-0.0344921214570599	0.567056159779366	419
0.03481565773113	1.29631059064089	574
-0.0282416627159101	0.549555586451851	388
-0.03151586580405	0.574497786496295	388
-0.02987225510178	0.53624748711756	3957
-0.03562965376205	0.57273266881158	2694
-0.02666556475534	0.555316783803888	487
-0.03077755268084	0.542923119444998	224
-0.0367013826593099	0.571696966677706	224
-0.0282416627159101	0.549555586451851	506
-0.0303758862457899	0.568755687984731	2272
-0.03976611515909	0.539160558684856	92
-0.0355640472947301	0.56605263232295	513
-0.0334209768129401	0.552979410527908	3923
-0.0304485609024301	0.571635312320433	750
-0.1186352237471	1.21199787397155	750
-0.0325839463761199	0.568939892639774	2272
-0.11304683680271	1.24256218781789	574
-0.00518112677677007	0.777351056485592	574
-0.00613037548914996	0.815197966688513	343
-0.0325839463761199	0.568939892639774	3254
-0.02938203058712	0.554835342168621	4628
-0.0355640472947301	0.56605263232295	477
-0.03151586580405	0.574497786496295	3923
-0.0325839463761199	0.568939892639774	4701
-0.0314441613901699	0.563341198905054	1174
-0.03863106043718	0.534301128834276	1313
0.06651858009742	1.77166834137767	735
-0.03151586580405	0.574497786496295	1072
-0.0314441613901699	0.563341198905054	1072
-0.0288025806515999	0.552844657042527	78
0.0118733436868601	1.06384888051261	78
0.0172476753203701	1.00410941879305	62
-0.0366367554240601	0.551173840789553	1668
-0.03562965376205	0.57273266881158	1668
-0.0366367554240601	0.551173840789553	388
-0.0314441613901699	0.563341198905054	388
-0.0367013826593099	0.571696966677706	237
-0.0043120498615199	2.14400809134471	237
-0.0314441613901699	0.563341198905054	1174
-0.03976611515909	0.539160558684856	868
0.0194964955913599	1.00810540639714	68
-0.0125870649166799	0.771343371113847	92
-0.03077755268084	0.542923119444998	663
-0.0163739811874399	0.728482599154869	3282
-0.0011945073430899	0.737715197386365	3415
-0.0303758862457899	0.568755687984731	2694
-0.03562965376205	0.57273266881158	237
-0.02773368423247	0.557998868810911	1234
-0.03151586580405	0.574497786496295	68
-0.0325839463761199	0.568939892639774	2488
-0.00387806357019005	0.813421648198263	574
-0.00146816014262008	0.797879294056104	343
-0.0705754975869199	1.51461225787574	343
0.0318938012575001	1.31767596216815	281
-0.0304485609024301	0.571635312320433	237
-0.0325839463761199	0.568939892639774	237
-0.0293083870492801	0.565957082481742	3199
-0.0372602256338099	1.60016483125793	78
0.00778205203877991	0.956359901267006	78
-0.0345587057766299	0.558314589078715	3333
0.0371411468443501	1.31244018909752	129
0.0134465606694001	1.03841851553148	1668
0.02232889874319	0.994433440020905	6089
-0.0665846826307099	1.47574391384287	92
-0.00692900236779992	0.825613110856424	510
-0.0199564661102001	0.706001337145713	2448
0.03137684454495	1.28115411611174	3282
0.03217567493521	1.48331602633698	3282
0.0105877036562301	1.00375628873737	3284
-0.0334209768129401	0.552979410527908	835
-0.0367013826593099	0.571696966677706	1174
-0.00772794244596997	0.828052257466456	369
-0.0303758862457899	0.568755687984731	3199
-0.03151586580405	0.574497786496295	735
-0.00146816014262008	0.797879294056104	908
-0.0123685868568799	0.795124800463189	68
-0.0293083870492801	0.565957082481742	487
-0.0344921214570599	0.567056159779366	488
-0.00307444338271989	0.814556392712404	6035
-0.0318493259185899	0.556375725071351	510
-0.0768726994561899	1.36730157437145	281
0.01247993645432	1.02139304163365	3282
-0.0367013826593099	0.571696966677706	735
-0.03151586580405	0.574497786496295	735
-0.0293083870492801	0.565957082481742	68
-0.02666556475534	0.555316783803888	1668
-0.03151586580405	0.574497786496295	510
-0.0821021388948699	1.40558284020538	402
-0.04078306456226	0.53403404521053	663
0.01503990714084	1.04208960540194	237
0.01503990714084	1.04208960540194	1313
-0.06387494480115	1.41746965744861	1313
-0.03562965376205	0.57273266881158	3970
-0.00468200313562006	0.806443643796301	690
-0.0303758862457899	0.568755687984731	4571
-0.02666556475534	0.555316783803888	22
-0.0303758862457899	0.568755687984731	487
0.0128222126359601	1.0481210354892	224
-0.0303758862457899	0.568755687984731	1677
-0.00146816014262008	0.797879294056104	1677
-0.0318493259185899	0.556375725071351	6682
-0.03151586580405	0.574497786496295	92
-0.11753324223731	2.43986921268792	821
-0.02938203058712	0.554835342168621	835
-0.00918211019679993	0.764793081497614	1313
-0.0303758862457899	0.568755687984731	1313
0.0210759252923201	1.02879237100587	2729
-0.00387806357019005	0.813421648198263	2729
0.00165142088078007	0.766850978093335	135
-0.0355640472947301	0.56605263232295	4571
-0.0303758862457899	0.568755687984731	107
-0.0345587057766299	0.558314589078715	868
-0.0288025806515999	0.552844657042527	868
-0.0314441613901699	0.563341198905054	453
-0.0123685868568799	0.795124800463189	5060
-0.0355640472947301	0.56605263232295	5060
-0.0344921214570599	0.567056159779366	78
-0.03151586580405	0.574497786496295	78
-0.0325839463761199	0.568939892639774	1677
-0.00300857946690991	0.78273781482693	6682
0.0433252200638301	1.49650417260175	402
-0.08145174470477	1.39336322385271	281
-0.07613312841132	1.47924715540273	706
-0.0345587057766299	0.558314589078715	5654
-0.0367013826593099	0.571696966677706	1313
-0.0293083870492801	0.565957082481742	239
-0.00852719596529994	0.82341716190178	78
-0.02938203058712	0.554835342168621	130
-0.03562965376205	0.57273266881158	488
-0.0303758862457899	0.568755687984731	402
-0.03562965376205	0.57273266881158	2051
-0.03976611515909	0.539160558684856	135
-0.0344921214570599	0.567056159779366	173
-0.03777389356595	0.556445841614653	129
-0.0303758862457899	0.568755687984731	5667
-0.0304485609024301	0.571635312320433	402
-0.1158059193584	1.18985587485681	574
-0.0367013826593099	0.571696966677706	821
-0.0339952201049001	0.541232043992755	835
-0.00227114232336989	0.809739230591547	237
0.0398606671377899	1.46937444871573	237
-0.02773368423247	0.557998868810911	453
0.000852678794879935	0.777634427020144	78
-0.0304485609024301	0.571635312320433	5667
-0.0293083870492801	0.565957082481742	5667
-0.0334209768129401	0.552979410527908	835
-0.0304485609024301	0.571635312320433	417
-0.0293083870492801	0.565957082481742	1844
-0.03562965376205	0.57273266881158	22
-0.0314441613901699	0.563341198905054	68
-0.03458093018186	1.77419302471186	2016
-0.0367013826593099	0.571696966677706	260
0.0661713978193299	1.6618194145964	1719
-0.03151586580405	0.574497786496295	510
-0.0282416627159101	0.549555586451851	510
-0.03151586580405	0.574497786496295	835
-0.11762592179992	1.16888256591566	237
-0.0314441613901699	0.563341198905054	22
-0.03292188135986	0.555430504293838	22
-0.00307444338271989	0.814556392712404	68
-0.02666556475534	0.555316783803888	487
-0.0367013826593099	0.571696966677706	173
-0.03562965376205	0.57273266881158	2635
-0.0303758862457899	0.568755687984731	129
-0.0304485609024301	0.571635312320433	1135
-0.0355640472947301	0.56605263232295	510
-0.0115745763227	0.796023855040867	402
-0.03151586580405	0.574497786496295	423
-0.10643530926504	1.11629179428719	423
-0.0304485609024301	0.571635312320433	22
-0.03151586580405	0.574497786496295	239
-0.0345587057766299	0.558314589078715	260
-0.00932676316779002	0.811089448814033	417
-0.0314441613901699	0.563341198905054	503
-0.0356352302802301	1.67143966134605	423
-0.0011945073430899	0.737715197386365	107
0.01856744358428	1.02419421492499	1314
-0.11893643228044	1.28057715956658	1719
-0.000745747544439901	0.781039705255396	510
-0.0293083870492801	0.565957082481742	1313
0.0333721758119101	1.32744955146385	369
0.01124262171295	1.0218526462621	369
-0.0123685868568799	0.795124800463189	4261
-0.00227114232336989	0.809739230591547	107
-0.0730905408645799	1.45147356928892	462
0.11796503604775	1.98487392339417	260
0.01411675987952	1.03202132693939	217
-0.0649041710209699	1.46096226498813	217
-0.0171650396229299	0.731850676219687	820
0.01629859197846	1.04450186890114	417
-0.00713083767992995	0.788834197195954	1313
0.03869104262868	1.24227679410502	1313
0.0080525598755401	1.05854878694201	380
-0.03151586580405	0.574497786496295	369
-0.0012661437964101	0.774732428798377	3420
-0.01793752497747	1.96149001852906	5729
-0.00713083767992995	0.788834197195954	217
0.0115728910788899	1.04573262019449	217
-0.0303758862457899	0.568755687984731	423
-0.03562965376205	0.57273266881158	1792
-0.00213701031955993	2.35672763720628	5729
-0.12450938278686	1.89378784126777	217
0.0457131214375901	1.75578627207523	281
-0.0293083870492801	0.565957082481742	821
-0.00793059475501989	0.798417415156676	2556
-0.0743439246950801	1.47893645857637	417
-0.0325839463761199	0.568939892639774	369
0.00933675939240008	1.01582537969095	369
-0.1191925423106	1.25481890933781	369
-0.11772730665671	1.26892138777244	4261
0.0191354744890799	0.996995319985223	423
-0.00408156091039991	0.788167237220455	68
-0.03562965376205	0.57273266881158	68
-0.0115745763227	0.796023855040867	281
-0.11424908796406	1.23289551562509	1277
-0.00359442909742991	0.792548883206837	879
-0.11737942317356	1.27075276155977	384
-0.0770916014963401	2.05197628154243	1313
0.0201237817851101	1.0014082246205	369
-0.0043876173920101	0.788419104436732	3745
0.01503990714084	1.04208960540194	6108
-0.0864679964056001	1.99226860140559	462
0.0359069820369899	1.51934626568194	5605
-0.11546089319569	1.23609155712036	2679
-0.03976611515909	0.539160558684856	821
-0.03292188135986	0.555430504293838	450
-0.0692289251061	1.51660624739353	820
0.12106687368175	1.6866081529368	4048
0.0109192649010299	1.07005854050363	423
0.0117343121729301	2.45944908991449	462
0.01059466776192	1.03659951281989	308
0.01250121866638	1.07170477077639	3435
-0.01072780074835	1.8996646205621	4261
-0.0293083870492801	0.565957082481742	423
-0.12216007311111	1.19289087722335	1172
0.12492066766378	1.30061753416861	173
0.03403059603648	1.30014246995363	217
-0.00873066636727993	0.800679377187348	3435
-0.11077643152455	1.70501393401092	4261
0.02076243358542	0.968762441428532	423
-0.03930099233871	1.70861642593281	78
0.03481003312005	1.2320599690735	78
-0.0293083870492801	0.565957082481742	706
0.03333728079649	1.25054914222239	879
-0.0303758862457899	0.568755687984731	60
0.0350175166625899	1.27194967515178	423
-0.00468200313562006	0.806443643796301	1172
0.0282150807513499	1.31384123548123	1172
0.03813238522749	1.24627115699137	1792
-0.11712802474731	1.97908180589254	308
-0.11434872485057	1.80866122875903	402
0.0487637077977301	1.48466153064422	281
0.0343981801731199	1.27272456182877	4051
-0.11519964048504	1.18555041308936	369
-0.06951847742242	1.41831046827085	308
-0.0345587057766299	0.558314589078715	308
-0.02559822113342	0.539640927704177	217
-0.03285776863887	1.65628197417698	217
0.00105447991008001	0.970724794867038	281
-0.00613037548914996	0.815197966688513	402
-0.00713083767992995	0.788834197195954	369
-0.0574105497424899	1.38588331676322	369
-0.0692289251061	1.51660624739353	423
0.0153697570467599	1.04048351906739	2811
-0.00146816014262008	0.797879294056104	217
-0.07245374084679	1.51721757938044	217
0.0371502672699999	1.52614098998071	402
-0.00793059475501989	0.798417415156676	1488
-0.00327713990859002	0.783717765889225	369
0.0112133344182901	0.995035069856931	423
0.00930599326493997	1.04639528050602	423
-0.0304485609024301	0.571635312320433	68
0.01856744358428	1.02419421492499	217
-0.0303758862457899	0.568755687984731	820
0.0178790300168501	1.0314188532149	4051
-0.02773368423247	0.557998868810911	2735
0.0454181955795501	1.17108247959085	78
-0.1220639640453	1.25306290794968	129
-0.0103317541774699	0.78515735496581	6370
0.02858466175782	1.27339779045829	402
-0.0304485609024301	0.571635312320433	1148
0.01375633365689	1.06770834348018	4051
-0.02987225510178	0.53624748711756	369
-0.12254275524685	1.86622023969135	130
0.00185680017540002	0.775806930948334	129
0.04797007966978	1.47576588005059	820
0.0318938012575001	1.31767596216815	60
-0.0314441613901699	0.563341198905054	369
0.01694927314729	1.06524867968629	369
-0.0325839463761199	0.568939892639774	2735
-0.0139575729500601	0.763453167392975	369
0.0144730587432	0.936709616090663	308
0.01154762653011	1.07802523492677	217
-0.00300857946690991	0.78273781482693	217
0.0265373687363599	1.28709660595122	2680
-0.00307444338271989	0.814556392712404	4051
-0.03251321356938	0.545959643614202	372
-0.06183653399201	1.40470537363355	369
0.000852678794879935	0.777634427020144	369
-0.00793059475501989	0.798417415156676	369
-0.0345587057766299	0.558314589078715	369
-0.00569136454788999	0.780761726457047	402
-0.00408156091039991	0.788167237220455	308
-0.0706836654814	1.44767143600302	706
0.01503990714084	1.04208960540194	2704
-0.03706397027604	0.534056234168037	369
0.0314704864632001	1.24748885105926	951
-0.11016550758567	1.2244709254744	1125
-0.0344921214570599	0.567056159779366	308
-0.11485359792109	1.27190564220008	217
-0.03628816069763	1.70852765871519	6567
-0.11485489366734	1.23760679697374	706
-0.11765391383136	1.24767648662312	706
0.0131288819447	1.07301487731981	820
-0.01375910355632	0.722250755066736	17
-0.000745747544439901	0.781039705255396	17
-0.0293083870492801	0.565957082481742	369
0.0131288819447	1.07301487731981	130
-0.02938203058712	0.554835342168621	1125
-0.03562965376205	0.57273266881158	308
-0.03562965376205	0.57273266881158	308
-0.0293083870492801	0.565957082481742	17
-0.0367013826593099	0.571696966677706	879
0.11934930150024	1.76971361830462	60
-0.0293083870492801	0.565957082481742	369
-0.0336528037050301	0.551127532438659	369
-0.0676788197598699	1.49341094311519	706
-0.000659736030369951	2.13617081958348	6237
-0.0304485609024301	0.571635312320433	1974
0.11266027316596	1.95289187739633	60
-0.00692900236779992	0.825613110856424	895
-0.03562965376205	0.57273266881158	706
-0.0162742343150999	1.93453466628723	879
-0.00752435363234993	0.787249559464249	60
-0.11390324443478	1.23032549733889	167
-0.00772794244596997	0.828052257466456	369
-0.00873066636727993	0.800679377187348	1553
0.000053622734160097	0.782030476528968	369
-0.00408156091039991	0.788167237220455	308
-0.0204191939078999	1.85527721445839	17
-0.02773368423247	0.557998868810911	60
-0.0304485609024301	0.571635312320433	369
-0.0282416627159101	0.549555586451851	6271
-0.0336528037050301	0.551127532438659	369
-0.0367013826593099	0.571696966677706	369
-0.000537929014559957	0.772950282023242	369
-0.0318493259185899	0.556375725071351	129
-0.0367013826593099	0.571696966677706	308
-0.0344921214570599	0.567056159779366	308
0.02602148649739	1.26367149798399	2296
-0.0367013826593099	0.571696966677706	369
-0.0334209768129401	0.552979410527908	369
-0.11016550758567	1.2244709254744	78
-0.00772794244596997	0.828052257466456	308
0.0460498652129	1.72823778900906	170
0.04560787840946	1.52613094397387	879
0.0547898849734501	1.88212598135182	17
0.00172121529767	0.959100512066838	1870
0.0286741025263499	1.30784949383853	1870
0.04678000504334	1.41160091240744	369
0.0140589530934301	1.03985784076087	369
-0.00459756972525005	0.794432996332145	337
-0.0111327708631399	0.760632896310627	129
-0.0675487335160501	1.43889363101444	1066
-0.0655086054907199	1.44512611237619	308
0.04491936215074	1.52008574470488	424
-0.0350817057548301	1.6352254670891	1974
0.0201237817851101	1.0014082246205	60
0.04819971091346	1.42899098523726	2296
0.01154762653011	1.07802523492677	369
0.0499965876727	1.99827418863628	129
-0.00206832376341004	0.779074857346418	402
-0.03151586580405	0.574497786496295	170
-0.00468200313562006	0.806443643796301	17
-0.11806500124426	1.88341259812631	879
0.0230191137745599	0.955985092468499	155
0.0598232791447	1.95079135664231	772
0.05667455332719	1.66307626584323	1066
-0.0355640472947301	0.56605263232295	308
-0.00672623415213991	0.79134967028298	308
-0.0314441613901699	0.563341198905054	1974
-0.11641017218368	1.22952236552675	369
-0.0639622085293901	2.24327255019365	369
0.0153697570467599	1.04048351906739	369
-0.0303758862457899	0.568755687984731	308
-0.03970666869372	0.543652412550187	308
-0.02936486243531	1.66363559881357	60
-0.0304485609024301	0.571635312320433	17
-0.0383302799763501	1.78442047535056	1066
-0.03151586580405	0.574497786496295	435
0.03347184533749	1.31596363630186	17
-0.11645389136737	1.20732238821892	155
-0.000405067546860094	0.741159833406884	721
0.0589384091332299	1.97188730500354	1687
-0.00287082152618989	0.778096395897982	1066
0.00867938182943995	1.05622125891492	424
0.0080525598755401	1.05854878694201	17
0.0434060137949801	1.54485019073557	155
0.0386276860869601	1.26780159713936	2296
-0.0786722171280601	1.42261425359674	266
0.067365283449	2.10027276346312	369
-0.0325839463761199	0.568939892639774	308
-0.0367013826593099	0.571696966677706	129
0.0302604880219699	1.29948344638474	285
0.11851214834021	2.14045544523595	5927
-0.00200901475426996	0.780903871596455	402
-0.0408415240703699	0.548722359325435	17
-0.00738116794289989	0.763845120504449	369
-0.00713083767992995	0.788834197195954	253
-0.0282416627159101	0.549555586451851	1974
-0.00772794244596997	0.828052257466456	78
-0.00613037548914996	0.815197966688513	308
0.0494539818965301	1.85682838357966	308
-0.03077755268084	0.542923119444998	253
-0.0408415240703699	0.548722359325435	369
-0.0355640472947301	0.56605263232295	369
-0.06616478748663	1.47521340091355	308
-0.0012661437964101	0.774732428798377	3059
-0.00793059475501989	0.798417415156676	17
-0.0345587057766299	0.558314589078715	95
-0.00832278545478005	0.776263863446119	369
0.052216251997	1.75327593152001	308
-0.00513093125787001	0.779798623153035	285
-0.03976611515909	0.539160558684856	285
0.02877397269945	1.30825636984806	60
-0.03562965376205	0.57273266881158	1974
0.00183984323157005	2.2579053967917	60
-0.03077755268084	0.542923119444998	369
-0.0713596620113	1.50522213369049	369
-0.12034274264232	1.96604255508023	78
-0.03562965376205	0.57273266881158	308
0.00835327190462998	1.00795710320135	308
-0.0367013826593099	0.571696966677706	4820
-0.11580705727901	1.23440513533429	424
0.0131288819447	1.07301487731981	60
-0.0729636721581799	1.35861321782655	369
-0.0420491585152001	1.76402414467757	308
-0.00618779399357994	0.779157878746971	253
-0.11677543427213	1.26123812958458	369
0.05774199373568	1.6739379374776	369
-0.0293083870492801	0.565957082481742	285
-0.00307444338271989	0.814556392712404	5927
-0.0345587057766299	0.558314589078715	60
-0.02648443679851	1.90180997533238	5044
0.05371478942984	1.50048113206248	24
0.00930599326493997	1.04639528050602	435
0.00963322592308002	1.05023164253597	3059
-0.0657086777487701	1.53653462119827	4432
-0.0405129067502401	1.72078824629589	17
0.01694626135947	0.990858778072586	60
-0.12157869695185	1.21296414467075	60
0.02877397269945	1.30825636984806	5044
0.03490945058475	1.33394848020807	60
0.00869493484105011	1.01220151474224	369
-0.00659223634215	0.75727910019049	70
-0.0582240794115001	1.30247754633923	285
0.02756043730053	1.29348969218786	60
-0.0293083870492801	0.565957082481742	60
0.00518027534959997	1.01293275909213	60
0.0156693562838499	1.04605027081691	400
-0.00692900236779992	0.825613110856424	400
-0.0314441613901699	0.563341198905054	308
-0.00488630237296994	0.787149946740264	1564
0.03110374325648	1.45653700008518	3059
0.0374743313255099	1.26741013332864	5044
-0.0620002760249601	1.30557169031347	60
-0.12085815587824	1.24828469694977	1431
-0.00150882376671002	2.16268319363494	1066
0.00867938182943995	1.05622125891492	308
-0.00408156091039991	0.788167237220455	308
-0.0103317541774699	0.78515735496581	1564
-0.0293083870492801	0.565957082481742	5927
-0.0163739811874399	0.728482599154869	60
-0.0293083870492801	0.565957082481742	7
-0.0303758862457899	0.568755687984731	369
-0.00592842677396011	0.789136937394569	1680
0.0488452653582701	1.57601717697732	1431
-0.11798360407107	1.27274693130997	60
-0.00902013775318	1.75679667152036	60
-0.00873066636727993	0.800679377187348	1680
0.01919488119916	1.03358904343148	805
-0.00548626232913008	0.79277770538421	78
0.000260627095709953	0.779202075035729	78
0.02709677886673	1.30331208059323	402
-0.00287082152618989	0.778096395897982	60
-0.00280156163681	0.790316349450718	60
0.11044408231335	2.15172975800867	60
-0.0109980213390799	0.744489037872677	308
0.0034396542772599	2.26697475237981	545
-0.0325839463761199	0.568939892639774	17
0.01343143917481	1.06135925713213	60
0.033374406983	1.30475089170455	129
0.00930599326493997	1.04639528050602	5927
-0.00772794244596997	0.828052257466456	60
-0.00227114232336989	0.809739230591547	954
0.0159959400012399	1.03552463054954	1636
-0.00200901475426996	0.780903871596455	24
-0.10944570035539	1.11080010554205	4813
-0.01722734768055	1.92433817274831	1431
-0.04711655101972	2.41816165363138	285
-0.11364347597003	1.22165839929558	5927
0.0455638565762899	1.54583981828845	60
-0.07480532433853	1.44589401172379	60
-0.11988863650925	1.22894868309687	60
0.01694927314729	1.06524867968629	3364
0.0365933974396599	1.27400806475642	7
-0.11269577826611	1.21617731264157	1680
-0.0657086777487701	1.53653462119827	129
0.01217577602845	1.07935868996226	70
0.0487382561897201	1.78654311221621	15
-0.00287082152618989	0.778096395897982	4489
0.02143107775889	1.25215959266753	60
-0.11004835026404	1.09389145306541	17
0.0489219379180399	1.50004584342836	60
-0.11701905989948	1.18158108572778	60
0.01059466776192	1.03659951281989	60
-0.0367013826593099	0.571696966677706	3364
-0.12060520771763	1.21496265377671	7
0.0317896780072999	1.33207266197552	57
-0.03077755268084	0.542923119444998	400
0.12073101218766	1.87847370208811	308
0.11606702186441	1.93512662977608	60
0.00138654292543006	0.968828889156181	60
-0.11701347818045	1.21777809662782	692
0.04248613608077	1.56775472062165	692
0.11476015031387	1.9401339099527	3364
-0.0012661437964101	0.774732428798377	57
-0.11217546462529	1.84673947959147	400
-0.00488630237296994	0.787149946740264	60
0.0385918917510399	1.2881189441834	60
0.12295306587315	1.50058678700459	60
-0.00459756972525005	0.794432996332145	400
-0.02773368423247	0.557998868810911	400
-0.0345587057766299	0.558314589078715	675
-0.0293083870492801	0.565957082481742	15
-0.0107808871211601	0.788807393064317	424
-0.00488630237296994	0.787149946740264	759
-0.0216024031590301	1.93016692211053	60
0.00930599326493997	1.04639528050602	400
0.0121976561494599	1.05042695733591	60
-0.0303758862457899	0.568755687984731	759
0.0365834807621199	1.3286970841052	369
-0.00468200313562006	0.806443643796301	1680
0.0354743777448401	1.27668777684659	1680
-0.11444107394523	1.87886647117038	424
-0.0336528037050301	0.551127532438659	60
-0.0632300281818099	2.28674870796145	254
-0.04476654757595	1.7270634243674	7
-0.0344921214570599	0.567056159779366	992
-0.0131629189803499	0.786254780795841	15
0.0536428951544501	1.44385675872325	79
0.04185062857695	1.54961838578262	424
0.0172351960252799	0.967497218031401	3762
-0.01207041819106	1.90671034169961	692
0.03347184533749	1.31596363630186	369
-0.0679312542417101	1.52582368029872	2193
0.0481994881232899	1.393366883972	400
0.0099323943157601	1.02754745276604	308
-0.06956906282456	1.50728271072785	308
-0.11364347597003	1.22165839929558	60
0.0407276264591601	1.27943593613357	254
0.00996581992529011	1.02941060989652	1680
-0.11606708666504	1.22841277653848	57
0.0159959400012399	1.03552463054954	15
0.03290481119103	1.32801507895	79
-0.06725833047395	1.47835601879002	60
-0.0408415240703699	0.548722359325435	60
-0.12401078659937	1.91207648106006	60
0.0292372068500699	1.32061935515268	692
0.04413554450246	1.56729772061439	78
-0.041570733326	1.77565729950322	78
-0.00672623415213991	0.79134967028298	117
-0.0334209768129401	0.552979410527908	1346
0.00867938182943995	1.05622125891492	79
-0.11727149013624	1.21059175150874	60
-0.0107808871211601	0.788807393064317	60
-0.0366367554240601	0.551173840789553	60
0.0412854934006399	1.26915449254387	57
-0.07300102568671	1.51117420772596	78
-0.11677543427213	1.26123812958458	308
-0.0367013826593099	0.571696966677706	4478
-0.000464281377420051	0.7640783985923	60
0.0121976561494599	1.05042695733591	60
0.03704748069118	1.33103279029937	6375
-0.02666556475534	0.555316783803888	15
0.01375633365689	1.06770834348018	2570
-0.0123685868568799	0.795124800463189	60
0.0429530771070501	1.58219525090858	60
-0.00459756972525005	0.794432996332145	60
-0.00227114232336989	0.809739230591547	3762
0.0182412879534899	1.00595091721991	692
-0.0366194607469601	1.67833489146537	978
0.0328148387132501	1.32571506546957	369
0.03705157695246	1.25848666266647	1680
0.0138186952925199	1.02350298578186	2993
0.0128222126359601	1.0481210354892	15
0.01600757159153	0.965541181721891	2570
0.04810220415154	1.69630248852462	692
0.00647133561158997	1.01476194960767	369
-0.0624765704713	1.47811814919349	24
-0.00367363733279991	0.771888888375357	2193
-0.11556803200188	1.21553196370089	1680
-0.00206832376341004	0.779074857346418	1680
-0.11580705727901	1.23440513533429	57
-0.00488630237296994	0.787149946740264	78
-0.04078306456226	0.53403404521053	117
-0.00206832376341004	0.779074857346418	424
-0.0303758862457899	0.568755687984731	7
-0.0344921214570599	0.567056159779366	77
-0.0247180644629801	1.80689610437428	424
-0.11388188098157	1.82164972314987	424
0.0194964955913599	1.00810540639714	978
-0.00772794244596997	0.828052257466456	24
0.0400739342865799	1.22473460158113	5639
-0.12146096463239	1.25462941575279	15
0.00492962482449011	2.083932612687	79
-0.0012661437964101	0.774732428798377	60
-0.00206832376341004	0.779074857346418	254
-0.00234543172865997	0.762389418338435	6375
-0.0169466743992399	0.74830199339599	77
-0.00380292046245989	0.792192513342636	60
0.000260627095709953	0.779202075035729	369
-0.0314441613901699	0.563341198905054	77
0.0276560161727399	1.31216852360081	400
0.01725048872499	1.03858107432365	117
0.01311714159776	0.993208125175157	60
0.06068763784286	1.73332067356134	166
0.0204699199252101	0.982906750478333	77
0.01408262136641	1.02387943108031	77
0.0118517258905599	1.03287603204612	146
-0.11329791231698	1.22567057278212	117
0.0547110976535301	1.49427824368934	15
0.0371526471217301	1.26388838010809	77
0.11361922458586	1.89140087550823	400
-0.11896165976735	1.11981049305433	1017
-0.07466780473646	1.46934034172854	167
-0.06968293497872	1.51051247049787	369
0.0187539777569601	2.43919963477313	1201
0.00550989721695006	1.01395460793379	536
0.0194964955913599	1.00810540639714	5918
0.0118733436868601	1.06384888051261	6127
-0.11737942317356	1.27075276155977	166
-0.0012661437964101	0.774732428798377	2193
-0.00873066636727993	0.800679377187348	3222
-0.00793059475501989	0.798417415156676	146
0.11053336158881	2.06274868668221	400
-0.06813387936687	1.51333413950008	15
0.03586356349468	1.48567736394406	149
-0.0256442502782701	1.78949756388026	238
0.03583336924096	1.16705734543527	369
0.12423778697396	1.57366750707379	689
-0.03077755268084	0.542923119444998	79
0.11679701585585	2.11436066350517	3572
-0.0657086777487701	1.53653462119827	77
-0.11329755212281	1.22495606083112	238
0.01343143917481	1.06135925713213	60
0.11187907954695	1.92748875226984	166
-0.03151586580405	0.574497786496295	369
-0.00419459171078995	0.716993583984553	15
-0.00247303911621999	0.772786881082854	79
-0.0293083870492801	0.565957082481742	424
-0.11450876997666	1.22883623824064	60
-0.0345587057766299	0.558314589078715	1267
-0.0647049921114999	1.52892246618061	400
0.0223396242115399	0.95091676241351	117
-0.12255627536326	1.90431976410602	78
0.0313343939259301	1.31931684545371	400
-0.0367013826593099	0.571696966677706	1061
-0.03151586580405	0.574497786496295	2305
0.12418127876901	1.80926732151242	166
0.04988564915133	1.2702335794703	144
-0.06818880133818	1.41898047690098	400
-0.11329791231698	1.22567057278212	117
0.05758393059982	1.99894415809606	200
-0.03562965376205	0.57273266881158	149
-0.0125870649166799	0.771343371113847	146
0.11835364045515	2.15372553459717	1201
-0.11580705727901	1.23440513533429	5252
-0.0548646991346999	2.32250392637118	117
0.00247934140159001	2.11953778432993	200
0.0297957851086299	1.31496121002925	2188
-0.04191772030698	0.538875467871723	146
-0.03863106043718	0.534301128834276	434
-0.07278954665041	1.49133067434945	3306
0.11288005906663	2.32524072032401	238
0.0438435261677099	1.50868093899093	60
-0.02666556475534	0.555316783803888	60
-0.10706194544616	1.74852133081574	1267
-0.02773368423247	0.557998868810911	166
-0.00659223634215	0.75727910019049	369
0.11283285502653	1.92691243243563	144
-0.0281061616901199	1.63161716621757	400
-0.0304485609024301	0.571635312320433	91
-0.03151586580405	0.574497786496295	2631
-0.00227114232336989	0.809739230591547	117
-0.04387225769301	0.508232706985773	2380
-0.06273956522643	1.40963492185765	3306
-0.00327713990859002	0.783717765889225	3306
-0.0735753190946999	1.44834262203851	3572
-0.01593780133139	0.72001392244312	5254
-0.02376760219663	1.88678679284379	479
-0.0304485609024301	0.571635312320433	394
-0.10970150779693	1.87657467512458	3572
-0.03077755268084	0.542923119444998	953
0.05139383191315	1.5585696624169	1201
-0.0408415240703699	0.548722359325435	1228
-0.0303758862457899	0.568755687984731	5254
0.00394545217440001	0.962710525244956	167
0.0233485699420799	0.952410680763163	536
-0.00287082152618989	0.778096395897982	166
-0.0117923820063499	0.764667242809514	3736
-0.01514843657367	0.724422720317036	200
-0.00459756972525005	0.794432996332145	166
0.02272336815372	0.944766124049185	382
-0.11803476810465	1.19807130471323	146
-0.0107808871211601	0.788807393064317	200
0.0350175166625899	1.27194967515178	144
-0.03151586580405	0.574497786496295	91
-0.03970666869372	0.543652412550187	3335
-0.0304485609024301	0.571635312320433	394
-0.0141773984985101	0.762379985452456	5220
-0.0344921214570599	0.567056159779366	1014
-0.11958694923438	1.94619706894552	1019
-0.0303758862457899	0.568755687984731	394
-0.0288025806515999	0.552844657042527	5220
-0.00468200313562006	0.806443643796301	5220
-0.03562965376205	0.57273266881158	79
-0.0344921214570599	0.567056159779366	89
-0.03562965376205	0.57273266881158	200
0.0163235777334501	1.07055263824723	15
-0.00227114232336989	0.809739230591547	3419
-0.0012661437964101	0.774732428798377	79
0.0105585851155301	0.990396786654865	238
0.0254638484087599	1.27042732097336	164
-0.00772794244596997	0.828052257466456	382
-0.03151586580405	0.574497786496295	44
0.01250121866638	1.07170477077639	382
0.03703530910104	1.25108087647189	3419
-0.0107808871211601	0.788807393064317	382
-0.0293083870492801	0.565957082481742	117
-0.0303758862457899	0.568755687984731	4530
-0.11546089319569	1.23609155712036	146
-0.0638088510775401	1.43910668034256	200
0.03813238522749	1.24627115699137	2119
-0.00539252749047003	0.790280729736284	2693
0.01883107816339	0.986461105211838	79
-0.0325839463761199	0.568939892639774	166
0.0427068567936499	1.14109131733206	382
0.0131288819447	1.07301487731981	3004
-0.00932676316779002	0.811089448814033	1502
0.04931381700288	1.73475925115148	60
-0.03151586580405	0.574497786496295	164
-0.07741836538386	1.36953855381109	166
0.0121976561494599	1.05042695733591	1502
0.0259198859918599	2.3148798607008	117
-0.11329791231698	1.22567057278212	1411
-0.0174431223898901	1.96983024565798	60
0.04011765217602	1.68640338181703	536
0.0683341443372201	1.91881436239871	509
-0.08044474205928	1.44975260108315	3004
0.11145171667514	2.28269301068942	91
-0.0115745763227	0.796023855040867	1411
0.0544469808236701	1.37694025821707	44
0.123824959389	1.74910578895731	166
-0.11269277350783	1.21457508435624	166
-0.03059455881205	1.62043164796701	166
0.0140589530934301	1.03985784076087	382
0.000260627095709953	0.779202075035729	144
0.11526754511777	2.03691083418906	944
-0.00228279249799002	2.0303339492535	944
-0.00852719596529994	0.82341716190178	200
-0.0355640472947301	0.56605263232295	200
-0.02666556475534	0.555316783803888	1411
0.0134554447503801	1.02275072876032	99
0.01247993645432	1.02139304163365	509
-0.0303758862457899	0.568755687984731	223
0.12480176906247	1.55587128969688	1502
-0.0288025806515999	0.552844657042527	117
0.0600776721898599	1.87273922254287	200
-0.0345587057766299	0.558314589078715	200
0.0109192649010299	1.07005854050363	79
-0.0293083870492801	0.565957082481742	79
-0.0303758862457899	0.568755687984731	60
-0.0304485609024301	0.571635312320433	164
-0.0355640472947301	0.56605263232295	164
-0.0314441613901699	0.563341198905054	166
-0.0408415240703699	0.548722359325435	144
-0.0282416627159101	0.549555586451851	1502
-0.0293083870492801	0.565957082481742	1502
0.12467650347305	1.8854824127557	944
0.00963322592308002	1.05023164253597	581
-0.0387565366065901	1.70678933660408	117
-0.08083046882104	2.10285344436975	117
-0.00221454650350994	0.759468297825312	6382
-0.0304485609024301	0.571635312320433	117
-0.0123685868568799	0.795124800463189	6099
-0.0344921214570599	0.567056159779366	6099
-0.03970666869372	0.543652412550187	79
-0.0304485609024301	0.571635312320433	536
-0.03151586580405	0.574497786496295	536
-0.0303758862457899	0.568755687984731	3004
-0.0304485609024301	0.571635312320433	1502
0.10533396609464	2.31055388962113	944
-0.0107808871211601	0.788807393064317	60
-0.0367013826593099	0.571696966677706	60
-0.00692900236779992	0.825613110856424	536
-0.00613037548914996	0.815197966688513	536
0.0134465606694001	1.03841851553148	166
0.0303541910659799	1.30161752232412	6382
-0.06302360941263	1.4729983784	117
-0.07480532433853	1.44589401172379	117
-0.0612206697816899	2.22541545903168	79
-0.11737942317356	1.27075276155977	60
0.00152641773926998	2.2728819177584	536
-0.0129725363664801	0.726708363854674	166
-0.00146816014262008	0.797879294056104	172
-0.0248830558915101	1.49248281285842	200
0.01856744358428	1.02419421492499	475
0.0457283584760699	1.49890334353776	166
0.0198221072654901	1.03748039864953	79
0.03290481119103	1.32801507895	79
0.0376648846147101	1.52361196147658	60
0.0010588700785199	0.780185126113973	475
-0.10668535512435	1.12884570441515	91
-0.0344921214570599	0.567056159779366	1477
-0.0304485609024301	0.571635312320433	200
-0.00817041539660002	0.763066155947303	89
0.0182030184006201	0.992908854266555	1529
-0.00897787225391	0.73665672155104	99
-0.00380292046245989	0.792192513342636	164
0.0181850197409501	1.00240391812338	45
-0.00307444338271989	0.814556392712404	172
-0.00692900236779992	0.825613110856424	200
0.03490945058475	1.33394848020807	475
-0.00146816014262008	0.797879294056104	117
-0.0293083870492801	0.565957082481742	1477
-0.00459756972525005	0.794432996332145	200
-0.03151586580405	0.574497786496295	200
-0.02938203058712	0.554835342168621	6276
0.0239735622230699	0.955533876259556	475
-0.12110005666626	1.19469140296403	723
-0.0304485609024301	0.571635312320433	200
-0.00154543228416992	0.7747553771261	79
-0.119235882344	1.21794127301096	164
-0.0293083870492801	0.565957082481742	5061
-0.02666556475534	0.555316783803888	5061
-0.0692289251061	1.51660624739353	200
-0.0367013826593099	0.571696966677706	200
-0.02938203058712	0.554835342168621	99
-0.11954128380625	1.27521579834228	4697
-0.00873066636727993	0.800679377187348	166
-0.0340218366102001	1.65817489921035	172
-0.00953105276018995	0.79645385897965	223
-0.11727149013624	1.21059175150874	723
-0.0318493259185899	0.556375725071351	1526
-0.00227114232336989	0.809739230591547	200
-0.00367363733279991	0.771888888375357	826
0.01186767051615	1.01968032431682	44
0.00488471734523999	1.01290661909812	117
0.12403029965707	1.90644357898581	826
-0.0334209768129401	0.552979410527908	518
-0.0344921214570599	0.567056159779366	117
0.01154762653011	1.07802523492677	1073
0.0537937016547501	1.76211650130805	164
0.0150106029224399	1.03401220007445	164
-0.0303758862457899	0.568755687984731	45
-0.11398766495157	1.15849502146708	166
-0.03562965376205	0.57273266881158	4291
-0.00592842677396011	0.789136937394569	4291
-0.00206832376341004	0.779074857346418	2010
-0.11614334905343	1.94932781344776	166
0.0628143285398599	2.08423541372393	172
-0.03292188135986	0.555430504293838	200
-0.02938203058712	0.554835342168621	518
-0.0355640472947301	0.56605263232295	99
-0.03970666869372	0.543652412550187	1073
0.05087655080608	1.56339970890854	166
-0.11893643228044	1.28057715956658	5253
-0.0125870649166799	0.771343371113847	575
0.0502753386838599	1.48156584601033	842
0.00247934140159001	2.11953778432993	172
-0.03777389356595	0.556445841614653	172
0.0163235777334501	1.07055263824723	6446
-0.0293083870492801	0.565957082481742	99
-0.02938203058712	0.554835342168621	45
-0.0303758862457899	0.568755687984731	1241
-0.00918211019679993	0.764793081497614	166
-0.0304485609024301	0.571635312320433	3715
0.0293326921139001	1.29509056588825	172
-0.00280156163681	0.790316349450718	172
-0.0304485609024301	0.571635312320433	200
-0.00513093125787001	0.779798623153035	575
-0.03706397027604	0.534056234168037	1774
0.01280371353157	1.07398641746359	99
-0.0367013826593099	0.571696966677706	172
-0.0815259289225201	2.14141818075814	172
-0.03562965376205	0.57273266881158	575
0.0159927673476901	1.03621014360802	99
-0.00513093125787001	0.779798623153035	1280
0.000053622734160097	0.782030476528968	842
-0.00592842677396011	0.789136937394569	117
-0.11988863650925	1.22894868309687	575
-0.11503310412865	1.1504989695656	99
0.0080525598755401	1.05854878694201	842
-0.03656832092922	1.61718408003822	172
-0.11798360407107	1.27274693130997	412
-0.00488630237296994	0.787149946740264	99
0.01187621863653	0.936545865410488	842
0.0276560161727399	1.31216852360081	45
-0.08956842306394	2.07092982584684	6005
-0.000745747544439901	0.781039705255396	200
-0.0325839463761199	0.568939892639774	575
0.11665066060441	1.70060915227082	99
-0.03151586580405	0.574497786496295	6005
-0.06605500136674	2.28114239307501	117
-0.11929658625604	1.17703843596242	200
-0.0657976962265101	1.51716775406187	5029
0.0440807239175201	1.70131732993325	1280
0.0282047982154501	1.26129000382329	45
-0.06600014930246	1.45729083916219	45
-0.04356315432959	1.74361394564748	45
-0.0647307341138701	2.29570286043941	91
-0.00738116794289989	0.763845120504449	99
0.02914503410377	1.29627334909554	99
0.04720272844811	1.58452358946768	172
-0.0314441613901699	0.563341198905054	412
0.03602564275572	1.33749555814467	264
-0.03151586580405	0.574497786496295	575
-0.10824097256657	1.12816235823419	79
0.0204491219182601	1.03594462736779	172
-0.0334209768129401	0.552979410527908	172
-0.0367013826593099	0.571696966677706	2780
-0.03151586580405	0.574497786496295	842
0.01534732757642	1.00595787832712	412
-0.0043876173920101	0.788419104436732	575
-0.00280156163681	0.790316349450718	5029
-0.0344921214570599	0.567056159779366	842
-0.0334209768129401	0.552979410527908	2780
-0.0715810424805701	1.46054534855516	1173
0.06220676915799	2.26718885561496	412
-0.11737942317356	1.27075276155977	575
0.0530812640586	1.52521491182532	3341
-0.0169474115491	1.8749329462524	79
-0.03973617523813	1.63508737582891	1608
-0.11304683680271	1.24256218781789	172
-0.02666556475534	0.555316783803888	842
-0.00592842677396011	0.789136937394569	172
0.01662173454745	1.04011483766701	172
0.05851115578751	1.77988020197862	172
-0.01852305199662	1.80723966922797	412
0.0080525598755401	1.05854878694201	79
-0.00459756972525005	0.794432996332145	2780
-0.0043876173920101	0.788419104436732	3341
-0.0355640472947301	0.56605263232295	3341
-0.0367013826593099	0.571696966677706	3341
-0.06784515864417	1.50375631289575	6121
0.02501685760643	1.22287279062001	172
-0.11511893058879	1.86213821443345	3687
0.0672626286920099	2.06174613717988	2780
0.0286784561936699	1.31891806304235	3341
-0.0303758862457899	0.568755687984731	2780
-0.0303758862457899	0.568755687984731	575
-0.000537929014559957	0.772950282023242	299
0.06855386918925	2.0768255731893	299
-0.00408156091039991	0.788167237220455	332
0.0283660879738199	1.19267209722386	2780
-0.11460140029398	1.22363453187692	1379
-0.00977024684034	0.756344812182358	172
-0.0125870649166799	0.771343371113847	332
-0.11712303233	1.25092801563474	2780
0.0080525598755401	1.05854878694201	299
-0.03931272593881	1.77446667899808	299
0.02817792552237	1.21540639173977	1379
0.0198221072654901	1.03748039864953	1458
-0.01039546173517	0.706049737040376	412
0.11276851486268	1.97794811000445	45
-0.11390324443478	1.23032549733889	45
0.02454136237625	1.28856700968257	2780
-0.00227114232336989	0.809739230591547	44
0.0112233030383699	1.03777507391927	3003
-0.12362166348803	1.25102770682715	147
-0.00206832376341004	0.779074857346418	99
0.000260627095709953	0.779202075035729	172
-0.00873066636727993	0.800679377187348	172
-0.10952208826966	1.15453317478437	147
-0.0129725363664801	0.726708363854674	363
-0.12277885493227	1.21016888199968	2370
-0.11102305272868	1.17910000713311	3341
-0.02858836030454	1.91217555171273	299
-0.11772730665671	1.26892138777244	299
-0.02938203058712	0.554835342168621	842
-0.12181121705553	1.25572837896381	45
-0.0304485609024301	0.571635312320433	2622
-0.00953105276018995	0.79645385897965	193
-0.00380292046245989	0.792192513342636	299
-0.0123685868568799	0.795124800463189	99
-0.03562965376205	0.57273266881158	2698
-0.0130240028826401	1.93404805991702	884
0.11346474655089	1.49005997824811	193
-0.0163739811874399	0.728482599154869	691
-0.0367013826593099	0.571696966677706	2622
-0.00793059475501989	0.798417415156676	3003
-0.00227114232336989	0.809739230591547	261
-0.0293083870492801	0.565957082481742	880
-0.0303758862457899	0.568755687984731	780
0.03290481119103	1.32801507895	1698
-0.00227114232336989	0.809739230591547	1698
-0.0304485609024301	0.571635312320433	5378
-0.02938203058712	0.554835342168621	299
-0.03151586580405	0.574497786496295	913
-0.02938203058712	0.554835342168621	45
-0.0367013826593099	0.571696966677706	45
-0.0367013826593099	0.571696966677706	172
-0.02773368423247	0.557998868810911	106
-0.0115745763227	0.796023855040867	264
-0.0304485609024301	0.571635312320433	499
0.0010588700785199	0.780185126113973	47
-0.03151586580405	0.574497786496295	499
-0.02666556475534	0.555316783803888	442
-0.02938203058712	0.554835342168621	25
0.0156693562838499	1.04605027081691	418
0.0137773864775601	1.01379007955676	193
0.01629859197846	1.04450186890114	193
-0.00918211019679993	0.764793081497614	193
-0.11701347818045	1.21777809662782	985
-0.00738116794289989	0.763845120504449	47
-0.00817041539660002	0.763066155947303	3171
0.03648978287607	1.33271983607485	5193
-0.11519964048504	1.18555041308936	147
-0.0344921214570599	0.567056159779366	3597
0.0402163815932299	1.52319430610856	1698
0.01507155693692	1.06141108996677	1315
-0.12397139193975	1.21104034955123	193
-0.03562965376205	0.57273266881158	442
-0.0303758862457899	0.568755687984731	25
-0.0345587057766299	0.558314589078715	1315
0.0419404307990801	1.20121042647241	431
0.0217025175224199	1.01545993244347	780
-0.00408156091039991	0.788167237220455	3125
0.0505215438961899	1.00509067930683	4700
-0.12401641655193	1.90492392619202	172
-0.02938203058712	0.554835342168621	332
-0.00692900236779992	0.825613110856424	3148
-0.11545623262648	1.26661806416446	3125
0.02322149611265	1.21954464816006	94
-0.11329791231698	1.22567057278212	5722
-0.0265571925589101	1.50504179215917	332
0.02612474289218	1.29274915966998	1755
-0.03976611515909	0.539160558684856	3060
-0.0123685868568799	0.795124800463189	5722
0.0178790300168501	1.0314188532149	47
-0.00613037548914996	0.815197966688513	106
-0.02938203058712	0.554835342168621	1315
-0.0107808871211601	0.788807393064317	106
0.11349888733293	1.50356106377852	780
-0.03151586580405	0.574497786496295	94
-0.0304485609024301	0.571635312320433	3060
-0.0304485609024301	0.571635312320433	3060
-0.0367013826593099	0.571696966677706	271
0.0345622405685599	1.21925378921017	45
-0.0293083870492801	0.565957082481742	1893
-0.00793059475501989	0.798417415156676	271
0.0217025175224199	1.01545993244347	4700
-0.0286122367659201	1.62960635673786	2911
0.01124262171295	1.0218526462621	106
-0.00659223634215	0.75727910019049	1698
-0.11016550758567	1.2244709254744	47
-0.03151586580405	0.574497786496295	45
0.02232889874319	0.994433440020905	172
0.01662173454745	1.04011483766701	172
-0.03562965376205	0.57273266881158	106
0.01569767237446	1.06924991805415	106
-0.11390324443478	1.23032549733889	264
0.0535150983028601	2.06457858148207	499
-0.03151586580405	0.574497786496295	228
-0.01751334803278	1.87642563656669	1237
-0.06625523972921	1.53438100687853	271
-0.00327713990859002	0.783717765889225	409
-0.0647049921114999	1.52892246618061	4016
-0.11988863650925	1.22894868309687	106
-0.11956063691035	1.11537629416158	212
0.0428467099032499	1.54120155702626	47
-0.00200901475426996	0.780903871596455	499
-0.02773368423247	0.557998868810911	647
-0.000745747544439901	0.781039705255396	212
-0.00613037548914996	0.815197966688513	829
-0.0344921214570599	0.567056159779366	228
-0.03151586580405	0.574497786496295	884
-0.0334209768129401	0.552979410527908	6851
-0.03151586580405	0.574497786496295	106
-0.0325839463761199	0.568939892639774	106
0.0545389254994999	2.18096441538019	30
-0.02666556475534	0.555316783803888	228
-0.0064967476870601	0.768206149308251	212
-0.00280156163681	0.790316349450718	106
0.05142476726125	1.72731911910214	30
0.04768275923299	1.56970181952154	106
0.00165142088078007	0.766850978093335	389
0.12429249220924	1.49936394715575	3155
0.0502909035149499	1.74006429913368	1891
-0.07270628352839	1.51115363546227	3052
-0.0304485609024301	0.571635312320433	106
0.00870748602742011	0.994487718590945	409
0.11795994404642	2.14689313843738	1891
-0.0688044060125299	1.3940197962728	106
0.05290772888806	2.30487958951511	597
0.01190457072819	1.0006514654114	106
-0.00468200313562006	0.806443643796301	106
-0.0700291041813901	1.5290940752157	106
-0.01957100850115	1.88002973439155	389
0.05140555425196	1.62204677384365	106
0.05737014395811	2.09271891602693	1237
0.10774332312811	2.37491776875492	1237
0.0163235777334501	1.07055263824723	1237
-0.0304485609024301	0.571635312320433	1209
-0.0355640472947301	0.56605263232295	30
-0.0154412367050301	1.78961041947722	1891
-0.0344921214570599	0.567056159779366	106
-0.0064967476870601	0.768206149308251	106
-0.0702458466734599	2.26327708575142	106
0.0607967913920999	2.3283122357134	2581
-0.03251321356938	0.545959643614202	30
0.0153363413221099	1.00795128170192	30
-0.0366367554240601	0.551173840789553	94
-0.0344921214570599	0.567056159779366	3322
0.03490945058475	1.33394848020807	1237
-0.03292188135986	0.555430504293838	3014
0.06645700377176	2.12247052213439	106
0.01662173454745	1.04011483766701	1237
0.0147433637174501	1.03929494229751	1209
-0.0345587057766299	0.558314589078715	4936
-0.11677543427213	1.26123812958458	195
-0.0304485609024301	0.571635312320433	3597
-0.00307444338271989	0.814556392712404	2395
0.0159927673476901	1.03621014360802	1209
-0.03292188135986	0.555430504293838	1329
0.0412699533421499	1.23676516698725	30
-0.02559822113342	0.539640927704177	47
-0.0345587057766299	0.558314589078715	195
-0.0367013826593099	0.571696966677706	106
-0.03863106043718	0.534301128834276	106
-0.12181121705553	1.25572837896381	106
-0.0293083870492801	0.565957082481742	3597
-0.0750082764742801	1.44129746951922	30
-0.119235882344	1.21794127301096	3597
0.01537028940069	2.27093293541269	1237
0.02715075315964	1.27273430390054	1237
-0.04191772030698	0.538875467871723	30
-0.03863106043718	0.534301128834276	265
-0.11928349980264	1.22709323884195	106
-0.00973993949204011	1.6338130061437	265
-0.0304485609024301	0.571635312320433	30
0.0350175166625899	1.27194967515178	356
-0.00569136454788999	0.780761726457047	6449
0.0558911509781199	1.94392689532879	106
0.01889498906122	0.977327271445162	106
0.0250081438598999	1.28957961637391	3597
-0.0103317541774699	0.78515735496581	1329
-0.0408415240703699	0.548722359325435	106
-0.0684770278134701	1.52778860206346	106
-0.00408156091039991	0.788167237220455	195
0.01250121866638	1.07170477077639	195
-0.03970666869372	0.543652412550187	4021
0.01534732757642	1.00595787832712	1237
-0.07245374084679	1.51721757938044	2550
-0.12301799020321	1.26055897819918	106
-0.01615630342125	0.753196923060088	3597
-0.12453112781501	1.94757497699394	1237
-0.00932676316779002	0.811089448814033	94
0.01444523128736	1.04663922557496	106
-0.0751277503048999	1.48695172392773	106
-0.11609677906964	1.87228290050954	106
0.01694927314729	1.06524867968629	818
-0.0367013826593099	0.571696966677706	758
0.0384944347347	1.26165928452159	30
-0.0420941380606801	1.67544836429696	106
0.02877397269945	1.30825636984806	106
-0.0367013826593099	0.571696966677706	106
-0.04387225769301	0.508232706985773	106
-0.0188897645178201	1.8798377682083	106
-0.0115745763227	0.796023855040867	106
-0.0345587057766299	0.558314589078715	106
-0.0408415240703699	0.548722359325435	672
-0.02773368423247	0.557998868810911	930
-0.03706397027604	0.534056234168037	106
-0.0304485609024301	0.571635312320433	106
-0.0282416627159101	0.549555586451851	94
-0.0355640472947301	0.56605263232295	672
0.0109192649010299	1.07005854050363	106
-0.00873066636727993	0.800679377187348	94
-0.02938203058712	0.554835342168621	106
-0.03926496769538	1.70798165152827	106
0.11022326323262	1.92009425771723	3597
-0.0125870649166799	0.771343371113847	106
0.05280783011157	1.79956366949314	106
0.10238530286688	1.86549842564823	106
-0.00852719596529994	0.82341716190178	818
0.05949703820384	1.74306663992219	72
-0.00408156091039991	0.788167237220455	349
-0.0314441613901699	0.563341198905054	3159
-0.0176825251902499	1.92182269285724	106
0.00185680017540002	0.775806930948334	106
0.0131288819447	1.07301487731981	106
-0.0228167475699701	1.91583408244006	106
-0.0303758862457899	0.568755687984731	1325
0.01154762653011	1.07802523492677	98
0.0128222126359601	1.0481210354892	106
0.0411899103936	1.23272602545446	106
-0.12230319984227	1.87622105936391	106
0.0646778859442101	2.14407668476817	106
-0.0294973177964999	1.86344165255687	106
-0.00852719596529994	0.82341716190178	1058
-0.00953105276018995	0.79645385897965	106
-0.00873066636727993	0.800679377187348	597
-0.0303758862457899	0.568755687984731	529
-0.0304485609024301	0.571635312320433	349
0.03704748069118	1.33103279029937	3505
0.0147433637174501	1.03929494229751	106
-0.11329755212281	1.22495606083112	529
0.06062153581689	2.30601966181969	106
-0.00488630237296994	0.787149946740264	106
-0.0293083870492801	0.565957082481742	106
-0.00692900236779992	0.825613110856424	529
-0.0334209768129401	0.552979410527908	106
-0.01633239681273	2.04929676373131	106
-0.0450046022214201	0.512485231190145	986
-0.00387806357019005	0.813421648198263	106
-0.02938203058712	0.554835342168621	72
-0.00380292046245989	0.792192513342636	529
0.01250121866638	1.07170477077639	106
0.06503260880943	2.26415367922006	72
-0.01056294133632	0.762861907578392	779
-0.0115745763227	0.796023855040867	349
-0.03976611515909	0.539160558684856	106
-0.03151586580405	0.574497786496295	106
-0.03151586580405	0.574497786496295	151
-0.0304485609024301	0.571635312320433	529
-0.02559822113342	0.539640927704177	106
-0.02938203058712	0.554835342168621	106
-0.03562965376205	0.57273266881158	779
-0.0344921214570599	0.567056159779366	349
-0.0355640472947301	0.56605263232295	94
-0.0344921214570599	0.567056159779366	106
-0.00468200313562006	0.806443643796301	5620
-0.00977024684034	0.756344812182358	2324
-0.0367013826593099	0.571696966677706	1317
-0.0344921214570599	0.567056159779366	2834
-0.0344921214570599	0.567056159779366	779
-0.0344921214570599	0.567056159779366	2324
-0.0367013826593099	0.571696966677706	4249
-0.0344921214570599	0.567056159779366	986
-0.12146096463239	1.25462941575279	779
-0.03292188135986	0.555430504293838	349
-0.0344921214570599	0.567056159779366	349
-0.02666556475534	0.555316783803888	106
-0.02666556475534	0.555316783803888	106
-0.0318493259185899	0.556375725071351	106
-0.00672623415213991	0.79134967028298	4721
-0.0408415240703699	0.548722359325435	151
-0.00873066636727993	0.800679377187348	106
-0.03562965376205	0.57273266881158	986
-0.02938203058712	0.554835342168621	72
-0.02938203058712	0.554835342168621	779
0.0498415477752201	1.55220576427819	106
-0.0355640472947301	0.56605263232295	106
-0.02666556475534	0.555316783803888	986
-0.00592842677396011	0.789136937394569	349
-0.00168898163341003	2.14047014566227	349
-0.00873066636727993	0.800679377187348	106
-0.01140033845542	0.707516082587526	986
0.0371411468443501	1.31244018909752	56
-0.03863106043718	0.534301128834276	349
-0.00613037548914996	0.815197966688513	349
-0.04378450459511	1.71768854157458	106
-0.0117923820063499	0.764667242809514	72
-0.0107808871211601	0.788807393064317	662
-0.00692900236779992	0.825613110856424	1126
-0.0099726750134701	0.756755562097481	4267
0.0210759252923201	1.02879237100587	106
-0.00380292046245989	0.792192513342636	106
-0.07087272550992	1.46588567249248	484
-0.03562965376205	0.57273266881158	986
-0.00772794244596997	0.828052257466456	907
-0.00307444338271989	0.814556392712404	779
-0.0125870649166799	0.771343371113847	106
-0.02938203058712	0.554835342168621	8
-0.00327713990859002	0.783717765889225	56
-0.0304485609024301	0.571635312320433	72
-0.02938203058712	0.554835342168621	3291
-0.03077755268084	0.542923119444998	662
-0.0325839463761199	0.568939892639774	907
-0.0304485609024301	0.571635312320433	907
-0.02938203058712	0.554835342168621	907
-0.0314441613901699	0.563341198905054	349
-0.0293083870492801	0.565957082481742	1126
-0.0450046022214201	0.512485231190145	986
-0.0117923820063499	0.764667242809514	72
-0.03562965376205	0.57273266881158	72
-0.02773368423247	0.557998868810911	349
0.0504252476635401	1.45580619333292	1641
0.05552968407293	1.93582125733141	106
-0.0367013826593099	0.571696966677706	106
-0.03970666869372	0.543652412550187	1180
-0.0293083870492801	0.565957082481742	3291
-0.0366367554240601	0.551173840789553	3291
0.0413741155762799	1.53800492970948	72
-0.03151586580405	0.574497786496295	907
-0.0632614377594001	1.41793110743156	72
0.0308758285250299	1.26464559901777	72
-0.03151586580405	0.574497786496295	349
-0.07112205397552	1.49166288916041	106
0.00902844940829994	0.97987238413625	8
-0.00227114232336989	0.809739230591547	106
-0.02773368423247	0.557998868810911	106
-0.03562965376205	0.57273266881158	106
0.0376673459326	1.54080961974636	56
-0.0344921214570599	0.567056159779366	72
-0.0304485609024301	0.571635312320433	546
-0.00592842677396011	0.789136937394569	3445
0.01856744358428	1.02419421492499	8
-0.0125870649166799	0.771343371113847	56
-0.0325839463761199	0.568939892639774	4805
-0.00793059475501989	0.798417415156676	349
0.04141740093621	1.46503146291985	72
-0.0012661437964101	0.774732428798377	106
0.0224521708090499	1.25811056810858	72
-0.00300857946690991	0.78273781482693	1412
-0.0350817057548301	1.6352254670891	169
-0.00852719596529994	0.82341716190178	2828
-0.00713083767992995	0.788834197195954	2828
0.01660612005068	0.986989428469725	72
-0.0334209768129401	0.552979410527908	72
-0.00692900236779992	0.825613110856424	349
0.0457283584760699	1.49890334353776	1800
-0.0735484742586801	1.49715825470252	1800
-0.0293083870492801	0.565957082481742	349
0.0601569620218401	1.87932935862846	72
0.00155128654248005	2.11680297934166	4200
0.00709885874866001	1.01906538161607	72
-0.01996271469209	1.8353184356921	106
-0.00146816014262008	0.797879294056104	72
0.03403059603648	1.30014246995363	151
-0.11772730665671	1.26892138777244	460
0.0457283584760699	1.49890334353776	106
-0.0282416627159101	0.549555586451851	2589
-0.0449523735238999	0.508730382294737	1126
-0.00200901475426996	0.780903871596455	106
-0.00713083767992995	0.788834197195954	2275
0.00898016219127995	0.990763382954475	72
-0.00247303911621999	0.772786881082854	460
-0.02938203058712	0.554835342168621	1030
0.0159959400012399	1.03552463054954	72
-0.03562965376205	0.57273266881158	151
-0.0334209768129401	0.552979410527908	2589
-0.00227114232336989	0.809739230591547	106
-0.0367013826593099	0.571696966677706	106
-0.03151586580405	0.574497786496295	106
-0.04203377215513	1.73709934910618	1412
-0.0355640472947301	0.56605263232295	72
-0.0293083870492801	0.565957082481742	72
-0.00692900236779992	0.825613110856424	106
-0.0659036558208801	1.45354095579735	106
-0.0133820703279901	0.770538028725537	72
-0.03151586580405	0.574497786496295	72
-0.00613037548914996	0.815197966688513	1126
-0.00672623415213991	0.79134967028298	106
-0.01435938721817	0.721124927640378	72
-0.03151586580405	0.574497786496295	331
0.05511053064468	1.49489119023478	106
0.0381623610493	1.30622470343111	72
-0.00852719596529994	0.82341716190178	56
-0.07596651714799	1.2015350250592	72
0.02700176408503	1.26666134276712	460
0.00649118994001996	0.977382836493029	72
-0.12049396613387	1.22414171543213	460
0.0318938012575001	1.31767596216815	331
-0.02938203058712	0.554835342168621	72
-0.00633139489866008	0.765236915890719	3881
-0.02773368423247	0.557998868810911	106
-0.0304485609024301	0.571635312320433	106
-0.03077755268084	0.542923119444998	1105
-0.0304485609024301	0.571635312320433	56
-0.0115745763227	0.796023855040867	3881
-0.0282416627159101	0.549555586451851	460
-0.0408415240703699	0.548722359325435	460
-0.0334209768129401	0.552979410527908	1105
0.0286784561936699	1.31891806304235	460
-0.00772794244596997	0.828052257466456	1105
0.0434705398713799	1.57613411742145	72
0.0198221072654901	1.03748039864953	72
-0.0325839463761199	0.568939892639774	72
-0.03976611515909	0.539160558684856	6619
-0.00692900236779992	0.825613110856424	6619
-0.0355640472947301	0.56605263232295	6619
-0.00569136454788999	0.780761726457047	786
-0.00760193212923999	0.758984739697615	460
-0.0303758862457899	0.568755687984731	106
-0.00340944055894998	0.711340334959693	72
-0.0366367554240601	0.551173840789553	5832
-0.0318493259185899	0.556375725071351	106
-0.0304485609024301	0.571635312320433	106
-0.0304485609024301	0.571635312320433	2020
-0.0334209768129401	0.552979410527908	72
-0.0288025806515999	0.552844657042527	72
0.00657337998697005	0.697433841744781	302
-0.0367013826593099	0.571696966677706	6619
-0.0367013826593099	0.571696966677706	786
-0.12031227925556	1.91503035239071	106
-0.0378976407074401	1.56260278772532	319
-0.00895997895263001	0.755066931513989	319
-0.00613037548914996	0.815197966688513	56
0.0536255116726001	1.925690976016	72
-0.00307444338271989	0.814556392712404	72
0.0520467008177099	1.73965199071089	6239
0.00265441762760998	0.765071293216113	319
-0.03151586580405	0.574497786496295	786
-0.06402486041718	1.42199656824375	106
0.01793979428575	1.0088503973161	460
0.0297957851086299	1.31496121002925	106
-0.06893680597026	1.53336539358741	319
0.03347184533749	1.31596363630186	6220
0.0526862175118901	1.74853848718869	106
-0.119235882344	1.21794127301096	56
-0.11823813129112	1.19607206101409	72
-0.0303758862457899	0.568755687984731	556
0.02764737631948	1.26343050354698	641
-0.11928349980264	1.22709323884195	641
-0.02666556475534	0.555316783803888	786
-0.11988863650925	1.22894868309687	460
-0.0646095392299	2.33356818111108	841
-0.12404147704538	1.94552410794506	106
0.0118517258905599	1.03287603204612	106
0.02230551910482	1.21783932347922	3750
-0.00692900236779992	0.825613110856424	2830
-0.11641239245778	1.1885150092864	1591
0.0747737101311601	2.21066186820283	319
0.02501685760643	1.22287279062001	319
0.05854714803075	1.95382452458954	72
-0.00408156091039991	0.788167237220455	339
0.0324530354464401	1.30922762355125	319
-0.12217867483001	1.21565339220894	3750
-0.06968293497872	1.51051247049787	1132
0.0456992959045299	1.51278719466803	460
-0.01886190630137	1.97118617220837	56
0.0484588580304199	1.93547105164875	3750
-0.1186352237471	1.21199787397155	302
-0.03008944833757	1.59117510659012	339
-0.0394996288048399	1.66911566026743	302
0.0276560161727399	1.31216852360081	460
-0.00341174668906996	2.00189354379046	72
0.01569767237446	1.06924991805415	72
0.01154762653011	1.07802523492677	72
-0.0125870649166799	0.771343371113847	841
-0.01497304968674	0.741320796607461	72
-0.0043337473640499	0.756805491103141	319
-0.00387806357019005	0.813421648198263	1613
-0.0304485609024301	0.571635312320433	319
-0.00280156163681	0.790316349450718	72
0.01088525861402	1.02190954109304	72
-0.0151067154140501	2.02154509076569	106
0.0109192649010299	1.07005854050363	319
-0.0123685868568799	0.795124800463189	72
0.0381432107472901	1.53078350919652	72
-0.0654520778249601	1.46225225634141	1532
0.0121976561494599	1.05042695733591	460
0.03648978287607	1.33271983607485	319
0.0185282355506899	1.01787493166558	319
0.01375633365689	1.06770834348018	319
-0.0303758862457899	0.568755687984731	319
-0.00692900236779992	0.825613110856424	72
-0.03562965376205	0.57273266881158	1103
-0.0355640472947301	0.56605263232295	106
0.12068349836253	1.53885224854417	106
-0.0355640472947301	0.56605263232295	2861
-0.00592842677396011	0.789136937394569	246
-0.0325839463761199	0.568939892639774	319
-0.0367013826593099	0.571696966677706	319
-0.11364347597003	1.22165839929558	460
0.06132544717807	2.3085086627647	20
-0.00793059475501989	0.798417415156676	2997
-0.04191772030698	0.538875467871723	555
-0.0288025806515999	0.552844657042527	460
-0.02773368423247	0.557998868810911	665
-0.03562965376205	0.57273266881158	189
-0.0293083870492801	0.565957082481742	555
-0.0288025806515999	0.552844657042527	189
-0.0293083870492801	0.565957082481742	246
-0.03863106043718	0.534301128834276	246
-0.00533206156837007	0.789578545729056	319
-0.03151586580405	0.574497786496295	4825
-0.10981620298919	1.18737864999257	186
-0.00300857946690991	0.78273781482693	470
-0.0422968699044	1.67163894650799	246
0.0376106918536701	1.25441374482983	246
-0.0325839463761199	0.568939892639774	339
-0.000745747544439901	0.781039705255396	186
-0.01973873175501	0.681224542788817	3237
-0.0325839463761199	0.568939892639774	950
-0.03151586580405	0.574497786496295	52
-0.0355640472947301	0.56605263232295	72
-0.03151586580405	0.574497786496295	555
-0.03976611515909	0.539160558684856	555
-0.0293083870492801	0.565957082481742	555
-0.0367013826593099	0.571696966677706	72
-0.0345587057766299	0.558314589078715	460
-0.00692900236779992	0.825613110856424	3856
-0.0293083870492801	0.565957082481742	3236
-0.11703015133158	1.2119217449165	3237
-0.02666556475534	0.555316783803888	555
-0.000246766341919891	2.1316043830661	3237
0.04248613608077	1.56775472062165	72
-0.00327713990859002	0.783717765889225	460
0.0525633866314099	1.52018009676097	3237
0.0536783191005601	1.50983719028852	186
-0.02773368423247	0.557998868810911	52
-0.0117923820063499	0.764667242809514	186
-0.11641017218368	1.22952236552675	20
0.01059466776192	1.03659951281989	72
0.01154762653011	1.07802523492677	189
0.0109192649010299	1.07005854050363	189
-0.0293083870492801	0.565957082481742	1787
0.0376106918536701	1.25441374482983	1682
0.0533975326347	1.9853556414016	186
0.0496487829211401	1.73047732201699	72
0.0115728910788899	1.04573262019449	72
-0.06116124751394	2.15662159480924	202
-0.00692900236779992	0.825613110856424	186
-0.12241450809671	1.26215294462544	591
-0.00459756972525005	0.794432996332145	189
-0.00488630237296994	0.787149946740264	1640
-0.0702308302161301	1.50846992178957	186
0.01662173454745	1.04011483766701	591
0.11838526473306	1.92902925457219	186
-0.00146816014262008	0.797879294056104	202
-0.0304485609024301	0.571635312320433	1709
-0.03562965376205	0.57273266881158	591
-0.12146096463239	1.25462941575279	446
-0.0314441613901699	0.563341198905054	1538
0.0224049115795699	2.45760034937087	1474
-0.0494621249843099	1.59783611516107	555
0.0287620490123299	1.2516923839974	202
0.0323473303480399	1.33382999085544	202
0.000260627095709953	0.779202075035729	72
0.0344466345288299	1.29183554659044	72
0.0266827847019799	1.28261301620124	591
0.03328396588127	1.26296189034031	202
-0.0121492910765399	0.754144054286508	202
0.0224521708090499	1.25811056810858	202
0.00963322592308002	1.05023164253597	72
-0.0882495255931901	2.06605246281684	202
-0.0304485609024301	0.571635312320433	3135
-0.0318493259185899	0.556375725071351	3135
-0.00387806357019005	0.813421648198263	1123
-0.0304485609024301	0.571635312320433	1349
-0.0303758862457899	0.568755687984731	1349
-0.02491275682145	1.86473854620046	1474
-0.00918211019679993	0.764793081497614	202
-0.02666556475534	0.555316783803888	3135
-0.03976611515909	0.539160558684856	3135
0.03538598197584	1.48948902833373	202
0.04613075915558	1.55197173150809	6731
-0.0402946685458501	1.70357798949842	20
0.03393319223186	1.30313849678496	20
0.0506512757433499	1.45866922336184	20
-0.11641017218368	1.22952236552675	72
-0.00200901475426996	0.780903871596455	3135
-0.0209495172493499	1.88365926749471	3135
0.00159412900701006	1.94521379127735	202
0.04243548098449	1.5799839617326	6731
-0.12198907195228	2.39344544742438	6731
0.03695552999694	1.27262732100279	555
-0.12241450809671	1.26215294462544	555
0.00742552727008006	1.05377951218591	555
-0.11753324223731	2.43986921268792	1474
-0.00692900236779992	0.825613110856424	20
-0.0355640472947301	0.56605263232295	72
-0.00408156091039991	0.788167237220455	3135
-0.00692900236779992	0.825613110856424	3135
-0.0156107607403	1.9807589178331	72
-0.0450046022214201	0.512485231190145	1499
0.01408262136641	1.02387943108031	555
0.0169276143616199	1.0372521527653	20
0.11982084490544	2.20429158911159	1499
0.03172929834043	1.20602819643497	313
-0.0367013826593099	0.571696966677706	72
0.05487901723559	1.90895152023813	555
-0.0344921214570599	0.567056159779366	1499
-0.00146816014262008	0.797879294056104	555
-0.00873066636727993	0.800679377187348	555
0.0306738584489501	1.30590711857625	1607
-0.02666556475534	0.555316783803888	72
-0.0334209768129401	0.552979410527908	4883
-0.00459756972525005	0.794432996332145	2510
-0.00873066636727993	0.800679377187348	694
-0.00692900236779992	0.825613110856424	1607
-0.0124411265623401	1.96391382856078	555
-0.11137292594135	1.22765161991285	20
-0.00852719596529994	0.82341716190178	72
-0.119235882344	1.21794127301096	555
-0.00217410169458998	2.30131617756424	313
-0.04078306456226	0.53403404521053	72
0.0153635869890401	1.02679058030927	72
0.12493784284044	1.98112441449201	555
0.0413318716476601	1.53664018224509	196
-0.06893680597026	1.53336539358741	72
-0.0639038038212101	1.43777455052076	153
0.0509155788828499	1.57031857819169	153
-0.00695832268371999	2.10159572330959	196
0.07352405812459	2.00807911616222	153
0.03123185407292	1.32282249929789	72
0.0440807239175201	1.70131732993325	694
-0.0773648020429101	2.24849969503741	72
-0.12120811696678	1.24063807869159	72
0.0702867371745499	1.83522251736364	72
-0.11486064386514	1.83132766174067	153
-0.00280156163681	0.790316349450718	393
0.0361594901964899	1.75091503808472	2651
0.05094182750615	1.46072701842569	2651
-0.00772794244596997	0.828052257466456	3151
-0.0043337473640499	0.756805491103141	313
-0.03151586580405	0.574497786496295	563
-0.03151586580405	0.574497786496295	393
-0.02938203058712	0.554835342168621	313
-0.0325839463761199	0.568939892639774	196
-0.03562965376205	0.57273266881158	2651
-0.11727149013624	1.21059175150874	686
0.05192666799491	1.72281834674537	393
-0.03777389356595	0.556445841614653	1664
0.049403342645	1.5741718436526	2651
0.11346474655089	1.49005997824811	153
0.06270670952637	1.84043157783033	686
0.05164024441577	1.70555946221956	6394
0.0313505407782699	1.04082066339805	313
0.00165142088078007	0.766850978093335	2651
-0.0303758862457899	0.568755687984731	6394
0.01886899769258	1.00956025535441	313
-0.03976611515909	0.539160558684856	72
-0.03151586580405	0.574497786496295	72
0.0057803352946999	0.71750679393929	153
-0.12256271563613	1.17976870213831	313
-0.03251321356938	0.545959643614202	72
-0.0861522330095299	2.1407509156666	72
0.02459834512954	0.954213720102239	313
0.04065761253338	1.50029433287302	368
-0.0359877239483	0.525092461063987	368
-0.11667151869736	1.2047163254536	72
0.02764737631948	1.26343050354698	72
-0.00713083767992995	0.788834197195954	368
-0.00146816014262008	0.797879294056104	368
-0.11737942317356	1.27075276155977	4307
-0.0410295958453299	2.41523548736216	72
-0.11216484212908	1.86942386401786	153
0.01124262171295	1.0218526462621	1171
0.0322573302543001	1.31656384984255	368
0.0178790300168501	1.0314188532149	368
0.00552528821117004	0.939422386278791	864
-0.00865684793333998	1.78840091790461	1396
0.0517461836794899	1.75099033552724	1396
0.01662173454745	1.04011483766701	368
0.0612050947663001	1.73661889761234	3517
-0.11072051964429	1.16401771239943	368
0.0361947560848599	1.11801130122592	3517
0.03389753331968	1.2633299179859	3517
-0.06977669424614	1.50718167972347	2886
0.0820895862136699	2.24987169931172	2474
0.00689218546941994	1.94970543722718	2474
0.0619108382191	2.12683366510019	2474
0.0708543884616399	2.44153271734821	2886
